30064771072,68719477086,ARGUMENT
30064771072,90194313277,ARGUMENT
30064771073,68719477089,ARGUMENT
30064771073,90194313278,ARGUMENT
30064771074,68719477092,ARGUMENT
30064771074,90194313279,ARGUMENT
30064771075,68719477095,ARGUMENT
30064771075,90194313280,ARGUMENT
30064771076,68719477098,ARGUMENT
30064771076,90194313281,ARGUMENT
30064771077,68719477101,ARGUMENT
30064771077,90194313282,ARGUMENT
30064771078,68719477104,ARGUMENT
30064771078,90194313283,ARGUMENT
30064771079,68719477107,ARGUMENT
30064771079,90194313284,ARGUMENT
30064771080,68719477110,ARGUMENT
30064771080,90194313285,ARGUMENT
30064771081,30064771082,ARGUMENT
30064771082,68719476737,ARGUMENT
30064771083,68719476736,ARGUMENT
30064771083,55834574848,ARGUMENT
30064771084,68719476741,ARGUMENT
30064771084,25769803777,ARGUMENT
30064771085,30064771086,ARGUMENT
30064771085,55834574850,ARGUMENT
30064771086,68719476738,ARGUMENT
30064771086,30064771087,ARGUMENT
30064771087,68719476740,ARGUMENT
30064771087,90194313216,ARGUMENT
30064771088,68719476739,ARGUMENT
30064771088,55834574849,ARGUMENT
30064771089,30064771090,ARGUMENT
30064771089,90194313217,ARGUMENT
30064771090,68719476742,ARGUMENT
30064771090,55834574851,ARGUMENT
30064771091,68719476745,ARGUMENT
30064771091,25769803778,ARGUMENT
30064771092,68719476744,ARGUMENT
30064771092,55834574852,ARGUMENT
30064771093,30064771094,ARGUMENT
30064771093,90194313218,ARGUMENT
30064771094,68719476746,ARGUMENT
30064771094,55834574853,ARGUMENT
30064771095,30064771096,ARGUMENT
30064771095,90194313219,ARGUMENT
30064771096,68719476747,ARGUMENT
30064771096,55834574854,ARGUMENT
30064771097,68719476753,ARGUMENT
30064771097,25769803779,ARGUMENT
30064771098,30064771099,ARGUMENT
30064771098,55834574856,ARGUMENT
30064771099,68719476750,ARGUMENT
30064771099,30064771100,ARGUMENT
30064771100,68719476752,ARGUMENT
30064771100,90194313220,ARGUMENT
30064771101,68719476751,ARGUMENT
30064771101,55834574855,ARGUMENT
30064771102,30064771103,ARGUMENT
30064771102,30064771104,ARGUMENT
30064771103,68719476754,ARGUMENT
30064771103,55834574857,ARGUMENT
30064771104,68719476755,ARGUMENT
30064771104,55834574858,ARGUMENT
30064771105,68719476757,ARGUMENT
30064771105,30064771106,ARGUMENT
30064771106,68719476758,ARGUMENT
30064771106,55834574859,ARGUMENT
30064771107,68719476759,ARGUMENT
30064771107,30064771108,ARGUMENT
30064771108,68719476760,ARGUMENT
30064771108,55834574860,ARGUMENT
30064771109,68719476762,ARGUMENT
30064771110,68719476766,ARGUMENT
30064771110,25769803786,ARGUMENT
30064771111,30064771112,ARGUMENT
30064771111,55834574862,ARGUMENT
30064771112,68719476763,ARGUMENT
30064771112,30064771113,ARGUMENT
30064771113,68719476765,ARGUMENT
30064771113,90194313221,ARGUMENT
30064771114,68719476764,ARGUMENT
30064771114,55834574861,ARGUMENT
30064771115,30064771116,ARGUMENT
30064771115,90194313222,ARGUMENT
30064771116,68719476767,ARGUMENT
30064771116,55834574863,ARGUMENT
30064771117,68719476769,ARGUMENT
30064771117,30064771118,ARGUMENT
30064771118,30064771119,ARGUMENT
30064771119,68719476771,ARGUMENT
30064771119,68719476772,ARGUMENT
30064771120,68719476770,ARGUMENT
30064771120,55834574864,ARGUMENT
30064771121,68719476774,ARGUMENT
30064771121,25769803787,ARGUMENT
30064771122,68719476773,ARGUMENT
30064771122,55834574865,ARGUMENT
30064771123,30064771124,ARGUMENT
30064771123,68719476776,ARGUMENT
30064771124,68719476775,ARGUMENT
30064771124,55834574866,ARGUMENT
30064771125,68719476782,ARGUMENT
30064771125,25769803788,ARGUMENT
30064771126,30064771127,ARGUMENT
30064771126,55834574868,ARGUMENT
30064771127,68719476779,ARGUMENT
30064771127,30064771128,ARGUMENT
30064771128,68719476781,ARGUMENT
30064771128,90194313223,ARGUMENT
30064771129,68719476780,ARGUMENT
30064771129,55834574867,ARGUMENT
30064771130,30064771131,ARGUMENT
30064771130,30064771132,ARGUMENT
30064771131,68719476783,ARGUMENT
30064771131,55834574869,ARGUMENT
30064771132,68719476784,ARGUMENT
30064771132,55834574870,ARGUMENT
30064771133,68719476786,ARGUMENT
30064771133,30064771134,ARGUMENT
30064771134,68719476787,ARGUMENT
30064771134,55834574871,ARGUMENT
30064771135,68719476788,ARGUMENT
30064771135,30064771136,ARGUMENT
30064771136,68719476789,ARGUMENT
30064771136,55834574872,ARGUMENT
30064771137,68719476790,ARGUMENT
30064771137,30064771138,ARGUMENT
30064771138,68719476791,ARGUMENT
30064771138,55834574873,ARGUMENT
30064771139,68719476792,ARGUMENT
30064771139,30064771140,ARGUMENT
30064771140,68719476793,ARGUMENT
30064771140,55834574874,ARGUMENT
30064771141,68719476795,ARGUMENT
30064771142,68719476799,ARGUMENT
30064771142,25769803794,ARGUMENT
30064771143,30064771144,ARGUMENT
30064771143,55834574876,ARGUMENT
30064771144,68719476796,ARGUMENT
30064771144,30064771145,ARGUMENT
30064771145,68719476798,ARGUMENT
30064771145,90194313224,ARGUMENT
30064771146,68719476797,ARGUMENT
30064771146,55834574875,ARGUMENT
30064771147,30064771148,ARGUMENT
30064771147,90194313225,ARGUMENT
30064771148,68719476800,ARGUMENT
30064771148,55834574877,ARGUMENT
30064771149,68719476802,ARGUMENT
30064771150,68719476806,ARGUMENT
30064771150,25769803795,ARGUMENT
30064771151,30064771152,ARGUMENT
30064771151,55834574879,ARGUMENT
30064771152,68719476803,ARGUMENT
30064771152,30064771153,ARGUMENT
30064771153,68719476805,ARGUMENT
30064771153,90194313226,ARGUMENT
30064771154,68719476804,ARGUMENT
30064771154,55834574878,ARGUMENT
30064771155,30064771156,ARGUMENT
30064771155,90194313227,ARGUMENT
30064771156,68719476807,ARGUMENT
30064771156,55834574880,ARGUMENT
30064771157,68719476809,ARGUMENT
30064771157,30064771158,ARGUMENT
30064771158,30064771159,ARGUMENT
30064771158,30064771160,ARGUMENT
30064771159,68719476810,ARGUMENT
30064771159,90194313228,ARGUMENT
30064771160,68719476811,ARGUMENT
30064771160,90194313229,ARGUMENT
30064771161,68719476813,ARGUMENT
30064771161,30064771162,ARGUMENT
30064771162,30064771163,ARGUMENT
30064771163,68719476815,ARGUMENT
30064771163,68719476816,ARGUMENT
30064771163,68719476817,ARGUMENT
30064771164,68719476814,ARGUMENT
30064771164,55834574881,ARGUMENT
30064771165,68719476818,ARGUMENT
30064771165,30064771166,ARGUMENT
30064771166,30064771167,ARGUMENT
30064771167,68719476820,ARGUMENT
30064771167,68719476821,ARGUMENT
30064771167,68719476822,ARGUMENT
30064771167,68719476823,ARGUMENT
30064771168,68719476819,ARGUMENT
30064771168,55834574882,ARGUMENT
30064771169,68719476825,ARGUMENT
30064771169,25769803796,ARGUMENT
30064771170,68719476824,ARGUMENT
30064771170,55834574883,ARGUMENT
30064771171,30064771172,ARGUMENT
30064771171,68719476827,ARGUMENT
30064771172,68719476826,ARGUMENT
30064771172,55834574884,ARGUMENT
30064771173,68719476833,ARGUMENT
30064771173,25769803797,ARGUMENT
30064771174,30064771175,ARGUMENT
30064771174,55834574886,ARGUMENT
30064771175,68719476830,ARGUMENT
30064771175,30064771176,ARGUMENT
30064771176,68719476832,ARGUMENT
30064771176,90194313230,ARGUMENT
30064771177,68719476831,ARGUMENT
30064771177,55834574885,ARGUMENT
30064771178,30064771179,ARGUMENT
30064771178,30064771180,ARGUMENT
30064771179,68719476834,ARGUMENT
30064771179,55834574887,ARGUMENT
30064771180,68719476835,ARGUMENT
30064771180,55834574888,ARGUMENT
30064771181,68719476837,ARGUMENT
30064771181,30064771182,ARGUMENT
30064771182,68719476838,ARGUMENT
30064771182,55834574889,ARGUMENT
30064771183,68719476839,ARGUMENT
30064771183,30064771184,ARGUMENT
30064771184,68719476840,ARGUMENT
30064771184,55834574890,ARGUMENT
30064771185,68719476842,ARGUMENT
30064771186,68719476846,ARGUMENT
30064771186,25769803806,ARGUMENT
30064771187,30064771188,ARGUMENT
30064771187,55834574892,ARGUMENT
30064771188,68719476843,ARGUMENT
30064771188,30064771189,ARGUMENT
30064771189,68719476845,ARGUMENT
30064771189,90194313231,ARGUMENT
30064771190,68719476844,ARGUMENT
30064771190,55834574891,ARGUMENT
30064771191,30064771192,ARGUMENT
30064771191,90194313232,ARGUMENT
30064771192,68719476847,ARGUMENT
30064771192,55834574893,ARGUMENT
30064771193,68719476850,ARGUMENT
30064771193,30064771195,ARGUMENT
30064771194,68719476849,ARGUMENT
30064771194,55834574894,ARGUMENT
30064771195,90194313233,ARGUMENT
30064771195,68719476851,ARGUMENT
30064771195,90194313234,ARGUMENT
30064771196,68719476852,ARGUMENT
30064771196,30064771197,ARGUMENT
30064771197,30064771198,ARGUMENT
30064771198,68719476854,ARGUMENT
30064771198,68719476855,ARGUMENT
30064771199,68719476853,ARGUMENT
30064771199,55834574895,ARGUMENT
30064771200,68719476857,ARGUMENT
30064771200,90194313235,ARGUMENT
30064771201,68719476856,ARGUMENT
30064771201,55834574896,ARGUMENT
30064771202,68719476858,ARGUMENT
30064771202,30064771203,ARGUMENT
30064771203,68719476860,ARGUMENT
30064771203,68719476861,ARGUMENT
30064771204,68719476863,ARGUMENT
30064771204,90194313236,ARGUMENT
30064771205,68719476862,ARGUMENT
30064771205,55834574897,ARGUMENT
30064771206,30064771207,ARGUMENT
30064771207,68719476865,ARGUMENT
30064771207,68719476866,ARGUMENT
30064771207,68719476867,ARGUMENT
30064771208,68719476869,ARGUMENT
30064771208,90194313237,ARGUMENT
30064771209,68719476868,ARGUMENT
30064771209,55834574898,ARGUMENT
30064771210,68719476871,ARGUMENT
30064771210,25769803807,ARGUMENT
30064771211,68719476870,ARGUMENT
30064771211,55834574899,ARGUMENT
30064771212,30064771213,ARGUMENT
30064771212,68719476873,ARGUMENT
30064771213,68719476872,ARGUMENT
30064771213,55834574900,ARGUMENT
30064771214,30064771215,ARGUMENT
30064771214,68719476875,ARGUMENT
30064771215,68719476874,ARGUMENT
30064771215,55834574901,ARGUMENT
30064771216,30064771217,ARGUMENT
30064771216,68719476877,ARGUMENT
30064771217,68719476876,ARGUMENT
30064771217,55834574902,ARGUMENT
30064771218,30064771219,ARGUMENT
30064771218,90194313238,ARGUMENT
30064771219,68719476878,ARGUMENT
30064771219,55834574903,ARGUMENT
30064771220,68719476882,ARGUMENT
30064771220,90194313239,ARGUMENT
30064771220,30064771222,ARGUMENT
30064771221,68719476881,ARGUMENT
30064771221,55834574904,ARGUMENT
30064771222,68719476883,ARGUMENT
30064771222,55834574905,ARGUMENT
30064771223,68719476887,ARGUMENT
30064771223,25769803808,ARGUMENT
30064771224,30064771225,ARGUMENT
30064771224,55834574907,ARGUMENT
30064771225,68719476884,ARGUMENT
30064771225,30064771226,ARGUMENT
30064771226,68719476886,ARGUMENT
30064771226,90194313240,ARGUMENT
30064771227,68719476885,ARGUMENT
30064771227,55834574906,ARGUMENT
30064771228,30064771229,ARGUMENT
30064771228,30064771230,ARGUMENT
30064771229,68719476888,ARGUMENT
30064771229,55834574908,ARGUMENT
30064771230,68719476889,ARGUMENT
30064771230,55834574909,ARGUMENT
30064771231,68719476891,ARGUMENT
30064771231,30064771232,ARGUMENT
30064771232,68719476892,ARGUMENT
30064771232,55834574910,ARGUMENT
30064771233,68719476893,ARGUMENT
30064771233,30064771234,ARGUMENT
30064771234,68719476894,ARGUMENT
30064771234,55834574911,ARGUMENT
30064771235,68719476896,ARGUMENT
30064771236,68719476900,ARGUMENT
30064771236,25769803814,ARGUMENT
30064771237,30064771238,ARGUMENT
30064771237,55834574913,ARGUMENT
30064771238,68719476897,ARGUMENT
30064771238,30064771239,ARGUMENT
30064771239,68719476899,ARGUMENT
30064771239,90194313241,ARGUMENT
30064771240,68719476898,ARGUMENT
30064771240,55834574912,ARGUMENT
30064771241,30064771242,ARGUMENT
30064771241,90194313242,ARGUMENT
30064771242,68719476901,ARGUMENT
30064771242,55834574914,ARGUMENT
30064771243,68719476904,ARGUMENT
30064771243,30064771245,ARGUMENT
30064771244,68719476903,ARGUMENT
30064771244,55834574915,ARGUMENT
30064771245,90194313243,ARGUMENT
30064771245,68719476905,ARGUMENT
30064771245,90194313244,ARGUMENT
30064771246,68719476906,ARGUMENT
30064771246,30064771247,ARGUMENT
30064771247,30064771248,ARGUMENT
30064771248,68719476908,ARGUMENT
30064771248,68719476909,ARGUMENT
30064771249,68719476910,ARGUMENT
30064771250,68719476914,ARGUMENT
30064771250,25769803815,ARGUMENT
30064771251,30064771252,ARGUMENT
30064771251,55834574917,ARGUMENT
30064771252,68719476911,ARGUMENT
30064771252,30064771253,ARGUMENT
30064771253,68719476913,ARGUMENT
30064771253,90194313245,ARGUMENT
30064771254,68719476912,ARGUMENT
30064771254,55834574916,ARGUMENT
30064771255,30064771256,ARGUMENT
30064771255,90194313246,ARGUMENT
30064771256,68719476915,ARGUMENT
30064771256,55834574918,ARGUMENT
30064771257,30064771258,ARGUMENT
30064771257,90194313247,ARGUMENT
30064771258,68719476916,ARGUMENT
30064771258,55834574919,ARGUMENT
30064771259,68719476919,ARGUMENT
30064771259,25769803816,ARGUMENT
30064771260,68719476918,ARGUMENT
30064771260,55834574920,ARGUMENT
30064771261,30064771262,ARGUMENT
30064771261,30064771263,ARGUMENT
30064771262,68719476920,ARGUMENT
30064771262,55834574921,ARGUMENT
30064771263,68719476921,ARGUMENT
30064771263,55834574922,ARGUMENT
30064771264,30064771265,ARGUMENT
30064771264,30064771266,ARGUMENT
30064771265,68719476922,ARGUMENT
30064771265,55834574923,ARGUMENT
30064771266,68719476923,ARGUMENT
30064771266,55834574924,ARGUMENT
30064771267,30064771268,ARGUMENT
30064771267,25769803817,ARGUMENT
30064771268,68719476924,ARGUMENT
30064771268,55834574925,ARGUMENT
30064771269,30064771270,ARGUMENT
30064771269,30064771271,ARGUMENT
30064771270,68719476925,ARGUMENT
30064771270,55834574926,ARGUMENT
30064771271,68719476926,ARGUMENT
30064771271,55834574927,ARGUMENT
30064771272,30064771273,ARGUMENT
30064771272,30064771274,ARGUMENT
30064771273,68719476927,ARGUMENT
30064771273,55834574928,ARGUMENT
30064771274,68719476928,ARGUMENT
30064771274,55834574929,ARGUMENT
30064771275,30064771276,ARGUMENT
30064771275,30064771277,ARGUMENT
30064771276,68719476929,ARGUMENT
30064771276,55834574930,ARGUMENT
30064771277,68719476930,ARGUMENT
30064771277,55834574931,ARGUMENT
30064771278,30064771279,ARGUMENT
30064771278,30064771280,ARGUMENT
30064771279,68719476932,ARGUMENT
30064771279,55834574932,ARGUMENT
30064771280,68719476933,ARGUMENT
30064771280,55834574933,ARGUMENT
30064771281,68719476937,ARGUMENT
30064771281,90194313248,ARGUMENT
30064771281,30064771283,ARGUMENT
30064771282,68719476936,ARGUMENT
30064771282,55834574934,ARGUMENT
30064771283,68719476938,ARGUMENT
30064771283,55834574935,ARGUMENT
30064771284,68719476942,ARGUMENT
30064771284,25769803818,ARGUMENT
30064771285,30064771286,ARGUMENT
30064771285,55834574937,ARGUMENT
30064771286,68719476939,ARGUMENT
30064771286,30064771287,ARGUMENT
30064771287,68719476941,ARGUMENT
30064771287,90194313249,ARGUMENT
30064771288,68719476940,ARGUMENT
30064771288,55834574936,ARGUMENT
30064771289,30064771290,ARGUMENT
30064771289,30064771291,ARGUMENT
30064771290,68719476943,ARGUMENT
30064771290,55834574938,ARGUMENT
30064771291,68719476944,ARGUMENT
30064771291,55834574939,ARGUMENT
30064771292,68719476946,ARGUMENT
30064771292,30064771293,ARGUMENT
30064771293,68719476947,ARGUMENT
30064771293,55834574940,ARGUMENT
30064771294,68719476948,ARGUMENT
30064771294,30064771295,ARGUMENT
30064771295,68719476949,ARGUMENT
30064771295,55834574941,ARGUMENT
30064771296,68719476951,ARGUMENT
30064771297,68719476955,ARGUMENT
30064771297,25769803825,ARGUMENT
30064771298,30064771299,ARGUMENT
30064771298,55834574943,ARGUMENT
30064771299,68719476952,ARGUMENT
30064771299,30064771300,ARGUMENT
30064771300,68719476954,ARGUMENT
30064771300,90194313250,ARGUMENT
30064771301,68719476953,ARGUMENT
30064771301,55834574942,ARGUMENT
30064771302,30064771303,ARGUMENT
30064771302,90194313251,ARGUMENT
30064771303,68719476956,ARGUMENT
30064771303,55834574944,ARGUMENT
30064771304,68719476959,ARGUMENT
30064771304,30064771306,ARGUMENT
30064771305,68719476958,ARGUMENT
30064771305,55834574945,ARGUMENT
30064771306,90194313252,ARGUMENT
30064771306,68719476960,ARGUMENT
30064771306,90194313253,ARGUMENT
30064771307,68719476961,ARGUMENT
30064771307,30064771308,ARGUMENT
30064771308,30064771309,ARGUMENT
30064771309,68719476963,ARGUMENT
30064771309,30064771310,ARGUMENT
30064771310,68719476964,ARGUMENT
30064771311,30064771312,ARGUMENT
30064771311,30064771313,ARGUMENT
30064771312,68719476965,ARGUMENT
30064771313,30064771314,ARGUMENT
30064771313,90194313254,ARGUMENT
30064771314,68719476966,ARGUMENT
30064771314,55834574946,ARGUMENT
30064771315,68719476968,ARGUMENT
30064771315,25769803826,ARGUMENT
30064771316,68719476967,ARGUMENT
30064771316,55834574947,ARGUMENT
30064771317,30064771318,ARGUMENT
30064771317,30064771319,ARGUMENT
30064771318,68719476969,ARGUMENT
30064771318,55834574948,ARGUMENT
30064771320,30064771321,ARGUMENT
30064771320,90194313255,ARGUMENT
30064771321,68719476970,ARGUMENT
30064771321,55834574949,ARGUMENT
30064771322,68719476973,ARGUMENT
30064771322,25769803827,ARGUMENT
30064771323,68719476972,ARGUMENT
30064771323,55834574950,ARGUMENT
30064771324,30064771325,ARGUMENT
30064771324,30064771326,ARGUMENT
30064771325,68719476974,ARGUMENT
30064771325,55834574951,ARGUMENT
30064771326,68719476975,ARGUMENT
30064771327,30064771328,ARGUMENT
30064771327,68719476977,ARGUMENT
30064771328,68719476976,ARGUMENT
30064771328,55834574952,ARGUMENT
30064771329,68719476981,ARGUMENT
30064771329,90194313256,ARGUMENT
30064771329,30064771331,ARGUMENT
30064771330,68719476980,ARGUMENT
30064771330,55834574953,ARGUMENT
30064771331,68719476982,ARGUMENT
30064771331,55834574954,ARGUMENT
30064771332,68719476986,ARGUMENT
30064771332,25769803828,ARGUMENT
30064771333,30064771334,ARGUMENT
30064771333,55834574956,ARGUMENT
30064771334,68719476983,ARGUMENT
30064771334,30064771335,ARGUMENT
30064771335,68719476985,ARGUMENT
30064771335,90194313257,ARGUMENT
30064771336,68719476984,ARGUMENT
30064771336,55834574955,ARGUMENT
30064771337,30064771338,ARGUMENT
30064771337,30064771339,ARGUMENT
30064771338,68719476987,ARGUMENT
30064771338,55834574957,ARGUMENT
30064771339,68719476988,ARGUMENT
30064771339,55834574958,ARGUMENT
30064771340,68719476990,ARGUMENT
30064771340,30064771341,ARGUMENT
30064771341,68719476995,ARGUMENT
30064771341,90194313258,ARGUMENT
30064771341,90194313259,ARGUMENT
30064771342,30064771343,ARGUMENT
30064771342,55834574961,ARGUMENT
30064771343,68719476991,ARGUMENT
30064771343,30064771344,ARGUMENT
30064771344,68719476994,ARGUMENT
30064771345,30064771346,ARGUMENT
30064771345,55834574960,ARGUMENT
30064771346,68719476992,ARGUMENT
30064771346,30064771347,ARGUMENT
30064771347,68719476993,ARGUMENT
30064771347,55834574959,ARGUMENT
30064771348,30064771349,ARGUMENT
30064771348,30064771350,ARGUMENT
30064771349,68719476996,ARGUMENT
30064771349,68719476997,ARGUMENT
30064771350,68719476998,ARGUMENT
30064771350,55834574962,ARGUMENT
30064771351,68719476999,ARGUMENT
30064771351,30064771352,ARGUMENT
30064771352,68719477000,ARGUMENT
30064771352,55834574963,ARGUMENT
30064771353,68719477001,ARGUMENT
30064771353,25769803836,ARGUMENT
30064771354,30064771355,ARGUMENT
30064771354,30064771356,ARGUMENT
30064771355,68719477003,ARGUMENT
30064771355,55834574964,ARGUMENT
30064771356,68719477005,ARGUMENT
30064771356,30064771358,ARGUMENT
30064771357,68719477004,ARGUMENT
30064771357,55834574965,ARGUMENT
30064771358,68719477006,ARGUMENT
30064771358,55834574966,ARGUMENT
30064771359,68719477009,ARGUMENT
30064771359,120259084288,ARGUMENT
30064771360,30064771361,ARGUMENT
30064771360,55834574968,ARGUMENT
30064771361,68719477007,ARGUMENT
30064771361,30064771362,ARGUMENT
30064771362,68719477008,ARGUMENT
30064771362,55834574967,ARGUMENT
30064771363,30064771364,ARGUMENT
30064771363,30064771365,ARGUMENT
30064771364,68719477010,ARGUMENT
30064771364,55834574969,ARGUMENT
30064771365,68719477011,ARGUMENT
30064771365,55834574970,ARGUMENT
30064771366,30064771367,ARGUMENT
30064771366,30064771368,ARGUMENT
30064771367,68719477012,ARGUMENT
30064771367,55834574971,ARGUMENT
30064771368,68719477013,ARGUMENT
30064771368,55834574972,ARGUMENT
30064771369,30064771370,ARGUMENT
30064771369,30064771371,ARGUMENT
30064771370,68719477014,ARGUMENT
30064771370,55834574973,ARGUMENT
30064771371,68719477015,ARGUMENT
30064771371,55834574974,ARGUMENT
30064771372,30064771373,ARGUMENT
30064771372,30064771374,ARGUMENT
30064771373,68719477016,ARGUMENT
30064771373,55834574975,ARGUMENT
30064771374,30064771375,ARGUMENT
30064771374,90194313262,ARGUMENT
30064771375,30064771376,ARGUMENT
30064771375,90194313261,ARGUMENT
30064771376,68719477018,ARGUMENT
30064771376,90194313260,ARGUMENT
30064771377,30064771378,ARGUMENT
30064771377,55834574977,ARGUMENT
30064771378,68719477017,ARGUMENT
30064771378,55834574976,ARGUMENT
30064771379,30064771380,ARGUMENT
30064771379,25769803839,ARGUMENT
30064771380,68719477019,ARGUMENT
30064771380,55834574978,ARGUMENT
30064771381,30064771382,ARGUMENT
30064771381,30064771383,ARGUMENT
30064771382,68719477020,ARGUMENT
30064771382,55834574979,ARGUMENT
30064771383,30064771384,ARGUMENT
30064771383,90194313263,ARGUMENT
30064771384,68719477021,ARGUMENT
30064771384,55834574980,ARGUMENT
30064771385,30064771386,ARGUMENT
30064771385,30064771387,ARGUMENT
30064771386,68719477022,ARGUMENT
30064771386,55834574981,ARGUMENT
30064771387,30064771388,ARGUMENT
30064771387,90194313264,ARGUMENT
30064771388,68719477023,ARGUMENT
30064771388,55834574982,ARGUMENT
30064771389,30064771390,ARGUMENT
30064771389,30064771391,ARGUMENT
30064771390,68719477024,ARGUMENT
30064771390,55834574983,ARGUMENT
30064771391,30064771392,ARGUMENT
30064771391,90194313265,ARGUMENT
30064771392,68719477025,ARGUMENT
30064771392,55834574984,ARGUMENT
30064771393,30064771394,ARGUMENT
30064771393,30064771395,ARGUMENT
30064771394,68719477026,ARGUMENT
30064771394,55834574985,ARGUMENT
30064771395,30064771396,ARGUMENT
30064771395,90194313266,ARGUMENT
30064771396,68719477027,ARGUMENT
30064771396,55834574986,ARGUMENT
30064771397,30064771398,ARGUMENT
30064771397,30064771399,ARGUMENT
30064771398,68719477028,ARGUMENT
30064771398,55834574987,ARGUMENT
30064771399,30064771400,ARGUMENT
30064771399,90194313267,ARGUMENT
30064771400,68719477029,ARGUMENT
30064771400,55834574988,ARGUMENT
30064771401,30064771402,ARGUMENT
30064771401,30064771403,ARGUMENT
30064771402,68719477030,ARGUMENT
30064771402,55834574989,ARGUMENT
30064771403,30064771404,ARGUMENT
30064771403,90194313268,ARGUMENT
30064771404,68719477031,ARGUMENT
30064771404,55834574990,ARGUMENT
30064771405,30064771406,ARGUMENT
30064771405,30064771407,ARGUMENT
30064771406,68719477032,ARGUMENT
30064771406,55834574991,ARGUMENT
30064771407,30064771408,ARGUMENT
30064771407,90194313269,ARGUMENT
30064771408,30064771409,ARGUMENT
30064771408,30064771412,ARGUMENT
30064771409,30064771410,ARGUMENT
30064771409,30064771411,ARGUMENT
30064771410,68719477033,ARGUMENT
30064771410,55834574992,ARGUMENT
30064771411,68719477034,ARGUMENT
30064771411,55834574993,ARGUMENT
30064771412,68719477035,ARGUMENT
30064771412,55834574994,ARGUMENT
30064771413,30064771414,ARGUMENT
30064771413,30064771415,ARGUMENT
30064771414,68719477036,ARGUMENT
30064771414,55834574995,ARGUMENT
30064771415,30064771416,ARGUMENT
30064771415,90194313270,ARGUMENT
30064771416,68719477037,ARGUMENT
30064771416,55834574996,ARGUMENT
30064771417,30064771418,ARGUMENT
30064771417,30064771419,ARGUMENT
30064771418,68719477038,ARGUMENT
30064771418,55834574997,ARGUMENT
30064771419,30064771420,ARGUMENT
30064771419,90194313271,ARGUMENT
30064771420,68719477039,ARGUMENT
30064771420,55834574998,ARGUMENT
30064771421,30064771422,ARGUMENT
30064771421,30064771423,ARGUMENT
30064771422,68719477041,ARGUMENT
30064771422,55834574999,ARGUMENT
30064771423,68719477042,ARGUMENT
30064771423,55834575000,ARGUMENT
30064771424,68719477045,ARGUMENT
30064771424,90194313272,ARGUMENT
30064771425,68719477044,ARGUMENT
30064771425,55834575001,ARGUMENT
30064771426,68719477046,ARGUMENT
30064771426,30064771427,ARGUMENT
30064771427,30064771428,ARGUMENT
30064771428,68719477048,ARGUMENT
30064771429,30064771430,ARGUMENT
30064771429,30064771431,ARGUMENT
30064771430,68719477049,ARGUMENT
30064771431,30064771432,ARGUMENT
30064771431,90194313273,ARGUMENT
30064771432,68719477050,ARGUMENT
30064771432,55834575002,ARGUMENT
30064771433,68719477052,ARGUMENT
30064771433,25769803834,ARGUMENT
30064771434,68719477051,ARGUMENT
30064771434,55834575003,ARGUMENT
30064771435,30064771436,ARGUMENT
30064771435,30064771437,ARGUMENT
30064771436,68719477053,ARGUMENT
30064771436,55834575004,ARGUMENT
30064771438,30064771439,ARGUMENT
30064771438,90194313274,ARGUMENT
30064771439,68719477054,ARGUMENT
30064771439,55834575005,ARGUMENT
30064771440,68719477056,ARGUMENT
30064771440,30064771441,ARGUMENT
30064771441,68719477058,ARGUMENT
30064771441,120259084289,ARGUMENT
30064771442,68719477057,ARGUMENT
30064771442,55834575006,ARGUMENT
30064771443,68719477060,ARGUMENT
30064771443,25769803841,ARGUMENT
30064771444,68719477059,ARGUMENT
30064771444,55834575007,ARGUMENT
30064771445,30064771446,ARGUMENT
30064771445,68719477062,ARGUMENT
30064771446,68719477061,ARGUMENT
30064771446,55834575008,ARGUMENT
30064771447,30064771448,ARGUMENT
30064771447,30064771449,ARGUMENT
30064771448,68719477063,ARGUMENT
30064771448,55834575009,ARGUMENT
30064771449,68719477064,ARGUMENT
30064771449,55834575010,ARGUMENT
30064771450,68719477068,ARGUMENT
30064771450,90194313275,ARGUMENT
30064771450,30064771452,ARGUMENT
30064771451,68719477067,ARGUMENT
30064771451,55834575011,ARGUMENT
30064771452,68719477069,ARGUMENT
30064771452,55834575012,ARGUMENT
30064771453,68719477073,ARGUMENT
30064771453,25769803842,ARGUMENT
30064771454,30064771455,ARGUMENT
30064771454,55834575014,ARGUMENT
30064771455,68719477070,ARGUMENT
30064771455,30064771456,ARGUMENT
30064771456,68719477072,ARGUMENT
30064771456,90194313276,ARGUMENT
30064771457,68719477071,ARGUMENT
30064771457,55834575013,ARGUMENT
30064771458,30064771459,ARGUMENT
30064771458,30064771460,ARGUMENT
30064771459,68719477074,ARGUMENT
30064771459,55834575015,ARGUMENT
30064771460,68719477075,ARGUMENT
30064771460,55834575016,ARGUMENT
30064771461,68719477077,ARGUMENT
30064771461,120259084290,ARGUMENT
30064771462,68719477078,ARGUMENT
30064771462,120259084291,ARGUMENT
30064771463,68719477079,ARGUMENT
30064771463,120259084292,ARGUMENT
30064771464,68719477080,ARGUMENT
30064771464,120259084293,ARGUMENT
30064771465,68719477081,ARGUMENT
30064771465,120259084294,ARGUMENT
30064771466,68719477082,ARGUMENT
30064771466,120259084295,ARGUMENT
30064771467,68719477083,ARGUMENT
30064771467,120259084296,ARGUMENT
30064771468,68719477084,ARGUMENT
30064771468,30064771469,ARGUMENT
30064771469,30064771072,ARGUMENT
30064771469,55834575017,ARGUMENT
30064771470,68719477087,ARGUMENT
30064771470,30064771471,ARGUMENT
30064771471,30064771073,ARGUMENT
30064771471,55834575018,ARGUMENT
30064771472,68719477090,ARGUMENT
30064771472,30064771074,ARGUMENT
30064771473,68719477093,ARGUMENT
30064771473,30064771075,ARGUMENT
30064771474,68719477096,ARGUMENT
30064771474,30064771475,ARGUMENT
30064771475,30064771076,ARGUMENT
30064771475,55834575019,ARGUMENT
30064771476,68719477099,ARGUMENT
30064771476,30064771477,ARGUMENT
30064771477,30064771077,ARGUMENT
30064771477,55834575020,ARGUMENT
30064771478,68719477102,ARGUMENT
30064771478,30064771479,ARGUMENT
30064771479,30064771078,ARGUMENT
30064771479,55834575021,ARGUMENT
30064771480,68719477105,ARGUMENT
30064771480,30064771481,ARGUMENT
30064771481,30064771079,ARGUMENT
30064771481,55834575022,ARGUMENT
30064771482,68719477108,ARGUMENT
30064771482,30064771483,ARGUMENT
30064771483,30064771080,ARGUMENT
30064771483,55834575023,ARGUMENT
30064771484,68719477111,ARGUMENT
30064771484,120259084297,ARGUMENT
30064771485,68719477112,ARGUMENT
30064771485,30064771486,ARGUMENT
30064771487,68719477114,ARGUMENT
30064771488,30064771489,ARGUMENT
30064771488,68719477117,ARGUMENT
30064771489,68719477116,ARGUMENT
30064771489,90194313286,ARGUMENT
30064771490,68719477230,ARGUMENT
30064771490,90194313313,ARGUMENT
30064771491,68719477233,ARGUMENT
30064771491,90194313314,ARGUMENT
30064771492,68719477236,ARGUMENT
30064771492,90194313315,ARGUMENT
30064771493,68719477239,ARGUMENT
30064771493,90194313316,ARGUMENT
30064771494,68719477118,ARGUMENT
30064771494,30064771495,ARGUMENT
30064771495,30064771496,ARGUMENT
30064771496,30064771497,ARGUMENT
30064771496,55834575025,ARGUMENT
30064771497,68719477119,ARGUMENT
30064771497,55834575024,ARGUMENT
30064771498,68719477120,ARGUMENT
30064771499,68719477124,ARGUMENT
30064771499,25769803854,ARGUMENT
30064771500,30064771501,ARGUMENT
30064771500,55834575027,ARGUMENT
30064771501,68719477121,ARGUMENT
30064771501,30064771502,ARGUMENT
30064771502,68719477123,ARGUMENT
30064771502,90194313287,ARGUMENT
30064771503,68719477122,ARGUMENT
30064771503,55834575026,ARGUMENT
30064771504,30064771505,ARGUMENT
30064771504,90194313288,ARGUMENT
30064771505,68719477125,ARGUMENT
30064771505,55834575028,ARGUMENT
30064771506,68719477128,ARGUMENT
30064771506,30064771508,ARGUMENT
30064771507,68719477127,ARGUMENT
30064771507,55834575029,ARGUMENT
30064771508,90194313289,ARGUMENT
30064771508,68719477129,ARGUMENT
30064771508,90194313290,ARGUMENT
30064771509,68719477130,ARGUMENT
30064771509,30064771510,ARGUMENT
30064771510,30064771511,ARGUMENT
30064771511,68719477132,ARGUMENT
30064771511,68719477133,ARGUMENT
30064771512,68719477131,ARGUMENT
30064771512,55834575030,ARGUMENT
30064771513,68719477135,ARGUMENT
30064771513,25769803855,ARGUMENT
30064771514,68719477134,ARGUMENT
30064771514,55834575031,ARGUMENT
30064771515,30064771516,ARGUMENT
30064771515,90194313291,ARGUMENT
30064771516,68719477136,ARGUMENT
30064771516,55834575032,ARGUMENT
30064771517,30064771518,ARGUMENT
30064771517,68719477138,ARGUMENT
30064771518,68719477137,ARGUMENT
30064771518,55834575033,ARGUMENT
30064771519,68719477142,ARGUMENT
30064771519,90194313292,ARGUMENT
30064771519,68719477143,ARGUMENT
30064771520,68719477141,ARGUMENT
30064771520,55834575034,ARGUMENT
30064771521,68719477145,ARGUMENT
30064771521,30064771523,ARGUMENT
30064771522,68719477144,ARGUMENT
30064771522,55834575035,ARGUMENT
30064771523,68719477146,ARGUMENT
30064771523,55834575036,ARGUMENT
30064771524,68719477150,ARGUMENT
30064771524,25769803856,ARGUMENT
30064771525,30064771526,ARGUMENT
30064771525,55834575038,ARGUMENT
30064771526,68719477147,ARGUMENT
30064771526,30064771527,ARGUMENT
30064771527,68719477149,ARGUMENT
30064771527,90194313293,ARGUMENT
30064771528,68719477148,ARGUMENT
30064771528,55834575037,ARGUMENT
30064771529,30064771530,ARGUMENT
30064771529,90194313294,ARGUMENT
30064771530,68719477151,ARGUMENT
30064771530,55834575039,ARGUMENT
30064771531,30064771532,ARGUMENT
30064771531,30064771533,ARGUMENT
30064771532,68719477152,ARGUMENT
30064771532,55834575040,ARGUMENT
30064771533,68719477153,ARGUMENT
30064771533,55834575041,ARGUMENT
30064771534,68719477155,ARGUMENT
30064771534,30064771535,ARGUMENT
30064771535,30064771536,ARGUMENT
30064771536,30064771537,ARGUMENT
30064771536,55834575043,ARGUMENT
30064771537,68719477156,ARGUMENT
30064771537,55834575042,ARGUMENT
30064771538,68719477157,ARGUMENT
30064771539,68719477161,ARGUMENT
30064771539,25769803861,ARGUMENT
30064771540,30064771541,ARGUMENT
30064771540,55834575045,ARGUMENT
30064771541,68719477158,ARGUMENT
30064771541,30064771542,ARGUMENT
30064771542,68719477160,ARGUMENT
30064771542,90194313295,ARGUMENT
30064771543,68719477159,ARGUMENT
30064771543,55834575044,ARGUMENT
30064771544,30064771545,ARGUMENT
30064771544,90194313296,ARGUMENT
30064771545,68719477162,ARGUMENT
30064771545,55834575046,ARGUMENT
30064771546,30064771547,ARGUMENT
30064771546,90194313297,ARGUMENT
30064771547,68719477163,ARGUMENT
30064771547,55834575047,ARGUMENT
30064771548,68719477165,ARGUMENT
30064771548,30064771549,ARGUMENT
30064771549,30064771550,ARGUMENT
30064771550,68719477167,ARGUMENT
30064771550,68719477168,ARGUMENT
30064771551,68719477166,ARGUMENT
30064771551,55834575048,ARGUMENT
30064771552,68719477169,ARGUMENT
30064771553,68719477173,ARGUMENT
30064771553,25769803862,ARGUMENT
30064771554,30064771555,ARGUMENT
30064771554,55834575050,ARGUMENT
30064771555,68719477170,ARGUMENT
30064771555,30064771556,ARGUMENT
30064771556,68719477172,ARGUMENT
30064771556,90194313298,ARGUMENT
30064771557,68719477171,ARGUMENT
30064771557,55834575049,ARGUMENT
30064771558,30064771559,ARGUMENT
30064771558,90194313299,ARGUMENT
30064771559,68719477174,ARGUMENT
30064771559,55834575051,ARGUMENT
30064771560,30064771561,ARGUMENT
30064771560,90194313300,ARGUMENT
30064771561,68719477175,ARGUMENT
30064771561,55834575052,ARGUMENT
30064771562,68719477178,ARGUMENT
30064771562,25769803863,ARGUMENT
30064771563,68719477177,ARGUMENT
30064771563,55834575053,ARGUMENT
30064771564,30064771565,ARGUMENT
30064771564,90194313301,ARGUMENT
30064771565,68719477179,ARGUMENT
30064771565,55834575054,ARGUMENT
30064771566,30064771567,ARGUMENT
30064771566,68719477181,ARGUMENT
30064771567,68719477180,ARGUMENT
30064771567,55834575055,ARGUMENT
30064771568,68719477185,ARGUMENT
30064771568,90194313302,ARGUMENT
30064771568,68719477186,ARGUMENT
30064771569,68719477184,ARGUMENT
30064771569,55834575056,ARGUMENT
30064771570,68719477190,ARGUMENT
30064771570,25769803864,ARGUMENT
30064771571,30064771572,ARGUMENT
30064771571,55834575058,ARGUMENT
30064771572,68719477187,ARGUMENT
30064771572,30064771573,ARGUMENT
30064771573,68719477189,ARGUMENT
30064771573,90194313303,ARGUMENT
30064771574,68719477188,ARGUMENT
30064771574,55834575057,ARGUMENT
30064771575,30064771576,ARGUMENT
30064771575,90194313304,ARGUMENT
30064771576,68719477191,ARGUMENT
30064771576,55834575059,ARGUMENT
30064771577,30064771578,ARGUMENT
30064771577,30064771579,ARGUMENT
30064771578,68719477192,ARGUMENT
30064771578,55834575060,ARGUMENT
30064771579,30064771580,ARGUMENT
30064771579,30064771581,ARGUMENT
30064771579,90194313305,ARGUMENT
30064771580,68719477193,ARGUMENT
30064771580,68719477194,ARGUMENT
30064771581,68719477195,ARGUMENT
30064771581,55834575061,ARGUMENT
30064771582,68719477197,ARGUMENT
30064771582,30064771583,ARGUMENT
30064771583,30064771584,ARGUMENT
30064771584,30064771585,ARGUMENT
30064771584,55834575063,ARGUMENT
30064771585,68719477198,ARGUMENT
30064771585,55834575062,ARGUMENT
30064771586,68719477199,ARGUMENT
30064771586,30064771587,ARGUMENT
30064771587,30064771588,ARGUMENT
30064771587,90194313307,ARGUMENT
30064771588,30064771589,ARGUMENT
30064771589,90194313306,ARGUMENT
30064771589,30064771590,ARGUMENT
30064771590,30064771591,ARGUMENT
30064771590,55834575065,ARGUMENT
30064771591,68719477200,ARGUMENT
30064771591,55834575064,ARGUMENT
30064771592,68719477201,ARGUMENT
30064771593,68719477205,ARGUMENT
30064771593,25769803870,ARGUMENT
30064771594,30064771595,ARGUMENT
30064771594,55834575067,ARGUMENT
30064771595,68719477202,ARGUMENT
30064771595,30064771596,ARGUMENT
30064771596,68719477204,ARGUMENT
30064771596,90194313308,ARGUMENT
30064771597,68719477203,ARGUMENT
30064771597,55834575066,ARGUMENT
30064771598,30064771599,ARGUMENT
30064771598,90194313309,ARGUMENT
30064771599,68719477206,ARGUMENT
30064771599,55834575068,ARGUMENT
30064771600,68719477208,ARGUMENT
30064771600,30064771601,ARGUMENT
30064771601,30064771602,ARGUMENT
30064771602,68719477210,ARGUMENT
30064771602,68719477211,ARGUMENT
30064771602,68719477212,ARGUMENT
30064771603,68719477209,ARGUMENT
30064771603,55834575069,ARGUMENT
30064771604,68719477214,ARGUMENT
30064771604,68719477215,ARGUMENT
30064771605,68719477213,ARGUMENT
30064771605,55834575070,ARGUMENT
30064771606,68719477218,ARGUMENT
30064771606,90194313310,ARGUMENT
30064771606,68719477219,ARGUMENT
30064771607,68719477217,ARGUMENT
30064771607,55834575071,ARGUMENT
30064771608,68719477223,ARGUMENT
30064771608,25769803871,ARGUMENT
30064771609,30064771610,ARGUMENT
30064771609,55834575073,ARGUMENT
30064771610,68719477220,ARGUMENT
30064771610,30064771611,ARGUMENT
30064771611,68719477222,ARGUMENT
30064771611,90194313311,ARGUMENT
30064771612,68719477221,ARGUMENT
30064771612,55834575072,ARGUMENT
30064771613,30064771614,ARGUMENT
30064771613,90194313312,ARGUMENT
30064771614,68719477224,ARGUMENT
30064771614,55834575074,ARGUMENT
30064771615,30064771616,ARGUMENT
30064771615,30064771617,ARGUMENT
30064771616,68719477225,ARGUMENT
30064771616,55834575075,ARGUMENT
30064771617,68719477226,ARGUMENT
30064771617,55834575076,ARGUMENT
30064771618,68719477228,ARGUMENT
30064771618,30064771619,ARGUMENT
30064771619,30064771490,ARGUMENT
30064771619,55834575077,ARGUMENT
30064771620,68719477231,ARGUMENT
30064771620,30064771621,ARGUMENT
30064771621,30064771491,ARGUMENT
30064771621,55834575078,ARGUMENT
30064771622,68719477234,ARGUMENT
30064771622,30064771492,ARGUMENT
30064771623,68719477237,ARGUMENT
30064771623,30064771493,ARGUMENT
30064771624,68719477240,ARGUMENT
30064771624,120259084298,ARGUMENT
30064771625,30064771626,ARGUMENT
30064771625,68719477242,ARGUMENT
30064771626,68719477241,ARGUMENT
30064771626,55834575079,ARGUMENT
30064771627,68719477243,ARGUMENT
30064771627,120259084299,ARGUMENT
30064771628,30064771629,ARGUMENT
30064771628,68719477245,ARGUMENT
30064771629,68719477244,ARGUMENT
30064771629,55834575080,ARGUMENT
30064771630,68719477246,ARGUMENT
30064771630,120259084300,ARGUMENT
30064771631,30064771632,ARGUMENT
30064771631,68719477248,ARGUMENT
30064771632,68719477247,ARGUMENT
30064771632,55834575081,ARGUMENT
30064771633,68719477985,ARGUMENT
30064771633,90194313483,ARGUMENT
30064771634,68719477988,ARGUMENT
30064771634,90194313484,ARGUMENT
30064771635,68719477991,ARGUMENT
30064771635,90194313485,ARGUMENT
30064771636,68719477994,ARGUMENT
30064771636,90194313486,ARGUMENT
30064771637,68719477997,ARGUMENT
30064771637,90194313487,ARGUMENT
30064771638,68719478000,ARGUMENT
30064771638,90194313488,ARGUMENT
30064771639,68719478003,ARGUMENT
30064771639,90194313489,ARGUMENT
30064771640,68719478006,ARGUMENT
30064771640,90194313490,ARGUMENT
30064771641,68719478009,ARGUMENT
30064771641,90194313491,ARGUMENT
30064771642,68719478012,ARGUMENT
30064771642,90194313492,ARGUMENT
30064771643,68719478015,ARGUMENT
30064771643,90194313493,ARGUMENT
30064771644,68719478018,ARGUMENT
30064771644,90194313494,ARGUMENT
30064771645,68719478021,ARGUMENT
30064771645,90194313495,ARGUMENT
30064771646,68719478024,ARGUMENT
30064771646,90194313496,ARGUMENT
30064771647,68719478027,ARGUMENT
30064771647,90194313497,ARGUMENT
30064771648,68719478030,ARGUMENT
30064771648,90194313498,ARGUMENT
30064771649,68719478033,ARGUMENT
30064771649,90194313499,ARGUMENT
30064771650,68719478036,ARGUMENT
30064771650,90194313500,ARGUMENT
30064771651,68719478039,ARGUMENT
30064771651,90194313501,ARGUMENT
30064771652,68719477249,ARGUMENT
30064771652,30064771653,ARGUMENT
30064771653,30064771654,ARGUMENT
30064771654,30064771655,ARGUMENT
30064771654,55834575083,ARGUMENT
30064771655,68719477250,ARGUMENT
30064771655,55834575082,ARGUMENT
30064771656,68719477251,ARGUMENT
30064771656,30064771657,ARGUMENT
30064771657,68719477252,ARGUMENT
30064771657,55834575084,ARGUMENT
30064771658,68719477253,ARGUMENT
30064771658,30064771659,ARGUMENT
30064771659,68719477254,ARGUMENT
30064771659,55834575085,ARGUMENT
30064771660,68719477255,ARGUMENT
30064771660,30064771661,ARGUMENT
30064771661,68719477256,ARGUMENT
30064771661,55834575086,ARGUMENT
30064771662,68719477257,ARGUMENT
30064771662,30064771663,ARGUMENT
30064771663,68719477258,ARGUMENT
30064771663,55834575087,ARGUMENT
30064771664,68719477259,ARGUMENT
30064771664,30064771665,ARGUMENT
30064771665,68719477260,ARGUMENT
30064771665,55834575088,ARGUMENT
30064771666,30064771667,ARGUMENT
30064771666,30064771668,ARGUMENT
30064771667,68719477262,ARGUMENT
30064771668,68719477263,ARGUMENT
30064771669,68719477267,ARGUMENT
30064771669,25769803882,ARGUMENT
30064771670,30064771671,ARGUMENT
30064771670,55834575090,ARGUMENT
30064771671,68719477264,ARGUMENT
30064771671,30064771672,ARGUMENT
30064771672,68719477266,ARGUMENT
30064771672,90194313317,ARGUMENT
30064771673,68719477265,ARGUMENT
30064771673,55834575089,ARGUMENT
30064771674,30064771675,ARGUMENT
30064771674,90194313318,ARGUMENT
30064771675,68719477268,ARGUMENT
30064771675,55834575091,ARGUMENT
30064771676,30064771677,ARGUMENT
30064771676,90194313319,ARGUMENT
30064771677,68719477269,ARGUMENT
30064771677,55834575092,ARGUMENT
30064771678,68719477271,ARGUMENT
30064771678,25769803883,ARGUMENT
30064771679,30064771680,ARGUMENT
30064771679,68719477273,ARGUMENT
30064771680,68719477272,ARGUMENT
30064771680,55834575093,ARGUMENT
30064771681,30064771682,ARGUMENT
30064771681,68719477275,ARGUMENT
30064771682,68719477274,ARGUMENT
30064771682,55834575094,ARGUMENT
30064771683,30064771684,ARGUMENT
30064771683,68719477277,ARGUMENT
30064771684,68719477276,ARGUMENT
30064771684,55834575095,ARGUMENT
30064771685,30064771686,ARGUMENT
30064771685,30064771687,ARGUMENT
30064771686,68719477278,ARGUMENT
30064771686,55834575096,ARGUMENT
30064771687,68719477279,ARGUMENT
30064771687,90194313320,ARGUMENT
30064771688,30064771689,ARGUMENT
30064771688,68719477281,ARGUMENT
30064771689,68719477280,ARGUMENT
30064771689,55834575097,ARGUMENT
30064771690,68719477283,ARGUMENT
30064771690,30064771691,ARGUMENT
30064771691,30064771692,ARGUMENT
30064771692,68719477285,ARGUMENT
30064771692,68719477286,ARGUMENT
30064771693,68719477290,ARGUMENT
30064771693,25769803884,ARGUMENT
30064771694,30064771695,ARGUMENT
30064771694,55834575099,ARGUMENT
30064771695,68719477287,ARGUMENT
30064771695,30064771696,ARGUMENT
30064771696,68719477289,ARGUMENT
30064771696,90194313321,ARGUMENT
30064771697,68719477288,ARGUMENT
30064771697,55834575098,ARGUMENT
30064771698,30064771699,ARGUMENT
30064771698,90194313322,ARGUMENT
30064771699,68719477291,ARGUMENT
30064771699,55834575100,ARGUMENT
30064771700,30064771701,ARGUMENT
30064771700,68719477293,ARGUMENT
30064771701,68719477292,ARGUMENT
30064771701,55834575101,ARGUMENT
30064771702,30064771703,ARGUMENT
30064771702,90194313323,ARGUMENT
30064771703,68719477294,ARGUMENT
30064771703,55834575102,ARGUMENT
30064771704,68719477298,ARGUMENT
30064771704,90194313324,ARGUMENT
30064771704,68719477299,ARGUMENT
30064771705,68719477297,ARGUMENT
30064771705,55834575103,ARGUMENT
30064771706,68719477303,ARGUMENT
30064771706,25769803885,ARGUMENT
30064771707,30064771708,ARGUMENT
30064771707,55834575105,ARGUMENT
30064771708,68719477300,ARGUMENT
30064771708,30064771709,ARGUMENT
30064771709,68719477302,ARGUMENT
30064771709,90194313325,ARGUMENT
30064771710,68719477301,ARGUMENT
30064771710,55834575104,ARGUMENT
30064771711,30064771712,ARGUMENT
30064771711,90194313326,ARGUMENT
30064771712,68719477304,ARGUMENT
30064771712,55834575106,ARGUMENT
30064771713,30064771714,ARGUMENT
30064771713,30064771715,ARGUMENT
30064771714,68719477305,ARGUMENT
30064771714,55834575107,ARGUMENT
30064771715,30064771716,ARGUMENT
30064771715,30064771717,ARGUMENT
30064771715,90194313327,ARGUMENT
30064771716,68719477306,ARGUMENT
30064771716,68719477307,ARGUMENT
30064771717,68719477308,ARGUMENT
30064771717,55834575108,ARGUMENT
30064771718,68719477310,ARGUMENT
30064771718,30064771719,ARGUMENT
30064771719,30064771720,ARGUMENT
30064771720,30064771721,ARGUMENT
30064771720,55834575110,ARGUMENT
30064771721,68719477311,ARGUMENT
30064771721,55834575109,ARGUMENT
30064771722,68719477312,ARGUMENT
30064771722,30064771723,ARGUMENT
30064771723,68719477313,ARGUMENT
30064771723,55834575111,ARGUMENT
30064771724,68719477314,ARGUMENT
30064771724,30064771725,ARGUMENT
30064771725,68719477315,ARGUMENT
30064771725,55834575112,ARGUMENT
30064771726,68719477316,ARGUMENT
30064771726,30064771727,ARGUMENT
30064771727,68719477317,ARGUMENT
30064771727,55834575113,ARGUMENT
30064771728,68719477318,ARGUMENT
30064771728,30064771729,ARGUMENT
30064771729,68719477319,ARGUMENT
30064771729,55834575114,ARGUMENT
30064771730,30064771731,ARGUMENT
30064771730,30064771734,ARGUMENT
30064771731,30064771732,ARGUMENT
30064771731,30064771733,ARGUMENT
30064771732,68719477321,ARGUMENT
30064771733,68719477322,ARGUMENT
30064771734,68719477323,ARGUMENT
30064771735,68719477327,ARGUMENT
30064771735,25769803891,ARGUMENT
30064771736,30064771737,ARGUMENT
30064771736,55834575116,ARGUMENT
30064771737,68719477324,ARGUMENT
30064771737,30064771738,ARGUMENT
30064771738,68719477326,ARGUMENT
30064771738,90194313328,ARGUMENT
30064771739,68719477325,ARGUMENT
30064771739,55834575115,ARGUMENT
30064771740,30064771741,ARGUMENT
30064771740,90194313329,ARGUMENT
30064771741,68719477328,ARGUMENT
30064771741,55834575117,ARGUMENT
30064771742,30064771743,ARGUMENT
30064771742,90194313330,ARGUMENT
30064771743,68719477329,ARGUMENT
30064771743,55834575118,ARGUMENT
30064771744,68719477331,ARGUMENT
30064771744,25769803892,ARGUMENT
30064771745,68719477332,ARGUMENT
30064771745,30064771746,ARGUMENT
30064771747,68719477334,ARGUMENT
30064771747,68719477335,ARGUMENT
30064771748,68719477337,ARGUMENT
30064771748,25769803893,ARGUMENT
30064771749,68719477338,ARGUMENT
30064771749,30064771750,ARGUMENT
30064771751,68719477340,ARGUMENT
30064771751,68719477341,ARGUMENT
30064771752,68719477343,ARGUMENT
30064771752,68719477344,ARGUMENT
30064771753,68719477348,ARGUMENT
30064771753,25769803894,ARGUMENT
30064771754,30064771755,ARGUMENT
30064771754,55834575120,ARGUMENT
30064771755,68719477345,ARGUMENT
30064771755,30064771756,ARGUMENT
30064771756,68719477347,ARGUMENT
30064771756,90194313331,ARGUMENT
30064771757,68719477346,ARGUMENT
30064771757,55834575119,ARGUMENT
30064771758,30064771759,ARGUMENT
30064771758,90194313332,ARGUMENT
30064771759,68719477349,ARGUMENT
30064771759,55834575121,ARGUMENT
30064771760,30064771761,ARGUMENT
30064771760,90194313333,ARGUMENT
30064771761,68719477350,ARGUMENT
30064771761,55834575122,ARGUMENT
30064771762,68719477352,ARGUMENT
30064771762,25769803895,ARGUMENT
30064771763,30064771764,ARGUMENT
30064771763,68719477354,ARGUMENT
30064771764,68719477353,ARGUMENT
30064771764,55834575123,ARGUMENT
30064771765,30064771766,ARGUMENT
30064771765,68719477356,ARGUMENT
30064771766,68719477355,ARGUMENT
30064771766,55834575124,ARGUMENT
30064771767,30064771768,ARGUMENT
30064771767,68719477358,ARGUMENT
30064771768,68719477357,ARGUMENT
30064771768,55834575125,ARGUMENT
30064771769,30064771770,ARGUMENT
30064771769,68719477360,ARGUMENT
30064771770,68719477359,ARGUMENT
30064771770,55834575126,ARGUMENT
30064771771,68719477362,ARGUMENT
30064771771,30064771772,ARGUMENT
30064771772,30064771773,ARGUMENT
30064771773,68719477364,ARGUMENT
30064771773,68719477365,ARGUMENT
30064771774,68719477369,ARGUMENT
30064771774,25769803896,ARGUMENT
30064771775,30064771776,ARGUMENT
30064771775,55834575128,ARGUMENT
30064771776,68719477366,ARGUMENT
30064771776,30064771777,ARGUMENT
30064771777,68719477368,ARGUMENT
30064771777,90194313334,ARGUMENT
30064771778,68719477367,ARGUMENT
30064771778,55834575127,ARGUMENT
30064771779,30064771780,ARGUMENT
30064771779,90194313335,ARGUMENT
30064771780,68719477370,ARGUMENT
30064771780,55834575129,ARGUMENT
30064771781,30064771782,ARGUMENT
30064771781,68719477372,ARGUMENT
30064771782,68719477371,ARGUMENT
30064771782,55834575130,ARGUMENT
30064771783,30064771784,ARGUMENT
30064771783,90194313336,ARGUMENT
30064771784,68719477373,ARGUMENT
30064771784,55834575131,ARGUMENT
30064771785,68719477377,ARGUMENT
30064771785,90194313337,ARGUMENT
30064771785,68719477378,ARGUMENT
30064771786,68719477376,ARGUMENT
30064771786,55834575132,ARGUMENT
30064771787,68719477382,ARGUMENT
30064771787,25769803897,ARGUMENT
30064771788,30064771789,ARGUMENT
30064771788,55834575134,ARGUMENT
30064771789,68719477379,ARGUMENT
30064771789,30064771790,ARGUMENT
30064771790,68719477381,ARGUMENT
30064771790,90194313338,ARGUMENT
30064771791,68719477380,ARGUMENT
30064771791,55834575133,ARGUMENT
30064771792,30064771793,ARGUMENT
30064771792,90194313339,ARGUMENT
30064771793,68719477383,ARGUMENT
30064771793,55834575135,ARGUMENT
30064771794,30064771795,ARGUMENT
30064771794,30064771796,ARGUMENT
30064771795,68719477384,ARGUMENT
30064771795,55834575136,ARGUMENT
30064771796,30064771797,ARGUMENT
30064771796,30064771798,ARGUMENT
30064771796,90194313340,ARGUMENT
30064771797,68719477385,ARGUMENT
30064771797,68719477386,ARGUMENT
30064771798,68719477387,ARGUMENT
30064771798,55834575137,ARGUMENT
30064771799,68719477389,ARGUMENT
30064771799,30064771800,ARGUMENT
30064771800,30064771801,ARGUMENT
30064771801,30064771802,ARGUMENT
30064771801,55834575139,ARGUMENT
30064771802,68719477390,ARGUMENT
30064771802,55834575138,ARGUMENT
30064771803,68719477391,ARGUMENT
30064771803,30064771804,ARGUMENT
30064771804,68719477392,ARGUMENT
30064771804,55834575140,ARGUMENT
30064771805,68719477393,ARGUMENT
30064771805,30064771806,ARGUMENT
30064771806,68719477394,ARGUMENT
30064771806,55834575141,ARGUMENT
30064771807,68719477395,ARGUMENT
30064771807,30064771808,ARGUMENT
30064771808,68719477396,ARGUMENT
30064771808,55834575142,ARGUMENT
30064771809,68719477397,ARGUMENT
30064771809,30064771810,ARGUMENT
30064771810,68719477398,ARGUMENT
30064771810,55834575143,ARGUMENT
30064771811,68719477399,ARGUMENT
30064771811,30064771812,ARGUMENT
30064771812,68719477400,ARGUMENT
30064771812,55834575144,ARGUMENT
30064771813,30064771814,ARGUMENT
30064771813,30064771817,ARGUMENT
30064771814,30064771815,ARGUMENT
30064771814,30064771816,ARGUMENT
30064771815,68719477402,ARGUMENT
30064771816,68719477403,ARGUMENT
30064771817,68719477404,ARGUMENT
30064771817,68719477405,ARGUMENT
30064771818,68719477409,ARGUMENT
30064771818,25769803904,ARGUMENT
30064771819,30064771820,ARGUMENT
30064771819,55834575146,ARGUMENT
30064771820,68719477406,ARGUMENT
30064771820,30064771821,ARGUMENT
30064771821,68719477408,ARGUMENT
30064771821,90194313341,ARGUMENT
30064771822,68719477407,ARGUMENT
30064771822,55834575145,ARGUMENT
30064771823,30064771824,ARGUMENT
30064771823,90194313342,ARGUMENT
30064771824,68719477410,ARGUMENT
30064771824,55834575147,ARGUMENT
30064771825,30064771826,ARGUMENT
30064771825,90194313343,ARGUMENT
30064771826,68719477411,ARGUMENT
30064771826,55834575148,ARGUMENT
30064771827,68719477413,ARGUMENT
30064771827,25769803905,ARGUMENT
30064771828,30064771829,ARGUMENT
30064771828,68719477415,ARGUMENT
30064771829,68719477414,ARGUMENT
30064771829,55834575149,ARGUMENT
30064771830,30064771831,ARGUMENT
30064771830,68719477417,ARGUMENT
30064771831,68719477416,ARGUMENT
30064771831,55834575150,ARGUMENT
30064771832,30064771833,ARGUMENT
30064771832,68719477419,ARGUMENT
30064771833,68719477418,ARGUMENT
30064771833,55834575151,ARGUMENT
30064771834,30064771835,ARGUMENT
30064771834,68719477421,ARGUMENT
30064771835,68719477420,ARGUMENT
30064771835,55834575152,ARGUMENT
30064771836,30064771837,ARGUMENT
30064771836,30064771838,ARGUMENT
30064771837,68719477422,ARGUMENT
30064771837,55834575153,ARGUMENT
30064771838,68719477423,ARGUMENT
30064771838,90194313344,ARGUMENT
30064771839,68719477425,ARGUMENT
30064771839,30064771840,ARGUMENT
30064771840,30064771841,ARGUMENT
30064771841,68719477427,ARGUMENT
30064771841,68719477428,ARGUMENT
30064771842,68719477432,ARGUMENT
30064771842,25769803906,ARGUMENT
30064771843,30064771844,ARGUMENT
30064771843,55834575155,ARGUMENT
30064771844,68719477429,ARGUMENT
30064771844,30064771845,ARGUMENT
30064771845,68719477431,ARGUMENT
30064771845,90194313345,ARGUMENT
30064771846,68719477430,ARGUMENT
30064771846,55834575154,ARGUMENT
30064771847,30064771848,ARGUMENT
30064771847,90194313346,ARGUMENT
30064771848,68719477433,ARGUMENT
30064771848,55834575156,ARGUMENT
30064771849,30064771850,ARGUMENT
30064771849,68719477435,ARGUMENT
30064771850,68719477434,ARGUMENT
30064771850,55834575157,ARGUMENT
30064771851,30064771852,ARGUMENT
30064771851,90194313347,ARGUMENT
30064771852,68719477436,ARGUMENT
30064771852,55834575158,ARGUMENT
30064771853,68719477440,ARGUMENT
30064771853,90194313348,ARGUMENT
30064771853,68719477441,ARGUMENT
30064771854,68719477439,ARGUMENT
30064771854,55834575159,ARGUMENT
30064771855,68719477445,ARGUMENT
30064771855,25769803907,ARGUMENT
30064771856,30064771857,ARGUMENT
30064771856,55834575161,ARGUMENT
30064771857,68719477442,ARGUMENT
30064771857,30064771858,ARGUMENT
30064771858,68719477444,ARGUMENT
30064771858,90194313349,ARGUMENT
30064771859,68719477443,ARGUMENT
30064771859,55834575160,ARGUMENT
30064771860,30064771861,ARGUMENT
30064771860,90194313350,ARGUMENT
30064771861,68719477446,ARGUMENT
30064771861,55834575162,ARGUMENT
30064771862,30064771863,ARGUMENT
30064771862,30064771864,ARGUMENT
30064771863,68719477447,ARGUMENT
30064771863,55834575163,ARGUMENT
30064771864,30064771865,ARGUMENT
30064771864,30064771866,ARGUMENT
30064771864,90194313351,ARGUMENT
30064771865,68719477448,ARGUMENT
30064771865,68719477449,ARGUMENT
30064771866,68719477450,ARGUMENT
30064771866,55834575164,ARGUMENT
30064771867,68719477452,ARGUMENT
30064771867,30064771868,ARGUMENT
30064771868,30064771869,ARGUMENT
30064771869,30064771870,ARGUMENT
30064771869,55834575166,ARGUMENT
30064771870,68719477453,ARGUMENT
30064771870,55834575165,ARGUMENT
30064771871,68719477454,ARGUMENT
30064771871,30064771872,ARGUMENT
30064771872,68719477455,ARGUMENT
30064771872,55834575167,ARGUMENT
30064771873,68719477456,ARGUMENT
30064771873,30064771874,ARGUMENT
30064771874,68719477457,ARGUMENT
30064771874,55834575168,ARGUMENT
30064771875,68719477458,ARGUMENT
30064771875,30064771876,ARGUMENT
30064771876,68719477459,ARGUMENT
30064771876,55834575169,ARGUMENT
30064771877,68719477460,ARGUMENT
30064771877,30064771878,ARGUMENT
30064771878,68719477461,ARGUMENT
30064771878,55834575170,ARGUMENT
30064771879,68719477462,ARGUMENT
30064771879,30064771880,ARGUMENT
30064771880,68719477463,ARGUMENT
30064771880,55834575171,ARGUMENT
30064771881,30064771882,ARGUMENT
30064771881,30064771885,ARGUMENT
30064771882,30064771883,ARGUMENT
30064771882,30064771884,ARGUMENT
30064771883,68719477465,ARGUMENT
30064771884,68719477466,ARGUMENT
30064771885,68719477467,ARGUMENT
30064771886,68719477471,ARGUMENT
30064771886,25769803913,ARGUMENT
30064771887,30064771888,ARGUMENT
30064771887,55834575173,ARGUMENT
30064771888,68719477468,ARGUMENT
30064771888,30064771889,ARGUMENT
30064771889,68719477470,ARGUMENT
30064771889,90194313352,ARGUMENT
30064771890,68719477469,ARGUMENT
30064771890,55834575172,ARGUMENT
30064771891,30064771892,ARGUMENT
30064771891,90194313353,ARGUMENT
30064771892,68719477472,ARGUMENT
30064771892,55834575174,ARGUMENT
30064771893,30064771894,ARGUMENT
30064771893,90194313354,ARGUMENT
30064771894,68719477473,ARGUMENT
30064771894,55834575175,ARGUMENT
30064771895,68719477475,ARGUMENT
30064771895,25769803914,ARGUMENT
30064771896,68719477476,ARGUMENT
30064771896,30064771897,ARGUMENT
30064771898,68719477478,ARGUMENT
30064771898,68719477479,ARGUMENT
30064771899,68719477481,ARGUMENT
30064771899,25769803915,ARGUMENT
30064771900,68719477482,ARGUMENT
30064771900,30064771901,ARGUMENT
30064771902,68719477484,ARGUMENT
30064771902,68719477485,ARGUMENT
30064771903,68719477487,ARGUMENT
30064771903,68719477488,ARGUMENT
30064771904,68719477492,ARGUMENT
30064771904,25769803916,ARGUMENT
30064771905,30064771906,ARGUMENT
30064771905,55834575177,ARGUMENT
30064771906,68719477489,ARGUMENT
30064771906,30064771907,ARGUMENT
30064771907,68719477491,ARGUMENT
30064771907,90194313355,ARGUMENT
30064771908,68719477490,ARGUMENT
30064771908,55834575176,ARGUMENT
30064771909,30064771910,ARGUMENT
30064771909,90194313356,ARGUMENT
30064771910,68719477493,ARGUMENT
30064771910,55834575178,ARGUMENT
30064771911,30064771912,ARGUMENT
30064771911,90194313357,ARGUMENT
30064771912,68719477494,ARGUMENT
30064771912,55834575179,ARGUMENT
30064771913,68719477496,ARGUMENT
30064771913,25769803917,ARGUMENT
30064771914,30064771915,ARGUMENT
30064771914,68719477498,ARGUMENT
30064771915,68719477497,ARGUMENT
30064771915,55834575180,ARGUMENT
30064771916,30064771917,ARGUMENT
30064771916,68719477500,ARGUMENT
30064771917,68719477499,ARGUMENT
30064771917,55834575181,ARGUMENT
30064771918,30064771919,ARGUMENT
30064771918,68719477502,ARGUMENT
30064771919,68719477501,ARGUMENT
30064771919,55834575182,ARGUMENT
30064771920,30064771921,ARGUMENT
30064771920,68719477504,ARGUMENT
30064771921,68719477503,ARGUMENT
30064771921,55834575183,ARGUMENT
30064771922,30064771923,ARGUMENT
30064771922,68719477506,ARGUMENT
30064771923,68719477505,ARGUMENT
30064771923,55834575184,ARGUMENT
30064771924,68719477508,ARGUMENT
30064771924,30064771925,ARGUMENT
30064771925,30064771926,ARGUMENT
30064771926,68719477510,ARGUMENT
30064771926,68719477511,ARGUMENT
30064771927,68719477515,ARGUMENT
30064771927,25769803918,ARGUMENT
30064771928,30064771929,ARGUMENT
30064771928,55834575186,ARGUMENT
30064771929,68719477512,ARGUMENT
30064771929,30064771930,ARGUMENT
30064771930,68719477514,ARGUMENT
30064771930,90194313358,ARGUMENT
30064771931,68719477513,ARGUMENT
30064771931,55834575185,ARGUMENT
30064771932,30064771933,ARGUMENT
30064771932,90194313359,ARGUMENT
30064771933,68719477516,ARGUMENT
30064771933,55834575187,ARGUMENT
30064771934,30064771935,ARGUMENT
30064771934,68719477518,ARGUMENT
30064771935,68719477517,ARGUMENT
30064771935,55834575188,ARGUMENT
30064771936,30064771937,ARGUMENT
30064771936,90194313360,ARGUMENT
30064771937,68719477519,ARGUMENT
30064771937,55834575189,ARGUMENT
30064771938,68719477523,ARGUMENT
30064771938,90194313361,ARGUMENT
30064771938,68719477524,ARGUMENT
30064771939,68719477522,ARGUMENT
30064771939,55834575190,ARGUMENT
30064771940,68719477528,ARGUMENT
30064771940,25769803919,ARGUMENT
30064771941,30064771942,ARGUMENT
30064771941,55834575192,ARGUMENT
30064771942,68719477525,ARGUMENT
30064771942,30064771943,ARGUMENT
30064771943,68719477527,ARGUMENT
30064771943,90194313362,ARGUMENT
30064771944,68719477526,ARGUMENT
30064771944,55834575191,ARGUMENT
30064771945,30064771946,ARGUMENT
30064771945,90194313363,ARGUMENT
30064771946,68719477529,ARGUMENT
30064771946,55834575193,ARGUMENT
30064771947,30064771948,ARGUMENT
30064771947,30064771949,ARGUMENT
30064771948,68719477530,ARGUMENT
30064771948,55834575194,ARGUMENT
30064771949,30064771950,ARGUMENT
30064771949,30064771951,ARGUMENT
30064771949,90194313364,ARGUMENT
30064771950,68719477531,ARGUMENT
30064771950,68719477532,ARGUMENT
30064771951,68719477533,ARGUMENT
30064771951,55834575195,ARGUMENT
30064771952,68719477535,ARGUMENT
30064771952,30064771953,ARGUMENT
30064771953,30064771954,ARGUMENT
30064771954,30064771955,ARGUMENT
30064771954,55834575197,ARGUMENT
30064771955,68719477536,ARGUMENT
30064771955,55834575196,ARGUMENT
30064771956,68719477537,ARGUMENT
30064771956,30064771957,ARGUMENT
30064771957,30064771958,ARGUMENT
30064771957,90194313366,ARGUMENT
30064771958,30064771959,ARGUMENT
30064771959,90194313365,ARGUMENT
30064771959,30064771960,ARGUMENT
30064771960,30064771961,ARGUMENT
30064771960,55834575199,ARGUMENT
30064771961,68719477538,ARGUMENT
30064771961,55834575198,ARGUMENT
30064771962,68719477539,ARGUMENT
30064771962,30064771963,ARGUMENT
30064771963,30064771964,ARGUMENT
30064771964,68719477541,ARGUMENT
30064771964,68719477542,ARGUMENT
30064771964,68719477543,ARGUMENT
30064771965,68719477545,ARGUMENT
30064771965,25769803925,ARGUMENT
30064771966,68719477544,ARGUMENT
30064771966,55834575200,ARGUMENT
30064771967,30064771968,ARGUMENT
30064771967,90194313367,ARGUMENT
30064771968,68719477546,ARGUMENT
30064771968,55834575201,ARGUMENT
30064771969,30064771970,ARGUMENT
30064771969,68719477548,ARGUMENT
30064771970,68719477547,ARGUMENT
30064771970,55834575202,ARGUMENT
30064771971,68719477552,ARGUMENT
30064771971,90194313368,ARGUMENT
30064771971,68719477553,ARGUMENT
30064771972,68719477551,ARGUMENT
30064771972,55834575203,ARGUMENT
30064771973,68719477557,ARGUMENT
30064771973,25769803926,ARGUMENT
30064771974,30064771975,ARGUMENT
30064771974,55834575205,ARGUMENT
30064771975,68719477554,ARGUMENT
30064771975,30064771976,ARGUMENT
30064771976,68719477556,ARGUMENT
30064771976,90194313369,ARGUMENT
30064771977,68719477555,ARGUMENT
30064771977,55834575204,ARGUMENT
30064771978,30064771979,ARGUMENT
30064771978,90194313370,ARGUMENT
30064771979,68719477558,ARGUMENT
30064771979,55834575206,ARGUMENT
30064771980,30064771981,ARGUMENT
30064771980,30064771982,ARGUMENT
30064771981,68719477559,ARGUMENT
30064771981,55834575207,ARGUMENT
30064771982,30064771983,ARGUMENT
30064771982,30064771984,ARGUMENT
30064771982,90194313371,ARGUMENT
30064771983,68719477560,ARGUMENT
30064771983,68719477561,ARGUMENT
30064771984,68719477562,ARGUMENT
30064771984,55834575208,ARGUMENT
30064771985,68719477564,ARGUMENT
30064771985,30064771986,ARGUMENT
30064771986,30064771987,ARGUMENT
30064771987,30064771988,ARGUMENT
30064771987,55834575210,ARGUMENT
30064771988,68719477565,ARGUMENT
30064771988,55834575209,ARGUMENT
30064771989,68719477566,ARGUMENT
30064771989,30064771990,ARGUMENT
30064771990,30064771991,ARGUMENT
30064771990,90194313373,ARGUMENT
30064771991,30064771992,ARGUMENT
30064771992,90194313372,ARGUMENT
30064771992,30064771993,ARGUMENT
30064771993,30064771994,ARGUMENT
30064771993,55834575212,ARGUMENT
30064771994,68719477567,ARGUMENT
30064771994,55834575211,ARGUMENT
30064771995,68719477568,ARGUMENT
30064771995,30064771996,ARGUMENT
30064771996,30064771997,ARGUMENT
30064771997,68719477570,ARGUMENT
30064771997,68719477571,ARGUMENT
30064771997,68719477572,ARGUMENT
30064771998,68719477574,ARGUMENT
30064771998,25769803930,ARGUMENT
30064771999,68719477573,ARGUMENT
30064771999,55834575213,ARGUMENT
30064772000,30064772001,ARGUMENT
30064772000,90194313374,ARGUMENT
30064772001,68719477575,ARGUMENT
30064772001,55834575214,ARGUMENT
30064772002,30064772003,ARGUMENT
30064772002,68719477577,ARGUMENT
30064772003,68719477576,ARGUMENT
30064772003,55834575215,ARGUMENT
30064772004,68719477581,ARGUMENT
30064772004,90194313375,ARGUMENT
30064772004,68719477582,ARGUMENT
30064772005,68719477580,ARGUMENT
30064772005,55834575216,ARGUMENT
30064772006,68719477586,ARGUMENT
30064772006,25769803931,ARGUMENT
30064772007,30064772008,ARGUMENT
30064772007,55834575218,ARGUMENT
30064772008,68719477583,ARGUMENT
30064772008,30064772009,ARGUMENT
30064772009,68719477585,ARGUMENT
30064772009,90194313376,ARGUMENT
30064772010,68719477584,ARGUMENT
30064772010,55834575217,ARGUMENT
30064772011,30064772012,ARGUMENT
30064772011,90194313377,ARGUMENT
30064772012,68719477587,ARGUMENT
30064772012,55834575219,ARGUMENT
30064772013,30064772014,ARGUMENT
30064772013,30064772015,ARGUMENT
30064772014,68719477588,ARGUMENT
30064772014,55834575220,ARGUMENT
30064772015,30064772016,ARGUMENT
30064772015,30064772017,ARGUMENT
30064772015,90194313378,ARGUMENT
30064772016,68719477589,ARGUMENT
30064772016,68719477590,ARGUMENT
30064772017,68719477591,ARGUMENT
30064772017,55834575221,ARGUMENT
30064772018,68719477593,ARGUMENT
30064772018,30064772019,ARGUMENT
30064772019,30064772020,ARGUMENT
30064772020,30064772021,ARGUMENT
30064772020,55834575223,ARGUMENT
30064772021,68719477594,ARGUMENT
30064772021,55834575222,ARGUMENT
30064772022,68719477595,ARGUMENT
30064772022,30064772023,ARGUMENT
30064772023,30064772024,ARGUMENT
30064772023,90194313380,ARGUMENT
30064772024,30064772025,ARGUMENT
30064772025,90194313379,ARGUMENT
30064772025,30064772026,ARGUMENT
30064772026,30064772027,ARGUMENT
30064772026,55834575225,ARGUMENT
30064772027,68719477596,ARGUMENT
30064772027,55834575224,ARGUMENT
30064772028,68719477597,ARGUMENT
30064772028,30064772029,ARGUMENT
30064772029,30064772030,ARGUMENT
30064772030,68719477599,ARGUMENT
30064772030,68719477600,ARGUMENT
30064772030,68719477601,ARGUMENT
30064772031,68719477603,ARGUMENT
30064772031,25769803935,ARGUMENT
30064772032,68719477602,ARGUMENT
30064772032,55834575226,ARGUMENT
30064772033,30064772034,ARGUMENT
30064772033,90194313381,ARGUMENT
30064772034,68719477604,ARGUMENT
30064772034,55834575227,ARGUMENT
30064772035,30064772036,ARGUMENT
30064772035,68719477606,ARGUMENT
30064772036,68719477605,ARGUMENT
30064772036,55834575228,ARGUMENT
30064772037,68719477610,ARGUMENT
30064772037,90194313382,ARGUMENT
30064772037,68719477611,ARGUMENT
30064772038,68719477609,ARGUMENT
30064772038,55834575229,ARGUMENT
30064772039,68719477615,ARGUMENT
30064772039,25769803936,ARGUMENT
30064772040,30064772041,ARGUMENT
30064772040,55834575231,ARGUMENT
30064772041,68719477612,ARGUMENT
30064772041,30064772042,ARGUMENT
30064772042,68719477614,ARGUMENT
30064772042,90194313383,ARGUMENT
30064772043,68719477613,ARGUMENT
30064772043,55834575230,ARGUMENT
30064772044,30064772045,ARGUMENT
30064772044,90194313384,ARGUMENT
30064772045,68719477616,ARGUMENT
30064772045,55834575232,ARGUMENT
30064772046,30064772047,ARGUMENT
30064772046,30064772048,ARGUMENT
30064772047,68719477617,ARGUMENT
30064772047,55834575233,ARGUMENT
30064772048,30064772049,ARGUMENT
30064772048,30064772050,ARGUMENT
30064772048,90194313385,ARGUMENT
30064772049,68719477618,ARGUMENT
30064772049,68719477619,ARGUMENT
30064772050,68719477620,ARGUMENT
30064772050,55834575234,ARGUMENT
30064772051,68719477622,ARGUMENT
30064772051,30064772052,ARGUMENT
30064772052,30064772053,ARGUMENT
30064772053,30064772054,ARGUMENT
30064772053,55834575236,ARGUMENT
30064772054,68719477623,ARGUMENT
30064772054,55834575235,ARGUMENT
30064772055,68719477624,ARGUMENT
30064772055,30064772056,ARGUMENT
30064772056,30064772057,ARGUMENT
30064772056,90194313387,ARGUMENT
30064772057,30064772058,ARGUMENT
30064772058,90194313386,ARGUMENT
30064772058,30064772059,ARGUMENT
30064772059,30064772060,ARGUMENT
30064772059,55834575238,ARGUMENT
30064772060,68719477625,ARGUMENT
30064772060,55834575237,ARGUMENT
30064772061,68719477626,ARGUMENT
30064772061,30064772062,ARGUMENT
30064772062,30064772063,ARGUMENT
30064772063,68719477628,ARGUMENT
30064772063,68719477629,ARGUMENT
30064772063,68719477630,ARGUMENT
30064772064,68719477632,ARGUMENT
30064772064,25769803940,ARGUMENT
30064772065,68719477631,ARGUMENT
30064772065,55834575239,ARGUMENT
30064772066,30064772067,ARGUMENT
30064772066,90194313388,ARGUMENT
30064772067,68719477633,ARGUMENT
30064772067,55834575240,ARGUMENT
30064772068,30064772069,ARGUMENT
30064772068,68719477635,ARGUMENT
30064772069,68719477634,ARGUMENT
30064772069,55834575241,ARGUMENT
30064772070,68719477639,ARGUMENT
30064772070,90194313389,ARGUMENT
30064772070,68719477640,ARGUMENT
30064772071,68719477638,ARGUMENT
30064772071,55834575242,ARGUMENT
30064772072,68719477644,ARGUMENT
30064772072,25769803941,ARGUMENT
30064772073,30064772074,ARGUMENT
30064772073,55834575244,ARGUMENT
30064772074,68719477641,ARGUMENT
30064772074,30064772075,ARGUMENT
30064772075,68719477643,ARGUMENT
30064772075,90194313390,ARGUMENT
30064772076,68719477642,ARGUMENT
30064772076,55834575243,ARGUMENT
30064772077,30064772078,ARGUMENT
30064772077,90194313391,ARGUMENT
30064772078,68719477645,ARGUMENT
30064772078,55834575245,ARGUMENT
30064772079,30064772080,ARGUMENT
30064772079,30064772081,ARGUMENT
30064772080,68719477646,ARGUMENT
30064772080,55834575246,ARGUMENT
30064772081,30064772082,ARGUMENT
30064772081,30064772083,ARGUMENT
30064772081,90194313392,ARGUMENT
30064772082,68719477647,ARGUMENT
30064772082,68719477648,ARGUMENT
30064772083,68719477649,ARGUMENT
30064772083,55834575247,ARGUMENT
30064772084,68719477651,ARGUMENT
30064772084,30064772085,ARGUMENT
30064772085,30064772086,ARGUMENT
30064772086,30064772087,ARGUMENT
30064772086,55834575249,ARGUMENT
30064772087,68719477652,ARGUMENT
30064772087,55834575248,ARGUMENT
30064772088,68719477653,ARGUMENT
30064772088,30064772089,ARGUMENT
30064772089,90194313393,ARGUMENT
30064772089,30064772090,ARGUMENT
30064772090,30064772091,ARGUMENT
30064772090,55834575251,ARGUMENT
30064772091,68719477654,ARGUMENT
30064772091,55834575250,ARGUMENT
30064772092,68719477655,ARGUMENT
30064772092,30064772093,ARGUMENT
30064772093,30064772094,ARGUMENT
30064772093,30064772095,ARGUMENT
30064772093,90194313394,ARGUMENT
30064772094,68719477656,ARGUMENT
30064772094,68719477657,ARGUMENT
30064772095,68719477658,ARGUMENT
30064772096,68719477659,ARGUMENT
30064772096,30064772097,ARGUMENT
30064772097,30064772098,ARGUMENT
30064772098,68719477661,ARGUMENT
30064772098,68719477662,ARGUMENT
30064772098,68719477663,ARGUMENT
30064772099,68719477665,ARGUMENT
30064772099,25769803945,ARGUMENT
30064772100,68719477664,ARGUMENT
30064772100,55834575252,ARGUMENT
30064772101,30064772102,ARGUMENT
30064772101,90194313395,ARGUMENT
30064772102,68719477666,ARGUMENT
30064772102,55834575253,ARGUMENT
30064772103,30064772104,ARGUMENT
30064772103,68719477668,ARGUMENT
30064772104,68719477667,ARGUMENT
30064772104,55834575254,ARGUMENT
30064772105,68719477672,ARGUMENT
30064772105,90194313396,ARGUMENT
30064772105,68719477673,ARGUMENT
30064772106,68719477671,ARGUMENT
30064772106,55834575255,ARGUMENT
30064772107,68719477677,ARGUMENT
30064772107,25769803946,ARGUMENT
30064772108,30064772109,ARGUMENT
30064772108,55834575257,ARGUMENT
30064772109,68719477674,ARGUMENT
30064772109,30064772110,ARGUMENT
30064772110,68719477676,ARGUMENT
30064772110,90194313397,ARGUMENT
30064772111,68719477675,ARGUMENT
30064772111,55834575256,ARGUMENT
30064772112,30064772113,ARGUMENT
30064772112,90194313398,ARGUMENT
30064772113,68719477678,ARGUMENT
30064772113,55834575258,ARGUMENT
30064772114,30064772115,ARGUMENT
30064772114,30064772116,ARGUMENT
30064772115,68719477679,ARGUMENT
30064772115,55834575259,ARGUMENT
30064772116,30064772117,ARGUMENT
30064772116,30064772118,ARGUMENT
30064772116,90194313399,ARGUMENT
30064772117,68719477680,ARGUMENT
30064772117,68719477681,ARGUMENT
30064772118,68719477682,ARGUMENT
30064772118,55834575260,ARGUMENT
30064772119,68719477684,ARGUMENT
30064772119,30064772120,ARGUMENT
30064772120,30064772121,ARGUMENT
30064772121,30064772122,ARGUMENT
30064772121,55834575262,ARGUMENT
30064772122,68719477685,ARGUMENT
30064772122,55834575261,ARGUMENT
30064772123,68719477686,ARGUMENT
30064772123,30064772124,ARGUMENT
30064772124,30064772125,ARGUMENT
30064772124,90194313401,ARGUMENT
30064772125,90194313400,ARGUMENT
30064772125,30064772126,ARGUMENT
30064772126,30064772127,ARGUMENT
30064772126,55834575264,ARGUMENT
30064772127,68719477687,ARGUMENT
30064772127,55834575263,ARGUMENT
30064772128,68719477688,ARGUMENT
30064772128,30064772129,ARGUMENT
30064772129,30064772130,ARGUMENT
30064772129,90194313403,ARGUMENT
30064772130,30064772131,ARGUMENT
30064772131,90194313402,ARGUMENT
30064772131,30064772132,ARGUMENT
30064772132,30064772133,ARGUMENT
30064772132,55834575266,ARGUMENT
30064772133,68719477689,ARGUMENT
30064772133,55834575265,ARGUMENT
30064772134,68719477690,ARGUMENT
30064772135,68719477692,ARGUMENT
30064772135,25769803950,ARGUMENT
30064772136,68719477691,ARGUMENT
30064772136,55834575267,ARGUMENT
30064772137,30064772138,ARGUMENT
30064772137,90194313404,ARGUMENT
30064772138,68719477693,ARGUMENT
30064772138,55834575268,ARGUMENT
30064772139,30064772140,ARGUMENT
30064772139,30064772141,ARGUMENT
30064772140,68719477694,ARGUMENT
30064772140,55834575269,ARGUMENT
30064772142,68719477696,ARGUMENT
30064772142,30064772143,ARGUMENT
30064772143,30064772144,ARGUMENT
30064772144,68719477698,ARGUMENT
30064772144,68719477699,ARGUMENT
30064772144,68719477700,ARGUMENT
30064772144,68719477701,ARGUMENT
30064772145,68719477703,ARGUMENT
30064772145,25769803951,ARGUMENT
30064772146,68719477702,ARGUMENT
30064772146,55834575270,ARGUMENT
30064772147,30064772148,ARGUMENT
30064772147,90194313405,ARGUMENT
30064772148,68719477704,ARGUMENT
30064772148,55834575271,ARGUMENT
30064772149,30064772150,ARGUMENT
30064772149,68719477706,ARGUMENT
30064772150,68719477705,ARGUMENT
30064772150,55834575272,ARGUMENT
30064772151,68719477710,ARGUMENT
30064772151,90194313406,ARGUMENT
30064772151,68719477711,ARGUMENT
30064772152,68719477709,ARGUMENT
30064772152,55834575273,ARGUMENT
30064772153,68719477715,ARGUMENT
30064772153,25769803952,ARGUMENT
30064772154,30064772155,ARGUMENT
30064772154,55834575275,ARGUMENT
30064772155,68719477712,ARGUMENT
30064772155,30064772156,ARGUMENT
30064772156,68719477714,ARGUMENT
30064772156,90194313407,ARGUMENT
30064772157,68719477713,ARGUMENT
30064772157,55834575274,ARGUMENT
30064772158,30064772159,ARGUMENT
30064772158,90194313408,ARGUMENT
30064772159,68719477716,ARGUMENT
30064772159,55834575276,ARGUMENT
30064772160,30064772161,ARGUMENT
30064772160,30064772162,ARGUMENT
30064772161,68719477717,ARGUMENT
30064772161,55834575277,ARGUMENT
30064772162,30064772163,ARGUMENT
30064772162,30064772164,ARGUMENT
30064772162,90194313409,ARGUMENT
30064772163,68719477718,ARGUMENT
30064772163,68719477719,ARGUMENT
30064772164,68719477720,ARGUMENT
30064772164,55834575278,ARGUMENT
30064772165,68719477722,ARGUMENT
30064772165,30064772166,ARGUMENT
30064772166,68719477723,ARGUMENT
30064772166,55834575279,ARGUMENT
30064772167,68719477724,ARGUMENT
30064772167,30064772168,ARGUMENT
30064772168,68719477725,ARGUMENT
30064772168,55834575280,ARGUMENT
30064772169,68719477727,ARGUMENT
30064772169,30064772170,ARGUMENT
30064772170,30064772171,ARGUMENT
30064772171,68719477729,ARGUMENT
30064772171,68719477730,ARGUMENT
30064772172,68719477733,ARGUMENT
30064772172,25769803958,ARGUMENT
30064772173,68719477732,ARGUMENT
30064772173,55834575281,ARGUMENT
30064772174,30064772175,ARGUMENT
30064772174,90194313410,ARGUMENT
30064772175,68719477734,ARGUMENT
30064772175,55834575282,ARGUMENT
30064772176,30064772177,ARGUMENT
30064772176,90194313411,ARGUMENT
30064772177,68719477735,ARGUMENT
30064772177,55834575283,ARGUMENT
30064772178,68719477740,ARGUMENT
30064772178,25769803959,ARGUMENT
30064772179,30064772180,ARGUMENT
30064772179,55834575285,ARGUMENT
30064772180,68719477737,ARGUMENT
30064772180,30064772181,ARGUMENT
30064772181,68719477739,ARGUMENT
30064772181,90194313412,ARGUMENT
30064772182,68719477738,ARGUMENT
30064772182,55834575284,ARGUMENT
30064772183,30064772184,ARGUMENT
30064772183,90194313413,ARGUMENT
30064772184,68719477741,ARGUMENT
30064772184,55834575286,ARGUMENT
30064772185,30064772186,ARGUMENT
30064772185,90194313414,ARGUMENT
30064772186,68719477742,ARGUMENT
30064772186,55834575287,ARGUMENT
30064772187,68719477746,ARGUMENT
30064772187,90194313415,ARGUMENT
30064772187,68719477747,ARGUMENT
30064772188,68719477745,ARGUMENT
30064772188,55834575288,ARGUMENT
30064772189,68719477751,ARGUMENT
30064772189,25769803960,ARGUMENT
30064772190,30064772191,ARGUMENT
30064772190,55834575290,ARGUMENT
30064772191,68719477748,ARGUMENT
30064772191,30064772192,ARGUMENT
30064772192,68719477750,ARGUMENT
30064772192,90194313416,ARGUMENT
30064772193,68719477749,ARGUMENT
30064772193,55834575289,ARGUMENT
30064772194,30064772195,ARGUMENT
30064772194,90194313417,ARGUMENT
30064772195,68719477752,ARGUMENT
30064772195,55834575291,ARGUMENT
30064772196,30064772197,ARGUMENT
30064772196,30064772198,ARGUMENT
30064772197,68719477753,ARGUMENT
30064772197,55834575292,ARGUMENT
30064772198,30064772199,ARGUMENT
30064772198,30064772200,ARGUMENT
30064772198,90194313418,ARGUMENT
30064772199,68719477754,ARGUMENT
30064772199,68719477755,ARGUMENT
30064772200,68719477756,ARGUMENT
30064772200,55834575293,ARGUMENT
30064772201,68719477758,ARGUMENT
30064772201,30064772202,ARGUMENT
30064772202,68719477759,ARGUMENT
30064772202,55834575294,ARGUMENT
30064772203,68719477760,ARGUMENT
30064772203,30064772204,ARGUMENT
30064772204,68719477761,ARGUMENT
30064772204,55834575295,ARGUMENT
30064772205,68719477763,ARGUMENT
30064772205,30064772206,ARGUMENT
30064772206,30064772207,ARGUMENT
30064772207,68719477765,ARGUMENT
30064772207,68719477766,ARGUMENT
30064772208,68719477769,ARGUMENT
30064772208,25769803967,ARGUMENT
30064772209,68719477768,ARGUMENT
30064772209,55834575296,ARGUMENT
30064772210,30064772211,ARGUMENT
30064772210,90194313419,ARGUMENT
30064772211,68719477770,ARGUMENT
30064772211,55834575297,ARGUMENT
30064772212,30064772213,ARGUMENT
30064772212,90194313420,ARGUMENT
30064772213,68719477771,ARGUMENT
30064772213,55834575298,ARGUMENT
30064772214,68719477776,ARGUMENT
30064772214,25769803968,ARGUMENT
30064772215,30064772216,ARGUMENT
30064772215,55834575300,ARGUMENT
30064772216,68719477773,ARGUMENT
30064772216,30064772217,ARGUMENT
30064772217,68719477775,ARGUMENT
30064772217,90194313421,ARGUMENT
30064772218,68719477774,ARGUMENT
30064772218,55834575299,ARGUMENT
30064772219,30064772220,ARGUMENT
30064772219,90194313422,ARGUMENT
30064772220,68719477777,ARGUMENT
30064772220,55834575301,ARGUMENT
30064772221,30064772222,ARGUMENT
30064772221,90194313423,ARGUMENT
30064772222,68719477778,ARGUMENT
30064772222,55834575302,ARGUMENT
30064772223,68719477782,ARGUMENT
30064772223,90194313424,ARGUMENT
30064772223,68719477783,ARGUMENT
30064772224,68719477781,ARGUMENT
30064772224,55834575303,ARGUMENT
30064772225,68719477787,ARGUMENT
30064772225,25769803969,ARGUMENT
30064772226,30064772227,ARGUMENT
30064772226,55834575305,ARGUMENT
30064772227,68719477784,ARGUMENT
30064772227,30064772228,ARGUMENT
30064772228,68719477786,ARGUMENT
30064772228,90194313425,ARGUMENT
30064772229,68719477785,ARGUMENT
30064772229,55834575304,ARGUMENT
30064772230,30064772231,ARGUMENT
30064772230,90194313426,ARGUMENT
30064772231,68719477788,ARGUMENT
30064772231,55834575306,ARGUMENT
30064772232,30064772233,ARGUMENT
30064772232,30064772234,ARGUMENT
30064772233,68719477789,ARGUMENT
30064772233,55834575307,ARGUMENT
30064772234,30064772235,ARGUMENT
30064772234,30064772236,ARGUMENT
30064772234,90194313427,ARGUMENT
30064772235,68719477790,ARGUMENT
30064772235,68719477791,ARGUMENT
30064772236,68719477792,ARGUMENT
30064772236,55834575308,ARGUMENT
30064772237,68719477794,ARGUMENT
30064772237,30064772238,ARGUMENT
30064772238,68719477795,ARGUMENT
30064772238,55834575309,ARGUMENT
30064772239,68719477796,ARGUMENT
30064772239,30064772240,ARGUMENT
30064772240,68719477797,ARGUMENT
30064772240,55834575310,ARGUMENT
30064772241,68719477799,ARGUMENT
30064772241,30064772242,ARGUMENT
30064772242,30064772243,ARGUMENT
30064772243,68719477801,ARGUMENT
30064772243,68719477802,ARGUMENT
30064772244,68719477805,ARGUMENT
30064772244,25769803976,ARGUMENT
30064772245,68719477804,ARGUMENT
30064772245,55834575311,ARGUMENT
30064772246,30064772247,ARGUMENT
30064772246,90194313428,ARGUMENT
30064772247,68719477806,ARGUMENT
30064772247,55834575312,ARGUMENT
30064772248,30064772249,ARGUMENT
30064772248,90194313429,ARGUMENT
30064772249,68719477807,ARGUMENT
30064772249,55834575313,ARGUMENT
30064772250,68719477812,ARGUMENT
30064772250,25769803977,ARGUMENT
30064772251,30064772252,ARGUMENT
30064772251,55834575315,ARGUMENT
30064772252,68719477809,ARGUMENT
30064772252,30064772253,ARGUMENT
30064772253,68719477811,ARGUMENT
30064772253,90194313430,ARGUMENT
30064772254,68719477810,ARGUMENT
30064772254,55834575314,ARGUMENT
30064772255,30064772256,ARGUMENT
30064772255,90194313431,ARGUMENT
30064772256,68719477813,ARGUMENT
30064772256,55834575316,ARGUMENT
30064772257,30064772258,ARGUMENT
30064772257,90194313432,ARGUMENT
30064772258,68719477814,ARGUMENT
30064772258,55834575317,ARGUMENT
30064772259,68719477818,ARGUMENT
30064772259,90194313433,ARGUMENT
30064772259,68719477819,ARGUMENT
30064772260,68719477817,ARGUMENT
30064772260,55834575318,ARGUMENT
30064772261,68719477823,ARGUMENT
30064772261,25769803978,ARGUMENT
30064772262,30064772263,ARGUMENT
30064772262,55834575320,ARGUMENT
30064772263,68719477820,ARGUMENT
30064772263,30064772264,ARGUMENT
30064772264,68719477822,ARGUMENT
30064772264,90194313434,ARGUMENT
30064772265,68719477821,ARGUMENT
30064772265,55834575319,ARGUMENT
30064772266,30064772267,ARGUMENT
30064772266,90194313435,ARGUMENT
30064772267,68719477824,ARGUMENT
30064772267,55834575321,ARGUMENT
30064772268,30064772269,ARGUMENT
30064772268,30064772270,ARGUMENT
30064772269,68719477825,ARGUMENT
30064772269,55834575322,ARGUMENT
30064772270,30064772271,ARGUMENT
30064772270,30064772272,ARGUMENT
30064772270,90194313436,ARGUMENT
30064772271,68719477826,ARGUMENT
30064772271,68719477827,ARGUMENT
30064772272,68719477828,ARGUMENT
30064772272,55834575323,ARGUMENT
30064772273,68719477830,ARGUMENT
30064772273,30064772274,ARGUMENT
30064772274,68719477831,ARGUMENT
30064772274,55834575324,ARGUMENT
30064772275,68719477832,ARGUMENT
30064772275,30064772276,ARGUMENT
30064772276,68719477833,ARGUMENT
30064772276,55834575325,ARGUMENT
30064772277,68719477835,ARGUMENT
30064772277,30064772278,ARGUMENT
30064772278,30064772279,ARGUMENT
30064772279,68719477837,ARGUMENT
30064772279,68719477838,ARGUMENT
30064772280,68719477841,ARGUMENT
30064772280,25769803985,ARGUMENT
30064772281,68719477840,ARGUMENT
30064772281,55834575326,ARGUMENT
30064772282,30064772283,ARGUMENT
30064772282,90194313437,ARGUMENT
30064772283,68719477842,ARGUMENT
30064772283,55834575327,ARGUMENT
30064772284,30064772285,ARGUMENT
30064772284,90194313438,ARGUMENT
30064772285,68719477843,ARGUMENT
30064772285,55834575328,ARGUMENT
30064772286,68719477848,ARGUMENT
30064772286,25769803986,ARGUMENT
30064772287,30064772288,ARGUMENT
30064772287,55834575330,ARGUMENT
30064772288,68719477845,ARGUMENT
30064772288,30064772289,ARGUMENT
30064772289,68719477847,ARGUMENT
30064772289,90194313439,ARGUMENT
30064772290,68719477846,ARGUMENT
30064772290,55834575329,ARGUMENT
30064772291,30064772292,ARGUMENT
30064772291,90194313440,ARGUMENT
30064772292,68719477849,ARGUMENT
30064772292,55834575331,ARGUMENT
30064772293,30064772294,ARGUMENT
30064772293,90194313441,ARGUMENT
30064772294,68719477850,ARGUMENT
30064772294,55834575332,ARGUMENT
30064772295,68719477854,ARGUMENT
30064772295,90194313442,ARGUMENT
30064772295,68719477855,ARGUMENT
30064772296,68719477853,ARGUMENT
30064772296,55834575333,ARGUMENT
30064772297,68719477859,ARGUMENT
30064772297,25769803987,ARGUMENT
30064772298,30064772299,ARGUMENT
30064772298,55834575335,ARGUMENT
30064772299,68719477856,ARGUMENT
30064772299,30064772300,ARGUMENT
30064772300,68719477858,ARGUMENT
30064772300,90194313443,ARGUMENT
30064772301,68719477857,ARGUMENT
30064772301,55834575334,ARGUMENT
30064772302,30064772303,ARGUMENT
30064772302,90194313444,ARGUMENT
30064772303,68719477860,ARGUMENT
30064772303,55834575336,ARGUMENT
30064772304,30064772305,ARGUMENT
30064772304,30064772306,ARGUMENT
30064772305,68719477861,ARGUMENT
30064772305,55834575337,ARGUMENT
30064772306,30064772307,ARGUMENT
30064772306,30064772308,ARGUMENT
30064772306,90194313445,ARGUMENT
30064772307,68719477862,ARGUMENT
30064772307,68719477863,ARGUMENT
30064772308,68719477864,ARGUMENT
30064772308,55834575338,ARGUMENT
30064772309,68719477866,ARGUMENT
30064772309,30064772310,ARGUMENT
30064772310,30064772311,ARGUMENT
30064772311,30064772312,ARGUMENT
30064772311,55834575340,ARGUMENT
30064772312,68719477867,ARGUMENT
30064772312,55834575339,ARGUMENT
30064772313,68719477868,ARGUMENT
30064772313,30064772314,ARGUMENT
30064772314,30064772315,ARGUMENT
30064772314,90194313447,ARGUMENT
30064772315,30064772316,ARGUMENT
30064772316,90194313446,ARGUMENT
30064772316,30064772317,ARGUMENT
30064772317,30064772318,ARGUMENT
30064772317,55834575342,ARGUMENT
30064772318,68719477869,ARGUMENT
30064772318,55834575341,ARGUMENT
30064772319,68719477870,ARGUMENT
30064772319,30064772320,ARGUMENT
30064772320,30064772321,ARGUMENT
30064772321,68719477872,ARGUMENT
30064772321,68719477873,ARGUMENT
30064772321,68719477874,ARGUMENT
30064772322,68719477876,ARGUMENT
30064772322,25769803993,ARGUMENT
30064772323,68719477875,ARGUMENT
30064772323,55834575343,ARGUMENT
30064772324,30064772325,ARGUMENT
30064772324,90194313448,ARGUMENT
30064772325,68719477877,ARGUMENT
30064772325,55834575344,ARGUMENT
30064772326,30064772327,ARGUMENT
30064772326,68719477879,ARGUMENT
30064772327,68719477878,ARGUMENT
30064772327,55834575345,ARGUMENT
30064772328,68719477883,ARGUMENT
30064772328,90194313449,ARGUMENT
30064772328,68719477884,ARGUMENT
30064772329,68719477882,ARGUMENT
30064772329,55834575346,ARGUMENT
30064772330,68719477888,ARGUMENT
30064772330,25769803994,ARGUMENT
30064772331,30064772332,ARGUMENT
30064772331,55834575348,ARGUMENT
30064772332,68719477885,ARGUMENT
30064772332,30064772333,ARGUMENT
30064772333,68719477887,ARGUMENT
30064772333,90194313450,ARGUMENT
30064772334,68719477886,ARGUMENT
30064772334,55834575347,ARGUMENT
30064772335,30064772336,ARGUMENT
30064772335,90194313451,ARGUMENT
30064772336,68719477889,ARGUMENT
30064772336,55834575349,ARGUMENT
30064772337,30064772338,ARGUMENT
30064772337,30064772339,ARGUMENT
30064772338,68719477890,ARGUMENT
30064772338,55834575350,ARGUMENT
30064772339,30064772340,ARGUMENT
30064772339,30064772341,ARGUMENT
30064772339,90194313452,ARGUMENT
30064772340,68719477891,ARGUMENT
30064772340,68719477892,ARGUMENT
30064772341,68719477893,ARGUMENT
30064772341,55834575351,ARGUMENT
30064772342,30064772343,ARGUMENT
30064772343,68719477896,ARGUMENT
30064772344,68719477898,ARGUMENT
30064772344,25769803997,ARGUMENT
30064772345,68719477897,ARGUMENT
30064772345,55834575352,ARGUMENT
30064772346,30064772347,ARGUMENT
30064772346,90194313453,ARGUMENT
30064772347,68719477899,ARGUMENT
30064772347,55834575353,ARGUMENT
30064772348,30064772349,ARGUMENT
30064772348,90194313454,ARGUMENT
30064772349,68719477900,ARGUMENT
30064772349,55834575354,ARGUMENT
30064772350,68719477904,ARGUMENT
30064772350,90194313455,ARGUMENT
30064772350,68719477905,ARGUMENT
30064772351,68719477903,ARGUMENT
30064772351,55834575355,ARGUMENT
30064772352,68719477909,ARGUMENT
30064772352,25769803998,ARGUMENT
30064772353,30064772354,ARGUMENT
30064772353,55834575357,ARGUMENT
30064772354,68719477906,ARGUMENT
30064772354,30064772355,ARGUMENT
30064772355,68719477908,ARGUMENT
30064772355,90194313456,ARGUMENT
30064772356,68719477907,ARGUMENT
30064772356,55834575356,ARGUMENT
30064772357,30064772358,ARGUMENT
30064772357,90194313457,ARGUMENT
30064772358,68719477910,ARGUMENT
30064772358,55834575358,ARGUMENT
30064772359,30064772360,ARGUMENT
30064772359,30064772361,ARGUMENT
30064772360,68719477911,ARGUMENT
30064772360,55834575359,ARGUMENT
30064772361,30064772362,ARGUMENT
30064772361,30064772363,ARGUMENT
30064772361,90194313458,ARGUMENT
30064772362,68719477912,ARGUMENT
30064772362,68719477913,ARGUMENT
30064772363,68719477914,ARGUMENT
30064772363,55834575360,ARGUMENT
30064772364,68719477916,ARGUMENT
30064772364,30064772365,ARGUMENT
30064772365,30064772366,ARGUMENT
30064772366,30064772367,ARGUMENT
30064772366,55834575362,ARGUMENT
30064772367,68719477917,ARGUMENT
30064772367,55834575361,ARGUMENT
30064772368,68719477918,ARGUMENT
30064772368,30064772369,ARGUMENT
30064772369,30064772370,ARGUMENT
30064772369,90194313460,ARGUMENT
30064772370,90194313459,ARGUMENT
30064772370,30064772371,ARGUMENT
30064772371,30064772372,ARGUMENT
30064772371,55834575364,ARGUMENT
30064772372,68719477919,ARGUMENT
30064772372,55834575363,ARGUMENT
30064772373,68719477920,ARGUMENT
30064772373,30064772374,ARGUMENT
30064772374,30064772375,ARGUMENT
30064772374,90194313462,ARGUMENT
30064772375,30064772376,ARGUMENT
30064772376,90194313461,ARGUMENT
30064772376,30064772377,ARGUMENT
30064772377,30064772378,ARGUMENT
30064772377,55834575366,ARGUMENT
30064772378,68719477921,ARGUMENT
30064772378,55834575365,ARGUMENT
30064772379,68719477922,ARGUMENT
30064772379,30064772380,ARGUMENT
30064772380,30064772381,ARGUMENT
30064772380,90194313464,ARGUMENT
30064772381,30064772382,ARGUMENT
30064772382,90194313463,ARGUMENT
30064772382,30064772383,ARGUMENT
30064772383,30064772384,ARGUMENT
30064772383,55834575368,ARGUMENT
30064772384,68719477923,ARGUMENT
30064772384,55834575367,ARGUMENT
30064772385,30064772386,ARGUMENT
30064772386,68719477933,ARGUMENT
30064772386,68719477934,ARGUMENT
30064772387,30064772388,ARGUMENT
30064772387,55834575372,ARGUMENT
30064772388,68719477924,ARGUMENT
30064772388,25769804003,ARGUMENT
30064772389,68719477925,ARGUMENT
30064772389,30064772390,ARGUMENT
30064772391,68719477927,ARGUMENT
30064772391,90194313465,ARGUMENT
30064772392,68719477926,ARGUMENT
30064772392,55834575369,ARGUMENT
30064772393,68719477929,ARGUMENT
30064772393,90194313466,ARGUMENT
30064772394,68719477928,ARGUMENT
30064772394,55834575370,ARGUMENT
30064772395,68719477931,ARGUMENT
30064772395,90194313467,ARGUMENT
30064772396,68719477930,ARGUMENT
30064772396,55834575371,ARGUMENT
30064772397,68719477938,ARGUMENT
30064772397,25769804004,ARGUMENT
30064772398,30064772399,ARGUMENT
30064772398,55834575374,ARGUMENT
30064772399,68719477935,ARGUMENT
30064772399,30064772400,ARGUMENT
30064772400,68719477937,ARGUMENT
30064772400,90194313468,ARGUMENT
30064772401,68719477936,ARGUMENT
30064772401,55834575373,ARGUMENT
30064772402,30064772403,ARGUMENT
30064772402,90194313469,ARGUMENT
30064772403,68719477939,ARGUMENT
30064772403,55834575375,ARGUMENT
30064772404,30064772405,ARGUMENT
30064772404,90194313470,ARGUMENT
30064772405,68719477940,ARGUMENT
30064772405,55834575376,ARGUMENT
30064772406,68719477943,ARGUMENT
30064772406,30064772408,ARGUMENT
30064772407,68719477942,ARGUMENT
30064772407,55834575377,ARGUMENT
30064772408,90194313471,ARGUMENT
30064772408,68719477944,ARGUMENT
30064772408,90194313472,ARGUMENT
30064772408,68719477945,ARGUMENT
30064772408,90194313473,ARGUMENT
30064772408,68719477946,ARGUMENT
30064772408,90194313474,ARGUMENT
30064772408,68719477947,ARGUMENT
30064772408,90194313475,ARGUMENT
30064772409,68719477948,ARGUMENT
30064772409,30064772410,ARGUMENT
30064772410,30064772411,ARGUMENT
30064772411,68719477950,ARGUMENT
30064772411,68719477951,ARGUMENT
30064772411,68719477952,ARGUMENT
30064772411,68719477953,ARGUMENT
30064772411,68719477954,ARGUMENT
30064772412,68719477956,ARGUMENT
30064772412,30064772414,ARGUMENT
30064772413,68719477955,ARGUMENT
30064772413,55834575378,ARGUMENT
30064772414,90194313476,ARGUMENT
30064772414,30064772415,ARGUMENT
30064772414,90194313477,ARGUMENT
30064772415,30064772416,ARGUMENT
30064772415,55834575380,ARGUMENT
30064772416,68719477957,ARGUMENT
30064772416,55834575379,ARGUMENT
30064772417,68719477959,ARGUMENT
30064772417,25769804005,ARGUMENT
30064772418,68719477958,ARGUMENT
30064772418,55834575381,ARGUMENT
30064772419,30064772420,ARGUMENT
30064772419,90194313478,ARGUMENT
30064772420,68719477960,ARGUMENT
30064772420,55834575382,ARGUMENT
30064772421,30064772422,ARGUMENT
30064772421,68719477962,ARGUMENT
30064772422,68719477961,ARGUMENT
30064772422,55834575383,ARGUMENT
30064772423,68719477966,ARGUMENT
30064772423,90194313479,ARGUMENT
30064772423,68719477967,ARGUMENT
30064772424,68719477965,ARGUMENT
30064772424,55834575384,ARGUMENT
30064772425,68719477971,ARGUMENT
30064772425,25769804006,ARGUMENT
30064772426,30064772427,ARGUMENT
30064772426,55834575386,ARGUMENT
30064772427,68719477968,ARGUMENT
30064772427,30064772428,ARGUMENT
30064772428,68719477970,ARGUMENT
30064772428,90194313480,ARGUMENT
30064772429,68719477969,ARGUMENT
30064772429,55834575385,ARGUMENT
30064772430,30064772431,ARGUMENT
30064772430,90194313481,ARGUMENT
30064772431,68719477972,ARGUMENT
30064772431,55834575387,ARGUMENT
30064772432,30064772433,ARGUMENT
30064772432,30064772434,ARGUMENT
30064772433,68719477973,ARGUMENT
30064772433,55834575388,ARGUMENT
30064772434,30064772435,ARGUMENT
30064772434,30064772436,ARGUMENT
30064772434,90194313482,ARGUMENT
30064772435,68719477974,ARGUMENT
30064772435,68719477975,ARGUMENT
30064772436,68719477976,ARGUMENT
30064772436,55834575389,ARGUMENT
30064772437,30064772438,ARGUMENT
30064772437,30064772439,ARGUMENT
30064772438,68719477977,ARGUMENT
30064772438,55834575390,ARGUMENT
30064772439,30064772440,ARGUMENT
30064772439,30064772441,ARGUMENT
30064772439,68719477981,ARGUMENT
30064772440,68719477978,ARGUMENT
30064772440,68719477979,ARGUMENT
30064772441,68719477980,ARGUMENT
30064772441,55834575391,ARGUMENT
30064772442,68719477983,ARGUMENT
30064772442,30064772443,ARGUMENT
30064772443,30064771633,ARGUMENT
30064772443,55834575392,ARGUMENT
30064772444,68719477986,ARGUMENT
30064772444,30064772445,ARGUMENT
30064772445,30064771634,ARGUMENT
30064772445,55834575393,ARGUMENT
30064772446,68719477989,ARGUMENT
30064772446,30064772447,ARGUMENT
30064772447,30064771635,ARGUMENT
30064772447,55834575394,ARGUMENT
30064772448,68719477992,ARGUMENT
30064772448,30064772449,ARGUMENT
30064772449,30064771636,ARGUMENT
30064772449,55834575395,ARGUMENT
30064772450,68719477995,ARGUMENT
30064772450,30064772451,ARGUMENT
30064772451,30064771637,ARGUMENT
30064772451,55834575396,ARGUMENT
30064772452,68719477998,ARGUMENT
30064772452,30064772453,ARGUMENT
30064772453,30064771638,ARGUMENT
30064772453,55834575397,ARGUMENT
30064772454,68719478001,ARGUMENT
30064772454,30064772455,ARGUMENT
30064772455,30064771639,ARGUMENT
30064772455,55834575398,ARGUMENT
30064772456,68719478004,ARGUMENT
30064772456,30064772457,ARGUMENT
30064772457,30064771640,ARGUMENT
30064772457,55834575399,ARGUMENT
30064772458,68719478007,ARGUMENT
30064772458,30064772459,ARGUMENT
30064772459,30064771641,ARGUMENT
30064772459,55834575400,ARGUMENT
30064772460,68719478010,ARGUMENT
30064772460,30064772461,ARGUMENT
30064772461,30064771642,ARGUMENT
30064772461,55834575401,ARGUMENT
30064772462,68719478013,ARGUMENT
30064772462,30064772463,ARGUMENT
30064772463,30064771643,ARGUMENT
30064772463,55834575402,ARGUMENT
30064772464,68719478016,ARGUMENT
30064772464,30064772465,ARGUMENT
30064772465,30064771644,ARGUMENT
30064772465,55834575403,ARGUMENT
30064772466,68719478019,ARGUMENT
30064772466,30064772467,ARGUMENT
30064772467,30064771645,ARGUMENT
30064772467,55834575404,ARGUMENT
30064772468,68719478022,ARGUMENT
30064772468,30064772469,ARGUMENT
30064772469,30064771646,ARGUMENT
30064772469,55834575405,ARGUMENT
30064772470,68719478025,ARGUMENT
30064772470,30064772471,ARGUMENT
30064772471,30064771647,ARGUMENT
30064772471,55834575406,ARGUMENT
30064772472,68719478028,ARGUMENT
30064772472,30064772473,ARGUMENT
30064772473,30064771648,ARGUMENT
30064772473,55834575407,ARGUMENT
30064772474,68719478031,ARGUMENT
30064772474,30064772475,ARGUMENT
30064772475,30064771649,ARGUMENT
30064772475,55834575408,ARGUMENT
30064772476,68719478034,ARGUMENT
30064772476,30064772477,ARGUMENT
30064772477,30064771650,ARGUMENT
30064772477,55834575409,ARGUMENT
30064772478,68719478037,ARGUMENT
30064772478,30064772479,ARGUMENT
30064772479,30064771651,ARGUMENT
30064772479,55834575410,ARGUMENT
30064772480,68719478040,ARGUMENT
30064772480,120259084301,ARGUMENT
30064772481,30064772482,ARGUMENT
30064772481,68719478042,ARGUMENT
30064772482,68719478041,ARGUMENT
30064772482,55834575411,ARGUMENT
30064772483,68719478043,ARGUMENT
30064772483,120259084302,ARGUMENT
30064772484,30064772485,ARGUMENT
30064772484,68719478045,ARGUMENT
30064772485,68719478044,ARGUMENT
30064772485,55834575412,ARGUMENT
30064772486,68719478046,ARGUMENT
30064772486,120259084303,ARGUMENT
30064772487,30064772488,ARGUMENT
30064772487,68719478048,ARGUMENT
30064772488,68719478047,ARGUMENT
30064772488,55834575413,ARGUMENT
30064772489,68719478049,ARGUMENT
30064772489,120259084304,ARGUMENT
30064772490,30064772491,ARGUMENT
30064772490,68719478051,ARGUMENT
30064772491,68719478050,ARGUMENT
30064772491,55834575414,ARGUMENT
30064772492,68719478052,ARGUMENT
30064772492,120259084305,ARGUMENT
30064772493,30064772494,ARGUMENT
30064772493,68719478054,ARGUMENT
30064772494,68719478053,ARGUMENT
30064772494,55834575415,ARGUMENT
30064772495,68719478055,ARGUMENT
30064772495,120259084306,ARGUMENT
30064772496,30064772497,ARGUMENT
30064772496,68719478057,ARGUMENT
30064772497,68719478056,ARGUMENT
30064772497,55834575416,ARGUMENT
30064772498,68719478058,ARGUMENT
30064772498,120259084307,ARGUMENT
30064772499,30064772500,ARGUMENT
30064772499,68719478060,ARGUMENT
30064772500,68719478059,ARGUMENT
30064772500,55834575417,ARGUMENT
30064772501,68719478061,ARGUMENT
30064772501,120259084308,ARGUMENT
30064772502,30064772503,ARGUMENT
30064772502,68719478063,ARGUMENT
30064772503,68719478062,ARGUMENT
30064772503,55834575418,ARGUMENT
30064772504,68719478064,ARGUMENT
30064772504,120259084309,ARGUMENT
30064772505,30064772506,ARGUMENT
30064772505,68719478066,ARGUMENT
30064772506,68719478065,ARGUMENT
30064772506,55834575419,ARGUMENT
30064772507,68719478067,ARGUMENT
30064772507,120259084310,ARGUMENT
30064772508,30064772509,ARGUMENT
30064772508,68719478069,ARGUMENT
30064772509,68719478068,ARGUMENT
30064772509,55834575420,ARGUMENT
30064772510,68719478070,ARGUMENT
30064772510,120259084311,ARGUMENT
30064772511,30064772512,ARGUMENT
30064772511,68719478072,ARGUMENT
30064772512,68719478071,ARGUMENT
30064772512,55834575421,ARGUMENT
30064772513,68719478073,ARGUMENT
30064772513,120259084312,ARGUMENT
30064772514,30064772515,ARGUMENT
30064772514,68719478075,ARGUMENT
30064772515,68719478074,ARGUMENT
30064772515,55834575422,ARGUMENT
30064772516,68719478076,ARGUMENT
30064772516,120259084313,ARGUMENT
30064772517,30064772518,ARGUMENT
30064772517,68719478078,ARGUMENT
30064772518,68719478077,ARGUMENT
30064772518,55834575423,ARGUMENT
30064772519,68719478079,ARGUMENT
30064772519,120259084314,ARGUMENT
30064772520,30064772521,ARGUMENT
30064772520,68719478081,ARGUMENT
30064772521,68719478080,ARGUMENT
30064772521,55834575424,ARGUMENT
30064772522,68719478082,ARGUMENT
30064772522,120259084315,ARGUMENT
30064772523,30064772524,ARGUMENT
30064772523,68719478084,ARGUMENT
30064772524,68719478083,ARGUMENT
30064772524,55834575425,ARGUMENT
30064772525,68719478085,ARGUMENT
30064772525,120259084316,ARGUMENT
30064772526,30064772527,ARGUMENT
30064772526,68719478087,ARGUMENT
30064772527,68719478086,ARGUMENT
30064772527,55834575426,ARGUMENT
30064772528,68719478088,ARGUMENT
30064772528,120259084317,ARGUMENT
30064772529,30064772530,ARGUMENT
30064772529,68719478090,ARGUMENT
30064772530,68719478089,ARGUMENT
30064772530,55834575427,ARGUMENT
30064772531,68719478435,ARGUMENT
30064772531,90194313577,ARGUMENT
30064772532,68719478438,ARGUMENT
30064772532,90194313578,ARGUMENT
30064772533,68719478441,ARGUMENT
30064772533,90194313579,ARGUMENT
30064772534,68719478092,ARGUMENT
30064772534,30064772536,ARGUMENT
30064772535,68719478091,ARGUMENT
30064772535,55834575428,ARGUMENT
30064772536,68719478093,ARGUMENT
30064772536,55834575429,ARGUMENT
30064772537,68719478096,ARGUMENT
30064772537,120259084318,ARGUMENT
30064772538,30064772539,ARGUMENT
30064772538,55834575431,ARGUMENT
30064772539,68719478094,ARGUMENT
30064772539,30064772540,ARGUMENT
30064772540,68719478095,ARGUMENT
30064772540,55834575430,ARGUMENT
30064772541,68719478098,ARGUMENT
30064772541,30064772543,ARGUMENT
30064772541,30064772544,ARGUMENT
30064772542,68719478097,ARGUMENT
30064772542,55834575432,ARGUMENT
30064772543,68719478099,ARGUMENT
30064772543,55834575433,ARGUMENT
30064772544,30064772545,ARGUMENT
30064772544,30064772546,ARGUMENT
30064772544,90194313502,ARGUMENT
30064772545,68719478100,ARGUMENT
30064772545,55834575434,ARGUMENT
30064772546,30064772547,ARGUMENT
30064772547,68719478101,ARGUMENT
30064772547,55834575435,ARGUMENT
30064772548,68719478102,ARGUMENT
30064772548,25769804045,ARGUMENT
30064772549,68719478103,ARGUMENT
30064772549,30064772550,ARGUMENT
30064772551,68719478105,ARGUMENT
30064772552,68719478109,ARGUMENT
30064772552,120259084319,ARGUMENT
30064772553,30064772554,ARGUMENT
30064772553,55834575437,ARGUMENT
30064772554,68719478107,ARGUMENT
30064772554,30064772555,ARGUMENT
30064772555,68719478108,ARGUMENT
30064772555,55834575436,ARGUMENT
30064772556,30064772557,ARGUMENT
30064772556,68719478112,ARGUMENT
30064772557,68719478111,ARGUMENT
30064772557,55834575438,ARGUMENT
30064772558,30064772559,ARGUMENT
30064772558,68719478114,ARGUMENT
30064772559,68719478113,ARGUMENT
30064772559,55834575439,ARGUMENT
30064772560,30064772561,ARGUMENT
30064772560,30064772562,ARGUMENT
30064772561,68719478115,ARGUMENT
30064772561,55834575440,ARGUMENT
30064772562,30064772563,ARGUMENT
30064772562,90194313503,ARGUMENT
30064772563,68719478117,ARGUMENT
30064772563,68719478118,ARGUMENT
30064772564,68719478116,ARGUMENT
30064772564,55834575441,ARGUMENT
30064772565,30064772566,ARGUMENT
30064772565,30064772567,ARGUMENT
30064772566,68719478119,ARGUMENT
30064772566,55834575442,ARGUMENT
30064772567,30064772568,ARGUMENT
30064772567,90194313504,ARGUMENT
30064772568,68719478121,ARGUMENT
30064772568,68719478122,ARGUMENT
30064772569,68719478120,ARGUMENT
30064772569,55834575443,ARGUMENT
30064772570,30064772571,ARGUMENT
30064772570,30064772572,ARGUMENT
30064772571,68719478123,ARGUMENT
30064772571,55834575444,ARGUMENT
30064772572,30064772573,ARGUMENT
30064772572,90194313505,ARGUMENT
30064772573,68719478125,ARGUMENT
30064772573,68719478126,ARGUMENT
30064772574,68719478124,ARGUMENT
30064772574,55834575445,ARGUMENT
30064772575,30064772576,ARGUMENT
30064772575,30064772577,ARGUMENT
30064772576,68719478127,ARGUMENT
30064772576,55834575446,ARGUMENT
30064772577,30064772578,ARGUMENT
30064772577,90194313506,ARGUMENT
30064772578,68719478129,ARGUMENT
30064772578,68719478130,ARGUMENT
30064772579,68719478128,ARGUMENT
30064772579,55834575447,ARGUMENT
30064772580,30064772581,ARGUMENT
30064772580,30064772582,ARGUMENT
30064772581,68719478131,ARGUMENT
30064772581,55834575448,ARGUMENT
30064772582,30064772583,ARGUMENT
30064772582,90194313507,ARGUMENT
30064772583,68719478133,ARGUMENT
30064772583,68719478134,ARGUMENT
30064772584,68719478132,ARGUMENT
30064772584,55834575449,ARGUMENT
30064772585,30064772586,ARGUMENT
30064772585,30064772587,ARGUMENT
30064772586,68719478135,ARGUMENT
30064772586,55834575450,ARGUMENT
30064772587,30064772588,ARGUMENT
30064772587,90194313508,ARGUMENT
30064772588,68719478137,ARGUMENT
30064772588,68719478138,ARGUMENT
30064772589,68719478136,ARGUMENT
30064772589,55834575451,ARGUMENT
30064772590,68719478140,ARGUMENT
30064772590,30064772591,ARGUMENT
30064772591,30064772592,ARGUMENT
30064772592,30064772593,ARGUMENT
30064772592,55834575453,ARGUMENT
30064772593,68719478141,ARGUMENT
30064772593,55834575452,ARGUMENT
30064772594,68719478142,ARGUMENT
30064772594,30064772595,ARGUMENT
30064772595,30064772596,ARGUMENT
30064772595,90194313510,ARGUMENT
30064772596,30064772597,ARGUMENT
30064772597,90194313509,ARGUMENT
30064772597,30064772598,ARGUMENT
30064772598,30064772599,ARGUMENT
30064772598,55834575455,ARGUMENT
30064772599,68719478143,ARGUMENT
30064772599,55834575454,ARGUMENT
30064772600,68719478144,ARGUMENT
30064772601,68719478148,ARGUMENT
30064772601,25769804032,ARGUMENT
30064772602,30064772603,ARGUMENT
30064772602,55834575457,ARGUMENT
30064772603,68719478145,ARGUMENT
30064772603,30064772604,ARGUMENT
30064772604,68719478147,ARGUMENT
30064772604,90194313511,ARGUMENT
30064772605,68719478146,ARGUMENT
30064772605,55834575456,ARGUMENT
30064772606,30064772607,ARGUMENT
30064772606,90194313512,ARGUMENT
30064772607,68719478149,ARGUMENT
30064772607,55834575458,ARGUMENT
30064772608,30064772609,ARGUMENT
30064772608,90194313513,ARGUMENT
30064772609,68719478150,ARGUMENT
30064772609,55834575459,ARGUMENT
30064772610,68719478152,ARGUMENT
30064772610,30064772611,ARGUMENT
30064772611,68719478154,ARGUMENT
30064772612,68719478155,ARGUMENT
30064772612,30064772613,ARGUMENT
30064772613,30064772614,ARGUMENT
30064772614,25769804033,ARGUMENT
30064772615,68719478156,ARGUMENT
30064772615,30064772616,ARGUMENT
30064772617,68719478158,ARGUMENT
30064772617,30064772619,ARGUMENT
30064772618,68719478157,ARGUMENT
30064772618,55834575460,ARGUMENT
30064772619,68719478160,ARGUMENT
30064772619,30064772621,ARGUMENT
30064772619,25769804034,ARGUMENT
30064772620,68719478159,ARGUMENT
30064772620,55834575461,ARGUMENT
30064772621,90194313514,ARGUMENT
30064772621,68719478161,ARGUMENT
30064772621,90194313515,ARGUMENT
30064772622,68719478162,ARGUMENT
30064772622,30064772623,ARGUMENT
30064772624,68719478164,ARGUMENT
30064772624,68719478165,ARGUMENT
30064772625,68719478163,ARGUMENT
30064772625,55834575462,ARGUMENT
30064772626,68719478168,ARGUMENT
30064772626,30064772628,ARGUMENT
30064772627,68719478167,ARGUMENT
30064772627,55834575463,ARGUMENT
30064772628,68719478170,ARGUMENT
30064772628,30064772630,ARGUMENT
30064772628,25769804035,ARGUMENT
30064772629,68719478169,ARGUMENT
30064772629,55834575464,ARGUMENT
30064772630,90194313516,ARGUMENT
30064772630,68719478171,ARGUMENT
30064772630,90194313517,ARGUMENT
30064772631,68719478172,ARGUMENT
30064772631,30064772632,ARGUMENT
30064772633,68719478174,ARGUMENT
30064772633,68719478175,ARGUMENT
30064772634,68719478173,ARGUMENT
30064772634,55834575465,ARGUMENT
30064772635,68719478178,ARGUMENT
30064772635,30064772637,ARGUMENT
30064772636,68719478177,ARGUMENT
30064772636,55834575466,ARGUMENT
30064772637,68719478180,ARGUMENT
30064772637,30064772639,ARGUMENT
30064772637,25769804036,ARGUMENT
30064772638,68719478179,ARGUMENT
30064772638,55834575467,ARGUMENT
30064772639,90194313518,ARGUMENT
30064772639,68719478181,ARGUMENT
30064772639,90194313519,ARGUMENT
30064772640,68719478182,ARGUMENT
30064772640,30064772641,ARGUMENT
30064772642,68719478184,ARGUMENT
30064772642,68719478185,ARGUMENT
30064772643,68719478183,ARGUMENT
30064772643,55834575468,ARGUMENT
30064772644,68719478188,ARGUMENT
30064772644,30064772646,ARGUMENT
30064772645,68719478187,ARGUMENT
30064772645,55834575469,ARGUMENT
30064772646,68719478190,ARGUMENT
30064772646,30064772648,ARGUMENT
30064772646,25769804037,ARGUMENT
30064772647,68719478189,ARGUMENT
30064772647,55834575470,ARGUMENT
30064772648,90194313520,ARGUMENT
30064772648,68719478191,ARGUMENT
30064772648,90194313521,ARGUMENT
30064772649,68719478192,ARGUMENT
30064772649,30064772650,ARGUMENT
30064772651,68719478194,ARGUMENT
30064772651,68719478195,ARGUMENT
30064772652,68719478193,ARGUMENT
30064772652,55834575471,ARGUMENT
30064772653,68719478198,ARGUMENT
30064772653,30064772655,ARGUMENT
30064772654,68719478197,ARGUMENT
30064772654,55834575472,ARGUMENT
30064772655,68719478200,ARGUMENT
30064772655,30064772657,ARGUMENT
30064772655,25769804038,ARGUMENT
30064772656,68719478199,ARGUMENT
30064772656,55834575473,ARGUMENT
30064772657,90194313522,ARGUMENT
30064772657,68719478201,ARGUMENT
30064772657,90194313523,ARGUMENT
30064772658,68719478202,ARGUMENT
30064772658,30064772659,ARGUMENT
30064772660,68719478204,ARGUMENT
30064772660,68719478205,ARGUMENT
30064772661,68719478203,ARGUMENT
30064772661,55834575474,ARGUMENT
30064772662,68719478208,ARGUMENT
30064772662,30064772664,ARGUMENT
30064772663,68719478207,ARGUMENT
30064772663,55834575475,ARGUMENT
30064772664,68719478210,ARGUMENT
30064772664,30064772666,ARGUMENT
30064772664,25769804039,ARGUMENT
30064772665,68719478209,ARGUMENT
30064772665,55834575476,ARGUMENT
30064772666,90194313524,ARGUMENT
30064772666,68719478211,ARGUMENT
30064772666,90194313525,ARGUMENT
30064772667,68719478212,ARGUMENT
30064772667,30064772668,ARGUMENT
30064772669,68719478214,ARGUMENT
30064772669,68719478215,ARGUMENT
30064772670,68719478213,ARGUMENT
30064772670,55834575477,ARGUMENT
30064772671,68719478218,ARGUMENT
30064772671,30064772672,ARGUMENT
30064772672,68719478219,ARGUMENT
30064772672,90194313526,ARGUMENT
30064772673,68719478220,ARGUMENT
30064772673,30064772674,ARGUMENT
30064772674,68719478221,ARGUMENT
30064772674,90194313527,ARGUMENT
30064772675,68719478222,ARGUMENT
30064772675,30064772676,ARGUMENT
30064772676,68719478223,ARGUMENT
30064772676,90194313528,ARGUMENT
30064772677,68719478224,ARGUMENT
30064772677,30064772678,ARGUMENT
30064772678,68719478225,ARGUMENT
30064772678,90194313529,ARGUMENT
30064772679,68719478226,ARGUMENT
30064772679,30064772680,ARGUMENT
30064772680,68719478227,ARGUMENT
30064772680,90194313530,ARGUMENT
30064772681,68719478228,ARGUMENT
30064772681,30064772682,ARGUMENT
30064772682,68719478229,ARGUMENT
30064772682,90194313531,ARGUMENT
30064772683,68719478231,ARGUMENT
30064772683,25769804041,ARGUMENT
30064772684,68719478232,ARGUMENT
30064772684,30064772685,ARGUMENT
30064772686,68719478234,ARGUMENT
30064772687,68719478236,ARGUMENT
30064772687,120259084320,ARGUMENT
30064772688,68719478238,ARGUMENT
30064772688,68719478239,ARGUMENT
30064772689,68719478241,ARGUMENT
30064772689,68719478242,ARGUMENT
30064772690,68719478244,ARGUMENT
30064772690,68719478245,ARGUMENT
30064772691,68719478247,ARGUMENT
30064772691,68719478248,ARGUMENT
30064772692,68719478250,ARGUMENT
30064772692,68719478251,ARGUMENT
30064772693,68719478253,ARGUMENT
30064772693,68719478254,ARGUMENT
30064772694,68719478255,ARGUMENT
30064772694,120259084321,ARGUMENT
30064772695,68719478256,ARGUMENT
30064772695,30064772696,ARGUMENT
30064772696,68719478258,ARGUMENT
30064772696,68719478259,ARGUMENT
30064772697,68719478260,ARGUMENT
30064772697,30064772698,ARGUMENT
30064772698,68719478262,ARGUMENT
30064772698,68719478263,ARGUMENT
30064772699,68719478264,ARGUMENT
30064772699,30064772700,ARGUMENT
30064772700,68719478266,ARGUMENT
30064772700,68719478267,ARGUMENT
30064772701,68719478268,ARGUMENT
30064772701,30064772702,ARGUMENT
30064772702,68719478270,ARGUMENT
30064772702,68719478271,ARGUMENT
30064772703,68719478272,ARGUMENT
30064772703,30064772704,ARGUMENT
30064772704,68719478274,ARGUMENT
30064772704,68719478275,ARGUMENT
30064772705,68719478276,ARGUMENT
30064772705,30064772706,ARGUMENT
30064772706,68719478278,ARGUMENT
30064772706,68719478279,ARGUMENT
30064772707,68719478280,ARGUMENT
30064772707,30064772708,ARGUMENT
30064772708,68719478287,ARGUMENT
30064772708,120259084322,ARGUMENT
30064772709,30064772710,ARGUMENT
30064772709,55834575480,ARGUMENT
30064772710,68719478281,ARGUMENT
30064772710,30064772711,ARGUMENT
30064772711,68719478286,ARGUMENT
30064772712,30064772713,ARGUMENT
30064772712,55834575479,ARGUMENT
30064772713,68719478282,ARGUMENT
30064772713,30064772714,ARGUMENT
30064772714,68719478284,ARGUMENT
30064772714,68719478285,ARGUMENT
30064772715,68719478283,ARGUMENT
30064772715,55834575478,ARGUMENT
30064772716,68719478289,ARGUMENT
30064772716,25769804049,ARGUMENT
30064772717,68719478288,ARGUMENT
30064772717,55834575481,ARGUMENT
30064772718,30064772719,ARGUMENT
30064772718,90194313532,ARGUMENT
30064772719,68719478290,ARGUMENT
30064772719,55834575482,ARGUMENT
30064772720,30064772721,ARGUMENT
30064772720,68719478292,ARGUMENT
30064772721,68719478291,ARGUMENT
30064772721,55834575483,ARGUMENT
30064772722,68719478296,ARGUMENT
30064772722,90194313533,ARGUMENT
30064772722,68719478297,ARGUMENT
30064772723,68719478295,ARGUMENT
30064772723,55834575484,ARGUMENT
30064772724,68719478301,ARGUMENT
30064772724,25769804050,ARGUMENT
30064772725,30064772726,ARGUMENT
30064772725,55834575486,ARGUMENT
30064772726,68719478298,ARGUMENT
30064772726,30064772727,ARGUMENT
30064772727,68719478300,ARGUMENT
30064772727,90194313534,ARGUMENT
30064772728,68719478299,ARGUMENT
30064772728,55834575485,ARGUMENT
30064772729,30064772730,ARGUMENT
30064772729,90194313535,ARGUMENT
30064772730,68719478302,ARGUMENT
30064772730,55834575487,ARGUMENT
30064772731,30064772732,ARGUMENT
30064772731,30064772733,ARGUMENT
30064772732,68719478303,ARGUMENT
30064772732,55834575488,ARGUMENT
30064772733,30064772734,ARGUMENT
30064772733,30064772735,ARGUMENT
30064772733,90194313536,ARGUMENT
30064772734,68719478304,ARGUMENT
30064772734,68719478305,ARGUMENT
30064772735,68719478306,ARGUMENT
30064772735,55834575489,ARGUMENT
30064772736,68719478308,ARGUMENT
30064772736,30064772737,ARGUMENT
30064772737,30064772738,ARGUMENT
30064772738,30064772739,ARGUMENT
30064772738,55834575491,ARGUMENT
30064772739,68719478309,ARGUMENT
30064772739,55834575490,ARGUMENT
30064772740,68719478310,ARGUMENT
30064772741,68719478314,ARGUMENT
30064772741,25769804055,ARGUMENT
30064772742,30064772743,ARGUMENT
30064772742,55834575493,ARGUMENT
30064772743,68719478311,ARGUMENT
30064772743,30064772744,ARGUMENT
30064772744,68719478313,ARGUMENT
30064772744,90194313537,ARGUMENT
30064772745,68719478312,ARGUMENT
30064772745,55834575492,ARGUMENT
30064772746,30064772747,ARGUMENT
30064772746,90194313538,ARGUMENT
30064772747,68719478315,ARGUMENT
30064772747,55834575494,ARGUMENT
30064772748,30064772749,ARGUMENT
30064772748,90194313539,ARGUMENT
30064772749,68719478316,ARGUMENT
30064772749,55834575495,ARGUMENT
30064772750,68719478318,ARGUMENT
30064772750,30064772751,ARGUMENT
30064772751,68719478320,ARGUMENT
30064772752,68719478321,ARGUMENT
30064772752,30064772753,ARGUMENT
30064772753,30064772754,ARGUMENT
30064772754,25769804056,ARGUMENT
30064772755,68719478322,ARGUMENT
30064772755,30064772756,ARGUMENT
30064772757,68719478324,ARGUMENT
30064772757,30064772759,ARGUMENT
30064772758,68719478323,ARGUMENT
30064772758,55834575496,ARGUMENT
30064772759,68719478326,ARGUMENT
30064772759,90194313540,ARGUMENT
30064772759,25769804057,ARGUMENT
30064772760,68719478325,ARGUMENT
30064772760,55834575497,ARGUMENT
30064772761,68719478327,ARGUMENT
30064772761,30064772762,ARGUMENT
30064772763,68719478329,ARGUMENT
30064772763,68719478330,ARGUMENT
30064772764,68719478328,ARGUMENT
30064772764,55834575498,ARGUMENT
30064772765,68719478333,ARGUMENT
30064772765,30064772767,ARGUMENT
30064772766,68719478332,ARGUMENT
30064772766,55834575499,ARGUMENT
30064772767,68719478335,ARGUMENT
30064772767,90194313541,ARGUMENT
30064772767,25769804058,ARGUMENT
30064772768,68719478334,ARGUMENT
30064772768,55834575500,ARGUMENT
30064772769,68719478336,ARGUMENT
30064772769,30064772770,ARGUMENT
30064772771,68719478338,ARGUMENT
30064772771,68719478339,ARGUMENT
30064772772,68719478337,ARGUMENT
30064772772,55834575501,ARGUMENT
30064772773,68719478342,ARGUMENT
30064772773,30064772775,ARGUMENT
30064772774,68719478341,ARGUMENT
30064772774,55834575502,ARGUMENT
30064772775,68719478344,ARGUMENT
30064772775,90194313542,ARGUMENT
30064772775,25769804059,ARGUMENT
30064772776,68719478343,ARGUMENT
30064772776,55834575503,ARGUMENT
30064772777,68719478345,ARGUMENT
30064772777,30064772778,ARGUMENT
30064772779,68719478347,ARGUMENT
30064772779,68719478348,ARGUMENT
30064772780,68719478346,ARGUMENT
30064772780,55834575504,ARGUMENT
30064772781,68719478351,ARGUMENT
30064772781,30064772783,ARGUMENT
30064772782,68719478350,ARGUMENT
30064772782,55834575505,ARGUMENT
30064772783,68719478353,ARGUMENT
30064772783,90194313543,ARGUMENT
30064772783,25769804060,ARGUMENT
30064772784,68719478352,ARGUMENT
30064772784,55834575506,ARGUMENT
30064772785,68719478354,ARGUMENT
30064772785,30064772786,ARGUMENT
30064772787,68719478356,ARGUMENT
30064772787,68719478357,ARGUMENT
30064772788,68719478355,ARGUMENT
30064772788,55834575507,ARGUMENT
30064772789,68719478360,ARGUMENT
30064772789,30064772791,ARGUMENT
30064772790,68719478359,ARGUMENT
30064772790,55834575508,ARGUMENT
30064772791,68719478362,ARGUMENT
30064772791,90194313544,ARGUMENT
30064772791,25769804061,ARGUMENT
30064772792,68719478361,ARGUMENT
30064772792,55834575509,ARGUMENT
30064772793,68719478363,ARGUMENT
30064772793,30064772794,ARGUMENT
30064772795,68719478365,ARGUMENT
30064772795,68719478366,ARGUMENT
30064772796,68719478364,ARGUMENT
30064772796,55834575510,ARGUMENT
30064772797,68719478369,ARGUMENT
30064772797,30064772799,ARGUMENT
30064772798,68719478368,ARGUMENT
30064772798,55834575511,ARGUMENT
30064772799,68719478371,ARGUMENT
30064772799,90194313545,ARGUMENT
30064772799,25769804062,ARGUMENT
30064772800,68719478370,ARGUMENT
30064772800,55834575512,ARGUMENT
30064772801,68719478372,ARGUMENT
30064772801,30064772802,ARGUMENT
30064772803,68719478374,ARGUMENT
30064772803,68719478375,ARGUMENT
30064772804,68719478373,ARGUMENT
30064772804,55834575513,ARGUMENT
30064772805,68719478378,ARGUMENT
30064772805,30064772806,ARGUMENT
30064772806,68719478379,ARGUMENT
30064772806,90194313546,ARGUMENT
30064772807,68719478380,ARGUMENT
30064772807,30064772808,ARGUMENT
30064772808,68719478381,ARGUMENT
30064772808,90194313547,ARGUMENT
30064772809,68719478382,ARGUMENT
30064772809,30064772810,ARGUMENT
30064772810,68719478383,ARGUMENT
30064772810,90194313548,ARGUMENT
30064772811,68719478384,ARGUMENT
30064772811,30064772812,ARGUMENT
30064772812,68719478385,ARGUMENT
30064772812,90194313549,ARGUMENT
30064772813,68719478386,ARGUMENT
30064772813,30064772814,ARGUMENT
30064772814,68719478387,ARGUMENT
30064772814,90194313550,ARGUMENT
30064772815,68719478388,ARGUMENT
30064772815,30064772816,ARGUMENT
30064772816,68719478389,ARGUMENT
30064772816,90194313551,ARGUMENT
30064772817,68719478391,ARGUMENT
30064772817,25769804064,ARGUMENT
30064772818,30064772819,ARGUMENT
30064772818,30064772820,ARGUMENT
30064772819,68719478392,ARGUMENT
30064772819,55834575514,ARGUMENT
30064772820,30064772821,ARGUMENT
30064772820,30064772824,ARGUMENT
30064772820,90194313554,ARGUMENT
30064772821,30064772822,ARGUMENT
30064772821,55834575516,ARGUMENT
30064772822,30064772823,ARGUMENT
30064772822,90194313552,ARGUMENT
30064772823,68719478393,ARGUMENT
30064772823,55834575515,ARGUMENT
30064772824,30064772825,ARGUMENT
30064772825,30064772826,ARGUMENT
30064772825,55834575518,ARGUMENT
30064772826,30064772827,ARGUMENT
30064772826,90194313553,ARGUMENT
30064772827,68719478394,ARGUMENT
30064772827,55834575517,ARGUMENT
30064772828,30064772829,ARGUMENT
30064772828,30064772830,ARGUMENT
30064772829,68719478395,ARGUMENT
30064772829,55834575519,ARGUMENT
30064772830,30064772831,ARGUMENT
30064772830,30064772834,ARGUMENT
30064772830,90194313557,ARGUMENT
30064772831,30064772832,ARGUMENT
30064772831,55834575521,ARGUMENT
30064772832,30064772833,ARGUMENT
30064772832,90194313555,ARGUMENT
30064772833,68719478396,ARGUMENT
30064772833,55834575520,ARGUMENT
30064772834,30064772835,ARGUMENT
30064772835,30064772836,ARGUMENT
30064772835,55834575523,ARGUMENT
30064772836,30064772837,ARGUMENT
30064772836,90194313556,ARGUMENT
30064772837,68719478397,ARGUMENT
30064772837,55834575522,ARGUMENT
30064772838,30064772839,ARGUMENT
30064772838,30064772840,ARGUMENT
30064772839,68719478398,ARGUMENT
30064772839,55834575524,ARGUMENT
30064772840,30064772841,ARGUMENT
30064772840,30064772844,ARGUMENT
30064772840,90194313560,ARGUMENT
30064772841,30064772842,ARGUMENT
30064772841,55834575526,ARGUMENT
30064772842,30064772843,ARGUMENT
30064772842,90194313558,ARGUMENT
30064772843,68719478399,ARGUMENT
30064772843,55834575525,ARGUMENT
30064772844,30064772845,ARGUMENT
30064772845,30064772846,ARGUMENT
30064772845,55834575528,ARGUMENT
30064772846,30064772847,ARGUMENT
30064772846,90194313559,ARGUMENT
30064772847,68719478400,ARGUMENT
30064772847,55834575527,ARGUMENT
30064772848,30064772849,ARGUMENT
30064772848,30064772850,ARGUMENT
30064772849,68719478401,ARGUMENT
30064772849,55834575529,ARGUMENT
30064772850,30064772851,ARGUMENT
30064772850,30064772854,ARGUMENT
30064772850,90194313563,ARGUMENT
30064772851,30064772852,ARGUMENT
30064772851,55834575531,ARGUMENT
30064772852,30064772853,ARGUMENT
30064772852,90194313561,ARGUMENT
30064772853,68719478402,ARGUMENT
30064772853,55834575530,ARGUMENT
30064772854,30064772855,ARGUMENT
30064772855,30064772856,ARGUMENT
30064772855,55834575533,ARGUMENT
30064772856,30064772857,ARGUMENT
30064772856,90194313562,ARGUMENT
30064772857,68719478403,ARGUMENT
30064772857,55834575532,ARGUMENT
30064772858,30064772859,ARGUMENT
30064772858,30064772860,ARGUMENT
30064772859,68719478404,ARGUMENT
30064772859,55834575534,ARGUMENT
30064772860,30064772861,ARGUMENT
30064772860,30064772864,ARGUMENT
30064772860,90194313566,ARGUMENT
30064772861,30064772862,ARGUMENT
30064772861,55834575536,ARGUMENT
30064772862,30064772863,ARGUMENT
30064772862,90194313564,ARGUMENT
30064772863,68719478405,ARGUMENT
30064772863,55834575535,ARGUMENT
30064772864,30064772865,ARGUMENT
30064772865,30064772866,ARGUMENT
30064772865,55834575538,ARGUMENT
30064772866,30064772867,ARGUMENT
30064772866,90194313565,ARGUMENT
30064772867,68719478406,ARGUMENT
30064772867,55834575537,ARGUMENT
30064772868,30064772869,ARGUMENT
30064772868,30064772870,ARGUMENT
30064772869,68719478407,ARGUMENT
30064772869,55834575539,ARGUMENT
30064772870,30064772871,ARGUMENT
30064772870,30064772874,ARGUMENT
30064772870,90194313569,ARGUMENT
30064772871,30064772872,ARGUMENT
30064772871,55834575541,ARGUMENT
30064772872,30064772873,ARGUMENT
30064772872,90194313567,ARGUMENT
30064772873,68719478408,ARGUMENT
30064772873,55834575540,ARGUMENT
30064772874,30064772875,ARGUMENT
30064772875,30064772876,ARGUMENT
30064772875,55834575543,ARGUMENT
30064772876,30064772877,ARGUMENT
30064772876,90194313568,ARGUMENT
30064772877,68719478409,ARGUMENT
30064772877,55834575542,ARGUMENT
30064772878,30064772879,ARGUMENT
30064772878,30064772880,ARGUMENT
30064772879,68719478410,ARGUMENT
30064772879,55834575544,ARGUMENT
30064772880,30064772881,ARGUMENT
30064772880,90194313571,ARGUMENT
30064772881,30064772882,ARGUMENT
30064772881,55834575546,ARGUMENT
30064772882,30064772883,ARGUMENT
30064772882,90194313570,ARGUMENT
30064772883,68719478411,ARGUMENT
30064772883,55834575545,ARGUMENT
30064772884,68719478414,ARGUMENT
30064772884,25769804065,ARGUMENT
30064772885,68719478413,ARGUMENT
30064772885,55834575547,ARGUMENT
30064772886,30064772887,ARGUMENT
30064772886,90194313572,ARGUMENT
30064772887,68719478415,ARGUMENT
30064772887,55834575548,ARGUMENT
30064772888,30064772889,ARGUMENT
30064772888,68719478417,ARGUMENT
30064772889,68719478416,ARGUMENT
30064772889,55834575549,ARGUMENT
30064772890,68719478421,ARGUMENT
30064772890,90194313573,ARGUMENT
30064772890,68719478422,ARGUMENT
30064772891,68719478420,ARGUMENT
30064772891,55834575550,ARGUMENT
30064772892,68719478426,ARGUMENT
30064772892,25769804066,ARGUMENT
30064772893,30064772894,ARGUMENT
30064772893,55834575552,ARGUMENT
30064772894,68719478423,ARGUMENT
30064772894,30064772895,ARGUMENT
30064772895,68719478425,ARGUMENT
30064772895,90194313574,ARGUMENT
30064772896,68719478424,ARGUMENT
30064772896,55834575551,ARGUMENT
30064772897,30064772898,ARGUMENT
30064772897,90194313575,ARGUMENT
30064772898,68719478427,ARGUMENT
30064772898,55834575553,ARGUMENT
30064772899,30064772900,ARGUMENT
30064772899,30064772901,ARGUMENT
30064772900,68719478428,ARGUMENT
30064772900,55834575554,ARGUMENT
30064772901,30064772902,ARGUMENT
30064772901,30064772903,ARGUMENT
30064772901,90194313576,ARGUMENT
30064772902,68719478429,ARGUMENT
30064772902,68719478430,ARGUMENT
30064772903,68719478431,ARGUMENT
30064772903,55834575555,ARGUMENT
30064772904,68719478433,ARGUMENT
30064772904,30064772905,ARGUMENT
30064772905,30064772531,ARGUMENT
30064772905,55834575556,ARGUMENT
30064772906,68719478436,ARGUMENT
30064772906,30064772907,ARGUMENT
30064772907,30064772532,ARGUMENT
30064772907,55834575557,ARGUMENT
30064772908,68719478439,ARGUMENT
30064772908,30064772909,ARGUMENT
30064772909,30064772533,ARGUMENT
30064772909,55834575558,ARGUMENT
30064772910,68719478442,ARGUMENT
30064772910,120259084323,ARGUMENT
30064772911,30064772912,ARGUMENT
30064772911,68719478444,ARGUMENT
30064772912,68719478443,ARGUMENT
30064772912,55834575559,ARGUMENT
30064772913,68719478445,ARGUMENT
30064772913,120259084324,ARGUMENT
30064772914,30064772915,ARGUMENT
30064772914,68719478447,ARGUMENT
30064772915,68719478446,ARGUMENT
30064772915,55834575560,ARGUMENT
30064772916,68719478633,ARGUMENT
30064772916,90194313626,ARGUMENT
30064772917,68719478636,ARGUMENT
30064772917,90194313627,ARGUMENT
30064772918,68719478639,ARGUMENT
30064772918,90194313628,ARGUMENT
30064772919,68719478642,ARGUMENT
30064772919,90194313629,ARGUMENT
30064772920,68719478448,ARGUMENT
30064772920,30064772921,ARGUMENT
30064772921,30064772922,ARGUMENT
30064772922,30064772923,ARGUMENT
30064772922,55834575562,ARGUMENT
30064772923,68719478449,ARGUMENT
30064772923,55834575561,ARGUMENT
30064772924,68719478450,ARGUMENT
30064772925,68719478454,ARGUMENT
30064772925,25769804075,ARGUMENT
30064772926,30064772927,ARGUMENT
30064772926,55834575564,ARGUMENT
30064772927,68719478451,ARGUMENT
30064772927,30064772928,ARGUMENT
30064772928,68719478453,ARGUMENT
30064772928,90194313580,ARGUMENT
30064772929,68719478452,ARGUMENT
30064772929,55834575563,ARGUMENT
30064772930,30064772931,ARGUMENT
30064772930,90194313581,ARGUMENT
30064772931,68719478455,ARGUMENT
30064772931,55834575565,ARGUMENT
30064772932,30064772933,ARGUMENT
30064772932,90194313582,ARGUMENT
30064772933,68719478456,ARGUMENT
30064772933,55834575566,ARGUMENT
30064772934,68719478459,ARGUMENT
30064772934,30064772936,ARGUMENT
30064772935,68719478458,ARGUMENT
30064772935,55834575567,ARGUMENT
30064772936,90194313583,ARGUMENT
30064772936,68719478460,ARGUMENT
30064772936,90194313584,ARGUMENT
30064772937,68719478461,ARGUMENT
30064772937,30064772938,ARGUMENT
30064772938,30064772939,ARGUMENT
30064772939,68719478463,ARGUMENT
30064772939,68719478464,ARGUMENT
30064772940,68719478462,ARGUMENT
30064772940,55834575568,ARGUMENT
30064772941,68719478466,ARGUMENT
30064772941,25769804076,ARGUMENT
30064772942,68719478465,ARGUMENT
30064772942,55834575569,ARGUMENT
30064772943,30064772944,ARGUMENT
30064772943,90194313585,ARGUMENT
30064772944,68719478467,ARGUMENT
30064772944,55834575570,ARGUMENT
30064772945,30064772946,ARGUMENT
30064772945,90194313586,ARGUMENT
30064772946,68719478468,ARGUMENT
30064772946,55834575571,ARGUMENT
30064772947,30064772948,ARGUMENT
30064772947,68719478470,ARGUMENT
30064772948,68719478469,ARGUMENT
30064772948,55834575572,ARGUMENT
30064772949,68719478474,ARGUMENT
30064772949,90194313587,ARGUMENT
30064772949,68719478475,ARGUMENT
30064772950,68719478473,ARGUMENT
30064772950,55834575573,ARGUMENT
30064772951,68719478477,ARGUMENT
30064772951,90194313588,ARGUMENT
30064772951,30064772953,ARGUMENT
30064772952,68719478476,ARGUMENT
30064772952,55834575574,ARGUMENT
30064772953,30064772954,ARGUMENT
30064772953,30064772955,ARGUMENT
30064772953,90194313589,ARGUMENT
30064772954,68719478478,ARGUMENT
30064772954,68719478479,ARGUMENT
30064772955,68719478480,ARGUMENT
30064772955,55834575575,ARGUMENT
30064772956,68719478484,ARGUMENT
30064772956,25769804077,ARGUMENT
30064772957,30064772958,ARGUMENT
30064772957,55834575577,ARGUMENT
30064772958,68719478481,ARGUMENT
30064772958,30064772959,ARGUMENT
30064772959,68719478483,ARGUMENT
30064772959,90194313590,ARGUMENT
30064772960,68719478482,ARGUMENT
30064772960,55834575576,ARGUMENT
30064772961,30064772962,ARGUMENT
30064772961,90194313591,ARGUMENT
30064772962,68719478485,ARGUMENT
30064772962,55834575578,ARGUMENT
30064772963,30064772964,ARGUMENT
30064772963,30064772965,ARGUMENT
30064772964,68719478486,ARGUMENT
30064772964,55834575579,ARGUMENT
30064772965,30064772966,ARGUMENT
30064772965,30064772967,ARGUMENT
30064772965,90194313592,ARGUMENT
30064772966,68719478487,ARGUMENT
30064772966,68719478488,ARGUMENT
30064772967,68719478489,ARGUMENT
30064772967,55834575580,ARGUMENT
30064772968,30064772969,ARGUMENT
30064772968,30064772970,ARGUMENT
30064772969,68719478490,ARGUMENT
30064772969,55834575581,ARGUMENT
30064772970,30064772971,ARGUMENT
30064772970,30064772972,ARGUMENT
30064772970,68719478494,ARGUMENT
30064772971,68719478491,ARGUMENT
30064772971,68719478492,ARGUMENT
30064772972,68719478493,ARGUMENT
30064772972,55834575582,ARGUMENT
30064772973,68719478496,ARGUMENT
30064772973,30064772974,ARGUMENT
30064772974,30064772975,ARGUMENT
30064772975,30064772976,ARGUMENT
30064772975,55834575584,ARGUMENT
30064772976,68719478497,ARGUMENT
30064772976,55834575583,ARGUMENT
30064772977,68719478498,ARGUMENT
30064772978,68719478502,ARGUMENT
30064772978,25769804082,ARGUMENT
30064772979,30064772980,ARGUMENT
30064772979,55834575586,ARGUMENT
30064772980,68719478499,ARGUMENT
30064772980,30064772981,ARGUMENT
30064772981,68719478501,ARGUMENT
30064772981,90194313593,ARGUMENT
30064772982,68719478500,ARGUMENT
30064772982,55834575585,ARGUMENT
30064772983,30064772984,ARGUMENT
30064772983,90194313594,ARGUMENT
30064772984,68719478503,ARGUMENT
30064772984,55834575587,ARGUMENT
30064772985,30064772986,ARGUMENT
30064772985,90194313595,ARGUMENT
30064772986,68719478504,ARGUMENT
30064772986,55834575588,ARGUMENT
30064772987,68719478506,ARGUMENT
30064772987,30064772988,ARGUMENT
30064772988,30064772989,ARGUMENT
30064772989,68719478508,ARGUMENT
30064772989,68719478509,ARGUMENT
30064772990,68719478507,ARGUMENT
30064772990,55834575589,ARGUMENT
30064772991,68719478510,ARGUMENT
30064772992,68719478514,ARGUMENT
30064772992,25769804083,ARGUMENT
30064772993,30064772994,ARGUMENT
30064772993,55834575591,ARGUMENT
30064772994,68719478511,ARGUMENT
30064772994,30064772995,ARGUMENT
30064772995,68719478513,ARGUMENT
30064772995,90194313596,ARGUMENT
30064772996,68719478512,ARGUMENT
30064772996,55834575590,ARGUMENT
30064772997,30064772998,ARGUMENT
30064772997,90194313597,ARGUMENT
30064772998,68719478515,ARGUMENT
30064772998,55834575592,ARGUMENT
30064772999,30064773000,ARGUMENT
30064772999,90194313598,ARGUMENT
30064773000,68719478516,ARGUMENT
30064773000,55834575593,ARGUMENT
30064773001,68719478519,ARGUMENT
30064773001,25769804084,ARGUMENT
30064773002,68719478518,ARGUMENT
30064773002,55834575594,ARGUMENT
30064773003,30064773004,ARGUMENT
30064773003,90194313599,ARGUMENT
30064773004,68719478520,ARGUMENT
30064773004,55834575595,ARGUMENT
30064773005,30064773006,ARGUMENT
30064773005,68719478522,ARGUMENT
30064773006,68719478521,ARGUMENT
30064773006,55834575596,ARGUMENT
30064773007,68719478526,ARGUMENT
30064773007,90194313600,ARGUMENT
30064773007,68719478527,ARGUMENT
30064773008,68719478525,ARGUMENT
30064773008,55834575597,ARGUMENT
30064773009,68719478531,ARGUMENT
30064773009,25769804085,ARGUMENT
30064773010,30064773011,ARGUMENT
30064773010,55834575599,ARGUMENT
30064773011,68719478528,ARGUMENT
30064773011,30064773012,ARGUMENT
30064773012,68719478530,ARGUMENT
30064773012,90194313601,ARGUMENT
30064773013,68719478529,ARGUMENT
30064773013,55834575598,ARGUMENT
30064773014,30064773015,ARGUMENT
30064773014,90194313602,ARGUMENT
30064773015,68719478532,ARGUMENT
30064773015,55834575600,ARGUMENT
30064773016,30064773017,ARGUMENT
30064773016,30064773018,ARGUMENT
30064773017,68719478533,ARGUMENT
30064773017,55834575601,ARGUMENT
30064773018,30064773019,ARGUMENT
30064773018,30064773020,ARGUMENT
30064773018,90194313603,ARGUMENT
30064773019,68719478534,ARGUMENT
30064773019,68719478535,ARGUMENT
30064773020,68719478536,ARGUMENT
30064773020,55834575602,ARGUMENT
30064773021,68719478538,ARGUMENT
30064773021,30064773022,ARGUMENT
30064773022,30064773023,ARGUMENT
30064773023,30064773024,ARGUMENT
30064773023,55834575604,ARGUMENT
30064773024,68719478539,ARGUMENT
30064773024,55834575603,ARGUMENT
30064773025,68719478540,ARGUMENT
30064773026,68719478544,ARGUMENT
30064773026,25769804091,ARGUMENT
30064773027,30064773028,ARGUMENT
30064773027,55834575606,ARGUMENT
30064773028,68719478541,ARGUMENT
30064773028,30064773029,ARGUMENT
30064773029,68719478543,ARGUMENT
30064773029,90194313604,ARGUMENT
30064773030,68719478542,ARGUMENT
30064773030,55834575605,ARGUMENT
30064773031,30064773032,ARGUMENT
30064773031,90194313605,ARGUMENT
30064773032,68719478545,ARGUMENT
30064773032,55834575607,ARGUMENT
30064773033,30064773034,ARGUMENT
30064773033,90194313606,ARGUMENT
30064773034,68719478546,ARGUMENT
30064773034,55834575608,ARGUMENT
30064773035,68719478548,ARGUMENT
30064773035,30064773036,ARGUMENT
30064773036,30064773037,ARGUMENT
30064773037,68719478550,ARGUMENT
30064773037,68719478551,ARGUMENT
30064773038,68719478549,ARGUMENT
30064773038,55834575609,ARGUMENT
30064773039,68719478552,ARGUMENT
30064773040,68719478556,ARGUMENT
30064773040,25769804092,ARGUMENT
30064773041,30064773042,ARGUMENT
30064773041,55834575611,ARGUMENT
30064773042,68719478553,ARGUMENT
30064773042,30064773043,ARGUMENT
30064773043,68719478555,ARGUMENT
30064773043,90194313607,ARGUMENT
30064773044,68719478554,ARGUMENT
30064773044,55834575610,ARGUMENT
30064773045,30064773046,ARGUMENT
30064773045,90194313608,ARGUMENT
30064773046,68719478557,ARGUMENT
30064773046,55834575612,ARGUMENT
30064773047,30064773048,ARGUMENT
30064773047,90194313609,ARGUMENT
30064773048,68719478558,ARGUMENT
30064773048,55834575613,ARGUMENT
30064773049,68719478560,ARGUMENT
30064773049,30064773050,ARGUMENT
30064773050,30064773051,ARGUMENT
30064773051,68719478562,ARGUMENT
30064773051,68719478563,ARGUMENT
30064773052,68719478561,ARGUMENT
30064773052,55834575614,ARGUMENT
30064773053,68719478564,ARGUMENT
30064773053,30064773054,ARGUMENT
30064773054,30064773055,ARGUMENT
30064773055,68719478566,ARGUMENT
30064773055,68719478567,ARGUMENT
30064773055,90194313610,ARGUMENT
30064773056,68719478565,ARGUMENT
30064773056,55834575615,ARGUMENT
30064773057,68719478569,ARGUMENT
30064773057,25769804093,ARGUMENT
30064773058,68719478568,ARGUMENT
30064773058,55834575616,ARGUMENT
30064773059,30064773060,ARGUMENT
30064773059,90194313611,ARGUMENT
30064773060,68719478570,ARGUMENT
30064773060,55834575617,ARGUMENT
30064773061,30064773062,ARGUMENT
30064773061,25769804094,ARGUMENT
30064773062,68719478571,ARGUMENT
30064773062,55834575618,ARGUMENT
30064773063,30064773064,ARGUMENT
30064773063,68719478573,ARGUMENT
30064773064,68719478572,ARGUMENT
30064773064,55834575619,ARGUMENT
30064773065,30064773066,ARGUMENT
30064773065,68719478575,ARGUMENT
30064773066,68719478574,ARGUMENT
30064773066,55834575620,ARGUMENT
30064773067,30064773068,ARGUMENT
30064773067,68719478577,ARGUMENT
30064773068,68719478576,ARGUMENT
30064773068,55834575621,ARGUMENT
30064773069,68719478582,ARGUMENT
30064773069,90194313612,ARGUMENT
30064773069,68719478583,ARGUMENT
30064773070,68719478581,ARGUMENT
30064773070,55834575622,ARGUMENT
30064773071,68719478587,ARGUMENT
30064773071,25769804095,ARGUMENT
30064773072,30064773073,ARGUMENT
30064773072,55834575624,ARGUMENT
30064773073,68719478584,ARGUMENT
30064773073,30064773074,ARGUMENT
30064773074,68719478586,ARGUMENT
30064773074,90194313613,ARGUMENT
30064773075,68719478585,ARGUMENT
30064773075,55834575623,ARGUMENT
30064773076,30064773077,ARGUMENT
30064773076,90194313614,ARGUMENT
30064773077,68719478588,ARGUMENT
30064773077,55834575625,ARGUMENT
30064773078,30064773079,ARGUMENT
30064773078,30064773080,ARGUMENT
30064773079,68719478589,ARGUMENT
30064773079,55834575626,ARGUMENT
30064773080,30064773081,ARGUMENT
30064773080,30064773082,ARGUMENT
30064773080,90194313615,ARGUMENT
30064773081,68719478590,ARGUMENT
30064773081,68719478591,ARGUMENT
30064773082,68719478592,ARGUMENT
30064773082,55834575627,ARGUMENT
30064773083,68719478594,ARGUMENT
30064773083,30064773084,ARGUMENT
30064773084,30064773085,ARGUMENT
30064773085,30064773086,ARGUMENT
30064773085,55834575629,ARGUMENT
30064773086,68719478595,ARGUMENT
30064773086,55834575628,ARGUMENT
30064773087,68719478596,ARGUMENT
30064773087,30064773088,ARGUMENT
30064773088,30064773089,ARGUMENT
30064773088,90194313617,ARGUMENT
30064773089,30064773090,ARGUMENT
30064773090,90194313616,ARGUMENT
30064773090,30064773091,ARGUMENT
30064773091,30064773092,ARGUMENT
30064773091,55834575631,ARGUMENT
30064773092,68719478597,ARGUMENT
30064773092,55834575630,ARGUMENT
30064773093,68719478598,ARGUMENT
30064773094,68719478602,ARGUMENT
30064773094,25769804101,ARGUMENT
30064773095,30064773096,ARGUMENT
30064773095,55834575633,ARGUMENT
30064773096,68719478599,ARGUMENT
30064773096,30064773097,ARGUMENT
30064773097,68719478601,ARGUMENT
30064773097,90194313618,ARGUMENT
30064773098,68719478600,ARGUMENT
30064773098,55834575632,ARGUMENT
30064773099,30064773100,ARGUMENT
30064773099,90194313619,ARGUMENT
30064773100,68719478603,ARGUMENT
30064773100,55834575634,ARGUMENT
30064773101,30064773102,ARGUMENT
30064773101,90194313620,ARGUMENT
30064773102,68719478604,ARGUMENT
30064773102,55834575635,ARGUMENT
30064773103,68719478606,ARGUMENT
30064773103,30064773104,ARGUMENT
30064773104,30064773105,ARGUMENT
30064773105,68719478608,ARGUMENT
30064773105,68719478609,ARGUMENT
30064773105,68719478610,ARGUMENT
30064773106,68719478607,ARGUMENT
30064773106,55834575636,ARGUMENT
30064773107,68719478612,ARGUMENT
30064773107,25769804102,ARGUMENT
30064773108,68719478611,ARGUMENT
30064773108,55834575637,ARGUMENT
30064773109,30064773110,ARGUMENT
30064773109,90194313621,ARGUMENT
30064773110,68719478613,ARGUMENT
30064773110,55834575638,ARGUMENT
30064773111,30064773112,ARGUMENT
30064773111,68719478615,ARGUMENT
30064773112,68719478614,ARGUMENT
30064773112,55834575639,ARGUMENT
30064773113,68719478619,ARGUMENT
30064773113,90194313622,ARGUMENT
30064773113,68719478620,ARGUMENT
30064773114,68719478618,ARGUMENT
30064773114,55834575640,ARGUMENT
30064773115,68719478624,ARGUMENT
30064773115,25769804103,ARGUMENT
30064773116,30064773117,ARGUMENT
30064773116,55834575642,ARGUMENT
30064773117,68719478621,ARGUMENT
30064773117,30064773118,ARGUMENT
30064773118,68719478623,ARGUMENT
30064773118,90194313623,ARGUMENT
30064773119,68719478622,ARGUMENT
30064773119,55834575641,ARGUMENT
30064773120,30064773121,ARGUMENT
30064773120,90194313624,ARGUMENT
30064773121,68719478625,ARGUMENT
30064773121,55834575643,ARGUMENT
30064773122,30064773123,ARGUMENT
30064773122,30064773124,ARGUMENT
30064773123,68719478626,ARGUMENT
30064773123,55834575644,ARGUMENT
30064773124,30064773125,ARGUMENT
30064773124,30064773126,ARGUMENT
30064773124,90194313625,ARGUMENT
30064773125,68719478627,ARGUMENT
30064773125,68719478628,ARGUMENT
30064773126,68719478629,ARGUMENT
30064773126,55834575645,ARGUMENT
30064773127,68719478631,ARGUMENT
30064773127,30064773128,ARGUMENT
30064773128,30064772916,ARGUMENT
30064773128,55834575646,ARGUMENT
30064773129,68719478634,ARGUMENT
30064773129,30064773130,ARGUMENT
30064773130,30064772917,ARGUMENT
30064773130,55834575647,ARGUMENT
30064773131,68719478637,ARGUMENT
30064773131,30064772918,ARGUMENT
30064773132,68719478640,ARGUMENT
30064773132,30064772919,ARGUMENT
30064773133,68719478643,ARGUMENT
30064773133,120259084325,ARGUMENT
30064773134,30064773135,ARGUMENT
30064773134,68719478645,ARGUMENT
30064773135,68719478644,ARGUMENT
30064773135,55834575648,ARGUMENT
30064773136,68719478646,ARGUMENT
30064773136,120259084326,ARGUMENT
30064773137,30064773138,ARGUMENT
30064773137,68719478648,ARGUMENT
30064773138,68719478647,ARGUMENT
30064773138,55834575649,ARGUMENT
30064773139,68719478649,ARGUMENT
30064773139,120259084327,ARGUMENT
30064773140,30064773141,ARGUMENT
30064773140,68719478651,ARGUMENT
30064773141,68719478650,ARGUMENT
30064773141,55834575650,ARGUMENT
30064773142,68719478652,ARGUMENT
30064773142,120259084328,ARGUMENT
30064773143,30064773144,ARGUMENT
30064773143,68719478654,ARGUMENT
30064773144,68719478653,ARGUMENT
30064773144,55834575651,ARGUMENT
30064773145,68719478740,ARGUMENT
30064773145,90194313654,ARGUMENT
30064773146,68719478743,ARGUMENT
30064773146,90194313655,ARGUMENT
30064773147,68719478746,ARGUMENT
30064773147,90194313656,ARGUMENT
30064773148,68719478749,ARGUMENT
30064773148,90194313657,ARGUMENT
30064773149,68719478655,ARGUMENT
30064773149,30064773150,ARGUMENT
30064773150,30064773151,ARGUMENT
30064773151,30064773152,ARGUMENT
30064773151,55834575653,ARGUMENT
30064773152,68719478656,ARGUMENT
30064773152,55834575652,ARGUMENT
30064773153,68719478657,ARGUMENT
30064773154,68719478661,ARGUMENT
30064773154,25769804114,ARGUMENT
30064773155,30064773156,ARGUMENT
30064773155,55834575655,ARGUMENT
30064773156,68719478658,ARGUMENT
30064773156,30064773157,ARGUMENT
30064773157,68719478660,ARGUMENT
30064773157,90194313630,ARGUMENT
30064773158,68719478659,ARGUMENT
30064773158,55834575654,ARGUMENT
30064773159,30064773160,ARGUMENT
30064773159,90194313631,ARGUMENT
30064773160,68719478662,ARGUMENT
30064773160,55834575656,ARGUMENT
30064773161,30064773162,ARGUMENT
30064773161,90194313632,ARGUMENT
30064773162,68719478663,ARGUMENT
30064773162,55834575657,ARGUMENT
30064773163,68719478666,ARGUMENT
30064773163,30064773165,ARGUMENT
30064773164,68719478665,ARGUMENT
30064773164,55834575658,ARGUMENT
30064773165,90194313633,ARGUMENT
30064773165,68719478667,ARGUMENT
30064773165,90194313634,ARGUMENT
30064773166,68719478668,ARGUMENT
30064773166,30064773167,ARGUMENT
30064773167,30064773168,ARGUMENT
30064773168,68719478670,ARGUMENT
30064773168,68719478671,ARGUMENT
30064773169,68719478669,ARGUMENT
30064773169,55834575659,ARGUMENT
30064773170,68719478673,ARGUMENT
30064773170,25769804115,ARGUMENT
30064773171,68719478672,ARGUMENT
30064773171,55834575660,ARGUMENT
30064773172,30064773173,ARGUMENT
30064773172,90194313635,ARGUMENT
30064773173,68719478674,ARGUMENT
30064773173,55834575661,ARGUMENT
30064773174,30064773175,ARGUMENT
30064773174,90194313636,ARGUMENT
30064773175,68719478675,ARGUMENT
30064773175,55834575662,ARGUMENT
30064773176,30064773177,ARGUMENT
30064773176,68719478677,ARGUMENT
30064773177,68719478676,ARGUMENT
30064773177,55834575663,ARGUMENT
30064773178,68719478681,ARGUMENT
30064773178,90194313637,ARGUMENT
30064773178,68719478682,ARGUMENT
30064773179,68719478680,ARGUMENT
30064773179,55834575664,ARGUMENT
30064773180,68719478686,ARGUMENT
30064773180,25769804116,ARGUMENT
30064773181,30064773182,ARGUMENT
30064773181,55834575666,ARGUMENT
30064773182,68719478683,ARGUMENT
30064773182,30064773183,ARGUMENT
30064773183,68719478685,ARGUMENT
30064773183,90194313638,ARGUMENT
30064773184,68719478684,ARGUMENT
30064773184,55834575665,ARGUMENT
30064773185,30064773186,ARGUMENT
30064773185,90194313639,ARGUMENT
30064773186,68719478687,ARGUMENT
30064773186,55834575667,ARGUMENT
30064773187,30064773188,ARGUMENT
30064773187,30064773189,ARGUMENT
30064773188,68719478688,ARGUMENT
30064773188,55834575668,ARGUMENT
30064773189,30064773190,ARGUMENT
30064773189,30064773191,ARGUMENT
30064773189,90194313640,ARGUMENT
30064773190,68719478689,ARGUMENT
30064773190,68719478690,ARGUMENT
30064773191,68719478691,ARGUMENT
30064773191,55834575669,ARGUMENT
30064773192,68719478693,ARGUMENT
30064773192,30064773193,ARGUMENT
30064773193,30064773194,ARGUMENT
30064773194,30064773195,ARGUMENT
30064773194,55834575671,ARGUMENT
30064773195,68719478694,ARGUMENT
30064773195,55834575670,ARGUMENT
30064773196,68719478695,ARGUMENT
30064773197,68719478699,ARGUMENT
30064773197,25769804121,ARGUMENT
30064773198,30064773199,ARGUMENT
30064773198,55834575673,ARGUMENT
30064773199,68719478696,ARGUMENT
30064773199,30064773200,ARGUMENT
30064773200,68719478698,ARGUMENT
30064773200,90194313641,ARGUMENT
30064773201,68719478697,ARGUMENT
30064773201,55834575672,ARGUMENT
30064773202,30064773203,ARGUMENT
30064773202,90194313642,ARGUMENT
30064773203,68719478700,ARGUMENT
30064773203,55834575674,ARGUMENT
30064773204,30064773205,ARGUMENT
30064773204,90194313643,ARGUMENT
30064773205,68719478701,ARGUMENT
30064773205,55834575675,ARGUMENT
30064773206,68719478704,ARGUMENT
30064773206,30064773208,ARGUMENT
30064773207,68719478703,ARGUMENT
30064773207,55834575676,ARGUMENT
30064773208,90194313644,ARGUMENT
30064773208,68719478705,ARGUMENT
30064773208,90194313645,ARGUMENT
30064773209,68719478706,ARGUMENT
30064773209,30064773210,ARGUMENT
30064773210,30064773211,ARGUMENT
30064773211,68719478708,ARGUMENT
30064773211,68719478709,ARGUMENT
30064773212,68719478707,ARGUMENT
30064773212,55834575677,ARGUMENT
30064773213,68719478710,ARGUMENT
30064773214,68719478714,ARGUMENT
30064773214,25769804122,ARGUMENT
30064773215,30064773216,ARGUMENT
30064773215,55834575679,ARGUMENT
30064773216,68719478711,ARGUMENT
30064773216,30064773217,ARGUMENT
30064773217,68719478713,ARGUMENT
30064773217,90194313646,ARGUMENT
30064773218,68719478712,ARGUMENT
30064773218,55834575678,ARGUMENT
30064773219,30064773220,ARGUMENT
30064773219,90194313647,ARGUMENT
30064773220,68719478715,ARGUMENT
30064773220,55834575680,ARGUMENT
30064773221,30064773222,ARGUMENT
30064773221,90194313648,ARGUMENT
30064773222,68719478716,ARGUMENT
30064773222,55834575681,ARGUMENT
30064773223,68719478719,ARGUMENT
30064773223,25769804123,ARGUMENT
30064773224,68719478718,ARGUMENT
30064773224,55834575682,ARGUMENT
30064773225,30064773226,ARGUMENT
30064773225,90194313649,ARGUMENT
30064773226,68719478720,ARGUMENT
30064773226,55834575683,ARGUMENT
30064773227,30064773228,ARGUMENT
30064773227,68719478722,ARGUMENT
30064773228,68719478721,ARGUMENT
30064773228,55834575684,ARGUMENT
30064773229,68719478726,ARGUMENT
30064773229,90194313650,ARGUMENT
30064773229,68719478727,ARGUMENT
30064773230,68719478725,ARGUMENT
30064773230,55834575685,ARGUMENT
30064773231,68719478731,ARGUMENT
30064773231,25769804124,ARGUMENT
30064773232,30064773233,ARGUMENT
30064773232,55834575687,ARGUMENT
30064773233,68719478728,ARGUMENT
30064773233,30064773234,ARGUMENT
30064773234,68719478730,ARGUMENT
30064773234,90194313651,ARGUMENT
30064773235,68719478729,ARGUMENT
30064773235,55834575686,ARGUMENT
30064773236,30064773237,ARGUMENT
30064773236,90194313652,ARGUMENT
30064773237,68719478732,ARGUMENT
30064773237,55834575688,ARGUMENT
30064773238,30064773239,ARGUMENT
30064773238,30064773240,ARGUMENT
30064773239,68719478733,ARGUMENT
30064773239,55834575689,ARGUMENT
30064773240,30064773241,ARGUMENT
30064773240,30064773242,ARGUMENT
30064773240,90194313653,ARGUMENT
30064773241,68719478734,ARGUMENT
30064773241,68719478735,ARGUMENT
30064773242,68719478736,ARGUMENT
30064773242,55834575690,ARGUMENT
30064773243,68719478738,ARGUMENT
30064773243,30064773244,ARGUMENT
30064773244,30064773145,ARGUMENT
30064773244,55834575691,ARGUMENT
30064773245,68719478741,ARGUMENT
30064773245,30064773246,ARGUMENT
30064773246,30064773146,ARGUMENT
30064773246,55834575692,ARGUMENT
30064773247,68719478744,ARGUMENT
30064773247,30064773147,ARGUMENT
30064773248,68719478747,ARGUMENT
30064773248,30064773148,ARGUMENT
30064773249,68719478750,ARGUMENT
30064773249,120259084329,ARGUMENT
30064773250,30064773251,ARGUMENT
30064773250,68719478752,ARGUMENT
30064773251,68719478751,ARGUMENT
30064773251,55834575693,ARGUMENT
30064773252,68719478753,ARGUMENT
30064773252,120259084330,ARGUMENT
30064773253,30064773254,ARGUMENT
30064773253,68719478755,ARGUMENT
30064773254,68719478754,ARGUMENT
30064773254,55834575694,ARGUMENT
30064773255,68719478917,ARGUMENT
30064773255,90194313707,ARGUMENT
30064773256,68719478920,ARGUMENT
30064773256,90194313708,ARGUMENT
30064773257,68719478923,ARGUMENT
30064773257,90194313709,ARGUMENT
30064773258,68719478926,ARGUMENT
30064773258,90194313710,ARGUMENT
30064773259,68719478756,ARGUMENT
30064773259,30064773260,ARGUMENT
30064773260,30064773261,ARGUMENT
30064773260,90194313658,ARGUMENT
30064773261,30064773262,ARGUMENT
30064773261,55834575696,ARGUMENT
30064773262,68719478757,ARGUMENT
30064773262,55834575695,ARGUMENT
30064773263,68719478758,ARGUMENT
30064773264,68719478762,ARGUMENT
30064773264,25769804134,ARGUMENT
30064773265,30064773266,ARGUMENT
30064773265,55834575698,ARGUMENT
30064773266,68719478759,ARGUMENT
30064773266,30064773267,ARGUMENT
30064773267,68719478761,ARGUMENT
30064773267,90194313659,ARGUMENT
30064773268,68719478760,ARGUMENT
30064773268,55834575697,ARGUMENT
30064773269,30064773270,ARGUMENT
30064773269,90194313660,ARGUMENT
30064773270,68719478763,ARGUMENT
30064773270,55834575699,ARGUMENT
30064773271,30064773272,ARGUMENT
30064773271,90194313661,ARGUMENT
30064773272,68719478764,ARGUMENT
30064773272,55834575700,ARGUMENT
30064773273,68719478767,ARGUMENT
30064773273,30064773275,ARGUMENT
30064773274,68719478766,ARGUMENT
30064773274,55834575701,ARGUMENT
30064773275,90194313662,ARGUMENT
30064773275,68719478768,ARGUMENT
30064773275,90194313663,ARGUMENT
30064773276,68719478769,ARGUMENT
30064773276,30064773277,ARGUMENT
30064773277,30064773278,ARGUMENT
30064773278,68719478771,ARGUMENT
30064773278,68719478772,ARGUMENT
30064773279,68719478770,ARGUMENT
30064773279,55834575702,ARGUMENT
30064773280,68719478774,ARGUMENT
30064773280,25769804135,ARGUMENT
30064773281,68719478773,ARGUMENT
30064773281,55834575703,ARGUMENT
30064773282,30064773283,ARGUMENT
30064773282,90194313664,ARGUMENT
30064773283,68719478775,ARGUMENT
30064773283,55834575704,ARGUMENT
30064773284,30064773285,ARGUMENT
30064773284,68719478777,ARGUMENT
30064773285,68719478776,ARGUMENT
30064773285,55834575705,ARGUMENT
30064773286,30064773287,ARGUMENT
30064773286,90194313665,ARGUMENT
30064773287,68719478778,ARGUMENT
30064773287,55834575706,ARGUMENT
30064773288,68719478782,ARGUMENT
30064773288,90194313666,ARGUMENT
30064773288,68719478783,ARGUMENT
30064773289,68719478781,ARGUMENT
30064773289,55834575707,ARGUMENT
30064773290,68719478785,ARGUMENT
30064773290,90194313667,ARGUMENT
30064773290,30064773292,ARGUMENT
30064773291,68719478784,ARGUMENT
30064773291,55834575708,ARGUMENT
30064773292,68719478786,ARGUMENT
30064773292,55834575709,ARGUMENT
30064773293,68719478790,ARGUMENT
30064773293,25769804136,ARGUMENT
30064773294,30064773295,ARGUMENT
30064773294,55834575711,ARGUMENT
30064773295,68719478787,ARGUMENT
30064773295,30064773296,ARGUMENT
30064773296,68719478789,ARGUMENT
30064773296,90194313668,ARGUMENT
30064773297,68719478788,ARGUMENT
30064773297,55834575710,ARGUMENT
30064773298,30064773299,ARGUMENT
30064773298,90194313669,ARGUMENT
30064773299,68719478791,ARGUMENT
30064773299,55834575712,ARGUMENT
30064773300,30064773301,ARGUMENT
30064773300,90194313670,ARGUMENT
30064773301,68719478792,ARGUMENT
30064773301,55834575713,ARGUMENT
30064773302,30064773303,ARGUMENT
30064773302,30064773304,ARGUMENT
30064773303,68719478793,ARGUMENT
30064773303,55834575714,ARGUMENT
30064773304,68719478794,ARGUMENT
30064773304,55834575715,ARGUMENT
30064773305,68719478796,ARGUMENT
30064773305,30064773306,ARGUMENT
30064773306,30064773307,ARGUMENT
30064773306,90194313671,ARGUMENT
30064773307,30064773308,ARGUMENT
30064773307,55834575717,ARGUMENT
30064773308,68719478797,ARGUMENT
30064773308,55834575716,ARGUMENT
30064773309,68719478798,ARGUMENT
30064773310,68719478802,ARGUMENT
30064773310,25769804141,ARGUMENT
30064773311,30064773312,ARGUMENT
30064773311,55834575719,ARGUMENT
30064773312,68719478799,ARGUMENT
30064773312,30064773313,ARGUMENT
30064773313,68719478801,ARGUMENT
30064773313,90194313672,ARGUMENT
30064773314,68719478800,ARGUMENT
30064773314,55834575718,ARGUMENT
30064773315,30064773316,ARGUMENT
30064773315,90194313673,ARGUMENT
30064773316,68719478803,ARGUMENT
30064773316,55834575720,ARGUMENT
30064773317,30064773318,ARGUMENT
30064773317,90194313674,ARGUMENT
30064773318,68719478804,ARGUMENT
30064773318,55834575721,ARGUMENT
30064773319,68719478806,ARGUMENT
30064773319,30064773320,ARGUMENT
30064773320,30064773321,ARGUMENT
30064773321,68719478808,ARGUMENT
30064773321,68719478809,ARGUMENT
30064773322,68719478807,ARGUMENT
30064773322,55834575722,ARGUMENT
30064773323,68719478810,ARGUMENT
30064773324,68719478814,ARGUMENT
30064773324,25769804142,ARGUMENT
30064773325,30064773326,ARGUMENT
30064773325,55834575724,ARGUMENT
30064773326,68719478811,ARGUMENT
30064773326,30064773327,ARGUMENT
30064773327,68719478813,ARGUMENT
30064773327,90194313675,ARGUMENT
30064773328,68719478812,ARGUMENT
30064773328,55834575723,ARGUMENT
30064773329,30064773330,ARGUMENT
30064773329,90194313676,ARGUMENT
30064773330,68719478815,ARGUMENT
30064773330,55834575725,ARGUMENT
30064773331,30064773332,ARGUMENT
30064773331,90194313677,ARGUMENT
30064773332,68719478816,ARGUMENT
30064773332,55834575726,ARGUMENT
30064773333,68719478819,ARGUMENT
30064773333,25769804143,ARGUMENT
30064773334,68719478818,ARGUMENT
30064773334,55834575727,ARGUMENT
30064773335,30064773336,ARGUMENT
30064773335,90194313678,ARGUMENT
30064773336,68719478820,ARGUMENT
30064773336,55834575728,ARGUMENT
30064773337,30064773338,ARGUMENT
30064773337,68719478822,ARGUMENT
30064773338,68719478821,ARGUMENT
30064773338,55834575729,ARGUMENT
30064773339,68719478826,ARGUMENT
30064773339,90194313679,ARGUMENT
30064773339,68719478827,ARGUMENT
30064773340,68719478825,ARGUMENT
30064773340,55834575730,ARGUMENT
30064773341,68719478831,ARGUMENT
30064773341,25769804144,ARGUMENT
30064773342,30064773343,ARGUMENT
30064773342,55834575732,ARGUMENT
30064773343,68719478828,ARGUMENT
30064773343,30064773344,ARGUMENT
30064773344,68719478830,ARGUMENT
30064773344,90194313680,ARGUMENT
30064773345,68719478829,ARGUMENT
30064773345,55834575731,ARGUMENT
30064773346,30064773347,ARGUMENT
30064773346,90194313681,ARGUMENT
30064773347,68719478832,ARGUMENT
30064773347,55834575733,ARGUMENT
30064773348,30064773349,ARGUMENT
30064773348,90194313682,ARGUMENT
30064773349,68719478833,ARGUMENT
30064773349,55834575734,ARGUMENT
30064773350,30064773351,ARGUMENT
30064773350,30064773352,ARGUMENT
30064773351,68719478834,ARGUMENT
30064773351,55834575735,ARGUMENT
30064773352,68719478835,ARGUMENT
30064773352,55834575736,ARGUMENT
30064773353,68719478837,ARGUMENT
30064773353,30064773354,ARGUMENT
30064773354,30064773355,ARGUMENT
30064773354,90194313683,ARGUMENT
30064773355,30064773356,ARGUMENT
30064773355,55834575738,ARGUMENT
30064773356,68719478838,ARGUMENT
30064773356,55834575737,ARGUMENT
30064773357,68719478839,ARGUMENT
30064773358,68719478843,ARGUMENT
30064773358,25769804150,ARGUMENT
30064773359,30064773360,ARGUMENT
30064773359,55834575740,ARGUMENT
30064773360,68719478840,ARGUMENT
30064773360,30064773361,ARGUMENT
30064773361,68719478842,ARGUMENT
30064773361,90194313684,ARGUMENT
30064773362,68719478841,ARGUMENT
30064773362,55834575739,ARGUMENT
30064773363,30064773364,ARGUMENT
30064773363,90194313685,ARGUMENT
30064773364,68719478844,ARGUMENT
30064773364,55834575741,ARGUMENT
30064773365,30064773366,ARGUMENT
30064773365,90194313686,ARGUMENT
30064773366,68719478845,ARGUMENT
30064773366,55834575742,ARGUMENT
30064773367,68719478847,ARGUMENT
30064773367,30064773368,ARGUMENT
30064773368,30064773369,ARGUMENT
30064773369,68719478849,ARGUMENT
30064773369,68719478850,ARGUMENT
30064773370,68719478848,ARGUMENT
30064773370,55834575743,ARGUMENT
30064773371,68719478851,ARGUMENT
30064773372,68719478855,ARGUMENT
30064773372,25769804151,ARGUMENT
30064773373,30064773374,ARGUMENT
30064773373,55834575745,ARGUMENT
30064773374,68719478852,ARGUMENT
30064773374,30064773375,ARGUMENT
30064773375,68719478854,ARGUMENT
30064773375,90194313687,ARGUMENT
30064773376,68719478853,ARGUMENT
30064773376,55834575744,ARGUMENT
30064773377,30064773378,ARGUMENT
30064773377,90194313688,ARGUMENT
30064773378,68719478856,ARGUMENT
30064773378,55834575746,ARGUMENT
30064773379,30064773380,ARGUMENT
30064773379,90194313689,ARGUMENT
30064773380,68719478857,ARGUMENT
30064773380,55834575747,ARGUMENT
30064773381,68719478860,ARGUMENT
30064773381,25769804152,ARGUMENT
30064773382,68719478859,ARGUMENT
30064773382,55834575748,ARGUMENT
30064773383,30064773384,ARGUMENT
30064773383,90194313690,ARGUMENT
30064773384,68719478861,ARGUMENT
30064773384,55834575749,ARGUMENT
30064773385,30064773386,ARGUMENT
30064773385,68719478863,ARGUMENT
30064773386,68719478862,ARGUMENT
30064773386,55834575750,ARGUMENT
30064773387,68719478867,ARGUMENT
30064773387,90194313691,ARGUMENT
30064773387,68719478868,ARGUMENT
30064773388,68719478866,ARGUMENT
30064773388,55834575751,ARGUMENT
30064773389,68719478872,ARGUMENT
30064773389,25769804153,ARGUMENT
30064773390,30064773391,ARGUMENT
30064773390,55834575753,ARGUMENT
30064773391,68719478869,ARGUMENT
30064773391,30064773392,ARGUMENT
30064773392,68719478871,ARGUMENT
30064773392,90194313692,ARGUMENT
30064773393,68719478870,ARGUMENT
30064773393,55834575752,ARGUMENT
30064773394,30064773395,ARGUMENT
30064773394,90194313693,ARGUMENT
30064773395,68719478873,ARGUMENT
30064773395,55834575754,ARGUMENT
30064773396,30064773397,ARGUMENT
30064773396,90194313694,ARGUMENT
30064773397,68719478874,ARGUMENT
30064773397,55834575755,ARGUMENT
30064773398,30064773399,ARGUMENT
30064773398,30064773400,ARGUMENT
30064773399,68719478875,ARGUMENT
30064773399,55834575756,ARGUMENT
30064773400,68719478876,ARGUMENT
30064773400,55834575757,ARGUMENT
30064773401,68719478878,ARGUMENT
30064773401,30064773402,ARGUMENT
30064773402,30064773403,ARGUMENT
30064773402,90194313695,ARGUMENT
30064773403,30064773404,ARGUMENT
30064773403,55834575759,ARGUMENT
30064773404,68719478879,ARGUMENT
30064773404,55834575758,ARGUMENT
30064773405,68719478880,ARGUMENT
30064773405,30064773406,ARGUMENT
30064773406,30064773407,ARGUMENT
30064773406,30064773409,ARGUMENT
30064773406,90194313698,ARGUMENT
30064773407,30064773408,ARGUMENT
30064773407,55834575761,ARGUMENT
30064773408,68719478881,ARGUMENT
30064773408,55834575760,ARGUMENT
30064773409,30064773410,ARGUMENT
30064773409,90194313697,ARGUMENT
30064773410,90194313696,ARGUMENT
30064773410,30064773411,ARGUMENT
30064773411,30064773412,ARGUMENT
30064773411,55834575763,ARGUMENT
30064773412,68719478882,ARGUMENT
30064773412,55834575762,ARGUMENT
30064773413,68719478883,ARGUMENT
30064773414,68719478887,ARGUMENT
30064773414,25769804159,ARGUMENT
30064773415,30064773416,ARGUMENT
30064773415,55834575765,ARGUMENT
30064773416,68719478884,ARGUMENT
30064773416,30064773417,ARGUMENT
30064773417,68719478886,ARGUMENT
30064773417,90194313699,ARGUMENT
30064773418,68719478885,ARGUMENT
30064773418,55834575764,ARGUMENT
30064773419,30064773420,ARGUMENT
30064773419,90194313700,ARGUMENT
30064773420,68719478888,ARGUMENT
30064773420,55834575766,ARGUMENT
30064773421,30064773422,ARGUMENT
30064773421,90194313701,ARGUMENT
30064773422,68719478889,ARGUMENT
30064773422,55834575767,ARGUMENT
30064773423,68719478891,ARGUMENT
30064773423,30064773424,ARGUMENT
30064773424,30064773425,ARGUMENT
30064773425,68719478893,ARGUMENT
30064773425,68719478894,ARGUMENT
30064773425,68719478895,ARGUMENT
30064773426,68719478892,ARGUMENT
30064773426,55834575768,ARGUMENT
30064773427,68719478897,ARGUMENT
30064773427,25769804160,ARGUMENT
30064773428,68719478896,ARGUMENT
30064773428,55834575769,ARGUMENT
30064773429,30064773430,ARGUMENT
30064773429,90194313702,ARGUMENT
30064773430,68719478898,ARGUMENT
30064773430,55834575770,ARGUMENT
30064773431,30064773432,ARGUMENT
30064773431,68719478900,ARGUMENT
30064773432,68719478899,ARGUMENT
30064773432,55834575771,ARGUMENT
30064773433,68719478904,ARGUMENT
30064773433,90194313703,ARGUMENT
30064773433,68719478905,ARGUMENT
30064773434,68719478903,ARGUMENT
30064773434,55834575772,ARGUMENT
30064773435,68719478909,ARGUMENT
30064773435,25769804161,ARGUMENT
30064773436,30064773437,ARGUMENT
30064773436,55834575774,ARGUMENT
30064773437,68719478906,ARGUMENT
30064773437,30064773438,ARGUMENT
30064773438,68719478908,ARGUMENT
30064773438,90194313704,ARGUMENT
30064773439,68719478907,ARGUMENT
30064773439,55834575773,ARGUMENT
30064773440,30064773441,ARGUMENT
30064773440,90194313705,ARGUMENT
30064773441,68719478910,ARGUMENT
30064773441,55834575775,ARGUMENT
30064773442,30064773443,ARGUMENT
30064773442,90194313706,ARGUMENT
30064773443,68719478911,ARGUMENT
30064773443,55834575776,ARGUMENT
30064773444,30064773445,ARGUMENT
30064773444,30064773446,ARGUMENT
30064773445,68719478912,ARGUMENT
30064773445,55834575777,ARGUMENT
30064773446,68719478913,ARGUMENT
30064773446,55834575778,ARGUMENT
30064773447,68719478915,ARGUMENT
30064773447,30064773448,ARGUMENT
30064773448,30064773255,ARGUMENT
30064773448,55834575779,ARGUMENT
30064773449,68719478918,ARGUMENT
30064773449,30064773450,ARGUMENT
30064773450,30064773256,ARGUMENT
30064773450,55834575780,ARGUMENT
30064773451,68719478921,ARGUMENT
30064773451,30064773257,ARGUMENT
30064773452,68719478924,ARGUMENT
30064773452,30064773258,ARGUMENT
30064773453,68719478927,ARGUMENT
30064773453,120259084331,ARGUMENT
30064773454,30064773455,ARGUMENT
30064773454,68719478929,ARGUMENT
30064773455,68719478928,ARGUMENT
30064773455,55834575781,ARGUMENT
30064773456,68719478930,ARGUMENT
30064773456,120259084332,ARGUMENT
30064773457,30064773458,ARGUMENT
30064773457,68719478932,ARGUMENT
30064773458,68719478931,ARGUMENT
30064773458,55834575782,ARGUMENT
30064773459,68719478933,ARGUMENT
30064773459,120259084333,ARGUMENT
30064773460,30064773461,ARGUMENT
30064773460,68719478935,ARGUMENT
30064773461,68719478934,ARGUMENT
30064773461,55834575783,ARGUMENT
30064773462,68719478936,ARGUMENT
30064773462,120259084334,ARGUMENT
30064773463,30064773464,ARGUMENT
30064773463,68719478938,ARGUMENT
30064773464,68719478937,ARGUMENT
30064773464,55834575784,ARGUMENT
30064773465,68719479314,ARGUMENT
30064773465,90194313754,ARGUMENT
30064773466,68719479317,ARGUMENT
30064773466,90194313755,ARGUMENT
30064773467,68719479320,ARGUMENT
30064773467,90194313756,ARGUMENT
30064773468,68719479323,ARGUMENT
30064773468,90194313757,ARGUMENT
30064773469,68719479326,ARGUMENT
30064773469,90194313758,ARGUMENT
30064773470,68719479329,ARGUMENT
30064773470,90194313759,ARGUMENT
30064773471,68719479332,ARGUMENT
30064773471,90194313760,ARGUMENT
30064773472,68719479335,ARGUMENT
30064773472,90194313761,ARGUMENT
30064773473,68719479338,ARGUMENT
30064773473,90194313762,ARGUMENT
30064773474,68719479341,ARGUMENT
30064773474,90194313763,ARGUMENT
30064773475,68719479344,ARGUMENT
30064773475,90194313764,ARGUMENT
30064773476,68719479347,ARGUMENT
30064773476,90194313765,ARGUMENT
30064773477,68719479350,ARGUMENT
30064773477,90194313766,ARGUMENT
30064773478,68719478939,ARGUMENT
30064773478,30064773479,ARGUMENT
30064773479,30064773480,ARGUMENT
30064773480,68719478941,ARGUMENT
30064773481,68719478940,ARGUMENT
30064773481,55834575785,ARGUMENT
30064773482,68719478943,ARGUMENT
30064773482,68719478944,ARGUMENT
30064773483,68719478942,ARGUMENT
30064773483,55834575786,ARGUMENT
30064773484,68719478949,ARGUMENT
30064773484,25769804172,ARGUMENT
30064773485,30064773486,ARGUMENT
30064773485,55834575788,ARGUMENT
30064773486,68719478946,ARGUMENT
30064773486,30064773487,ARGUMENT
30064773487,68719478948,ARGUMENT
30064773487,90194313711,ARGUMENT
30064773488,68719478947,ARGUMENT
30064773488,55834575787,ARGUMENT
30064773489,30064773490,ARGUMENT
30064773489,30064773491,ARGUMENT
30064773490,68719478950,ARGUMENT
30064773490,55834575789,ARGUMENT
30064773491,68719478951,ARGUMENT
30064773491,55834575790,ARGUMENT
30064773492,68719478953,ARGUMENT
30064773492,30064773493,ARGUMENT
30064773493,68719478954,ARGUMENT
30064773493,55834575791,ARGUMENT
30064773494,68719478955,ARGUMENT
30064773494,30064773495,ARGUMENT
30064773495,68719478956,ARGUMENT
30064773495,55834575792,ARGUMENT
30064773496,68719478958,ARGUMENT
30064773496,30064773497,ARGUMENT
30064773497,68719478959,ARGUMENT
30064773498,30064773499,ARGUMENT
30064773498,30064773500,ARGUMENT
30064773499,68719478960,ARGUMENT
30064773500,68719478961,ARGUMENT
30064773501,68719478965,ARGUMENT
30064773501,25769804177,ARGUMENT
30064773502,30064773503,ARGUMENT
30064773502,55834575794,ARGUMENT
30064773503,68719478962,ARGUMENT
30064773503,30064773504,ARGUMENT
30064773504,68719478964,ARGUMENT
30064773504,90194313712,ARGUMENT
30064773505,68719478963,ARGUMENT
30064773505,55834575793,ARGUMENT
30064773506,30064773507,ARGUMENT
30064773506,90194313713,ARGUMENT
30064773507,68719478966,ARGUMENT
30064773507,55834575795,ARGUMENT
30064773508,68719478968,ARGUMENT
30064773508,30064773509,ARGUMENT
30064773509,30064773510,ARGUMENT
30064773510,68719478970,ARGUMENT
30064773510,68719478971,ARGUMENT
30064773511,68719478969,ARGUMENT
30064773511,55834575796,ARGUMENT
30064773512,68719478972,ARGUMENT
30064773513,68719478976,ARGUMENT
30064773513,25769804178,ARGUMENT
30064773514,30064773515,ARGUMENT
30064773514,55834575798,ARGUMENT
30064773515,68719478973,ARGUMENT
30064773515,30064773516,ARGUMENT
30064773516,68719478975,ARGUMENT
30064773516,90194313714,ARGUMENT
30064773517,68719478974,ARGUMENT
30064773517,55834575797,ARGUMENT
30064773518,30064773519,ARGUMENT
30064773518,90194313715,ARGUMENT
30064773519,68719478977,ARGUMENT
30064773519,55834575799,ARGUMENT
30064773520,68719478980,ARGUMENT
30064773520,68719478981,ARGUMENT
30064773521,68719478979,ARGUMENT
30064773521,55834575800,ARGUMENT
30064773522,68719478986,ARGUMENT
30064773522,25769804179,ARGUMENT
30064773523,30064773524,ARGUMENT
30064773523,55834575802,ARGUMENT
30064773524,68719478983,ARGUMENT
30064773524,30064773525,ARGUMENT
30064773525,68719478985,ARGUMENT
30064773525,90194313716,ARGUMENT
30064773526,68719478984,ARGUMENT
30064773526,55834575801,ARGUMENT
30064773527,30064773528,ARGUMENT
30064773527,30064773529,ARGUMENT
30064773528,68719478987,ARGUMENT
30064773528,55834575803,ARGUMENT
30064773529,68719478988,ARGUMENT
30064773529,55834575804,ARGUMENT
30064773530,68719478990,ARGUMENT
30064773530,30064773531,ARGUMENT
30064773531,30064773532,ARGUMENT
30064773532,68719478992,ARGUMENT
30064773533,68719478991,ARGUMENT
30064773533,55834575805,ARGUMENT
30064773534,68719478994,ARGUMENT
30064773534,68719478995,ARGUMENT
30064773535,68719478993,ARGUMENT
30064773535,55834575806,ARGUMENT
30064773536,68719479000,ARGUMENT
30064773536,25769804185,ARGUMENT
30064773537,30064773538,ARGUMENT
30064773537,55834575808,ARGUMENT
30064773538,68719478997,ARGUMENT
30064773538,30064773539,ARGUMENT
30064773539,68719478999,ARGUMENT
30064773539,90194313717,ARGUMENT
30064773540,68719478998,ARGUMENT
30064773540,55834575807,ARGUMENT
30064773541,30064773542,ARGUMENT
30064773541,30064773543,ARGUMENT
30064773542,68719479001,ARGUMENT
30064773542,55834575809,ARGUMENT
30064773543,68719479002,ARGUMENT
30064773543,55834575810,ARGUMENT
30064773544,68719479004,ARGUMENT
30064773544,30064773545,ARGUMENT
30064773545,30064773546,ARGUMENT
30064773546,68719479006,ARGUMENT
30064773547,68719479005,ARGUMENT
30064773547,55834575811,ARGUMENT
30064773548,68719479008,ARGUMENT
30064773548,68719479009,ARGUMENT
30064773549,68719479007,ARGUMENT
30064773549,55834575812,ARGUMENT
30064773550,68719479014,ARGUMENT
30064773550,25769804189,ARGUMENT
30064773551,30064773552,ARGUMENT
30064773551,55834575814,ARGUMENT
30064773552,68719479011,ARGUMENT
30064773552,30064773553,ARGUMENT
30064773553,68719479013,ARGUMENT
30064773553,90194313718,ARGUMENT
30064773554,68719479012,ARGUMENT
30064773554,55834575813,ARGUMENT
30064773555,30064773556,ARGUMENT
30064773555,30064773557,ARGUMENT
30064773556,68719479015,ARGUMENT
30064773556,55834575815,ARGUMENT
30064773557,68719479016,ARGUMENT
30064773557,55834575816,ARGUMENT
30064773558,68719479018,ARGUMENT
30064773558,30064773559,ARGUMENT
30064773559,68719479019,ARGUMENT
30064773559,55834575817,ARGUMENT
30064773560,68719479020,ARGUMENT
30064773560,30064773561,ARGUMENT
30064773561,68719479021,ARGUMENT
30064773561,55834575818,ARGUMENT
30064773562,68719479023,ARGUMENT
30064773562,30064773563,ARGUMENT
30064773563,68719479024,ARGUMENT
30064773564,30064773565,ARGUMENT
30064773564,30064773566,ARGUMENT
30064773565,68719479025,ARGUMENT
30064773566,68719479026,ARGUMENT
30064773567,68719479030,ARGUMENT
30064773567,25769804194,ARGUMENT
30064773568,30064773569,ARGUMENT
30064773568,55834575820,ARGUMENT
30064773569,68719479027,ARGUMENT
30064773569,30064773570,ARGUMENT
30064773570,68719479029,ARGUMENT
30064773570,90194313719,ARGUMENT
30064773571,68719479028,ARGUMENT
30064773571,55834575819,ARGUMENT
30064773572,30064773573,ARGUMENT
30064773572,90194313720,ARGUMENT
30064773573,68719479031,ARGUMENT
30064773573,55834575821,ARGUMENT
30064773574,68719479033,ARGUMENT
30064773574,30064773575,ARGUMENT
30064773575,30064773576,ARGUMENT
30064773576,68719479035,ARGUMENT
30064773576,68719479036,ARGUMENT
30064773577,68719479034,ARGUMENT
30064773577,55834575822,ARGUMENT
30064773578,68719479038,ARGUMENT
30064773578,68719479039,ARGUMENT
30064773579,68719479037,ARGUMENT
30064773579,55834575823,ARGUMENT
30064773580,68719479044,ARGUMENT
30064773580,25769804195,ARGUMENT
30064773581,30064773582,ARGUMENT
30064773581,55834575825,ARGUMENT
30064773582,68719479041,ARGUMENT
30064773582,30064773583,ARGUMENT
30064773583,68719479043,ARGUMENT
30064773583,90194313721,ARGUMENT
30064773584,68719479042,ARGUMENT
30064773584,55834575824,ARGUMENT
30064773585,30064773586,ARGUMENT
30064773585,30064773587,ARGUMENT
30064773586,68719479045,ARGUMENT
30064773586,55834575826,ARGUMENT
30064773587,68719479046,ARGUMENT
30064773587,55834575827,ARGUMENT
30064773588,68719479048,ARGUMENT
30064773588,30064773589,ARGUMENT
30064773589,68719479049,ARGUMENT
30064773589,55834575828,ARGUMENT
30064773590,68719479050,ARGUMENT
30064773590,30064773591,ARGUMENT
30064773591,68719479051,ARGUMENT
30064773591,55834575829,ARGUMENT
30064773592,68719479053,ARGUMENT
30064773592,30064773593,ARGUMENT
30064773593,68719479054,ARGUMENT
30064773594,30064773595,ARGUMENT
30064773594,30064773596,ARGUMENT
30064773595,68719479055,ARGUMENT
30064773596,68719479056,ARGUMENT
30064773597,68719479060,ARGUMENT
30064773597,25769804201,ARGUMENT
30064773598,30064773599,ARGUMENT
30064773598,55834575831,ARGUMENT
30064773599,68719479057,ARGUMENT
30064773599,30064773600,ARGUMENT
30064773600,68719479059,ARGUMENT
30064773600,90194313722,ARGUMENT
30064773601,68719479058,ARGUMENT
30064773601,55834575830,ARGUMENT
30064773602,30064773603,ARGUMENT
30064773602,90194313723,ARGUMENT
30064773603,68719479061,ARGUMENT
30064773603,55834575832,ARGUMENT
30064773604,30064773605,ARGUMENT
30064773605,68719479064,ARGUMENT
30064773605,68719479065,ARGUMENT
30064773606,68719479063,ARGUMENT
30064773606,55834575833,ARGUMENT
30064773607,68719479067,ARGUMENT
30064773607,25769804202,ARGUMENT
30064773608,68719479066,ARGUMENT
30064773608,55834575834,ARGUMENT
30064773609,30064773610,ARGUMENT
30064773609,90194313724,ARGUMENT
30064773610,68719479068,ARGUMENT
30064773610,55834575835,ARGUMENT
30064773611,30064773612,ARGUMENT
30064773611,68719479070,ARGUMENT
30064773612,68719479069,ARGUMENT
30064773612,55834575836,ARGUMENT
30064773613,68719479076,ARGUMENT
30064773613,25769804203,ARGUMENT
30064773614,30064773615,ARGUMENT
30064773614,55834575838,ARGUMENT
30064773615,68719479073,ARGUMENT
30064773615,30064773616,ARGUMENT
30064773616,68719479075,ARGUMENT
30064773616,90194313725,ARGUMENT
30064773617,68719479074,ARGUMENT
30064773617,55834575837,ARGUMENT
30064773618,30064773619,ARGUMENT
30064773618,30064773620,ARGUMENT
30064773619,68719479077,ARGUMENT
30064773619,55834575839,ARGUMENT
30064773620,68719479078,ARGUMENT
30064773620,55834575840,ARGUMENT
30064773621,30064773622,ARGUMENT
30064773622,68719479081,ARGUMENT
30064773623,68719479080,ARGUMENT
30064773623,55834575841,ARGUMENT
30064773624,68719479083,ARGUMENT
30064773624,25769804207,ARGUMENT
30064773625,68719479082,ARGUMENT
30064773625,55834575842,ARGUMENT
30064773626,30064773627,ARGUMENT
30064773626,90194313726,ARGUMENT
30064773627,68719479084,ARGUMENT
30064773627,55834575843,ARGUMENT
30064773628,68719479090,ARGUMENT
30064773628,25769804208,ARGUMENT
30064773629,30064773630,ARGUMENT
30064773629,55834575845,ARGUMENT
30064773630,68719479087,ARGUMENT
30064773630,30064773631,ARGUMENT
30064773631,68719479089,ARGUMENT
30064773631,90194313727,ARGUMENT
30064773632,68719479088,ARGUMENT
30064773632,55834575844,ARGUMENT
30064773633,30064773634,ARGUMENT
30064773633,30064773635,ARGUMENT
30064773634,68719479091,ARGUMENT
30064773634,55834575846,ARGUMENT
30064773635,68719479092,ARGUMENT
30064773635,55834575847,ARGUMENT
30064773636,68719479094,ARGUMENT
30064773636,30064773637,ARGUMENT
30064773637,68719479095,ARGUMENT
30064773637,55834575848,ARGUMENT
30064773638,68719479096,ARGUMENT
30064773638,30064773639,ARGUMENT
30064773639,68719479097,ARGUMENT
30064773639,55834575849,ARGUMENT
30064773640,68719479099,ARGUMENT
30064773641,68719479103,ARGUMENT
30064773641,25769804214,ARGUMENT
30064773642,30064773643,ARGUMENT
30064773642,55834575851,ARGUMENT
30064773643,68719479100,ARGUMENT
30064773643,30064773644,ARGUMENT
30064773644,68719479102,ARGUMENT
30064773644,90194313728,ARGUMENT
30064773645,68719479101,ARGUMENT
30064773645,55834575850,ARGUMENT
30064773646,30064773647,ARGUMENT
30064773646,90194313729,ARGUMENT
30064773647,68719479104,ARGUMENT
30064773647,55834575852,ARGUMENT
30064773648,68719479106,ARGUMENT
30064773648,30064773649,ARGUMENT
30064773649,30064773650,ARGUMENT
30064773650,68719479108,ARGUMENT
30064773650,68719479109,ARGUMENT
30064773651,68719479110,ARGUMENT
30064773652,68719479114,ARGUMENT
30064773652,25769804215,ARGUMENT
30064773653,30064773654,ARGUMENT
30064773653,55834575854,ARGUMENT
30064773654,68719479111,ARGUMENT
30064773654,30064773655,ARGUMENT
30064773655,68719479113,ARGUMENT
30064773655,90194313730,ARGUMENT
30064773656,68719479112,ARGUMENT
30064773656,55834575853,ARGUMENT
30064773657,30064773658,ARGUMENT
30064773657,90194313731,ARGUMENT
30064773658,68719479115,ARGUMENT
30064773658,55834575855,ARGUMENT
30064773659,68719479118,ARGUMENT
30064773659,68719479119,ARGUMENT
30064773660,68719479117,ARGUMENT
30064773660,55834575856,ARGUMENT
30064773661,68719479124,ARGUMENT
30064773661,25769804216,ARGUMENT
30064773662,30064773663,ARGUMENT
30064773662,55834575858,ARGUMENT
30064773663,68719479121,ARGUMENT
30064773663,30064773664,ARGUMENT
30064773664,68719479123,ARGUMENT
30064773664,90194313732,ARGUMENT
30064773665,68719479122,ARGUMENT
30064773665,55834575857,ARGUMENT
30064773666,30064773667,ARGUMENT
30064773666,30064773668,ARGUMENT
30064773667,68719479125,ARGUMENT
30064773667,55834575859,ARGUMENT
30064773668,68719479126,ARGUMENT
30064773668,55834575860,ARGUMENT
30064773669,68719479128,ARGUMENT
30064773669,30064773670,ARGUMENT
30064773670,68719479129,ARGUMENT
30064773670,55834575861,ARGUMENT
30064773671,68719479130,ARGUMENT
30064773671,30064773672,ARGUMENT
30064773672,68719479131,ARGUMENT
30064773672,55834575862,ARGUMENT
30064773673,68719479133,ARGUMENT
30064773673,30064773674,ARGUMENT
30064773674,30064773675,ARGUMENT
30064773675,68719479135,ARGUMENT
30064773675,30064773676,ARGUMENT
30064773676,68719479136,ARGUMENT
30064773677,68719479137,ARGUMENT
30064773678,68719479141,ARGUMENT
30064773678,25769804223,ARGUMENT
30064773679,30064773680,ARGUMENT
30064773679,55834575864,ARGUMENT
30064773680,68719479138,ARGUMENT
30064773680,30064773681,ARGUMENT
30064773681,68719479140,ARGUMENT
30064773681,90194313733,ARGUMENT
30064773682,68719479139,ARGUMENT
30064773682,55834575863,ARGUMENT
30064773683,30064773684,ARGUMENT
30064773683,90194313734,ARGUMENT
30064773684,68719479142,ARGUMENT
30064773684,55834575865,ARGUMENT
30064773685,68719479145,ARGUMENT
30064773685,25769804224,ARGUMENT
30064773686,68719479144,ARGUMENT
30064773686,55834575866,ARGUMENT
30064773687,30064773688,ARGUMENT
30064773687,30064773689,ARGUMENT
30064773688,68719479146,ARGUMENT
30064773688,55834575867,ARGUMENT
30064773689,68719479147,ARGUMENT
30064773690,68719479153,ARGUMENT
30064773690,25769804225,ARGUMENT
30064773691,30064773692,ARGUMENT
30064773691,55834575869,ARGUMENT
30064773692,68719479150,ARGUMENT
30064773692,30064773693,ARGUMENT
30064773693,68719479152,ARGUMENT
30064773693,90194313735,ARGUMENT
30064773694,68719479151,ARGUMENT
30064773694,55834575868,ARGUMENT
30064773695,30064773696,ARGUMENT
30064773695,30064773697,ARGUMENT
30064773696,68719479154,ARGUMENT
30064773696,55834575870,ARGUMENT
30064773697,68719479155,ARGUMENT
30064773697,55834575871,ARGUMENT
30064773698,30064773699,ARGUMENT
30064773698,30064773700,ARGUMENT
30064773699,68719479157,ARGUMENT
30064773699,55834575872,ARGUMENT
30064773700,68719479158,ARGUMENT
30064773700,55834575873,ARGUMENT
30064773701,30064773702,ARGUMENT
30064773701,30064773703,ARGUMENT
30064773702,68719479159,ARGUMENT
30064773702,55834575874,ARGUMENT
30064773703,68719479160,ARGUMENT
30064773703,55834575875,ARGUMENT
30064773704,68719479162,ARGUMENT
30064773704,30064773705,ARGUMENT
30064773705,30064773706,ARGUMENT
30064773706,68719479164,ARGUMENT
30064773707,68719479163,ARGUMENT
30064773707,55834575876,ARGUMENT
30064773708,68719479165,ARGUMENT
30064773708,30064773709,ARGUMENT
30064773709,68719479167,ARGUMENT
30064773709,120259084335,ARGUMENT
30064773710,68719479166,ARGUMENT
30064773710,55834575877,ARGUMENT
30064773711,68719479169,ARGUMENT
30064773711,68719479170,ARGUMENT
30064773712,68719479168,ARGUMENT
30064773712,55834575878,ARGUMENT
30064773713,68719479175,ARGUMENT
30064773713,25769804232,ARGUMENT
30064773714,30064773715,ARGUMENT
30064773714,55834575880,ARGUMENT
30064773715,68719479172,ARGUMENT
30064773715,30064773716,ARGUMENT
30064773716,68719479174,ARGUMENT
30064773716,90194313736,ARGUMENT
30064773717,68719479173,ARGUMENT
30064773717,55834575879,ARGUMENT
30064773718,30064773719,ARGUMENT
30064773718,30064773720,ARGUMENT
30064773719,68719479176,ARGUMENT
30064773719,55834575881,ARGUMENT
30064773720,68719479177,ARGUMENT
30064773720,55834575882,ARGUMENT
30064773721,68719479179,ARGUMENT
30064773721,30064773722,ARGUMENT
30064773722,68719479180,ARGUMENT
30064773722,55834575883,ARGUMENT
30064773723,68719479181,ARGUMENT
30064773723,30064773724,ARGUMENT
30064773724,68719479182,ARGUMENT
30064773724,55834575884,ARGUMENT
30064773725,68719479184,ARGUMENT
30064773725,30064773726,ARGUMENT
30064773726,68719479185,ARGUMENT
30064773727,30064773728,ARGUMENT
30064773727,30064773729,ARGUMENT
30064773728,68719479186,ARGUMENT
30064773729,68719479187,ARGUMENT
30064773730,68719479191,ARGUMENT
30064773730,25769804237,ARGUMENT
30064773731,30064773732,ARGUMENT
30064773731,55834575886,ARGUMENT
30064773732,68719479188,ARGUMENT
30064773732,30064773733,ARGUMENT
30064773733,68719479190,ARGUMENT
30064773733,90194313737,ARGUMENT
30064773734,68719479189,ARGUMENT
30064773734,55834575885,ARGUMENT
30064773735,30064773736,ARGUMENT
30064773735,90194313738,ARGUMENT
30064773736,68719479192,ARGUMENT
30064773736,55834575887,ARGUMENT
30064773737,68719479194,ARGUMENT
30064773737,30064773738,ARGUMENT
30064773738,30064773739,ARGUMENT
30064773739,68719479196,ARGUMENT
30064773739,68719479197,ARGUMENT
30064773740,68719479195,ARGUMENT
30064773740,55834575888,ARGUMENT
30064773741,68719479199,ARGUMENT
30064773741,68719479200,ARGUMENT
30064773742,68719479198,ARGUMENT
30064773742,55834575889,ARGUMENT
30064773743,68719479205,ARGUMENT
30064773743,25769804238,ARGUMENT
30064773744,30064773745,ARGUMENT
30064773744,55834575891,ARGUMENT
30064773745,68719479202,ARGUMENT
30064773745,30064773746,ARGUMENT
30064773746,68719479204,ARGUMENT
30064773746,90194313739,ARGUMENT
30064773747,68719479203,ARGUMENT
30064773747,55834575890,ARGUMENT
30064773748,30064773749,ARGUMENT
30064773748,30064773750,ARGUMENT
30064773749,68719479206,ARGUMENT
30064773749,55834575892,ARGUMENT
30064773750,68719479207,ARGUMENT
30064773750,55834575893,ARGUMENT
30064773751,68719479209,ARGUMENT
30064773751,30064773752,ARGUMENT
30064773752,30064773753,ARGUMENT
30064773753,68719479211,ARGUMENT
30064773754,68719479210,ARGUMENT
30064773754,55834575894,ARGUMENT
30064773755,68719479213,ARGUMENT
30064773755,68719479214,ARGUMENT
30064773756,68719479212,ARGUMENT
30064773756,55834575895,ARGUMENT
30064773757,68719479217,ARGUMENT
30064773757,90194313740,ARGUMENT
30064773757,30064773759,ARGUMENT
30064773758,68719479216,ARGUMENT
30064773758,55834575896,ARGUMENT
30064773759,68719479218,ARGUMENT
30064773759,55834575897,ARGUMENT
30064773760,68719479222,ARGUMENT
30064773760,25769804243,ARGUMENT
30064773761,30064773762,ARGUMENT
30064773761,55834575899,ARGUMENT
30064773762,68719479219,ARGUMENT
30064773762,30064773763,ARGUMENT
30064773763,68719479221,ARGUMENT
30064773763,90194313741,ARGUMENT
30064773764,68719479220,ARGUMENT
30064773764,55834575898,ARGUMENT
30064773765,30064773766,ARGUMENT
30064773765,30064773767,ARGUMENT
30064773766,68719479223,ARGUMENT
30064773766,55834575900,ARGUMENT
30064773767,68719479224,ARGUMENT
30064773767,55834575901,ARGUMENT
30064773768,68719479226,ARGUMENT
30064773768,30064773769,ARGUMENT
30064773769,30064773770,ARGUMENT
30064773770,68719479228,ARGUMENT
30064773771,68719479229,ARGUMENT
30064773771,30064773772,ARGUMENT
30064773772,30064773773,ARGUMENT
30064773773,68719479231,ARGUMENT
30064773774,68719479232,ARGUMENT
30064773774,30064773775,ARGUMENT
30064773775,30064773776,ARGUMENT
30064773776,68719479234,ARGUMENT
30064773777,68719479235,ARGUMENT
30064773777,30064773778,ARGUMENT
30064773778,68719479237,ARGUMENT
30064773778,68719479238,ARGUMENT
30064773779,68719479236,ARGUMENT
30064773779,55834575902,ARGUMENT
30064773780,68719479239,ARGUMENT
30064773780,30064773781,ARGUMENT
30064773781,68719479241,ARGUMENT
30064773781,68719479242,ARGUMENT
30064773782,68719479240,ARGUMENT
30064773782,55834575903,ARGUMENT
30064773783,68719479243,ARGUMENT
30064773783,30064773784,ARGUMENT
30064773784,68719479245,ARGUMENT
30064773784,68719479246,ARGUMENT
30064773785,68719479244,ARGUMENT
30064773785,55834575904,ARGUMENT
30064773786,68719479247,ARGUMENT
30064773786,30064773787,ARGUMENT
30064773787,30064773788,ARGUMENT
30064773788,68719479249,ARGUMENT
30064773788,90194313742,ARGUMENT
30064773789,30064773790,ARGUMENT
30064773789,68719479251,ARGUMENT
30064773790,68719479250,ARGUMENT
30064773790,55834575905,ARGUMENT
30064773791,30064773792,ARGUMENT
30064773791,68719479253,ARGUMENT
30064773792,68719479252,ARGUMENT
30064773792,55834575906,ARGUMENT
30064773793,30064773794,ARGUMENT
30064773793,68719479255,ARGUMENT
30064773794,68719479254,ARGUMENT
30064773794,55834575907,ARGUMENT
30064773795,30064773796,ARGUMENT
30064773795,68719479257,ARGUMENT
30064773796,68719479256,ARGUMENT
30064773796,55834575908,ARGUMENT
30064773797,30064773798,ARGUMENT
30064773797,68719479259,ARGUMENT
30064773798,68719479258,ARGUMENT
30064773798,55834575909,ARGUMENT
30064773799,30064773800,ARGUMENT
30064773799,68719479261,ARGUMENT
30064773800,68719479260,ARGUMENT
30064773800,55834575910,ARGUMENT
30064773801,68719479263,ARGUMENT
30064773801,30064773802,ARGUMENT
30064773802,30064773803,ARGUMENT
30064773803,68719479264,ARGUMENT
30064773803,55834575911,ARGUMENT
30064773804,30064773805,ARGUMENT
30064773804,90194313743,ARGUMENT
30064773805,68719479265,ARGUMENT
30064773805,55834575912,ARGUMENT
30064773806,68719479266,ARGUMENT
30064773806,30064773807,ARGUMENT
30064773807,68719479268,ARGUMENT
30064773807,120259084336,ARGUMENT
30064773807,90194313745,ARGUMENT
30064773808,68719479267,ARGUMENT
30064773808,55834575913,ARGUMENT
30064773809,68719479269,ARGUMENT
30064773809,30064773810,ARGUMENT
30064773810,68719479270,ARGUMENT
30064773810,30064773811,ARGUMENT
30064773811,68719479271,ARGUMENT
30064773811,55834575914,ARGUMENT
30064773812,30064773813,ARGUMENT
30064773813,68719479273,ARGUMENT
30064773813,90194313746,ARGUMENT
30064773814,68719479272,ARGUMENT
30064773814,55834575915,ARGUMENT
30064773815,30064773816,ARGUMENT
30064773815,90194313747,ARGUMENT
30064773816,30064773817,ARGUMENT
30064773817,68719479274,ARGUMENT
30064773817,55834575916,ARGUMENT
30064773818,30064773819,ARGUMENT
30064773818,55834575918,ARGUMENT
30064773819,68719479276,ARGUMENT
30064773819,120259084337,ARGUMENT
30064773820,68719479275,ARGUMENT
30064773820,55834575917,ARGUMENT
30064773821,30064773822,ARGUMENT
30064773821,90194313748,ARGUMENT
30064773822,30064773823,ARGUMENT
30064773823,68719479277,ARGUMENT
30064773823,55834575919,ARGUMENT
30064773824,30064773825,ARGUMENT
30064773824,30064773828,ARGUMENT
30064773825,30064773826,ARGUMENT
30064773825,90194313749,ARGUMENT
30064773826,30064773827,ARGUMENT
30064773827,68719479278,ARGUMENT
30064773827,55834575920,ARGUMENT
30064773828,30064773829,ARGUMENT
30064773828,90194313750,ARGUMENT
30064773829,30064773830,ARGUMENT
30064773830,68719479279,ARGUMENT
30064773830,55834575921,ARGUMENT
30064773831,30064773832,ARGUMENT
30064773831,30064773835,ARGUMENT
30064773832,30064773833,ARGUMENT
30064773832,90194313751,ARGUMENT
30064773833,30064773834,ARGUMENT
30064773834,68719479280,ARGUMENT
30064773834,55834575922,ARGUMENT
30064773835,30064773836,ARGUMENT
30064773835,90194313752,ARGUMENT
30064773836,30064773837,ARGUMENT
30064773837,68719479281,ARGUMENT
30064773837,55834575923,ARGUMENT
30064773838,30064773839,ARGUMENT
30064773838,90194313753,ARGUMENT
30064773839,30064773840,ARGUMENT
30064773840,68719479282,ARGUMENT
30064773840,55834575924,ARGUMENT
30064773841,30064773842,ARGUMENT
30064773841,30064773843,ARGUMENT
30064773842,68719479283,ARGUMENT
30064773842,55834575925,ARGUMENT
30064773843,30064773844,ARGUMENT
30064773843,55834575927,ARGUMENT
30064773844,68719479285,ARGUMENT
30064773844,120259084338,ARGUMENT
30064773845,68719479284,ARGUMENT
30064773845,55834575926,ARGUMENT
30064773846,30064773847,ARGUMENT
30064773846,30064773848,ARGUMENT
30064773847,68719479286,ARGUMENT
30064773847,55834575928,ARGUMENT
30064773848,30064773849,ARGUMENT
30064773848,55834575930,ARGUMENT
30064773849,68719479288,ARGUMENT
30064773849,120259084339,ARGUMENT
30064773850,68719479287,ARGUMENT
30064773850,55834575929,ARGUMENT
30064773851,30064773852,ARGUMENT
30064773851,30064773853,ARGUMENT
30064773852,68719479289,ARGUMENT
30064773852,55834575931,ARGUMENT
30064773853,30064773854,ARGUMENT
30064773853,55834575933,ARGUMENT
30064773854,68719479291,ARGUMENT
30064773854,120259084340,ARGUMENT
30064773855,68719479290,ARGUMENT
30064773855,55834575932,ARGUMENT
30064773856,30064773857,ARGUMENT
30064773856,30064773858,ARGUMENT
30064773857,68719479292,ARGUMENT
30064773857,55834575934,ARGUMENT
30064773858,30064773859,ARGUMENT
30064773858,55834575936,ARGUMENT
30064773859,68719479294,ARGUMENT
30064773859,120259084341,ARGUMENT
30064773860,68719479293,ARGUMENT
30064773860,55834575935,ARGUMENT
30064773861,68719479296,ARGUMENT
30064773861,120259084342,ARGUMENT
30064773862,68719479297,ARGUMENT
30064773862,120259084343,ARGUMENT
30064773863,68719479298,ARGUMENT
30064773863,120259084344,ARGUMENT
30064773864,68719479299,ARGUMENT
30064773864,120259084345,ARGUMENT
30064773865,68719479300,ARGUMENT
30064773865,120259084346,ARGUMENT
30064773866,68719479301,ARGUMENT
30064773866,120259084347,ARGUMENT
30064773867,68719479302,ARGUMENT
30064773867,120259084348,ARGUMENT
30064773868,68719479303,ARGUMENT
30064773868,120259084349,ARGUMENT
30064773869,68719479304,ARGUMENT
30064773869,120259084350,ARGUMENT
30064773870,68719479305,ARGUMENT
30064773870,120259084351,ARGUMENT
30064773871,68719479306,ARGUMENT
30064773871,120259084352,ARGUMENT
30064773872,68719479307,ARGUMENT
30064773872,120259084353,ARGUMENT
30064773873,68719479308,ARGUMENT
30064773873,120259084354,ARGUMENT
30064773874,68719479309,ARGUMENT
30064773874,120259084355,ARGUMENT
30064773875,68719479310,ARGUMENT
30064773875,120259084356,ARGUMENT
30064773876,68719479311,ARGUMENT
30064773876,120259084357,ARGUMENT
30064773877,68719479312,ARGUMENT
30064773877,30064773878,ARGUMENT
30064773878,30064773465,ARGUMENT
30064773878,55834575937,ARGUMENT
30064773879,68719479315,ARGUMENT
30064773879,30064773880,ARGUMENT
30064773880,30064773466,ARGUMENT
30064773880,55834575938,ARGUMENT
30064773881,68719479318,ARGUMENT
30064773881,30064773882,ARGUMENT
30064773882,30064773467,ARGUMENT
30064773882,55834575939,ARGUMENT
30064773883,68719479321,ARGUMENT
30064773883,30064773884,ARGUMENT
30064773884,30064773468,ARGUMENT
30064773884,55834575940,ARGUMENT
30064773885,68719479324,ARGUMENT
30064773885,30064773886,ARGUMENT
30064773886,30064773469,ARGUMENT
30064773886,55834575941,ARGUMENT
30064773887,68719479327,ARGUMENT
30064773887,30064773888,ARGUMENT
30064773888,30064773470,ARGUMENT
30064773888,55834575942,ARGUMENT
30064773889,68719479330,ARGUMENT
30064773889,30064773890,ARGUMENT
30064773890,30064773471,ARGUMENT
30064773890,55834575943,ARGUMENT
30064773891,68719479333,ARGUMENT
30064773891,30064773892,ARGUMENT
30064773892,30064773472,ARGUMENT
30064773892,55834575944,ARGUMENT
30064773893,68719479336,ARGUMENT
30064773893,30064773473,ARGUMENT
30064773894,68719479339,ARGUMENT
30064773894,30064773474,ARGUMENT
30064773895,68719479342,ARGUMENT
30064773895,30064773475,ARGUMENT
30064773896,68719479345,ARGUMENT
30064773896,30064773476,ARGUMENT
30064773897,68719479348,ARGUMENT
30064773897,30064773477,ARGUMENT
30064773898,68719479351,ARGUMENT
30064773898,120259084358,ARGUMENT
30064773899,68719479352,ARGUMENT
30064773899,30064773900,ARGUMENT
30064773901,68719479354,ARGUMENT
30064773902,30064773903,ARGUMENT
30064773902,68719479357,ARGUMENT
30064773903,68719479356,ARGUMENT
30064773903,90194313767,ARGUMENT
30064773904,68719479499,ARGUMENT
30064773904,90194313799,ARGUMENT
30064773905,68719479502,ARGUMENT
30064773905,90194313800,ARGUMENT
30064773906,68719479505,ARGUMENT
30064773906,90194313801,ARGUMENT
30064773907,68719479508,ARGUMENT
30064773907,90194313802,ARGUMENT
30064773908,68719479358,ARGUMENT
30064773908,25769804266,ARGUMENT
30064773909,68719479359,ARGUMENT
30064773909,30064773910,ARGUMENT
30064773911,68719479361,ARGUMENT
30064773912,68719479363,ARGUMENT
30064773912,25769804267,ARGUMENT
30064773913,68719479364,ARGUMENT
30064773913,30064773914,ARGUMENT
30064773915,68719479366,ARGUMENT
30064773916,68719479368,ARGUMENT
30064773916,30064773917,ARGUMENT
30064773917,30064773918,ARGUMENT
30064773918,30064773919,ARGUMENT
30064773918,55834575946,ARGUMENT
30064773919,68719479369,ARGUMENT
30064773919,55834575945,ARGUMENT
30064773920,68719479370,ARGUMENT
30064773921,68719479374,ARGUMENT
30064773921,25769804269,ARGUMENT
30064773922,30064773923,ARGUMENT
30064773922,55834575948,ARGUMENT
30064773923,68719479371,ARGUMENT
30064773923,30064773924,ARGUMENT
30064773924,68719479373,ARGUMENT
30064773924,90194313768,ARGUMENT
30064773925,68719479372,ARGUMENT
30064773925,55834575947,ARGUMENT
30064773926,30064773927,ARGUMENT
30064773926,90194313769,ARGUMENT
30064773927,68719479375,ARGUMENT
30064773927,55834575949,ARGUMENT
30064773928,30064773929,ARGUMENT
30064773928,90194313770,ARGUMENT
30064773929,68719479376,ARGUMENT
30064773929,55834575950,ARGUMENT
30064773930,68719479379,ARGUMENT
30064773930,30064773932,ARGUMENT
30064773931,68719479378,ARGUMENT
30064773931,55834575951,ARGUMENT
30064773932,90194313771,ARGUMENT
30064773932,68719479380,ARGUMENT
30064773932,90194313772,ARGUMENT
30064773933,30064773934,ARGUMENT
30064773934,68719479382,ARGUMENT
30064773934,68719479383,ARGUMENT
30064773935,68719479381,ARGUMENT
30064773935,55834575952,ARGUMENT
30064773936,68719479384,ARGUMENT
30064773936,30064773937,ARGUMENT
30064773937,30064773938,ARGUMENT
30064773938,68719479386,ARGUMENT
30064773938,68719479387,ARGUMENT
30064773939,68719479385,ARGUMENT
30064773939,55834575953,ARGUMENT
30064773940,68719479389,ARGUMENT
30064773940,25769804270,ARGUMENT
30064773941,68719479388,ARGUMENT
30064773941,55834575954,ARGUMENT
30064773942,30064773943,ARGUMENT
30064773942,90194313773,ARGUMENT
30064773943,68719479390,ARGUMENT
30064773943,55834575955,ARGUMENT
30064773944,30064773945,ARGUMENT
30064773944,68719479392,ARGUMENT
30064773945,68719479391,ARGUMENT
30064773945,55834575956,ARGUMENT
30064773946,68719479396,ARGUMENT
30064773946,90194313774,ARGUMENT
30064773946,68719479397,ARGUMENT
30064773947,68719479395,ARGUMENT
30064773947,55834575957,ARGUMENT
30064773948,68719479399,ARGUMENT
30064773948,30064773950,ARGUMENT
30064773949,68719479398,ARGUMENT
30064773949,55834575958,ARGUMENT
30064773950,68719479400,ARGUMENT
30064773950,55834575959,ARGUMENT
30064773951,68719479404,ARGUMENT
30064773951,25769804271,ARGUMENT
30064773952,30064773953,ARGUMENT
30064773952,55834575961,ARGUMENT
30064773953,68719479401,ARGUMENT
30064773953,30064773954,ARGUMENT
30064773954,68719479403,ARGUMENT
30064773954,90194313775,ARGUMENT
30064773955,68719479402,ARGUMENT
30064773955,55834575960,ARGUMENT
30064773956,30064773957,ARGUMENT
30064773956,90194313776,ARGUMENT
30064773957,68719479405,ARGUMENT
30064773957,55834575962,ARGUMENT
30064773958,30064773959,ARGUMENT
30064773958,90194313777,ARGUMENT
30064773959,68719479406,ARGUMENT
30064773959,55834575963,ARGUMENT
30064773960,30064773961,ARGUMENT
30064773960,30064773962,ARGUMENT
30064773961,68719479407,ARGUMENT
30064773961,55834575964,ARGUMENT
30064773962,68719479408,ARGUMENT
30064773962,55834575965,ARGUMENT
30064773963,68719479410,ARGUMENT
30064773963,25769804275,ARGUMENT
30064773964,68719479411,ARGUMENT
30064773964,30064773965,ARGUMENT
30064773966,68719479413,ARGUMENT
30064773967,68719479415,ARGUMENT
30064773967,30064773968,ARGUMENT
30064773968,30064773969,ARGUMENT
30064773969,30064773970,ARGUMENT
30064773969,55834575967,ARGUMENT
30064773970,68719479416,ARGUMENT
30064773970,55834575966,ARGUMENT
30064773971,68719479417,ARGUMENT
30064773972,68719479421,ARGUMENT
30064773972,25769804277,ARGUMENT
30064773973,30064773974,ARGUMENT
30064773973,55834575969,ARGUMENT
30064773974,68719479418,ARGUMENT
30064773974,30064773975,ARGUMENT
30064773975,68719479420,ARGUMENT
30064773975,90194313778,ARGUMENT
30064773976,68719479419,ARGUMENT
30064773976,55834575968,ARGUMENT
30064773977,30064773978,ARGUMENT
30064773977,90194313779,ARGUMENT
30064773978,68719479422,ARGUMENT
30064773978,55834575970,ARGUMENT
30064773979,30064773980,ARGUMENT
30064773979,90194313780,ARGUMENT
30064773980,68719479423,ARGUMENT
30064773980,55834575971,ARGUMENT
30064773981,68719479425,ARGUMENT
30064773981,30064773982,ARGUMENT
30064773982,30064773983,ARGUMENT
30064773983,68719479427,ARGUMENT
30064773983,68719479428,ARGUMENT
30064773984,68719479426,ARGUMENT
30064773984,55834575972,ARGUMENT
30064773985,68719479429,ARGUMENT
30064773986,68719479433,ARGUMENT
30064773986,25769804278,ARGUMENT
30064773987,30064773988,ARGUMENT
30064773987,55834575974,ARGUMENT
30064773988,68719479430,ARGUMENT
30064773988,30064773989,ARGUMENT
30064773989,68719479432,ARGUMENT
30064773989,90194313781,ARGUMENT
30064773990,68719479431,ARGUMENT
30064773990,55834575973,ARGUMENT
30064773991,30064773992,ARGUMENT
30064773991,90194313782,ARGUMENT
30064773992,68719479434,ARGUMENT
30064773992,55834575975,ARGUMENT
30064773993,30064773994,ARGUMENT
30064773993,90194313783,ARGUMENT
30064773994,68719479435,ARGUMENT
30064773994,55834575976,ARGUMENT
30064773995,68719479438,ARGUMENT
30064773995,25769804279,ARGUMENT
30064773996,68719479437,ARGUMENT
30064773996,55834575977,ARGUMENT
30064773997,30064773998,ARGUMENT
30064773997,90194313784,ARGUMENT
30064773998,68719479439,ARGUMENT
30064773998,55834575978,ARGUMENT
30064773999,30064774000,ARGUMENT
30064773999,68719479441,ARGUMENT
30064774000,68719479440,ARGUMENT
30064774000,55834575979,ARGUMENT
30064774001,68719479445,ARGUMENT
30064774001,90194313785,ARGUMENT
30064774001,68719479446,ARGUMENT
30064774002,68719479444,ARGUMENT
30064774002,55834575980,ARGUMENT
30064774003,68719479450,ARGUMENT
30064774003,25769804280,ARGUMENT
30064774004,30064774005,ARGUMENT
30064774004,55834575982,ARGUMENT
30064774005,68719479447,ARGUMENT
30064774005,30064774006,ARGUMENT
30064774006,68719479449,ARGUMENT
30064774006,90194313786,ARGUMENT
30064774007,68719479448,ARGUMENT
30064774007,55834575981,ARGUMENT
30064774008,30064774009,ARGUMENT
30064774008,90194313787,ARGUMENT
30064774009,68719479451,ARGUMENT
30064774009,55834575983,ARGUMENT
30064774010,30064774011,ARGUMENT
30064774010,90194313788,ARGUMENT
30064774011,68719479452,ARGUMENT
30064774011,55834575984,ARGUMENT
30064774012,30064774013,ARGUMENT
30064774012,30064774014,ARGUMENT
30064774013,68719479453,ARGUMENT
30064774013,55834575985,ARGUMENT
30064774014,68719479454,ARGUMENT
30064774014,55834575986,ARGUMENT
30064774015,68719479456,ARGUMENT
30064774015,25769804285,ARGUMENT
30064774016,68719479457,ARGUMENT
30064774016,30064774017,ARGUMENT
30064774018,68719479459,ARGUMENT
30064774019,68719479461,ARGUMENT
30064774019,30064774020,ARGUMENT
30064774020,30064774021,ARGUMENT
30064774021,30064774022,ARGUMENT
30064774021,55834575988,ARGUMENT
30064774022,68719479462,ARGUMENT
30064774022,55834575987,ARGUMENT
30064774023,68719479463,ARGUMENT
30064774023,30064774024,ARGUMENT
30064774024,30064774025,ARGUMENT
30064774024,90194313790,ARGUMENT
30064774025,30064774026,ARGUMENT
30064774026,90194313789,ARGUMENT
30064774026,30064774027,ARGUMENT
30064774027,30064774028,ARGUMENT
30064774027,55834575990,ARGUMENT
30064774028,68719479464,ARGUMENT
30064774028,55834575989,ARGUMENT
30064774029,68719479465,ARGUMENT
30064774030,68719479469,ARGUMENT
30064774030,25769804287,ARGUMENT
30064774031,30064774032,ARGUMENT
30064774031,55834575992,ARGUMENT
30064774032,68719479466,ARGUMENT
30064774032,30064774033,ARGUMENT
30064774033,68719479468,ARGUMENT
30064774033,90194313791,ARGUMENT
30064774034,68719479467,ARGUMENT
30064774034,55834575991,ARGUMENT
30064774035,30064774036,ARGUMENT
30064774035,90194313792,ARGUMENT
30064774036,68719479470,ARGUMENT
30064774036,55834575993,ARGUMENT
30064774037,30064774038,ARGUMENT
30064774037,90194313793,ARGUMENT
30064774038,68719479471,ARGUMENT
30064774038,55834575994,ARGUMENT
30064774039,68719479473,ARGUMENT
30064774039,30064774040,ARGUMENT
30064774040,30064774041,ARGUMENT
30064774041,68719479475,ARGUMENT
30064774041,68719479476,ARGUMENT
30064774041,68719479477,ARGUMENT
30064774042,68719479474,ARGUMENT
30064774042,55834575995,ARGUMENT
30064774043,68719479479,ARGUMENT
30064774043,25769804288,ARGUMENT
30064774044,68719479478,ARGUMENT
30064774044,55834575996,ARGUMENT
30064774045,30064774046,ARGUMENT
30064774045,90194313794,ARGUMENT
30064774046,68719479480,ARGUMENT
30064774046,55834575997,ARGUMENT
30064774047,30064774048,ARGUMENT
30064774047,68719479482,ARGUMENT
30064774048,68719479481,ARGUMENT
30064774048,55834575998,ARGUMENT
30064774049,68719479486,ARGUMENT
30064774049,90194313795,ARGUMENT
30064774049,68719479487,ARGUMENT
30064774050,68719479485,ARGUMENT
30064774050,55834575999,ARGUMENT
30064774051,68719479491,ARGUMENT
30064774051,25769804289,ARGUMENT
30064774052,30064774053,ARGUMENT
30064774052,55834576001,ARGUMENT
30064774053,68719479488,ARGUMENT
30064774053,30064774054,ARGUMENT
30064774054,68719479490,ARGUMENT
30064774054,90194313796,ARGUMENT
30064774055,68719479489,ARGUMENT
30064774055,55834576000,ARGUMENT
30064774056,30064774057,ARGUMENT
30064774056,90194313797,ARGUMENT
30064774057,68719479492,ARGUMENT
30064774057,55834576002,ARGUMENT
30064774058,30064774059,ARGUMENT
30064774058,90194313798,ARGUMENT
30064774059,68719479493,ARGUMENT
30064774059,55834576003,ARGUMENT
30064774060,30064774061,ARGUMENT
30064774060,30064774062,ARGUMENT
30064774061,68719479494,ARGUMENT
30064774061,55834576004,ARGUMENT
30064774062,68719479495,ARGUMENT
30064774062,55834576005,ARGUMENT
30064774063,68719479497,ARGUMENT
30064774063,30064774064,ARGUMENT
30064774064,30064773904,ARGUMENT
30064774064,55834576006,ARGUMENT
30064774065,68719479500,ARGUMENT
30064774065,30064774066,ARGUMENT
30064774066,30064773905,ARGUMENT
30064774066,55834576007,ARGUMENT
30064774067,68719479503,ARGUMENT
30064774067,30064774068,ARGUMENT
30064774068,30064773906,ARGUMENT
30064774068,55834576008,ARGUMENT
30064774069,68719479506,ARGUMENT
30064774069,30064774070,ARGUMENT
30064774070,30064773907,ARGUMENT
30064774070,55834576009,ARGUMENT
30064774071,68719479509,ARGUMENT
30064774071,120259084359,ARGUMENT
30064774072,30064774073,ARGUMENT
30064774072,68719479511,ARGUMENT
30064774073,68719479510,ARGUMENT
30064774073,55834576010,ARGUMENT
30064774074,68719479512,ARGUMENT
30064774074,120259084360,ARGUMENT
30064774075,30064774076,ARGUMENT
30064774075,68719479514,ARGUMENT
30064774076,68719479513,ARGUMENT
30064774076,55834576011,ARGUMENT
30064774077,68719479515,ARGUMENT
30064774077,120259084361,ARGUMENT
30064774078,30064774079,ARGUMENT
30064774078,68719479517,ARGUMENT
30064774079,68719479516,ARGUMENT
30064774079,55834576012,ARGUMENT
30064774080,68719479656,ARGUMENT
30064774080,90194313834,ARGUMENT
30064774081,68719479659,ARGUMENT
30064774081,90194313835,ARGUMENT
30064774082,68719479662,ARGUMENT
30064774082,90194313836,ARGUMENT
30064774083,68719479665,ARGUMENT
30064774083,90194313837,ARGUMENT
30064774084,68719479518,ARGUMENT
30064774084,25769804298,ARGUMENT
30064774085,68719479519,ARGUMENT
30064774085,30064774086,ARGUMENT
30064774087,68719479521,ARGUMENT
30064774088,68719479523,ARGUMENT
30064774088,25769804299,ARGUMENT
30064774089,68719479524,ARGUMENT
30064774089,30064774090,ARGUMENT
30064774091,68719479526,ARGUMENT
30064774092,68719479528,ARGUMENT
30064774092,30064774093,ARGUMENT
30064774093,30064774094,ARGUMENT
30064774094,30064774095,ARGUMENT
30064774094,55834576014,ARGUMENT
30064774095,68719479529,ARGUMENT
30064774095,55834576013,ARGUMENT
30064774096,68719479530,ARGUMENT
30064774097,68719479534,ARGUMENT
30064774097,25769804301,ARGUMENT
30064774098,30064774099,ARGUMENT
30064774098,55834576016,ARGUMENT
30064774099,68719479531,ARGUMENT
30064774099,30064774100,ARGUMENT
30064774100,68719479533,ARGUMENT
30064774100,90194313803,ARGUMENT
30064774101,68719479532,ARGUMENT
30064774101,55834576015,ARGUMENT
30064774102,30064774103,ARGUMENT
30064774102,90194313804,ARGUMENT
30064774103,68719479535,ARGUMENT
30064774103,55834576017,ARGUMENT
30064774104,30064774105,ARGUMENT
30064774104,90194313805,ARGUMENT
30064774105,68719479536,ARGUMENT
30064774105,55834576018,ARGUMENT
30064774106,68719479539,ARGUMENT
30064774106,30064774108,ARGUMENT
30064774107,68719479538,ARGUMENT
30064774107,55834576019,ARGUMENT
30064774108,90194313806,ARGUMENT
30064774108,68719479540,ARGUMENT
30064774108,90194313807,ARGUMENT
30064774109,30064774110,ARGUMENT
30064774110,68719479542,ARGUMENT
30064774110,68719479543,ARGUMENT
30064774111,68719479541,ARGUMENT
30064774111,55834576020,ARGUMENT
30064774112,68719479544,ARGUMENT
30064774112,30064774113,ARGUMENT
30064774113,30064774114,ARGUMENT
30064774114,68719479546,ARGUMENT
30064774114,68719479547,ARGUMENT
30064774115,68719479545,ARGUMENT
30064774115,55834576021,ARGUMENT
30064774116,68719479549,ARGUMENT
30064774116,25769804302,ARGUMENT
30064774117,68719479548,ARGUMENT
30064774117,55834576022,ARGUMENT
30064774118,30064774119,ARGUMENT
30064774118,90194313808,ARGUMENT
30064774119,68719479550,ARGUMENT
30064774119,55834576023,ARGUMENT
30064774120,30064774121,ARGUMENT
30064774120,68719479552,ARGUMENT
30064774121,68719479551,ARGUMENT
30064774121,55834576024,ARGUMENT
30064774122,68719479556,ARGUMENT
30064774122,90194313809,ARGUMENT
30064774122,68719479557,ARGUMENT
30064774123,68719479555,ARGUMENT
30064774123,55834576025,ARGUMENT
30064774124,68719479561,ARGUMENT
30064774124,25769804303,ARGUMENT
30064774125,30064774126,ARGUMENT
30064774125,55834576027,ARGUMENT
30064774126,68719479558,ARGUMENT
30064774126,30064774127,ARGUMENT
30064774127,68719479560,ARGUMENT
30064774127,90194313810,ARGUMENT
30064774128,68719479559,ARGUMENT
30064774128,55834576026,ARGUMENT
30064774129,30064774130,ARGUMENT
30064774129,90194313811,ARGUMENT
30064774130,68719479562,ARGUMENT
30064774130,55834576028,ARGUMENT
30064774131,30064774132,ARGUMENT
30064774131,90194313812,ARGUMENT
30064774132,68719479563,ARGUMENT
30064774132,55834576029,ARGUMENT
30064774133,30064774134,ARGUMENT
30064774133,30064774135,ARGUMENT
30064774134,68719479564,ARGUMENT
30064774134,55834576030,ARGUMENT
30064774135,68719479565,ARGUMENT
30064774135,55834576031,ARGUMENT
30064774136,68719479567,ARGUMENT
30064774136,25769804307,ARGUMENT
30064774137,68719479568,ARGUMENT
30064774137,30064774138,ARGUMENT
30064774139,68719479570,ARGUMENT
30064774140,68719479572,ARGUMENT
30064774140,30064774141,ARGUMENT
30064774141,30064774142,ARGUMENT
30064774142,30064774143,ARGUMENT
30064774142,55834576033,ARGUMENT
30064774143,68719479573,ARGUMENT
30064774143,55834576032,ARGUMENT
30064774144,68719479574,ARGUMENT
30064774145,68719479578,ARGUMENT
30064774145,25769804309,ARGUMENT
30064774146,30064774147,ARGUMENT
30064774146,55834576035,ARGUMENT
30064774147,68719479575,ARGUMENT
30064774147,30064774148,ARGUMENT
30064774148,68719479577,ARGUMENT
30064774148,90194313813,ARGUMENT
30064774149,68719479576,ARGUMENT
30064774149,55834576034,ARGUMENT
30064774150,30064774151,ARGUMENT
30064774150,90194313814,ARGUMENT
30064774151,68719479579,ARGUMENT
30064774151,55834576036,ARGUMENT
30064774152,30064774153,ARGUMENT
30064774152,90194313815,ARGUMENT
30064774153,68719479580,ARGUMENT
30064774153,55834576037,ARGUMENT
30064774154,68719479582,ARGUMENT
30064774154,30064774155,ARGUMENT
30064774155,30064774156,ARGUMENT
30064774156,68719479584,ARGUMENT
30064774156,68719479585,ARGUMENT
30064774157,68719479583,ARGUMENT
30064774157,55834576038,ARGUMENT
30064774158,68719479586,ARGUMENT
30064774159,68719479590,ARGUMENT
30064774159,25769804310,ARGUMENT
30064774160,30064774161,ARGUMENT
30064774160,55834576040,ARGUMENT
30064774161,68719479587,ARGUMENT
30064774161,30064774162,ARGUMENT
30064774162,68719479589,ARGUMENT
30064774162,90194313816,ARGUMENT
30064774163,68719479588,ARGUMENT
30064774163,55834576039,ARGUMENT
30064774164,30064774165,ARGUMENT
30064774164,90194313817,ARGUMENT
30064774165,68719479591,ARGUMENT
30064774165,55834576041,ARGUMENT
30064774166,30064774167,ARGUMENT
30064774166,90194313818,ARGUMENT
30064774167,68719479592,ARGUMENT
30064774167,55834576042,ARGUMENT
30064774168,68719479595,ARGUMENT
30064774168,25769804311,ARGUMENT
30064774169,68719479594,ARGUMENT
30064774169,55834576043,ARGUMENT
30064774170,30064774171,ARGUMENT
30064774170,90194313819,ARGUMENT
30064774171,68719479596,ARGUMENT
30064774171,55834576044,ARGUMENT
30064774172,30064774173,ARGUMENT
30064774172,68719479598,ARGUMENT
30064774173,68719479597,ARGUMENT
30064774173,55834576045,ARGUMENT
30064774174,68719479602,ARGUMENT
30064774174,90194313820,ARGUMENT
30064774174,68719479603,ARGUMENT
30064774175,68719479601,ARGUMENT
30064774175,55834576046,ARGUMENT
30064774176,68719479607,ARGUMENT
30064774176,25769804312,ARGUMENT
30064774177,30064774178,ARGUMENT
30064774177,55834576048,ARGUMENT
30064774178,68719479604,ARGUMENT
30064774178,30064774179,ARGUMENT
30064774179,68719479606,ARGUMENT
30064774179,90194313821,ARGUMENT
30064774180,68719479605,ARGUMENT
30064774180,55834576047,ARGUMENT
30064774181,30064774182,ARGUMENT
30064774181,90194313822,ARGUMENT
30064774182,68719479608,ARGUMENT
30064774182,55834576049,ARGUMENT
30064774183,30064774184,ARGUMENT
30064774183,90194313823,ARGUMENT
30064774184,68719479609,ARGUMENT
30064774184,55834576050,ARGUMENT
30064774185,30064774186,ARGUMENT
30064774185,30064774187,ARGUMENT
30064774186,68719479610,ARGUMENT
30064774186,55834576051,ARGUMENT
30064774187,68719479611,ARGUMENT
30064774187,55834576052,ARGUMENT
30064774188,68719479613,ARGUMENT
30064774188,25769804317,ARGUMENT
30064774189,68719479614,ARGUMENT
30064774189,30064774190,ARGUMENT
30064774191,68719479616,ARGUMENT
30064774192,68719479618,ARGUMENT
30064774192,30064774193,ARGUMENT
30064774193,30064774194,ARGUMENT
30064774194,30064774195,ARGUMENT
30064774194,55834576054,ARGUMENT
30064774195,68719479619,ARGUMENT
30064774195,55834576053,ARGUMENT
30064774196,68719479620,ARGUMENT
30064774196,30064774197,ARGUMENT
30064774197,30064774198,ARGUMENT
30064774197,90194313825,ARGUMENT
30064774198,30064774199,ARGUMENT
30064774199,90194313824,ARGUMENT
30064774199,30064774200,ARGUMENT
30064774200,30064774201,ARGUMENT
30064774200,55834576056,ARGUMENT
30064774201,68719479621,ARGUMENT
30064774201,55834576055,ARGUMENT
30064774202,68719479622,ARGUMENT
30064774203,68719479626,ARGUMENT
30064774203,25769804319,ARGUMENT
30064774204,30064774205,ARGUMENT
30064774204,55834576058,ARGUMENT
30064774205,68719479623,ARGUMENT
30064774205,30064774206,ARGUMENT
30064774206,68719479625,ARGUMENT
30064774206,90194313826,ARGUMENT
30064774207,68719479624,ARGUMENT
30064774207,55834576057,ARGUMENT
30064774208,30064774209,ARGUMENT
30064774208,90194313827,ARGUMENT
30064774209,68719479627,ARGUMENT
30064774209,55834576059,ARGUMENT
30064774210,30064774211,ARGUMENT
30064774210,90194313828,ARGUMENT
30064774211,68719479628,ARGUMENT
30064774211,55834576060,ARGUMENT
30064774212,68719479630,ARGUMENT
30064774212,30064774213,ARGUMENT
30064774213,30064774214,ARGUMENT
30064774214,68719479632,ARGUMENT
30064774214,68719479633,ARGUMENT
30064774214,68719479634,ARGUMENT
30064774215,68719479631,ARGUMENT
30064774215,55834576061,ARGUMENT
30064774216,68719479636,ARGUMENT
30064774216,25769804320,ARGUMENT
30064774217,68719479635,ARGUMENT
30064774217,55834576062,ARGUMENT
30064774218,30064774219,ARGUMENT
30064774218,90194313829,ARGUMENT
30064774219,68719479637,ARGUMENT
30064774219,55834576063,ARGUMENT
30064774220,30064774221,ARGUMENT
30064774220,68719479639,ARGUMENT
30064774221,68719479638,ARGUMENT
30064774221,55834576064,ARGUMENT
30064774222,68719479643,ARGUMENT
30064774222,90194313830,ARGUMENT
30064774222,68719479644,ARGUMENT
30064774223,68719479642,ARGUMENT
30064774223,55834576065,ARGUMENT
30064774224,68719479648,ARGUMENT
30064774224,25769804321,ARGUMENT
30064774225,30064774226,ARGUMENT
30064774225,55834576067,ARGUMENT
30064774226,68719479645,ARGUMENT
30064774226,30064774227,ARGUMENT
30064774227,68719479647,ARGUMENT
30064774227,90194313831,ARGUMENT
30064774228,68719479646,ARGUMENT
30064774228,55834576066,ARGUMENT
30064774229,30064774230,ARGUMENT
30064774229,90194313832,ARGUMENT
30064774230,68719479649,ARGUMENT
30064774230,55834576068,ARGUMENT
30064774231,30064774232,ARGUMENT
30064774231,90194313833,ARGUMENT
30064774232,68719479650,ARGUMENT
30064774232,55834576069,ARGUMENT
30064774233,30064774234,ARGUMENT
30064774233,30064774235,ARGUMENT
30064774234,68719479651,ARGUMENT
30064774234,55834576070,ARGUMENT
30064774235,68719479652,ARGUMENT
30064774235,55834576071,ARGUMENT
30064774236,68719479654,ARGUMENT
30064774236,30064774237,ARGUMENT
30064774237,30064774080,ARGUMENT
30064774237,55834576072,ARGUMENT
30064774238,68719479657,ARGUMENT
30064774238,30064774239,ARGUMENT
30064774239,30064774081,ARGUMENT
30064774239,55834576073,ARGUMENT
30064774240,68719479660,ARGUMENT
30064774240,30064774241,ARGUMENT
30064774241,30064774082,ARGUMENT
30064774241,55834576074,ARGUMENT
30064774242,68719479663,ARGUMENT
30064774242,30064774243,ARGUMENT
30064774243,30064774083,ARGUMENT
30064774243,55834576075,ARGUMENT
30064774244,68719479666,ARGUMENT
30064774244,120259084362,ARGUMENT
30064774245,30064774246,ARGUMENT
30064774245,68719479668,ARGUMENT
30064774246,68719479667,ARGUMENT
30064774246,55834576076,ARGUMENT
30064774247,68719479669,ARGUMENT
30064774247,120259084363,ARGUMENT
30064774248,30064774249,ARGUMENT
30064774248,68719479671,ARGUMENT
30064774249,68719479670,ARGUMENT
30064774249,55834576077,ARGUMENT
30064774250,68719479672,ARGUMENT
30064774250,120259084364,ARGUMENT
30064774251,30064774252,ARGUMENT
30064774251,68719479674,ARGUMENT
30064774252,68719479673,ARGUMENT
30064774252,55834576078,ARGUMENT
30064774253,68719479813,ARGUMENT
30064774253,90194313869,ARGUMENT
30064774254,68719479816,ARGUMENT
30064774254,90194313870,ARGUMENT
30064774255,68719479819,ARGUMENT
30064774255,90194313871,ARGUMENT
30064774256,68719479822,ARGUMENT
30064774256,90194313872,ARGUMENT
30064774257,68719479675,ARGUMENT
30064774257,25769804330,ARGUMENT
30064774258,68719479676,ARGUMENT
30064774258,30064774259,ARGUMENT
30064774260,68719479678,ARGUMENT
30064774261,68719479680,ARGUMENT
30064774261,25769804331,ARGUMENT
30064774262,68719479681,ARGUMENT
30064774262,30064774263,ARGUMENT
30064774264,68719479683,ARGUMENT
30064774265,68719479685,ARGUMENT
30064774265,30064774266,ARGUMENT
30064774266,30064774267,ARGUMENT
30064774267,30064774268,ARGUMENT
30064774267,55834576080,ARGUMENT
30064774268,68719479686,ARGUMENT
30064774268,55834576079,ARGUMENT
30064774269,68719479687,ARGUMENT
30064774270,68719479691,ARGUMENT
30064774270,25769804333,ARGUMENT
30064774271,30064774272,ARGUMENT
30064774271,55834576082,ARGUMENT
30064774272,68719479688,ARGUMENT
30064774272,30064774273,ARGUMENT
30064774273,68719479690,ARGUMENT
30064774273,90194313838,ARGUMENT
30064774274,68719479689,ARGUMENT
30064774274,55834576081,ARGUMENT
30064774275,30064774276,ARGUMENT
30064774275,90194313839,ARGUMENT
30064774276,68719479692,ARGUMENT
30064774276,55834576083,ARGUMENT
30064774277,30064774278,ARGUMENT
30064774277,90194313840,ARGUMENT
30064774278,68719479693,ARGUMENT
30064774278,55834576084,ARGUMENT
30064774279,68719479696,ARGUMENT
30064774279,30064774281,ARGUMENT
30064774280,68719479695,ARGUMENT
30064774280,55834576085,ARGUMENT
30064774281,90194313841,ARGUMENT
30064774281,68719479697,ARGUMENT
30064774281,90194313842,ARGUMENT
30064774282,30064774283,ARGUMENT
30064774283,68719479699,ARGUMENT
30064774283,68719479700,ARGUMENT
30064774284,68719479698,ARGUMENT
30064774284,55834576086,ARGUMENT
30064774285,68719479701,ARGUMENT
30064774285,30064774286,ARGUMENT
30064774286,30064774287,ARGUMENT
30064774287,68719479703,ARGUMENT
30064774287,68719479704,ARGUMENT
30064774288,68719479702,ARGUMENT
30064774288,55834576087,ARGUMENT
30064774289,68719479706,ARGUMENT
30064774289,25769804334,ARGUMENT
30064774290,68719479705,ARGUMENT
30064774290,55834576088,ARGUMENT
30064774291,30064774292,ARGUMENT
30064774291,90194313843,ARGUMENT
30064774292,68719479707,ARGUMENT
30064774292,55834576089,ARGUMENT
30064774293,30064774294,ARGUMENT
30064774293,68719479709,ARGUMENT
30064774294,68719479708,ARGUMENT
30064774294,55834576090,ARGUMENT
30064774295,68719479713,ARGUMENT
30064774295,90194313844,ARGUMENT
30064774295,68719479714,ARGUMENT
30064774296,68719479712,ARGUMENT
30064774296,55834576091,ARGUMENT
30064774297,68719479718,ARGUMENT
30064774297,25769804335,ARGUMENT
30064774298,30064774299,ARGUMENT
30064774298,55834576093,ARGUMENT
30064774299,68719479715,ARGUMENT
30064774299,30064774300,ARGUMENT
30064774300,68719479717,ARGUMENT
30064774300,90194313845,ARGUMENT
30064774301,68719479716,ARGUMENT
30064774301,55834576092,ARGUMENT
30064774302,30064774303,ARGUMENT
30064774302,90194313846,ARGUMENT
30064774303,68719479719,ARGUMENT
30064774303,55834576094,ARGUMENT
30064774304,30064774305,ARGUMENT
30064774304,90194313847,ARGUMENT
30064774305,68719479720,ARGUMENT
30064774305,55834576095,ARGUMENT
30064774306,30064774307,ARGUMENT
30064774306,30064774308,ARGUMENT
30064774307,68719479721,ARGUMENT
30064774307,55834576096,ARGUMENT
30064774308,68719479722,ARGUMENT
30064774308,55834576097,ARGUMENT
30064774309,68719479724,ARGUMENT
30064774309,25769804339,ARGUMENT
30064774310,68719479725,ARGUMENT
30064774310,30064774311,ARGUMENT
30064774312,68719479727,ARGUMENT
30064774313,68719479729,ARGUMENT
30064774313,30064774314,ARGUMENT
30064774314,30064774315,ARGUMENT
30064774315,30064774316,ARGUMENT
30064774315,55834576099,ARGUMENT
30064774316,68719479730,ARGUMENT
30064774316,55834576098,ARGUMENT
30064774317,68719479731,ARGUMENT
30064774318,68719479735,ARGUMENT
30064774318,25769804341,ARGUMENT
30064774319,30064774320,ARGUMENT
30064774319,55834576101,ARGUMENT
30064774320,68719479732,ARGUMENT
30064774320,30064774321,ARGUMENT
30064774321,68719479734,ARGUMENT
30064774321,90194313848,ARGUMENT
30064774322,68719479733,ARGUMENT
30064774322,55834576100,ARGUMENT
30064774323,30064774324,ARGUMENT
30064774323,90194313849,ARGUMENT
30064774324,68719479736,ARGUMENT
30064774324,55834576102,ARGUMENT
30064774325,30064774326,ARGUMENT
30064774325,90194313850,ARGUMENT
30064774326,68719479737,ARGUMENT
30064774326,55834576103,ARGUMENT
30064774327,68719479739,ARGUMENT
30064774327,30064774328,ARGUMENT
30064774328,30064774329,ARGUMENT
30064774329,68719479741,ARGUMENT
30064774329,68719479742,ARGUMENT
30064774330,68719479740,ARGUMENT
30064774330,55834576104,ARGUMENT
30064774331,68719479743,ARGUMENT
30064774332,68719479747,ARGUMENT
30064774332,25769804342,ARGUMENT
30064774333,30064774334,ARGUMENT
30064774333,55834576106,ARGUMENT
30064774334,68719479744,ARGUMENT
30064774334,30064774335,ARGUMENT
30064774335,68719479746,ARGUMENT
30064774335,90194313851,ARGUMENT
30064774336,68719479745,ARGUMENT
30064774336,55834576105,ARGUMENT
30064774337,30064774338,ARGUMENT
30064774337,90194313852,ARGUMENT
30064774338,68719479748,ARGUMENT
30064774338,55834576107,ARGUMENT
30064774339,30064774340,ARGUMENT
30064774339,90194313853,ARGUMENT
30064774340,68719479749,ARGUMENT
30064774340,55834576108,ARGUMENT
30064774341,68719479752,ARGUMENT
30064774341,25769804343,ARGUMENT
30064774342,68719479751,ARGUMENT
30064774342,55834576109,ARGUMENT
30064774343,30064774344,ARGUMENT
30064774343,90194313854,ARGUMENT
30064774344,68719479753,ARGUMENT
30064774344,55834576110,ARGUMENT
30064774345,30064774346,ARGUMENT
30064774345,68719479755,ARGUMENT
30064774346,68719479754,ARGUMENT
30064774346,55834576111,ARGUMENT
30064774347,68719479759,ARGUMENT
30064774347,90194313855,ARGUMENT
30064774347,68719479760,ARGUMENT
30064774348,68719479758,ARGUMENT
30064774348,55834576112,ARGUMENT
30064774349,68719479764,ARGUMENT
30064774349,25769804344,ARGUMENT
30064774350,30064774351,ARGUMENT
30064774350,55834576114,ARGUMENT
30064774351,68719479761,ARGUMENT
30064774351,30064774352,ARGUMENT
30064774352,68719479763,ARGUMENT
30064774352,90194313856,ARGUMENT
30064774353,68719479762,ARGUMENT
30064774353,55834576113,ARGUMENT
30064774354,30064774355,ARGUMENT
30064774354,90194313857,ARGUMENT
30064774355,68719479765,ARGUMENT
30064774355,55834576115,ARGUMENT
30064774356,30064774357,ARGUMENT
30064774356,90194313858,ARGUMENT
30064774357,68719479766,ARGUMENT
30064774357,55834576116,ARGUMENT
30064774358,30064774359,ARGUMENT
30064774358,30064774360,ARGUMENT
30064774359,68719479767,ARGUMENT
30064774359,55834576117,ARGUMENT
30064774360,68719479768,ARGUMENT
30064774360,55834576118,ARGUMENT
30064774361,68719479770,ARGUMENT
30064774361,25769804349,ARGUMENT
30064774362,68719479771,ARGUMENT
30064774362,30064774363,ARGUMENT
30064774364,68719479773,ARGUMENT
30064774365,68719479775,ARGUMENT
30064774365,30064774366,ARGUMENT
30064774366,30064774367,ARGUMENT
30064774367,30064774368,ARGUMENT
30064774367,55834576120,ARGUMENT
30064774368,68719479776,ARGUMENT
30064774368,55834576119,ARGUMENT
30064774369,68719479777,ARGUMENT
30064774369,30064774370,ARGUMENT
30064774370,30064774371,ARGUMENT
30064774370,90194313860,ARGUMENT
30064774371,30064774372,ARGUMENT
30064774372,90194313859,ARGUMENT
30064774372,30064774373,ARGUMENT
30064774373,30064774374,ARGUMENT
30064774373,55834576122,ARGUMENT
30064774374,68719479778,ARGUMENT
30064774374,55834576121,ARGUMENT
30064774375,68719479779,ARGUMENT
30064774376,68719479783,ARGUMENT
30064774376,25769804351,ARGUMENT
30064774377,30064774378,ARGUMENT
30064774377,55834576124,ARGUMENT
30064774378,68719479780,ARGUMENT
30064774378,30064774379,ARGUMENT
30064774379,68719479782,ARGUMENT
30064774379,90194313861,ARGUMENT
30064774380,68719479781,ARGUMENT
30064774380,55834576123,ARGUMENT
30064774381,30064774382,ARGUMENT
30064774381,90194313862,ARGUMENT
30064774382,68719479784,ARGUMENT
30064774382,55834576125,ARGUMENT
30064774383,30064774384,ARGUMENT
30064774383,90194313863,ARGUMENT
30064774384,68719479785,ARGUMENT
30064774384,55834576126,ARGUMENT
30064774385,68719479787,ARGUMENT
30064774385,30064774386,ARGUMENT
30064774386,30064774387,ARGUMENT
30064774387,68719479789,ARGUMENT
30064774387,68719479790,ARGUMENT
30064774387,68719479791,ARGUMENT
30064774388,68719479788,ARGUMENT
30064774388,55834576127,ARGUMENT
30064774389,68719479793,ARGUMENT
30064774389,25769804352,ARGUMENT
30064774390,68719479792,ARGUMENT
30064774390,55834576128,ARGUMENT
30064774391,30064774392,ARGUMENT
30064774391,90194313864,ARGUMENT
30064774392,68719479794,ARGUMENT
30064774392,55834576129,ARGUMENT
30064774393,30064774394,ARGUMENT
30064774393,68719479796,ARGUMENT
30064774394,68719479795,ARGUMENT
30064774394,55834576130,ARGUMENT
30064774395,68719479800,ARGUMENT
30064774395,90194313865,ARGUMENT
30064774395,68719479801,ARGUMENT
30064774396,68719479799,ARGUMENT
30064774396,55834576131,ARGUMENT
30064774397,68719479805,ARGUMENT
30064774397,25769804353,ARGUMENT
30064774398,30064774399,ARGUMENT
30064774398,55834576133,ARGUMENT
30064774399,68719479802,ARGUMENT
30064774399,30064774400,ARGUMENT
30064774400,68719479804,ARGUMENT
30064774400,90194313866,ARGUMENT
30064774401,68719479803,ARGUMENT
30064774401,55834576132,ARGUMENT
30064774402,30064774403,ARGUMENT
30064774402,90194313867,ARGUMENT
30064774403,68719479806,ARGUMENT
30064774403,55834576134,ARGUMENT
30064774404,30064774405,ARGUMENT
30064774404,90194313868,ARGUMENT
30064774405,68719479807,ARGUMENT
30064774405,55834576135,ARGUMENT
30064774406,30064774407,ARGUMENT
30064774406,30064774408,ARGUMENT
30064774407,68719479808,ARGUMENT
30064774407,55834576136,ARGUMENT
30064774408,68719479809,ARGUMENT
30064774408,55834576137,ARGUMENT
30064774409,68719479811,ARGUMENT
30064774409,30064774410,ARGUMENT
30064774410,30064774253,ARGUMENT
30064774410,55834576138,ARGUMENT
30064774411,68719479814,ARGUMENT
30064774411,30064774412,ARGUMENT
30064774412,30064774254,ARGUMENT
30064774412,55834576139,ARGUMENT
30064774413,68719479817,ARGUMENT
30064774413,30064774414,ARGUMENT
30064774414,30064774255,ARGUMENT
30064774414,55834576140,ARGUMENT
30064774415,68719479820,ARGUMENT
30064774415,30064774416,ARGUMENT
30064774416,30064774256,ARGUMENT
30064774416,55834576141,ARGUMENT
30064774417,68719479823,ARGUMENT
30064774417,120259084365,ARGUMENT
30064774418,30064774419,ARGUMENT
30064774418,68719479825,ARGUMENT
30064774419,68719479824,ARGUMENT
30064774419,55834576142,ARGUMENT
30064774420,68719479826,ARGUMENT
30064774420,120259084366,ARGUMENT
30064774421,30064774422,ARGUMENT
30064774421,68719479828,ARGUMENT
30064774422,68719479827,ARGUMENT
30064774422,55834576143,ARGUMENT
30064774423,68719479829,ARGUMENT
30064774423,120259084367,ARGUMENT
30064774424,30064774425,ARGUMENT
30064774424,68719479831,ARGUMENT
30064774425,68719479830,ARGUMENT
30064774425,55834576144,ARGUMENT
30064774426,68719479892,ARGUMENT
30064774426,90194313895,ARGUMENT
30064774427,68719479895,ARGUMENT
30064774427,90194313896,ARGUMENT
30064774428,68719479832,ARGUMENT
30064774428,30064774429,ARGUMENT
30064774429,68719479834,ARGUMENT
30064774430,68719479836,ARGUMENT
30064774430,90194313873,ARGUMENT
30064774431,68719479835,ARGUMENT
30064774431,55834576145,ARGUMENT
30064774432,68719479838,ARGUMENT
30064774432,30064774434,ARGUMENT
30064774433,68719479837,ARGUMENT
30064774433,55834576146,ARGUMENT
30064774434,68719479840,ARGUMENT
30064774434,90194313875,ARGUMENT
30064774435,30064774436,ARGUMENT
30064774435,55834576147,ARGUMENT
30064774436,68719479839,ARGUMENT
30064774436,90194313874,ARGUMENT
30064774437,68719479841,ARGUMENT
30064774437,30064774438,ARGUMENT
30064774438,30064774439,ARGUMENT
30064774439,68719479843,ARGUMENT
30064774439,90194313876,ARGUMENT
30064774440,68719479842,ARGUMENT
30064774440,55834576148,ARGUMENT
30064774441,68719479845,ARGUMENT
30064774441,90194313877,ARGUMENT
30064774442,68719479844,ARGUMENT
30064774442,55834576149,ARGUMENT
30064774443,68719479847,ARGUMENT
30064774443,30064774445,ARGUMENT
30064774444,68719479846,ARGUMENT
30064774444,55834576150,ARGUMENT
30064774445,68719479848,ARGUMENT
30064774445,55834576151,ARGUMENT
30064774446,68719479850,ARGUMENT
30064774446,90194313878,ARGUMENT
30064774446,30064774448,ARGUMENT
30064774447,68719479849,ARGUMENT
30064774447,55834576152,ARGUMENT
30064774448,30064774449,ARGUMENT
30064774448,55834576154,ARGUMENT
30064774449,68719479851,ARGUMENT
30064774449,55834576153,ARGUMENT
30064774450,68719479853,ARGUMENT
30064774450,90194313879,ARGUMENT
30064774451,68719479852,ARGUMENT
30064774451,55834576155,ARGUMENT
30064774452,30064774453,ARGUMENT
30064774452,90194313880,ARGUMENT
30064774453,30064774454,ARGUMENT
30064774453,55834576157,ARGUMENT
30064774454,68719479854,ARGUMENT
30064774454,55834576156,ARGUMENT
30064774455,68719479856,ARGUMENT
30064774455,90194313881,ARGUMENT
30064774456,68719479855,ARGUMENT
30064774456,55834576158,ARGUMENT
30064774457,68719479858,ARGUMENT
30064774457,90194313882,ARGUMENT
30064774457,30064774459,ARGUMENT
30064774458,68719479857,ARGUMENT
30064774458,55834576159,ARGUMENT
30064774459,30064774460,ARGUMENT
30064774459,55834576161,ARGUMENT
30064774460,68719479859,ARGUMENT
30064774460,55834576160,ARGUMENT
30064774461,68719479860,ARGUMENT
30064774461,30064774462,ARGUMENT
30064774462,30064774463,ARGUMENT
30064774463,68719479862,ARGUMENT
30064774463,90194313883,ARGUMENT
30064774464,68719479861,ARGUMENT
30064774464,55834576162,ARGUMENT
30064774465,68719479864,ARGUMENT
30064774465,90194313884,ARGUMENT
30064774466,68719479863,ARGUMENT
30064774466,55834576163,ARGUMENT
30064774467,68719479866,ARGUMENT
30064774467,90194313885,ARGUMENT
30064774467,30064774469,ARGUMENT
30064774468,68719479865,ARGUMENT
30064774468,55834576164,ARGUMENT
30064774469,30064774470,ARGUMENT
30064774469,55834576166,ARGUMENT
30064774470,30064774471,ARGUMENT
30064774470,90194313886,ARGUMENT
30064774471,68719479867,ARGUMENT
30064774471,55834576165,ARGUMENT
30064774472,68719479869,ARGUMENT
30064774472,90194313887,ARGUMENT
30064774472,30064774474,ARGUMENT
30064774473,68719479868,ARGUMENT
30064774473,55834576167,ARGUMENT
30064774474,30064774475,ARGUMENT
30064774474,55834576169,ARGUMENT
30064774475,30064774476,ARGUMENT
30064774475,90194313888,ARGUMENT
30064774476,68719479870,ARGUMENT
30064774476,55834576168,ARGUMENT
30064774477,68719479871,ARGUMENT
30064774477,30064774478,ARGUMENT
30064774478,30064774479,ARGUMENT
30064774479,68719479873,ARGUMENT
30064774479,90194313889,ARGUMENT
30064774480,68719479872,ARGUMENT
30064774480,55834576170,ARGUMENT
30064774481,68719479875,ARGUMENT
30064774481,90194313890,ARGUMENT
30064774482,68719479874,ARGUMENT
30064774482,55834576171,ARGUMENT
30064774483,68719479877,ARGUMENT
30064774483,30064774485,ARGUMENT
30064774484,68719479876,ARGUMENT
30064774484,55834576172,ARGUMENT
30064774485,68719479878,ARGUMENT
30064774485,55834576173,ARGUMENT
30064774486,68719479880,ARGUMENT
30064774486,90194313891,ARGUMENT
30064774486,30064774488,ARGUMENT
30064774487,68719479879,ARGUMENT
30064774487,55834576174,ARGUMENT
30064774488,30064774489,ARGUMENT
30064774488,55834576176,ARGUMENT
30064774489,68719479881,ARGUMENT
30064774489,55834576175,ARGUMENT
30064774490,68719479883,ARGUMENT
30064774490,90194313892,ARGUMENT
30064774491,68719479882,ARGUMENT
30064774491,55834576177,ARGUMENT
30064774492,68719479886,ARGUMENT
30064774492,90194313893,ARGUMENT
30064774492,68719479887,ARGUMENT
30064774493,68719479885,ARGUMENT
30064774493,55834576178,ARGUMENT
30064774494,68719479889,ARGUMENT
30064774494,90194313894,ARGUMENT
30064774495,68719479888,ARGUMENT
30064774495,55834576179,ARGUMENT
30064774496,68719479890,ARGUMENT
30064774496,30064774426,ARGUMENT
30064774497,68719479893,ARGUMENT
30064774497,30064774498,ARGUMENT
30064774498,30064774427,ARGUMENT
30064774498,55834576180,ARGUMENT
30064774499,68719479896,ARGUMENT
30064774499,120259084368,ARGUMENT
30064774500,68719479898,ARGUMENT
30064774501,68719479939,ARGUMENT
30064774501,90194313911,ARGUMENT
30064774502,68719479942,ARGUMENT
30064774502,90194313912,ARGUMENT
30064774503,68719479945,ARGUMENT
30064774503,90194313913,ARGUMENT
30064774504,68719479948,ARGUMENT
30064774504,90194313914,ARGUMENT
30064774505,68719479899,ARGUMENT
30064774505,30064774506,ARGUMENT
30064774506,68719479901,ARGUMENT
30064774507,68719479903,ARGUMENT
30064774507,90194313897,ARGUMENT
30064774508,68719479902,ARGUMENT
30064774508,55834576181,ARGUMENT
30064774509,68719479905,ARGUMENT
30064774509,90194313898,ARGUMENT
30064774510,68719479904,ARGUMENT
30064774510,55834576182,ARGUMENT
30064774511,68719479906,ARGUMENT
30064774511,30064774512,ARGUMENT
30064774512,68719479908,ARGUMENT
30064774512,68719479909,ARGUMENT
30064774512,90194313899,ARGUMENT
30064774512,90194313900,ARGUMENT
30064774513,68719479907,ARGUMENT
30064774513,55834576183,ARGUMENT
30064774514,68719479910,ARGUMENT
30064774514,30064774515,ARGUMENT
30064774515,68719479912,ARGUMENT
30064774515,68719479913,ARGUMENT
30064774515,90194313901,ARGUMENT
30064774516,68719479911,ARGUMENT
30064774516,55834576184,ARGUMENT
30064774517,30064774518,ARGUMENT
30064774518,68719479915,ARGUMENT
30064774518,68719479916,ARGUMENT
30064774519,68719479914,ARGUMENT
30064774519,55834576185,ARGUMENT
30064774520,68719479918,ARGUMENT
30064774520,90194313902,ARGUMENT
30064774521,68719479917,ARGUMENT
30064774521,55834576186,ARGUMENT
30064774522,68719479920,ARGUMENT
30064774522,90194313903,ARGUMENT
30064774523,68719479919,ARGUMENT
30064774523,55834576187,ARGUMENT
30064774524,68719479922,ARGUMENT
30064774524,90194313904,ARGUMENT
30064774525,68719479921,ARGUMENT
30064774525,55834576188,ARGUMENT
30064774526,68719479924,ARGUMENT
30064774526,90194313905,ARGUMENT
30064774527,68719479923,ARGUMENT
30064774527,55834576189,ARGUMENT
30064774528,68719479926,ARGUMENT
30064774528,90194313906,ARGUMENT
30064774529,68719479925,ARGUMENT
30064774529,55834576190,ARGUMENT
30064774530,68719479928,ARGUMENT
30064774530,90194313907,ARGUMENT
30064774531,68719479927,ARGUMENT
30064774531,55834576191,ARGUMENT
30064774532,68719479930,ARGUMENT
30064774532,90194313908,ARGUMENT
30064774533,68719479929,ARGUMENT
30064774533,55834576192,ARGUMENT
30064774534,68719479933,ARGUMENT
30064774534,90194313909,ARGUMENT
30064774534,68719479934,ARGUMENT
30064774535,68719479932,ARGUMENT
30064774535,55834576193,ARGUMENT
30064774536,68719479936,ARGUMENT
30064774536,90194313910,ARGUMENT
30064774537,68719479935,ARGUMENT
30064774537,55834576194,ARGUMENT
30064774538,68719479937,ARGUMENT
30064774538,30064774501,ARGUMENT
30064774539,68719479940,ARGUMENT
30064774539,30064774540,ARGUMENT
30064774540,30064774502,ARGUMENT
30064774540,55834576195,ARGUMENT
30064774541,68719479943,ARGUMENT
30064774541,30064774503,ARGUMENT
30064774542,68719479946,ARGUMENT
30064774542,30064774504,ARGUMENT
30064774543,68719479949,ARGUMENT
30064774543,120259084369,ARGUMENT
30064774544,68719479951,ARGUMENT
30064774545,68719480009,ARGUMENT
30064774545,90194313929,ARGUMENT
30064774546,68719479953,ARGUMENT
30064774546,90194313915,ARGUMENT
30064774546,68719479954,ARGUMENT
30064774547,68719479952,ARGUMENT
30064774547,55834576196,ARGUMENT
30064774548,68719479955,ARGUMENT
30064774549,68719479956,ARGUMENT
30064774549,30064774550,ARGUMENT
30064774550,30064774551,ARGUMENT
30064774550,55834576198,ARGUMENT
30064774551,68719479957,ARGUMENT
30064774551,55834576197,ARGUMENT
30064774552,68719479958,ARGUMENT
30064774553,25769804372,ARGUMENT
30064774554,68719479959,ARGUMENT
30064774554,30064774555,ARGUMENT
30064774556,68719479961,ARGUMENT
30064774556,90194313916,ARGUMENT
30064774557,68719479963,ARGUMENT
30064774557,25769804373,ARGUMENT
30064774558,68719479964,ARGUMENT
30064774558,30064774559,ARGUMENT
30064774560,68719479966,ARGUMENT
30064774560,25769804374,ARGUMENT
30064774561,30064774562,ARGUMENT
30064774561,68719479968,ARGUMENT
30064774562,68719479967,ARGUMENT
30064774562,55834576199,ARGUMENT
30064774563,30064774564,ARGUMENT
30064774563,25769804375,ARGUMENT
30064774564,68719479969,ARGUMENT
30064774564,55834576200,ARGUMENT
30064774565,30064774566,ARGUMENT
30064774565,90194313917,ARGUMENT
30064774566,68719479970,ARGUMENT
30064774566,55834576201,ARGUMENT
30064774567,30064774568,ARGUMENT
30064774567,90194313918,ARGUMENT
30064774568,68719479972,ARGUMENT
30064774568,55834576202,ARGUMENT
30064774569,30064774570,ARGUMENT
30064774569,90194313919,ARGUMENT
30064774570,68719479973,ARGUMENT
30064774570,55834576203,ARGUMENT
30064774571,30064774572,ARGUMENT
30064774571,90194313920,ARGUMENT
30064774572,68719479974,ARGUMENT
30064774572,55834576204,ARGUMENT
30064774573,68719479978,ARGUMENT
30064774573,90194313921,ARGUMENT
30064774573,120259084370,ARGUMENT
30064774574,68719479977,ARGUMENT
30064774574,55834576205,ARGUMENT
30064774575,68719479980,ARGUMENT
30064774575,90194313922,ARGUMENT
30064774576,68719479979,ARGUMENT
30064774576,55834576206,ARGUMENT
30064774577,68719479982,ARGUMENT
30064774577,30064774578,ARGUMENT
30064774578,68719479984,ARGUMENT
30064774579,68719479985,ARGUMENT
30064774579,30064774580,ARGUMENT
30064774580,30064774581,ARGUMENT
30064774581,68719479987,ARGUMENT
30064774582,68719479986,ARGUMENT
30064774582,55834576207,ARGUMENT
30064774583,68719479988,ARGUMENT
30064774583,30064774584,ARGUMENT
30064774584,30064774585,ARGUMENT
30064774585,68719479990,ARGUMENT
30064774585,90194313923,ARGUMENT
30064774586,68719479989,ARGUMENT
30064774586,55834576208,ARGUMENT
30064774587,68719479992,ARGUMENT
30064774587,90194313924,ARGUMENT
30064774587,30064774589,ARGUMENT
30064774588,68719479991,ARGUMENT
30064774588,55834576209,ARGUMENT
30064774589,30064774590,ARGUMENT
30064774589,55834576211,ARGUMENT
30064774590,30064774591,ARGUMENT
30064774590,90194313925,ARGUMENT
30064774591,68719479993,ARGUMENT
30064774591,55834576210,ARGUMENT
30064774592,68719479995,ARGUMENT
30064774593,68719479994,ARGUMENT
30064774593,55834576212,ARGUMENT
30064774594,68719479998,ARGUMENT
30064774594,90194313926,ARGUMENT
30064774594,30064774596,ARGUMENT
30064774595,68719479997,ARGUMENT
30064774595,55834576213,ARGUMENT
30064774596,68719479999,ARGUMENT
30064774596,55834576214,ARGUMENT
30064774597,68719480000,ARGUMENT
30064774598,30064774599,ARGUMENT
30064774599,68719480003,ARGUMENT
30064774600,68719480002,ARGUMENT
30064774600,55834576215,ARGUMENT
30064774601,68719480004,ARGUMENT
30064774601,90194313927,ARGUMENT
30064774602,68719480006,ARGUMENT
30064774602,90194313928,ARGUMENT
30064774603,68719480005,ARGUMENT
30064774603,55834576216,ARGUMENT
30064774604,68719480007,ARGUMENT
30064774604,30064774605,ARGUMENT
30064774605,30064774545,ARGUMENT
30064774605,55834576217,ARGUMENT
30064774606,68719480010,ARGUMENT
30064774606,90194313930,ARGUMENT
30064774607,68719480011,ARGUMENT
30064774607,120259084371,ARGUMENT
30064774608,30064774609,ARGUMENT
30064774608,68719480013,ARGUMENT
30064774609,68719480012,ARGUMENT
30064774609,55834576218,ARGUMENT
30064774610,68719480014,ARGUMENT
30064774610,120259084372,ARGUMENT
30064774611,30064774612,ARGUMENT
30064774611,68719480016,ARGUMENT
30064774612,68719480015,ARGUMENT
30064774612,55834576219,ARGUMENT
30064774613,68719480017,ARGUMENT
30064774613,120259084373,ARGUMENT
30064774614,30064774615,ARGUMENT
30064774614,68719480019,ARGUMENT
30064774615,68719480018,ARGUMENT
30064774615,55834576220,ARGUMENT
30064774616,30064774617,ARGUMENT
30064774616,68719480021,ARGUMENT
30064774617,68719480020,ARGUMENT
30064774617,55834576221,ARGUMENT
30064774618,30064774619,ARGUMENT
30064774618,68719480023,ARGUMENT
30064774619,68719480022,ARGUMENT
30064774619,55834576222,ARGUMENT
30064774620,30064774621,ARGUMENT
30064774620,68719480025,ARGUMENT
30064774621,68719480024,ARGUMENT
30064774621,55834576223,ARGUMENT
30064774622,30064774623,ARGUMENT
30064774622,68719480028,ARGUMENT
30064774623,68719480027,ARGUMENT
30064774623,90194313931,ARGUMENT
30064774624,30064774625,ARGUMENT
30064774624,68719480030,ARGUMENT
30064774625,68719480029,ARGUMENT
30064774625,90194313932,ARGUMENT
30064774626,30064774627,ARGUMENT
30064774626,68719480032,ARGUMENT
30064774627,68719480031,ARGUMENT
30064774627,90194313933,ARGUMENT
30064774628,68719480071,ARGUMENT
30064774628,90194313947,ARGUMENT
30064774629,68719480074,ARGUMENT
30064774629,90194313948,ARGUMENT
30064774630,68719480077,ARGUMENT
30064774630,90194313949,ARGUMENT
30064774631,68719480080,ARGUMENT
30064774631,90194313950,ARGUMENT
30064774632,68719480033,ARGUMENT
30064774632,30064774633,ARGUMENT
30064774633,68719480035,ARGUMENT
30064774634,68719480037,ARGUMENT
30064774634,90194313934,ARGUMENT
30064774635,68719480036,ARGUMENT
30064774635,55834576224,ARGUMENT
30064774636,68719480038,ARGUMENT
30064774636,30064774637,ARGUMENT
30064774637,68719480040,ARGUMENT
30064774637,68719480041,ARGUMENT
30064774637,90194313935,ARGUMENT
30064774637,90194313936,ARGUMENT
30064774638,68719480039,ARGUMENT
30064774638,55834576225,ARGUMENT
30064774639,68719480042,ARGUMENT
30064774639,30064774640,ARGUMENT
30064774640,68719480044,ARGUMENT
30064774640,68719480045,ARGUMENT
30064774640,90194313937,ARGUMENT
30064774641,68719480043,ARGUMENT
30064774641,55834576226,ARGUMENT
30064774642,30064774643,ARGUMENT
30064774643,68719480047,ARGUMENT
30064774643,68719480048,ARGUMENT
30064774644,68719480046,ARGUMENT
30064774644,55834576227,ARGUMENT
30064774645,68719480050,ARGUMENT
30064774645,90194313938,ARGUMENT
30064774646,68719480049,ARGUMENT
30064774646,55834576228,ARGUMENT
30064774647,68719480052,ARGUMENT
30064774647,90194313939,ARGUMENT
30064774648,68719480051,ARGUMENT
30064774648,55834576229,ARGUMENT
30064774649,68719480054,ARGUMENT
30064774649,90194313940,ARGUMENT
30064774650,68719480053,ARGUMENT
30064774650,55834576230,ARGUMENT
30064774651,68719480056,ARGUMENT
30064774651,90194313941,ARGUMENT
30064774652,68719480055,ARGUMENT
30064774652,55834576231,ARGUMENT
30064774653,68719480058,ARGUMENT
30064774653,90194313942,ARGUMENT
30064774654,68719480057,ARGUMENT
30064774654,55834576232,ARGUMENT
30064774655,68719480060,ARGUMENT
30064774655,90194313943,ARGUMENT
30064774656,68719480059,ARGUMENT
30064774656,55834576233,ARGUMENT
30064774657,68719480062,ARGUMENT
30064774657,90194313944,ARGUMENT
30064774658,68719480061,ARGUMENT
30064774658,55834576234,ARGUMENT
30064774659,68719480065,ARGUMENT
30064774659,90194313945,ARGUMENT
30064774659,68719480066,ARGUMENT
30064774660,68719480064,ARGUMENT
30064774660,55834576235,ARGUMENT
30064774661,68719480068,ARGUMENT
30064774661,90194313946,ARGUMENT
30064774662,68719480067,ARGUMENT
30064774662,55834576236,ARGUMENT
30064774663,68719480069,ARGUMENT
30064774663,30064774628,ARGUMENT
30064774664,68719480072,ARGUMENT
30064774664,30064774665,ARGUMENT
30064774665,30064774629,ARGUMENT
30064774665,55834576237,ARGUMENT
30064774666,68719480075,ARGUMENT
30064774666,30064774630,ARGUMENT
30064774667,68719480078,ARGUMENT
30064774667,30064774631,ARGUMENT
30064774668,68719480081,ARGUMENT
30064774668,120259084374,ARGUMENT
30064774669,68719480083,ARGUMENT
30064774670,68719480617,ARGUMENT
30064774670,90194314051,ARGUMENT
30064774671,68719480620,ARGUMENT
30064774671,90194314052,ARGUMENT
30064774672,68719480623,ARGUMENT
30064774672,90194314053,ARGUMENT
30064774673,68719480084,ARGUMENT
30064774673,30064774674,ARGUMENT
30064774674,68719480086,ARGUMENT
30064774675,68719480087,ARGUMENT
30064774675,30064774676,ARGUMENT
30064774676,68719480089,ARGUMENT
30064774676,68719480090,ARGUMENT
30064774676,90194313951,ARGUMENT
30064774677,68719480088,ARGUMENT
30064774677,55834576238,ARGUMENT
30064774678,68719480091,ARGUMENT
30064774678,30064774679,ARGUMENT
30064774679,68719480093,ARGUMENT
30064774679,68719480094,ARGUMENT
30064774679,90194313952,ARGUMENT
30064774680,68719480092,ARGUMENT
30064774680,55834576239,ARGUMENT
30064774681,30064774682,ARGUMENT
30064774682,68719480096,ARGUMENT
30064774682,68719480097,ARGUMENT
30064774683,68719480095,ARGUMENT
30064774683,55834576240,ARGUMENT
30064774684,68719480099,ARGUMENT
30064774684,90194313953,ARGUMENT
30064774685,68719480098,ARGUMENT
30064774685,55834576241,ARGUMENT
30064774686,68719480102,ARGUMENT
30064774686,90194313954,ARGUMENT
30064774686,30064774688,ARGUMENT
30064774687,68719480101,ARGUMENT
30064774687,55834576242,ARGUMENT
30064774688,68719480103,ARGUMENT
30064774688,55834576243,ARGUMENT
30064774689,68719480104,ARGUMENT
30064774690,68719480105,ARGUMENT
30064774690,30064774691,ARGUMENT
30064774691,68719480107,ARGUMENT
30064774692,68719480108,ARGUMENT
30064774692,90194313955,ARGUMENT
30064774693,68719480109,ARGUMENT
30064774693,30064774694,ARGUMENT
30064774694,30064774695,ARGUMENT
30064774695,68719480111,ARGUMENT
30064774695,68719480112,ARGUMENT
30064774695,25769804399,ARGUMENT
30064774696,68719480110,ARGUMENT
30064774696,55834576244,ARGUMENT
30064774697,68719480113,ARGUMENT
30064774697,30064774698,ARGUMENT
30064774699,68719480115,ARGUMENT
30064774699,30064774701,ARGUMENT
30064774700,68719480114,ARGUMENT
30064774700,55834576245,ARGUMENT
30064774701,68719480116,ARGUMENT
30064774701,55834576246,ARGUMENT
30064774702,68719480118,ARGUMENT
30064774702,30064774704,ARGUMENT
30064774703,68719480117,ARGUMENT
30064774703,55834576247,ARGUMENT
30064774704,68719480119,ARGUMENT
30064774704,55834576248,ARGUMENT
30064774705,68719480121,ARGUMENT
30064774705,30064774707,ARGUMENT
30064774706,68719480120,ARGUMENT
30064774706,55834576249,ARGUMENT
30064774707,30064774708,ARGUMENT
30064774707,90194313956,ARGUMENT
30064774708,68719480122,ARGUMENT
30064774708,55834576250,ARGUMENT
30064774709,68719480124,ARGUMENT
30064774709,30064774711,ARGUMENT
30064774710,68719480123,ARGUMENT
30064774710,55834576251,ARGUMENT
30064774711,30064774712,ARGUMENT
30064774711,90194313957,ARGUMENT
30064774712,68719480125,ARGUMENT
30064774712,55834576252,ARGUMENT
30064774713,68719480127,ARGUMENT
30064774713,30064774715,ARGUMENT
30064774714,68719480126,ARGUMENT
30064774714,55834576253,ARGUMENT
30064774715,30064774716,ARGUMENT
30064774715,90194313958,ARGUMENT
30064774716,68719480128,ARGUMENT
30064774716,55834576254,ARGUMENT
30064774717,68719480130,ARGUMENT
30064774717,30064774719,ARGUMENT
30064774718,68719480129,ARGUMENT
30064774718,55834576255,ARGUMENT
30064774719,30064774720,ARGUMENT
30064774719,30064774721,ARGUMENT
30064774719,90194313959,ARGUMENT
30064774720,68719480131,ARGUMENT
30064774720,55834576256,ARGUMENT
30064774721,30064774722,ARGUMENT
30064774722,68719480132,ARGUMENT
30064774722,55834576257,ARGUMENT
30064774723,68719480134,ARGUMENT
30064774723,30064774725,ARGUMENT
30064774724,68719480133,ARGUMENT
30064774724,55834576258,ARGUMENT
30064774725,30064774726,ARGUMENT
30064774725,90194313960,ARGUMENT
30064774726,68719480135,ARGUMENT
30064774726,55834576259,ARGUMENT
30064774727,68719480137,ARGUMENT
30064774727,30064774729,ARGUMENT
30064774728,68719480136,ARGUMENT
30064774728,55834576260,ARGUMENT
30064774729,30064774730,ARGUMENT
30064774729,90194313961,ARGUMENT
30064774730,68719480138,ARGUMENT
30064774730,55834576261,ARGUMENT
30064774731,68719480140,ARGUMENT
30064774731,30064774733,ARGUMENT
30064774732,68719480139,ARGUMENT
30064774732,55834576262,ARGUMENT
30064774733,30064774734,ARGUMENT
30064774733,90194313962,ARGUMENT
30064774734,68719480141,ARGUMENT
30064774734,55834576263,ARGUMENT
30064774735,30064774736,ARGUMENT
30064774735,90194313963,ARGUMENT
30064774736,68719480143,ARGUMENT
30064774736,55834576264,ARGUMENT
30064774737,68719480146,ARGUMENT
30064774737,90194313964,ARGUMENT
30064774737,30064774739,ARGUMENT
30064774738,68719480145,ARGUMENT
30064774738,55834576265,ARGUMENT
30064774739,68719480147,ARGUMENT
30064774739,55834576266,ARGUMENT
30064774740,68719480148,ARGUMENT
30064774741,68719480149,ARGUMENT
30064774741,30064774742,ARGUMENT
30064774742,68719480151,ARGUMENT
30064774743,68719480150,ARGUMENT
30064774743,55834576267,ARGUMENT
30064774744,68719480152,ARGUMENT
30064774744,30064774745,ARGUMENT
30064774745,68719480153,ARGUMENT
30064774746,30064774747,ARGUMENT
30064774747,30064774741,ARGUMENT
30064774747,55834576268,ARGUMENT
30064774748,68719480156,ARGUMENT
30064774748,30064774749,ARGUMENT
30064774749,68719480157,ARGUMENT
30064774749,55834576269,ARGUMENT
30064774750,30064774751,ARGUMENT
30064774751,68719480159,ARGUMENT
30064774751,68719480160,ARGUMENT
30064774752,68719480162,ARGUMENT
30064774752,30064774754,ARGUMENT
30064774753,68719480161,ARGUMENT
30064774753,55834576270,ARGUMENT
30064774754,90194313965,ARGUMENT
30064774754,30064774755,ARGUMENT
30064774754,90194313966,ARGUMENT
30064774755,68719480163,ARGUMENT
30064774755,55834576271,ARGUMENT
30064774756,68719480166,ARGUMENT
30064774756,90194313967,ARGUMENT
30064774756,30064774758,ARGUMENT
30064774757,68719480165,ARGUMENT
30064774757,55834576272,ARGUMENT
30064774758,68719480167,ARGUMENT
30064774758,55834576273,ARGUMENT
30064774759,68719480168,ARGUMENT
30064774760,68719480169,ARGUMENT
30064774760,30064774761,ARGUMENT
30064774761,68719480171,ARGUMENT
30064774762,68719480172,ARGUMENT
30064774762,90194313968,ARGUMENT
30064774763,68719480173,ARGUMENT
30064774763,30064774764,ARGUMENT
30064774764,30064774765,ARGUMENT
30064774765,68719480175,ARGUMENT
30064774765,68719480176,ARGUMENT
30064774766,68719480174,ARGUMENT
30064774766,55834576274,ARGUMENT
30064774767,68719480177,ARGUMENT
30064774767,55834576275,ARGUMENT
30064774768,68719480180,ARGUMENT
30064774768,90194313969,ARGUMENT
30064774768,30064774770,ARGUMENT
30064774769,68719480179,ARGUMENT
30064774769,55834576276,ARGUMENT
30064774770,68719480181,ARGUMENT
30064774770,55834576277,ARGUMENT
30064774771,68719480182,ARGUMENT
30064774772,68719480183,ARGUMENT
30064774772,30064774773,ARGUMENT
30064774773,68719480185,ARGUMENT
30064774774,68719480186,ARGUMENT
30064774774,90194313970,ARGUMENT
30064774775,68719480187,ARGUMENT
30064774775,30064774776,ARGUMENT
30064774776,30064774777,ARGUMENT
30064774777,68719480189,ARGUMENT
30064774777,68719480190,ARGUMENT
30064774777,25769804412,ARGUMENT
30064774778,68719480188,ARGUMENT
30064774778,55834576278,ARGUMENT
30064774779,68719480191,ARGUMENT
30064774779,30064774780,ARGUMENT
30064774781,68719480193,ARGUMENT
30064774781,68719480194,ARGUMENT
30064774782,68719480192,ARGUMENT
30064774782,55834576279,ARGUMENT
30064774783,30064774784,ARGUMENT
30064774783,90194313972,ARGUMENT
30064774784,30064774785,ARGUMENT
30064774784,90194313971,ARGUMENT
30064774785,68719480196,ARGUMENT
30064774785,55834576280,ARGUMENT
30064774786,68719480199,ARGUMENT
30064774786,90194313973,ARGUMENT
30064774786,30064774788,ARGUMENT
30064774787,68719480198,ARGUMENT
30064774787,55834576281,ARGUMENT
30064774788,68719480200,ARGUMENT
30064774788,55834576282,ARGUMENT
30064774789,68719480201,ARGUMENT
30064774790,68719480202,ARGUMENT
30064774790,30064774791,ARGUMENT
30064774791,68719480204,ARGUMENT
30064774792,68719480205,ARGUMENT
30064774792,90194313974,ARGUMENT
30064774793,68719480206,ARGUMENT
30064774793,30064774794,ARGUMENT
30064774794,30064774795,ARGUMENT
30064774795,68719480208,ARGUMENT
30064774795,68719480209,ARGUMENT
30064774795,25769804416,ARGUMENT
30064774796,68719480207,ARGUMENT
30064774796,55834576283,ARGUMENT
30064774797,68719480210,ARGUMENT
30064774797,30064774798,ARGUMENT
30064774799,68719480212,ARGUMENT
30064774799,68719480213,ARGUMENT
30064774800,68719480211,ARGUMENT
30064774800,55834576284,ARGUMENT
30064774801,30064774802,ARGUMENT
30064774801,90194313976,ARGUMENT
30064774802,30064774803,ARGUMENT
30064774802,55834576286,ARGUMENT
30064774803,30064774804,ARGUMENT
30064774803,90194313975,ARGUMENT
30064774804,68719480215,ARGUMENT
30064774804,55834576285,ARGUMENT
30064774805,68719480218,ARGUMENT
30064774805,90194313977,ARGUMENT
30064774805,30064774807,ARGUMENT
30064774806,68719480217,ARGUMENT
30064774806,55834576287,ARGUMENT
30064774807,68719480219,ARGUMENT
30064774807,55834576288,ARGUMENT
30064774808,68719480220,ARGUMENT
30064774809,68719480221,ARGUMENT
30064774809,30064774810,ARGUMENT
30064774810,30064774811,ARGUMENT
30064774810,90194313978,ARGUMENT
30064774810,68719480223,ARGUMENT
30064774811,68719480222,ARGUMENT
30064774811,30064774812,ARGUMENT
30064774813,68719480224,ARGUMENT
30064774813,30064774814,ARGUMENT
30064774814,68719480226,ARGUMENT
30064774815,68719480227,ARGUMENT
30064774815,90194313979,ARGUMENT
30064774816,68719480228,ARGUMENT
30064774816,30064774817,ARGUMENT
30064774817,30064774818,ARGUMENT
30064774818,68719480230,ARGUMENT
30064774818,68719480231,ARGUMENT
30064774818,25769804420,ARGUMENT
30064774819,68719480229,ARGUMENT
30064774819,55834576289,ARGUMENT
30064774820,68719480232,ARGUMENT
30064774820,30064774821,ARGUMENT
30064774822,68719480234,ARGUMENT
30064774822,68719480235,ARGUMENT
30064774823,68719480233,ARGUMENT
30064774823,55834576290,ARGUMENT
30064774824,68719480237,ARGUMENT
30064774824,68719480238,ARGUMENT
30064774825,68719480236,ARGUMENT
30064774825,55834576291,ARGUMENT
30064774826,30064774827,ARGUMENT
30064774826,90194313980,ARGUMENT
30064774827,68719480240,ARGUMENT
30064774827,55834576292,ARGUMENT
30064774828,68719480243,ARGUMENT
30064774828,90194313981,ARGUMENT
30064774828,30064774830,ARGUMENT
30064774829,68719480242,ARGUMENT
30064774829,55834576293,ARGUMENT
30064774830,68719480244,ARGUMENT
30064774830,55834576294,ARGUMENT
30064774831,68719480245,ARGUMENT
30064774832,68719480247,ARGUMENT
30064774832,68719480248,ARGUMENT
30064774832,90194313982,ARGUMENT
30064774833,68719480249,ARGUMENT
30064774833,30064774834,ARGUMENT
30064774834,68719480251,ARGUMENT
30064774835,68719480252,ARGUMENT
30064774835,90194313983,ARGUMENT
30064774836,68719480253,ARGUMENT
30064774836,30064774837,ARGUMENT
30064774837,30064774838,ARGUMENT
30064774838,68719480255,ARGUMENT
30064774838,68719480256,ARGUMENT
30064774838,25769804425,ARGUMENT
30064774839,68719480254,ARGUMENT
30064774839,55834576295,ARGUMENT
30064774840,68719480257,ARGUMENT
30064774840,30064774841,ARGUMENT
30064774842,68719480259,ARGUMENT
30064774842,68719480260,ARGUMENT
30064774843,68719480258,ARGUMENT
30064774843,55834576296,ARGUMENT
30064774844,30064774845,ARGUMENT
30064774844,30064774847,ARGUMENT
30064774845,30064774846,ARGUMENT
30064774845,90194313984,ARGUMENT
30064774846,68719480262,ARGUMENT
30064774846,55834576297,ARGUMENT
30064774847,30064774848,ARGUMENT
30064774847,90194313985,ARGUMENT
30064774848,68719480263,ARGUMENT
30064774848,55834576298,ARGUMENT
30064774849,68719480266,ARGUMENT
30064774849,90194313986,ARGUMENT
30064774849,30064774851,ARGUMENT
30064774850,68719480265,ARGUMENT
30064774850,55834576299,ARGUMENT
30064774851,68719480267,ARGUMENT
30064774851,55834576300,ARGUMENT
30064774852,68719480268,ARGUMENT
30064774853,68719480269,ARGUMENT
30064774853,30064774854,ARGUMENT
30064774854,68719480271,ARGUMENT
30064774855,68719480272,ARGUMENT
30064774855,90194313987,ARGUMENT
30064774856,68719480273,ARGUMENT
30064774856,30064774857,ARGUMENT
30064774857,30064774858,ARGUMENT
30064774858,68719480275,ARGUMENT
30064774858,68719480276,ARGUMENT
30064774858,25769804429,ARGUMENT
30064774859,68719480274,ARGUMENT
30064774859,55834576301,ARGUMENT
30064774860,68719480277,ARGUMENT
30064774860,30064774861,ARGUMENT
30064774862,68719480279,ARGUMENT
30064774862,68719480280,ARGUMENT
30064774863,68719480278,ARGUMENT
30064774863,55834576302,ARGUMENT
30064774864,30064774865,ARGUMENT
30064774864,90194313988,ARGUMENT
30064774865,30064774866,ARGUMENT
30064774865,55834576304,ARGUMENT
30064774866,68719480282,ARGUMENT
30064774866,55834576303,ARGUMENT
30064774867,68719480285,ARGUMENT
30064774867,90194313989,ARGUMENT
30064774867,30064774869,ARGUMENT
30064774868,68719480284,ARGUMENT
30064774868,55834576305,ARGUMENT
30064774869,68719480286,ARGUMENT
30064774869,55834576306,ARGUMENT
30064774870,68719480287,ARGUMENT
30064774871,68719480288,ARGUMENT
30064774871,55834576307,ARGUMENT
30064774872,68719480289,ARGUMENT
30064774872,30064774873,ARGUMENT
30064774873,68719480291,ARGUMENT
30064774874,68719480292,ARGUMENT
30064774874,90194313990,ARGUMENT
30064774875,68719480293,ARGUMENT
30064774875,30064774876,ARGUMENT
30064774876,30064774877,ARGUMENT
30064774877,68719480295,ARGUMENT
30064774877,68719480296,ARGUMENT
30064774878,68719480294,ARGUMENT
30064774878,55834576308,ARGUMENT
30064774879,68719480299,ARGUMENT
30064774879,120259084375,ARGUMENT
30064774880,30064774881,ARGUMENT
30064774880,55834576310,ARGUMENT
30064774881,68719480297,ARGUMENT
30064774881,30064774882,ARGUMENT
30064774882,68719480298,ARGUMENT
30064774882,55834576309,ARGUMENT
30064774883,68719480302,ARGUMENT
30064774883,90194313991,ARGUMENT
30064774883,30064774885,ARGUMENT
30064774884,68719480301,ARGUMENT
30064774884,55834576311,ARGUMENT
30064774885,68719480303,ARGUMENT
30064774885,55834576312,ARGUMENT
30064774886,68719480304,ARGUMENT
30064774887,68719480305,ARGUMENT
30064774887,30064774888,ARGUMENT
30064774888,68719480307,ARGUMENT
30064774889,68719480308,ARGUMENT
30064774889,30064774890,ARGUMENT
30064774890,30064774891,ARGUMENT
30064774891,68719480310,ARGUMENT
30064774891,30064774892,ARGUMENT
30064774892,68719480311,ARGUMENT
30064774892,55834576313,ARGUMENT
30064774893,68719480312,ARGUMENT
30064774894,25769804436,ARGUMENT
30064774895,68719480313,ARGUMENT
30064774895,30064774896,ARGUMENT
30064774897,68719480315,ARGUMENT
30064774897,30064774898,ARGUMENT
30064774898,90194313992,ARGUMENT
30064774898,30064774899,ARGUMENT
30064774898,90194313993,ARGUMENT
30064774899,68719480316,ARGUMENT
30064774899,55834576314,ARGUMENT
30064774900,68719480318,ARGUMENT
30064774900,90194313994,ARGUMENT
30064774901,68719480319,ARGUMENT
30064774901,30064774902,ARGUMENT
30064774902,30064774903,ARGUMENT
30064774903,68719480321,ARGUMENT
30064774903,68719480322,ARGUMENT
30064774903,25769804438,ARGUMENT
30064774904,68719480320,ARGUMENT
30064774904,55834576315,ARGUMENT
30064774905,68719480323,ARGUMENT
30064774905,30064774906,ARGUMENT
30064774907,68719480325,ARGUMENT
30064774907,68719480326,ARGUMENT
30064774908,68719480324,ARGUMENT
30064774908,55834576316,ARGUMENT
30064774909,68719480328,ARGUMENT
30064774909,30064774911,ARGUMENT
30064774910,68719480327,ARGUMENT
30064774910,55834576317,ARGUMENT
30064774911,30064774912,ARGUMENT
30064774911,90194313995,ARGUMENT
30064774912,68719480329,ARGUMENT
30064774912,55834576318,ARGUMENT
30064774913,68719480331,ARGUMENT
30064774913,30064774915,ARGUMENT
30064774914,68719480330,ARGUMENT
30064774914,55834576319,ARGUMENT
30064774915,30064774916,ARGUMENT
30064774915,90194313996,ARGUMENT
30064774916,68719480332,ARGUMENT
30064774916,55834576320,ARGUMENT
30064774917,68719480334,ARGUMENT
30064774917,30064774919,ARGUMENT
30064774918,68719480333,ARGUMENT
30064774918,55834576321,ARGUMENT
30064774919,30064774920,ARGUMENT
30064774919,90194313997,ARGUMENT
30064774920,68719480335,ARGUMENT
30064774920,55834576322,ARGUMENT
30064774921,68719480337,ARGUMENT
30064774921,30064774923,ARGUMENT
30064774922,68719480336,ARGUMENT
30064774922,55834576323,ARGUMENT
30064774923,30064774924,ARGUMENT
30064774923,90194313998,ARGUMENT
30064774924,68719480338,ARGUMENT
30064774924,55834576324,ARGUMENT
30064774925,68719480340,ARGUMENT
30064774925,30064774927,ARGUMENT
30064774926,68719480339,ARGUMENT
30064774926,55834576325,ARGUMENT
30064774927,30064774928,ARGUMENT
30064774927,90194313999,ARGUMENT
30064774928,68719480341,ARGUMENT
30064774928,55834576326,ARGUMENT
30064774929,68719480343,ARGUMENT
30064774929,30064774931,ARGUMENT
30064774930,68719480342,ARGUMENT
30064774930,55834576327,ARGUMENT
30064774931,30064774932,ARGUMENT
30064774931,90194314000,ARGUMENT
30064774932,68719480344,ARGUMENT
30064774932,55834576328,ARGUMENT
30064774933,68719480346,ARGUMENT
30064774933,30064774935,ARGUMENT
30064774934,68719480345,ARGUMENT
30064774934,55834576329,ARGUMENT
30064774935,30064774936,ARGUMENT
30064774935,90194314001,ARGUMENT
30064774936,68719480347,ARGUMENT
30064774936,55834576330,ARGUMENT
30064774937,68719480349,ARGUMENT
30064774937,30064774939,ARGUMENT
30064774938,68719480348,ARGUMENT
30064774938,55834576331,ARGUMENT
30064774939,30064774940,ARGUMENT
30064774939,90194314002,ARGUMENT
30064774940,68719480350,ARGUMENT
30064774940,55834576332,ARGUMENT
30064774941,68719480352,ARGUMENT
30064774941,30064774943,ARGUMENT
30064774942,68719480351,ARGUMENT
30064774942,55834576333,ARGUMENT
30064774943,30064774944,ARGUMENT
30064774943,90194314003,ARGUMENT
30064774944,68719480353,ARGUMENT
30064774944,55834576334,ARGUMENT
30064774945,68719480355,ARGUMENT
30064774945,30064774947,ARGUMENT
30064774946,68719480354,ARGUMENT
30064774946,55834576335,ARGUMENT
30064774947,30064774948,ARGUMENT
30064774947,90194314004,ARGUMENT
30064774948,68719480356,ARGUMENT
30064774948,55834576336,ARGUMENT
30064774949,68719480358,ARGUMENT
30064774949,30064774951,ARGUMENT
30064774950,68719480357,ARGUMENT
30064774950,55834576337,ARGUMENT
30064774951,30064774952,ARGUMENT
30064774951,90194314005,ARGUMENT
30064774952,68719480359,ARGUMENT
30064774952,55834576338,ARGUMENT
30064774953,68719480361,ARGUMENT
30064774953,30064774955,ARGUMENT
30064774954,68719480360,ARGUMENT
30064774954,55834576339,ARGUMENT
30064774955,30064774956,ARGUMENT
30064774955,90194314006,ARGUMENT
30064774956,68719480362,ARGUMENT
30064774956,55834576340,ARGUMENT
30064774957,30064774958,ARGUMENT
30064774957,90194314007,ARGUMENT
30064774958,68719480364,ARGUMENT
30064774958,55834576341,ARGUMENT
30064774959,68719480367,ARGUMENT
30064774959,90194314008,ARGUMENT
30064774959,30064774961,ARGUMENT
30064774960,68719480366,ARGUMENT
30064774960,55834576342,ARGUMENT
30064774961,68719480368,ARGUMENT
30064774961,55834576343,ARGUMENT
30064774962,68719480369,ARGUMENT
30064774963,68719480370,ARGUMENT
30064774963,30064774964,ARGUMENT
30064774964,68719480372,ARGUMENT
30064774965,68719480373,ARGUMENT
30064774965,90194314009,ARGUMENT
30064774966,68719480374,ARGUMENT
30064774966,30064774967,ARGUMENT
30064774967,30064774968,ARGUMENT
30064774968,68719480376,ARGUMENT
30064774968,68719480377,ARGUMENT
30064774969,68719480375,ARGUMENT
30064774969,55834576344,ARGUMENT
30064774970,68719480378,ARGUMENT
30064774970,55834576345,ARGUMENT
30064774971,68719480381,ARGUMENT
30064774971,90194314010,ARGUMENT
30064774971,30064774973,ARGUMENT
30064774972,68719480380,ARGUMENT
30064774972,55834576346,ARGUMENT
30064774973,68719480382,ARGUMENT
30064774973,55834576347,ARGUMENT
30064774974,68719480383,ARGUMENT
30064774975,68719480384,ARGUMENT
30064774975,30064774976,ARGUMENT
30064774976,68719480386,ARGUMENT
30064774977,68719480387,ARGUMENT
30064774977,90194314011,ARGUMENT
30064774978,68719480388,ARGUMENT
30064774978,30064774979,ARGUMENT
30064774979,30064774980,ARGUMENT
30064774980,68719480390,ARGUMENT
30064774980,68719480391,ARGUMENT
30064774980,25769804446,ARGUMENT
30064774981,68719480389,ARGUMENT
30064774981,55834576348,ARGUMENT
30064774982,68719480392,ARGUMENT
30064774982,30064774983,ARGUMENT
30064774984,68719480394,ARGUMENT
30064774984,68719480395,ARGUMENT
30064774985,68719480393,ARGUMENT
30064774985,55834576349,ARGUMENT
30064774986,68719480397,ARGUMENT
30064774986,55834576350,ARGUMENT
30064774987,68719480400,ARGUMENT
30064774987,90194314012,ARGUMENT
30064774987,30064774989,ARGUMENT
30064774988,68719480399,ARGUMENT
30064774988,55834576351,ARGUMENT
30064774989,68719480401,ARGUMENT
30064774989,55834576352,ARGUMENT
30064774990,68719480402,ARGUMENT
30064774991,68719480403,ARGUMENT
30064774991,30064774992,ARGUMENT
30064774992,68719480405,ARGUMENT
30064774993,68719480406,ARGUMENT
30064774993,90194314013,ARGUMENT
30064774994,68719480407,ARGUMENT
30064774994,30064774995,ARGUMENT
30064774995,30064774996,ARGUMENT
30064774996,68719480409,ARGUMENT
30064774996,68719480410,ARGUMENT
30064774996,25769804450,ARGUMENT
30064774997,68719480408,ARGUMENT
30064774997,55834576353,ARGUMENT
30064774998,68719480411,ARGUMENT
30064774998,30064774999,ARGUMENT
30064775000,68719480413,ARGUMENT
30064775000,68719480414,ARGUMENT
30064775001,68719480412,ARGUMENT
30064775001,55834576354,ARGUMENT
30064775002,30064775003,ARGUMENT
30064775002,30064775006,ARGUMENT
30064775002,90194314016,ARGUMENT
30064775003,30064775004,ARGUMENT
30064775003,90194314014,ARGUMENT
30064775004,30064775005,ARGUMENT
30064775004,55834576356,ARGUMENT
30064775005,68719480416,ARGUMENT
30064775005,55834576355,ARGUMENT
30064775006,30064775007,ARGUMENT
30064775006,90194314015,ARGUMENT
30064775007,68719480417,ARGUMENT
30064775007,55834576357,ARGUMENT
30064775008,68719480420,ARGUMENT
30064775008,90194314017,ARGUMENT
30064775008,30064775010,ARGUMENT
30064775009,68719480419,ARGUMENT
30064775009,55834576358,ARGUMENT
30064775010,68719480421,ARGUMENT
30064775010,55834576359,ARGUMENT
30064775011,68719480422,ARGUMENT
30064775012,68719480423,ARGUMENT
30064775012,30064775013,ARGUMENT
30064775013,68719480425,ARGUMENT
30064775014,68719480426,ARGUMENT
30064775014,30064775015,ARGUMENT
30064775015,30064775016,ARGUMENT
30064775016,68719480428,ARGUMENT
30064775016,90194314018,ARGUMENT
30064775016,25769804454,ARGUMENT
30064775017,68719480427,ARGUMENT
30064775017,55834576360,ARGUMENT
30064775018,68719480429,ARGUMENT
30064775018,30064775019,ARGUMENT
30064775020,68719480431,ARGUMENT
30064775020,68719480432,ARGUMENT
30064775021,68719480430,ARGUMENT
30064775021,55834576361,ARGUMENT
30064775022,30064775023,ARGUMENT
30064775022,90194314019,ARGUMENT
30064775023,30064775024,ARGUMENT
30064775023,55834576363,ARGUMENT
30064775024,68719480434,ARGUMENT
30064775024,55834576362,ARGUMENT
30064775025,25769804455,ARGUMENT
30064775026,68719480435,ARGUMENT
30064775026,30064775027,ARGUMENT
30064775028,68719480437,ARGUMENT
30064775028,30064775029,ARGUMENT
30064775029,90194314020,ARGUMENT
30064775029,68719480438,ARGUMENT
30064775029,90194314021,ARGUMENT
30064775030,68719480440,ARGUMENT
30064775030,30064775031,ARGUMENT
30064775031,30064775032,ARGUMENT
30064775031,55834576365,ARGUMENT
30064775032,30064775033,ARGUMENT
30064775032,90194314022,ARGUMENT
30064775033,68719480441,ARGUMENT
30064775033,55834576364,ARGUMENT
30064775034,30064775035,ARGUMENT
30064775035,68719480443,ARGUMENT
30064775035,90194314023,ARGUMENT
30064775035,25769804456,ARGUMENT
30064775036,68719480442,ARGUMENT
30064775036,55834576366,ARGUMENT
30064775037,68719480444,ARGUMENT
30064775037,30064775038,ARGUMENT
30064775039,68719480446,ARGUMENT
30064775039,68719480447,ARGUMENT
30064775040,68719480445,ARGUMENT
30064775040,55834576367,ARGUMENT
30064775041,68719480449,ARGUMENT
30064775041,30064775043,ARGUMENT
30064775042,68719480448,ARGUMENT
30064775042,55834576368,ARGUMENT
30064775043,68719480450,ARGUMENT
30064775044,68719480452,ARGUMENT
30064775044,30064775046,ARGUMENT
30064775045,68719480451,ARGUMENT
30064775045,55834576369,ARGUMENT
30064775046,68719480453,ARGUMENT
30064775046,55834576370,ARGUMENT
30064775047,68719480455,ARGUMENT
30064775047,30064775049,ARGUMENT
30064775048,68719480454,ARGUMENT
30064775048,55834576371,ARGUMENT
30064775049,30064775050,ARGUMENT
30064775049,55834576373,ARGUMENT
30064775050,68719480456,ARGUMENT
30064775050,55834576372,ARGUMENT
30064775051,68719480458,ARGUMENT
30064775051,30064775053,ARGUMENT
30064775052,68719480457,ARGUMENT
30064775052,55834576374,ARGUMENT
30064775053,68719480459,ARGUMENT
30064775053,55834576375,ARGUMENT
30064775054,68719480462,ARGUMENT
30064775054,30064775056,ARGUMENT
30064775055,68719480461,ARGUMENT
30064775055,55834576376,ARGUMENT
30064775056,90194314024,ARGUMENT
30064775056,68719480463,ARGUMENT
30064775056,90194314025,ARGUMENT
30064775057,68719480466,ARGUMENT
30064775057,90194314026,ARGUMENT
30064775057,30064775059,ARGUMENT
30064775058,68719480465,ARGUMENT
30064775058,55834576377,ARGUMENT
30064775059,68719480467,ARGUMENT
30064775059,55834576378,ARGUMENT
30064775060,68719480468,ARGUMENT
30064775061,68719480469,ARGUMENT
30064775061,30064775062,ARGUMENT
30064775062,68719480471,ARGUMENT
30064775063,68719480472,ARGUMENT
30064775063,90194314027,ARGUMENT
30064775064,68719480473,ARGUMENT
30064775064,30064775065,ARGUMENT
30064775065,30064775066,ARGUMENT
30064775066,68719480475,ARGUMENT
30064775066,68719480476,ARGUMENT
30064775066,25769804461,ARGUMENT
30064775067,68719480474,ARGUMENT
30064775067,55834576379,ARGUMENT
30064775068,68719480477,ARGUMENT
30064775068,30064775069,ARGUMENT
30064775070,68719480479,ARGUMENT
30064775070,68719480480,ARGUMENT
30064775071,68719480478,ARGUMENT
30064775071,55834576380,ARGUMENT
30064775072,30064775073,ARGUMENT
30064775072,30064775076,ARGUMENT
30064775072,90194314030,ARGUMENT
30064775073,30064775074,ARGUMENT
30064775073,90194314028,ARGUMENT
30064775074,30064775075,ARGUMENT
30064775074,55834576382,ARGUMENT
30064775075,68719480482,ARGUMENT
30064775075,55834576381,ARGUMENT
30064775076,30064775077,ARGUMENT
30064775076,90194314029,ARGUMENT
30064775077,68719480483,ARGUMENT
30064775077,55834576383,ARGUMENT
30064775078,68719480486,ARGUMENT
30064775078,90194314031,ARGUMENT
30064775078,30064775080,ARGUMENT
30064775079,68719480485,ARGUMENT
30064775079,55834576384,ARGUMENT
30064775080,68719480487,ARGUMENT
30064775080,55834576385,ARGUMENT
30064775081,68719480488,ARGUMENT
30064775082,68719480489,ARGUMENT
30064775082,30064775083,ARGUMENT
30064775083,68719480491,ARGUMENT
30064775084,68719480492,ARGUMENT
30064775084,90194314032,ARGUMENT
30064775085,68719480493,ARGUMENT
30064775085,30064775086,ARGUMENT
30064775086,30064775087,ARGUMENT
30064775087,68719480495,ARGUMENT
30064775087,68719480496,ARGUMENT
30064775087,25769804465,ARGUMENT
30064775088,68719480494,ARGUMENT
30064775088,55834576386,ARGUMENT
30064775089,68719480497,ARGUMENT
30064775089,30064775090,ARGUMENT
30064775091,68719480499,ARGUMENT
30064775091,68719480500,ARGUMENT
30064775092,68719480498,ARGUMENT
30064775092,55834576387,ARGUMENT
30064775093,68719480502,ARGUMENT
30064775093,55834576388,ARGUMENT
30064775094,68719480505,ARGUMENT
30064775094,90194314033,ARGUMENT
30064775094,30064775096,ARGUMENT
30064775095,68719480504,ARGUMENT
30064775095,55834576389,ARGUMENT
30064775096,68719480506,ARGUMENT
30064775096,55834576390,ARGUMENT
30064775097,68719480507,ARGUMENT
30064775098,68719480508,ARGUMENT
30064775098,30064775099,ARGUMENT
30064775099,68719480510,ARGUMENT
30064775100,68719480511,ARGUMENT
30064775100,90194314034,ARGUMENT
30064775101,68719480512,ARGUMENT
30064775101,30064775102,ARGUMENT
30064775102,30064775103,ARGUMENT
30064775103,68719480514,ARGUMENT
30064775103,68719480515,ARGUMENT
30064775103,25769804469,ARGUMENT
30064775104,68719480513,ARGUMENT
30064775104,55834576391,ARGUMENT
30064775105,68719480516,ARGUMENT
30064775105,30064775106,ARGUMENT
30064775107,68719480518,ARGUMENT
30064775107,68719480519,ARGUMENT
30064775108,68719480517,ARGUMENT
30064775108,55834576392,ARGUMENT
30064775109,68719480521,ARGUMENT
30064775109,55834576393,ARGUMENT
30064775110,68719480524,ARGUMENT
30064775110,90194314035,ARGUMENT
30064775110,30064775112,ARGUMENT
30064775111,68719480523,ARGUMENT
30064775111,55834576394,ARGUMENT
30064775112,68719480525,ARGUMENT
30064775112,55834576395,ARGUMENT
30064775113,68719480526,ARGUMENT
30064775114,68719480527,ARGUMENT
30064775114,30064775115,ARGUMENT
30064775115,68719480529,ARGUMENT
30064775116,68719480530,ARGUMENT
30064775116,90194314036,ARGUMENT
30064775117,68719480531,ARGUMENT
30064775117,30064775118,ARGUMENT
30064775118,30064775119,ARGUMENT
30064775119,68719480533,ARGUMENT
30064775119,68719480534,ARGUMENT
30064775120,68719480532,ARGUMENT
30064775120,55834576396,ARGUMENT
30064775121,68719480535,ARGUMENT
30064775121,55834576397,ARGUMENT
30064775122,68719480538,ARGUMENT
30064775122,90194314037,ARGUMENT
30064775122,30064775124,ARGUMENT
30064775123,68719480537,ARGUMENT
30064775123,55834576398,ARGUMENT
30064775124,68719480539,ARGUMENT
30064775124,55834576399,ARGUMENT
30064775125,68719480540,ARGUMENT
30064775126,68719480541,ARGUMENT
30064775126,30064775127,ARGUMENT
30064775127,68719480543,ARGUMENT
30064775128,68719480544,ARGUMENT
30064775128,90194314038,ARGUMENT
30064775129,68719480545,ARGUMENT
30064775129,30064775130,ARGUMENT
30064775130,30064775131,ARGUMENT
30064775131,68719480547,ARGUMENT
30064775131,68719480548,ARGUMENT
30064775132,68719480546,ARGUMENT
30064775132,55834576400,ARGUMENT
30064775133,68719480549,ARGUMENT
30064775133,55834576401,ARGUMENT
30064775134,68719480552,ARGUMENT
30064775134,90194314039,ARGUMENT
30064775134,30064775136,ARGUMENT
30064775135,68719480551,ARGUMENT
30064775135,55834576402,ARGUMENT
30064775136,68719480553,ARGUMENT
30064775136,55834576403,ARGUMENT
30064775137,68719480554,ARGUMENT
30064775138,68719480555,ARGUMENT
30064775138,30064775139,ARGUMENT
30064775139,68719480557,ARGUMENT
30064775140,68719480558,ARGUMENT
30064775140,30064775141,ARGUMENT
30064775141,30064775142,ARGUMENT
30064775142,68719480560,ARGUMENT
30064775142,90194314040,ARGUMENT
30064775143,68719480559,ARGUMENT
30064775143,55834576404,ARGUMENT
30064775144,30064775145,ARGUMENT
30064775145,30064775146,ARGUMENT
30064775145,55834576406,ARGUMENT
30064775146,30064775147,ARGUMENT
30064775146,90194314041,ARGUMENT
30064775147,68719480561,ARGUMENT
30064775147,55834576405,ARGUMENT
30064775148,68719480564,ARGUMENT
30064775148,90194314042,ARGUMENT
30064775148,30064775150,ARGUMENT
30064775149,68719480563,ARGUMENT
30064775149,55834576407,ARGUMENT
30064775150,68719480565,ARGUMENT
30064775150,55834576408,ARGUMENT
30064775151,68719480566,ARGUMENT
30064775152,68719480567,ARGUMENT
30064775152,30064775153,ARGUMENT
30064775153,68719480569,ARGUMENT
30064775154,68719480570,ARGUMENT
30064775154,30064775155,ARGUMENT
30064775155,30064775156,ARGUMENT
30064775156,68719480572,ARGUMENT
30064775156,90194314043,ARGUMENT
30064775157,68719480571,ARGUMENT
30064775157,55834576409,ARGUMENT
30064775158,30064775159,ARGUMENT
30064775159,30064775160,ARGUMENT
30064775159,55834576411,ARGUMENT
30064775160,30064775161,ARGUMENT
30064775160,90194314044,ARGUMENT
30064775161,68719480573,ARGUMENT
30064775161,55834576410,ARGUMENT
30064775162,68719480576,ARGUMENT
30064775162,90194314045,ARGUMENT
30064775162,30064775164,ARGUMENT
30064775163,68719480575,ARGUMENT
30064775163,55834576412,ARGUMENT
30064775164,68719480577,ARGUMENT
30064775164,55834576413,ARGUMENT
30064775165,68719480578,ARGUMENT
30064775166,68719480579,ARGUMENT
30064775166,30064775167,ARGUMENT
30064775167,68719480581,ARGUMENT
30064775168,68719480582,ARGUMENT
30064775168,90194314046,ARGUMENT
30064775169,68719480583,ARGUMENT
30064775169,30064775170,ARGUMENT
30064775170,30064775171,ARGUMENT
30064775171,68719480585,ARGUMENT
30064775171,68719480586,ARGUMENT
30064775172,68719480584,ARGUMENT
30064775172,55834576414,ARGUMENT
30064775173,68719480587,ARGUMENT
30064775173,55834576415,ARGUMENT
30064775174,68719480590,ARGUMENT
30064775174,90194314047,ARGUMENT
30064775174,30064775176,ARGUMENT
30064775175,68719480589,ARGUMENT
30064775175,55834576416,ARGUMENT
30064775176,68719480591,ARGUMENT
30064775176,55834576417,ARGUMENT
30064775177,68719480592,ARGUMENT
30064775178,68719480593,ARGUMENT
30064775178,30064775179,ARGUMENT
30064775179,30064775180,ARGUMENT
30064775179,90194314048,ARGUMENT
30064775179,68719480595,ARGUMENT
30064775180,68719480594,ARGUMENT
30064775180,30064775181,ARGUMENT
30064775182,68719480596,ARGUMENT
30064775182,30064775183,ARGUMENT
30064775183,68719480598,ARGUMENT
30064775184,68719480599,ARGUMENT
30064775184,90194314049,ARGUMENT
30064775185,68719480600,ARGUMENT
30064775185,30064775186,ARGUMENT
30064775186,30064775187,ARGUMENT
30064775187,68719480602,ARGUMENT
30064775187,68719480603,ARGUMENT
30064775187,25769804488,ARGUMENT
30064775188,68719480601,ARGUMENT
30064775188,55834576418,ARGUMENT
30064775189,68719480604,ARGUMENT
30064775189,30064775190,ARGUMENT
30064775191,68719480606,ARGUMENT
30064775191,68719480607,ARGUMENT
30064775192,68719480605,ARGUMENT
30064775192,55834576419,ARGUMENT
30064775193,68719480609,ARGUMENT
30064775193,55834576420,ARGUMENT
30064775194,68719480612,ARGUMENT
30064775194,90194314050,ARGUMENT
30064775194,30064775196,ARGUMENT
30064775195,68719480611,ARGUMENT
30064775195,55834576421,ARGUMENT
30064775196,68719480613,ARGUMENT
30064775196,55834576422,ARGUMENT
30064775197,68719480614,ARGUMENT
30064775198,68719480615,ARGUMENT
30064775198,30064775199,ARGUMENT
30064775199,30064774670,ARGUMENT
30064775199,55834576423,ARGUMENT
30064775200,68719480618,ARGUMENT
30064775200,30064774671,ARGUMENT
30064775201,68719480621,ARGUMENT
30064775201,30064774672,ARGUMENT
30064775202,68719480624,ARGUMENT
30064775202,120259084376,ARGUMENT
30064775203,30064775204,ARGUMENT
30064775203,68719480626,ARGUMENT
30064775204,68719480625,ARGUMENT
30064775204,55834576424,ARGUMENT
30064775205,68719480627,ARGUMENT
30064775205,120259084377,ARGUMENT
30064775206,30064775207,ARGUMENT
30064775206,68719480629,ARGUMENT
30064775207,68719480628,ARGUMENT
30064775207,55834576425,ARGUMENT
30064775208,68719480630,ARGUMENT
30064775208,120259084378,ARGUMENT
30064775209,30064775210,ARGUMENT
30064775209,68719480632,ARGUMENT
30064775210,68719480631,ARGUMENT
30064775210,55834576426,ARGUMENT
30064775211,68719480633,ARGUMENT
30064775211,120259084379,ARGUMENT
30064775212,30064775213,ARGUMENT
30064775212,68719480635,ARGUMENT
30064775213,68719480634,ARGUMENT
30064775213,55834576427,ARGUMENT
30064775214,68719480636,ARGUMENT
30064775214,120259084380,ARGUMENT
30064775215,30064775216,ARGUMENT
30064775215,68719480638,ARGUMENT
30064775216,68719480637,ARGUMENT
30064775216,55834576428,ARGUMENT
30064775217,68719480639,ARGUMENT
30064775217,120259084381,ARGUMENT
30064775218,30064775219,ARGUMENT
30064775218,68719480641,ARGUMENT
30064775219,68719480640,ARGUMENT
30064775219,55834576429,ARGUMENT
30064775220,68719480642,ARGUMENT
30064775220,120259084382,ARGUMENT
30064775221,30064775222,ARGUMENT
30064775221,68719480644,ARGUMENT
30064775222,68719480643,ARGUMENT
30064775222,55834576430,ARGUMENT
30064775223,68719480645,ARGUMENT
30064775223,120259084383,ARGUMENT
30064775224,30064775225,ARGUMENT
30064775224,68719480647,ARGUMENT
30064775225,68719480646,ARGUMENT
30064775225,55834576431,ARGUMENT
30064775226,68719480648,ARGUMENT
30064775226,120259084384,ARGUMENT
30064775227,30064775228,ARGUMENT
30064775227,68719480650,ARGUMENT
30064775228,68719480649,ARGUMENT
30064775228,55834576432,ARGUMENT
30064775229,68719480651,ARGUMENT
30064775229,120259084385,ARGUMENT
30064775230,30064775231,ARGUMENT
30064775230,68719480653,ARGUMENT
30064775231,68719480652,ARGUMENT
30064775231,55834576433,ARGUMENT
30064775232,68719480654,ARGUMENT
30064775232,120259084386,ARGUMENT
30064775233,30064775234,ARGUMENT
30064775233,68719480656,ARGUMENT
30064775234,68719480655,ARGUMENT
30064775234,55834576434,ARGUMENT
30064775235,68719480657,ARGUMENT
30064775235,120259084387,ARGUMENT
30064775236,30064775237,ARGUMENT
30064775236,68719480659,ARGUMENT
30064775237,68719480658,ARGUMENT
30064775237,55834576435,ARGUMENT
30064775238,68719480660,ARGUMENT
30064775238,120259084388,ARGUMENT
30064775239,30064775240,ARGUMENT
30064775239,68719480662,ARGUMENT
30064775240,68719480661,ARGUMENT
30064775240,55834576436,ARGUMENT
30064775241,68719480663,ARGUMENT
30064775241,120259084389,ARGUMENT
30064775242,30064775243,ARGUMENT
30064775242,68719480665,ARGUMENT
30064775243,68719480664,ARGUMENT
30064775243,55834576437,ARGUMENT
30064775244,68719480666,ARGUMENT
30064775244,120259084390,ARGUMENT
30064775245,30064775246,ARGUMENT
30064775245,68719480668,ARGUMENT
30064775246,68719480667,ARGUMENT
30064775246,55834576438,ARGUMENT
30064775247,68719480669,ARGUMENT
30064775247,68719480670,ARGUMENT
30064775248,30064775249,ARGUMENT
30064775248,68719480672,ARGUMENT
30064775249,68719480671,ARGUMENT
30064775249,55834576439,ARGUMENT
30064775250,68719480673,ARGUMENT
30064775250,68719480674,ARGUMENT
30064775251,30064775252,ARGUMENT
30064775251,68719480676,ARGUMENT
30064775252,68719480675,ARGUMENT
30064775252,55834576440,ARGUMENT
30064775253,68719480677,ARGUMENT
30064775253,68719480678,ARGUMENT
30064775254,30064775255,ARGUMENT
30064775254,68719480680,ARGUMENT
30064775255,68719480679,ARGUMENT
30064775255,55834576441,ARGUMENT
30064775256,68719480681,ARGUMENT
30064775256,68719480682,ARGUMENT
30064775257,30064775258,ARGUMENT
30064775257,68719480684,ARGUMENT
30064775258,68719480683,ARGUMENT
30064775258,55834576442,ARGUMENT
30064775259,68719480685,ARGUMENT
30064775259,120259084391,ARGUMENT
30064775260,30064775261,ARGUMENT
30064775260,68719480687,ARGUMENT
30064775261,68719480686,ARGUMENT
30064775261,55834576443,ARGUMENT
30064775262,68719480688,ARGUMENT
30064775262,120259084392,ARGUMENT
30064775263,30064775264,ARGUMENT
30064775263,68719480690,ARGUMENT
30064775264,68719480689,ARGUMENT
30064775264,55834576444,ARGUMENT
30064775265,68719480691,ARGUMENT
30064775265,120259084393,ARGUMENT
30064775266,30064775267,ARGUMENT
30064775266,68719480693,ARGUMENT
30064775267,68719480692,ARGUMENT
30064775267,55834576445,ARGUMENT
30064775268,68719480694,ARGUMENT
30064775268,120259084394,ARGUMENT
30064775269,30064775270,ARGUMENT
30064775269,68719480696,ARGUMENT
30064775270,68719480695,ARGUMENT
30064775270,55834576446,ARGUMENT
30064775271,68719480697,ARGUMENT
30064775271,120259084395,ARGUMENT
30064775272,30064775273,ARGUMENT
30064775272,68719480699,ARGUMENT
30064775273,68719480698,ARGUMENT
30064775273,55834576447,ARGUMENT
30064775274,68719480700,ARGUMENT
30064775274,120259084396,ARGUMENT
30064775275,30064775276,ARGUMENT
30064775275,68719480702,ARGUMENT
30064775276,68719480701,ARGUMENT
30064775276,55834576448,ARGUMENT
30064775277,68719480703,ARGUMENT
30064775277,120259084397,ARGUMENT
30064775278,30064775279,ARGUMENT
30064775278,68719480705,ARGUMENT
30064775279,68719480704,ARGUMENT
30064775279,55834576449,ARGUMENT
30064775280,68719480706,ARGUMENT
30064775280,120259084398,ARGUMENT
30064775281,30064775282,ARGUMENT
30064775281,68719480708,ARGUMENT
30064775282,68719480707,ARGUMENT
30064775282,55834576450,ARGUMENT
30064775283,68719480709,ARGUMENT
30064775283,120259084399,ARGUMENT
30064775284,30064775285,ARGUMENT
30064775284,68719480711,ARGUMENT
30064775285,68719480710,ARGUMENT
30064775285,55834576451,ARGUMENT
30064775286,68719480712,ARGUMENT
30064775286,120259084400,ARGUMENT
30064775287,30064775288,ARGUMENT
30064775287,68719480714,ARGUMENT
30064775288,68719480713,ARGUMENT
30064775288,55834576452,ARGUMENT
30064775289,68719480764,ARGUMENT
30064775289,90194314073,ARGUMENT
30064775290,68719480767,ARGUMENT
30064775290,90194314074,ARGUMENT
30064775291,68719480770,ARGUMENT
30064775291,90194314075,ARGUMENT
30064775292,68719480773,ARGUMENT
30064775292,90194314076,ARGUMENT
30064775293,68719480776,ARGUMENT
30064775293,90194314077,ARGUMENT
30064775294,68719480779,ARGUMENT
30064775294,90194314078,ARGUMENT
30064775295,68719480782,ARGUMENT
30064775295,90194314079,ARGUMENT
30064775296,68719480785,ARGUMENT
30064775296,90194314080,ARGUMENT
30064775297,68719480788,ARGUMENT
30064775297,90194314081,ARGUMENT
30064775298,68719480791,ARGUMENT
30064775298,90194314082,ARGUMENT
30064775299,68719480794,ARGUMENT
30064775299,90194314083,ARGUMENT
30064775300,68719480797,ARGUMENT
30064775300,90194314084,ARGUMENT
30064775301,68719480800,ARGUMENT
30064775301,90194314085,ARGUMENT
30064775302,68719480716,ARGUMENT
30064775302,25769804525,ARGUMENT
30064775303,68719480715,ARGUMENT
30064775303,55834576453,ARGUMENT
30064775304,30064775305,ARGUMENT
30064775304,90194314054,ARGUMENT
30064775305,68719480717,ARGUMENT
30064775305,55834576454,ARGUMENT
30064775306,30064775307,ARGUMENT
30064775306,90194314055,ARGUMENT
30064775307,68719480718,ARGUMENT
30064775307,55834576455,ARGUMENT
30064775308,30064775309,ARGUMENT
30064775308,90194314056,ARGUMENT
30064775309,68719480719,ARGUMENT
30064775309,55834576456,ARGUMENT
30064775310,68719480724,ARGUMENT
30064775310,25769804527,ARGUMENT
30064775311,30064775312,ARGUMENT
30064775311,55834576458,ARGUMENT
30064775312,68719480721,ARGUMENT
30064775312,30064775313,ARGUMENT
30064775313,68719480723,ARGUMENT
30064775313,90194314057,ARGUMENT
30064775314,68719480722,ARGUMENT
30064775314,55834576457,ARGUMENT
30064775315,30064775316,ARGUMENT
30064775315,90194314058,ARGUMENT
30064775316,68719480725,ARGUMENT
30064775316,55834576459,ARGUMENT
30064775317,30064775318,ARGUMENT
30064775317,90194314059,ARGUMENT
30064775318,68719480726,ARGUMENT
30064775318,55834576460,ARGUMENT
30064775319,30064775320,ARGUMENT
30064775319,30064775321,ARGUMENT
30064775320,68719480727,ARGUMENT
30064775320,55834576461,ARGUMENT
30064775321,90194314060,ARGUMENT
30064775321,30064775322,ARGUMENT
30064775321,90194314061,ARGUMENT
30064775321,30064775323,ARGUMENT
30064775321,90194314062,ARGUMENT
30064775322,68719480728,ARGUMENT
30064775322,55834576462,ARGUMENT
30064775323,68719480729,ARGUMENT
30064775323,55834576463,ARGUMENT
30064775324,68719480732,ARGUMENT
30064775324,30064775326,ARGUMENT
30064775325,68719480731,ARGUMENT
30064775325,55834576464,ARGUMENT
30064775326,90194314063,ARGUMENT
30064775326,68719480733,ARGUMENT
30064775326,90194314064,ARGUMENT
30064775327,68719480735,ARGUMENT
30064775327,30064775329,ARGUMENT
30064775328,68719480734,ARGUMENT
30064775328,55834576465,ARGUMENT
30064775329,90194314065,ARGUMENT
30064775329,68719480736,ARGUMENT
30064775329,90194314066,ARGUMENT
30064775330,30064775331,ARGUMENT
30064775331,68719480738,ARGUMENT
30064775332,30064775333,ARGUMENT
30064775333,68719480740,ARGUMENT
30064775334,68719480742,ARGUMENT
30064775334,90194314067,ARGUMENT
30064775335,68719480741,ARGUMENT
30064775335,55834576466,ARGUMENT
30064775336,30064775337,ARGUMENT
30064775337,68719480744,ARGUMENT
30064775338,68719480746,ARGUMENT
30064775338,90194314068,ARGUMENT
30064775339,68719480745,ARGUMENT
30064775339,55834576467,ARGUMENT
30064775340,68719480749,ARGUMENT
30064775340,90194314069,ARGUMENT
30064775340,30064775342,ARGUMENT
30064775341,68719480748,ARGUMENT
30064775341,55834576468,ARGUMENT
30064775342,30064775343,ARGUMENT
30064775342,55834576469,ARGUMENT
30064775343,90194314070,ARGUMENT
30064775343,68719480750,ARGUMENT
30064775344,68719480752,ARGUMENT
30064775345,68719480754,ARGUMENT
30064775345,68719480755,ARGUMENT
30064775345,120259084401,ARGUMENT
30064775346,68719480753,ARGUMENT
30064775346,55834576470,ARGUMENT
30064775347,68719480758,ARGUMENT
30064775347,90194314071,ARGUMENT
30064775347,68719480759,ARGUMENT
30064775348,68719480757,ARGUMENT
30064775348,55834576471,ARGUMENT
30064775349,68719480761,ARGUMENT
30064775349,90194314072,ARGUMENT
30064775350,68719480760,ARGUMENT
30064775350,55834576472,ARGUMENT
30064775351,68719480762,ARGUMENT
30064775351,30064775289,ARGUMENT
30064775352,68719480765,ARGUMENT
30064775352,30064775353,ARGUMENT
30064775353,30064775290,ARGUMENT
30064775353,55834576473,ARGUMENT
30064775354,68719480768,ARGUMENT
30064775354,30064775355,ARGUMENT
30064775355,30064775291,ARGUMENT
30064775355,55834576474,ARGUMENT
30064775356,68719480771,ARGUMENT
30064775356,30064775357,ARGUMENT
30064775357,30064775292,ARGUMENT
30064775357,55834576475,ARGUMENT
30064775358,68719480774,ARGUMENT
30064775358,30064775359,ARGUMENT
30064775359,30064775293,ARGUMENT
30064775359,55834576476,ARGUMENT
30064775360,68719480777,ARGUMENT
30064775360,30064775294,ARGUMENT
30064775361,68719480780,ARGUMENT
30064775361,30064775295,ARGUMENT
30064775362,68719480783,ARGUMENT
30064775362,30064775296,ARGUMENT
30064775363,68719480786,ARGUMENT
30064775363,30064775364,ARGUMENT
30064775364,30064775297,ARGUMENT
30064775364,55834576477,ARGUMENT
30064775365,68719480789,ARGUMENT
30064775365,30064775366,ARGUMENT
30064775366,30064775298,ARGUMENT
30064775366,55834576478,ARGUMENT
30064775367,68719480792,ARGUMENT
30064775367,30064775368,ARGUMENT
30064775368,30064775299,ARGUMENT
30064775368,55834576479,ARGUMENT
30064775369,68719480795,ARGUMENT
30064775369,30064775370,ARGUMENT
30064775370,30064775300,ARGUMENT
30064775370,55834576480,ARGUMENT
30064775371,68719480798,ARGUMENT
30064775371,30064775372,ARGUMENT
30064775372,30064775301,ARGUMENT
30064775372,55834576481,ARGUMENT
30064775373,68719480802,ARGUMENT
30064775373,25769804520,ARGUMENT
30064775374,68719480801,ARGUMENT
30064775374,55834576482,ARGUMENT
30064775375,30064775376,ARGUMENT
30064775375,30064775377,ARGUMENT
30064775376,68719480803,ARGUMENT
30064775376,55834576483,ARGUMENT
30064775377,30064775378,ARGUMENT
30064775377,90194314087,ARGUMENT
30064775377,90194314088,ARGUMENT
30064775378,30064775379,ARGUMENT
30064775378,90194314086,ARGUMENT
30064775379,30064775380,ARGUMENT
30064775379,55834576485,ARGUMENT
30064775380,68719480804,ARGUMENT
30064775380,55834576484,ARGUMENT
30064775381,68719480806,ARGUMENT
30064775381,30064775382,ARGUMENT
30064775382,68719480808,ARGUMENT
30064775383,68719480809,ARGUMENT
30064775383,30064775384,ARGUMENT
30064775384,30064775385,ARGUMENT
30064775384,90194314089,ARGUMENT
30064775385,30064775386,ARGUMENT
30064775385,55834576487,ARGUMENT
30064775386,68719480810,ARGUMENT
30064775386,55834576486,ARGUMENT
30064775387,68719480812,ARGUMENT
30064775387,30064775389,ARGUMENT
30064775388,68719480811,ARGUMENT
30064775388,55834576488,ARGUMENT
30064775389,68719480814,ARGUMENT
30064775389,25769804521,ARGUMENT
30064775390,30064775391,ARGUMENT
30064775390,30064775392,ARGUMENT
30064775391,68719480815,ARGUMENT
30064775391,55834576489,ARGUMENT
30064775392,90194314090,ARGUMENT
30064775392,30064775393,ARGUMENT
30064775393,68719480828,ARGUMENT
30064775393,68719480829,ARGUMENT
30064775394,30064775395,ARGUMENT
30064775394,55834576496,ARGUMENT
30064775395,68719480816,ARGUMENT
30064775395,25769804522,ARGUMENT
30064775396,68719480817,ARGUMENT
30064775396,30064775397,ARGUMENT
30064775398,68719480819,ARGUMENT
30064775398,90194314091,ARGUMENT
30064775399,68719480818,ARGUMENT
30064775399,55834576490,ARGUMENT
30064775400,68719480821,ARGUMENT
30064775400,90194314092,ARGUMENT
30064775401,68719480820,ARGUMENT
30064775401,55834576491,ARGUMENT
30064775402,68719480823,ARGUMENT
30064775402,90194314093,ARGUMENT
30064775403,68719480822,ARGUMENT
30064775403,55834576492,ARGUMENT
30064775404,68719480825,ARGUMENT
30064775404,30064775406,ARGUMENT
30064775405,68719480824,ARGUMENT
30064775405,55834576493,ARGUMENT
30064775406,30064775407,ARGUMENT
30064775406,55834576495,ARGUMENT
30064775407,68719480826,ARGUMENT
30064775407,55834576494,ARGUMENT
30064775408,30064775409,ARGUMENT
30064775408,90194314094,ARGUMENT
30064775409,68719480830,ARGUMENT
30064775409,55834576497,ARGUMENT
30064775410,68719480833,ARGUMENT
30064775410,30064775412,ARGUMENT
30064775411,68719480832,ARGUMENT
30064775411,55834576498,ARGUMENT
30064775412,68719480835,ARGUMENT
30064775412,25769804523,ARGUMENT
30064775413,68719480834,ARGUMENT
30064775413,55834576499,ARGUMENT
30064775414,30064775415,ARGUMENT
30064775414,90194314095,ARGUMENT
30064775415,68719480836,ARGUMENT
30064775415,55834576500,ARGUMENT
30064775416,68719480839,ARGUMENT
30064775416,30064775418,ARGUMENT
30064775417,68719480838,ARGUMENT
30064775417,55834576501,ARGUMENT
30064775418,68719480841,ARGUMENT
30064775418,25769804524,ARGUMENT
30064775419,68719480840,ARGUMENT
30064775419,55834576502,ARGUMENT
30064775420,30064775421,ARGUMENT
30064775420,90194314096,ARGUMENT
30064775421,68719480842,ARGUMENT
30064775421,55834576503,ARGUMENT
30064775422,30064775423,ARGUMENT
30064775422,90194314097,ARGUMENT
30064775423,68719480843,ARGUMENT
30064775423,55834576504,ARGUMENT
30064775424,68719480846,ARGUMENT
30064775424,90194314098,ARGUMENT
30064775424,68719480847,ARGUMENT
30064775425,68719480845,ARGUMENT
30064775425,55834576505,ARGUMENT
30064775426,68719480849,ARGUMENT
30064775426,90194314099,ARGUMENT
30064775426,120259084402,ARGUMENT
30064775427,68719480848,ARGUMENT
30064775427,55834576506,ARGUMENT
30064775428,68719480851,ARGUMENT
30064775428,120259084403,ARGUMENT
30064775429,68719480850,ARGUMENT
30064775429,55834576507,ARGUMENT
30064775430,68719480853,ARGUMENT
30064775430,68719480854,ARGUMENT
30064775431,68719480852,ARGUMENT
30064775431,55834576508,ARGUMENT
30064775432,68719480855,ARGUMENT
30064775432,120259084404,ARGUMENT
30064775433,68719480857,ARGUMENT
30064775434,30064775435,ARGUMENT
30064775434,68719480860,ARGUMENT
30064775435,68719480859,ARGUMENT
30064775435,90194314100,ARGUMENT
30064775436,68719480875,ARGUMENT
30064775436,90194314105,ARGUMENT
30064775437,68719480878,ARGUMENT
30064775437,90194314106,ARGUMENT
30064775438,68719480881,ARGUMENT
30064775438,90194314107,ARGUMENT
30064775439,68719480862,ARGUMENT
30064775439,90194314101,ARGUMENT
30064775439,30064775441,ARGUMENT
30064775440,68719480861,ARGUMENT
30064775440,55834576509,ARGUMENT
30064775441,68719480863,ARGUMENT
30064775441,55834576510,ARGUMENT
30064775442,68719480867,ARGUMENT
30064775442,25769804538,ARGUMENT
30064775443,30064775444,ARGUMENT
30064775443,55834576512,ARGUMENT
30064775444,68719480864,ARGUMENT
30064775444,30064775445,ARGUMENT
30064775445,68719480866,ARGUMENT
30064775445,90194314102,ARGUMENT
30064775446,68719480865,ARGUMENT
30064775446,55834576511,ARGUMENT
30064775447,30064775448,ARGUMENT
30064775447,90194314103,ARGUMENT
30064775448,68719480868,ARGUMENT
30064775448,55834576513,ARGUMENT
30064775449,30064775450,ARGUMENT
30064775449,90194314104,ARGUMENT
30064775450,68719480869,ARGUMENT
30064775450,55834576514,ARGUMENT
30064775451,30064775452,ARGUMENT
30064775451,30064775453,ARGUMENT
30064775452,68719480870,ARGUMENT
30064775452,55834576515,ARGUMENT
30064775453,68719480871,ARGUMENT
30064775453,55834576516,ARGUMENT
30064775454,68719480873,ARGUMENT
30064775454,30064775455,ARGUMENT
30064775455,30064775436,ARGUMENT
30064775455,55834576517,ARGUMENT
30064775456,68719480876,ARGUMENT
30064775456,30064775457,ARGUMENT
30064775457,30064775437,ARGUMENT
30064775457,55834576518,ARGUMENT
30064775458,68719480879,ARGUMENT
30064775458,30064775459,ARGUMENT
30064775459,30064775438,ARGUMENT
30064775459,55834576519,ARGUMENT
30064775460,68719480882,ARGUMENT
30064775460,120259084405,ARGUMENT
30064775461,30064775462,ARGUMENT
30064775461,68719480884,ARGUMENT
30064775462,68719480883,ARGUMENT
30064775462,55834576520,ARGUMENT
30064775463,68719480887,ARGUMENT
30064775463,90194314108,ARGUMENT
30064775464,68719480890,ARGUMENT
30064775464,90194314109,ARGUMENT
30064775465,68719480893,ARGUMENT
30064775465,90194314110,ARGUMENT
30064775466,68719480896,ARGUMENT
30064775466,90194314111,ARGUMENT
30064775467,68719480899,ARGUMENT
30064775467,90194314112,ARGUMENT
30064775468,68719480902,ARGUMENT
30064775468,90194314113,ARGUMENT
30064775469,68719480905,ARGUMENT
30064775469,90194314114,ARGUMENT
30064775470,68719480908,ARGUMENT
30064775470,90194314115,ARGUMENT
30064775471,68719480911,ARGUMENT
30064775471,90194314116,ARGUMENT
30064775472,68719480914,ARGUMENT
30064775472,90194314117,ARGUMENT
30064775473,68719480917,ARGUMENT
30064775473,90194314118,ARGUMENT
30064775474,68719480920,ARGUMENT
30064775474,90194314119,ARGUMENT
30064775475,68719480923,ARGUMENT
30064775475,90194314120,ARGUMENT
30064775476,68719480926,ARGUMENT
30064775476,90194314121,ARGUMENT
30064775477,68719480929,ARGUMENT
30064775477,90194314122,ARGUMENT
30064775478,68719480932,ARGUMENT
30064775478,90194314123,ARGUMENT
30064775479,68719480935,ARGUMENT
30064775479,90194314124,ARGUMENT
30064775480,68719480938,ARGUMENT
30064775480,90194314125,ARGUMENT
30064775481,68719480885,ARGUMENT
30064775481,30064775482,ARGUMENT
30064775482,30064775463,ARGUMENT
30064775482,55834576521,ARGUMENT
30064775483,68719480888,ARGUMENT
30064775483,30064775484,ARGUMENT
30064775484,30064775464,ARGUMENT
30064775484,55834576522,ARGUMENT
30064775485,68719480891,ARGUMENT
30064775485,30064775486,ARGUMENT
30064775486,30064775465,ARGUMENT
30064775486,55834576523,ARGUMENT
30064775487,68719480894,ARGUMENT
30064775487,30064775488,ARGUMENT
30064775488,30064775466,ARGUMENT
30064775488,55834576524,ARGUMENT
30064775489,68719480897,ARGUMENT
30064775489,30064775490,ARGUMENT
30064775490,30064775467,ARGUMENT
30064775490,55834576525,ARGUMENT
30064775491,68719480900,ARGUMENT
30064775491,30064775492,ARGUMENT
30064775492,30064775468,ARGUMENT
30064775492,55834576526,ARGUMENT
30064775493,68719480903,ARGUMENT
30064775493,30064775494,ARGUMENT
30064775494,30064775469,ARGUMENT
30064775494,55834576527,ARGUMENT
30064775495,68719480906,ARGUMENT
30064775495,30064775496,ARGUMENT
30064775496,30064775470,ARGUMENT
30064775496,55834576528,ARGUMENT
30064775497,68719480909,ARGUMENT
30064775497,30064775498,ARGUMENT
30064775498,30064775471,ARGUMENT
30064775498,55834576529,ARGUMENT
30064775499,68719480912,ARGUMENT
30064775499,30064775500,ARGUMENT
30064775500,30064775472,ARGUMENT
30064775500,55834576530,ARGUMENT
30064775501,68719480915,ARGUMENT
30064775501,30064775502,ARGUMENT
30064775502,30064775473,ARGUMENT
30064775502,55834576531,ARGUMENT
30064775503,68719480918,ARGUMENT
30064775503,30064775504,ARGUMENT
30064775504,30064775474,ARGUMENT
30064775504,55834576532,ARGUMENT
30064775505,68719480921,ARGUMENT
30064775505,30064775506,ARGUMENT
30064775506,30064775475,ARGUMENT
30064775506,55834576533,ARGUMENT
30064775507,68719480924,ARGUMENT
30064775507,30064775508,ARGUMENT
30064775508,30064775476,ARGUMENT
30064775508,55834576534,ARGUMENT
30064775509,68719480927,ARGUMENT
30064775509,30064775510,ARGUMENT
30064775510,30064775477,ARGUMENT
30064775510,55834576535,ARGUMENT
30064775511,68719480930,ARGUMENT
30064775511,30064775512,ARGUMENT
30064775512,30064775478,ARGUMENT
30064775512,55834576536,ARGUMENT
30064775513,68719480933,ARGUMENT
30064775513,30064775514,ARGUMENT
30064775514,30064775479,ARGUMENT
30064775514,55834576537,ARGUMENT
30064775515,68719480936,ARGUMENT
30064775515,30064775516,ARGUMENT
30064775516,30064775480,ARGUMENT
30064775516,55834576538,ARGUMENT
30064775517,68719480939,ARGUMENT
30064775517,30064775518,ARGUMENT
30064775518,68719480941,ARGUMENT
30064775519,68719480943,ARGUMENT
30064775519,90194314126,ARGUMENT
30064775519,68719480944,ARGUMENT
30064775520,68719480942,ARGUMENT
30064775520,55834576539,ARGUMENT
30064775521,68719480946,ARGUMENT
30064775521,90194314127,ARGUMENT
30064775521,68719480947,ARGUMENT
30064775522,68719480945,ARGUMENT
30064775522,55834576540,ARGUMENT
30064775523,68719480949,ARGUMENT
30064775523,90194314128,ARGUMENT
30064775523,68719480950,ARGUMENT
30064775524,68719480948,ARGUMENT
30064775524,55834576541,ARGUMENT
30064775525,68719480952,ARGUMENT
30064775525,90194314129,ARGUMENT
30064775525,68719480953,ARGUMENT
30064775526,68719480951,ARGUMENT
30064775526,55834576542,ARGUMENT
30064775527,68719480955,ARGUMENT
30064775527,90194314130,ARGUMENT
30064775527,68719480956,ARGUMENT
30064775528,68719480954,ARGUMENT
30064775528,55834576543,ARGUMENT
30064775529,68719480958,ARGUMENT
30064775529,90194314131,ARGUMENT
30064775529,68719480959,ARGUMENT
30064775530,68719480957,ARGUMENT
30064775530,55834576544,ARGUMENT
30064775531,68719480961,ARGUMENT
30064775531,90194314132,ARGUMENT
30064775531,68719480962,ARGUMENT
30064775532,68719480960,ARGUMENT
30064775532,55834576545,ARGUMENT
30064775533,68719480964,ARGUMENT
30064775533,90194314133,ARGUMENT
30064775533,68719480965,ARGUMENT
30064775534,68719480963,ARGUMENT
30064775534,55834576546,ARGUMENT
30064775535,68719480967,ARGUMENT
30064775535,90194314134,ARGUMENT
30064775535,68719480968,ARGUMENT
30064775536,68719480966,ARGUMENT
30064775536,55834576547,ARGUMENT
30064775537,68719480970,ARGUMENT
30064775537,90194314135,ARGUMENT
30064775537,68719480971,ARGUMENT
30064775538,68719480969,ARGUMENT
30064775538,55834576548,ARGUMENT
30064775539,68719480973,ARGUMENT
30064775539,90194314136,ARGUMENT
30064775539,68719480974,ARGUMENT
30064775540,68719480972,ARGUMENT
30064775540,55834576549,ARGUMENT
30064775541,68719480976,ARGUMENT
30064775541,90194314137,ARGUMENT
30064775541,68719480977,ARGUMENT
30064775542,68719480975,ARGUMENT
30064775542,55834576550,ARGUMENT
30064775543,68719480979,ARGUMENT
30064775543,90194314138,ARGUMENT
30064775543,68719480980,ARGUMENT
30064775544,68719480978,ARGUMENT
30064775544,55834576551,ARGUMENT
30064775545,68719480982,ARGUMENT
30064775545,90194314139,ARGUMENT
30064775545,68719480983,ARGUMENT
30064775546,68719480981,ARGUMENT
30064775546,55834576552,ARGUMENT
30064775547,68719480985,ARGUMENT
30064775547,90194314140,ARGUMENT
30064775547,68719480986,ARGUMENT
30064775548,68719480984,ARGUMENT
30064775548,55834576553,ARGUMENT
30064775549,68719480988,ARGUMENT
30064775549,90194314141,ARGUMENT
30064775549,68719480989,ARGUMENT
30064775550,68719480987,ARGUMENT
30064775550,55834576554,ARGUMENT
30064775551,68719480991,ARGUMENT
30064775551,90194314142,ARGUMENT
30064775551,68719480992,ARGUMENT
30064775552,68719480990,ARGUMENT
30064775552,55834576555,ARGUMENT
30064775553,30064775554,ARGUMENT
30064775553,68719480995,ARGUMENT
30064775554,68719480994,ARGUMENT
30064775554,90194314143,ARGUMENT
30064775555,68719481018,ARGUMENT
30064775555,90194314146,ARGUMENT
30064775556,68719481021,ARGUMENT
30064775556,90194314147,ARGUMENT
30064775557,68719481024,ARGUMENT
30064775557,90194314148,ARGUMENT
30064775558,68719481027,ARGUMENT
30064775558,90194314149,ARGUMENT
30064775559,68719481030,ARGUMENT
30064775559,90194314150,ARGUMENT
30064775560,68719481033,ARGUMENT
30064775560,90194314151,ARGUMENT
30064775561,68719481036,ARGUMENT
30064775561,90194314152,ARGUMENT
30064775562,68719481039,ARGUMENT
30064775562,90194314153,ARGUMENT
30064775563,68719481042,ARGUMENT
30064775563,90194314154,ARGUMENT
30064775564,68719481045,ARGUMENT
30064775564,90194314155,ARGUMENT
30064775565,68719481048,ARGUMENT
30064775565,90194314156,ARGUMENT
30064775566,68719481051,ARGUMENT
30064775566,90194314157,ARGUMENT
30064775567,68719481054,ARGUMENT
30064775567,90194314158,ARGUMENT
30064775568,68719481057,ARGUMENT
30064775568,90194314159,ARGUMENT
30064775569,68719480997,ARGUMENT
30064775569,25769804546,ARGUMENT
30064775570,68719480996,ARGUMENT
30064775570,55834576556,ARGUMENT
30064775571,30064775572,ARGUMENT
30064775571,90194314144,ARGUMENT
30064775572,68719480998,ARGUMENT
30064775572,55834576557,ARGUMENT
30064775573,68719481000,ARGUMENT
30064775573,30064775574,ARGUMENT
30064775574,30064775575,ARGUMENT
30064775575,68719481002,ARGUMENT
30064775576,68719481001,ARGUMENT
30064775576,55834576558,ARGUMENT
30064775577,68719481004,ARGUMENT
30064775577,25769804549,ARGUMENT
30064775578,68719481003,ARGUMENT
30064775578,55834576559,ARGUMENT
30064775579,30064775580,ARGUMENT
30064775579,68719481006,ARGUMENT
30064775580,68719481005,ARGUMENT
30064775580,55834576560,ARGUMENT
30064775581,68719481012,ARGUMENT
30064775581,25769804550,ARGUMENT
30064775582,30064775583,ARGUMENT
30064775582,55834576562,ARGUMENT
30064775583,68719481009,ARGUMENT
30064775583,30064775584,ARGUMENT
30064775584,68719481011,ARGUMENT
30064775584,90194314145,ARGUMENT
30064775585,68719481010,ARGUMENT
30064775585,55834576561,ARGUMENT
30064775586,30064775587,ARGUMENT
30064775586,30064775588,ARGUMENT
30064775587,68719481013,ARGUMENT
30064775587,55834576563,ARGUMENT
30064775588,68719481014,ARGUMENT
30064775588,55834576564,ARGUMENT
30064775589,68719481016,ARGUMENT
30064775589,30064775590,ARGUMENT
30064775590,30064775555,ARGUMENT
30064775590,55834576565,ARGUMENT
30064775591,68719481019,ARGUMENT
30064775591,30064775556,ARGUMENT
30064775592,68719481022,ARGUMENT
30064775592,30064775557,ARGUMENT
30064775593,68719481025,ARGUMENT
30064775593,30064775558,ARGUMENT
30064775594,68719481028,ARGUMENT
30064775594,30064775559,ARGUMENT
30064775595,68719481031,ARGUMENT
30064775595,30064775560,ARGUMENT
30064775596,68719481034,ARGUMENT
30064775596,30064775561,ARGUMENT
30064775597,68719481037,ARGUMENT
30064775597,30064775562,ARGUMENT
30064775598,68719481040,ARGUMENT
30064775598,30064775563,ARGUMENT
30064775599,68719481043,ARGUMENT
30064775599,30064775564,ARGUMENT
30064775600,68719481046,ARGUMENT
30064775600,30064775565,ARGUMENT
30064775601,68719481049,ARGUMENT
30064775601,30064775566,ARGUMENT
30064775602,68719481052,ARGUMENT
30064775602,30064775567,ARGUMENT
30064775603,68719481055,ARGUMENT
30064775603,30064775568,ARGUMENT
30064775604,68719481058,ARGUMENT
30064775604,30064775605,ARGUMENT
30064775605,68719481060,ARGUMENT
30064775606,68719481062,ARGUMENT
30064775606,90194314160,ARGUMENT
30064775606,120259084406,ARGUMENT
30064775607,68719481061,ARGUMENT
30064775607,55834576566,ARGUMENT
30064775608,68719481064,ARGUMENT
30064775608,90194314161,ARGUMENT
30064775608,120259084407,ARGUMENT
30064775609,68719481063,ARGUMENT
30064775609,55834576567,ARGUMENT
30064775610,68719481066,ARGUMENT
30064775610,90194314162,ARGUMENT
30064775610,30064775612,ARGUMENT
30064775611,68719481065,ARGUMENT
30064775611,55834576568,ARGUMENT
30064775612,68719481067,ARGUMENT
30064775612,55834576569,ARGUMENT
30064775613,68719481069,ARGUMENT
30064775613,90194314163,ARGUMENT
30064775613,30064775615,ARGUMENT
30064775614,68719481068,ARGUMENT
30064775614,55834576570,ARGUMENT
30064775615,68719481070,ARGUMENT
30064775615,55834576571,ARGUMENT
30064775616,68719481072,ARGUMENT
30064775616,90194314164,ARGUMENT
30064775616,30064775618,ARGUMENT
30064775617,68719481071,ARGUMENT
30064775617,55834576572,ARGUMENT
30064775618,68719481073,ARGUMENT
30064775618,55834576573,ARGUMENT
30064775619,68719481075,ARGUMENT
30064775619,90194314165,ARGUMENT
30064775619,30064775621,ARGUMENT
30064775620,68719481074,ARGUMENT
30064775620,55834576574,ARGUMENT
30064775621,68719481076,ARGUMENT
30064775621,55834576575,ARGUMENT
30064775622,68719481078,ARGUMENT
30064775622,90194314166,ARGUMENT
30064775622,30064775624,ARGUMENT
30064775623,68719481077,ARGUMENT
30064775623,55834576576,ARGUMENT
30064775624,68719481079,ARGUMENT
30064775624,55834576577,ARGUMENT
30064775625,68719481081,ARGUMENT
30064775625,90194314167,ARGUMENT
30064775625,30064775627,ARGUMENT
30064775626,68719481080,ARGUMENT
30064775626,55834576578,ARGUMENT
30064775627,68719481082,ARGUMENT
30064775627,55834576579,ARGUMENT
30064775628,68719481084,ARGUMENT
30064775628,90194314168,ARGUMENT
30064775628,30064775630,ARGUMENT
30064775629,68719481083,ARGUMENT
30064775629,55834576580,ARGUMENT
30064775630,68719481085,ARGUMENT
30064775630,55834576581,ARGUMENT
30064775631,68719481087,ARGUMENT
30064775631,90194314169,ARGUMENT
30064775631,30064775633,ARGUMENT
30064775632,68719481086,ARGUMENT
30064775632,55834576582,ARGUMENT
30064775633,68719481088,ARGUMENT
30064775633,55834576583,ARGUMENT
30064775634,68719481090,ARGUMENT
30064775634,90194314170,ARGUMENT
30064775634,30064775636,ARGUMENT
30064775635,68719481089,ARGUMENT
30064775635,55834576584,ARGUMENT
30064775636,68719481091,ARGUMENT
30064775636,55834576585,ARGUMENT
30064775637,68719481093,ARGUMENT
30064775637,90194314171,ARGUMENT
30064775637,30064775639,ARGUMENT
30064775638,68719481092,ARGUMENT
30064775638,55834576586,ARGUMENT
30064775639,68719481094,ARGUMENT
30064775639,55834576587,ARGUMENT
30064775640,68719481096,ARGUMENT
30064775640,90194314172,ARGUMENT
30064775640,30064775642,ARGUMENT
30064775641,68719481095,ARGUMENT
30064775641,55834576588,ARGUMENT
30064775642,68719481097,ARGUMENT
30064775642,55834576589,ARGUMENT
30064775643,68719481099,ARGUMENT
30064775643,90194314173,ARGUMENT
30064775643,68719481100,ARGUMENT
30064775644,68719481098,ARGUMENT
30064775644,55834576590,ARGUMENT
30064775645,68719481102,ARGUMENT
30064775645,90194314174,ARGUMENT
30064775645,68719481103,ARGUMENT
30064775646,68719481101,ARGUMENT
30064775646,55834576591,ARGUMENT
30064775647,68719481105,ARGUMENT
30064775647,90194314175,ARGUMENT
30064775647,30064775649,ARGUMENT
30064775648,68719481104,ARGUMENT
30064775648,55834576592,ARGUMENT
30064775649,68719481106,ARGUMENT
30064775649,55834576593,ARGUMENT
30064775650,68719481108,ARGUMENT
30064775650,90194314176,ARGUMENT
30064775650,30064775652,ARGUMENT
30064775651,68719481107,ARGUMENT
30064775651,55834576594,ARGUMENT
30064775652,68719481109,ARGUMENT
30064775652,55834576595,ARGUMENT
30064775653,68719481111,ARGUMENT
30064775653,90194314177,ARGUMENT
30064775653,30064775655,ARGUMENT
30064775654,68719481110,ARGUMENT
30064775654,55834576596,ARGUMENT
30064775655,68719481112,ARGUMENT
30064775655,55834576597,ARGUMENT
30064775656,68719481114,ARGUMENT
30064775656,90194314178,ARGUMENT
30064775656,30064775658,ARGUMENT
30064775657,68719481113,ARGUMENT
30064775657,55834576598,ARGUMENT
30064775658,68719481115,ARGUMENT
30064775658,55834576599,ARGUMENT
30064775659,68719481117,ARGUMENT
30064775659,90194314179,ARGUMENT
30064775659,30064775661,ARGUMENT
30064775660,68719481116,ARGUMENT
30064775660,55834576600,ARGUMENT
30064775661,68719481118,ARGUMENT
30064775661,55834576601,ARGUMENT
30064775662,68719481120,ARGUMENT
30064775662,90194314180,ARGUMENT
30064775662,30064775664,ARGUMENT
30064775663,68719481119,ARGUMENT
30064775663,55834576602,ARGUMENT
30064775664,68719481121,ARGUMENT
30064775664,55834576603,ARGUMENT
30064775665,68719481123,ARGUMENT
30064775665,90194314181,ARGUMENT
30064775665,30064775667,ARGUMENT
30064775666,68719481122,ARGUMENT
30064775666,55834576604,ARGUMENT
30064775667,68719481124,ARGUMENT
30064775667,55834576605,ARGUMENT
30064775668,68719481126,ARGUMENT
30064775668,90194314182,ARGUMENT
30064775668,30064775670,ARGUMENT
30064775669,68719481125,ARGUMENT
30064775669,55834576606,ARGUMENT
30064775670,68719481127,ARGUMENT
30064775670,55834576607,ARGUMENT
30064775671,68719481129,ARGUMENT
30064775671,90194314183,ARGUMENT
30064775671,30064775673,ARGUMENT
30064775672,68719481128,ARGUMENT
30064775672,55834576608,ARGUMENT
30064775673,68719481130,ARGUMENT
30064775673,55834576609,ARGUMENT
30064775674,68719481132,ARGUMENT
30064775674,90194314184,ARGUMENT
30064775674,30064775676,ARGUMENT
30064775675,68719481131,ARGUMENT
30064775675,55834576610,ARGUMENT
30064775676,68719481133,ARGUMENT
30064775676,55834576611,ARGUMENT
30064775677,68719481135,ARGUMENT
30064775677,90194314185,ARGUMENT
30064775677,30064775679,ARGUMENT
30064775678,68719481134,ARGUMENT
30064775678,55834576612,ARGUMENT
30064775679,68719481136,ARGUMENT
30064775679,55834576613,ARGUMENT
30064775680,68719481138,ARGUMENT
30064775680,90194314186,ARGUMENT
30064775680,30064775682,ARGUMENT
30064775681,68719481137,ARGUMENT
30064775681,55834576614,ARGUMENT
30064775682,68719481139,ARGUMENT
30064775682,55834576615,ARGUMENT
30064775683,68719481141,ARGUMENT
30064775683,90194314187,ARGUMENT
30064775683,30064775685,ARGUMENT
30064775684,68719481140,ARGUMENT
30064775684,55834576616,ARGUMENT
30064775685,68719481142,ARGUMENT
30064775685,55834576617,ARGUMENT
30064775686,68719481144,ARGUMENT
30064775686,90194314188,ARGUMENT
30064775686,30064775688,ARGUMENT
30064775687,68719481143,ARGUMENT
30064775687,55834576618,ARGUMENT
30064775688,68719481145,ARGUMENT
30064775688,55834576619,ARGUMENT
30064775689,68719481147,ARGUMENT
30064775689,90194314189,ARGUMENT
30064775689,30064775691,ARGUMENT
30064775690,68719481146,ARGUMENT
30064775690,55834576620,ARGUMENT
30064775691,68719481148,ARGUMENT
30064775691,55834576621,ARGUMENT
30064775692,68719481150,ARGUMENT
30064775692,90194314190,ARGUMENT
30064775692,30064775694,ARGUMENT
30064775693,68719481149,ARGUMENT
30064775693,55834576622,ARGUMENT
30064775694,68719481151,ARGUMENT
30064775694,55834576623,ARGUMENT
30064775695,68719481153,ARGUMENT
30064775695,90194314191,ARGUMENT
30064775695,30064775697,ARGUMENT
30064775696,68719481152,ARGUMENT
30064775696,55834576624,ARGUMENT
30064775697,68719481154,ARGUMENT
30064775697,55834576625,ARGUMENT
30064775698,68719481156,ARGUMENT
30064775698,90194314192,ARGUMENT
30064775698,30064775700,ARGUMENT
30064775699,68719481155,ARGUMENT
30064775699,55834576626,ARGUMENT
30064775700,68719481157,ARGUMENT
30064775700,55834576627,ARGUMENT
30064775701,68719481159,ARGUMENT
30064775701,90194314193,ARGUMENT
30064775701,30064775703,ARGUMENT
30064775702,68719481158,ARGUMENT
30064775702,55834576628,ARGUMENT
30064775703,68719481160,ARGUMENT
30064775703,55834576629,ARGUMENT
30064775704,68719481162,ARGUMENT
30064775704,90194314194,ARGUMENT
30064775704,30064775706,ARGUMENT
30064775705,68719481161,ARGUMENT
30064775705,55834576630,ARGUMENT
30064775706,68719481163,ARGUMENT
30064775706,55834576631,ARGUMENT
30064775707,68719481165,ARGUMENT
30064775707,90194314195,ARGUMENT
30064775707,30064775709,ARGUMENT
30064775708,68719481164,ARGUMENT
30064775708,55834576632,ARGUMENT
30064775709,68719481166,ARGUMENT
30064775709,55834576633,ARGUMENT
30064775710,68719481168,ARGUMENT
30064775710,90194314196,ARGUMENT
30064775710,30064775712,ARGUMENT
30064775711,68719481167,ARGUMENT
30064775711,55834576634,ARGUMENT
30064775712,68719481169,ARGUMENT
30064775712,55834576635,ARGUMENT
30064775713,68719481171,ARGUMENT
30064775713,90194314197,ARGUMENT
30064775713,30064775715,ARGUMENT
30064775714,68719481170,ARGUMENT
30064775714,55834576636,ARGUMENT
30064775715,68719481172,ARGUMENT
30064775715,55834576637,ARGUMENT
30064775716,68719481174,ARGUMENT
30064775716,90194314198,ARGUMENT
30064775716,30064775718,ARGUMENT
30064775717,68719481173,ARGUMENT
30064775717,55834576638,ARGUMENT
30064775718,68719481175,ARGUMENT
30064775718,55834576639,ARGUMENT
30064775719,68719481177,ARGUMENT
30064775719,90194314199,ARGUMENT
30064775719,30064775721,ARGUMENT
30064775720,68719481176,ARGUMENT
30064775720,55834576640,ARGUMENT
30064775721,68719481178,ARGUMENT
30064775721,55834576641,ARGUMENT
30064775722,68719481180,ARGUMENT
30064775722,90194314200,ARGUMENT
30064775722,30064775724,ARGUMENT
30064775723,68719481179,ARGUMENT
30064775723,55834576642,ARGUMENT
30064775724,68719481181,ARGUMENT
30064775724,55834576643,ARGUMENT
30064775725,68719481183,ARGUMENT
30064775725,90194314201,ARGUMENT
30064775725,30064775727,ARGUMENT
30064775726,68719481182,ARGUMENT
30064775726,55834576644,ARGUMENT
30064775727,68719481184,ARGUMENT
30064775727,55834576645,ARGUMENT
30064775728,68719481186,ARGUMENT
30064775728,90194314202,ARGUMENT
30064775728,30064775730,ARGUMENT
30064775729,68719481185,ARGUMENT
30064775729,55834576646,ARGUMENT
30064775730,68719481187,ARGUMENT
30064775730,55834576647,ARGUMENT
30064775731,68719481189,ARGUMENT
30064775731,90194314203,ARGUMENT
30064775731,30064775733,ARGUMENT
30064775732,68719481188,ARGUMENT
30064775732,55834576648,ARGUMENT
30064775733,68719481190,ARGUMENT
30064775733,55834576649,ARGUMENT
30064775734,68719481192,ARGUMENT
30064775734,90194314204,ARGUMENT
30064775734,30064775736,ARGUMENT
30064775735,68719481191,ARGUMENT
30064775735,55834576650,ARGUMENT
30064775736,68719481193,ARGUMENT
30064775736,55834576651,ARGUMENT
30064775737,68719481195,ARGUMENT
30064775737,90194314205,ARGUMENT
30064775737,30064775739,ARGUMENT
30064775738,68719481194,ARGUMENT
30064775738,55834576652,ARGUMENT
30064775739,68719481196,ARGUMENT
30064775739,55834576653,ARGUMENT
30064775740,30064775741,ARGUMENT
30064775740,68719481199,ARGUMENT
30064775741,68719481198,ARGUMENT
30064775741,90194314206,ARGUMENT
30064775742,68719481202,ARGUMENT
30064775742,90194314207,ARGUMENT
30064775743,68719481205,ARGUMENT
30064775743,90194314208,ARGUMENT
30064775744,68719481200,ARGUMENT
30064775744,30064775745,ARGUMENT
30064775745,30064775742,ARGUMENT
30064775745,55834576654,ARGUMENT
30064775746,68719481203,ARGUMENT
30064775746,30064775743,ARGUMENT
30064775747,68719481206,ARGUMENT
30064775747,30064775748,ARGUMENT
30064775748,68719481208,ARGUMENT
30064775749,68719481210,ARGUMENT
30064775749,90194314209,ARGUMENT
30064775749,30064775751,ARGUMENT
30064775750,68719481209,ARGUMENT
30064775750,55834576655,ARGUMENT
30064775751,68719481211,ARGUMENT
30064775751,55834576656,ARGUMENT
30064775752,68719481213,ARGUMENT
30064775752,90194314210,ARGUMENT
30064775752,30064775754,ARGUMENT
30064775753,68719481212,ARGUMENT
30064775753,55834576657,ARGUMENT
30064775754,68719481214,ARGUMENT
30064775754,55834576658,ARGUMENT
30064775755,68719481216,ARGUMENT
30064775755,90194314211,ARGUMENT
30064775755,30064775757,ARGUMENT
30064775756,68719481215,ARGUMENT
30064775756,55834576659,ARGUMENT
30064775757,68719481217,ARGUMENT
30064775757,55834576660,ARGUMENT
30064775758,30064775759,ARGUMENT
30064775758,68719481220,ARGUMENT
30064775759,68719481219,ARGUMENT
30064775759,90194314212,ARGUMENT
30064775760,68719481239,ARGUMENT
30064775760,90194314219,ARGUMENT
30064775761,68719481242,ARGUMENT
30064775761,90194314220,ARGUMENT
30064775762,68719481222,ARGUMENT
30064775762,90194314213,ARGUMENT
30064775763,68719481221,ARGUMENT
30064775763,55834576661,ARGUMENT
30064775764,30064775765,ARGUMENT
30064775765,68719481224,ARGUMENT
30064775766,68719481226,ARGUMENT
30064775766,90194314214,ARGUMENT
30064775767,68719481225,ARGUMENT
30064775767,55834576662,ARGUMENT
30064775768,68719481229,ARGUMENT
30064775768,90194314215,ARGUMENT
30064775768,68719481230,ARGUMENT
30064775769,68719481228,ARGUMENT
30064775769,55834576663,ARGUMENT
30064775770,68719481232,ARGUMENT
30064775770,90194314216,ARGUMENT
30064775770,120259084408,ARGUMENT
30064775770,25769804560,ARGUMENT
30064775771,68719481231,ARGUMENT
30064775771,55834576664,ARGUMENT
30064775772,30064775773,ARGUMENT
30064775772,90194314217,ARGUMENT
30064775773,68719481233,ARGUMENT
30064775773,55834576665,ARGUMENT
30064775774,68719481236,ARGUMENT
30064775774,90194314218,ARGUMENT
30064775775,68719481235,ARGUMENT
30064775775,55834576666,ARGUMENT
30064775776,68719481237,ARGUMENT
30064775776,30064775760,ARGUMENT
30064775777,68719481240,ARGUMENT
30064775777,30064775778,ARGUMENT
30064775778,30064775761,ARGUMENT
30064775778,55834576667,ARGUMENT
30064775779,68719481243,ARGUMENT
30064775779,120259084409,ARGUMENT
30064775780,30064775781,ARGUMENT
30064775780,68719481245,ARGUMENT
30064775781,68719481244,ARGUMENT
30064775781,55834576668,ARGUMENT
30064775782,68719481569,ARGUMENT
30064775782,90194314307,ARGUMENT
30064775783,68719481572,ARGUMENT
30064775783,90194314308,ARGUMENT
30064775784,68719481575,ARGUMENT
30064775784,90194314309,ARGUMENT
30064775785,68719481246,ARGUMENT
30064775785,90194314221,ARGUMENT
30064775786,68719481247,ARGUMENT
30064775786,90194314222,ARGUMENT
30064775787,68719481248,ARGUMENT
30064775787,55834576669,ARGUMENT
30064775788,68719481249,ARGUMENT
30064775788,30064775789,ARGUMENT
30064775789,30064775790,ARGUMENT
30064775789,90194314223,ARGUMENT
30064775790,30064775791,ARGUMENT
30064775790,55834576671,ARGUMENT
30064775791,68719481250,ARGUMENT
30064775791,55834576670,ARGUMENT
30064775792,68719481251,ARGUMENT
30064775793,68719481253,ARGUMENT
30064775793,90194314224,ARGUMENT
30064775794,68719481252,ARGUMENT
30064775794,55834576672,ARGUMENT
30064775795,30064775796,ARGUMENT
30064775795,25769804566,ARGUMENT
30064775796,68719481254,ARGUMENT
30064775796,55834576673,ARGUMENT
30064775797,68719481255,ARGUMENT
30064775797,30064775798,ARGUMENT
30064775799,68719481257,ARGUMENT
30064775799,68719481258,ARGUMENT
30064775800,68719481261,ARGUMENT
30064775800,90194314225,ARGUMENT
30064775801,68719481260,ARGUMENT
30064775801,55834576674,ARGUMENT
30064775802,30064775803,ARGUMENT
30064775802,90194314226,ARGUMENT
30064775803,68719481262,ARGUMENT
30064775803,55834576675,ARGUMENT
30064775804,68719481264,ARGUMENT
30064775804,68719481265,ARGUMENT
30064775804,68719481266,ARGUMENT
30064775805,68719481267,ARGUMENT
30064775805,30064775806,ARGUMENT
30064775806,30064775807,ARGUMENT
30064775806,90194314227,ARGUMENT
30064775806,68719481269,ARGUMENT
30064775807,68719481268,ARGUMENT
30064775807,30064775808,ARGUMENT
30064775809,68719481271,ARGUMENT
30064775810,68719481270,ARGUMENT
30064775810,55834576676,ARGUMENT
30064775811,30064775812,ARGUMENT
30064775812,68719481272,ARGUMENT
30064775812,55834576677,ARGUMENT
30064775813,25769804569,ARGUMENT
30064775814,68719481273,ARGUMENT
30064775814,30064775815,ARGUMENT
30064775816,68719481275,ARGUMENT
30064775816,90194314228,ARGUMENT
30064775817,68719481277,ARGUMENT
30064775817,90194314229,ARGUMENT
30064775818,68719481278,ARGUMENT
30064775818,68719481279,ARGUMENT
30064775819,68719481280,ARGUMENT
30064775820,68719481282,ARGUMENT
30064775820,30064775822,ARGUMENT
30064775821,68719481281,ARGUMENT
30064775821,55834576678,ARGUMENT
30064775822,90194314230,ARGUMENT
30064775822,68719481283,ARGUMENT
30064775822,90194314231,ARGUMENT
30064775822,68719481284,ARGUMENT
30064775822,90194314232,ARGUMENT
30064775823,68719481285,ARGUMENT
30064775823,30064775824,ARGUMENT
30064775824,68719481288,ARGUMENT
30064775824,25769804572,ARGUMENT
30064775825,30064775826,ARGUMENT
30064775825,55834576680,ARGUMENT
30064775826,68719481286,ARGUMENT
30064775826,30064775827,ARGUMENT
30064775827,68719481287,ARGUMENT
30064775827,55834576679,ARGUMENT
30064775828,30064775829,ARGUMENT
30064775828,90194314233,ARGUMENT
30064775829,68719481289,ARGUMENT
30064775829,55834576681,ARGUMENT
30064775830,68719481291,ARGUMENT
30064775830,30064775831,ARGUMENT
30064775831,30064775832,ARGUMENT
30064775832,68719481293,ARGUMENT
30064775832,68719481294,ARGUMENT
30064775833,68719481292,ARGUMENT
30064775833,55834576682,ARGUMENT
30064775834,68719481295,ARGUMENT
30064775834,30064775835,ARGUMENT
30064775835,68719481296,ARGUMENT
30064775835,55834576683,ARGUMENT
30064775836,68719481298,ARGUMENT
30064775836,90194314234,ARGUMENT
30064775837,68719481297,ARGUMENT
30064775837,55834576684,ARGUMENT
30064775838,68719481300,ARGUMENT
30064775839,68719481299,ARGUMENT
30064775839,55834576685,ARGUMENT
30064775840,68719481302,ARGUMENT
30064775840,68719481303,ARGUMENT
30064775841,68719481305,ARGUMENT
30064775841,30064775843,ARGUMENT
30064775841,30064775844,ARGUMENT
30064775842,68719481304,ARGUMENT
30064775842,55834576686,ARGUMENT
30064775843,90194314235,ARGUMENT
30064775843,68719481306,ARGUMENT
30064775843,90194314236,ARGUMENT
30064775843,68719481307,ARGUMENT
30064775843,90194314237,ARGUMENT
30064775844,68719481308,ARGUMENT
30064775844,55834576687,ARGUMENT
30064775845,30064775846,ARGUMENT
30064775845,30064775847,ARGUMENT
30064775846,68719481309,ARGUMENT
30064775846,68719481310,ARGUMENT
30064775847,30064775848,ARGUMENT
30064775847,30064775852,ARGUMENT
30064775848,68719481313,ARGUMENT
30064775848,90194314238,ARGUMENT
30064775849,30064775850,ARGUMENT
30064775849,55834576689,ARGUMENT
30064775850,68719481311,ARGUMENT
30064775850,30064775851,ARGUMENT
30064775851,68719481312,ARGUMENT
30064775851,55834576688,ARGUMENT
30064775852,68719481316,ARGUMENT
30064775852,90194314239,ARGUMENT
30064775853,30064775854,ARGUMENT
30064775853,55834576691,ARGUMENT
30064775854,68719481314,ARGUMENT
30064775854,30064775855,ARGUMENT
30064775855,68719481315,ARGUMENT
30064775855,55834576690,ARGUMENT
30064775856,68719481317,ARGUMENT
30064775856,30064775857,ARGUMENT
30064775857,30064775858,ARGUMENT
30064775857,90194314241,ARGUMENT
30064775858,68719481319,ARGUMENT
30064775858,90194314240,ARGUMENT
30064775858,68719481320,ARGUMENT
30064775859,68719481318,ARGUMENT
30064775859,55834576692,ARGUMENT
30064775860,68719481322,ARGUMENT
30064775860,30064775862,ARGUMENT
30064775861,68719481321,ARGUMENT
30064775861,55834576693,ARGUMENT
30064775862,90194314242,ARGUMENT
30064775862,30064775863,ARGUMENT
30064775862,90194314244,ARGUMENT
30064775863,68719481323,ARGUMENT
30064775863,90194314243,ARGUMENT
30064775864,25769804574,ARGUMENT
30064775865,68719481324,ARGUMENT
30064775865,30064775866,ARGUMENT
30064775867,68719481326,ARGUMENT
30064775867,120259084410,ARGUMENT
30064775868,68719481328,ARGUMENT
30064775868,68719481329,ARGUMENT
30064775869,25769804576,ARGUMENT
30064775870,68719481330,ARGUMENT
30064775870,30064775871,ARGUMENT
30064775872,68719481332,ARGUMENT
30064775872,30064775873,ARGUMENT
30064775873,90194314245,ARGUMENT
30064775873,68719481333,ARGUMENT
30064775873,90194314246,ARGUMENT
30064775873,30064775874,ARGUMENT
30064775873,90194314247,ARGUMENT
30064775874,68719481334,ARGUMENT
30064775874,55834576694,ARGUMENT
30064775875,68719481337,ARGUMENT
30064775876,68719481336,ARGUMENT
30064775876,55834576695,ARGUMENT
30064775877,30064775878,ARGUMENT
30064775878,68719481338,ARGUMENT
30064775878,55834576696,ARGUMENT
30064775879,25769804581,ARGUMENT
30064775880,68719481339,ARGUMENT
30064775880,30064775881,ARGUMENT
30064775882,68719481341,ARGUMENT
30064775882,90194314248,ARGUMENT
30064775883,68719481343,ARGUMENT
30064775883,30064775884,ARGUMENT
30064775884,68719481346,ARGUMENT
30064775884,25769804583,ARGUMENT
30064775885,30064775886,ARGUMENT
30064775885,55834576698,ARGUMENT
30064775886,68719481344,ARGUMENT
30064775886,30064775887,ARGUMENT
30064775887,68719481345,ARGUMENT
30064775887,55834576697,ARGUMENT
30064775888,30064775889,ARGUMENT
30064775888,90194314249,ARGUMENT
30064775889,68719481347,ARGUMENT
30064775889,55834576699,ARGUMENT
30064775890,68719481349,ARGUMENT
30064775890,25769804584,ARGUMENT
30064775891,30064775892,ARGUMENT
30064775891,25769804585,ARGUMENT
30064775892,68719481350,ARGUMENT
30064775892,55834576700,ARGUMENT
30064775893,30064775894,ARGUMENT
30064775893,68719481352,ARGUMENT
30064775894,68719481351,ARGUMENT
30064775894,55834576701,ARGUMENT
30064775895,30064775896,ARGUMENT
30064775895,68719481354,ARGUMENT
30064775896,68719481353,ARGUMENT
30064775896,55834576702,ARGUMENT
30064775897,68719481357,ARGUMENT
30064775897,30064775898,ARGUMENT
30064775898,30064775899,ARGUMENT
30064775899,68719481359,ARGUMENT
30064775899,25769804586,ARGUMENT
30064775900,68719481358,ARGUMENT
30064775900,55834576703,ARGUMENT
30064775901,68719481360,ARGUMENT
30064775901,30064775902,ARGUMENT
30064775903,68719481362,ARGUMENT
30064775903,68719481363,ARGUMENT
30064775904,68719481361,ARGUMENT
30064775904,55834576704,ARGUMENT
30064775905,68719481365,ARGUMENT
30064775905,68719481366,ARGUMENT
30064775906,68719481364,ARGUMENT
30064775906,55834576705,ARGUMENT
30064775907,68719481368,ARGUMENT
30064775907,30064775908,ARGUMENT
30064775908,68719481369,ARGUMENT
30064775908,55834576706,ARGUMENT
30064775909,68719481371,ARGUMENT
30064775910,68719481370,ARGUMENT
30064775910,55834576707,ARGUMENT
30064775911,68719481374,ARGUMENT
30064775911,90194314250,ARGUMENT
30064775911,30064775913,ARGUMENT
30064775912,68719481373,ARGUMENT
30064775912,55834576708,ARGUMENT
30064775913,68719481375,ARGUMENT
30064775913,55834576709,ARGUMENT
30064775914,25769804587,ARGUMENT
30064775915,68719481376,ARGUMENT
30064775915,30064775916,ARGUMENT
30064775917,68719481378,ARGUMENT
30064775917,30064775918,ARGUMENT
30064775918,90194314251,ARGUMENT
30064775918,30064775919,ARGUMENT
30064775918,90194314252,ARGUMENT
30064775919,68719481379,ARGUMENT
30064775919,55834576710,ARGUMENT
30064775920,68719481381,ARGUMENT
30064775920,30064775921,ARGUMENT
30064775921,68719481383,ARGUMENT
30064775922,68719481382,ARGUMENT
30064775922,55834576711,ARGUMENT
30064775923,68719481384,ARGUMENT
30064775923,30064775924,ARGUMENT
30064775924,68719481386,ARGUMENT
30064775925,68719481385,ARGUMENT
30064775925,55834576712,ARGUMENT
30064775926,68719481387,ARGUMENT
30064775926,30064775927,ARGUMENT
30064775927,68719481388,ARGUMENT
30064775928,30064775929,ARGUMENT
30064775929,30064775920,ARGUMENT
30064775929,55834576713,ARGUMENT
30064775930,68719481391,ARGUMENT
30064775930,30064775931,ARGUMENT
30064775931,68719481392,ARGUMENT
30064775931,55834576714,ARGUMENT
30064775932,68719481393,ARGUMENT
30064775932,30064775933,ARGUMENT
30064775933,68719481394,ARGUMENT
30064775933,68719481395,ARGUMENT
30064775934,68719481396,ARGUMENT
30064775934,30064775935,ARGUMENT
30064775935,68719481397,ARGUMENT
30064775936,30064775937,ARGUMENT
30064775937,30064775923,ARGUMENT
30064775937,55834576715,ARGUMENT
30064775938,68719481400,ARGUMENT
30064775938,30064775939,ARGUMENT
30064775939,68719481401,ARGUMENT
30064775939,55834576716,ARGUMENT
30064775940,30064775941,ARGUMENT
30064775940,30064775952,ARGUMENT
30064775941,30064775942,ARGUMENT
30064775941,30064775951,ARGUMENT
30064775942,30064775943,ARGUMENT
30064775942,30064775950,ARGUMENT
30064775943,30064775944,ARGUMENT
30064775943,30064775949,ARGUMENT
30064775944,30064775945,ARGUMENT
30064775944,30064775948,ARGUMENT
30064775945,30064775946,ARGUMENT
30064775945,30064775947,ARGUMENT
30064775946,68719481402,ARGUMENT
30064775946,90194314253,ARGUMENT
30064775947,68719481403,ARGUMENT
30064775947,90194314254,ARGUMENT
30064775948,68719481404,ARGUMENT
30064775948,90194314255,ARGUMENT
30064775949,68719481405,ARGUMENT
30064775949,90194314256,ARGUMENT
30064775950,68719481406,ARGUMENT
30064775950,90194314257,ARGUMENT
30064775951,68719481407,ARGUMENT
30064775951,90194314258,ARGUMENT
30064775952,68719481408,ARGUMENT
30064775952,90194314259,ARGUMENT
30064775953,68719481409,ARGUMENT
30064775953,30064775954,ARGUMENT
30064775954,30064775955,ARGUMENT
30064775954,30064775966,ARGUMENT
30064775955,30064775956,ARGUMENT
30064775955,30064775965,ARGUMENT
30064775956,30064775957,ARGUMENT
30064775956,30064775964,ARGUMENT
30064775957,30064775958,ARGUMENT
30064775957,30064775963,ARGUMENT
30064775958,30064775959,ARGUMENT
30064775958,30064775962,ARGUMENT
30064775959,30064775960,ARGUMENT
30064775959,30064775961,ARGUMENT
30064775960,68719481410,ARGUMENT
30064775960,90194314260,ARGUMENT
30064775961,68719481411,ARGUMENT
30064775961,90194314261,ARGUMENT
30064775962,68719481412,ARGUMENT
30064775962,90194314262,ARGUMENT
30064775963,68719481413,ARGUMENT
30064775963,90194314263,ARGUMENT
30064775964,68719481414,ARGUMENT
30064775964,90194314264,ARGUMENT
30064775965,68719481415,ARGUMENT
30064775965,90194314265,ARGUMENT
30064775966,68719481416,ARGUMENT
30064775966,90194314266,ARGUMENT
30064775967,68719481419,ARGUMENT
30064775967,30064775969,ARGUMENT
30064775968,68719481418,ARGUMENT
30064775968,55834576717,ARGUMENT
30064775969,90194314268,ARGUMENT
30064775969,68719481420,ARGUMENT
30064775969,90194314269,ARGUMENT
30064775970,68719481421,ARGUMENT
30064775970,30064775971,ARGUMENT
30064775971,30064775972,ARGUMENT
30064775972,68719481423,ARGUMENT
30064775972,68719481424,ARGUMENT
30064775973,68719481427,ARGUMENT
30064775973,30064775975,ARGUMENT
30064775974,68719481426,ARGUMENT
30064775974,55834576718,ARGUMENT
30064775975,90194314270,ARGUMENT
30064775975,68719481428,ARGUMENT
30064775975,90194314271,ARGUMENT
30064775976,68719481431,ARGUMENT
30064775976,30064775978,ARGUMENT
30064775977,68719481430,ARGUMENT
30064775977,55834576719,ARGUMENT
30064775978,90194314272,ARGUMENT
30064775978,68719481432,ARGUMENT
30064775978,90194314273,ARGUMENT
30064775979,68719481435,ARGUMENT
30064775979,30064775981,ARGUMENT
30064775979,30064775982,ARGUMENT
30064775980,68719481434,ARGUMENT
30064775980,55834576720,ARGUMENT
30064775981,90194314275,ARGUMENT
30064775981,68719481436,ARGUMENT
30064775981,90194314276,ARGUMENT
30064775982,68719481437,ARGUMENT
30064775982,55834576721,ARGUMENT
30064775983,68719481438,ARGUMENT
30064775983,30064775984,ARGUMENT
30064775984,68719481439,ARGUMENT
30064775984,90194314278,ARGUMENT
30064775984,90194314279,ARGUMENT
30064775985,68719481440,ARGUMENT
30064775985,30064775986,ARGUMENT
30064775986,90194314280,ARGUMENT
30064775986,68719481441,ARGUMENT
30064775986,90194314281,ARGUMENT
30064775986,68719481442,ARGUMENT
30064775986,90194314282,ARGUMENT
30064775987,68719481444,ARGUMENT
30064775987,30064775988,ARGUMENT
30064775988,25769804606,ARGUMENT
30064775988,90194314292,ARGUMENT
30064775988,90194314293,ARGUMENT
30064775989,30064775990,ARGUMENT
30064775989,25769804607,ARGUMENT
30064775990,68719481445,ARGUMENT
30064775990,55834576722,ARGUMENT
30064775991,30064775992,ARGUMENT
30064775991,30064775993,ARGUMENT
30064775992,68719481446,ARGUMENT
30064775992,55834576723,ARGUMENT
30064775993,68719481447,ARGUMENT
30064775993,55834576724,ARGUMENT
30064775994,30064775995,ARGUMENT
30064775994,30064775996,ARGUMENT
30064775995,68719481448,ARGUMENT
30064775995,55834576725,ARGUMENT
30064775996,68719481449,ARGUMENT
30064775996,55834576726,ARGUMENT
30064775997,30064775998,ARGUMENT
30064775997,30064775999,ARGUMENT
30064775998,68719481450,ARGUMENT
30064775998,55834576727,ARGUMENT
30064775999,68719481451,ARGUMENT
30064775999,55834576728,ARGUMENT
30064776000,30064776001,ARGUMENT
30064776000,30064776002,ARGUMENT
30064776001,68719481452,ARGUMENT
30064776001,55834576729,ARGUMENT
30064776002,68719481453,ARGUMENT
30064776002,55834576730,ARGUMENT
30064776003,30064776004,ARGUMENT
30064776003,25769804608,ARGUMENT
30064776004,68719481455,ARGUMENT
30064776004,55834576731,ARGUMENT
30064776005,30064776006,ARGUMENT
30064776005,30064776007,ARGUMENT
30064776006,68719481456,ARGUMENT
30064776006,55834576732,ARGUMENT
30064776007,30064776008,ARGUMENT
30064776007,90194314283,ARGUMENT
30064776008,68719481457,ARGUMENT
30064776008,55834576733,ARGUMENT
30064776009,30064776010,ARGUMENT
30064776009,30064776011,ARGUMENT
30064776010,68719481458,ARGUMENT
30064776010,55834576734,ARGUMENT
30064776011,30064776012,ARGUMENT
30064776011,90194314284,ARGUMENT
30064776012,68719481459,ARGUMENT
30064776012,55834576735,ARGUMENT
30064776013,30064776014,ARGUMENT
30064776013,30064776015,ARGUMENT
30064776014,68719481460,ARGUMENT
30064776014,55834576736,ARGUMENT
30064776015,30064776016,ARGUMENT
30064776015,90194314285,ARGUMENT
30064776016,68719481461,ARGUMENT
30064776016,55834576737,ARGUMENT
30064776017,30064776018,ARGUMENT
30064776017,25769804609,ARGUMENT
30064776018,68719481463,ARGUMENT
30064776018,55834576738,ARGUMENT
30064776019,30064776020,ARGUMENT
30064776019,25769804610,ARGUMENT
30064776020,68719481464,ARGUMENT
30064776020,55834576739,ARGUMENT
30064776021,30064776022,ARGUMENT
30064776021,30064776023,ARGUMENT
30064776022,68719481465,ARGUMENT
30064776022,55834576740,ARGUMENT
30064776023,30064776024,ARGUMENT
30064776023,90194314286,ARGUMENT
30064776024,68719481466,ARGUMENT
30064776024,55834576741,ARGUMENT
30064776025,30064776026,ARGUMENT
30064776025,30064776027,ARGUMENT
30064776026,68719481467,ARGUMENT
30064776026,55834576742,ARGUMENT
30064776027,30064776028,ARGUMENT
30064776027,90194314287,ARGUMENT
30064776028,68719481468,ARGUMENT
30064776028,55834576743,ARGUMENT
30064776029,30064776030,ARGUMENT
30064776029,25769804611,ARGUMENT
30064776030,68719481470,ARGUMENT
30064776030,55834576744,ARGUMENT
30064776031,30064776032,ARGUMENT
30064776031,30064776033,ARGUMENT
30064776032,68719481471,ARGUMENT
30064776032,55834576745,ARGUMENT
30064776033,30064776034,ARGUMENT
30064776033,90194314288,ARGUMENT
30064776034,68719481472,ARGUMENT
30064776034,55834576746,ARGUMENT
30064776035,30064776036,ARGUMENT
30064776035,30064776037,ARGUMENT
30064776036,68719481473,ARGUMENT
30064776036,55834576747,ARGUMENT
30064776037,30064776038,ARGUMENT
30064776037,90194314289,ARGUMENT
30064776038,68719481474,ARGUMENT
30064776038,55834576748,ARGUMENT
30064776039,30064776040,ARGUMENT
30064776039,25769804612,ARGUMENT
30064776040,68719481476,ARGUMENT
30064776040,55834576749,ARGUMENT
30064776041,30064776042,ARGUMENT
30064776041,30064776043,ARGUMENT
30064776042,68719481477,ARGUMENT
30064776042,55834576750,ARGUMENT
30064776043,30064776044,ARGUMENT
30064776043,90194314290,ARGUMENT
30064776044,68719481478,ARGUMENT
30064776044,55834576751,ARGUMENT
30064776045,30064776046,ARGUMENT
30064776045,30064776047,ARGUMENT
30064776046,68719481479,ARGUMENT
30064776046,55834576752,ARGUMENT
30064776047,30064776048,ARGUMENT
30064776047,90194314291,ARGUMENT
30064776048,68719481480,ARGUMENT
30064776048,55834576753,ARGUMENT
30064776049,68719481484,ARGUMENT
30064776049,30064776050,ARGUMENT
30064776050,90194314294,ARGUMENT
30064776050,68719481485,ARGUMENT
30064776050,90194314295,ARGUMENT
30064776050,30064776051,ARGUMENT
30064776050,90194314296,ARGUMENT
30064776051,68719481486,ARGUMENT
30064776051,55834576754,ARGUMENT
30064776052,68719481488,ARGUMENT
30064776052,30064776053,ARGUMENT
30064776053,30064776054,ARGUMENT
30064776053,68719481490,ARGUMENT
30064776054,68719481489,ARGUMENT
30064776054,55834576755,ARGUMENT
30064776055,30064776056,ARGUMENT
30064776055,30064776057,ARGUMENT
30064776056,68719481491,ARGUMENT
30064776056,68719481492,ARGUMENT
30064776057,68719481495,ARGUMENT
30064776057,68719481496,ARGUMENT
30064776058,30064776059,ARGUMENT
30064776058,55834576757,ARGUMENT
30064776059,68719481493,ARGUMENT
30064776059,30064776060,ARGUMENT
30064776060,68719481494,ARGUMENT
30064776060,55834576756,ARGUMENT
30064776061,68719481498,ARGUMENT
30064776062,68719481497,ARGUMENT
30064776062,55834576758,ARGUMENT
30064776063,30064776064,ARGUMENT
30064776064,68719481499,ARGUMENT
30064776064,55834576759,ARGUMENT
30064776065,25769804613,ARGUMENT
30064776066,68719481500,ARGUMENT
30064776066,30064776067,ARGUMENT
30064776068,68719481502,ARGUMENT
30064776068,90194314297,ARGUMENT
30064776069,68719481504,ARGUMENT
30064776069,30064776070,ARGUMENT
30064776070,68719481505,ARGUMENT
30064776070,90194314298,ARGUMENT
30064776071,68719481506,ARGUMENT
30064776071,30064776072,ARGUMENT
30064776072,68719481508,ARGUMENT
30064776072,68719481509,ARGUMENT
30064776072,25769804615,ARGUMENT
30064776073,68719481507,ARGUMENT
30064776073,55834576760,ARGUMENT
30064776074,30064776075,ARGUMENT
30064776074,90194314299,ARGUMENT
30064776075,68719481510,ARGUMENT
30064776075,55834576761,ARGUMENT
30064776076,68719481512,ARGUMENT
30064776076,25769804616,ARGUMENT
30064776077,68719481516,ARGUMENT
30064776077,120259084411,ARGUMENT
30064776078,30064776079,ARGUMENT
30064776078,55834576763,ARGUMENT
30064776079,68719481514,ARGUMENT
30064776079,30064776080,ARGUMENT
30064776080,68719481515,ARGUMENT
30064776080,55834576762,ARGUMENT
30064776081,68719481517,ARGUMENT
30064776081,30064776082,ARGUMENT
30064776082,68719481519,ARGUMENT
30064776082,68719481520,ARGUMENT
30064776083,68719481518,ARGUMENT
30064776083,55834576764,ARGUMENT
30064776084,68719481521,ARGUMENT
30064776084,90194314300,ARGUMENT
30064776085,68719481523,ARGUMENT
30064776085,30064776086,ARGUMENT
30064776086,30064776087,ARGUMENT
30064776087,68719481525,ARGUMENT
30064776087,68719481526,ARGUMENT
30064776088,68719481524,ARGUMENT
30064776088,55834576765,ARGUMENT
30064776089,68719481528,ARGUMENT
30064776089,90194314301,ARGUMENT
30064776090,68719481527,ARGUMENT
30064776090,55834576766,ARGUMENT
30064776091,68719481529,ARGUMENT
30064776091,30064776092,ARGUMENT
30064776092,68719481531,ARGUMENT
30064776092,68719481532,ARGUMENT
30064776092,68719481533,ARGUMENT
30064776092,68719481534,ARGUMENT
30064776093,68719481530,ARGUMENT
30064776093,55834576767,ARGUMENT
30064776094,68719481535,ARGUMENT
30064776094,30064776095,ARGUMENT
30064776095,68719481538,ARGUMENT
30064776095,25769804618,ARGUMENT
30064776096,30064776097,ARGUMENT
30064776096,55834576769,ARGUMENT
30064776097,68719481536,ARGUMENT
30064776097,30064776098,ARGUMENT
30064776098,68719481537,ARGUMENT
30064776098,55834576768,ARGUMENT
30064776099,30064776100,ARGUMENT
30064776099,90194314302,ARGUMENT
30064776100,68719481539,ARGUMENT
30064776100,55834576770,ARGUMENT
30064776101,68719481541,ARGUMENT
30064776101,30064776102,ARGUMENT
30064776102,30064776103,ARGUMENT
30064776103,68719481543,ARGUMENT
30064776103,68719481544,ARGUMENT
30064776104,68719481542,ARGUMENT
30064776104,55834576771,ARGUMENT
30064776105,68719481545,ARGUMENT
30064776105,30064776106,ARGUMENT
30064776106,68719481546,ARGUMENT
30064776106,55834576772,ARGUMENT
30064776107,68719481548,ARGUMENT
30064776108,68719481547,ARGUMENT
30064776108,55834576773,ARGUMENT
30064776109,68719481551,ARGUMENT
30064776109,90194314303,ARGUMENT
30064776109,30064776111,ARGUMENT
30064776110,68719481550,ARGUMENT
30064776110,55834576774,ARGUMENT
30064776111,68719481552,ARGUMENT
30064776111,55834576775,ARGUMENT
30064776112,25769804619,ARGUMENT
30064776113,68719481553,ARGUMENT
30064776113,30064776114,ARGUMENT
30064776115,68719481555,ARGUMENT
30064776115,30064776116,ARGUMENT
30064776116,90194314304,ARGUMENT
30064776116,30064776117,ARGUMENT
30064776116,90194314305,ARGUMENT
30064776117,68719481556,ARGUMENT
30064776117,55834576776,ARGUMENT
30064776118,68719481558,ARGUMENT
30064776118,30064776119,ARGUMENT
30064776119,30064776120,ARGUMENT
30064776119,90194314306,ARGUMENT
30064776119,68719481560,ARGUMENT
30064776120,68719481559,ARGUMENT
30064776120,30064776121,ARGUMENT
30064776122,68719481562,ARGUMENT
30064776122,68719481563,ARGUMENT
30064776122,68719481564,ARGUMENT
30064776122,68719481565,ARGUMENT
30064776123,68719481561,ARGUMENT
30064776123,55834576777,ARGUMENT
30064776124,30064776125,ARGUMENT
30064776125,30064776126,ARGUMENT
30064776126,68719481566,ARGUMENT
30064776126,55834576778,ARGUMENT
30064776127,68719481567,ARGUMENT
30064776127,30064776128,ARGUMENT
30064776128,30064775782,ARGUMENT
30064776128,55834576779,ARGUMENT
30064776129,68719481570,ARGUMENT
30064776129,30064775783,ARGUMENT
30064776130,68719481573,ARGUMENT
30064776130,30064776131,ARGUMENT
30064776131,30064775784,ARGUMENT
30064776131,55834576780,ARGUMENT
30064776132,68719481576,ARGUMENT
30064776132,120259084412,ARGUMENT
30064776133,68719481577,ARGUMENT
30064776133,30064776134,ARGUMENT
30064776135,68719481579,ARGUMENT
30064776136,30064776137,ARGUMENT
30064776136,68719481582,ARGUMENT
30064776137,68719481581,ARGUMENT
30064776137,90194314310,ARGUMENT
30064776138,68719481629,ARGUMENT
30064776138,90194314328,ARGUMENT
30064776139,68719481583,ARGUMENT
30064776139,30064776140,ARGUMENT
30064776140,68719481585,ARGUMENT
30064776140,90194314311,ARGUMENT
30064776141,68719481584,ARGUMENT
30064776141,55834576781,ARGUMENT
30064776142,68719481586,ARGUMENT
30064776143,25769804633,ARGUMENT
30064776144,68719481587,ARGUMENT
30064776144,30064776145,ARGUMENT
30064776146,68719481589,ARGUMENT
30064776146,90194314312,ARGUMENT
30064776147,68719481591,ARGUMENT
30064776147,90194314313,ARGUMENT
30064776148,68719481592,ARGUMENT
30064776148,30064776149,ARGUMENT
30064776149,68719481594,ARGUMENT
30064776149,68719481595,ARGUMENT
30064776150,68719481593,ARGUMENT
30064776150,55834576782,ARGUMENT
30064776151,68719481596,ARGUMENT
30064776151,30064776152,ARGUMENT
30064776152,90194314314,ARGUMENT
30064776152,68719481597,ARGUMENT
30064776152,90194314315,ARGUMENT
30064776153,68719481599,ARGUMENT
30064776153,30064776155,ARGUMENT
30064776154,68719481598,ARGUMENT
30064776154,55834576783,ARGUMENT
30064776155,90194314316,ARGUMENT
30064776155,68719481600,ARGUMENT
30064776155,90194314317,ARGUMENT
30064776156,68719481601,ARGUMENT
30064776156,30064776157,ARGUMENT
30064776157,30064776158,ARGUMENT
30064776158,68719481603,ARGUMENT
30064776158,68719481604,ARGUMENT
30064776158,25769804636,ARGUMENT
30064776159,68719481602,ARGUMENT
30064776159,55834576784,ARGUMENT
30064776160,30064776161,ARGUMENT
30064776160,90194314318,ARGUMENT
30064776161,68719481605,ARGUMENT
30064776161,55834576785,ARGUMENT
30064776162,30064776163,ARGUMENT
30064776162,90194314319,ARGUMENT
30064776163,68719481606,ARGUMENT
30064776163,55834576786,ARGUMENT
30064776164,68719481608,ARGUMENT
30064776164,30064776165,ARGUMENT
30064776165,68719481611,ARGUMENT
30064776165,90194314320,ARGUMENT
30064776166,30064776167,ARGUMENT
30064776166,55834576788,ARGUMENT
30064776167,68719481609,ARGUMENT
30064776167,30064776168,ARGUMENT
30064776168,30064776169,ARGUMENT
30064776169,68719481610,ARGUMENT
30064776169,55834576787,ARGUMENT
30064776170,68719481613,ARGUMENT
30064776170,30064776172,ARGUMENT
30064776171,68719481612,ARGUMENT
30064776171,55834576789,ARGUMENT
30064776172,90194314321,ARGUMENT
30064776172,30064776173,ARGUMENT
30064776172,90194314324,ARGUMENT
30064776173,68719481616,ARGUMENT
30064776173,90194314323,ARGUMENT
30064776174,30064776175,ARGUMENT
30064776174,55834576791,ARGUMENT
30064776175,68719481614,ARGUMENT
30064776175,30064776176,ARGUMENT
30064776176,30064776177,ARGUMENT
30064776176,90194314322,ARGUMENT
30064776177,68719481615,ARGUMENT
30064776177,55834576790,ARGUMENT
30064776178,68719481620,ARGUMENT
30064776178,90194314325,ARGUMENT
30064776178,30064776180,ARGUMENT
30064776179,68719481619,ARGUMENT
30064776179,55834576792,ARGUMENT
30064776180,68719481621,ARGUMENT
30064776180,55834576793,ARGUMENT
30064776181,25769804637,ARGUMENT
30064776182,68719481622,ARGUMENT
30064776182,30064776183,ARGUMENT
30064776184,68719481624,ARGUMENT
30064776184,30064776185,ARGUMENT
30064776185,90194314326,ARGUMENT
30064776185,30064776186,ARGUMENT
30064776185,90194314327,ARGUMENT
30064776186,68719481625,ARGUMENT
30064776186,55834576794,ARGUMENT
30064776187,68719481627,ARGUMENT
30064776187,30064776138,ARGUMENT
30064776188,68719481630,ARGUMENT
30064776188,120259084413,ARGUMENT
30064776189,68719481631,ARGUMENT
30064776189,30064776190,ARGUMENT
30064776191,68719481633,ARGUMENT
30064776192,30064776193,ARGUMENT
30064776192,68719481636,ARGUMENT
30064776193,68719481635,ARGUMENT
30064776193,90194314329,ARGUMENT
30064776194,68719481637,ARGUMENT
30064776194,25769804645,ARGUMENT
30064776195,68719481638,ARGUMENT
30064776195,30064776196,ARGUMENT
30064776197,68719481640,ARGUMENT
30064776197,30064776198,ARGUMENT
30064776197,90194314332,ARGUMENT
30064776198,90194314330,ARGUMENT
30064776198,68719481641,ARGUMENT
30064776198,90194314331,ARGUMENT
30064776199,68719481643,ARGUMENT
30064776199,30064776200,ARGUMENT
30064776200,68719481645,ARGUMENT
30064776200,68719481646,ARGUMENT
30064776201,68719481644,ARGUMENT
30064776201,55834576795,ARGUMENT
30064776202,68719481648,ARGUMENT
30064776202,30064776203,ARGUMENT
30064776203,68719481649,ARGUMENT
30064776203,90194314333,ARGUMENT
30064776204,68719481651,ARGUMENT
30064776204,30064776206,ARGUMENT
30064776204,68719481653,ARGUMENT
30064776205,68719481650,ARGUMENT
30064776205,55834576796,ARGUMENT
30064776206,90194314334,ARGUMENT
30064776206,68719481652,ARGUMENT
30064776206,90194314335,ARGUMENT
30064776207,68719481654,ARGUMENT
30064776207,30064776208,ARGUMENT
30064776208,68719481656,ARGUMENT
30064776208,90194314336,ARGUMENT
30064776209,68719481655,ARGUMENT
30064776209,55834576797,ARGUMENT
30064776210,68719481658,ARGUMENT
30064776210,30064776211,ARGUMENT
30064776211,30064776212,ARGUMENT
30064776212,68719481659,ARGUMENT
30064776212,90194314337,ARGUMENT
30064776213,68719481661,ARGUMENT
30064776213,30064776215,ARGUMENT
30064776213,68719481663,ARGUMENT
30064776214,68719481660,ARGUMENT
30064776214,55834576798,ARGUMENT
30064776215,90194314338,ARGUMENT
30064776215,68719481662,ARGUMENT
30064776215,90194314339,ARGUMENT
30064776216,68719481665,ARGUMENT
30064776216,30064776217,ARGUMENT
30064776217,68719481667,ARGUMENT
30064776217,90194314340,ARGUMENT
30064776218,68719481666,ARGUMENT
30064776218,55834576799,ARGUMENT
30064776219,68719481668,ARGUMENT
30064776219,30064776220,ARGUMENT
30064776220,30064776221,ARGUMENT
30064776220,90194314341,ARGUMENT
30064776221,68719481669,ARGUMENT
30064776221,55834576800,ARGUMENT
30064776222,68719481670,ARGUMENT
30064776222,30064776223,ARGUMENT
30064776223,68719481674,ARGUMENT
30064776223,90194314343,ARGUMENT
30064776224,30064776225,ARGUMENT
30064776224,55834576802,ARGUMENT
30064776225,68719481671,ARGUMENT
30064776225,30064776226,ARGUMENT
30064776226,68719481672,ARGUMENT
30064776226,30064776227,ARGUMENT
30064776227,30064776228,ARGUMENT
30064776227,90194314342,ARGUMENT
30064776228,68719481673,ARGUMENT
30064776228,55834576801,ARGUMENT
30064776229,68719481676,ARGUMENT
30064776229,30064776230,ARGUMENT
30064776230,30064776231,ARGUMENT
30064776231,68719481677,ARGUMENT
30064776231,90194314344,ARGUMENT
30064776232,68719481679,ARGUMENT
30064776232,30064776234,ARGUMENT
30064776232,68719481681,ARGUMENT
30064776233,68719481678,ARGUMENT
30064776233,55834576803,ARGUMENT
30064776234,90194314345,ARGUMENT
30064776234,68719481680,ARGUMENT
30064776234,90194314346,ARGUMENT
30064776235,68719481683,ARGUMENT
30064776235,30064776236,ARGUMENT
30064776236,68719481685,ARGUMENT
30064776236,90194314347,ARGUMENT
30064776237,68719481684,ARGUMENT
30064776237,55834576804,ARGUMENT
30064776238,68719481687,ARGUMENT
30064776238,30064776239,ARGUMENT
30064776239,30064776240,ARGUMENT
30064776240,68719481688,ARGUMENT
30064776240,90194314348,ARGUMENT
30064776241,68719481690,ARGUMENT
30064776241,30064776243,ARGUMENT
30064776241,68719481692,ARGUMENT
30064776242,68719481689,ARGUMENT
30064776242,55834576805,ARGUMENT
30064776243,90194314349,ARGUMENT
30064776243,68719481691,ARGUMENT
30064776243,90194314350,ARGUMENT
30064776244,68719481695,ARGUMENT
30064776244,30064776246,ARGUMENT
30064776245,68719481694,ARGUMENT
30064776245,55834576806,ARGUMENT
30064776246,90194314351,ARGUMENT
30064776246,68719481696,ARGUMENT
30064776246,90194314352,ARGUMENT
30064776247,68719481697,ARGUMENT
30064776247,30064776248,ARGUMENT
30064776248,68719481699,ARGUMENT
30064776248,90194314354,ARGUMENT
30064776248,90194314355,ARGUMENT
30064776249,68719481698,ARGUMENT
30064776249,55834576807,ARGUMENT
30064776250,68719481701,ARGUMENT
30064776250,30064776251,ARGUMENT
30064776251,68719481702,ARGUMENT
30064776251,55834576808,ARGUMENT
30064776252,68719481703,ARGUMENT
30064776252,30064776253,ARGUMENT
30064776253,68719481706,ARGUMENT
30064776254,30064776255,ARGUMENT
30064776254,55834576810,ARGUMENT
30064776255,68719481704,ARGUMENT
30064776255,30064776256,ARGUMENT
30064776256,68719481705,ARGUMENT
30064776256,55834576809,ARGUMENT
30064776257,68719481708,ARGUMENT
30064776257,90194314356,ARGUMENT
30064776258,68719481707,ARGUMENT
30064776258,55834576811,ARGUMENT
30064776259,68719481709,ARGUMENT
30064776259,30064776260,ARGUMENT
30064776260,30064776261,ARGUMENT
30064776260,30064776262,ARGUMENT
30064776261,68719481711,ARGUMENT
30064776261,68719481712,ARGUMENT
30064776261,90194314357,ARGUMENT
30064776262,68719481713,ARGUMENT
30064776262,55834576812,ARGUMENT
30064776263,68719481715,ARGUMENT
30064776263,90194314358,ARGUMENT
30064776264,68719481714,ARGUMENT
30064776264,55834576813,ARGUMENT
30064776265,68719481716,ARGUMENT
30064776265,30064776266,ARGUMENT
30064776266,30064776267,ARGUMENT
30064776266,30064776268,ARGUMENT
30064776267,68719481718,ARGUMENT
30064776267,68719481719,ARGUMENT
30064776267,90194314359,ARGUMENT
30064776268,68719481720,ARGUMENT
30064776268,55834576814,ARGUMENT
30064776269,68719481722,ARGUMENT
30064776269,90194314360,ARGUMENT
30064776270,68719481721,ARGUMENT
30064776270,55834576815,ARGUMENT
30064776271,68719481723,ARGUMENT
30064776271,30064776272,ARGUMENT
30064776272,30064776273,ARGUMENT
30064776272,30064776276,ARGUMENT
30064776273,30064776274,ARGUMENT
30064776273,30064776275,ARGUMENT
30064776274,68719481725,ARGUMENT
30064776274,68719481726,ARGUMENT
30064776274,90194314361,ARGUMENT
30064776275,68719481728,ARGUMENT
30064776275,68719481729,ARGUMENT
30064776275,90194314362,ARGUMENT
30064776276,68719481730,ARGUMENT
30064776276,55834576816,ARGUMENT
30064776277,68719481732,ARGUMENT
30064776277,90194314363,ARGUMENT
30064776278,68719481731,ARGUMENT
30064776278,55834576817,ARGUMENT
30064776279,68719481733,ARGUMENT
30064776279,30064776280,ARGUMENT
30064776280,30064776281,ARGUMENT
30064776280,30064776282,ARGUMENT
30064776281,68719481735,ARGUMENT
30064776281,68719481736,ARGUMENT
30064776281,90194314364,ARGUMENT
30064776282,68719481737,ARGUMENT
30064776282,55834576818,ARGUMENT
30064776283,68719481739,ARGUMENT
30064776283,90194314365,ARGUMENT
30064776284,68719481738,ARGUMENT
30064776284,55834576819,ARGUMENT
30064776285,68719481740,ARGUMENT
30064776285,30064776286,ARGUMENT
30064776286,30064776287,ARGUMENT
30064776286,30064776288,ARGUMENT
30064776287,68719481742,ARGUMENT
30064776287,68719481743,ARGUMENT
30064776287,90194314366,ARGUMENT
30064776288,68719481744,ARGUMENT
30064776288,55834576820,ARGUMENT
30064776289,68719481746,ARGUMENT
30064776289,90194314367,ARGUMENT
30064776290,68719481745,ARGUMENT
30064776290,55834576821,ARGUMENT
30064776291,68719481747,ARGUMENT
30064776291,30064776292,ARGUMENT
30064776292,30064776293,ARGUMENT
30064776292,30064776294,ARGUMENT
30064776293,68719481749,ARGUMENT
30064776293,68719481750,ARGUMENT
30064776293,90194314368,ARGUMENT
30064776294,68719481751,ARGUMENT
30064776294,55834576822,ARGUMENT
30064776295,30064776296,ARGUMENT
30064776295,30064776298,ARGUMENT
30064776296,68719481753,ARGUMENT
30064776296,90194314369,ARGUMENT
30064776297,68719481752,ARGUMENT
30064776297,55834576823,ARGUMENT
30064776298,68719481755,ARGUMENT
30064776298,90194314370,ARGUMENT
30064776299,68719481754,ARGUMENT
30064776299,55834576824,ARGUMENT
30064776300,68719481756,ARGUMENT
30064776300,30064776301,ARGUMENT
30064776301,30064776302,ARGUMENT
30064776301,30064776305,ARGUMENT
30064776302,30064776303,ARGUMENT
30064776302,30064776304,ARGUMENT
30064776303,68719481758,ARGUMENT
30064776303,68719481759,ARGUMENT
30064776303,90194314371,ARGUMENT
30064776304,68719481761,ARGUMENT
30064776304,68719481762,ARGUMENT
30064776304,90194314372,ARGUMENT
30064776305,68719481763,ARGUMENT
30064776305,55834576825,ARGUMENT
30064776306,68719481764,ARGUMENT
30064776306,68719481765,ARGUMENT
30064776307,30064776308,ARGUMENT
30064776307,68719481767,ARGUMENT
30064776308,68719481766,ARGUMENT
30064776308,55834576826,ARGUMENT
30064776309,68719481769,ARGUMENT
30064776309,30064776310,ARGUMENT
30064776310,68719481771,ARGUMENT
30064776310,90194314373,ARGUMENT
30064776311,68719481770,ARGUMENT
30064776311,55834576827,ARGUMENT
30064776312,68719481772,ARGUMENT
30064776312,30064776313,ARGUMENT
30064776313,68719481773,ARGUMENT
30064776313,30064776314,ARGUMENT
30064776313,68719481775,ARGUMENT
30064776314,68719481774,ARGUMENT
30064776314,90194314374,ARGUMENT
30064776315,68719481777,ARGUMENT
30064776315,90194314375,ARGUMENT
30064776315,30064776317,ARGUMENT
30064776316,68719481776,ARGUMENT
30064776316,55834576828,ARGUMENT
30064776317,68719481779,ARGUMENT
30064776317,90194314376,ARGUMENT
30064776317,90194314377,ARGUMENT
30064776318,68719481778,ARGUMENT
30064776318,55834576829,ARGUMENT
30064776319,68719481780,ARGUMENT
30064776319,30064776320,ARGUMENT
30064776320,68719481782,ARGUMENT
30064776320,68719481783,ARGUMENT
30064776321,68719481785,ARGUMENT
30064776321,90194314378,ARGUMENT
30064776321,30064776323,ARGUMENT
30064776322,68719481784,ARGUMENT
30064776322,55834576830,ARGUMENT
30064776323,68719481787,ARGUMENT
30064776323,90194314379,ARGUMENT
30064776323,90194314380,ARGUMENT
30064776324,68719481786,ARGUMENT
30064776324,55834576831,ARGUMENT
30064776325,68719481789,ARGUMENT
30064776325,90194314381,ARGUMENT
30064776325,30064776327,ARGUMENT
30064776325,90194314382,ARGUMENT
30064776326,68719481788,ARGUMENT
30064776326,55834576832,ARGUMENT
30064776327,68719481790,ARGUMENT
30064776327,55834576833,ARGUMENT
30064776328,68719481791,ARGUMENT
30064776328,30064776329,ARGUMENT
30064776329,68719481792,ARGUMENT
30064776330,68719481795,ARGUMENT
30064776330,90194314383,ARGUMENT
30064776330,30064776332,ARGUMENT
30064776331,68719481794,ARGUMENT
30064776331,55834576834,ARGUMENT
30064776332,68719481796,ARGUMENT
30064776332,55834576835,ARGUMENT
30064776333,68719481798,ARGUMENT
30064776333,90194314384,ARGUMENT
30064776334,68719481797,ARGUMENT
30064776334,55834576836,ARGUMENT
30064776335,68719481800,ARGUMENT
30064776335,90194314385,ARGUMENT
30064776335,30064776337,ARGUMENT
30064776336,68719481799,ARGUMENT
30064776336,55834576837,ARGUMENT
30064776337,68719481802,ARGUMENT
30064776337,90194314386,ARGUMENT
30064776337,90194314387,ARGUMENT
30064776338,68719481801,ARGUMENT
30064776338,55834576838,ARGUMENT
30064776339,68719481803,ARGUMENT
30064776339,30064776340,ARGUMENT
30064776340,68719481805,ARGUMENT
30064776340,90194314388,ARGUMENT
30064776340,90194314389,ARGUMENT
30064776341,68719481804,ARGUMENT
30064776341,55834576839,ARGUMENT
30064776342,68719481806,ARGUMENT
30064776342,30064776343,ARGUMENT
30064776343,68719481808,ARGUMENT
30064776343,90194314390,ARGUMENT
30064776343,90194314391,ARGUMENT
30064776344,68719481807,ARGUMENT
30064776344,55834576840,ARGUMENT
30064776345,68719481810,ARGUMENT
30064776345,90194314392,ARGUMENT
30064776345,30064776347,ARGUMENT
30064776346,68719481809,ARGUMENT
30064776346,55834576841,ARGUMENT
30064776347,68719481812,ARGUMENT
30064776347,90194314393,ARGUMENT
30064776347,90194314394,ARGUMENT
30064776348,68719481811,ARGUMENT
30064776348,55834576842,ARGUMENT
30064776349,68719481813,ARGUMENT
30064776349,30064776350,ARGUMENT
30064776350,68719481814,ARGUMENT
30064776351,30064776352,ARGUMENT
30064776352,68719481815,ARGUMENT
30064776352,55834576843,ARGUMENT
30064776353,68719481817,ARGUMENT
30064776353,90194314395,ARGUMENT
30064776354,68719481816,ARGUMENT
30064776354,55834576844,ARGUMENT
30064776355,68719481819,ARGUMENT
30064776355,30064776356,ARGUMENT
30064776356,68719481820,ARGUMENT
30064776356,55834576845,ARGUMENT
30064776357,68719481822,ARGUMENT
30064776357,90194314396,ARGUMENT
30064776358,68719481821,ARGUMENT
30064776358,55834576846,ARGUMENT
30064776359,30064776360,ARGUMENT
30064776359,30064776361,ARGUMENT
30064776360,68719481823,ARGUMENT
30064776360,55834576847,ARGUMENT
30064776361,68719481825,ARGUMENT
30064776361,30064776363,ARGUMENT
30064776362,68719481824,ARGUMENT
30064776362,55834576848,ARGUMENT
30064776363,68719481826,ARGUMENT
30064776363,55834576849,ARGUMENT
30064776364,30064776365,ARGUMENT
30064776364,30064776366,ARGUMENT
30064776365,68719481827,ARGUMENT
30064776365,55834576850,ARGUMENT
30064776366,68719481830,ARGUMENT
30064776366,120259084414,ARGUMENT
30064776367,30064776368,ARGUMENT
30064776367,55834576852,ARGUMENT
30064776368,68719481828,ARGUMENT
30064776368,30064776369,ARGUMENT
30064776369,68719481829,ARGUMENT
30064776369,55834576851,ARGUMENT
30064776370,68719481831,ARGUMENT
30064776370,90194314397,ARGUMENT
30064776371,68719481832,ARGUMENT
30064776371,30064776372,ARGUMENT
30064776372,68719481834,ARGUMENT
30064776372,68719481835,ARGUMENT
30064776373,68719481833,ARGUMENT
30064776373,55834576853,ARGUMENT
30064776374,68719481837,ARGUMENT
30064776374,30064776375,ARGUMENT
30064776375,68719481838,ARGUMENT
30064776375,90194314398,ARGUMENT
30064776376,68719481840,ARGUMENT
30064776376,90194314399,ARGUMENT
30064776376,68719481841,ARGUMENT
30064776377,68719481839,ARGUMENT
30064776377,55834576854,ARGUMENT
30064776378,68719481842,ARGUMENT
30064776378,30064776379,ARGUMENT
30064776379,68719481844,ARGUMENT
30064776379,90194314400,ARGUMENT
30064776380,68719481843,ARGUMENT
30064776380,55834576855,ARGUMENT
30064776381,68719481845,ARGUMENT
30064776381,30064776382,ARGUMENT
30064776382,30064776383,ARGUMENT
30064776382,90194314401,ARGUMENT
30064776383,68719481846,ARGUMENT
30064776383,55834576856,ARGUMENT
30064776384,68719481847,ARGUMENT
30064776384,30064776385,ARGUMENT
30064776385,68719481851,ARGUMENT
30064776385,90194314403,ARGUMENT
30064776386,30064776387,ARGUMENT
30064776386,55834576858,ARGUMENT
30064776387,68719481848,ARGUMENT
30064776387,30064776388,ARGUMENT
30064776388,68719481849,ARGUMENT
30064776388,30064776389,ARGUMENT
30064776389,30064776390,ARGUMENT
30064776389,90194314402,ARGUMENT
30064776390,68719481850,ARGUMENT
30064776390,55834576857,ARGUMENT
30064776391,30064776392,ARGUMENT
30064776391,30064776393,ARGUMENT
30064776392,68719481853,ARGUMENT
30064776392,55834576859,ARGUMENT
30064776393,30064776394,ARGUMENT
30064776394,68719481854,ARGUMENT
30064776394,90194314404,ARGUMENT
30064776395,68719481856,ARGUMENT
30064776395,90194314405,ARGUMENT
30064776395,30064776397,ARGUMENT
30064776396,68719481855,ARGUMENT
30064776396,55834576860,ARGUMENT
30064776397,68719481857,ARGUMENT
30064776397,55834576861,ARGUMENT
30064776398,68719481858,ARGUMENT
30064776398,30064776399,ARGUMENT
30064776399,68719481860,ARGUMENT
30064776399,90194314406,ARGUMENT
30064776400,68719481859,ARGUMENT
30064776400,55834576862,ARGUMENT
30064776401,30064776402,ARGUMENT
30064776401,30064776403,ARGUMENT
30064776402,68719481862,ARGUMENT
30064776402,55834576863,ARGUMENT
30064776403,30064776404,ARGUMENT
30064776404,68719481863,ARGUMENT
30064776404,90194314407,ARGUMENT
30064776405,68719481865,ARGUMENT
30064776405,90194314408,ARGUMENT
30064776405,30064776407,ARGUMENT
30064776406,68719481864,ARGUMENT
30064776406,55834576864,ARGUMENT
30064776407,68719481866,ARGUMENT
30064776407,55834576865,ARGUMENT
30064776408,30064776409,ARGUMENT
30064776408,30064776414,ARGUMENT
30064776409,30064776410,ARGUMENT
30064776409,30064776412,ARGUMENT
30064776410,30064776411,ARGUMENT
30064776411,68719481867,ARGUMENT
30064776411,55834576866,ARGUMENT
30064776412,30064776413,ARGUMENT
30064776412,90194314409,ARGUMENT
30064776413,68719481868,ARGUMENT
30064776413,55834576867,ARGUMENT
30064776414,30064776415,ARGUMENT
30064776414,90194314410,ARGUMENT
30064776415,68719481869,ARGUMENT
30064776415,55834576868,ARGUMENT
30064776416,68719481870,ARGUMENT
30064776416,90194314411,ARGUMENT
30064776417,68719481871,ARGUMENT
30064776417,30064776418,ARGUMENT
30064776418,68719481873,ARGUMENT
30064776418,68719481874,ARGUMENT
30064776419,68719481872,ARGUMENT
30064776419,55834576869,ARGUMENT
30064776420,30064776421,ARGUMENT
30064776420,30064776422,ARGUMENT
30064776421,68719481876,ARGUMENT
30064776421,55834576870,ARGUMENT
30064776422,30064776423,ARGUMENT
30064776423,68719481877,ARGUMENT
30064776423,90194314412,ARGUMENT
30064776424,68719481879,ARGUMENT
30064776424,90194314413,ARGUMENT
30064776424,30064776426,ARGUMENT
30064776425,68719481878,ARGUMENT
30064776425,55834576871,ARGUMENT
30064776426,68719481880,ARGUMENT
30064776426,55834576872,ARGUMENT
30064776427,68719481881,ARGUMENT
30064776427,90194314414,ARGUMENT
30064776428,68719481882,ARGUMENT
30064776428,30064776429,ARGUMENT
30064776429,68719481884,ARGUMENT
30064776429,68719481885,ARGUMENT
30064776430,68719481883,ARGUMENT
30064776430,55834576873,ARGUMENT
30064776431,68719481887,ARGUMENT
30064776431,30064776432,ARGUMENT
30064776432,68719481888,ARGUMENT
30064776432,90194314415,ARGUMENT
30064776433,68719481890,ARGUMENT
30064776433,90194314416,ARGUMENT
30064776433,68719481891,ARGUMENT
30064776434,68719481889,ARGUMENT
30064776434,55834576874,ARGUMENT
30064776435,68719481892,ARGUMENT
30064776435,30064776436,ARGUMENT
30064776436,68719481894,ARGUMENT
30064776436,90194314417,ARGUMENT
30064776437,68719481893,ARGUMENT
30064776437,55834576875,ARGUMENT
30064776438,68719481895,ARGUMENT
30064776438,30064776439,ARGUMENT
30064776439,30064776440,ARGUMENT
30064776439,90194314418,ARGUMENT
30064776440,68719481896,ARGUMENT
30064776440,55834576876,ARGUMENT
30064776441,68719481897,ARGUMENT
30064776441,30064776442,ARGUMENT
30064776442,68719481901,ARGUMENT
30064776442,90194314420,ARGUMENT
30064776443,30064776444,ARGUMENT
30064776443,55834576878,ARGUMENT
30064776444,68719481898,ARGUMENT
30064776444,30064776445,ARGUMENT
30064776445,68719481899,ARGUMENT
30064776445,30064776446,ARGUMENT
30064776446,30064776447,ARGUMENT
30064776446,90194314419,ARGUMENT
30064776447,68719481900,ARGUMENT
30064776447,55834576877,ARGUMENT
30064776448,30064776449,ARGUMENT
30064776449,68719481903,ARGUMENT
30064776449,55834576879,ARGUMENT
30064776450,30064776451,ARGUMENT
30064776450,25769804668,ARGUMENT
30064776451,68719481904,ARGUMENT
30064776451,55834576880,ARGUMENT
30064776452,30064776453,ARGUMENT
30064776452,30064776455,ARGUMENT
30064776453,30064776454,ARGUMENT
30064776453,55834576882,ARGUMENT
30064776454,68719481906,ARGUMENT
30064776454,55834576881,ARGUMENT
30064776455,30064776456,ARGUMENT
30064776456,68719481907,ARGUMENT
30064776456,90194314421,ARGUMENT
30064776457,68719481909,ARGUMENT
30064776457,90194314422,ARGUMENT
30064776457,30064776459,ARGUMENT
30064776458,68719481908,ARGUMENT
30064776458,55834576883,ARGUMENT
30064776459,30064776460,ARGUMENT
30064776459,55834576885,ARGUMENT
30064776460,68719481910,ARGUMENT
30064776460,55834576884,ARGUMENT
30064776461,68719481911,ARGUMENT
30064776461,30064776462,ARGUMENT
30064776462,68719481913,ARGUMENT
30064776462,90194314423,ARGUMENT
30064776463,68719481912,ARGUMENT
30064776463,55834576886,ARGUMENT
30064776464,30064776465,ARGUMENT
30064776465,68719481915,ARGUMENT
30064776465,55834576887,ARGUMENT
30064776466,30064776467,ARGUMENT
30064776466,25769804670,ARGUMENT
30064776467,68719481916,ARGUMENT
30064776467,55834576888,ARGUMENT
30064776468,30064776469,ARGUMENT
30064776468,30064776471,ARGUMENT
30064776469,30064776470,ARGUMENT
30064776469,55834576890,ARGUMENT
30064776470,68719481918,ARGUMENT
30064776470,55834576889,ARGUMENT
30064776471,30064776472,ARGUMENT
30064776472,68719481919,ARGUMENT
30064776472,90194314424,ARGUMENT
30064776473,68719481921,ARGUMENT
30064776473,90194314425,ARGUMENT
30064776473,30064776475,ARGUMENT
30064776474,68719481920,ARGUMENT
30064776474,55834576891,ARGUMENT
30064776475,30064776476,ARGUMENT
30064776475,55834576893,ARGUMENT
30064776476,68719481922,ARGUMENT
30064776476,55834576892,ARGUMENT
30064776477,68719481923,ARGUMENT
30064776477,90194314426,ARGUMENT
30064776478,68719481924,ARGUMENT
30064776478,30064776479,ARGUMENT
30064776479,68719481926,ARGUMENT
30064776479,68719481927,ARGUMENT
30064776480,68719481925,ARGUMENT
30064776480,55834576894,ARGUMENT
30064776481,68719481929,ARGUMENT
30064776481,30064776482,ARGUMENT
30064776482,68719481930,ARGUMENT
30064776482,90194314427,ARGUMENT
30064776483,68719481932,ARGUMENT
30064776483,90194314428,ARGUMENT
30064776483,68719481933,ARGUMENT
30064776484,68719481931,ARGUMENT
30064776484,55834576895,ARGUMENT
30064776485,68719481934,ARGUMENT
30064776485,30064776486,ARGUMENT
30064776486,68719481936,ARGUMENT
30064776486,90194314429,ARGUMENT
30064776487,68719481935,ARGUMENT
30064776487,55834576896,ARGUMENT
30064776488,68719481937,ARGUMENT
30064776488,30064776489,ARGUMENT
30064776489,30064776490,ARGUMENT
30064776489,90194314430,ARGUMENT
30064776490,68719481938,ARGUMENT
30064776490,55834576897,ARGUMENT
30064776491,68719481939,ARGUMENT
30064776491,30064776492,ARGUMENT
30064776492,68719481943,ARGUMENT
30064776492,90194314432,ARGUMENT
30064776493,30064776494,ARGUMENT
30064776493,55834576899,ARGUMENT
30064776494,68719481940,ARGUMENT
30064776494,30064776495,ARGUMENT
30064776495,68719481941,ARGUMENT
30064776495,30064776496,ARGUMENT
30064776496,30064776497,ARGUMENT
30064776496,90194314431,ARGUMENT
30064776497,68719481942,ARGUMENT
30064776497,55834576898,ARGUMENT
30064776498,30064776499,ARGUMENT
30064776498,30064776500,ARGUMENT
30064776499,68719481945,ARGUMENT
30064776499,55834576900,ARGUMENT
30064776500,30064776501,ARGUMENT
30064776501,68719481946,ARGUMENT
30064776501,90194314433,ARGUMENT
30064776502,68719481948,ARGUMENT
30064776502,90194314434,ARGUMENT
30064776502,30064776504,ARGUMENT
30064776503,68719481947,ARGUMENT
30064776503,55834576901,ARGUMENT
30064776504,68719481949,ARGUMENT
30064776504,55834576902,ARGUMENT
30064776505,68719481950,ARGUMENT
30064776505,30064776506,ARGUMENT
30064776506,68719481952,ARGUMENT
30064776506,90194314435,ARGUMENT
30064776507,68719481951,ARGUMENT
30064776507,55834576903,ARGUMENT
30064776508,30064776509,ARGUMENT
30064776508,30064776510,ARGUMENT
30064776509,68719481954,ARGUMENT
30064776509,55834576904,ARGUMENT
30064776510,30064776511,ARGUMENT
30064776511,68719481955,ARGUMENT
30064776511,90194314436,ARGUMENT
30064776512,68719481957,ARGUMENT
30064776512,90194314437,ARGUMENT
30064776512,30064776514,ARGUMENT
30064776513,68719481956,ARGUMENT
30064776513,55834576905,ARGUMENT
30064776514,68719481958,ARGUMENT
30064776514,55834576906,ARGUMENT
30064776515,30064776516,ARGUMENT
30064776515,30064776521,ARGUMENT
30064776516,30064776517,ARGUMENT
30064776516,30064776519,ARGUMENT
30064776517,30064776518,ARGUMENT
30064776518,68719481959,ARGUMENT
30064776518,55834576907,ARGUMENT
30064776519,30064776520,ARGUMENT
30064776519,90194314438,ARGUMENT
30064776520,68719481960,ARGUMENT
30064776520,55834576908,ARGUMENT
30064776521,30064776522,ARGUMENT
30064776521,90194314439,ARGUMENT
30064776522,68719481961,ARGUMENT
30064776522,55834576909,ARGUMENT
30064776523,68719481962,ARGUMENT
30064776523,90194314440,ARGUMENT
30064776524,68719481963,ARGUMENT
30064776524,30064776525,ARGUMENT
30064776525,68719481965,ARGUMENT
30064776525,68719481966,ARGUMENT
30064776526,68719481964,ARGUMENT
30064776526,55834576910,ARGUMENT
30064776527,30064776528,ARGUMENT
30064776527,30064776529,ARGUMENT
30064776528,68719481968,ARGUMENT
30064776528,55834576911,ARGUMENT
30064776529,30064776530,ARGUMENT
30064776530,68719481969,ARGUMENT
30064776530,90194314441,ARGUMENT
30064776531,68719481971,ARGUMENT
30064776531,90194314442,ARGUMENT
30064776531,30064776533,ARGUMENT
30064776532,68719481970,ARGUMENT
30064776532,55834576912,ARGUMENT
30064776533,68719481972,ARGUMENT
30064776533,55834576913,ARGUMENT
30064776534,68719481974,ARGUMENT
30064776534,90194314443,ARGUMENT
30064776535,68719481973,ARGUMENT
30064776535,55834576914,ARGUMENT
30064776536,68719481976,ARGUMENT
30064776536,30064776538,ARGUMENT
30064776537,68719481975,ARGUMENT
30064776537,55834576915,ARGUMENT
30064776538,68719481978,ARGUMENT
30064776538,90194314445,ARGUMENT
30064776539,30064776540,ARGUMENT
30064776539,55834576916,ARGUMENT
30064776540,68719481977,ARGUMENT
30064776540,90194314444,ARGUMENT
30064776541,68719481980,ARGUMENT
30064776541,90194314446,ARGUMENT
30064776542,68719481979,ARGUMENT
30064776542,55834576917,ARGUMENT
30064776543,68719481982,ARGUMENT
30064776543,90194314447,ARGUMENT
30064776543,30064776545,ARGUMENT
30064776544,68719481981,ARGUMENT
30064776544,55834576918,ARGUMENT
30064776545,68719481983,ARGUMENT
30064776545,55834576919,ARGUMENT
30064776546,68719481985,ARGUMENT
30064776546,90194314448,ARGUMENT
30064776546,30064776548,ARGUMENT
30064776547,68719481984,ARGUMENT
30064776547,55834576920,ARGUMENT
30064776548,30064776549,ARGUMENT
30064776548,55834576922,ARGUMENT
30064776549,68719481986,ARGUMENT
30064776549,55834576921,ARGUMENT
30064776550,68719481988,ARGUMENT
30064776550,90194314449,ARGUMENT
30064776550,30064776552,ARGUMENT
30064776551,68719481987,ARGUMENT
30064776551,55834576923,ARGUMENT
30064776552,68719481989,ARGUMENT
30064776552,55834576924,ARGUMENT
30064776553,68719481991,ARGUMENT
30064776553,30064776555,ARGUMENT
30064776554,68719481990,ARGUMENT
30064776554,55834576925,ARGUMENT
30064776555,68719481993,ARGUMENT
30064776555,90194314451,ARGUMENT
30064776556,30064776557,ARGUMENT
30064776556,55834576926,ARGUMENT
30064776557,68719481992,ARGUMENT
30064776557,90194314450,ARGUMENT
30064776558,68719481997,ARGUMENT
30064776558,90194314452,ARGUMENT
30064776558,30064776560,ARGUMENT
30064776559,68719481996,ARGUMENT
30064776559,55834576927,ARGUMENT
30064776560,68719481998,ARGUMENT
30064776560,55834576928,ARGUMENT
30064776561,68719482001,ARGUMENT
30064776561,90194314453,ARGUMENT
30064776562,30064776563,ARGUMENT
30064776562,55834576930,ARGUMENT
30064776563,68719481999,ARGUMENT
30064776563,30064776564,ARGUMENT
30064776564,68719482000,ARGUMENT
30064776564,55834576929,ARGUMENT
30064776565,68719482002,ARGUMENT
30064776565,30064776566,ARGUMENT
30064776566,30064776567,ARGUMENT
30064776567,30064776568,ARGUMENT
30064776567,90194314456,ARGUMENT
30064776568,30064776569,ARGUMENT
30064776568,90194314455,ARGUMENT
30064776569,68719482005,ARGUMENT
30064776569,90194314454,ARGUMENT
30064776570,30064776571,ARGUMENT
30064776570,55834576932,ARGUMENT
30064776571,68719482003,ARGUMENT
30064776571,30064776572,ARGUMENT
30064776572,68719482004,ARGUMENT
30064776572,55834576931,ARGUMENT
30064776573,68719482006,ARGUMENT
30064776573,30064776574,ARGUMENT
30064776574,68719482008,ARGUMENT
30064776574,90194314457,ARGUMENT
30064776575,68719482007,ARGUMENT
30064776575,55834576933,ARGUMENT
30064776576,68719482009,ARGUMENT
30064776576,30064776577,ARGUMENT
30064776577,68719482010,ARGUMENT
30064776577,30064776578,ARGUMENT
30064776577,68719482012,ARGUMENT
30064776578,68719482011,ARGUMENT
30064776578,90194314458,ARGUMENT
30064776579,68719482013,ARGUMENT
30064776579,30064776580,ARGUMENT
30064776580,68719482015,ARGUMENT
30064776580,90194314459,ARGUMENT
30064776580,30064776582,ARGUMENT
30064776581,68719482014,ARGUMENT
30064776581,55834576934,ARGUMENT
30064776582,68719482016,ARGUMENT
30064776582,90194314460,ARGUMENT
30064776583,68719482017,ARGUMENT
30064776583,30064776584,ARGUMENT
30064776584,68719482019,ARGUMENT
30064776584,30064776586,ARGUMENT
30064776584,30064776587,ARGUMENT
30064776585,68719482018,ARGUMENT
30064776585,55834576935,ARGUMENT
30064776586,68719482020,ARGUMENT
30064776586,55834576936,ARGUMENT
30064776587,68719482021,ARGUMENT
30064776587,90194314461,ARGUMENT
30064776588,68719482023,ARGUMENT
30064776588,90194314462,ARGUMENT
30064776589,68719482022,ARGUMENT
30064776589,55834576937,ARGUMENT
30064776590,68719482025,ARGUMENT
30064776590,90194314463,ARGUMENT
30064776590,30064776592,ARGUMENT
30064776590,90194314464,ARGUMENT
30064776591,68719482024,ARGUMENT
30064776591,55834576938,ARGUMENT
30064776592,68719482027,ARGUMENT
30064776592,68719482028,ARGUMENT
30064776592,68719482029,ARGUMENT
30064776593,68719482026,ARGUMENT
30064776593,55834576939,ARGUMENT
30064776594,68719482031,ARGUMENT
30064776594,90194314465,ARGUMENT
30064776594,30064776596,ARGUMENT
30064776595,68719482030,ARGUMENT
30064776595,55834576940,ARGUMENT
30064776596,30064776597,ARGUMENT
30064776596,90194314468,ARGUMENT
30064776597,68719482033,ARGUMENT
30064776597,30064776600,ARGUMENT
30064776598,30064776599,ARGUMENT
30064776598,55834576941,ARGUMENT
30064776599,68719482032,ARGUMENT
30064776599,90194314466,ARGUMENT
30064776600,68719482035,ARGUMENT
30064776600,90194314467,ARGUMENT
30064776600,30064776602,ARGUMENT
30064776601,68719482034,ARGUMENT
30064776601,55834576942,ARGUMENT
30064776602,68719482036,ARGUMENT
30064776602,68719482037,ARGUMENT
30064776603,25769804676,ARGUMENT
30064776604,68719482038,ARGUMENT
30064776604,30064776605,ARGUMENT
30064776606,68719482040,ARGUMENT
30064776606,30064776607,ARGUMENT
30064776607,90194314469,ARGUMENT
30064776607,30064776608,ARGUMENT
30064776607,90194314470,ARGUMENT
30064776608,68719482041,ARGUMENT
30064776608,55834576943,ARGUMENT
30064776609,68719482043,ARGUMENT
30064776609,120259084415,ARGUMENT
30064776610,68719482044,ARGUMENT
30064776610,120259084416,ARGUMENT
30064776611,68719482045,ARGUMENT
30064776611,120259084417,ARGUMENT
30064776612,30064776613,ARGUMENT
30064776612,68719482047,ARGUMENT
30064776613,68719482046,ARGUMENT
30064776613,55834576944,ARGUMENT
30064776614,68719482234,ARGUMENT
30064776614,90194314522,ARGUMENT
30064776615,68719482237,ARGUMENT
30064776615,90194314523,ARGUMENT
30064776616,68719482240,ARGUMENT
30064776616,90194314524,ARGUMENT
30064776617,68719482243,ARGUMENT
30064776617,90194314525,ARGUMENT
30064776618,68719482246,ARGUMENT
30064776618,90194314526,ARGUMENT
30064776619,68719482249,ARGUMENT
30064776619,90194314527,ARGUMENT
30064776620,68719482048,ARGUMENT
30064776620,90194314471,ARGUMENT
30064776621,68719482049,ARGUMENT
30064776621,30064776622,ARGUMENT
30064776622,68719482051,ARGUMENT
30064776622,68719482052,ARGUMENT
30064776622,90194314472,ARGUMENT
30064776623,68719482050,ARGUMENT
30064776623,55834576945,ARGUMENT
30064776624,68719482053,ARGUMENT
30064776624,30064776625,ARGUMENT
30064776625,68719482055,ARGUMENT
30064776625,30064776627,ARGUMENT
30064776625,90194314473,ARGUMENT
30064776626,68719482054,ARGUMENT
30064776626,55834576946,ARGUMENT
30064776627,68719482056,ARGUMENT
30064776627,55834576947,ARGUMENT
30064776628,68719482060,ARGUMENT
30064776628,90194314474,ARGUMENT
30064776628,30064776630,ARGUMENT
30064776629,68719482059,ARGUMENT
30064776629,55834576948,ARGUMENT
30064776630,68719482061,ARGUMENT
30064776630,55834576949,ARGUMENT
30064776631,25769804695,ARGUMENT
30064776632,68719482062,ARGUMENT
30064776632,30064776633,ARGUMENT
30064776634,68719482064,ARGUMENT
30064776634,90194314475,ARGUMENT
30064776635,68719482066,ARGUMENT
30064776635,30064776636,ARGUMENT
30064776636,68719482068,ARGUMENT
30064776637,68719482067,ARGUMENT
30064776637,55834576950,ARGUMENT
30064776638,68719482069,ARGUMENT
30064776638,30064776639,ARGUMENT
30064776639,68719482071,ARGUMENT
30064776640,68719482070,ARGUMENT
30064776640,55834576951,ARGUMENT
30064776641,68719482072,ARGUMENT
30064776641,30064776642,ARGUMENT
30064776642,68719482073,ARGUMENT
30064776643,30064776644,ARGUMENT
30064776644,30064776635,ARGUMENT
30064776644,55834576952,ARGUMENT
30064776645,68719482076,ARGUMENT
30064776645,30064776646,ARGUMENT
30064776646,68719482077,ARGUMENT
30064776646,55834576953,ARGUMENT
30064776647,68719482078,ARGUMENT
30064776647,30064776648,ARGUMENT
30064776648,68719482079,ARGUMENT
30064776648,68719482080,ARGUMENT
30064776649,68719482081,ARGUMENT
30064776649,30064776650,ARGUMENT
30064776650,68719482082,ARGUMENT
30064776651,30064776652,ARGUMENT
30064776652,30064776638,ARGUMENT
30064776652,55834576954,ARGUMENT
30064776653,68719482085,ARGUMENT
30064776653,30064776654,ARGUMENT
30064776654,68719482086,ARGUMENT
30064776654,55834576955,ARGUMENT
30064776655,68719482087,ARGUMENT
30064776655,30064776656,ARGUMENT
30064776656,30064776657,ARGUMENT
30064776656,30064776668,ARGUMENT
30064776657,30064776658,ARGUMENT
30064776657,30064776667,ARGUMENT
30064776658,30064776659,ARGUMENT
30064776658,30064776666,ARGUMENT
30064776659,30064776660,ARGUMENT
30064776659,30064776665,ARGUMENT
30064776660,30064776661,ARGUMENT
30064776660,30064776664,ARGUMENT
30064776661,30064776662,ARGUMENT
30064776661,30064776663,ARGUMENT
30064776662,68719482088,ARGUMENT
30064776662,90194314476,ARGUMENT
30064776663,68719482089,ARGUMENT
30064776663,90194314477,ARGUMENT
30064776664,68719482090,ARGUMENT
30064776664,90194314478,ARGUMENT
30064776665,68719482091,ARGUMENT
30064776665,90194314479,ARGUMENT
30064776666,68719482092,ARGUMENT
30064776666,90194314480,ARGUMENT
30064776667,68719482093,ARGUMENT
30064776667,90194314481,ARGUMENT
30064776668,68719482094,ARGUMENT
30064776668,90194314482,ARGUMENT
30064776669,68719482095,ARGUMENT
30064776669,30064776670,ARGUMENT
30064776670,30064776671,ARGUMENT
30064776670,30064776673,ARGUMENT
30064776671,68719482097,ARGUMENT
30064776672,68719482096,ARGUMENT
30064776672,55834576956,ARGUMENT
30064776673,68719482099,ARGUMENT
30064776674,68719482098,ARGUMENT
30064776674,55834576957,ARGUMENT
30064776675,68719482101,ARGUMENT
30064776675,30064776677,ARGUMENT
30064776676,68719482100,ARGUMENT
30064776676,55834576958,ARGUMENT
30064776677,90194314483,ARGUMENT
30064776677,68719482102,ARGUMENT
30064776677,90194314484,ARGUMENT
30064776678,30064776679,ARGUMENT
30064776678,68719482104,ARGUMENT
30064776679,68719482103,ARGUMENT
30064776679,55834576959,ARGUMENT
30064776680,30064776681,ARGUMENT
30064776680,68719482106,ARGUMENT
30064776681,68719482105,ARGUMENT
30064776681,55834576960,ARGUMENT
30064776682,68719482109,ARGUMENT
30064776682,30064776684,ARGUMENT
30064776683,68719482108,ARGUMENT
30064776683,55834576961,ARGUMENT
30064776684,90194314485,ARGUMENT
30064776684,68719482110,ARGUMENT
30064776684,90194314486,ARGUMENT
30064776685,68719482111,ARGUMENT
30064776685,30064776686,ARGUMENT
30064776686,90194314488,ARGUMENT
30064776686,68719482112,ARGUMENT
30064776686,90194314489,ARGUMENT
30064776687,68719482113,ARGUMENT
30064776687,30064776688,ARGUMENT
30064776688,90194314490,ARGUMENT
30064776688,68719482114,ARGUMENT
30064776688,90194314491,ARGUMENT
30064776689,68719482116,ARGUMENT
30064776689,30064776690,ARGUMENT
30064776690,90194314492,ARGUMENT
30064776690,30064776691,ARGUMENT
30064776690,90194314495,ARGUMENT
30064776691,30064776692,ARGUMENT
30064776691,90194314493,ARGUMENT
30064776691,90194314494,ARGUMENT
30064776692,68719482117,ARGUMENT
30064776692,55834576962,ARGUMENT
30064776693,68719482119,ARGUMENT
30064776693,25769804709,ARGUMENT
30064776694,30064776695,ARGUMENT
30064776694,25769804710,ARGUMENT
30064776695,68719482120,ARGUMENT
30064776695,55834576963,ARGUMENT
30064776696,30064776697,ARGUMENT
30064776696,30064776698,ARGUMENT
30064776697,68719482121,ARGUMENT
30064776697,55834576964,ARGUMENT
30064776698,68719482122,ARGUMENT
30064776698,55834576965,ARGUMENT
30064776699,30064776700,ARGUMENT
30064776699,30064776701,ARGUMENT
30064776700,68719482123,ARGUMENT
30064776700,55834576966,ARGUMENT
30064776701,68719482124,ARGUMENT
30064776701,55834576967,ARGUMENT
30064776702,30064776703,ARGUMENT
30064776702,30064776704,ARGUMENT
30064776703,68719482125,ARGUMENT
30064776703,55834576968,ARGUMENT
30064776704,68719482126,ARGUMENT
30064776704,55834576969,ARGUMENT
30064776705,30064776706,ARGUMENT
30064776705,30064776707,ARGUMENT
30064776706,68719482127,ARGUMENT
30064776706,55834576970,ARGUMENT
30064776707,68719482128,ARGUMENT
30064776707,55834576971,ARGUMENT
30064776708,30064776709,ARGUMENT
30064776708,25769804711,ARGUMENT
30064776709,68719482130,ARGUMENT
30064776709,55834576972,ARGUMENT
30064776710,30064776711,ARGUMENT
30064776710,30064776712,ARGUMENT
30064776711,68719482131,ARGUMENT
30064776711,55834576973,ARGUMENT
30064776712,30064776713,ARGUMENT
30064776712,90194314496,ARGUMENT
30064776713,68719482132,ARGUMENT
30064776713,55834576974,ARGUMENT
30064776714,30064776715,ARGUMENT
30064776714,30064776716,ARGUMENT
30064776715,68719482133,ARGUMENT
30064776715,55834576975,ARGUMENT
30064776716,30064776717,ARGUMENT
30064776716,90194314497,ARGUMENT
30064776717,68719482134,ARGUMENT
30064776717,55834576976,ARGUMENT
30064776718,30064776719,ARGUMENT
30064776718,30064776720,ARGUMENT
30064776719,68719482135,ARGUMENT
30064776719,55834576977,ARGUMENT
30064776720,30064776721,ARGUMENT
30064776720,90194314498,ARGUMENT
30064776721,68719482136,ARGUMENT
30064776721,55834576978,ARGUMENT
30064776722,30064776723,ARGUMENT
30064776722,25769804712,ARGUMENT
30064776723,68719482138,ARGUMENT
30064776723,55834576979,ARGUMENT
30064776724,30064776725,ARGUMENT
30064776724,30064776726,ARGUMENT
30064776725,68719482139,ARGUMENT
30064776725,55834576980,ARGUMENT
30064776726,30064776727,ARGUMENT
30064776726,90194314499,ARGUMENT
30064776727,68719482140,ARGUMENT
30064776727,55834576981,ARGUMENT
30064776728,30064776729,ARGUMENT
30064776728,30064776730,ARGUMENT
30064776729,68719482141,ARGUMENT
30064776729,55834576982,ARGUMENT
30064776730,30064776731,ARGUMENT
30064776730,90194314500,ARGUMENT
30064776731,68719482142,ARGUMENT
30064776731,55834576983,ARGUMENT
30064776732,30064776733,ARGUMENT
30064776732,30064776734,ARGUMENT
30064776733,68719482143,ARGUMENT
30064776733,55834576984,ARGUMENT
30064776734,30064776735,ARGUMENT
30064776734,90194314501,ARGUMENT
30064776735,68719482144,ARGUMENT
30064776735,55834576985,ARGUMENT
30064776736,30064776737,ARGUMENT
30064776736,30064776738,ARGUMENT
30064776737,68719482145,ARGUMENT
30064776737,55834576986,ARGUMENT
30064776738,30064776739,ARGUMENT
30064776738,90194314502,ARGUMENT
30064776739,68719482146,ARGUMENT
30064776739,55834576987,ARGUMENT
30064776740,30064776741,ARGUMENT
30064776740,30064776742,ARGUMENT
30064776741,68719482147,ARGUMENT
30064776741,55834576988,ARGUMENT
30064776742,30064776743,ARGUMENT
30064776742,90194314503,ARGUMENT
30064776743,68719482148,ARGUMENT
30064776743,55834576989,ARGUMENT
30064776744,30064776745,ARGUMENT
30064776744,30064776746,ARGUMENT
30064776745,68719482149,ARGUMENT
30064776745,55834576990,ARGUMENT
30064776746,30064776747,ARGUMENT
30064776746,90194314504,ARGUMENT
30064776747,68719482150,ARGUMENT
30064776747,55834576991,ARGUMENT
30064776748,68719482153,ARGUMENT
30064776748,30064776749,ARGUMENT
30064776749,90194314505,ARGUMENT
30064776749,30064776750,ARGUMENT
30064776749,90194314508,ARGUMENT
30064776750,68719482154,ARGUMENT
30064776750,90194314506,ARGUMENT
30064776750,90194314507,ARGUMENT
30064776751,68719482155,ARGUMENT
30064776751,90194314509,ARGUMENT
30064776752,68719482157,ARGUMENT
30064776752,30064776753,ARGUMENT
30064776753,30064776754,ARGUMENT
30064776753,68719482159,ARGUMENT
30064776754,68719482158,ARGUMENT
30064776754,55834576992,ARGUMENT
30064776755,30064776756,ARGUMENT
30064776755,30064776757,ARGUMENT
30064776756,68719482160,ARGUMENT
30064776756,68719482161,ARGUMENT
30064776757,68719482164,ARGUMENT
30064776757,68719482165,ARGUMENT
30064776758,30064776759,ARGUMENT
30064776758,55834576994,ARGUMENT
30064776759,68719482162,ARGUMENT
30064776759,30064776760,ARGUMENT
30064776760,68719482163,ARGUMENT
30064776760,55834576993,ARGUMENT
30064776761,68719482167,ARGUMENT
30064776761,30064776763,ARGUMENT
30064776762,68719482166,ARGUMENT
30064776762,55834576995,ARGUMENT
30064776763,90194314510,ARGUMENT
30064776763,68719482168,ARGUMENT
30064776763,90194314511,ARGUMENT
30064776764,68719482169,ARGUMENT
30064776764,30064776765,ARGUMENT
30064776765,30064776766,ARGUMENT
30064776766,68719482171,ARGUMENT
30064776767,68719482170,ARGUMENT
30064776767,55834576996,ARGUMENT
30064776768,68719482173,ARGUMENT
30064776768,90194314512,ARGUMENT
30064776769,68719482172,ARGUMENT
30064776769,55834576997,ARGUMENT
30064776770,68719482174,ARGUMENT
30064776770,30064776771,ARGUMENT
30064776771,30064776772,ARGUMENT
30064776772,68719482176,ARGUMENT
30064776772,30064776774,ARGUMENT
30064776773,68719482175,ARGUMENT
30064776773,55834576998,ARGUMENT
30064776774,68719482177,ARGUMENT
30064776774,55834576999,ARGUMENT
30064776775,68719482178,ARGUMENT
30064776775,30064776776,ARGUMENT
30064776776,68719482179,ARGUMENT
30064776776,90194314513,ARGUMENT
30064776777,68719482180,ARGUMENT
30064776777,30064776778,ARGUMENT
30064776778,68719482182,ARGUMENT
30064776778,68719482183,ARGUMENT
30064776778,25769804715,ARGUMENT
30064776779,68719482181,ARGUMENT
30064776779,55834577000,ARGUMENT
30064776780,30064776781,ARGUMENT
30064776780,90194314514,ARGUMENT
30064776781,68719482184,ARGUMENT
30064776781,55834577001,ARGUMENT
30064776782,68719482186,ARGUMENT
30064776782,25769804716,ARGUMENT
30064776783,68719482190,ARGUMENT
30064776783,120259084418,ARGUMENT
30064776784,30064776785,ARGUMENT
30064776784,55834577003,ARGUMENT
30064776785,68719482188,ARGUMENT
30064776785,30064776786,ARGUMENT
30064776786,68719482189,ARGUMENT
30064776786,55834577002,ARGUMENT
30064776787,68719482191,ARGUMENT
30064776787,30064776788,ARGUMENT
30064776788,68719482193,ARGUMENT
30064776788,68719482194,ARGUMENT
30064776788,68719482195,ARGUMENT
30064776789,68719482192,ARGUMENT
30064776789,55834577004,ARGUMENT
30064776790,68719482196,ARGUMENT
30064776791,25769804718,ARGUMENT
30064776792,68719482197,ARGUMENT
30064776792,30064776793,ARGUMENT
30064776794,68719482199,ARGUMENT
30064776794,30064776795,ARGUMENT
30064776795,90194314515,ARGUMENT
30064776795,68719482200,ARGUMENT
30064776795,90194314516,ARGUMENT
30064776796,68719482203,ARGUMENT
30064776796,90194314517,ARGUMENT
30064776797,68719482202,ARGUMENT
30064776797,55834577005,ARGUMENT
30064776798,68719482204,ARGUMENT
30064776798,30064776799,ARGUMENT
30064776799,30064776800,ARGUMENT
30064776800,68719482206,ARGUMENT
30064776800,68719482207,ARGUMENT
30064776801,68719482208,ARGUMENT
30064776802,68719482210,ARGUMENT
30064776802,90194314518,ARGUMENT
30064776803,68719482209,ARGUMENT
30064776803,55834577006,ARGUMENT
30064776804,68719482211,ARGUMENT
30064776804,30064776805,ARGUMENT
30064776805,68719482213,ARGUMENT
30064776805,68719482214,ARGUMENT
30064776805,68719482215,ARGUMENT
30064776805,68719482216,ARGUMENT
30064776805,68719482217,ARGUMENT
30064776806,68719482212,ARGUMENT
30064776806,55834577007,ARGUMENT
30064776807,68719482219,ARGUMENT
30064776807,90194314519,ARGUMENT
30064776808,68719482218,ARGUMENT
30064776808,55834577008,ARGUMENT
30064776809,68719482220,ARGUMENT
30064776809,30064776810,ARGUMENT
30064776810,30064776811,ARGUMENT
30064776811,68719482222,ARGUMENT
30064776811,68719482223,ARGUMENT
30064776812,68719482221,ARGUMENT
30064776812,55834577009,ARGUMENT
30064776813,68719482225,ARGUMENT
30064776813,90194314520,ARGUMENT
30064776814,68719482224,ARGUMENT
30064776814,55834577010,ARGUMENT
30064776815,68719482229,ARGUMENT
30064776815,90194314521,ARGUMENT
30064776815,30064776817,ARGUMENT
30064776816,68719482228,ARGUMENT
30064776816,55834577011,ARGUMENT
30064776817,68719482230,ARGUMENT
30064776817,55834577012,ARGUMENT
30064776818,68719482231,ARGUMENT
30064776819,68719482232,ARGUMENT
30064776819,30064776614,ARGUMENT
30064776820,68719482235,ARGUMENT
30064776820,30064776615,ARGUMENT
30064776821,68719482238,ARGUMENT
30064776821,30064776822,ARGUMENT
30064776822,30064776616,ARGUMENT
30064776822,55834577013,ARGUMENT
30064776823,68719482241,ARGUMENT
30064776823,30064776617,ARGUMENT
30064776824,68719482244,ARGUMENT
30064776824,30064776618,ARGUMENT
30064776825,68719482247,ARGUMENT
30064776825,30064776619,ARGUMENT
30064776826,68719482250,ARGUMENT
30064776826,120259084419,ARGUMENT
30064776827,68719482251,ARGUMENT
30064776827,30064776828,ARGUMENT
30064776829,68719482253,ARGUMENT
30064776830,30064776831,ARGUMENT
30064776830,68719482256,ARGUMENT
30064776831,68719482255,ARGUMENT
30064776831,90194314528,ARGUMENT
30064776832,68719482442,ARGUMENT
30064776832,90194314576,ARGUMENT
30064776833,68719482445,ARGUMENT
30064776833,90194314577,ARGUMENT
30064776834,68719482448,ARGUMENT
30064776834,90194314578,ARGUMENT
30064776835,30064776836,ARGUMENT
30064776835,30064776837,ARGUMENT
30064776836,68719482257,ARGUMENT
30064776836,55834577014,ARGUMENT
30064776837,30064776838,ARGUMENT
30064776837,90194314529,ARGUMENT
30064776838,30064776839,ARGUMENT
30064776838,30064776840,ARGUMENT
30064776839,68719482258,ARGUMENT
30064776839,55834577015,ARGUMENT
30064776840,68719482259,ARGUMENT
30064776840,55834577016,ARGUMENT
30064776841,30064776842,ARGUMENT
30064776841,30064776843,ARGUMENT
30064776842,68719482260,ARGUMENT
30064776842,55834577017,ARGUMENT
30064776843,30064776844,ARGUMENT
30064776843,90194314530,ARGUMENT
30064776844,68719482261,ARGUMENT
30064776844,55834577018,ARGUMENT
30064776845,30064776846,ARGUMENT
30064776845,30064776847,ARGUMENT
30064776846,68719482262,ARGUMENT
30064776846,55834577019,ARGUMENT
30064776847,30064776848,ARGUMENT
30064776847,90194314531,ARGUMENT
30064776848,68719482263,ARGUMENT
30064776848,55834577020,ARGUMENT
30064776849,30064776850,ARGUMENT
30064776849,30064776851,ARGUMENT
30064776850,68719482264,ARGUMENT
30064776850,55834577021,ARGUMENT
30064776851,30064776852,ARGUMENT
30064776851,90194314532,ARGUMENT
30064776852,30064776853,ARGUMENT
30064776852,30064776854,ARGUMENT
30064776853,68719482265,ARGUMENT
30064776853,55834577022,ARGUMENT
30064776854,68719482266,ARGUMENT
30064776854,55834577023,ARGUMENT
30064776855,30064776856,ARGUMENT
30064776855,30064776857,ARGUMENT
30064776856,68719482267,ARGUMENT
30064776856,55834577024,ARGUMENT
30064776857,30064776858,ARGUMENT
30064776857,90194314533,ARGUMENT
30064776858,30064776859,ARGUMENT
30064776858,30064776860,ARGUMENT
30064776859,68719482268,ARGUMENT
30064776859,55834577025,ARGUMENT
30064776860,68719482269,ARGUMENT
30064776860,55834577026,ARGUMENT
30064776861,68719482272,ARGUMENT
30064776861,30064776863,ARGUMENT
30064776862,68719482271,ARGUMENT
30064776862,55834577027,ARGUMENT
30064776863,90194314534,ARGUMENT
30064776863,68719482273,ARGUMENT
30064776863,90194314535,ARGUMENT
30064776864,68719482275,ARGUMENT
30064776864,30064776866,ARGUMENT
30064776865,68719482274,ARGUMENT
30064776865,55834577028,ARGUMENT
30064776866,90194314536,ARGUMENT
30064776866,30064776867,ARGUMENT
30064776866,90194314537,ARGUMENT
30064776867,68719482276,ARGUMENT
30064776867,55834577029,ARGUMENT
30064776868,68719482277,ARGUMENT
30064776868,30064776869,ARGUMENT
30064776869,68719482279,ARGUMENT
30064776869,68719482280,ARGUMENT
30064776870,68719482278,ARGUMENT
30064776870,55834577030,ARGUMENT
30064776871,68719482281,ARGUMENT
30064776871,30064776872,ARGUMENT
30064776872,68719482283,ARGUMENT
30064776872,68719482284,ARGUMENT
30064776873,68719482282,ARGUMENT
30064776873,55834577031,ARGUMENT
30064776874,68719482285,ARGUMENT
30064776874,30064776875,ARGUMENT
30064776875,68719482286,ARGUMENT
30064776875,55834577032,ARGUMENT
30064776876,68719482287,ARGUMENT
30064776876,30064776877,ARGUMENT
30064776877,68719482289,ARGUMENT
30064776877,68719482290,ARGUMENT
30064776878,68719482288,ARGUMENT
30064776878,55834577033,ARGUMENT
30064776879,68719482291,ARGUMENT
30064776879,30064776880,ARGUMENT
30064776880,68719482295,ARGUMENT
30064776880,120259084420,ARGUMENT
30064776881,30064776882,ARGUMENT
30064776881,55834577035,ARGUMENT
30064776882,68719482292,ARGUMENT
30064776882,30064776883,ARGUMENT
30064776883,68719482294,ARGUMENT
30064776883,90194314538,ARGUMENT
30064776883,90194314539,ARGUMENT
30064776884,68719482293,ARGUMENT
30064776884,55834577034,ARGUMENT
30064776885,30064776886,ARGUMENT
30064776885,68719482297,ARGUMENT
30064776886,68719482296,ARGUMENT
30064776886,55834577036,ARGUMENT
30064776887,30064776888,ARGUMENT
30064776887,30064776889,ARGUMENT
30064776888,68719482298,ARGUMENT
30064776888,55834577037,ARGUMENT
30064776889,68719482299,ARGUMENT
30064776889,55834577038,ARGUMENT
30064776890,30064776891,ARGUMENT
30064776890,30064776892,ARGUMENT
30064776891,68719482300,ARGUMENT
30064776891,55834577039,ARGUMENT
30064776892,68719482301,ARGUMENT
30064776892,55834577040,ARGUMENT
30064776893,30064776894,ARGUMENT
30064776893,30064776895,ARGUMENT
30064776894,68719482302,ARGUMENT
30064776894,55834577041,ARGUMENT
30064776895,68719482303,ARGUMENT
30064776895,55834577042,ARGUMENT
30064776896,30064776897,ARGUMENT
30064776896,30064776898,ARGUMENT
30064776897,68719482304,ARGUMENT
30064776897,55834577043,ARGUMENT
30064776898,68719482305,ARGUMENT
30064776898,55834577044,ARGUMENT
30064776899,30064776900,ARGUMENT
30064776899,30064776901,ARGUMENT
30064776900,68719482306,ARGUMENT
30064776900,55834577045,ARGUMENT
30064776901,68719482307,ARGUMENT
30064776901,55834577046,ARGUMENT
30064776902,30064776903,ARGUMENT
30064776902,30064776904,ARGUMENT
30064776903,68719482308,ARGUMENT
30064776903,55834577047,ARGUMENT
30064776904,68719482309,ARGUMENT
30064776904,55834577048,ARGUMENT
30064776905,30064776906,ARGUMENT
30064776905,68719482311,ARGUMENT
30064776906,68719482310,ARGUMENT
30064776906,55834577049,ARGUMENT
30064776907,30064776908,ARGUMENT
30064776907,30064776909,ARGUMENT
30064776908,68719482312,ARGUMENT
30064776908,55834577050,ARGUMENT
30064776909,68719482313,ARGUMENT
30064776909,55834577051,ARGUMENT
30064776910,30064776911,ARGUMENT
30064776910,30064776912,ARGUMENT
30064776911,68719482314,ARGUMENT
30064776911,55834577052,ARGUMENT
30064776912,68719482315,ARGUMENT
30064776912,55834577053,ARGUMENT
30064776913,30064776914,ARGUMENT
30064776913,30064776915,ARGUMENT
30064776914,68719482316,ARGUMENT
30064776914,55834577054,ARGUMENT
30064776915,68719482317,ARGUMENT
30064776915,55834577055,ARGUMENT
30064776916,30064776917,ARGUMENT
30064776916,68719482319,ARGUMENT
30064776917,68719482318,ARGUMENT
30064776917,55834577056,ARGUMENT
30064776918,68719482321,ARGUMENT
30064776918,55834577057,ARGUMENT
30064776919,68719482322,ARGUMENT
30064776919,30064776920,ARGUMENT
30064776920,30064776921,ARGUMENT
30064776920,90194314540,ARGUMENT
30064776921,30064776922,ARGUMENT
30064776921,55834577059,ARGUMENT
30064776922,68719482323,ARGUMENT
30064776922,55834577058,ARGUMENT
30064776923,68719482324,ARGUMENT
30064776923,30064776924,ARGUMENT
30064776924,30064776925,ARGUMENT
30064776924,90194314541,ARGUMENT
30064776925,30064776926,ARGUMENT
30064776925,55834577061,ARGUMENT
30064776926,68719482325,ARGUMENT
30064776926,55834577060,ARGUMENT
30064776927,68719482326,ARGUMENT
30064776927,30064776928,ARGUMENT
30064776928,68719482327,ARGUMENT
30064776928,68719482328,ARGUMENT
30064776929,68719482329,ARGUMENT
30064776930,68719482330,ARGUMENT
30064776930,90194314542,ARGUMENT
30064776931,68719482331,ARGUMENT
30064776931,90194314543,ARGUMENT
30064776932,68719482333,ARGUMENT
30064776932,120259084421,ARGUMENT
30064776933,68719482332,ARGUMENT
30064776933,55834577062,ARGUMENT
30064776934,68719482334,ARGUMENT
30064776934,30064776935,ARGUMENT
30064776935,30064776936,ARGUMENT
30064776935,30064776937,ARGUMENT
30064776935,90194314545,ARGUMENT
30064776936,68719482335,ARGUMENT
30064776936,90194314544,ARGUMENT
30064776937,68719482336,ARGUMENT
30064776937,68719482337,ARGUMENT
30064776938,68719482339,ARGUMENT
30064776938,30064776940,ARGUMENT
30064776939,68719482338,ARGUMENT
30064776939,55834577063,ARGUMENT
30064776940,90194314546,ARGUMENT
30064776940,30064776941,ARGUMENT
30064776940,90194314548,ARGUMENT
30064776941,68719482341,ARGUMENT
30064776941,90194314547,ARGUMENT
30064776942,68719482340,ARGUMENT
30064776942,55834577064,ARGUMENT
30064776943,30064776944,ARGUMENT
30064776943,68719482343,ARGUMENT
30064776944,68719482342,ARGUMENT
30064776944,55834577065,ARGUMENT
30064776945,30064776946,ARGUMENT
30064776945,68719482345,ARGUMENT
30064776946,68719482344,ARGUMENT
30064776946,55834577066,ARGUMENT
30064776947,30064776948,ARGUMENT
30064776947,30064776949,ARGUMENT
30064776948,68719482346,ARGUMENT
30064776948,55834577067,ARGUMENT
30064776949,30064776950,ARGUMENT
30064776950,68719482348,ARGUMENT
30064776950,90194314549,ARGUMENT
30064776951,68719482347,ARGUMENT
30064776951,55834577068,ARGUMENT
30064776952,68719482350,ARGUMENT
30064776952,55834577069,ARGUMENT
30064776953,68719482351,ARGUMENT
30064776953,30064776954,ARGUMENT
30064776954,30064776955,ARGUMENT
30064776954,90194314550,ARGUMENT
30064776955,30064776956,ARGUMENT
30064776955,55834577071,ARGUMENT
30064776956,68719482352,ARGUMENT
30064776956,55834577070,ARGUMENT
30064776957,68719482353,ARGUMENT
30064776957,30064776958,ARGUMENT
30064776958,30064776959,ARGUMENT
30064776958,90194314551,ARGUMENT
30064776959,30064776960,ARGUMENT
30064776959,55834577073,ARGUMENT
30064776960,68719482354,ARGUMENT
30064776960,55834577072,ARGUMENT
30064776961,68719482355,ARGUMENT
30064776961,90194314552,ARGUMENT
30064776962,68719482356,ARGUMENT
30064776962,90194314553,ARGUMENT
30064776963,68719482358,ARGUMENT
30064776963,120259084422,ARGUMENT
30064776964,68719482357,ARGUMENT
30064776964,55834577074,ARGUMENT
30064776965,68719482359,ARGUMENT
30064776965,30064776966,ARGUMENT
30064776966,30064776967,ARGUMENT
30064776966,30064776968,ARGUMENT
30064776966,90194314555,ARGUMENT
30064776967,68719482360,ARGUMENT
30064776967,90194314554,ARGUMENT
30064776968,68719482361,ARGUMENT
30064776968,68719482362,ARGUMENT
30064776969,68719482364,ARGUMENT
30064776969,30064776971,ARGUMENT
30064776970,68719482363,ARGUMENT
30064776970,55834577075,ARGUMENT
30064776971,90194314556,ARGUMENT
30064776971,68719482365,ARGUMENT
30064776971,90194314557,ARGUMENT
30064776971,68719482366,ARGUMENT
30064776971,90194314558,ARGUMENT
30064776971,30064776972,ARGUMENT
30064776971,90194314560,ARGUMENT
30064776972,68719482368,ARGUMENT
30064776972,90194314559,ARGUMENT
30064776973,68719482367,ARGUMENT
30064776973,55834577076,ARGUMENT
30064776974,30064776975,ARGUMENT
30064776974,68719482370,ARGUMENT
30064776975,68719482369,ARGUMENT
30064776975,55834577077,ARGUMENT
30064776976,30064776977,ARGUMENT
30064776976,68719482372,ARGUMENT
30064776977,68719482371,ARGUMENT
30064776977,55834577078,ARGUMENT
30064776978,30064776979,ARGUMENT
30064776978,30064776980,ARGUMENT
30064776979,68719482373,ARGUMENT
30064776979,55834577079,ARGUMENT
30064776980,30064776981,ARGUMENT
30064776981,68719482375,ARGUMENT
30064776981,90194314561,ARGUMENT
30064776982,68719482374,ARGUMENT
30064776982,55834577080,ARGUMENT
30064776983,68719482377,ARGUMENT
30064776983,30064776984,ARGUMENT
30064776984,30064776985,ARGUMENT
30064776984,90194314562,ARGUMENT
30064776985,68719482378,ARGUMENT
30064776985,55834577081,ARGUMENT
30064776986,68719482379,ARGUMENT
30064776986,30064776987,ARGUMENT
30064776987,30064776988,ARGUMENT
30064776987,90194314563,ARGUMENT
30064776988,68719482380,ARGUMENT
30064776988,55834577082,ARGUMENT
30064776989,68719482382,ARGUMENT
30064776989,68719482383,ARGUMENT
30064776990,68719482381,ARGUMENT
30064776990,55834577083,ARGUMENT
30064776991,30064776992,ARGUMENT
30064776992,30064776993,ARGUMENT
30064776992,55834577085,ARGUMENT
30064776993,30064776994,ARGUMENT
30064776994,68719482385,ARGUMENT
30064776994,68719482386,ARGUMENT
30064776995,68719482384,ARGUMENT
30064776995,55834577084,ARGUMENT
30064776996,68719482388,ARGUMENT
30064776996,68719482389,ARGUMENT
30064776996,25769804743,ARGUMENT
30064776997,68719482387,ARGUMENT
30064776997,55834577086,ARGUMENT
30064776998,30064776999,ARGUMENT
30064776998,68719482391,ARGUMENT
30064776999,68719482390,ARGUMENT
30064776999,55834577087,ARGUMENT
30064777000,30064777001,ARGUMENT
30064777000,68719482393,ARGUMENT
30064777001,68719482392,ARGUMENT
30064777001,55834577088,ARGUMENT
30064777002,30064777003,ARGUMENT
30064777002,90194314564,ARGUMENT
30064777003,68719482394,ARGUMENT
30064777003,55834577089,ARGUMENT
30064777004,30064777005,ARGUMENT
30064777004,68719482397,ARGUMENT
30064777005,68719482396,ARGUMENT
30064777005,55834577090,ARGUMENT
30064777006,68719482398,ARGUMENT
30064777006,25769804741,ARGUMENT
30064777007,68719482399,ARGUMENT
30064777007,30064777008,ARGUMENT
30064777009,68719482401,ARGUMENT
30064777010,68719482404,ARGUMENT
30064777010,120259084423,ARGUMENT
30064777011,68719482403,ARGUMENT
30064777011,55834577091,ARGUMENT
30064777012,68719482405,ARGUMENT
30064777012,30064777013,ARGUMENT
30064777013,68719482407,ARGUMENT
30064777013,30064777015,ARGUMENT
30064777014,68719482406,ARGUMENT
30064777014,55834577092,ARGUMENT
30064777015,68719482409,ARGUMENT
30064777016,68719482408,ARGUMENT
30064777016,55834577093,ARGUMENT
30064777017,68719482410,ARGUMENT
30064777017,30064777018,ARGUMENT
30064777018,68719482411,ARGUMENT
30064777018,55834577094,ARGUMENT
30064777019,68719482412,ARGUMENT
30064777019,30064777020,ARGUMENT
30064777020,68719482413,ARGUMENT
30064777020,55834577095,ARGUMENT
30064777021,30064777022,ARGUMENT
30064777021,30064777023,ARGUMENT
30064777022,68719482414,ARGUMENT
30064777022,90194314565,ARGUMENT
30064777023,68719482415,ARGUMENT
30064777023,90194314566,ARGUMENT
30064777024,30064777025,ARGUMENT
30064777024,90194314567,ARGUMENT
30064777025,68719482416,ARGUMENT
30064777025,55834577096,ARGUMENT
30064777026,30064777027,ARGUMENT
30064777026,90194314568,ARGUMENT
30064777027,68719482417,ARGUMENT
30064777027,55834577097,ARGUMENT
30064777028,30064777029,ARGUMENT
30064777028,90194314569,ARGUMENT
30064777029,68719482418,ARGUMENT
30064777029,55834577098,ARGUMENT
30064777030,68719482420,ARGUMENT
30064777030,30064777031,ARGUMENT
30064777031,68719482421,ARGUMENT
30064777031,90194314570,ARGUMENT
30064777032,68719482422,ARGUMENT
30064777032,30064777033,ARGUMENT
30064777033,30064777034,ARGUMENT
30064777033,55834577100,ARGUMENT
30064777034,68719482424,ARGUMENT
30064777034,120259084424,ARGUMENT
30064777035,68719482423,ARGUMENT
30064777035,55834577099,ARGUMENT
30064777036,68719482425,ARGUMENT
30064777036,68719482426,ARGUMENT
30064777037,68719482428,ARGUMENT
30064777037,30064777039,ARGUMENT
30064777038,68719482427,ARGUMENT
30064777038,55834577101,ARGUMENT
30064777039,90194314571,ARGUMENT
30064777039,68719482429,ARGUMENT
30064777039,90194314572,ARGUMENT
30064777039,68719482430,ARGUMENT
30064777039,90194314573,ARGUMENT
30064777039,30064777040,ARGUMENT
30064777039,90194314575,ARGUMENT
30064777040,68719482432,ARGUMENT
30064777040,90194314574,ARGUMENT
30064777041,68719482431,ARGUMENT
30064777041,55834577102,ARGUMENT
30064777042,30064777043,ARGUMENT
30064777042,68719482434,ARGUMENT
30064777043,68719482433,ARGUMENT
30064777043,55834577103,ARGUMENT
30064777044,30064777045,ARGUMENT
30064777044,68719482436,ARGUMENT
30064777045,68719482435,ARGUMENT
30064777045,55834577104,ARGUMENT
30064777046,30064777047,ARGUMENT
30064777046,68719482438,ARGUMENT
30064777047,68719482437,ARGUMENT
30064777047,55834577105,ARGUMENT
30064777048,68719482440,ARGUMENT
30064777048,30064777049,ARGUMENT
30064777049,30064776832,ARGUMENT
30064777049,55834577106,ARGUMENT
30064777050,68719482443,ARGUMENT
30064777050,30064777051,ARGUMENT
30064777051,30064776833,ARGUMENT
30064777051,55834577107,ARGUMENT
30064777052,68719482446,ARGUMENT
30064777052,30064777053,ARGUMENT
30064777053,30064776834,ARGUMENT
30064777053,55834577108,ARGUMENT
30064777054,68719482449,ARGUMENT
30064777054,120259084425,ARGUMENT
30064777055,68719482450,ARGUMENT
30064777055,30064777056,ARGUMENT
30064777057,68719482452,ARGUMENT
30064777058,30064777059,ARGUMENT
30064777058,68719482455,ARGUMENT
30064777059,68719482454,ARGUMENT
30064777059,90194314579,ARGUMENT
30064777060,68719482662,ARGUMENT
30064777060,90194314607,ARGUMENT
30064777061,68719482665,ARGUMENT
30064777061,90194314608,ARGUMENT
30064777062,68719482668,ARGUMENT
30064777062,90194314609,ARGUMENT
30064777063,68719482671,ARGUMENT
30064777063,90194314610,ARGUMENT
30064777064,68719482674,ARGUMENT
30064777064,90194314611,ARGUMENT
30064777065,68719482456,ARGUMENT
30064777065,90194314580,ARGUMENT
30064777066,68719482457,ARGUMENT
30064777066,25769804757,ARGUMENT
30064777067,68719482458,ARGUMENT
30064777067,30064777068,ARGUMENT
30064777069,68719482460,ARGUMENT
30064777069,68719482461,ARGUMENT
30064777070,68719482459,ARGUMENT
30064777070,55834577109,ARGUMENT
30064777071,68719482463,ARGUMENT
30064777071,30064777073,ARGUMENT
30064777072,68719482462,ARGUMENT
30064777072,55834577110,ARGUMENT
30064777073,68719482464,ARGUMENT
30064777073,55834577111,ARGUMENT
30064777074,68719482466,ARGUMENT
30064777074,30064777076,ARGUMENT
30064777075,68719482465,ARGUMENT
30064777075,55834577112,ARGUMENT
30064777076,68719482467,ARGUMENT
30064777076,55834577113,ARGUMENT
30064777077,68719482469,ARGUMENT
30064777077,30064777079,ARGUMENT
30064777078,68719482468,ARGUMENT
30064777078,55834577114,ARGUMENT
30064777079,68719482470,ARGUMENT
30064777079,55834577115,ARGUMENT
30064777080,68719482472,ARGUMENT
30064777080,30064777082,ARGUMENT
30064777081,68719482471,ARGUMENT
30064777081,55834577116,ARGUMENT
30064777082,68719482473,ARGUMENT
30064777082,55834577117,ARGUMENT
30064777083,68719482475,ARGUMENT
30064777083,30064777085,ARGUMENT
30064777084,68719482474,ARGUMENT
30064777084,55834577118,ARGUMENT
30064777085,68719482476,ARGUMENT
30064777085,55834577119,ARGUMENT
30064777086,68719482478,ARGUMENT
30064777086,30064777088,ARGUMENT
30064777087,68719482477,ARGUMENT
30064777087,55834577120,ARGUMENT
30064777088,68719482479,ARGUMENT
30064777088,55834577121,ARGUMENT
30064777089,68719482481,ARGUMENT
30064777089,30064777091,ARGUMENT
30064777090,68719482480,ARGUMENT
30064777090,55834577122,ARGUMENT
30064777091,68719482482,ARGUMENT
30064777091,55834577123,ARGUMENT
30064777092,68719482484,ARGUMENT
30064777092,30064777094,ARGUMENT
30064777093,68719482483,ARGUMENT
30064777093,55834577124,ARGUMENT
30064777094,68719482485,ARGUMENT
30064777094,55834577125,ARGUMENT
30064777095,68719482487,ARGUMENT
30064777095,30064777097,ARGUMENT
30064777096,68719482486,ARGUMENT
30064777096,55834577126,ARGUMENT
30064777097,68719482488,ARGUMENT
30064777097,55834577127,ARGUMENT
30064777098,68719482490,ARGUMENT
30064777098,30064777100,ARGUMENT
30064777099,68719482489,ARGUMENT
30064777099,55834577128,ARGUMENT
30064777100,68719482491,ARGUMENT
30064777100,55834577129,ARGUMENT
30064777101,68719482493,ARGUMENT
30064777101,30064777103,ARGUMENT
30064777102,68719482492,ARGUMENT
30064777102,55834577130,ARGUMENT
30064777103,68719482494,ARGUMENT
30064777103,55834577131,ARGUMENT
30064777104,68719482496,ARGUMENT
30064777104,30064777106,ARGUMENT
30064777105,68719482495,ARGUMENT
30064777105,55834577132,ARGUMENT
30064777106,30064777107,ARGUMENT
30064777107,68719482497,ARGUMENT
30064777107,55834577133,ARGUMENT
30064777108,68719482499,ARGUMENT
30064777108,30064777109,ARGUMENT
30064777109,30064777110,ARGUMENT
30064777110,68719482503,ARGUMENT
30064777110,68719482504,ARGUMENT
30064777110,68719482505,ARGUMENT
30064777111,30064777112,ARGUMENT
30064777111,55834577134,ARGUMENT
30064777112,68719482500,ARGUMENT
30064777112,30064777113,ARGUMENT
30064777113,68719482502,ARGUMENT
30064777114,68719482507,ARGUMENT
30064777114,30064777116,ARGUMENT
30064777115,68719482506,ARGUMENT
30064777115,55834577135,ARGUMENT
30064777116,90194314581,ARGUMENT
30064777116,68719482508,ARGUMENT
30064777116,90194314582,ARGUMENT
30064777117,30064777118,ARGUMENT
30064777117,90194314583,ARGUMENT
30064777118,68719482509,ARGUMENT
30064777118,55834577136,ARGUMENT
30064777119,68719482512,ARGUMENT
30064777119,90194314584,ARGUMENT
30064777119,68719482513,ARGUMENT
30064777120,68719482511,ARGUMENT
30064777120,55834577137,ARGUMENT
30064777121,68719482514,ARGUMENT
30064777122,68719482515,ARGUMENT
30064777122,30064777123,ARGUMENT
30064777123,30064777124,ARGUMENT
30064777124,68719482517,ARGUMENT
30064777124,68719482518,ARGUMENT
30064777125,68719482516,ARGUMENT
30064777125,55834577138,ARGUMENT
30064777126,68719482519,ARGUMENT
30064777127,25769804761,ARGUMENT
30064777128,68719482520,ARGUMENT
30064777128,30064777129,ARGUMENT
30064777130,68719482522,ARGUMENT
30064777130,90194314585,ARGUMENT
30064777131,68719482524,ARGUMENT
30064777131,30064777132,ARGUMENT
30064777132,68719482526,ARGUMENT
30064777132,25769804762,ARGUMENT
30064777133,30064777134,ARGUMENT
30064777133,30064777135,ARGUMENT
30064777134,68719482527,ARGUMENT
30064777134,55834577139,ARGUMENT
30064777135,68719482528,ARGUMENT
30064777135,55834577140,ARGUMENT
30064777136,30064777137,ARGUMENT
30064777136,30064777138,ARGUMENT
30064777137,68719482529,ARGUMENT
30064777137,55834577141,ARGUMENT
30064777138,68719482530,ARGUMENT
30064777138,55834577142,ARGUMENT
30064777139,30064777140,ARGUMENT
30064777139,30064777141,ARGUMENT
30064777140,68719482531,ARGUMENT
30064777140,55834577143,ARGUMENT
30064777141,68719482532,ARGUMENT
30064777141,55834577144,ARGUMENT
30064777142,68719482534,ARGUMENT
30064777142,90194314586,ARGUMENT
30064777143,68719482535,ARGUMENT
30064777143,25769804763,ARGUMENT
30064777144,68719482536,ARGUMENT
30064777144,30064777145,ARGUMENT
30064777146,68719482538,ARGUMENT
30064777146,68719482539,ARGUMENT
30064777147,68719482537,ARGUMENT
30064777147,55834577145,ARGUMENT
30064777148,68719482541,ARGUMENT
30064777148,30064777150,ARGUMENT
30064777149,68719482540,ARGUMENT
30064777149,55834577146,ARGUMENT
30064777150,68719482542,ARGUMENT
30064777150,55834577147,ARGUMENT
30064777151,68719482544,ARGUMENT
30064777151,30064777153,ARGUMENT
30064777152,68719482543,ARGUMENT
30064777152,55834577148,ARGUMENT
30064777153,68719482545,ARGUMENT
30064777153,55834577149,ARGUMENT
30064777154,68719482547,ARGUMENT
30064777154,30064777156,ARGUMENT
30064777155,68719482546,ARGUMENT
30064777155,55834577150,ARGUMENT
30064777156,68719482548,ARGUMENT
30064777156,55834577151,ARGUMENT
30064777157,68719482550,ARGUMENT
30064777157,30064777159,ARGUMENT
30064777158,68719482549,ARGUMENT
30064777158,55834577152,ARGUMENT
30064777159,68719482551,ARGUMENT
30064777159,55834577153,ARGUMENT
30064777160,68719482553,ARGUMENT
30064777160,30064777162,ARGUMENT
30064777161,68719482552,ARGUMENT
30064777161,55834577154,ARGUMENT
30064777162,68719482554,ARGUMENT
30064777162,55834577155,ARGUMENT
30064777163,68719482556,ARGUMENT
30064777163,68719482557,ARGUMENT
30064777164,68719482555,ARGUMENT
30064777164,55834577156,ARGUMENT
30064777165,68719482559,ARGUMENT
30064777165,30064777166,ARGUMENT
30064777166,30064777167,ARGUMENT
30064777167,68719482563,ARGUMENT
30064777167,68719482564,ARGUMENT
30064777167,68719482565,ARGUMENT
30064777168,30064777169,ARGUMENT
30064777168,55834577157,ARGUMENT
30064777169,68719482560,ARGUMENT
30064777169,30064777170,ARGUMENT
30064777170,68719482562,ARGUMENT
30064777171,68719482567,ARGUMENT
30064777171,30064777173,ARGUMENT
30064777172,68719482566,ARGUMENT
30064777172,55834577158,ARGUMENT
30064777173,90194314587,ARGUMENT
30064777173,68719482568,ARGUMENT
30064777173,90194314588,ARGUMENT
30064777173,68719482569,ARGUMENT
30064777173,90194314589,ARGUMENT
30064777174,30064777175,ARGUMENT
30064777174,90194314590,ARGUMENT
30064777175,68719482570,ARGUMENT
30064777175,55834577159,ARGUMENT
30064777176,68719482573,ARGUMENT
30064777176,90194314591,ARGUMENT
30064777176,68719482574,ARGUMENT
30064777177,68719482572,ARGUMENT
30064777177,55834577160,ARGUMENT
30064777178,68719482575,ARGUMENT
30064777179,68719482576,ARGUMENT
30064777179,90194314592,ARGUMENT
30064777180,68719482577,ARGUMENT
30064777180,30064777181,ARGUMENT
30064777181,30064777182,ARGUMENT
30064777182,68719482581,ARGUMENT
30064777182,68719482582,ARGUMENT
30064777182,25769804768,ARGUMENT
30064777183,30064777184,ARGUMENT
30064777183,55834577161,ARGUMENT
30064777184,68719482578,ARGUMENT
30064777184,30064777185,ARGUMENT
30064777185,68719482580,ARGUMENT
30064777186,68719482583,ARGUMENT
30064777186,30064777187,ARGUMENT
30064777188,68719482585,ARGUMENT
30064777188,68719482586,ARGUMENT
30064777189,68719482584,ARGUMENT
30064777189,55834577162,ARGUMENT
30064777190,30064777191,ARGUMENT
30064777190,90194314594,ARGUMENT
30064777191,30064777192,ARGUMENT
30064777191,90194314593,ARGUMENT
30064777192,68719482588,ARGUMENT
30064777192,55834577163,ARGUMENT
30064777193,68719482591,ARGUMENT
30064777193,90194314595,ARGUMENT
30064777193,68719482592,ARGUMENT
30064777194,68719482590,ARGUMENT
30064777194,55834577164,ARGUMENT
30064777195,68719482593,ARGUMENT
30064777196,68719482594,ARGUMENT
30064777196,90194314596,ARGUMENT
30064777197,68719482595,ARGUMENT
30064777197,30064777198,ARGUMENT
30064777198,30064777199,ARGUMENT
30064777199,68719482599,ARGUMENT
30064777199,68719482600,ARGUMENT
30064777199,25769804772,ARGUMENT
30064777200,30064777201,ARGUMENT
30064777200,55834577165,ARGUMENT
30064777201,68719482596,ARGUMENT
30064777201,30064777202,ARGUMENT
30064777202,68719482598,ARGUMENT
30064777203,68719482601,ARGUMENT
30064777203,30064777204,ARGUMENT
30064777205,68719482603,ARGUMENT
30064777205,68719482604,ARGUMENT
30064777206,68719482602,ARGUMENT
30064777206,55834577166,ARGUMENT
30064777207,68719482606,ARGUMENT
30064777207,55834577167,ARGUMENT
30064777208,68719482609,ARGUMENT
30064777208,90194314597,ARGUMENT
30064777208,68719482610,ARGUMENT
30064777209,68719482608,ARGUMENT
30064777209,55834577168,ARGUMENT
30064777210,68719482611,ARGUMENT
30064777211,68719482612,ARGUMENT
30064777211,30064777212,ARGUMENT
30064777212,30064777213,ARGUMENT
30064777212,90194314598,ARGUMENT
30064777212,68719482614,ARGUMENT
30064777213,68719482613,ARGUMENT
30064777213,30064777214,ARGUMENT
30064777215,68719482615,ARGUMENT
30064777215,30064777216,ARGUMENT
30064777216,90194314599,ARGUMENT
30064777216,68719482616,ARGUMENT
30064777216,90194314600,ARGUMENT
30064777217,68719482617,ARGUMENT
30064777217,30064777218,ARGUMENT
30064777218,30064777219,ARGUMENT
30064777219,68719482621,ARGUMENT
30064777219,68719482622,ARGUMENT
30064777219,25769804776,ARGUMENT
30064777220,30064777221,ARGUMENT
30064777220,55834577169,ARGUMENT
30064777221,68719482618,ARGUMENT
30064777221,30064777222,ARGUMENT
30064777222,68719482620,ARGUMENT
30064777223,68719482623,ARGUMENT
30064777223,30064777224,ARGUMENT
30064777225,68719482625,ARGUMENT
30064777225,68719482626,ARGUMENT
30064777226,68719482624,ARGUMENT
30064777226,55834577170,ARGUMENT
30064777227,68719482628,ARGUMENT
30064777227,55834577171,ARGUMENT
30064777228,68719482631,ARGUMENT
30064777228,90194314601,ARGUMENT
30064777228,68719482632,ARGUMENT
30064777229,68719482630,ARGUMENT
30064777229,55834577172,ARGUMENT
30064777230,68719482633,ARGUMENT
30064777231,30064777232,ARGUMENT
30064777232,68719482637,ARGUMENT
30064777232,90194314602,ARGUMENT
30064777232,25769804779,ARGUMENT
30064777233,30064777234,ARGUMENT
30064777233,55834577173,ARGUMENT
30064777234,68719482634,ARGUMENT
30064777234,30064777235,ARGUMENT
30064777235,68719482636,ARGUMENT
30064777236,68719482638,ARGUMENT
30064777236,30064777237,ARGUMENT
30064777238,68719482640,ARGUMENT
30064777238,68719482641,ARGUMENT
30064777239,68719482639,ARGUMENT
30064777239,55834577174,ARGUMENT
30064777240,30064777241,ARGUMENT
30064777241,68719482646,ARGUMENT
30064777241,90194314603,ARGUMENT
30064777241,25769804780,ARGUMENT
30064777242,30064777243,ARGUMENT
30064777242,55834577175,ARGUMENT
30064777243,68719482643,ARGUMENT
30064777243,30064777244,ARGUMENT
30064777244,68719482645,ARGUMENT
30064777245,68719482647,ARGUMENT
30064777245,30064777246,ARGUMENT
30064777247,68719482649,ARGUMENT
30064777247,68719482650,ARGUMENT
30064777248,68719482648,ARGUMENT
30064777248,55834577176,ARGUMENT
30064777249,68719482653,ARGUMENT
30064777249,30064777251,ARGUMENT
30064777250,68719482652,ARGUMENT
30064777250,55834577177,ARGUMENT
30064777251,90194314604,ARGUMENT
30064777251,68719482654,ARGUMENT
30064777251,90194314605,ARGUMENT
30064777252,68719482657,ARGUMENT
30064777252,90194314606,ARGUMENT
30064777252,68719482658,ARGUMENT
30064777253,68719482656,ARGUMENT
30064777253,55834577178,ARGUMENT
30064777254,68719482659,ARGUMENT
30064777255,68719482660,ARGUMENT
30064777255,30064777256,ARGUMENT
30064777256,30064777060,ARGUMENT
30064777256,55834577179,ARGUMENT
30064777257,68719482663,ARGUMENT
30064777257,30064777258,ARGUMENT
30064777258,30064777061,ARGUMENT
30064777258,55834577180,ARGUMENT
30064777259,68719482666,ARGUMENT
30064777259,30064777260,ARGUMENT
30064777260,30064777062,ARGUMENT
30064777260,55834577181,ARGUMENT
30064777261,68719482669,ARGUMENT
30064777261,30064777262,ARGUMENT
30064777262,30064777063,ARGUMENT
30064777262,55834577182,ARGUMENT
30064777263,68719482672,ARGUMENT
30064777263,30064777264,ARGUMENT
30064777264,30064777064,ARGUMENT
30064777264,55834577183,ARGUMENT
30064777265,68719482675,ARGUMENT
30064777265,120259084426,ARGUMENT
30064777266,68719482676,ARGUMENT
30064777266,30064777267,ARGUMENT
30064777268,68719482678,ARGUMENT
30064777269,30064777270,ARGUMENT
30064777269,68719482681,ARGUMENT
30064777270,68719482680,ARGUMENT
30064777270,90194314612,ARGUMENT
30064777271,68719482758,ARGUMENT
30064777271,90194314630,ARGUMENT
30064777272,68719482761,ARGUMENT
30064777272,90194314631,ARGUMENT
30064777273,68719482764,ARGUMENT
30064777273,90194314632,ARGUMENT
30064777274,68719482767,ARGUMENT
30064777274,90194314633,ARGUMENT
30064777275,68719482683,ARGUMENT
30064777275,30064777277,ARGUMENT
30064777276,68719482682,ARGUMENT
30064777276,55834577184,ARGUMENT
30064777277,90194314613,ARGUMENT
30064777277,68719482684,ARGUMENT
30064777277,90194314614,ARGUMENT
30064777278,68719482686,ARGUMENT
30064777278,90194314615,ARGUMENT
30064777279,68719482685,ARGUMENT
30064777279,55834577185,ARGUMENT
30064777280,68719482687,ARGUMENT
30064777280,30064777281,ARGUMENT
30064777281,30064777282,ARGUMENT
30064777282,68719482689,ARGUMENT
30064777282,68719482690,ARGUMENT
30064777283,68719482688,ARGUMENT
30064777283,55834577186,ARGUMENT
30064777284,68719482692,ARGUMENT
30064777284,90194314616,ARGUMENT
30064777285,68719482691,ARGUMENT
30064777285,55834577187,ARGUMENT
30064777286,68719482694,ARGUMENT
30064777286,90194314617,ARGUMENT
30064777287,68719482693,ARGUMENT
30064777287,55834577188,ARGUMENT
30064777288,68719482695,ARGUMENT
30064777288,30064777289,ARGUMENT
30064777289,68719482697,ARGUMENT
30064777289,68719482698,ARGUMENT
30064777289,30064777291,ARGUMENT
30064777289,30064777292,ARGUMENT
30064777290,68719482696,ARGUMENT
30064777290,55834577189,ARGUMENT
30064777291,68719482699,ARGUMENT
30064777291,55834577190,ARGUMENT
30064777292,68719482700,ARGUMENT
30064777292,55834577191,ARGUMENT
30064777293,68719482702,ARGUMENT
30064777293,90194314618,ARGUMENT
30064777294,68719482701,ARGUMENT
30064777294,55834577192,ARGUMENT
30064777295,68719482703,ARGUMENT
30064777295,30064777296,ARGUMENT
30064777296,30064777297,ARGUMENT
30064777297,68719482705,ARGUMENT
30064777297,68719482706,ARGUMENT
30064777297,68719482707,ARGUMENT
30064777298,68719482704,ARGUMENT
30064777298,55834577193,ARGUMENT
30064777299,68719482709,ARGUMENT
30064777299,90194314619,ARGUMENT
30064777300,68719482708,ARGUMENT
30064777300,55834577194,ARGUMENT
30064777301,30064777302,ARGUMENT
30064777302,68719482711,ARGUMENT
30064777302,68719482712,ARGUMENT
30064777303,68719482710,ARGUMENT
30064777303,55834577195,ARGUMENT
30064777304,68719482714,ARGUMENT
30064777304,30064777306,ARGUMENT
30064777305,68719482713,ARGUMENT
30064777305,55834577196,ARGUMENT
30064777306,90194314620,ARGUMENT
30064777306,68719482715,ARGUMENT
30064777306,90194314621,ARGUMENT
30064777307,68719482719,ARGUMENT
30064777307,30064777309,ARGUMENT
30064777307,68719482721,ARGUMENT
30064777308,68719482718,ARGUMENT
30064777308,55834577197,ARGUMENT
30064777309,90194314622,ARGUMENT
30064777309,68719482720,ARGUMENT
30064777309,90194314623,ARGUMENT
30064777310,68719482722,ARGUMENT
30064777311,68719482723,ARGUMENT
30064777311,25769804794,ARGUMENT
30064777312,68719482724,ARGUMENT
30064777312,30064777313,ARGUMENT
30064777314,68719482726,ARGUMENT
30064777315,68719482729,ARGUMENT
30064777315,30064777317,ARGUMENT
30064777316,68719482728,ARGUMENT
30064777316,55834577198,ARGUMENT
30064777317,30064777318,ARGUMENT
30064777317,90194314624,ARGUMENT
30064777318,68719482731,ARGUMENT
30064777319,68719482730,ARGUMENT
30064777319,55834577199,ARGUMENT
30064777320,68719482732,ARGUMENT
30064777320,30064777321,ARGUMENT
30064777321,68719482734,ARGUMENT
30064777322,68719482733,ARGUMENT
30064777322,55834577200,ARGUMENT
30064777323,68719482736,ARGUMENT
30064777323,90194314625,ARGUMENT
30064777324,68719482735,ARGUMENT
30064777324,55834577201,ARGUMENT
30064777325,68719482737,ARGUMENT
30064777325,30064777326,ARGUMENT
30064777326,30064777327,ARGUMENT
30064777327,68719482739,ARGUMENT
30064777327,68719482740,ARGUMENT
30064777327,68719482741,ARGUMENT
30064777327,90194314626,ARGUMENT
30064777328,68719482738,ARGUMENT
30064777328,55834577202,ARGUMENT
30064777329,68719482742,ARGUMENT
30064777329,30064777330,ARGUMENT
30064777330,30064777331,ARGUMENT
30064777331,68719482744,ARGUMENT
30064777331,68719482745,ARGUMENT
30064777331,68719482746,ARGUMENT
30064777332,68719482743,ARGUMENT
30064777332,55834577203,ARGUMENT
30064777333,68719482748,ARGUMENT
30064777333,30064777335,ARGUMENT
30064777334,68719482747,ARGUMENT
30064777334,55834577204,ARGUMENT
30064777335,90194314627,ARGUMENT
30064777335,30064777336,ARGUMENT
30064777335,90194314628,ARGUMENT
30064777335,68719482750,ARGUMENT
30064777335,90194314629,ARGUMENT
30064777336,68719482749,ARGUMENT
30064777336,55834577205,ARGUMENT
30064777337,30064777338,ARGUMENT
30064777337,68719482752,ARGUMENT
30064777338,68719482751,ARGUMENT
30064777338,55834577206,ARGUMENT
30064777339,30064777340,ARGUMENT
30064777339,68719482754,ARGUMENT
30064777340,68719482753,ARGUMENT
30064777340,55834577207,ARGUMENT
30064777341,68719482756,ARGUMENT
30064777341,30064777271,ARGUMENT
30064777342,68719482759,ARGUMENT
30064777342,30064777272,ARGUMENT
30064777343,68719482762,ARGUMENT
30064777343,30064777273,ARGUMENT
30064777344,68719482765,ARGUMENT
30064777344,30064777345,ARGUMENT
30064777345,30064777274,ARGUMENT
30064777345,55834577208,ARGUMENT
30064777346,68719482768,ARGUMENT
30064777346,120259084427,ARGUMENT
30064777347,68719482769,ARGUMENT
30064777347,30064777348,ARGUMENT
30064777349,68719482771,ARGUMENT
30064777350,30064777351,ARGUMENT
30064777350,68719482774,ARGUMENT
30064777351,68719482773,ARGUMENT
30064777351,90194314634,ARGUMENT
30064777352,68719482969,ARGUMENT
30064777352,90194314698,ARGUMENT
30064777353,68719482972,ARGUMENT
30064777353,90194314699,ARGUMENT
30064777354,68719482775,ARGUMENT
30064777354,30064777355,ARGUMENT
30064777355,30064777356,ARGUMENT
30064777355,90194314635,ARGUMENT
30064777355,68719482777,ARGUMENT
30064777356,68719482776,ARGUMENT
30064777356,30064777357,ARGUMENT
30064777358,68719482778,ARGUMENT
30064777358,30064777359,ARGUMENT
30064777359,68719482780,ARGUMENT
30064777360,68719482781,ARGUMENT
30064777360,30064777361,ARGUMENT
30064777361,30064777362,ARGUMENT
30064777361,30064777363,ARGUMENT
30064777361,90194314639,ARGUMENT
30064777362,68719482782,ARGUMENT
30064777362,90194314636,ARGUMENT
30064777363,90194314637,ARGUMENT
30064777363,68719482783,ARGUMENT
30064777363,90194314638,ARGUMENT
30064777364,68719482784,ARGUMENT
30064777364,30064777365,ARGUMENT
30064777365,30064777366,ARGUMENT
30064777365,30064777367,ARGUMENT
30064777365,90194314643,ARGUMENT
30064777366,68719482785,ARGUMENT
30064777366,90194314640,ARGUMENT
30064777367,90194314641,ARGUMENT
30064777367,68719482786,ARGUMENT
30064777367,90194314642,ARGUMENT
30064777368,68719482787,ARGUMENT
30064777368,30064777369,ARGUMENT
30064777369,30064777370,ARGUMENT
30064777369,30064777371,ARGUMENT
30064777369,90194314647,ARGUMENT
30064777370,68719482788,ARGUMENT
30064777370,90194314644,ARGUMENT
30064777371,90194314645,ARGUMENT
30064777371,68719482789,ARGUMENT
30064777371,90194314646,ARGUMENT
30064777372,68719482790,ARGUMENT
30064777372,30064777373,ARGUMENT
30064777373,90194314648,ARGUMENT
30064777373,68719482791,ARGUMENT
30064777373,90194314649,ARGUMENT
30064777374,68719482792,ARGUMENT
30064777374,30064777375,ARGUMENT
30064777375,30064777376,ARGUMENT
30064777376,68719482794,ARGUMENT
30064777376,68719482795,ARGUMENT
30064777376,25769804801,ARGUMENT
30064777377,68719482793,ARGUMENT
30064777377,55834577209,ARGUMENT
30064777378,68719482796,ARGUMENT
30064777378,30064777379,ARGUMENT
30064777380,68719482798,ARGUMENT
30064777380,68719482799,ARGUMENT
30064777381,68719482797,ARGUMENT
30064777381,55834577210,ARGUMENT
30064777382,68719482801,ARGUMENT
30064777382,30064777383,ARGUMENT
30064777383,30064777384,ARGUMENT
30064777383,90194314650,ARGUMENT
30064777384,68719482802,ARGUMENT
30064777384,55834577211,ARGUMENT
30064777385,68719482803,ARGUMENT
30064777385,90194314651,ARGUMENT
30064777386,68719482804,ARGUMENT
30064777386,90194314652,ARGUMENT
30064777387,68719482805,ARGUMENT
30064777387,90194314653,ARGUMENT
30064777388,30064777389,ARGUMENT
30064777388,30064777390,ARGUMENT
30064777389,68719482806,ARGUMENT
30064777389,90194314654,ARGUMENT
30064777390,68719482807,ARGUMENT
30064777390,90194314655,ARGUMENT
30064777391,68719482808,ARGUMENT
30064777391,90194314656,ARGUMENT
30064777392,68719482809,ARGUMENT
30064777392,30064777393,ARGUMENT
30064777393,30064777394,ARGUMENT
30064777394,68719482811,ARGUMENT
30064777394,68719482812,ARGUMENT
30064777394,25769804803,ARGUMENT
30064777395,68719482810,ARGUMENT
30064777395,55834577212,ARGUMENT
30064777396,68719482813,ARGUMENT
30064777396,30064777397,ARGUMENT
30064777398,68719482815,ARGUMENT
30064777398,68719482816,ARGUMENT
30064777399,68719482814,ARGUMENT
30064777399,55834577213,ARGUMENT
30064777400,68719482818,ARGUMENT
30064777400,30064777401,ARGUMENT
30064777401,30064777402,ARGUMENT
30064777401,90194314657,ARGUMENT
30064777402,68719482819,ARGUMENT
30064777402,55834577214,ARGUMENT
30064777403,68719482820,ARGUMENT
30064777403,30064777404,ARGUMENT
30064777404,68719482821,ARGUMENT
30064777404,55834577215,ARGUMENT
30064777405,68719482822,ARGUMENT
30064777405,30064777406,ARGUMENT
30064777406,68719482823,ARGUMENT
30064777406,55834577216,ARGUMENT
30064777407,68719482825,ARGUMENT
30064777407,68719482826,ARGUMENT
30064777408,68719482827,ARGUMENT
30064777408,30064777409,ARGUMENT
30064777409,68719482829,ARGUMENT
30064777409,90194314658,ARGUMENT
30064777409,30064777411,ARGUMENT
30064777410,68719482828,ARGUMENT
30064777410,55834577217,ARGUMENT
30064777411,68719482831,ARGUMENT
30064777411,30064777413,ARGUMENT
30064777412,68719482830,ARGUMENT
30064777412,55834577218,ARGUMENT
30064777413,30064777414,ARGUMENT
30064777413,30064777427,ARGUMENT
30064777414,30064777415,ARGUMENT
30064777414,30064777421,ARGUMENT
30064777415,68719482838,ARGUMENT
30064777416,30064777417,ARGUMENT
30064777416,55834577219,ARGUMENT
30064777417,68719482832,ARGUMENT
30064777417,25769804806,ARGUMENT
30064777418,68719482833,ARGUMENT
30064777418,30064777419,ARGUMENT
30064777420,68719482835,ARGUMENT
30064777420,68719482836,ARGUMENT
30064777421,68719482845,ARGUMENT
30064777422,30064777423,ARGUMENT
30064777422,55834577220,ARGUMENT
30064777423,68719482839,ARGUMENT
30064777423,25769804807,ARGUMENT
30064777424,68719482840,ARGUMENT
30064777424,30064777425,ARGUMENT
30064777426,68719482842,ARGUMENT
30064777426,68719482843,ARGUMENT
30064777427,30064777428,ARGUMENT
30064777427,90194314662,ARGUMENT
30064777428,30064777429,ARGUMENT
30064777428,90194314661,ARGUMENT
30064777429,90194314659,ARGUMENT
30064777429,90194314660,ARGUMENT
30064777430,68719482846,ARGUMENT
30064777430,30064777431,ARGUMENT
30064777431,30064777432,ARGUMENT
30064777431,90194314663,ARGUMENT
30064777432,30064777433,ARGUMENT
30064777433,68719482847,ARGUMENT
30064777433,55834577221,ARGUMENT
30064777434,68719482848,ARGUMENT
30064777434,30064777435,ARGUMENT
30064777435,30064777436,ARGUMENT
30064777436,68719482852,ARGUMENT
30064777436,90194314664,ARGUMENT
30064777437,30064777438,ARGUMENT
30064777437,55834577222,ARGUMENT
30064777438,68719482849,ARGUMENT
30064777438,30064777439,ARGUMENT
30064777439,68719482850,ARGUMENT
30064777439,68719482851,ARGUMENT
30064777440,68719482853,ARGUMENT
30064777440,30064777441,ARGUMENT
30064777441,30064777442,ARGUMENT
30064777442,68719482857,ARGUMENT
30064777442,90194314666,ARGUMENT
30064777443,30064777444,ARGUMENT
30064777443,55834577223,ARGUMENT
30064777444,68719482854,ARGUMENT
30064777444,30064777445,ARGUMENT
30064777445,68719482855,ARGUMENT
30064777445,30064777446,ARGUMENT
30064777446,68719482856,ARGUMENT
30064777446,90194314665,ARGUMENT
30064777447,68719482858,ARGUMENT
30064777447,30064777448,ARGUMENT
30064777448,30064777449,ARGUMENT
30064777449,68719482862,ARGUMENT
30064777449,90194314668,ARGUMENT
30064777450,30064777451,ARGUMENT
30064777450,55834577224,ARGUMENT
30064777451,68719482859,ARGUMENT
30064777451,30064777452,ARGUMENT
30064777452,68719482860,ARGUMENT
30064777452,30064777453,ARGUMENT
30064777453,68719482861,ARGUMENT
30064777453,90194314667,ARGUMENT
30064777454,68719482863,ARGUMENT
30064777454,90194314669,ARGUMENT
30064777455,68719482864,ARGUMENT
30064777455,30064777456,ARGUMENT
30064777456,30064777457,ARGUMENT
30064777457,68719482866,ARGUMENT
30064777457,68719482867,ARGUMENT
30064777457,25769804809,ARGUMENT
30064777458,68719482865,ARGUMENT
30064777458,55834577225,ARGUMENT
30064777459,68719482868,ARGUMENT
30064777459,30064777460,ARGUMENT
30064777461,68719482870,ARGUMENT
30064777461,68719482871,ARGUMENT
30064777462,68719482869,ARGUMENT
30064777462,55834577226,ARGUMENT
30064777463,68719482873,ARGUMENT
30064777463,30064777464,ARGUMENT
30064777464,30064777465,ARGUMENT
30064777464,90194314670,ARGUMENT
30064777465,68719482874,ARGUMENT
30064777465,55834577227,ARGUMENT
30064777466,68719482875,ARGUMENT
30064777466,30064777467,ARGUMENT
30064777467,30064777468,ARGUMENT
30064777467,90194314671,ARGUMENT
30064777468,30064777469,ARGUMENT
30064777469,68719482876,ARGUMENT
30064777469,55834577228,ARGUMENT
30064777470,68719482877,ARGUMENT
30064777470,30064777471,ARGUMENT
30064777471,30064777472,ARGUMENT
30064777471,90194314672,ARGUMENT
30064777472,30064777473,ARGUMENT
30064777473,68719482878,ARGUMENT
30064777473,55834577229,ARGUMENT
30064777474,68719482879,ARGUMENT
30064777474,30064777475,ARGUMENT
30064777475,30064777476,ARGUMENT
30064777475,90194314673,ARGUMENT
30064777476,30064777477,ARGUMENT
30064777477,68719482880,ARGUMENT
30064777477,55834577230,ARGUMENT
30064777478,68719482881,ARGUMENT
30064777478,30064777479,ARGUMENT
30064777479,90194314674,ARGUMENT
30064777479,68719482882,ARGUMENT
30064777479,90194314675,ARGUMENT
30064777480,68719482883,ARGUMENT
30064777480,30064777481,ARGUMENT
30064777481,30064777482,ARGUMENT
30064777482,68719482885,ARGUMENT
30064777482,68719482886,ARGUMENT
30064777482,25769804810,ARGUMENT
30064777483,68719482884,ARGUMENT
30064777483,55834577231,ARGUMENT
30064777484,68719482887,ARGUMENT
30064777484,30064777485,ARGUMENT
30064777486,68719482889,ARGUMENT
30064777486,68719482890,ARGUMENT
30064777487,68719482888,ARGUMENT
30064777487,55834577232,ARGUMENT
30064777488,68719482892,ARGUMENT
30064777488,30064777489,ARGUMENT
30064777489,30064777490,ARGUMENT
30064777489,90194314676,ARGUMENT
30064777490,68719482893,ARGUMENT
30064777490,55834577233,ARGUMENT
30064777491,68719482894,ARGUMENT
30064777491,30064777492,ARGUMENT
30064777492,90194314677,ARGUMENT
30064777492,68719482895,ARGUMENT
30064777492,90194314678,ARGUMENT
30064777493,68719482896,ARGUMENT
30064777493,30064777494,ARGUMENT
30064777494,30064777495,ARGUMENT
30064777495,68719482898,ARGUMENT
30064777495,68719482899,ARGUMENT
30064777495,25769804811,ARGUMENT
30064777496,68719482897,ARGUMENT
30064777496,55834577234,ARGUMENT
30064777497,68719482900,ARGUMENT
30064777497,30064777498,ARGUMENT
30064777499,68719482902,ARGUMENT
30064777499,68719482903,ARGUMENT
30064777500,68719482901,ARGUMENT
30064777500,55834577235,ARGUMENT
30064777501,68719482905,ARGUMENT
30064777501,30064777502,ARGUMENT
30064777502,30064777503,ARGUMENT
30064777502,90194314679,ARGUMENT
30064777503,68719482906,ARGUMENT
30064777503,55834577236,ARGUMENT
30064777504,68719482907,ARGUMENT
30064777504,30064777505,ARGUMENT
30064777505,90194314680,ARGUMENT
30064777505,68719482908,ARGUMENT
30064777505,90194314681,ARGUMENT
30064777506,68719482909,ARGUMENT
30064777506,30064777507,ARGUMENT
30064777507,30064777508,ARGUMENT
30064777508,68719482911,ARGUMENT
30064777508,68719482912,ARGUMENT
30064777508,25769804812,ARGUMENT
30064777509,68719482910,ARGUMENT
30064777509,55834577237,ARGUMENT
30064777510,68719482913,ARGUMENT
30064777510,30064777511,ARGUMENT
30064777512,68719482915,ARGUMENT
30064777512,68719482916,ARGUMENT
30064777513,68719482914,ARGUMENT
30064777513,55834577238,ARGUMENT
30064777514,68719482918,ARGUMENT
30064777514,30064777515,ARGUMENT
30064777515,30064777516,ARGUMENT
30064777515,90194314682,ARGUMENT
30064777516,68719482919,ARGUMENT
30064777516,55834577239,ARGUMENT
30064777517,30064777518,ARGUMENT
30064777517,68719482921,ARGUMENT
30064777518,68719482920,ARGUMENT
30064777518,55834577240,ARGUMENT
30064777519,30064777520,ARGUMENT
30064777519,25769804814,ARGUMENT
30064777520,68719482922,ARGUMENT
30064777520,55834577241,ARGUMENT
30064777521,30064777522,ARGUMENT
30064777521,30064777523,ARGUMENT
30064777522,68719482923,ARGUMENT
30064777522,55834577242,ARGUMENT
30064777523,30064777524,ARGUMENT
30064777523,90194314683,ARGUMENT
30064777524,30064777525,ARGUMENT
30064777525,68719482924,ARGUMENT
30064777525,55834577243,ARGUMENT
30064777526,30064777527,ARGUMENT
30064777526,30064777528,ARGUMENT
30064777527,68719482925,ARGUMENT
30064777527,55834577244,ARGUMENT
30064777528,30064777529,ARGUMENT
30064777528,90194314684,ARGUMENT
30064777529,30064777530,ARGUMENT
30064777530,68719482926,ARGUMENT
30064777530,55834577245,ARGUMENT
30064777531,30064777532,ARGUMENT
30064777531,68719482928,ARGUMENT
30064777532,68719482927,ARGUMENT
30064777532,55834577246,ARGUMENT
30064777533,30064777534,ARGUMENT
30064777533,68719482930,ARGUMENT
30064777534,68719482929,ARGUMENT
30064777534,55834577247,ARGUMENT
30064777535,30064777536,ARGUMENT
30064777535,68719482932,ARGUMENT
30064777536,68719482931,ARGUMENT
30064777536,55834577248,ARGUMENT
30064777537,30064777538,ARGUMENT
30064777537,25769804815,ARGUMENT
30064777538,68719482934,ARGUMENT
30064777538,55834577249,ARGUMENT
30064777539,30064777540,ARGUMENT
30064777539,30064777541,ARGUMENT
30064777540,68719482935,ARGUMENT
30064777540,55834577250,ARGUMENT
30064777541,30064777542,ARGUMENT
30064777541,90194314685,ARGUMENT
30064777542,30064777543,ARGUMENT
30064777543,68719482936,ARGUMENT
30064777543,55834577251,ARGUMENT
30064777544,30064777545,ARGUMENT
30064777544,30064777546,ARGUMENT
30064777545,68719482937,ARGUMENT
30064777545,55834577252,ARGUMENT
30064777546,30064777547,ARGUMENT
30064777546,90194314686,ARGUMENT
30064777547,30064777548,ARGUMENT
30064777548,68719482938,ARGUMENT
30064777548,55834577253,ARGUMENT
30064777549,30064777550,ARGUMENT
30064777549,30064777551,ARGUMENT
30064777550,68719482939,ARGUMENT
30064777550,55834577254,ARGUMENT
30064777551,30064777552,ARGUMENT
30064777551,90194314687,ARGUMENT
30064777552,30064777553,ARGUMENT
30064777553,68719482940,ARGUMENT
30064777553,55834577255,ARGUMENT
30064777554,30064777555,ARGUMENT
30064777554,30064777556,ARGUMENT
30064777555,68719482941,ARGUMENT
30064777555,55834577256,ARGUMENT
30064777556,30064777557,ARGUMENT
30064777556,90194314688,ARGUMENT
30064777557,30064777558,ARGUMENT
30064777558,68719482942,ARGUMENT
30064777558,55834577257,ARGUMENT
30064777559,30064777560,ARGUMENT
30064777559,30064777561,ARGUMENT
30064777560,68719482943,ARGUMENT
30064777560,55834577258,ARGUMENT
30064777561,30064777562,ARGUMENT
30064777561,90194314689,ARGUMENT
30064777562,30064777563,ARGUMENT
30064777563,68719482944,ARGUMENT
30064777563,55834577259,ARGUMENT
30064777564,30064777565,ARGUMENT
30064777564,25769804816,ARGUMENT
30064777565,68719482946,ARGUMENT
30064777565,55834577260,ARGUMENT
30064777566,30064777567,ARGUMENT
30064777566,30064777568,ARGUMENT
30064777567,68719482947,ARGUMENT
30064777567,55834577261,ARGUMENT
30064777568,30064777569,ARGUMENT
30064777568,90194314690,ARGUMENT
30064777569,30064777570,ARGUMENT
30064777570,68719482948,ARGUMENT
30064777570,55834577262,ARGUMENT
30064777571,30064777572,ARGUMENT
30064777571,30064777573,ARGUMENT
30064777572,68719482949,ARGUMENT
30064777572,55834577263,ARGUMENT
30064777573,30064777574,ARGUMENT
30064777573,90194314691,ARGUMENT
30064777574,30064777575,ARGUMENT
30064777575,68719482950,ARGUMENT
30064777575,55834577264,ARGUMENT
30064777576,30064777577,ARGUMENT
30064777576,30064777578,ARGUMENT
30064777577,68719482951,ARGUMENT
30064777577,55834577265,ARGUMENT
30064777578,30064777579,ARGUMENT
30064777578,90194314692,ARGUMENT
30064777579,30064777580,ARGUMENT
30064777580,68719482952,ARGUMENT
30064777580,55834577266,ARGUMENT
30064777581,30064777582,ARGUMENT
30064777581,25769804817,ARGUMENT
30064777582,68719482954,ARGUMENT
30064777582,55834577267,ARGUMENT
30064777583,30064777584,ARGUMENT
30064777583,30064777585,ARGUMENT
30064777584,68719482955,ARGUMENT
30064777584,55834577268,ARGUMENT
30064777585,30064777586,ARGUMENT
30064777585,90194314693,ARGUMENT
30064777586,30064777587,ARGUMENT
30064777587,68719482956,ARGUMENT
30064777587,55834577269,ARGUMENT
30064777588,30064777589,ARGUMENT
30064777588,30064777590,ARGUMENT
30064777589,68719482957,ARGUMENT
30064777589,55834577270,ARGUMENT
30064777590,30064777591,ARGUMENT
30064777590,90194314694,ARGUMENT
30064777591,30064777592,ARGUMENT
30064777592,68719482958,ARGUMENT
30064777592,55834577271,ARGUMENT
30064777593,30064777594,ARGUMENT
30064777593,30064777595,ARGUMENT
30064777594,68719482959,ARGUMENT
30064777594,55834577272,ARGUMENT
30064777595,30064777596,ARGUMENT
30064777595,90194314695,ARGUMENT
30064777596,30064777597,ARGUMENT
30064777597,68719482960,ARGUMENT
30064777597,55834577273,ARGUMENT
30064777598,30064777599,ARGUMENT
30064777598,30064777600,ARGUMENT
30064777599,68719482961,ARGUMENT
30064777599,55834577274,ARGUMENT
30064777600,30064777601,ARGUMENT
30064777600,90194314696,ARGUMENT
30064777601,30064777602,ARGUMENT
30064777602,68719482962,ARGUMENT
30064777602,55834577275,ARGUMENT
30064777603,30064777604,ARGUMENT
30064777603,30064777605,ARGUMENT
30064777604,68719482963,ARGUMENT
30064777604,55834577276,ARGUMENT
30064777605,30064777606,ARGUMENT
30064777605,90194314697,ARGUMENT
30064777606,30064777607,ARGUMENT
30064777607,68719482964,ARGUMENT
30064777607,55834577277,ARGUMENT
30064777608,68719482967,ARGUMENT
30064777608,30064777609,ARGUMENT
30064777609,30064777352,ARGUMENT
30064777609,55834577278,ARGUMENT
30064777610,68719482970,ARGUMENT
30064777610,30064777611,ARGUMENT
30064777611,30064777353,ARGUMENT
30064777611,55834577279,ARGUMENT
30064777612,68719482973,ARGUMENT
30064777612,120259084428,ARGUMENT
30064777613,30064777614,ARGUMENT
30064777613,68719482975,ARGUMENT
30064777614,68719482974,ARGUMENT
30064777614,55834577280,ARGUMENT
30064777615,68719483276,ARGUMENT
30064777615,90194314746,ARGUMENT
30064777616,68719483279,ARGUMENT
30064777616,90194314747,ARGUMENT
30064777617,68719483282,ARGUMENT
30064777617,90194314748,ARGUMENT
30064777618,68719483285,ARGUMENT
30064777618,90194314749,ARGUMENT
30064777619,68719483288,ARGUMENT
30064777619,90194314750,ARGUMENT
30064777620,68719483291,ARGUMENT
30064777620,90194314751,ARGUMENT
30064777621,68719483294,ARGUMENT
30064777621,90194314752,ARGUMENT
30064777622,68719483297,ARGUMENT
30064777622,90194314753,ARGUMENT
30064777623,68719483300,ARGUMENT
30064777623,90194314754,ARGUMENT
30064777624,68719482976,ARGUMENT
30064777624,30064777625,ARGUMENT
30064777625,68719482978,ARGUMENT
30064777626,68719482979,ARGUMENT
30064777626,90194314700,ARGUMENT
30064777627,68719482980,ARGUMENT
30064777627,25769804821,ARGUMENT
30064777628,68719482981,ARGUMENT
30064777628,30064777629,ARGUMENT
30064777630,68719482983,ARGUMENT
30064777630,30064777632,ARGUMENT
30064777631,68719482982,ARGUMENT
30064777631,55834577281,ARGUMENT
30064777632,68719482984,ARGUMENT
30064777632,55834577282,ARGUMENT
30064777633,68719482986,ARGUMENT
30064777633,30064777635,ARGUMENT
30064777634,68719482985,ARGUMENT
30064777634,55834577283,ARGUMENT
30064777635,68719482987,ARGUMENT
30064777635,55834577284,ARGUMENT
30064777636,68719482989,ARGUMENT
30064777636,30064777638,ARGUMENT
30064777637,68719482988,ARGUMENT
30064777637,55834577285,ARGUMENT
30064777638,30064777639,ARGUMENT
30064777638,90194314701,ARGUMENT
30064777639,68719482990,ARGUMENT
30064777639,55834577286,ARGUMENT
30064777640,68719482992,ARGUMENT
30064777640,30064777642,ARGUMENT
30064777641,68719482991,ARGUMENT
30064777641,55834577287,ARGUMENT
30064777642,68719482993,ARGUMENT
30064777642,55834577288,ARGUMENT
30064777643,68719482995,ARGUMENT
30064777643,30064777645,ARGUMENT
30064777644,68719482994,ARGUMENT
30064777644,55834577289,ARGUMENT
30064777645,68719482996,ARGUMENT
30064777645,55834577290,ARGUMENT
30064777646,68719482998,ARGUMENT
30064777646,30064777647,ARGUMENT
30064777647,30064777648,ARGUMENT
30064777648,68719483000,ARGUMENT
30064777648,68719483001,ARGUMENT
30064777648,68719483002,ARGUMENT
30064777649,68719482999,ARGUMENT
30064777649,55834577291,ARGUMENT
30064777650,30064777651,ARGUMENT
30064777650,90194314702,ARGUMENT
30064777651,68719483003,ARGUMENT
30064777651,55834577292,ARGUMENT
30064777652,68719483004,ARGUMENT
30064777652,30064777653,ARGUMENT
30064777653,68719483006,ARGUMENT
30064777654,68719483007,ARGUMENT
30064777654,25769804823,ARGUMENT
30064777655,68719483008,ARGUMENT
30064777655,30064777656,ARGUMENT
30064777657,68719483010,ARGUMENT
30064777657,30064777658,ARGUMENT
30064777658,68719483011,ARGUMENT
30064777658,55834577293,ARGUMENT
30064777659,68719483013,ARGUMENT
30064777659,25769804824,ARGUMENT
30064777660,68719483014,ARGUMENT
30064777660,30064777661,ARGUMENT
30064777662,68719483016,ARGUMENT
30064777662,30064777663,ARGUMENT
30064777663,68719483017,ARGUMENT
30064777663,55834577294,ARGUMENT
30064777664,68719483019,ARGUMENT
30064777664,30064777665,ARGUMENT
30064777665,30064777666,ARGUMENT
30064777665,30064777671,ARGUMENT
30064777666,30064777667,ARGUMENT
30064777666,30064777669,ARGUMENT
30064777667,68719483021,ARGUMENT
30064777668,68719483020,ARGUMENT
30064777668,55834577295,ARGUMENT
30064777669,68719483023,ARGUMENT
30064777670,68719483022,ARGUMENT
30064777670,55834577296,ARGUMENT
30064777671,30064777672,ARGUMENT
30064777671,90194314705,ARGUMENT
30064777672,90194314703,ARGUMENT
30064777672,90194314704,ARGUMENT
30064777673,68719483024,ARGUMENT
30064777673,90194314706,ARGUMENT
30064777674,68719483025,ARGUMENT
30064777674,25769804825,ARGUMENT
30064777675,68719483026,ARGUMENT
30064777675,30064777676,ARGUMENT
30064777677,68719483028,ARGUMENT
30064777677,30064777679,ARGUMENT
30064777678,68719483027,ARGUMENT
30064777678,55834577297,ARGUMENT
30064777679,68719483029,ARGUMENT
30064777679,55834577298,ARGUMENT
30064777680,68719483031,ARGUMENT
30064777680,30064777682,ARGUMENT
30064777681,68719483030,ARGUMENT
30064777681,55834577299,ARGUMENT
30064777682,68719483032,ARGUMENT
30064777682,55834577300,ARGUMENT
30064777683,68719483034,ARGUMENT
30064777683,30064777685,ARGUMENT
30064777684,68719483033,ARGUMENT
30064777684,55834577301,ARGUMENT
30064777685,68719483035,ARGUMENT
30064777685,55834577302,ARGUMENT
30064777686,68719483037,ARGUMENT
30064777686,30064777688,ARGUMENT
30064777687,68719483036,ARGUMENT
30064777687,55834577303,ARGUMENT
30064777688,68719483038,ARGUMENT
30064777688,55834577304,ARGUMENT
30064777689,68719483040,ARGUMENT
30064777689,30064777691,ARGUMENT
30064777690,68719483039,ARGUMENT
30064777690,55834577305,ARGUMENT
30064777691,68719483042,ARGUMENT
30064777691,90194314707,ARGUMENT
30064777692,68719483041,ARGUMENT
30064777692,55834577306,ARGUMENT
30064777693,68719483044,ARGUMENT
30064777693,30064777694,ARGUMENT
30064777694,30064777695,ARGUMENT
30064777695,68719483046,ARGUMENT
30064777695,68719483047,ARGUMENT
30064777695,68719483048,ARGUMENT
30064777696,68719483045,ARGUMENT
30064777696,55834577307,ARGUMENT
30064777697,30064777698,ARGUMENT
30064777697,90194314708,ARGUMENT
30064777698,68719483049,ARGUMENT
30064777698,55834577308,ARGUMENT
30064777699,68719483050,ARGUMENT
30064777699,30064777700,ARGUMENT
30064777700,68719483052,ARGUMENT
30064777701,68719483053,ARGUMENT
30064777701,90194314709,ARGUMENT
30064777702,68719483054,ARGUMENT
30064777702,25769804827,ARGUMENT
30064777703,68719483055,ARGUMENT
30064777703,30064777704,ARGUMENT
30064777705,68719483057,ARGUMENT
30064777705,30064777707,ARGUMENT
30064777706,68719483056,ARGUMENT
30064777706,55834577309,ARGUMENT
30064777707,68719483058,ARGUMENT
30064777707,55834577310,ARGUMENT
30064777708,68719483060,ARGUMENT
30064777708,30064777710,ARGUMENT
30064777709,68719483059,ARGUMENT
30064777709,55834577311,ARGUMENT
30064777710,68719483061,ARGUMENT
30064777710,55834577312,ARGUMENT
30064777711,68719483063,ARGUMENT
30064777711,30064777713,ARGUMENT
30064777712,68719483062,ARGUMENT
30064777712,55834577313,ARGUMENT
30064777713,68719483064,ARGUMENT
30064777713,55834577314,ARGUMENT
30064777714,68719483066,ARGUMENT
30064777714,30064777716,ARGUMENT
30064777715,68719483065,ARGUMENT
30064777715,55834577315,ARGUMENT
30064777716,68719483067,ARGUMENT
30064777716,55834577316,ARGUMENT
30064777717,68719483069,ARGUMENT
30064777717,30064777719,ARGUMENT
30064777718,68719483068,ARGUMENT
30064777718,55834577317,ARGUMENT
30064777719,68719483070,ARGUMENT
30064777719,55834577318,ARGUMENT
30064777720,68719483072,ARGUMENT
30064777720,30064777721,ARGUMENT
30064777721,30064777722,ARGUMENT
30064777722,68719483074,ARGUMENT
30064777722,68719483075,ARGUMENT
30064777722,68719483076,ARGUMENT
30064777723,68719483073,ARGUMENT
30064777723,55834577319,ARGUMENT
30064777724,30064777725,ARGUMENT
30064777724,90194314710,ARGUMENT
30064777725,68719483077,ARGUMENT
30064777725,55834577320,ARGUMENT
30064777726,68719483078,ARGUMENT
30064777726,30064777727,ARGUMENT
30064777727,68719483080,ARGUMENT
30064777728,68719483081,ARGUMENT
30064777728,25769804829,ARGUMENT
30064777729,68719483082,ARGUMENT
30064777729,30064777730,ARGUMENT
30064777731,68719483084,ARGUMENT
30064777731,30064777732,ARGUMENT
30064777732,68719483085,ARGUMENT
30064777732,55834577321,ARGUMENT
30064777733,68719483087,ARGUMENT
30064777733,25769804830,ARGUMENT
30064777734,68719483088,ARGUMENT
30064777734,30064777735,ARGUMENT
30064777736,68719483090,ARGUMENT
30064777736,30064777737,ARGUMENT
30064777737,68719483091,ARGUMENT
30064777737,55834577322,ARGUMENT
30064777738,68719483093,ARGUMENT
30064777738,30064777739,ARGUMENT
30064777739,30064777740,ARGUMENT
30064777739,30064777745,ARGUMENT
30064777740,30064777741,ARGUMENT
30064777740,30064777743,ARGUMENT
30064777741,68719483095,ARGUMENT
30064777742,68719483094,ARGUMENT
30064777742,55834577323,ARGUMENT
30064777743,68719483097,ARGUMENT
30064777744,68719483096,ARGUMENT
30064777744,55834577324,ARGUMENT
30064777745,30064777746,ARGUMENT
30064777745,90194314713,ARGUMENT
30064777746,90194314711,ARGUMENT
30064777746,90194314712,ARGUMENT
30064777747,68719483098,ARGUMENT
30064777747,90194314714,ARGUMENT
30064777748,68719483099,ARGUMENT
30064777748,25769804831,ARGUMENT
30064777749,68719483100,ARGUMENT
30064777749,30064777750,ARGUMENT
30064777751,68719483102,ARGUMENT
30064777751,30064777753,ARGUMENT
30064777752,68719483101,ARGUMENT
30064777752,55834577325,ARGUMENT
30064777753,68719483103,ARGUMENT
30064777753,55834577326,ARGUMENT
30064777754,68719483105,ARGUMENT
30064777754,30064777756,ARGUMENT
30064777755,68719483104,ARGUMENT
30064777755,55834577327,ARGUMENT
30064777756,68719483106,ARGUMENT
30064777756,55834577328,ARGUMENT
30064777757,68719483108,ARGUMENT
30064777757,30064777759,ARGUMENT
30064777758,68719483107,ARGUMENT
30064777758,55834577329,ARGUMENT
30064777759,68719483109,ARGUMENT
30064777759,55834577330,ARGUMENT
30064777760,68719483111,ARGUMENT
30064777760,30064777762,ARGUMENT
30064777761,68719483110,ARGUMENT
30064777761,55834577331,ARGUMENT
30064777762,68719483112,ARGUMENT
30064777762,55834577332,ARGUMENT
30064777763,68719483114,ARGUMENT
30064777763,30064777765,ARGUMENT
30064777764,68719483113,ARGUMENT
30064777764,55834577333,ARGUMENT
30064777765,68719483116,ARGUMENT
30064777765,90194314715,ARGUMENT
30064777766,68719483115,ARGUMENT
30064777766,55834577334,ARGUMENT
30064777767,68719483118,ARGUMENT
30064777767,30064777769,ARGUMENT
30064777768,68719483117,ARGUMENT
30064777768,55834577335,ARGUMENT
30064777769,30064777770,ARGUMENT
30064777769,90194314716,ARGUMENT
30064777770,68719483119,ARGUMENT
30064777770,55834577336,ARGUMENT
30064777771,68719483121,ARGUMENT
30064777771,30064777772,ARGUMENT
30064777772,30064777773,ARGUMENT
30064777773,68719483123,ARGUMENT
30064777773,68719483124,ARGUMENT
30064777773,68719483125,ARGUMENT
30064777774,68719483122,ARGUMENT
30064777774,55834577337,ARGUMENT
30064777775,30064777776,ARGUMENT
30064777775,90194314717,ARGUMENT
30064777776,68719483126,ARGUMENT
30064777776,55834577338,ARGUMENT
30064777777,68719483127,ARGUMENT
30064777777,30064777778,ARGUMENT
30064777778,30064777779,ARGUMENT
30064777778,90194314718,ARGUMENT
30064777778,68719483129,ARGUMENT
30064777779,68719483128,ARGUMENT
30064777779,30064777780,ARGUMENT
30064777781,68719483130,ARGUMENT
30064777781,30064777782,ARGUMENT
30064777782,68719483132,ARGUMENT
30064777783,68719483133,ARGUMENT
30064777783,30064777784,ARGUMENT
30064777784,90194314719,ARGUMENT
30064777784,68719483134,ARGUMENT
30064777784,90194314720,ARGUMENT
30064777785,68719483135,ARGUMENT
30064777785,30064777786,ARGUMENT
30064777786,30064777787,ARGUMENT
30064777787,68719483137,ARGUMENT
30064777787,68719483138,ARGUMENT
30064777787,25769804833,ARGUMENT
30064777788,68719483136,ARGUMENT
30064777788,55834577339,ARGUMENT
30064777789,68719483139,ARGUMENT
30064777789,30064777790,ARGUMENT
30064777791,68719483141,ARGUMENT
30064777791,68719483142,ARGUMENT
30064777792,68719483140,ARGUMENT
30064777792,55834577340,ARGUMENT
30064777793,68719483144,ARGUMENT
30064777793,55834577341,ARGUMENT
30064777794,68719483145,ARGUMENT
30064777794,30064777795,ARGUMENT
30064777795,30064777796,ARGUMENT
30064777795,90194314721,ARGUMENT
30064777795,68719483147,ARGUMENT
30064777796,68719483146,ARGUMENT
30064777796,30064777797,ARGUMENT
30064777798,68719483148,ARGUMENT
30064777798,30064777799,ARGUMENT
30064777799,68719483150,ARGUMENT
30064777800,68719483151,ARGUMENT
30064777800,30064777801,ARGUMENT
30064777801,90194314722,ARGUMENT
30064777801,68719483152,ARGUMENT
30064777801,90194314723,ARGUMENT
30064777802,68719483153,ARGUMENT
30064777802,30064777803,ARGUMENT
30064777803,30064777804,ARGUMENT
30064777804,68719483155,ARGUMENT
30064777804,68719483156,ARGUMENT
30064777804,25769804835,ARGUMENT
30064777805,68719483154,ARGUMENT
30064777805,55834577342,ARGUMENT
30064777806,68719483157,ARGUMENT
30064777806,30064777807,ARGUMENT
30064777808,68719483159,ARGUMENT
30064777808,68719483160,ARGUMENT
30064777809,68719483158,ARGUMENT
30064777809,55834577343,ARGUMENT
30064777810,68719483162,ARGUMENT
30064777810,55834577344,ARGUMENT
30064777811,68719483163,ARGUMENT
30064777811,30064777812,ARGUMENT
30064777812,30064777813,ARGUMENT
30064777812,90194314724,ARGUMENT
30064777812,68719483165,ARGUMENT
30064777813,68719483164,ARGUMENT
30064777813,30064777814,ARGUMENT
30064777815,68719483166,ARGUMENT
30064777815,30064777816,ARGUMENT
30064777816,68719483168,ARGUMENT
30064777817,68719483169,ARGUMENT
30064777817,30064777818,ARGUMENT
30064777818,90194314725,ARGUMENT
30064777818,68719483170,ARGUMENT
30064777818,90194314726,ARGUMENT
30064777819,68719483171,ARGUMENT
30064777819,30064777820,ARGUMENT
30064777820,30064777821,ARGUMENT
30064777821,68719483173,ARGUMENT
30064777821,68719483174,ARGUMENT
30064777821,25769804837,ARGUMENT
30064777822,68719483172,ARGUMENT
30064777822,55834577345,ARGUMENT
30064777823,68719483175,ARGUMENT
30064777823,30064777824,ARGUMENT
30064777825,68719483177,ARGUMENT
30064777825,68719483178,ARGUMENT
30064777826,68719483176,ARGUMENT
30064777826,55834577346,ARGUMENT
30064777827,68719483180,ARGUMENT
30064777827,55834577347,ARGUMENT
30064777828,68719483181,ARGUMENT
30064777828,30064777829,ARGUMENT
30064777829,30064777830,ARGUMENT
30064777829,90194314727,ARGUMENT
30064777829,68719483183,ARGUMENT
30064777830,68719483182,ARGUMENT
30064777830,30064777831,ARGUMENT
30064777832,68719483184,ARGUMENT
30064777832,30064777833,ARGUMENT
30064777833,68719483186,ARGUMENT
30064777834,68719483187,ARGUMENT
30064777834,30064777835,ARGUMENT
30064777835,90194314728,ARGUMENT
30064777835,68719483188,ARGUMENT
30064777835,90194314729,ARGUMENT
30064777836,68719483189,ARGUMENT
30064777836,30064777837,ARGUMENT
30064777837,30064777838,ARGUMENT
30064777838,68719483191,ARGUMENT
30064777838,68719483192,ARGUMENT
30064777838,25769804839,ARGUMENT
30064777839,68719483190,ARGUMENT
30064777839,55834577348,ARGUMENT
30064777840,68719483193,ARGUMENT
30064777840,30064777841,ARGUMENT
30064777842,68719483195,ARGUMENT
30064777842,68719483196,ARGUMENT
30064777843,68719483194,ARGUMENT
30064777843,55834577349,ARGUMENT
30064777844,68719483198,ARGUMENT
30064777844,55834577350,ARGUMENT
30064777845,68719483199,ARGUMENT
30064777845,30064777846,ARGUMENT
30064777846,30064777847,ARGUMENT
30064777846,90194314730,ARGUMENT
30064777846,68719483201,ARGUMENT
30064777847,68719483200,ARGUMENT
30064777847,30064777848,ARGUMENT
30064777849,68719483202,ARGUMENT
30064777849,30064777850,ARGUMENT
30064777850,68719483204,ARGUMENT
30064777851,68719483205,ARGUMENT
30064777851,90194314731,ARGUMENT
30064777852,68719483206,ARGUMENT
30064777852,30064777853,ARGUMENT
30064777853,30064777854,ARGUMENT
30064777854,68719483208,ARGUMENT
30064777854,68719483209,ARGUMENT
30064777854,25769804841,ARGUMENT
30064777855,68719483207,ARGUMENT
30064777855,55834577351,ARGUMENT
30064777856,68719483210,ARGUMENT
30064777856,30064777857,ARGUMENT
30064777858,68719483212,ARGUMENT
30064777858,68719483213,ARGUMENT
30064777859,68719483211,ARGUMENT
30064777859,55834577352,ARGUMENT
30064777860,68719483215,ARGUMENT
30064777860,30064777862,ARGUMENT
30064777861,68719483214,ARGUMENT
30064777861,55834577353,ARGUMENT
30064777862,90194314732,ARGUMENT
30064777862,68719483216,ARGUMENT
30064777862,90194314733,ARGUMENT
30064777863,68719483218,ARGUMENT
30064777863,68719483219,ARGUMENT
30064777864,68719483217,ARGUMENT
30064777864,55834577354,ARGUMENT
30064777865,68719483221,ARGUMENT
30064777865,55834577355,ARGUMENT
30064777866,68719483222,ARGUMENT
30064777866,30064777867,ARGUMENT
30064777867,68719483224,ARGUMENT
30064777868,68719483225,ARGUMENT
30064777868,30064777869,ARGUMENT
30064777869,30064777870,ARGUMENT
30064777870,68719483227,ARGUMENT
30064777870,90194314734,ARGUMENT
30064777870,25769804843,ARGUMENT
30064777871,68719483226,ARGUMENT
30064777871,55834577356,ARGUMENT
30064777872,68719483228,ARGUMENT
30064777872,30064777873,ARGUMENT
30064777874,68719483230,ARGUMENT
30064777874,68719483231,ARGUMENT
30064777875,68719483229,ARGUMENT
30064777875,55834577357,ARGUMENT
30064777876,30064777877,ARGUMENT
30064777876,30064777878,ARGUMENT
30064777876,90194314736,ARGUMENT
30064777877,68719483233,ARGUMENT
30064777877,55834577358,ARGUMENT
30064777878,30064777879,ARGUMENT
30064777878,90194314735,ARGUMENT
30064777879,68719483234,ARGUMENT
30064777879,55834577359,ARGUMENT
30064777880,68719483235,ARGUMENT
30064777880,30064777881,ARGUMENT
30064777881,68719483237,ARGUMENT
30064777882,68719483238,ARGUMENT
30064777882,30064777883,ARGUMENT
30064777883,30064777884,ARGUMENT
30064777884,68719483240,ARGUMENT
30064777884,90194314737,ARGUMENT
30064777884,25769804845,ARGUMENT
30064777885,68719483239,ARGUMENT
30064777885,55834577360,ARGUMENT
30064777886,68719483241,ARGUMENT
30064777886,30064777887,ARGUMENT
30064777888,68719483243,ARGUMENT
30064777888,68719483244,ARGUMENT
30064777889,68719483242,ARGUMENT
30064777889,55834577361,ARGUMENT
30064777890,30064777891,ARGUMENT
30064777890,30064777892,ARGUMENT
30064777890,90194314739,ARGUMENT
30064777891,68719483246,ARGUMENT
30064777891,55834577362,ARGUMENT
30064777892,30064777893,ARGUMENT
30064777892,90194314738,ARGUMENT
30064777893,68719483247,ARGUMENT
30064777893,55834577363,ARGUMENT
30064777894,68719483248,ARGUMENT
30064777894,30064777895,ARGUMENT
30064777895,68719483250,ARGUMENT
30064777896,68719483251,ARGUMENT
30064777896,30064777897,ARGUMENT
30064777897,30064777898,ARGUMENT
30064777898,68719483253,ARGUMENT
30064777898,90194314740,ARGUMENT
30064777898,25769804847,ARGUMENT
30064777899,68719483252,ARGUMENT
30064777899,55834577364,ARGUMENT
30064777900,68719483254,ARGUMENT
30064777900,30064777901,ARGUMENT
30064777902,68719483256,ARGUMENT
30064777902,68719483257,ARGUMENT
30064777903,68719483255,ARGUMENT
30064777903,55834577365,ARGUMENT
30064777904,30064777905,ARGUMENT
30064777904,30064777906,ARGUMENT
30064777904,90194314742,ARGUMENT
30064777905,68719483259,ARGUMENT
30064777905,55834577366,ARGUMENT
30064777906,30064777907,ARGUMENT
30064777906,90194314741,ARGUMENT
30064777907,68719483260,ARGUMENT
30064777907,55834577367,ARGUMENT
30064777908,68719483261,ARGUMENT
30064777908,30064777909,ARGUMENT
30064777909,68719483263,ARGUMENT
30064777910,68719483264,ARGUMENT
30064777910,30064777911,ARGUMENT
30064777911,30064777912,ARGUMENT
30064777912,68719483266,ARGUMENT
30064777912,90194314743,ARGUMENT
30064777912,25769804849,ARGUMENT
30064777913,68719483265,ARGUMENT
30064777913,55834577368,ARGUMENT
30064777914,68719483267,ARGUMENT
30064777914,30064777915,ARGUMENT
30064777916,68719483269,ARGUMENT
30064777916,68719483270,ARGUMENT
30064777917,68719483268,ARGUMENT
30064777917,55834577369,ARGUMENT
30064777918,30064777919,ARGUMENT
30064777918,30064777920,ARGUMENT
30064777918,90194314745,ARGUMENT
30064777919,68719483272,ARGUMENT
30064777919,55834577370,ARGUMENT
30064777920,30064777921,ARGUMENT
30064777920,90194314744,ARGUMENT
30064777921,68719483273,ARGUMENT
30064777921,55834577371,ARGUMENT
30064777922,68719483274,ARGUMENT
30064777922,30064777923,ARGUMENT
30064777923,30064777615,ARGUMENT
30064777923,55834577372,ARGUMENT
30064777924,68719483277,ARGUMENT
30064777924,30064777925,ARGUMENT
30064777925,30064777616,ARGUMENT
30064777925,55834577373,ARGUMENT
30064777926,68719483280,ARGUMENT
30064777926,30064777927,ARGUMENT
30064777927,30064777617,ARGUMENT
30064777927,55834577374,ARGUMENT
30064777928,68719483283,ARGUMENT
30064777928,30064777929,ARGUMENT
30064777929,30064777618,ARGUMENT
30064777929,55834577375,ARGUMENT
30064777930,68719483286,ARGUMENT
30064777930,30064777931,ARGUMENT
30064777931,30064777619,ARGUMENT
30064777931,55834577376,ARGUMENT
30064777932,68719483289,ARGUMENT
30064777932,30064777933,ARGUMENT
30064777933,30064777620,ARGUMENT
30064777933,55834577377,ARGUMENT
30064777934,68719483292,ARGUMENT
30064777934,30064777935,ARGUMENT
30064777935,30064777621,ARGUMENT
30064777935,55834577378,ARGUMENT
30064777936,68719483295,ARGUMENT
30064777936,30064777937,ARGUMENT
30064777937,30064777622,ARGUMENT
30064777937,55834577379,ARGUMENT
30064777938,68719483298,ARGUMENT
30064777938,30064777939,ARGUMENT
30064777939,30064777623,ARGUMENT
30064777939,55834577380,ARGUMENT
30064777940,68719483301,ARGUMENT
30064777940,120259084429,ARGUMENT
30064777941,30064777942,ARGUMENT
30064777941,68719483303,ARGUMENT
30064777942,68719483302,ARGUMENT
30064777942,55834577381,ARGUMENT
30064777943,68719483304,ARGUMENT
30064777943,120259084430,ARGUMENT
30064777944,30064777945,ARGUMENT
30064777944,68719483306,ARGUMENT
30064777945,68719483305,ARGUMENT
30064777945,55834577382,ARGUMENT
30064777946,68719483307,ARGUMENT
30064777946,120259084431,ARGUMENT
30064777947,30064777948,ARGUMENT
30064777947,68719483309,ARGUMENT
30064777948,68719483308,ARGUMENT
30064777948,55834577383,ARGUMENT
30064777949,68719483310,ARGUMENT
30064777949,120259084432,ARGUMENT
30064777950,30064777951,ARGUMENT
30064777950,68719483312,ARGUMENT
30064777951,68719483311,ARGUMENT
30064777951,55834577384,ARGUMENT
30064777952,68719483313,ARGUMENT
30064777952,120259084433,ARGUMENT
30064777953,30064777954,ARGUMENT
30064777953,68719483315,ARGUMENT
30064777954,68719483314,ARGUMENT
30064777954,55834577385,ARGUMENT
30064777955,68719483316,ARGUMENT
30064777955,120259084434,ARGUMENT
30064777956,30064777957,ARGUMENT
30064777956,68719483318,ARGUMENT
30064777957,68719483317,ARGUMENT
30064777957,55834577386,ARGUMENT
30064777958,68719483319,ARGUMENT
30064777958,120259084435,ARGUMENT
30064777959,30064777960,ARGUMENT
30064777959,68719483321,ARGUMENT
30064777960,68719483320,ARGUMENT
30064777960,55834577387,ARGUMENT
30064777961,68719483322,ARGUMENT
30064777961,120259084436,ARGUMENT
30064777962,30064777963,ARGUMENT
30064777962,68719483324,ARGUMENT
30064777963,68719483323,ARGUMENT
30064777963,55834577388,ARGUMENT
30064777964,68719483325,ARGUMENT
30064777964,120259084437,ARGUMENT
30064777965,30064777966,ARGUMENT
30064777965,68719483327,ARGUMENT
30064777966,68719483326,ARGUMENT
30064777966,55834577389,ARGUMENT
30064777967,68719483328,ARGUMENT
30064777967,120259084438,ARGUMENT
30064777968,30064777969,ARGUMENT
30064777968,68719483330,ARGUMENT
30064777969,68719483329,ARGUMENT
30064777969,55834577390,ARGUMENT
30064777970,68719483331,ARGUMENT
30064777970,120259084439,ARGUMENT
30064777971,30064777972,ARGUMENT
30064777971,68719483333,ARGUMENT
30064777972,68719483332,ARGUMENT
30064777972,55834577391,ARGUMENT
30064777973,68719483334,ARGUMENT
30064777973,120259084440,ARGUMENT
30064777974,30064777975,ARGUMENT
30064777974,68719483336,ARGUMENT
30064777975,68719483335,ARGUMENT
30064777975,55834577392,ARGUMENT
30064777976,68719483337,ARGUMENT
30064777976,120259084441,ARGUMENT
30064777977,30064777978,ARGUMENT
30064777977,68719483339,ARGUMENT
30064777978,68719483338,ARGUMENT
30064777978,55834577393,ARGUMENT
30064777979,68719483709,ARGUMENT
30064777979,90194314873,ARGUMENT
30064777980,68719483340,ARGUMENT
30064777980,30064777981,ARGUMENT
30064777981,30064777982,ARGUMENT
30064777981,90194314755,ARGUMENT
30064777981,68719483342,ARGUMENT
30064777982,68719483341,ARGUMENT
30064777982,30064777983,ARGUMENT
30064777984,68719483343,ARGUMENT
30064777984,90194314756,ARGUMENT
30064777985,30064777986,ARGUMENT
30064777985,90194314757,ARGUMENT
30064777986,68719483344,ARGUMENT
30064777986,55834577394,ARGUMENT
30064777987,30064777988,ARGUMENT
30064777987,90194314758,ARGUMENT
30064777988,68719483345,ARGUMENT
30064777988,55834577395,ARGUMENT
30064777989,68719483347,ARGUMENT
30064777989,30064777990,ARGUMENT
30064777990,30064777991,ARGUMENT
30064777990,90194314759,ARGUMENT
30064777991,30064777992,ARGUMENT
30064777991,68719483350,ARGUMENT
30064777992,68719483348,ARGUMENT
30064777992,68719483349,ARGUMENT
30064777993,30064777994,ARGUMENT
30064777993,90194314760,ARGUMENT
30064777994,68719483352,ARGUMENT
30064777994,68719483353,ARGUMENT
30064777995,68719483351,ARGUMENT
30064777995,55834577396,ARGUMENT
30064777996,30064777997,ARGUMENT
30064777996,90194314761,ARGUMENT
30064777997,68719483354,ARGUMENT
30064777997,55834577397,ARGUMENT
30064777998,30064777999,ARGUMENT
30064777998,68719483356,ARGUMENT
30064777999,68719483355,ARGUMENT
30064777999,55834577398,ARGUMENT
30064778000,30064778001,ARGUMENT
30064778000,30064778002,ARGUMENT
30064778001,68719483358,ARGUMENT
30064778001,55834577399,ARGUMENT
30064778002,30064778003,ARGUMENT
30064778002,90194314763,ARGUMENT
30064778002,90194314764,ARGUMENT
30064778003,68719483359,ARGUMENT
30064778003,90194314762,ARGUMENT
30064778004,30064778005,ARGUMENT
30064778004,68719483361,ARGUMENT
30064778005,68719483360,ARGUMENT
30064778005,55834577400,ARGUMENT
30064778006,68719483364,ARGUMENT
30064778006,30064778008,ARGUMENT
30064778007,68719483363,ARGUMENT
30064778007,55834577401,ARGUMENT
30064778008,68719483365,ARGUMENT
30064778008,55834577402,ARGUMENT
30064778009,68719483367,ARGUMENT
30064778009,30064778011,ARGUMENT
30064778010,68719483366,ARGUMENT
30064778010,55834577403,ARGUMENT
30064778011,68719483368,ARGUMENT
30064778011,55834577404,ARGUMENT
30064778012,68719483370,ARGUMENT
30064778012,30064778014,ARGUMENT
30064778013,68719483369,ARGUMENT
30064778013,55834577405,ARGUMENT
30064778014,68719483371,ARGUMENT
30064778014,55834577406,ARGUMENT
30064778015,68719483373,ARGUMENT
30064778015,30064778017,ARGUMENT
30064778016,68719483372,ARGUMENT
30064778016,55834577407,ARGUMENT
30064778017,68719483374,ARGUMENT
30064778017,55834577408,ARGUMENT
30064778018,68719483376,ARGUMENT
30064778018,68719483377,ARGUMENT
30064778018,25769804884,ARGUMENT
30064778019,68719483375,ARGUMENT
30064778019,55834577409,ARGUMENT
30064778020,30064778021,ARGUMENT
30064778020,68719483379,ARGUMENT
30064778021,68719483378,ARGUMENT
30064778021,55834577410,ARGUMENT
30064778022,30064778023,ARGUMENT
30064778022,90194314765,ARGUMENT
30064778023,68719483380,ARGUMENT
30064778023,55834577411,ARGUMENT
30064778024,30064778025,ARGUMENT
30064778024,90194314766,ARGUMENT
30064778025,68719483381,ARGUMENT
30064778025,55834577412,ARGUMENT
30064778026,30064778027,ARGUMENT
30064778026,90194314767,ARGUMENT
30064778027,68719483382,ARGUMENT
30064778027,55834577413,ARGUMENT
30064778028,30064778029,ARGUMENT
30064778028,90194314768,ARGUMENT
30064778029,68719483383,ARGUMENT
30064778029,55834577414,ARGUMENT
30064778030,30064778031,ARGUMENT
30064778030,90194314769,ARGUMENT
30064778031,68719483384,ARGUMENT
30064778031,55834577415,ARGUMENT
30064778032,30064778033,ARGUMENT
30064778032,90194314770,ARGUMENT
30064778033,68719483385,ARGUMENT
30064778033,55834577416,ARGUMENT
30064778034,30064778035,ARGUMENT
30064778034,90194314771,ARGUMENT
30064778035,68719483386,ARGUMENT
30064778035,55834577417,ARGUMENT
30064778036,30064778037,ARGUMENT
30064778036,90194314772,ARGUMENT
30064778037,68719483387,ARGUMENT
30064778037,55834577418,ARGUMENT
30064778038,68719483389,ARGUMENT
30064778038,30064778039,ARGUMENT
30064778039,68719483391,ARGUMENT
30064778039,30064778041,ARGUMENT
30064778040,68719483390,ARGUMENT
30064778040,55834577419,ARGUMENT
30064778041,68719483392,ARGUMENT
30064778041,55834577420,ARGUMENT
30064778042,30064778043,ARGUMENT
30064778042,30064778044,ARGUMENT
30064778043,68719483394,ARGUMENT
30064778043,55834577421,ARGUMENT
30064778044,30064778045,ARGUMENT
30064778044,90194314773,ARGUMENT
30064778045,30064778046,ARGUMENT
30064778046,68719483395,ARGUMENT
30064778046,55834577422,ARGUMENT
30064778047,30064778048,ARGUMENT
30064778047,30064778049,ARGUMENT
30064778048,68719483396,ARGUMENT
30064778048,55834577423,ARGUMENT
30064778049,30064778050,ARGUMENT
30064778049,90194314774,ARGUMENT
30064778050,30064778051,ARGUMENT
30064778051,68719483397,ARGUMENT
30064778051,55834577424,ARGUMENT
30064778052,68719483398,ARGUMENT
30064778052,30064778053,ARGUMENT
30064778053,68719483400,ARGUMENT
30064778053,30064778055,ARGUMENT
30064778054,68719483399,ARGUMENT
30064778054,55834577425,ARGUMENT
30064778055,68719483401,ARGUMENT
30064778055,55834577426,ARGUMENT
30064778056,30064778057,ARGUMENT
30064778056,30064778058,ARGUMENT
30064778057,68719483403,ARGUMENT
30064778057,55834577427,ARGUMENT
30064778058,30064778059,ARGUMENT
30064778058,90194314775,ARGUMENT
30064778059,30064778060,ARGUMENT
30064778060,68719483404,ARGUMENT
30064778060,55834577428,ARGUMENT
30064778061,30064778062,ARGUMENT
30064778061,30064778063,ARGUMENT
30064778062,68719483405,ARGUMENT
30064778062,55834577429,ARGUMENT
30064778063,30064778064,ARGUMENT
30064778063,90194314776,ARGUMENT
30064778064,30064778065,ARGUMENT
30064778065,68719483406,ARGUMENT
30064778065,55834577430,ARGUMENT
30064778066,68719483407,ARGUMENT
30064778066,30064778067,ARGUMENT
30064778067,68719483409,ARGUMENT
30064778067,30064778069,ARGUMENT
30064778068,68719483408,ARGUMENT
30064778068,55834577431,ARGUMENT
30064778069,68719483410,ARGUMENT
30064778069,55834577432,ARGUMENT
30064778070,30064778071,ARGUMENT
30064778070,30064778072,ARGUMENT
30064778071,68719483412,ARGUMENT
30064778071,55834577433,ARGUMENT
30064778072,30064778073,ARGUMENT
30064778072,90194314777,ARGUMENT
30064778073,30064778074,ARGUMENT
30064778074,68719483413,ARGUMENT
30064778074,55834577434,ARGUMENT
30064778075,30064778076,ARGUMENT
30064778075,30064778077,ARGUMENT
30064778076,68719483414,ARGUMENT
30064778076,55834577435,ARGUMENT
30064778077,30064778078,ARGUMENT
30064778077,90194314778,ARGUMENT
30064778078,30064778079,ARGUMENT
30064778079,68719483415,ARGUMENT
30064778079,55834577436,ARGUMENT
30064778080,68719483416,ARGUMENT
30064778080,30064778081,ARGUMENT
30064778081,68719483418,ARGUMENT
30064778081,30064778083,ARGUMENT
30064778082,68719483417,ARGUMENT
30064778082,55834577437,ARGUMENT
30064778083,68719483419,ARGUMENT
30064778083,55834577438,ARGUMENT
30064778084,30064778085,ARGUMENT
30064778084,30064778086,ARGUMENT
30064778085,68719483421,ARGUMENT
30064778085,55834577439,ARGUMENT
30064778086,30064778087,ARGUMENT
30064778086,90194314779,ARGUMENT
30064778087,30064778088,ARGUMENT
30064778088,68719483422,ARGUMENT
30064778088,55834577440,ARGUMENT
30064778089,30064778090,ARGUMENT
30064778089,30064778091,ARGUMENT
30064778090,68719483423,ARGUMENT
30064778090,55834577441,ARGUMENT
30064778091,30064778092,ARGUMENT
30064778091,90194314780,ARGUMENT
30064778092,30064778093,ARGUMENT
30064778093,68719483424,ARGUMENT
30064778093,55834577442,ARGUMENT
30064778094,68719483427,ARGUMENT
30064778094,30064778098,ARGUMENT
30064778095,30064778096,ARGUMENT
30064778095,55834577444,ARGUMENT
30064778096,68719483425,ARGUMENT
30064778096,30064778097,ARGUMENT
30064778097,68719483426,ARGUMENT
30064778097,55834577443,ARGUMENT
30064778098,68719483428,ARGUMENT
30064778098,55834577445,ARGUMENT
30064778099,68719483429,ARGUMENT
30064778099,55834577446,ARGUMENT
30064778100,68719483430,ARGUMENT
30064778100,90194314781,ARGUMENT
30064778101,68719483431,ARGUMENT
30064778101,55834577447,ARGUMENT
30064778102,68719483432,ARGUMENT
30064778102,90194314782,ARGUMENT
30064778103,68719483433,ARGUMENT
30064778103,55834577448,ARGUMENT
30064778104,68719483434,ARGUMENT
30064778104,55834577449,ARGUMENT
30064778105,68719483435,ARGUMENT
30064778105,90194314783,ARGUMENT
30064778106,68719483436,ARGUMENT
30064778106,68719483437,ARGUMENT
30064778107,68719483438,ARGUMENT
30064778107,68719483439,ARGUMENT
30064778108,68719483440,ARGUMENT
30064778108,68719483441,ARGUMENT
30064778109,68719483442,ARGUMENT
30064778109,68719483443,ARGUMENT
30064778110,68719483444,ARGUMENT
30064778110,30064778111,ARGUMENT
30064778111,30064778112,ARGUMENT
30064778111,90194314784,ARGUMENT
30064778111,68719483446,ARGUMENT
30064778112,68719483445,ARGUMENT
30064778112,30064778113,ARGUMENT
30064778114,68719483447,ARGUMENT
30064778114,30064778115,ARGUMENT
30064778115,30064778116,ARGUMENT
30064778115,90194314785,ARGUMENT
30064778115,68719483449,ARGUMENT
30064778116,68719483448,ARGUMENT
30064778116,30064778117,ARGUMENT
30064778118,68719483450,ARGUMENT
30064778118,30064778119,ARGUMENT
30064778119,30064778120,ARGUMENT
30064778119,90194314786,ARGUMENT
30064778119,68719483452,ARGUMENT
30064778120,68719483451,ARGUMENT
30064778120,30064778121,ARGUMENT
30064778122,68719483453,ARGUMENT
30064778122,30064778123,ARGUMENT
30064778123,68719483455,ARGUMENT
30064778124,68719483456,ARGUMENT
30064778124,30064778125,ARGUMENT
30064778125,68719483458,ARGUMENT
30064778125,68719483459,ARGUMENT
30064778125,90194314787,ARGUMENT
30064778126,68719483457,ARGUMENT
30064778126,55834577450,ARGUMENT
30064778127,68719483460,ARGUMENT
30064778127,30064778128,ARGUMENT
30064778128,68719483462,ARGUMENT
30064778128,90194314788,ARGUMENT
30064778128,68719483463,ARGUMENT
30064778129,68719483461,ARGUMENT
30064778129,55834577451,ARGUMENT
30064778130,68719483465,ARGUMENT
30064778130,90194314790,ARGUMENT
30064778131,68719483466,ARGUMENT
30064778131,90194314791,ARGUMENT
30064778132,68719483467,ARGUMENT
30064778132,30064778133,ARGUMENT
30064778133,90194314792,ARGUMENT
30064778133,68719483468,ARGUMENT
30064778133,90194314793,ARGUMENT
30064778134,68719483469,ARGUMENT
30064778134,30064778135,ARGUMENT
30064778135,90194314794,ARGUMENT
30064778135,30064778136,ARGUMENT
30064778135,90194314796,ARGUMENT
30064778136,68719483470,ARGUMENT
30064778136,30064778137,ARGUMENT
30064778137,68719483471,ARGUMENT
30064778137,90194314795,ARGUMENT
30064778138,68719483472,ARGUMENT
30064778138,90194314798,ARGUMENT
30064778139,68719483473,ARGUMENT
30064778139,90194314799,ARGUMENT
30064778140,68719483474,ARGUMENT
30064778140,30064778141,ARGUMENT
30064778141,90194314800,ARGUMENT
30064778141,68719483475,ARGUMENT
30064778141,90194314801,ARGUMENT
30064778142,68719483476,ARGUMENT
30064778142,30064778143,ARGUMENT
30064778143,90194314802,ARGUMENT
30064778143,30064778144,ARGUMENT
30064778143,90194314804,ARGUMENT
30064778144,68719483477,ARGUMENT
30064778144,30064778145,ARGUMENT
30064778145,68719483478,ARGUMENT
30064778145,90194314803,ARGUMENT
30064778146,68719483479,ARGUMENT
30064778146,90194314806,ARGUMENT
30064778147,68719483480,ARGUMENT
30064778147,90194314807,ARGUMENT
30064778148,68719483481,ARGUMENT
30064778148,30064778149,ARGUMENT
30064778149,90194314808,ARGUMENT
30064778149,68719483482,ARGUMENT
30064778149,90194314809,ARGUMENT
30064778150,68719483483,ARGUMENT
30064778150,30064778151,ARGUMENT
30064778151,90194314810,ARGUMENT
30064778151,30064778152,ARGUMENT
30064778151,90194314812,ARGUMENT
30064778152,68719483484,ARGUMENT
30064778152,30064778153,ARGUMENT
30064778153,68719483485,ARGUMENT
30064778153,90194314811,ARGUMENT
30064778154,68719483486,ARGUMENT
30064778154,30064778155,ARGUMENT
30064778155,30064778156,ARGUMENT
30064778155,30064778157,ARGUMENT
30064778155,90194314822,ARGUMENT
30064778156,68719483487,ARGUMENT
30064778156,90194314813,ARGUMENT
30064778157,90194314814,ARGUMENT
30064778157,30064778158,ARGUMENT
30064778157,90194314815,ARGUMENT
30064778157,30064778159,ARGUMENT
30064778157,90194314821,ARGUMENT
30064778158,68719483488,ARGUMENT
30064778158,68719483489,ARGUMENT
30064778159,30064778160,ARGUMENT
30064778159,90194314817,ARGUMENT
30064778159,30064778161,ARGUMENT
30064778160,68719483490,ARGUMENT
30064778160,90194314816,ARGUMENT
30064778161,30064778162,ARGUMENT
30064778161,90194314819,ARGUMENT
30064778161,90194314820,ARGUMENT
30064778162,68719483491,ARGUMENT
30064778162,90194314818,ARGUMENT
30064778163,68719483492,ARGUMENT
30064778163,30064778164,ARGUMENT
30064778164,90194314823,ARGUMENT
30064778164,68719483493,ARGUMENT
30064778164,90194314824,ARGUMENT
30064778164,68719483494,ARGUMENT
30064778164,90194314825,ARGUMENT
30064778164,68719483495,ARGUMENT
30064778164,90194314826,ARGUMENT
30064778164,68719483496,ARGUMENT
30064778164,90194314827,ARGUMENT
30064778164,68719483497,ARGUMENT
30064778164,90194314828,ARGUMENT
30064778165,68719483499,ARGUMENT
30064778165,90194314829,ARGUMENT
30064778165,68719483500,ARGUMENT
30064778166,68719483498,ARGUMENT
30064778166,55834577452,ARGUMENT
30064778167,68719483502,ARGUMENT
30064778167,90194314830,ARGUMENT
30064778167,68719483503,ARGUMENT
30064778168,68719483501,ARGUMENT
30064778168,55834577453,ARGUMENT
30064778169,68719483505,ARGUMENT
30064778169,90194314831,ARGUMENT
30064778169,68719483506,ARGUMENT
30064778170,68719483504,ARGUMENT
30064778170,55834577454,ARGUMENT
30064778171,68719483508,ARGUMENT
30064778171,90194314832,ARGUMENT
30064778172,68719483507,ARGUMENT
30064778172,55834577455,ARGUMENT
30064778173,68719483509,ARGUMENT
30064778173,30064778174,ARGUMENT
30064778174,30064778175,ARGUMENT
30064778175,68719483511,ARGUMENT
30064778175,68719483512,ARGUMENT
30064778175,25769804874,ARGUMENT
30064778176,68719483510,ARGUMENT
30064778176,55834577456,ARGUMENT
30064778177,68719483513,ARGUMENT
30064778177,30064778178,ARGUMENT
30064778179,68719483515,ARGUMENT
30064778179,68719483516,ARGUMENT
30064778180,68719483514,ARGUMENT
30064778180,55834577457,ARGUMENT
30064778181,68719483518,ARGUMENT
30064778181,30064778182,ARGUMENT
30064778182,90194314833,ARGUMENT
30064778182,68719483519,ARGUMENT
30064778182,90194314834,ARGUMENT
30064778182,68719483520,ARGUMENT
30064778182,90194314835,ARGUMENT
30064778182,68719483521,ARGUMENT
30064778182,90194314836,ARGUMENT
30064778182,68719483522,ARGUMENT
30064778182,90194314837,ARGUMENT
30064778182,68719483523,ARGUMENT
30064778182,90194314838,ARGUMENT
30064778183,68719483524,ARGUMENT
30064778183,30064778184,ARGUMENT
30064778184,30064778185,ARGUMENT
30064778185,68719483526,ARGUMENT
30064778185,68719483527,ARGUMENT
30064778185,25769804875,ARGUMENT
30064778186,68719483525,ARGUMENT
30064778186,55834577458,ARGUMENT
30064778187,68719483528,ARGUMENT
30064778187,30064778188,ARGUMENT
30064778189,68719483530,ARGUMENT
30064778189,68719483531,ARGUMENT
30064778190,68719483529,ARGUMENT
30064778190,55834577459,ARGUMENT
30064778191,68719483533,ARGUMENT
30064778191,30064778192,ARGUMENT
30064778192,90194314839,ARGUMENT
30064778192,68719483534,ARGUMENT
30064778192,90194314840,ARGUMENT
30064778192,68719483535,ARGUMENT
30064778192,90194314841,ARGUMENT
30064778192,68719483536,ARGUMENT
30064778192,90194314842,ARGUMENT
30064778192,68719483537,ARGUMENT
30064778192,90194314843,ARGUMENT
30064778192,68719483538,ARGUMENT
30064778192,90194314844,ARGUMENT
30064778193,68719483539,ARGUMENT
30064778193,30064778194,ARGUMENT
30064778194,30064778195,ARGUMENT
30064778195,68719483541,ARGUMENT
30064778195,68719483542,ARGUMENT
30064778195,25769804876,ARGUMENT
30064778196,68719483540,ARGUMENT
30064778196,55834577460,ARGUMENT
30064778197,68719483543,ARGUMENT
30064778197,30064778198,ARGUMENT
30064778199,68719483545,ARGUMENT
30064778199,68719483546,ARGUMENT
30064778200,68719483544,ARGUMENT
30064778200,55834577461,ARGUMENT
30064778201,68719483548,ARGUMENT
30064778201,30064778202,ARGUMENT
30064778202,90194314845,ARGUMENT
30064778202,68719483549,ARGUMENT
30064778202,90194314846,ARGUMENT
30064778202,68719483550,ARGUMENT
30064778202,90194314847,ARGUMENT
30064778202,68719483551,ARGUMENT
30064778202,90194314848,ARGUMENT
30064778202,68719483552,ARGUMENT
30064778202,90194314849,ARGUMENT
30064778202,68719483553,ARGUMENT
30064778202,90194314850,ARGUMENT
30064778203,68719483554,ARGUMENT
30064778203,30064778204,ARGUMENT
30064778204,30064778205,ARGUMENT
30064778205,68719483556,ARGUMENT
30064778205,68719483557,ARGUMENT
30064778205,25769804877,ARGUMENT
30064778206,68719483555,ARGUMENT
30064778206,55834577462,ARGUMENT
30064778207,68719483558,ARGUMENT
30064778207,30064778208,ARGUMENT
30064778209,68719483560,ARGUMENT
30064778209,68719483561,ARGUMENT
30064778210,68719483559,ARGUMENT
30064778210,55834577463,ARGUMENT
30064778211,68719483563,ARGUMENT
30064778211,25769804878,ARGUMENT
30064778212,68719483564,ARGUMENT
30064778212,30064778213,ARGUMENT
30064778214,68719483566,ARGUMENT
30064778215,68719483568,ARGUMENT
30064778215,25769804879,ARGUMENT
30064778216,68719483569,ARGUMENT
30064778216,30064778217,ARGUMENT
30064778218,68719483571,ARGUMENT
30064778219,68719483575,ARGUMENT
30064778219,120259084442,ARGUMENT
30064778220,30064778221,ARGUMENT
30064778220,55834577465,ARGUMENT
30064778221,68719483573,ARGUMENT
30064778221,30064778222,ARGUMENT
30064778222,68719483574,ARGUMENT
30064778222,55834577464,ARGUMENT
30064778223,68719483578,ARGUMENT
30064778223,120259084443,ARGUMENT
30064778224,30064778225,ARGUMENT
30064778224,55834577467,ARGUMENT
30064778225,68719483576,ARGUMENT
30064778225,30064778226,ARGUMENT
30064778226,68719483577,ARGUMENT
30064778226,55834577466,ARGUMENT
30064778227,68719483581,ARGUMENT
30064778227,120259084444,ARGUMENT
30064778228,30064778229,ARGUMENT
30064778228,55834577469,ARGUMENT
30064778229,68719483579,ARGUMENT
30064778229,30064778230,ARGUMENT
30064778230,68719483580,ARGUMENT
30064778230,55834577468,ARGUMENT
30064778231,68719483584,ARGUMENT
30064778231,120259084445,ARGUMENT
30064778232,30064778233,ARGUMENT
30064778232,55834577471,ARGUMENT
30064778233,68719483582,ARGUMENT
30064778233,30064778234,ARGUMENT
30064778234,68719483583,ARGUMENT
30064778234,55834577470,ARGUMENT
30064778235,68719483586,ARGUMENT
30064778235,120259084446,ARGUMENT
30064778236,68719483585,ARGUMENT
30064778236,55834577472,ARGUMENT
30064778237,68719483589,ARGUMENT
30064778237,120259084447,ARGUMENT
30064778238,30064778239,ARGUMENT
30064778238,55834577474,ARGUMENT
30064778239,68719483587,ARGUMENT
30064778239,30064778240,ARGUMENT
30064778240,68719483588,ARGUMENT
30064778240,55834577473,ARGUMENT
30064778241,68719483592,ARGUMENT
30064778241,120259084448,ARGUMENT
30064778242,30064778243,ARGUMENT
30064778242,55834577476,ARGUMENT
30064778243,68719483590,ARGUMENT
30064778243,30064778244,ARGUMENT
30064778244,68719483591,ARGUMENT
30064778244,55834577475,ARGUMENT
30064778245,68719483595,ARGUMENT
30064778245,120259084449,ARGUMENT
30064778246,30064778247,ARGUMENT
30064778246,55834577478,ARGUMENT
30064778247,68719483593,ARGUMENT
30064778247,30064778248,ARGUMENT
30064778248,68719483594,ARGUMENT
30064778248,55834577477,ARGUMENT
30064778249,68719483598,ARGUMENT
30064778249,120259084450,ARGUMENT
30064778250,30064778251,ARGUMENT
30064778250,55834577480,ARGUMENT
30064778251,68719483596,ARGUMENT
30064778251,30064778252,ARGUMENT
30064778252,68719483597,ARGUMENT
30064778252,55834577479,ARGUMENT
30064778253,68719483599,ARGUMENT
30064778253,30064778254,ARGUMENT
30064778254,68719483605,ARGUMENT
30064778254,120259084451,ARGUMENT
30064778255,30064778256,ARGUMENT
30064778255,55834577483,ARGUMENT
30064778256,68719483600,ARGUMENT
30064778256,30064778257,ARGUMENT
30064778257,68719483602,ARGUMENT
30064778257,30064778259,ARGUMENT
30064778258,68719483601,ARGUMENT
30064778258,55834577481,ARGUMENT
30064778259,68719483604,ARGUMENT
30064778260,68719483603,ARGUMENT
30064778260,55834577482,ARGUMENT
30064778261,68719483606,ARGUMENT
30064778261,30064778262,ARGUMENT
30064778262,68719483610,ARGUMENT
30064778262,120259084453,ARGUMENT
30064778263,30064778264,ARGUMENT
30064778263,55834577485,ARGUMENT
30064778264,68719483607,ARGUMENT
30064778264,30064778265,ARGUMENT
30064778265,68719483609,ARGUMENT
30064778265,120259084452,ARGUMENT
30064778266,68719483608,ARGUMENT
30064778266,55834577484,ARGUMENT
30064778267,68719483611,ARGUMENT
30064778267,30064778268,ARGUMENT
30064778268,68719483615,ARGUMENT
30064778268,120259084455,ARGUMENT
30064778269,30064778270,ARGUMENT
30064778269,55834577487,ARGUMENT
30064778270,68719483612,ARGUMENT
30064778270,30064778271,ARGUMENT
30064778271,68719483614,ARGUMENT
30064778271,120259084454,ARGUMENT
30064778272,68719483613,ARGUMENT
30064778272,55834577486,ARGUMENT
30064778273,68719483616,ARGUMENT
30064778273,30064778274,ARGUMENT
30064778274,68719483618,ARGUMENT
30064778274,120259084456,ARGUMENT
30064778275,68719483617,ARGUMENT
30064778275,55834577488,ARGUMENT
30064778276,68719483619,ARGUMENT
30064778276,30064778277,ARGUMENT
30064778277,68719483623,ARGUMENT
30064778277,120259084458,ARGUMENT
30064778278,30064778279,ARGUMENT
30064778278,55834577490,ARGUMENT
30064778279,68719483620,ARGUMENT
30064778279,30064778280,ARGUMENT
30064778280,68719483622,ARGUMENT
30064778280,120259084457,ARGUMENT
30064778281,68719483621,ARGUMENT
30064778281,55834577489,ARGUMENT
30064778282,68719483624,ARGUMENT
30064778282,30064778283,ARGUMENT
30064778283,30064778284,ARGUMENT
30064778283,25769804902,ARGUMENT
30064778284,68719483625,ARGUMENT
30064778284,30064778285,ARGUMENT
30064778285,30064778286,ARGUMENT
30064778285,90194314851,ARGUMENT
30064778286,68719483626,ARGUMENT
30064778286,55834577491,ARGUMENT
30064778287,30064778288,ARGUMENT
30064778287,90194314852,ARGUMENT
30064778288,68719483627,ARGUMENT
30064778288,55834577492,ARGUMENT
30064778289,30064778290,ARGUMENT
30064778289,90194314853,ARGUMENT
30064778290,68719483628,ARGUMENT
30064778290,55834577493,ARGUMENT
30064778291,30064778292,ARGUMENT
30064778291,90194314854,ARGUMENT
30064778292,68719483629,ARGUMENT
30064778292,55834577494,ARGUMENT
30064778293,30064778294,ARGUMENT
30064778293,90194314855,ARGUMENT
30064778294,68719483630,ARGUMENT
30064778294,55834577495,ARGUMENT
30064778295,68719483632,ARGUMENT
30064778295,30064778296,ARGUMENT
30064778296,30064778297,ARGUMENT
30064778296,68719483635,ARGUMENT
30064778297,68719483633,ARGUMENT
30064778297,30064778298,ARGUMENT
30064778298,30064778299,ARGUMENT
30064778298,90194314856,ARGUMENT
30064778299,68719483634,ARGUMENT
30064778299,55834577496,ARGUMENT
30064778300,68719483636,ARGUMENT
30064778300,30064778301,ARGUMENT
30064778301,30064778302,ARGUMENT
30064778301,30064778304,ARGUMENT
30064778301,90194314859,ARGUMENT
30064778302,30064778303,ARGUMENT
30064778302,90194314857,ARGUMENT
30064778303,68719483637,ARGUMENT
30064778303,55834577497,ARGUMENT
30064778304,30064778305,ARGUMENT
30064778304,30064778307,ARGUMENT
30064778305,68719483639,ARGUMENT
30064778305,120259084459,ARGUMENT
30064778305,90194314858,ARGUMENT
30064778306,68719483638,ARGUMENT
30064778306,55834577498,ARGUMENT
30064778307,68719483640,ARGUMENT
30064778307,55834577499,ARGUMENT
30064778308,68719483641,ARGUMENT
30064778308,30064778309,ARGUMENT
30064778309,30064778310,ARGUMENT
30064778309,30064778312,ARGUMENT
30064778309,90194314862,ARGUMENT
30064778310,30064778311,ARGUMENT
30064778310,90194314860,ARGUMENT
30064778311,68719483642,ARGUMENT
30064778311,55834577500,ARGUMENT
30064778312,30064778313,ARGUMENT
30064778312,30064778315,ARGUMENT
30064778313,68719483644,ARGUMENT
30064778313,120259084460,ARGUMENT
30064778313,90194314861,ARGUMENT
30064778314,68719483643,ARGUMENT
30064778314,55834577501,ARGUMENT
30064778315,68719483645,ARGUMENT
30064778315,55834577502,ARGUMENT
30064778316,68719483646,ARGUMENT
30064778316,30064778317,ARGUMENT
30064778317,30064778318,ARGUMENT
30064778317,30064778320,ARGUMENT
30064778317,90194314865,ARGUMENT
30064778318,30064778319,ARGUMENT
30064778318,90194314863,ARGUMENT
30064778319,68719483647,ARGUMENT
30064778319,55834577503,ARGUMENT
30064778320,30064778321,ARGUMENT
30064778320,30064778323,ARGUMENT
30064778321,68719483649,ARGUMENT
30064778321,120259084461,ARGUMENT
30064778321,90194314864,ARGUMENT
30064778322,68719483648,ARGUMENT
30064778322,55834577504,ARGUMENT
30064778323,68719483650,ARGUMENT
30064778323,55834577505,ARGUMENT
30064778324,68719483651,ARGUMENT
30064778324,30064778325,ARGUMENT
30064778325,30064778326,ARGUMENT
30064778325,30064778328,ARGUMENT
30064778325,90194314868,ARGUMENT
30064778326,30064778327,ARGUMENT
30064778326,90194314866,ARGUMENT
30064778327,68719483652,ARGUMENT
30064778327,55834577506,ARGUMENT
30064778328,30064778329,ARGUMENT
30064778328,30064778331,ARGUMENT
30064778329,68719483654,ARGUMENT
30064778329,120259084462,ARGUMENT
30064778329,90194314867,ARGUMENT
30064778330,68719483653,ARGUMENT
30064778330,55834577507,ARGUMENT
30064778331,68719483655,ARGUMENT
30064778331,55834577508,ARGUMENT
30064778332,30064778333,ARGUMENT
30064778332,68719483657,ARGUMENT
30064778333,68719483656,ARGUMENT
30064778333,55834577509,ARGUMENT
30064778334,30064778335,ARGUMENT
30064778334,68719483659,ARGUMENT
30064778335,68719483658,ARGUMENT
30064778335,55834577510,ARGUMENT
30064778336,30064778337,ARGUMENT
30064778336,25769804908,ARGUMENT
30064778337,68719483660,ARGUMENT
30064778337,55834577511,ARGUMENT
30064778338,30064778339,ARGUMENT
30064778338,25769804909,ARGUMENT
30064778339,68719483661,ARGUMENT
30064778339,55834577512,ARGUMENT
30064778340,30064778341,ARGUMENT
30064778340,30064778342,ARGUMENT
30064778341,68719483662,ARGUMENT
30064778341,55834577513,ARGUMENT
30064778342,68719483663,ARGUMENT
30064778342,55834577514,ARGUMENT
30064778343,30064778344,ARGUMENT
30064778343,68719483665,ARGUMENT
30064778344,68719483664,ARGUMENT
30064778344,55834577515,ARGUMENT
30064778345,68719483666,ARGUMENT
30064778345,30064778346,ARGUMENT
30064778346,68719483668,ARGUMENT
30064778346,30064778347,ARGUMENT
30064778346,30064778348,ARGUMENT
30064778346,90194314869,ARGUMENT
30064778347,68719483669,ARGUMENT
30064778347,55834577516,ARGUMENT
30064778348,68719483670,ARGUMENT
30064778348,55834577517,ARGUMENT
30064778349,30064778350,ARGUMENT
30064778349,25769804910,ARGUMENT
30064778350,68719483672,ARGUMENT
30064778350,55834577518,ARGUMENT
30064778351,30064778352,ARGUMENT
30064778351,30064778353,ARGUMENT
30064778352,68719483673,ARGUMENT
30064778352,55834577519,ARGUMENT
30064778353,68719483674,ARGUMENT
30064778353,55834577520,ARGUMENT
30064778354,30064778355,ARGUMENT
30064778354,68719483676,ARGUMENT
30064778355,68719483675,ARGUMENT
30064778355,55834577521,ARGUMENT
30064778356,68719483677,ARGUMENT
30064778356,30064778357,ARGUMENT
30064778357,68719483679,ARGUMENT
30064778357,30064778358,ARGUMENT
30064778357,30064778359,ARGUMENT
30064778357,90194314870,ARGUMENT
30064778358,68719483680,ARGUMENT
30064778358,55834577522,ARGUMENT
30064778359,68719483681,ARGUMENT
30064778359,55834577523,ARGUMENT
30064778360,30064778361,ARGUMENT
30064778360,25769804911,ARGUMENT
30064778361,68719483683,ARGUMENT
30064778361,55834577524,ARGUMENT
30064778362,30064778363,ARGUMENT
30064778362,30064778364,ARGUMENT
30064778363,68719483684,ARGUMENT
30064778363,55834577525,ARGUMENT
30064778364,68719483685,ARGUMENT
30064778364,55834577526,ARGUMENT
30064778365,30064778366,ARGUMENT
30064778365,68719483687,ARGUMENT
30064778366,68719483686,ARGUMENT
30064778366,55834577527,ARGUMENT
30064778367,68719483688,ARGUMENT
30064778367,30064778368,ARGUMENT
30064778368,68719483690,ARGUMENT
30064778368,30064778369,ARGUMENT
30064778368,30064778370,ARGUMENT
30064778368,90194314871,ARGUMENT
30064778369,68719483691,ARGUMENT
30064778369,55834577528,ARGUMENT
30064778370,68719483692,ARGUMENT
30064778370,55834577529,ARGUMENT
30064778371,30064778372,ARGUMENT
30064778371,25769804912,ARGUMENT
30064778372,68719483694,ARGUMENT
30064778372,55834577530,ARGUMENT
30064778373,30064778374,ARGUMENT
30064778373,30064778375,ARGUMENT
30064778374,68719483695,ARGUMENT
30064778374,55834577531,ARGUMENT
30064778375,68719483696,ARGUMENT
30064778375,55834577532,ARGUMENT
30064778376,30064778377,ARGUMENT
30064778376,68719483698,ARGUMENT
30064778377,68719483697,ARGUMENT
30064778377,55834577533,ARGUMENT
30064778378,68719483699,ARGUMENT
30064778378,30064778379,ARGUMENT
30064778379,68719483701,ARGUMENT
30064778379,30064778380,ARGUMENT
30064778379,30064778381,ARGUMENT
30064778379,90194314872,ARGUMENT
30064778380,68719483702,ARGUMENT
30064778380,55834577534,ARGUMENT
30064778381,68719483703,ARGUMENT
30064778381,55834577535,ARGUMENT
30064778382,68719483707,ARGUMENT
30064778382,30064778383,ARGUMENT
30064778383,30064777979,ARGUMENT
30064778383,55834577536,ARGUMENT
30064778384,68719483710,ARGUMENT
30064778384,120259084463,ARGUMENT
30064778385,30064778386,ARGUMENT
30064778385,68719483712,ARGUMENT
30064778386,68719483711,ARGUMENT
30064778386,55834577537,ARGUMENT
30064778387,30064778388,ARGUMENT
30064778387,68719483714,ARGUMENT
30064778388,68719483713,ARGUMENT
30064778388,55834577538,ARGUMENT
30064778389,68719483715,ARGUMENT
30064778389,120259084464,ARGUMENT
30064778390,30064778391,ARGUMENT
30064778390,68719483717,ARGUMENT
30064778391,68719483716,ARGUMENT
30064778391,55834577539,ARGUMENT
30064778392,68719483973,ARGUMENT
30064778392,90194314920,ARGUMENT
30064778393,68719483718,ARGUMENT
30064778393,30064778394,ARGUMENT
30064778394,68719483720,ARGUMENT
30064778395,68719483721,ARGUMENT
30064778395,90194314874,ARGUMENT
30064778396,68719483722,ARGUMENT
30064778396,90194314875,ARGUMENT
30064778397,68719483723,ARGUMENT
30064778397,90194314876,ARGUMENT
30064778398,68719483724,ARGUMENT
30064778398,90194314877,ARGUMENT
30064778399,68719483725,ARGUMENT
30064778399,30064778400,ARGUMENT
30064778400,30064778401,ARGUMENT
30064778401,25769804920,ARGUMENT
30064778402,68719483726,ARGUMENT
30064778402,30064778403,ARGUMENT
30064778404,68719483728,ARGUMENT
30064778404,30064778406,ARGUMENT
30064778405,68719483727,ARGUMENT
30064778405,55834577540,ARGUMENT
30064778406,68719483730,ARGUMENT
30064778406,68719483731,ARGUMENT
30064778406,25769804921,ARGUMENT
30064778407,68719483729,ARGUMENT
30064778407,55834577541,ARGUMENT
30064778408,68719483732,ARGUMENT
30064778408,30064778409,ARGUMENT
30064778410,68719483734,ARGUMENT
30064778410,68719483735,ARGUMENT
30064778411,68719483733,ARGUMENT
30064778411,55834577542,ARGUMENT
30064778412,68719483737,ARGUMENT
30064778412,68719483738,ARGUMENT
30064778413,68719483736,ARGUMENT
30064778413,55834577543,ARGUMENT
30064778414,68719483740,ARGUMENT
30064778414,68719483741,ARGUMENT
30064778415,68719483739,ARGUMENT
30064778415,55834577544,ARGUMENT
30064778416,68719483744,ARGUMENT
30064778416,30064778418,ARGUMENT
30064778417,68719483743,ARGUMENT
30064778417,55834577545,ARGUMENT
30064778418,68719483746,ARGUMENT
30064778418,68719483747,ARGUMENT
30064778418,25769804922,ARGUMENT
30064778419,68719483745,ARGUMENT
30064778419,55834577546,ARGUMENT
30064778420,68719483748,ARGUMENT
30064778420,30064778421,ARGUMENT
30064778422,68719483750,ARGUMENT
30064778422,68719483751,ARGUMENT
30064778423,68719483749,ARGUMENT
30064778423,55834577547,ARGUMENT
30064778424,68719483753,ARGUMENT
30064778424,68719483754,ARGUMENT
30064778425,68719483752,ARGUMENT
30064778425,55834577548,ARGUMENT
30064778426,68719483756,ARGUMENT
30064778426,68719483757,ARGUMENT
30064778427,68719483755,ARGUMENT
30064778427,55834577549,ARGUMENT
30064778428,68719483760,ARGUMENT
30064778428,30064778430,ARGUMENT
30064778429,68719483759,ARGUMENT
30064778429,55834577550,ARGUMENT
30064778430,68719483762,ARGUMENT
30064778430,68719483763,ARGUMENT
30064778430,25769804923,ARGUMENT
30064778431,68719483761,ARGUMENT
30064778431,55834577551,ARGUMENT
30064778432,68719483764,ARGUMENT
30064778432,30064778433,ARGUMENT
30064778434,68719483766,ARGUMENT
30064778434,68719483767,ARGUMENT
30064778435,68719483765,ARGUMENT
30064778435,55834577552,ARGUMENT
30064778436,68719483769,ARGUMENT
30064778436,68719483770,ARGUMENT
30064778437,68719483768,ARGUMENT
30064778437,55834577553,ARGUMENT
30064778438,68719483772,ARGUMENT
30064778438,68719483773,ARGUMENT
30064778439,68719483771,ARGUMENT
30064778439,55834577554,ARGUMENT
30064778440,68719483776,ARGUMENT
30064778440,30064778442,ARGUMENT
30064778441,68719483775,ARGUMENT
30064778441,55834577555,ARGUMENT
30064778442,68719483778,ARGUMENT
30064778442,68719483779,ARGUMENT
30064778442,25769804924,ARGUMENT
30064778443,68719483777,ARGUMENT
30064778443,55834577556,ARGUMENT
30064778444,68719483780,ARGUMENT
30064778444,30064778445,ARGUMENT
30064778446,68719483782,ARGUMENT
30064778446,68719483783,ARGUMENT
30064778447,68719483781,ARGUMENT
30064778447,55834577557,ARGUMENT
30064778448,68719483785,ARGUMENT
30064778448,68719483786,ARGUMENT
30064778449,68719483784,ARGUMENT
30064778449,55834577558,ARGUMENT
30064778450,68719483788,ARGUMENT
30064778450,68719483789,ARGUMENT
30064778451,68719483787,ARGUMENT
30064778451,55834577559,ARGUMENT
30064778452,68719483792,ARGUMENT
30064778452,30064778453,ARGUMENT
30064778453,68719483793,ARGUMENT
30064778453,90194314878,ARGUMENT
30064778454,68719483794,ARGUMENT
30064778454,30064778455,ARGUMENT
30064778455,68719483795,ARGUMENT
30064778455,90194314879,ARGUMENT
30064778456,68719483796,ARGUMENT
30064778456,30064778457,ARGUMENT
30064778457,68719483797,ARGUMENT
30064778457,90194314880,ARGUMENT
30064778458,68719483798,ARGUMENT
30064778458,30064778459,ARGUMENT
30064778459,68719483799,ARGUMENT
30064778459,90194314881,ARGUMENT
30064778460,68719483801,ARGUMENT
30064778460,30064778461,ARGUMENT
30064778461,30064778462,ARGUMENT
30064778461,90194314882,ARGUMENT
30064778462,68719483802,ARGUMENT
30064778462,55834577560,ARGUMENT
30064778463,68719483803,ARGUMENT
30064778463,30064778464,ARGUMENT
30064778464,30064778465,ARGUMENT
30064778464,90194314883,ARGUMENT
30064778465,68719483804,ARGUMENT
30064778465,55834577561,ARGUMENT
30064778466,68719483805,ARGUMENT
30064778466,30064778467,ARGUMENT
30064778467,30064778468,ARGUMENT
30064778467,90194314884,ARGUMENT
30064778468,68719483806,ARGUMENT
30064778468,55834577562,ARGUMENT
30064778469,68719483807,ARGUMENT
30064778469,30064778470,ARGUMENT
30064778470,30064778471,ARGUMENT
30064778470,90194314885,ARGUMENT
30064778471,68719483808,ARGUMENT
30064778471,55834577563,ARGUMENT
30064778472,68719483809,ARGUMENT
30064778472,90194314886,ARGUMENT
30064778473,68719483810,ARGUMENT
30064778473,30064778474,ARGUMENT
30064778474,30064778475,ARGUMENT
30064778475,68719483812,ARGUMENT
30064778475,68719483813,ARGUMENT
30064778475,25769804926,ARGUMENT
30064778476,68719483811,ARGUMENT
30064778476,55834577564,ARGUMENT
30064778477,68719483814,ARGUMENT
30064778477,30064778478,ARGUMENT
30064778479,68719483816,ARGUMENT
30064778479,68719483817,ARGUMENT
30064778480,68719483815,ARGUMENT
30064778480,55834577565,ARGUMENT
30064778481,68719483819,ARGUMENT
30064778481,68719483820,ARGUMENT
30064778482,68719483818,ARGUMENT
30064778482,55834577566,ARGUMENT
30064778483,68719483822,ARGUMENT
30064778483,68719483823,ARGUMENT
30064778484,68719483821,ARGUMENT
30064778484,55834577567,ARGUMENT
30064778485,68719483825,ARGUMENT
30064778485,30064778487,ARGUMENT
30064778486,68719483824,ARGUMENT
30064778486,55834577568,ARGUMENT
30064778487,30064778488,ARGUMENT
30064778487,90194314887,ARGUMENT
30064778488,30064778489,ARGUMENT
30064778489,68719483826,ARGUMENT
30064778489,55834577569,ARGUMENT
30064778490,68719483828,ARGUMENT
30064778490,30064778492,ARGUMENT
30064778491,68719483827,ARGUMENT
30064778491,55834577570,ARGUMENT
30064778492,30064778493,ARGUMENT
30064778492,90194314888,ARGUMENT
30064778493,30064778494,ARGUMENT
30064778494,68719483829,ARGUMENT
30064778494,55834577571,ARGUMENT
30064778495,68719483831,ARGUMENT
30064778495,30064778497,ARGUMENT
30064778496,68719483830,ARGUMENT
30064778496,55834577572,ARGUMENT
30064778497,30064778498,ARGUMENT
30064778497,90194314889,ARGUMENT
30064778498,30064778499,ARGUMENT
30064778499,68719483832,ARGUMENT
30064778499,55834577573,ARGUMENT
30064778500,68719483834,ARGUMENT
30064778500,30064778502,ARGUMENT
30064778501,68719483833,ARGUMENT
30064778501,55834577574,ARGUMENT
30064778502,30064778503,ARGUMENT
30064778502,90194314890,ARGUMENT
30064778503,30064778504,ARGUMENT
30064778504,68719483835,ARGUMENT
30064778504,55834577575,ARGUMENT
30064778505,68719483837,ARGUMENT
30064778505,30064778507,ARGUMENT
30064778506,68719483836,ARGUMENT
30064778506,55834577576,ARGUMENT
30064778507,30064778508,ARGUMENT
30064778507,90194314891,ARGUMENT
30064778508,30064778509,ARGUMENT
30064778509,68719483838,ARGUMENT
30064778509,55834577577,ARGUMENT
30064778510,68719483840,ARGUMENT
30064778510,30064778512,ARGUMENT
30064778511,68719483839,ARGUMENT
30064778511,55834577578,ARGUMENT
30064778512,30064778513,ARGUMENT
30064778512,30064778514,ARGUMENT
30064778512,90194314892,ARGUMENT
30064778513,68719483841,ARGUMENT
30064778513,55834577579,ARGUMENT
30064778514,30064778515,ARGUMENT
30064778515,68719483842,ARGUMENT
30064778515,55834577580,ARGUMENT
30064778516,68719483844,ARGUMENT
30064778516,30064778518,ARGUMENT
30064778517,68719483843,ARGUMENT
30064778517,55834577581,ARGUMENT
30064778518,30064778519,ARGUMENT
30064778518,90194314893,ARGUMENT
30064778519,30064778520,ARGUMENT
30064778520,68719483845,ARGUMENT
30064778520,55834577582,ARGUMENT
30064778521,68719483847,ARGUMENT
30064778521,30064778523,ARGUMENT
30064778522,68719483846,ARGUMENT
30064778522,55834577583,ARGUMENT
30064778523,30064778524,ARGUMENT
30064778523,30064778525,ARGUMENT
30064778523,90194314894,ARGUMENT
30064778524,68719483848,ARGUMENT
30064778524,55834577584,ARGUMENT
30064778525,30064778526,ARGUMENT
30064778526,68719483849,ARGUMENT
30064778526,55834577585,ARGUMENT
30064778527,30064778528,ARGUMENT
30064778527,90194314895,ARGUMENT
30064778528,68719483851,ARGUMENT
30064778528,55834577586,ARGUMENT
30064778529,68719483852,ARGUMENT
30064778529,55834577587,ARGUMENT
30064778530,68719483853,ARGUMENT
30064778530,30064778531,ARGUMENT
30064778531,68719483855,ARGUMENT
30064778532,68719483854,ARGUMENT
30064778532,55834577588,ARGUMENT
30064778533,68719483856,ARGUMENT
30064778533,30064778534,ARGUMENT
30064778534,68719483858,ARGUMENT
30064778535,68719483859,ARGUMENT
30064778535,90194314896,ARGUMENT
30064778536,68719483860,ARGUMENT
30064778536,30064778537,ARGUMENT
30064778537,30064778538,ARGUMENT
30064778538,68719483862,ARGUMENT
30064778538,68719483863,ARGUMENT
30064778539,68719483861,ARGUMENT
30064778539,55834577589,ARGUMENT
30064778540,68719483864,ARGUMENT
30064778540,30064778541,ARGUMENT
30064778541,68719483867,ARGUMENT
30064778541,120259084465,ARGUMENT
30064778542,30064778543,ARGUMENT
30064778542,55834577591,ARGUMENT
30064778543,68719483865,ARGUMENT
30064778543,30064778544,ARGUMENT
30064778544,68719483866,ARGUMENT
30064778544,55834577590,ARGUMENT
30064778545,68719483869,ARGUMENT
30064778545,30064778547,ARGUMENT
30064778546,68719483868,ARGUMENT
30064778546,55834577592,ARGUMENT
30064778547,90194314897,ARGUMENT
30064778547,30064778548,ARGUMENT
30064778547,90194314898,ARGUMENT
30064778548,68719483870,ARGUMENT
30064778548,55834577593,ARGUMENT
30064778549,68719483871,ARGUMENT
30064778549,30064778550,ARGUMENT
30064778550,68719483872,ARGUMENT
30064778551,30064778552,ARGUMENT
30064778552,30064778530,ARGUMENT
30064778552,55834577594,ARGUMENT
30064778553,68719483875,ARGUMENT
30064778553,30064778554,ARGUMENT
30064778554,68719483876,ARGUMENT
30064778554,55834577595,ARGUMENT
30064778555,30064778556,ARGUMENT
30064778556,68719483878,ARGUMENT
30064778556,68719483879,ARGUMENT
30064778556,68719483880,ARGUMENT
30064778556,68719483881,ARGUMENT
30064778557,68719483883,ARGUMENT
30064778557,30064778559,ARGUMENT
30064778558,68719483882,ARGUMENT
30064778558,55834577596,ARGUMENT
30064778559,90194314899,ARGUMENT
30064778559,68719483884,ARGUMENT
30064778559,90194314900,ARGUMENT
30064778560,68719483887,ARGUMENT
30064778560,30064778562,ARGUMENT
30064778560,68719483889,ARGUMENT
30064778561,68719483886,ARGUMENT
30064778561,55834577597,ARGUMENT
30064778562,90194314901,ARGUMENT
30064778562,68719483888,ARGUMENT
30064778562,90194314902,ARGUMENT
30064778563,68719483891,ARGUMENT
30064778563,90194314903,ARGUMENT
30064778564,68719483890,ARGUMENT
30064778564,55834577598,ARGUMENT
30064778565,68719483892,ARGUMENT
30064778565,25769804935,ARGUMENT
30064778566,68719483893,ARGUMENT
30064778566,30064778567,ARGUMENT
30064778568,68719483895,ARGUMENT
30064778569,68719483897,ARGUMENT
30064778569,30064778570,ARGUMENT
30064778570,68719483899,ARGUMENT
30064778571,68719483898,ARGUMENT
30064778571,55834577599,ARGUMENT
30064778572,68719483900,ARGUMENT
30064778572,30064778573,ARGUMENT
30064778573,30064778574,ARGUMENT
30064778573,90194314905,ARGUMENT
30064778573,68719483902,ARGUMENT
30064778574,68719483901,ARGUMENT
30064778574,90194314904,ARGUMENT
30064778575,68719483903,ARGUMENT
30064778575,25769804936,ARGUMENT
30064778576,68719483904,ARGUMENT
30064778576,30064778577,ARGUMENT
30064778578,68719483906,ARGUMENT
30064778578,68719483907,ARGUMENT
30064778579,68719483910,ARGUMENT
30064778579,30064778581,ARGUMENT
30064778580,68719483909,ARGUMENT
30064778580,55834577600,ARGUMENT
30064778581,30064778582,ARGUMENT
30064778581,68719483913,ARGUMENT
30064778582,68719483912,ARGUMENT
30064778583,68719483911,ARGUMENT
30064778583,55834577601,ARGUMENT
30064778584,68719483915,ARGUMENT
30064778584,90194314906,ARGUMENT
30064778584,90194314907,ARGUMENT
30064778584,90194314908,ARGUMENT
30064778584,90194314909,ARGUMENT
30064778585,68719483914,ARGUMENT
30064778585,55834577602,ARGUMENT
30064778586,68719483916,ARGUMENT
30064778586,25769804937,ARGUMENT
30064778587,68719483917,ARGUMENT
30064778587,30064778588,ARGUMENT
30064778589,68719483919,ARGUMENT
30064778589,68719483920,ARGUMENT
30064778590,68719483923,ARGUMENT
30064778590,30064778592,ARGUMENT
30064778591,68719483922,ARGUMENT
30064778591,55834577603,ARGUMENT
30064778592,30064778593,ARGUMENT
30064778592,90194314910,ARGUMENT
30064778593,68719483925,ARGUMENT
30064778594,68719483924,ARGUMENT
30064778594,55834577604,ARGUMENT
30064778595,68719483927,ARGUMENT
30064778595,90194314911,ARGUMENT
30064778595,90194314912,ARGUMENT
30064778595,90194314913,ARGUMENT
30064778595,90194314914,ARGUMENT
30064778596,68719483926,ARGUMENT
30064778596,55834577605,ARGUMENT
30064778597,30064778598,ARGUMENT
30064778597,68719483929,ARGUMENT
30064778598,68719483928,ARGUMENT
30064778598,55834577606,ARGUMENT
30064778599,30064778600,ARGUMENT
30064778599,68719483931,ARGUMENT
30064778600,68719483930,ARGUMENT
30064778600,55834577607,ARGUMENT
30064778601,68719483933,ARGUMENT
30064778601,30064778602,ARGUMENT
30064778602,68719483935,ARGUMENT
30064778603,68719483936,ARGUMENT
30064778603,30064778604,ARGUMENT
30064778604,68719483937,ARGUMENT
30064778604,55834577608,ARGUMENT
30064778605,68719483938,ARGUMENT
30064778605,30064778606,ARGUMENT
30064778606,68719483939,ARGUMENT
30064778606,55834577609,ARGUMENT
30064778607,68719483942,ARGUMENT
30064778607,30064778609,ARGUMENT
30064778608,68719483941,ARGUMENT
30064778608,55834577610,ARGUMENT
30064778609,90194314915,ARGUMENT
30064778609,30064778610,ARGUMENT
30064778609,90194314916,ARGUMENT
30064778609,30064778612,ARGUMENT
30064778609,90194314917,ARGUMENT
30064778610,68719483944,ARGUMENT
30064778611,68719483943,ARGUMENT
30064778611,55834577611,ARGUMENT
30064778612,68719483946,ARGUMENT
30064778613,68719483945,ARGUMENT
30064778613,55834577612,ARGUMENT
30064778614,30064778615,ARGUMENT
30064778615,68719483948,ARGUMENT
30064778615,68719483949,ARGUMENT
30064778615,68719483950,ARGUMENT
30064778616,68719483951,ARGUMENT
30064778616,30064778617,ARGUMENT
30064778617,30064778618,ARGUMENT
30064778617,90194314918,ARGUMENT
30064778617,68719483953,ARGUMENT
30064778618,68719483952,ARGUMENT
30064778618,30064778619,ARGUMENT
30064778620,68719483954,ARGUMENT
30064778620,30064778621,ARGUMENT
30064778621,68719483956,ARGUMENT
30064778622,68719483957,ARGUMENT
30064778622,90194314919,ARGUMENT
30064778623,68719483958,ARGUMENT
30064778623,30064778624,ARGUMENT
30064778624,30064778625,ARGUMENT
30064778625,68719483960,ARGUMENT
30064778625,68719483961,ARGUMENT
30064778625,25769804942,ARGUMENT
30064778626,68719483959,ARGUMENT
30064778626,55834577613,ARGUMENT
30064778627,68719483962,ARGUMENT
30064778627,30064778628,ARGUMENT
30064778629,68719483964,ARGUMENT
30064778629,68719483965,ARGUMENT
30064778630,68719483963,ARGUMENT
30064778630,55834577614,ARGUMENT
30064778631,68719483967,ARGUMENT
30064778631,68719483968,ARGUMENT
30064778632,68719483966,ARGUMENT
30064778632,55834577615,ARGUMENT
30064778633,68719483970,ARGUMENT
30064778633,55834577616,ARGUMENT
30064778634,68719483971,ARGUMENT
30064778634,30064778635,ARGUMENT
30064778635,30064778392,ARGUMENT
30064778635,55834577617,ARGUMENT
30064778636,68719483974,ARGUMENT
30064778636,120259084466,ARGUMENT
30064778637,30064778638,ARGUMENT
30064778637,68719483976,ARGUMENT
30064778638,68719483975,ARGUMENT
30064778638,55834577618,ARGUMENT
30064778639,68719483977,ARGUMENT
30064778639,120259084467,ARGUMENT
30064778640,30064778641,ARGUMENT
30064778640,68719483979,ARGUMENT
30064778641,68719483978,ARGUMENT
30064778641,55834577619,ARGUMENT
30064778642,68719483980,ARGUMENT
30064778642,120259084468,ARGUMENT
30064778643,30064778644,ARGUMENT
30064778643,68719483982,ARGUMENT
30064778644,68719483981,ARGUMENT
30064778644,55834577620,ARGUMENT
30064778645,68719483983,ARGUMENT
30064778645,120259084469,ARGUMENT
30064778646,30064778647,ARGUMENT
30064778646,68719483985,ARGUMENT
30064778647,68719483984,ARGUMENT
30064778647,55834577621,ARGUMENT
30064778648,68719483986,ARGUMENT
30064778648,120259084470,ARGUMENT
30064778649,30064778650,ARGUMENT
30064778649,68719483988,ARGUMENT
30064778650,68719483987,ARGUMENT
30064778650,55834577622,ARGUMENT
30064778651,68719484064,ARGUMENT
30064778651,90194314943,ARGUMENT
30064778652,68719484067,ARGUMENT
30064778652,90194314944,ARGUMENT
30064778653,68719483989,ARGUMENT
30064778653,30064778654,ARGUMENT
30064778654,30064778655,ARGUMENT
30064778654,90194314921,ARGUMENT
30064778654,68719483991,ARGUMENT
30064778655,68719483990,ARGUMENT
30064778655,30064778656,ARGUMENT
30064778657,68719483992,ARGUMENT
30064778657,30064778658,ARGUMENT
30064778658,68719483994,ARGUMENT
30064778659,68719483993,ARGUMENT
30064778659,55834577623,ARGUMENT
30064778660,68719483995,ARGUMENT
30064778660,25769804950,ARGUMENT
30064778661,30064778662,ARGUMENT
30064778661,68719483997,ARGUMENT
30064778662,68719483996,ARGUMENT
30064778662,55834577624,ARGUMENT
30064778663,30064778664,ARGUMENT
30064778663,90194314922,ARGUMENT
30064778664,68719483998,ARGUMENT
30064778664,55834577625,ARGUMENT
30064778665,30064778666,ARGUMENT
30064778665,68719484002,ARGUMENT
30064778666,68719484001,ARGUMENT
30064778666,55834577626,ARGUMENT
30064778667,68719484003,ARGUMENT
30064778667,30064778668,ARGUMENT
30064778668,30064778669,ARGUMENT
30064778669,68719484005,ARGUMENT
30064778669,30064778671,ARGUMENT
30064778669,25769804951,ARGUMENT
30064778670,68719484004,ARGUMENT
30064778670,55834577627,ARGUMENT
30064778671,90194314923,ARGUMENT
30064778671,68719484006,ARGUMENT
30064778671,90194314924,ARGUMENT
30064778672,30064778673,ARGUMENT
30064778672,68719484008,ARGUMENT
30064778673,68719484007,ARGUMENT
30064778673,55834577628,ARGUMENT
30064778674,68719484010,ARGUMENT
30064778674,55834577629,ARGUMENT
30064778675,68719484013,ARGUMENT
30064778675,30064778677,ARGUMENT
30064778675,30064778678,ARGUMENT
30064778676,68719484012,ARGUMENT
30064778676,55834577630,ARGUMENT
30064778677,90194314925,ARGUMENT
30064778677,68719484014,ARGUMENT
30064778677,90194314926,ARGUMENT
30064778678,68719484015,ARGUMENT
30064778678,55834577631,ARGUMENT
30064778680,68719484016,ARGUMENT
30064778680,30064778681,ARGUMENT
30064778681,68719484018,ARGUMENT
30064778682,68719484017,ARGUMENT
30064778682,55834577632,ARGUMENT
30064778683,68719484019,ARGUMENT
30064778683,30064778684,ARGUMENT
30064778684,30064778685,ARGUMENT
30064778685,68719484021,ARGUMENT
30064778685,30064778687,ARGUMENT
30064778685,25769804956,ARGUMENT
30064778686,68719484020,ARGUMENT
30064778686,55834577633,ARGUMENT
30064778687,90194314927,ARGUMENT
30064778687,68719484022,ARGUMENT
30064778687,90194314928,ARGUMENT
30064778687,68719484023,ARGUMENT
30064778687,90194314929,ARGUMENT
30064778688,30064778689,ARGUMENT
30064778688,25769804957,ARGUMENT
30064778689,68719484024,ARGUMENT
30064778689,55834577634,ARGUMENT
30064778690,30064778691,ARGUMENT
30064778690,90194314930,ARGUMENT
30064778691,68719484025,ARGUMENT
30064778691,55834577635,ARGUMENT
30064778692,68719484028,ARGUMENT
30064778692,55834577636,ARGUMENT
30064778693,68719484031,ARGUMENT
30064778693,30064778695,ARGUMENT
30064778693,30064778696,ARGUMENT
30064778694,68719484030,ARGUMENT
30064778694,55834577637,ARGUMENT
30064778695,90194314931,ARGUMENT
30064778695,68719484032,ARGUMENT
30064778695,90194314932,ARGUMENT
30064778696,68719484033,ARGUMENT
30064778696,55834577638,ARGUMENT
30064778697,68719484034,ARGUMENT
30064778697,30064778698,ARGUMENT
30064778698,68719484036,ARGUMENT
30064778699,68719484035,ARGUMENT
30064778699,55834577639,ARGUMENT
30064778700,68719484037,ARGUMENT
30064778700,25769804961,ARGUMENT
30064778701,30064778702,ARGUMENT
30064778701,90194314934,ARGUMENT
30064778702,68719484038,ARGUMENT
30064778702,55834577640,ARGUMENT
30064778703,30064778704,ARGUMENT
30064778703,68719484042,ARGUMENT
30064778704,68719484041,ARGUMENT
30064778704,55834577641,ARGUMENT
30064778705,68719484043,ARGUMENT
30064778705,30064778706,ARGUMENT
30064778706,30064778707,ARGUMENT
30064778707,68719484045,ARGUMENT
30064778707,30064778709,ARGUMENT
30064778707,25769804962,ARGUMENT
30064778708,68719484044,ARGUMENT
30064778708,55834577642,ARGUMENT
30064778709,90194314935,ARGUMENT
30064778709,68719484046,ARGUMENT
30064778709,90194314936,ARGUMENT
30064778710,30064778711,ARGUMENT
30064778710,68719484048,ARGUMENT
30064778711,68719484047,ARGUMENT
30064778711,55834577643,ARGUMENT
30064778712,68719484050,ARGUMENT
30064778712,30064778713,ARGUMENT
30064778713,30064778714,ARGUMENT
30064778713,90194314937,ARGUMENT
30064778714,68719484051,ARGUMENT
30064778714,55834577644,ARGUMENT
30064778715,68719484052,ARGUMENT
30064778715,30064778716,ARGUMENT
30064778715,90194314939,ARGUMENT
30064778716,68719484053,ARGUMENT
30064778716,90194314938,ARGUMENT
30064778717,68719484056,ARGUMENT
30064778717,30064778719,ARGUMENT
30064778717,30064778720,ARGUMENT
30064778718,68719484055,ARGUMENT
30064778718,55834577645,ARGUMENT
30064778719,90194314940,ARGUMENT
30064778719,68719484057,ARGUMENT
30064778719,90194314941,ARGUMENT
30064778720,68719484058,ARGUMENT
30064778720,55834577646,ARGUMENT
30064778721,68719484059,ARGUMENT
30064778721,120259084471,ARGUMENT
30064778722,68719484060,ARGUMENT
30064778722,120259084472,ARGUMENT
30064778723,68719484061,ARGUMENT
30064778723,120259084473,ARGUMENT
30064778724,68719484062,ARGUMENT
30064778724,30064778651,ARGUMENT
30064778725,68719484065,ARGUMENT
30064778725,30064778726,ARGUMENT
30064778726,30064778652,ARGUMENT
30064778726,55834577647,ARGUMENT
30064778727,68719484068,ARGUMENT
30064778727,120259084474,ARGUMENT
30064778728,68719484069,ARGUMENT
30064778728,30064778729,ARGUMENT
30064778730,68719484071,ARGUMENT
30064778731,30064778732,ARGUMENT
30064778731,68719484074,ARGUMENT
30064778732,68719484073,ARGUMENT
30064778732,90194314945,ARGUMENT
30064778733,68719484358,ARGUMENT
30064778733,90194315022,ARGUMENT
30064778734,68719484361,ARGUMENT
30064778734,90194315023,ARGUMENT
30064778735,68719484364,ARGUMENT
30064778735,90194315024,ARGUMENT
30064778736,68719484367,ARGUMENT
30064778736,90194315025,ARGUMENT
30064778737,68719484075,ARGUMENT
30064778737,30064778738,ARGUMENT
30064778738,68719484077,ARGUMENT
30064778739,68719484076,ARGUMENT
30064778739,55834577648,ARGUMENT
30064778740,68719484078,ARGUMENT
30064778740,30064778741,ARGUMENT
30064778741,30064778742,ARGUMENT
30064778742,68719484080,ARGUMENT
30064778742,30064778744,ARGUMENT
30064778742,25769804972,ARGUMENT
30064778743,68719484079,ARGUMENT
30064778743,55834577649,ARGUMENT
30064778744,90194314946,ARGUMENT
30064778744,68719484081,ARGUMENT
30064778744,90194314947,ARGUMENT
30064778745,30064778746,ARGUMENT
30064778745,25769804973,ARGUMENT
30064778746,68719484082,ARGUMENT
30064778746,55834577650,ARGUMENT
30064778747,30064778748,ARGUMENT
30064778747,90194314948,ARGUMENT
30064778748,68719484083,ARGUMENT
30064778748,55834577651,ARGUMENT
30064778749,30064778750,ARGUMENT
30064778749,90194314949,ARGUMENT
30064778750,68719484084,ARGUMENT
30064778750,55834577652,ARGUMENT
30064778751,30064778752,ARGUMENT
30064778751,90194314950,ARGUMENT
30064778752,68719484085,ARGUMENT
30064778752,55834577653,ARGUMENT
30064778753,30064778754,ARGUMENT
30064778753,90194314951,ARGUMENT
30064778754,68719484086,ARGUMENT
30064778754,55834577654,ARGUMENT
30064778755,68719484089,ARGUMENT
30064778755,55834577655,ARGUMENT
30064778756,68719484092,ARGUMENT
30064778756,30064778758,ARGUMENT
30064778756,30064778759,ARGUMENT
30064778757,68719484091,ARGUMENT
30064778757,55834577656,ARGUMENT
30064778758,90194314952,ARGUMENT
30064778758,68719484093,ARGUMENT
30064778758,90194314953,ARGUMENT
30064778759,68719484094,ARGUMENT
30064778759,55834577657,ARGUMENT
30064778760,25769804974,ARGUMENT
30064778761,68719484095,ARGUMENT
30064778761,30064778762,ARGUMENT
30064778763,68719484097,ARGUMENT
30064778763,30064778764,ARGUMENT
30064778764,90194314954,ARGUMENT
30064778764,30064778765,ARGUMENT
30064778764,90194314955,ARGUMENT
30064778765,68719484098,ARGUMENT
30064778765,55834577658,ARGUMENT
30064778766,68719484100,ARGUMENT
30064778766,30064778767,ARGUMENT
30064778767,68719484102,ARGUMENT
30064778768,68719484101,ARGUMENT
30064778768,55834577659,ARGUMENT
30064778769,68719484103,ARGUMENT
30064778769,30064778770,ARGUMENT
30064778770,30064778771,ARGUMENT
30064778771,68719484105,ARGUMENT
30064778771,30064778773,ARGUMENT
30064778771,25769804978,ARGUMENT
30064778772,68719484104,ARGUMENT
30064778772,55834577660,ARGUMENT
30064778773,90194314956,ARGUMENT
30064778773,68719484106,ARGUMENT
30064778773,90194314957,ARGUMENT
30064778774,30064778775,ARGUMENT
30064778774,25769804979,ARGUMENT
30064778775,68719484107,ARGUMENT
30064778775,55834577661,ARGUMENT
30064778776,30064778777,ARGUMENT
30064778776,68719484109,ARGUMENT
30064778777,68719484108,ARGUMENT
30064778777,55834577662,ARGUMENT
30064778778,30064778779,ARGUMENT
30064778778,90194314958,ARGUMENT
30064778779,68719484110,ARGUMENT
30064778779,55834577663,ARGUMENT
30064778780,68719484113,ARGUMENT
30064778780,30064778781,ARGUMENT
30064778781,30064778782,ARGUMENT
30064778781,90194314959,ARGUMENT
30064778782,68719484114,ARGUMENT
30064778782,55834577664,ARGUMENT
30064778783,68719484115,ARGUMENT
30064778783,30064778784,ARGUMENT
30064778783,90194314961,ARGUMENT
30064778784,68719484116,ARGUMENT
30064778784,90194314960,ARGUMENT
30064778785,68719484119,ARGUMENT
30064778785,30064778787,ARGUMENT
30064778785,30064778788,ARGUMENT
30064778786,68719484118,ARGUMENT
30064778786,55834577665,ARGUMENT
30064778787,90194314962,ARGUMENT
30064778787,68719484120,ARGUMENT
30064778787,90194314963,ARGUMENT
30064778788,68719484121,ARGUMENT
30064778788,55834577666,ARGUMENT
30064778789,68719484122,ARGUMENT
30064778789,30064778790,ARGUMENT
30064778790,68719484124,ARGUMENT
30064778791,68719484123,ARGUMENT
30064778791,55834577667,ARGUMENT
30064778792,68719484125,ARGUMENT
30064778792,30064778793,ARGUMENT
30064778793,30064778794,ARGUMENT
30064778793,90194314965,ARGUMENT
30064778793,68719484127,ARGUMENT
30064778794,68719484126,ARGUMENT
30064778794,30064778795,ARGUMENT
30064778796,68719484128,ARGUMENT
30064778796,30064778797,ARGUMENT
30064778797,68719484130,ARGUMENT
30064778798,68719484129,ARGUMENT
30064778798,55834577668,ARGUMENT
30064778799,68719484131,ARGUMENT
30064778799,30064778800,ARGUMENT
30064778801,68719484132,ARGUMENT
30064778801,90194314966,ARGUMENT
30064778802,68719484133,ARGUMENT
30064778802,90194314967,ARGUMENT
30064778803,68719484134,ARGUMENT
30064778803,30064778804,ARGUMENT
30064778804,68719484135,ARGUMENT
30064778804,25769804983,ARGUMENT
30064778804,90194314968,ARGUMENT
30064778805,68719484136,ARGUMENT
30064778805,30064778806,ARGUMENT
30064778807,68719484138,ARGUMENT
30064778807,68719484139,ARGUMENT
30064778808,30064778809,ARGUMENT
30064778808,68719484142,ARGUMENT
30064778809,68719484141,ARGUMENT
30064778809,55834577669,ARGUMENT
30064778810,68719484143,ARGUMENT
30064778810,30064778811,ARGUMENT
30064778811,30064778812,ARGUMENT
30064778812,68719484145,ARGUMENT
30064778812,30064778814,ARGUMENT
30064778812,25769804985,ARGUMENT
30064778813,68719484144,ARGUMENT
30064778813,55834577670,ARGUMENT
30064778814,90194314969,ARGUMENT
30064778814,68719484146,ARGUMENT
30064778814,90194314970,ARGUMENT
30064778815,30064778816,ARGUMENT
30064778815,25769804986,ARGUMENT
30064778816,68719484147,ARGUMENT
30064778816,55834577671,ARGUMENT
30064778817,30064778818,ARGUMENT
30064778817,90194314971,ARGUMENT
30064778818,68719484148,ARGUMENT
30064778818,55834577672,ARGUMENT
30064778819,30064778820,ARGUMENT
30064778819,90194314972,ARGUMENT
30064778820,68719484149,ARGUMENT
30064778820,55834577673,ARGUMENT
30064778821,30064778822,ARGUMENT
30064778821,90194314973,ARGUMENT
30064778822,68719484150,ARGUMENT
30064778822,55834577674,ARGUMENT
30064778823,30064778824,ARGUMENT
30064778823,68719484152,ARGUMENT
30064778824,68719484151,ARGUMENT
30064778824,55834577675,ARGUMENT
30064778825,30064778826,ARGUMENT
30064778825,68719484154,ARGUMENT
30064778826,68719484153,ARGUMENT
30064778826,55834577676,ARGUMENT
30064778827,68719484157,ARGUMENT
30064778827,30064778828,ARGUMENT
30064778828,30064778829,ARGUMENT
30064778828,30064778830,ARGUMENT
30064778829,68719484158,ARGUMENT
30064778829,55834577677,ARGUMENT
30064778831,30064778832,ARGUMENT
30064778831,90194314974,ARGUMENT
30064778832,68719484159,ARGUMENT
30064778832,55834577678,ARGUMENT
30064778833,68719484161,ARGUMENT
30064778833,30064778834,ARGUMENT
30064778834,68719484162,ARGUMENT
30064778835,30064778836,ARGUMENT
30064778836,30064778789,ARGUMENT
30064778836,55834577679,ARGUMENT
30064778837,68719484165,ARGUMENT
30064778837,30064778838,ARGUMENT
30064778838,68719484166,ARGUMENT
30064778838,55834577680,ARGUMENT
30064778839,68719484167,ARGUMENT
30064778839,55834577681,ARGUMENT
30064778840,68719484168,ARGUMENT
30064778840,25769804989,ARGUMENT
30064778841,68719484169,ARGUMENT
30064778841,30064778842,ARGUMENT
30064778843,68719484171,ARGUMENT
30064778843,30064778844,ARGUMENT
30064778844,68719484172,ARGUMENT
30064778844,55834577682,ARGUMENT
30064778845,68719484174,ARGUMENT
30064778845,68719484175,ARGUMENT
30064778846,68719484177,ARGUMENT
30064778846,68719484178,ARGUMENT
30064778847,68719484176,ARGUMENT
30064778847,55834577683,ARGUMENT
30064778848,68719484181,ARGUMENT
30064778848,30064778850,ARGUMENT
30064778849,68719484180,ARGUMENT
30064778849,55834577684,ARGUMENT
30064778850,68719484182,ARGUMENT
30064778851,30064778852,ARGUMENT
30064778851,68719484184,ARGUMENT
30064778852,68719484183,ARGUMENT
30064778852,55834577685,ARGUMENT
30064778853,68719484185,ARGUMENT
30064778854,68719484186,ARGUMENT
30064778854,90194314975,ARGUMENT
30064778855,68719484188,ARGUMENT
30064778855,30064778857,ARGUMENT
30064778856,68719484187,ARGUMENT
30064778856,55834577686,ARGUMENT
30064778857,90194314976,ARGUMENT
30064778857,68719484189,ARGUMENT
30064778857,90194314977,ARGUMENT
30064778858,68719484191,ARGUMENT
30064778858,90194314978,ARGUMENT
30064778858,68719484192,ARGUMENT
30064778859,68719484190,ARGUMENT
30064778859,55834577687,ARGUMENT
30064778860,68719484195,ARGUMENT
30064778860,30064778862,ARGUMENT
30064778860,30064778863,ARGUMENT
30064778861,68719484194,ARGUMENT
30064778861,55834577688,ARGUMENT
30064778862,90194314979,ARGUMENT
30064778862,68719484196,ARGUMENT
30064778862,90194314980,ARGUMENT
30064778863,68719484197,ARGUMENT
30064778863,55834577689,ARGUMENT
30064778865,68719484198,ARGUMENT
30064778865,30064778866,ARGUMENT
30064778866,30064778867,ARGUMENT
30064778866,90194314981,ARGUMENT
30064778866,68719484200,ARGUMENT
30064778867,68719484199,ARGUMENT
30064778867,30064778868,ARGUMENT
30064778869,68719484201,ARGUMENT
30064778869,30064778870,ARGUMENT
30064778870,68719484203,ARGUMENT
30064778871,68719484202,ARGUMENT
30064778871,55834577690,ARGUMENT
30064778872,68719484204,ARGUMENT
30064778872,30064778873,ARGUMENT
30064778874,68719484205,ARGUMENT
30064778874,90194314982,ARGUMENT
30064778875,68719484206,ARGUMENT
30064778875,90194314983,ARGUMENT
30064778876,30064778877,ARGUMENT
30064778876,68719484208,ARGUMENT
30064778877,68719484207,ARGUMENT
30064778877,55834577691,ARGUMENT
30064778878,68719484209,ARGUMENT
30064778878,30064778879,ARGUMENT
30064778879,30064778880,ARGUMENT
30064778880,68719484211,ARGUMENT
30064778880,30064778882,ARGUMENT
30064778880,25769805003,ARGUMENT
30064778881,68719484210,ARGUMENT
30064778881,55834577692,ARGUMENT
30064778882,90194314984,ARGUMENT
30064778882,68719484212,ARGUMENT
30064778882,90194314985,ARGUMENT
30064778883,30064778884,ARGUMENT
30064778883,25769805004,ARGUMENT
30064778884,68719484213,ARGUMENT
30064778884,55834577693,ARGUMENT
30064778885,30064778886,ARGUMENT
30064778885,68719484215,ARGUMENT
30064778886,68719484214,ARGUMENT
30064778886,55834577694,ARGUMENT
30064778887,30064778888,ARGUMENT
30064778887,90194314986,ARGUMENT
30064778888,68719484216,ARGUMENT
30064778888,55834577695,ARGUMENT
30064778889,30064778890,ARGUMENT
30064778889,90194314987,ARGUMENT
30064778890,68719484217,ARGUMENT
30064778890,55834577696,ARGUMENT
30064778891,30064778892,ARGUMENT
30064778891,68719484219,ARGUMENT
30064778892,68719484218,ARGUMENT
30064778892,55834577697,ARGUMENT
30064778893,30064778894,ARGUMENT
30064778893,68719484221,ARGUMENT
30064778894,68719484220,ARGUMENT
30064778894,55834577698,ARGUMENT
30064778895,68719484224,ARGUMENT
30064778895,30064778896,ARGUMENT
30064778896,30064778897,ARGUMENT
30064778896,30064778898,ARGUMENT
30064778897,68719484225,ARGUMENT
30064778897,55834577699,ARGUMENT
30064778899,30064778900,ARGUMENT
30064778899,90194314988,ARGUMENT
30064778900,68719484226,ARGUMENT
30064778900,55834577700,ARGUMENT
30064778901,68719484228,ARGUMENT
30064778901,30064778903,ARGUMENT
30064778902,68719484227,ARGUMENT
30064778902,55834577701,ARGUMENT
30064778903,68719484229,ARGUMENT
30064778904,30064778905,ARGUMENT
30064778904,68719484231,ARGUMENT
30064778905,68719484230,ARGUMENT
30064778905,55834577702,ARGUMENT
30064778906,68719484232,ARGUMENT
30064778907,68719484234,ARGUMENT
30064778907,90194314989,ARGUMENT
30064778907,68719484235,ARGUMENT
30064778908,68719484233,ARGUMENT
30064778908,55834577703,ARGUMENT
30064778909,68719484238,ARGUMENT
30064778909,30064778911,ARGUMENT
30064778909,30064778912,ARGUMENT
30064778910,68719484237,ARGUMENT
30064778910,55834577704,ARGUMENT
30064778911,90194314990,ARGUMENT
30064778911,68719484239,ARGUMENT
30064778911,90194314991,ARGUMENT
30064778912,68719484240,ARGUMENT
30064778912,55834577705,ARGUMENT
30064778914,68719484241,ARGUMENT
30064778914,30064778915,ARGUMENT
30064778915,30064778916,ARGUMENT
30064778915,90194314992,ARGUMENT
30064778915,68719484243,ARGUMENT
30064778916,68719484242,ARGUMENT
30064778916,30064778917,ARGUMENT
30064778918,68719484244,ARGUMENT
30064778918,30064778919,ARGUMENT
30064778919,68719484246,ARGUMENT
30064778920,68719484245,ARGUMENT
30064778920,55834577706,ARGUMENT
30064778921,68719484247,ARGUMENT
30064778921,25769805010,ARGUMENT
30064778922,30064778923,ARGUMENT
30064778922,30064778924,ARGUMENT
30064778923,68719484248,ARGUMENT
30064778923,55834577707,ARGUMENT
30064778924,68719484250,ARGUMENT
30064778924,90194314993,ARGUMENT
30064778925,68719484249,ARGUMENT
30064778925,55834577708,ARGUMENT
30064778926,30064778927,ARGUMENT
30064778926,68719484252,ARGUMENT
30064778927,68719484251,ARGUMENT
30064778927,55834577709,ARGUMENT
30064778928,30064778929,ARGUMENT
30064778928,90194314994,ARGUMENT
30064778929,68719484253,ARGUMENT
30064778929,55834577710,ARGUMENT
30064778930,30064778931,ARGUMENT
30064778930,68719484257,ARGUMENT
30064778931,68719484256,ARGUMENT
30064778931,55834577711,ARGUMENT
30064778932,68719484258,ARGUMENT
30064778932,30064778933,ARGUMENT
30064778933,30064778934,ARGUMENT
30064778934,68719484260,ARGUMENT
30064778934,30064778936,ARGUMENT
30064778934,25769805011,ARGUMENT
30064778935,68719484259,ARGUMENT
30064778935,55834577712,ARGUMENT
30064778936,90194314995,ARGUMENT
30064778936,68719484261,ARGUMENT
30064778936,90194314996,ARGUMENT
30064778937,30064778938,ARGUMENT
30064778937,68719484263,ARGUMENT
30064778938,68719484262,ARGUMENT
30064778938,55834577713,ARGUMENT
30064778939,30064778940,ARGUMENT
30064778939,30064778941,ARGUMENT
30064778940,68719484265,ARGUMENT
30064778940,55834577714,ARGUMENT
30064778942,68719484268,ARGUMENT
30064778942,30064778944,ARGUMENT
30064778942,30064778945,ARGUMENT
30064778943,68719484267,ARGUMENT
30064778943,55834577715,ARGUMENT
30064778944,90194314997,ARGUMENT
30064778944,68719484269,ARGUMENT
30064778944,90194314998,ARGUMENT
30064778945,68719484270,ARGUMENT
30064778945,55834577716,ARGUMENT
30064778947,68719484271,ARGUMENT
30064778947,30064778948,ARGUMENT
30064778948,30064778949,ARGUMENT
30064778948,90194314999,ARGUMENT
30064778948,68719484273,ARGUMENT
30064778949,68719484272,ARGUMENT
30064778949,30064778950,ARGUMENT
30064778951,68719484274,ARGUMENT
30064778951,30064778952,ARGUMENT
30064778952,68719484276,ARGUMENT
30064778953,68719484275,ARGUMENT
30064778953,55834577717,ARGUMENT
30064778954,68719484277,ARGUMENT
30064778954,30064778955,ARGUMENT
30064778956,68719484278,ARGUMENT
30064778956,90194315000,ARGUMENT
30064778957,68719484279,ARGUMENT
30064778957,90194315001,ARGUMENT
30064778958,30064778959,ARGUMENT
30064778958,68719484281,ARGUMENT
30064778959,68719484280,ARGUMENT
30064778959,55834577718,ARGUMENT
30064778960,68719484282,ARGUMENT
30064778960,30064778961,ARGUMENT
30064778961,30064778962,ARGUMENT
30064778962,68719484284,ARGUMENT
30064778962,30064778964,ARGUMENT
30064778962,25769805017,ARGUMENT
30064778963,68719484283,ARGUMENT
30064778963,55834577719,ARGUMENT
30064778964,90194315002,ARGUMENT
30064778964,68719484285,ARGUMENT
30064778964,90194315003,ARGUMENT
30064778965,30064778966,ARGUMENT
30064778965,25769805018,ARGUMENT
30064778966,68719484286,ARGUMENT
30064778966,55834577720,ARGUMENT
30064778967,30064778968,ARGUMENT
30064778967,90194315004,ARGUMENT
30064778968,68719484287,ARGUMENT
30064778968,55834577721,ARGUMENT
30064778969,30064778970,ARGUMENT
30064778969,90194315005,ARGUMENT
30064778970,68719484288,ARGUMENT
30064778970,55834577722,ARGUMENT
30064778971,30064778972,ARGUMENT
30064778971,90194315006,ARGUMENT
30064778972,68719484289,ARGUMENT
30064778972,55834577723,ARGUMENT
30064778973,30064778974,ARGUMENT
30064778973,68719484291,ARGUMENT
30064778974,68719484290,ARGUMENT
30064778974,55834577724,ARGUMENT
30064778975,30064778976,ARGUMENT
30064778975,68719484293,ARGUMENT
30064778976,68719484292,ARGUMENT
30064778976,55834577725,ARGUMENT
30064778977,68719484296,ARGUMENT
30064778977,30064778978,ARGUMENT
30064778978,30064778979,ARGUMENT
30064778978,30064778980,ARGUMENT
30064778979,68719484297,ARGUMENT
30064778979,55834577726,ARGUMENT
30064778981,30064778982,ARGUMENT
30064778981,90194315007,ARGUMENT
30064778982,68719484298,ARGUMENT
30064778982,55834577727,ARGUMENT
30064778983,68719484300,ARGUMENT
30064778983,30064778985,ARGUMENT
30064778984,68719484299,ARGUMENT
30064778984,55834577728,ARGUMENT
30064778985,68719484301,ARGUMENT
30064778986,30064778987,ARGUMENT
30064778986,68719484303,ARGUMENT
30064778987,68719484302,ARGUMENT
30064778987,55834577729,ARGUMENT
30064778988,68719484304,ARGUMENT
30064778989,68719484306,ARGUMENT
30064778989,90194315008,ARGUMENT
30064778989,68719484307,ARGUMENT
30064778990,68719484305,ARGUMENT
30064778990,55834577730,ARGUMENT
30064778991,68719484310,ARGUMENT
30064778991,30064778993,ARGUMENT
30064778991,30064778994,ARGUMENT
30064778992,68719484309,ARGUMENT
30064778992,55834577731,ARGUMENT
30064778993,90194315009,ARGUMENT
30064778993,68719484311,ARGUMENT
30064778993,90194315010,ARGUMENT
30064778994,68719484312,ARGUMENT
30064778994,55834577732,ARGUMENT
30064778996,68719484313,ARGUMENT
30064778996,30064778997,ARGUMENT
30064778997,68719484315,ARGUMENT
30064778998,68719484314,ARGUMENT
30064778998,55834577733,ARGUMENT
30064778999,68719484316,ARGUMENT
30064778999,30064779000,ARGUMENT
30064779000,30064779001,ARGUMENT
30064779001,68719484318,ARGUMENT
30064779001,30064779003,ARGUMENT
30064779002,68719484317,ARGUMENT
30064779002,55834577734,ARGUMENT
30064779003,90194315011,ARGUMENT
30064779003,68719484319,ARGUMENT
30064779003,90194315012,ARGUMENT
30064779003,68719484320,ARGUMENT
30064779003,90194315013,ARGUMENT
30064779004,30064779005,ARGUMENT
30064779004,30064779006,ARGUMENT
30064779005,68719484321,ARGUMENT
30064779005,55834577735,ARGUMENT
30064779007,68719484324,ARGUMENT
30064779007,30064779009,ARGUMENT
30064779007,30064779010,ARGUMENT
30064779008,68719484323,ARGUMENT
30064779008,55834577736,ARGUMENT
30064779009,90194315014,ARGUMENT
30064779009,68719484325,ARGUMENT
30064779009,90194315015,ARGUMENT
30064779010,68719484326,ARGUMENT
30064779010,55834577737,ARGUMENT
30064779012,68719484327,ARGUMENT
30064779012,30064779013,ARGUMENT
30064779013,68719484329,ARGUMENT
30064779014,68719484328,ARGUMENT
30064779014,55834577738,ARGUMENT
30064779015,68719484330,ARGUMENT
30064779015,30064779016,ARGUMENT
30064779016,30064779017,ARGUMENT
30064779017,68719484332,ARGUMENT
30064779017,30064779019,ARGUMENT
30064779018,68719484331,ARGUMENT
30064779018,55834577739,ARGUMENT
30064779019,90194315016,ARGUMENT
30064779019,68719484333,ARGUMENT
30064779019,90194315017,ARGUMENT
30064779019,68719484334,ARGUMENT
30064779019,90194315018,ARGUMENT
30064779020,30064779021,ARGUMENT
30064779020,30064779022,ARGUMENT
30064779021,68719484335,ARGUMENT
30064779021,55834577740,ARGUMENT
30064779024,68719484337,ARGUMENT
30064779024,30064779025,ARGUMENT
30064779025,68719484339,ARGUMENT
30064779026,68719484338,ARGUMENT
30064779026,55834577741,ARGUMENT
30064779027,68719484340,ARGUMENT
30064779027,30064779028,ARGUMENT
30064779028,30064779029,ARGUMENT
30064779029,68719484342,ARGUMENT
30064779029,30064779031,ARGUMENT
30064779030,68719484341,ARGUMENT
30064779030,55834577742,ARGUMENT
30064779031,90194315019,ARGUMENT
30064779031,68719484343,ARGUMENT
30064779031,90194315020,ARGUMENT
30064779031,68719484344,ARGUMENT
30064779031,90194315021,ARGUMENT
30064779032,30064779033,ARGUMENT
30064779032,30064779034,ARGUMENT
30064779033,68719484345,ARGUMENT
30064779033,55834577743,ARGUMENT
30064779036,68719484347,ARGUMENT
30064779036,120259084475,ARGUMENT
30064779037,68719484348,ARGUMENT
30064779037,120259084476,ARGUMENT
30064779038,68719484349,ARGUMENT
30064779038,120259084477,ARGUMENT
30064779039,68719484350,ARGUMENT
30064779039,120259084478,ARGUMENT
30064779040,68719484351,ARGUMENT
30064779040,120259084479,ARGUMENT
30064779041,68719484352,ARGUMENT
30064779041,120259084480,ARGUMENT
30064779042,68719484353,ARGUMENT
30064779042,120259084481,ARGUMENT
30064779043,68719484354,ARGUMENT
30064779043,120259084482,ARGUMENT
30064779044,68719484355,ARGUMENT
30064779044,120259084483,ARGUMENT
30064779045,68719484356,ARGUMENT
30064779045,30064778733,ARGUMENT
30064779046,68719484359,ARGUMENT
30064779046,30064779047,ARGUMENT
30064779047,30064778734,ARGUMENT
30064779047,55834577744,ARGUMENT
30064779048,68719484362,ARGUMENT
30064779048,30064779049,ARGUMENT
30064779049,30064778735,ARGUMENT
30064779049,55834577745,ARGUMENT
30064779050,68719484365,ARGUMENT
30064779050,30064779051,ARGUMENT
30064779051,30064778736,ARGUMENT
30064779051,55834577746,ARGUMENT
30064779052,68719484368,ARGUMENT
30064779052,120259084484,ARGUMENT
30064779053,68719484369,ARGUMENT
30064779053,30064779054,ARGUMENT
30064779055,68719484371,ARGUMENT
30064779056,30064779057,ARGUMENT
30064779056,68719484374,ARGUMENT
30064779057,68719484373,ARGUMENT
30064779057,90194315026,ARGUMENT
30064779058,68719484581,ARGUMENT
30064779058,90194315094,ARGUMENT
30064779059,68719484584,ARGUMENT
30064779059,90194315095,ARGUMENT
30064779060,68719484375,ARGUMENT
30064779060,30064779061,ARGUMENT
30064779061,68719484377,ARGUMENT
30064779062,68719484376,ARGUMENT
30064779062,55834577747,ARGUMENT
30064779063,68719484378,ARGUMENT
30064779063,30064779064,ARGUMENT
30064779064,30064779065,ARGUMENT
30064779065,68719484380,ARGUMENT
30064779065,30064779067,ARGUMENT
30064779065,25769805039,ARGUMENT
30064779066,68719484379,ARGUMENT
30064779066,55834577748,ARGUMENT
30064779067,90194315027,ARGUMENT
30064779067,68719484381,ARGUMENT
30064779067,90194315028,ARGUMENT
30064779068,30064779069,ARGUMENT
30064779068,25769805040,ARGUMENT
30064779069,68719484382,ARGUMENT
30064779069,55834577749,ARGUMENT
30064779070,30064779071,ARGUMENT
30064779070,90194315029,ARGUMENT
30064779071,68719484383,ARGUMENT
30064779071,55834577750,ARGUMENT
30064779072,30064779073,ARGUMENT
30064779072,90194315030,ARGUMENT
30064779073,68719484384,ARGUMENT
30064779073,55834577751,ARGUMENT
30064779074,30064779075,ARGUMENT
30064779074,90194315031,ARGUMENT
30064779075,68719484385,ARGUMENT
30064779075,55834577752,ARGUMENT
30064779076,30064779077,ARGUMENT
30064779076,90194315032,ARGUMENT
30064779077,68719484386,ARGUMENT
30064779077,55834577753,ARGUMENT
30064779078,68719484389,ARGUMENT
30064779078,55834577754,ARGUMENT
30064779079,68719484392,ARGUMENT
30064779079,30064779081,ARGUMENT
30064779079,30064779082,ARGUMENT
30064779080,68719484391,ARGUMENT
30064779080,55834577755,ARGUMENT
30064779081,90194315033,ARGUMENT
30064779081,68719484393,ARGUMENT
30064779081,90194315034,ARGUMENT
30064779082,68719484394,ARGUMENT
30064779082,55834577756,ARGUMENT
30064779083,25769805041,ARGUMENT
30064779084,68719484395,ARGUMENT
30064779084,30064779085,ARGUMENT
30064779086,68719484397,ARGUMENT
30064779086,30064779087,ARGUMENT
30064779087,90194315035,ARGUMENT
30064779087,30064779088,ARGUMENT
30064779087,90194315036,ARGUMENT
30064779088,68719484398,ARGUMENT
30064779088,55834577757,ARGUMENT
30064779089,68719484400,ARGUMENT
30064779089,30064779090,ARGUMENT
30064779090,30064779091,ARGUMENT
30064779090,90194315037,ARGUMENT
30064779090,68719484402,ARGUMENT
30064779091,68719484401,ARGUMENT
30064779091,30064779092,ARGUMENT
30064779093,68719484403,ARGUMENT
30064779093,30064779094,ARGUMENT
30064779094,68719484405,ARGUMENT
30064779095,68719484404,ARGUMENT
30064779095,55834577758,ARGUMENT
30064779096,68719484406,ARGUMENT
30064779096,30064779097,ARGUMENT
30064779097,30064779098,ARGUMENT
30064779098,68719484408,ARGUMENT
30064779098,30064779100,ARGUMENT
30064779098,25769805045,ARGUMENT
30064779099,68719484407,ARGUMENT
30064779099,55834577759,ARGUMENT
30064779100,90194315038,ARGUMENT
30064779100,68719484409,ARGUMENT
30064779100,90194315039,ARGUMENT
30064779101,30064779102,ARGUMENT
30064779101,25769805046,ARGUMENT
30064779102,68719484410,ARGUMENT
30064779102,55834577760,ARGUMENT
30064779103,30064779104,ARGUMENT
30064779103,68719484412,ARGUMENT
30064779104,68719484411,ARGUMENT
30064779104,55834577761,ARGUMENT
30064779105,30064779106,ARGUMENT
30064779105,90194315040,ARGUMENT
30064779106,68719484413,ARGUMENT
30064779106,55834577762,ARGUMENT
30064779107,68719484416,ARGUMENT
30064779107,30064779108,ARGUMENT
30064779108,30064779109,ARGUMENT
30064779108,90194315041,ARGUMENT
30064779109,68719484417,ARGUMENT
30064779109,55834577763,ARGUMENT
30064779110,68719484418,ARGUMENT
30064779110,30064779111,ARGUMENT
30064779110,90194315043,ARGUMENT
30064779111,68719484419,ARGUMENT
30064779111,90194315042,ARGUMENT
30064779112,68719484422,ARGUMENT
30064779112,30064779114,ARGUMENT
30064779112,30064779115,ARGUMENT
30064779113,68719484421,ARGUMENT
30064779113,55834577764,ARGUMENT
30064779114,90194315044,ARGUMENT
30064779114,68719484423,ARGUMENT
30064779114,90194315045,ARGUMENT
30064779115,68719484424,ARGUMENT
30064779115,55834577765,ARGUMENT
30064779116,68719484425,ARGUMENT
30064779116,30064779117,ARGUMENT
30064779117,30064779118,ARGUMENT
30064779117,90194315047,ARGUMENT
30064779117,68719484427,ARGUMENT
30064779118,68719484426,ARGUMENT
30064779118,30064779119,ARGUMENT
30064779120,68719484428,ARGUMENT
30064779120,30064779121,ARGUMENT
30064779121,68719484430,ARGUMENT
30064779122,68719484429,ARGUMENT
30064779122,55834577766,ARGUMENT
30064779123,68719484431,ARGUMENT
30064779123,30064779124,ARGUMENT
30064779124,30064779125,ARGUMENT
30064779125,68719484433,ARGUMENT
30064779125,30064779127,ARGUMENT
30064779125,25769805050,ARGUMENT
30064779126,68719484432,ARGUMENT
30064779126,55834577767,ARGUMENT
30064779127,90194315048,ARGUMENT
30064779127,68719484434,ARGUMENT
30064779127,90194315049,ARGUMENT
30064779128,30064779129,ARGUMENT
30064779128,25769805051,ARGUMENT
30064779129,68719484435,ARGUMENT
30064779129,55834577768,ARGUMENT
30064779130,30064779131,ARGUMENT
30064779130,90194315050,ARGUMENT
30064779131,68719484436,ARGUMENT
30064779131,55834577769,ARGUMENT
30064779132,30064779133,ARGUMENT
30064779132,90194315051,ARGUMENT
30064779133,68719484437,ARGUMENT
30064779133,55834577770,ARGUMENT
30064779134,30064779135,ARGUMENT
30064779134,90194315052,ARGUMENT
30064779135,68719484438,ARGUMENT
30064779135,55834577771,ARGUMENT
30064779136,30064779137,ARGUMENT
30064779136,68719484440,ARGUMENT
30064779137,68719484439,ARGUMENT
30064779137,55834577772,ARGUMENT
30064779138,68719484443,ARGUMENT
30064779138,55834577773,ARGUMENT
30064779139,68719484446,ARGUMENT
30064779139,30064779141,ARGUMENT
30064779139,30064779142,ARGUMENT
30064779140,68719484445,ARGUMENT
30064779140,55834577774,ARGUMENT
30064779141,90194315053,ARGUMENT
30064779141,68719484447,ARGUMENT
30064779141,90194315054,ARGUMENT
30064779142,68719484448,ARGUMENT
30064779142,55834577775,ARGUMENT
30064779144,68719484449,ARGUMENT
30064779144,30064779145,ARGUMENT
30064779145,30064779146,ARGUMENT
30064779145,90194315055,ARGUMENT
30064779145,68719484451,ARGUMENT
30064779146,68719484450,ARGUMENT
30064779146,30064779147,ARGUMENT
30064779148,68719484452,ARGUMENT
30064779148,30064779149,ARGUMENT
30064779149,68719484454,ARGUMENT
30064779150,68719484453,ARGUMENT
30064779150,55834577776,ARGUMENT
30064779151,68719484455,ARGUMENT
30064779151,25769805055,ARGUMENT
30064779152,30064779153,ARGUMENT
30064779152,90194315056,ARGUMENT
30064779153,68719484456,ARGUMENT
30064779153,55834577777,ARGUMENT
30064779154,30064779155,ARGUMENT
30064779154,90194315057,ARGUMENT
30064779155,68719484457,ARGUMENT
30064779155,55834577778,ARGUMENT
30064779156,30064779157,ARGUMENT
30064779156,90194315058,ARGUMENT
30064779157,68719484458,ARGUMENT
30064779157,55834577779,ARGUMENT
30064779158,30064779159,ARGUMENT
30064779158,68719484460,ARGUMENT
30064779159,68719484459,ARGUMENT
30064779159,55834577780,ARGUMENT
30064779160,30064779161,ARGUMENT
30064779160,68719484464,ARGUMENT
30064779161,68719484463,ARGUMENT
30064779161,55834577781,ARGUMENT
30064779162,68719484465,ARGUMENT
30064779162,30064779163,ARGUMENT
30064779163,30064779164,ARGUMENT
30064779164,68719484467,ARGUMENT
30064779164,30064779166,ARGUMENT
30064779164,25769805056,ARGUMENT
30064779165,68719484466,ARGUMENT
30064779165,55834577782,ARGUMENT
30064779166,90194315059,ARGUMENT
30064779166,68719484468,ARGUMENT
30064779166,90194315060,ARGUMENT
30064779167,30064779168,ARGUMENT
30064779167,68719484470,ARGUMENT
30064779168,68719484469,ARGUMENT
30064779168,55834577783,ARGUMENT
30064779169,68719484472,ARGUMENT
30064779169,55834577784,ARGUMENT
30064779170,68719484475,ARGUMENT
30064779170,30064779172,ARGUMENT
30064779170,30064779173,ARGUMENT
30064779171,68719484474,ARGUMENT
30064779171,55834577785,ARGUMENT
30064779172,90194315061,ARGUMENT
30064779172,68719484476,ARGUMENT
30064779172,90194315062,ARGUMENT
30064779173,68719484477,ARGUMENT
30064779173,55834577786,ARGUMENT
30064779175,68719484478,ARGUMENT
30064779175,30064779176,ARGUMENT
30064779176,30064779177,ARGUMENT
30064779176,90194315063,ARGUMENT
30064779176,68719484480,ARGUMENT
30064779177,68719484479,ARGUMENT
30064779177,30064779178,ARGUMENT
30064779179,68719484481,ARGUMENT
30064779179,30064779180,ARGUMENT
30064779180,68719484483,ARGUMENT
30064779181,68719484482,ARGUMENT
30064779181,55834577787,ARGUMENT
30064779182,68719484484,ARGUMENT
30064779182,30064779183,ARGUMENT
30064779183,30064779184,ARGUMENT
30064779184,68719484486,ARGUMENT
30064779184,30064779186,ARGUMENT
30064779184,25769805061,ARGUMENT
30064779185,68719484485,ARGUMENT
30064779185,55834577788,ARGUMENT
30064779186,90194315064,ARGUMENT
30064779186,68719484487,ARGUMENT
30064779186,90194315065,ARGUMENT
30064779187,30064779188,ARGUMENT
30064779187,25769805062,ARGUMENT
30064779188,68719484488,ARGUMENT
30064779188,55834577789,ARGUMENT
30064779189,30064779190,ARGUMENT
30064779189,68719484490,ARGUMENT
30064779190,68719484489,ARGUMENT
30064779190,55834577790,ARGUMENT
30064779191,30064779192,ARGUMENT
30064779191,90194315066,ARGUMENT
30064779192,68719484491,ARGUMENT
30064779192,55834577791,ARGUMENT
30064779193,30064779194,ARGUMENT
30064779193,90194315067,ARGUMENT
30064779194,68719484492,ARGUMENT
30064779194,55834577792,ARGUMENT
30064779195,30064779196,ARGUMENT
30064779195,68719484494,ARGUMENT
30064779196,68719484493,ARGUMENT
30064779196,55834577793,ARGUMENT
30064779197,68719484497,ARGUMENT
30064779197,55834577794,ARGUMENT
30064779198,68719484500,ARGUMENT
30064779198,30064779200,ARGUMENT
30064779198,30064779201,ARGUMENT
30064779199,68719484499,ARGUMENT
30064779199,55834577795,ARGUMENT
30064779200,90194315068,ARGUMENT
30064779200,68719484501,ARGUMENT
30064779200,90194315069,ARGUMENT
30064779201,68719484502,ARGUMENT
30064779201,55834577796,ARGUMENT
30064779203,68719484503,ARGUMENT
30064779203,30064779204,ARGUMENT
30064779204,68719484505,ARGUMENT
30064779205,68719484504,ARGUMENT
30064779205,55834577797,ARGUMENT
30064779206,68719484506,ARGUMENT
30064779206,30064779207,ARGUMENT
30064779207,30064779208,ARGUMENT
30064779208,68719484508,ARGUMENT
30064779208,30064779210,ARGUMENT
30064779208,25769805066,ARGUMENT
30064779209,68719484507,ARGUMENT
30064779209,55834577798,ARGUMENT
30064779210,90194315070,ARGUMENT
30064779210,68719484509,ARGUMENT
30064779210,90194315071,ARGUMENT
30064779210,68719484510,ARGUMENT
30064779210,90194315072,ARGUMENT
30064779211,30064779212,ARGUMENT
30064779211,25769805067,ARGUMENT
30064779212,68719484511,ARGUMENT
30064779212,55834577799,ARGUMENT
30064779213,30064779214,ARGUMENT
30064779213,90194315073,ARGUMENT
30064779214,68719484512,ARGUMENT
30064779214,55834577800,ARGUMENT
30064779215,68719484515,ARGUMENT
30064779215,55834577801,ARGUMENT
30064779216,68719484518,ARGUMENT
30064779216,30064779218,ARGUMENT
30064779216,30064779219,ARGUMENT
30064779217,68719484517,ARGUMENT
30064779217,55834577802,ARGUMENT
30064779218,90194315074,ARGUMENT
30064779218,68719484519,ARGUMENT
30064779218,90194315075,ARGUMENT
30064779219,68719484520,ARGUMENT
30064779219,55834577803,ARGUMENT
30064779221,68719484521,ARGUMENT
30064779221,30064779222,ARGUMENT
30064779222,68719484523,ARGUMENT
30064779223,68719484522,ARGUMENT
30064779223,55834577804,ARGUMENT
30064779224,68719484524,ARGUMENT
30064779224,30064779225,ARGUMENT
30064779225,30064779226,ARGUMENT
30064779226,68719484526,ARGUMENT
30064779226,30064779228,ARGUMENT
30064779226,25769805071,ARGUMENT
30064779227,68719484525,ARGUMENT
30064779227,55834577805,ARGUMENT
30064779228,90194315076,ARGUMENT
30064779228,68719484527,ARGUMENT
30064779228,90194315077,ARGUMENT
30064779228,68719484528,ARGUMENT
30064779228,90194315078,ARGUMENT
30064779229,30064779230,ARGUMENT
30064779229,25769805072,ARGUMENT
30064779230,68719484529,ARGUMENT
30064779230,55834577806,ARGUMENT
30064779231,30064779232,ARGUMENT
30064779231,90194315079,ARGUMENT
30064779232,68719484530,ARGUMENT
30064779232,55834577807,ARGUMENT
30064779233,30064779234,ARGUMENT
30064779233,30064779236,ARGUMENT
30064779234,30064779235,ARGUMENT
30064779234,55834577809,ARGUMENT
30064779235,68719484533,ARGUMENT
30064779235,55834577808,ARGUMENT
30064779237,68719484536,ARGUMENT
30064779237,30064779239,ARGUMENT
30064779237,30064779240,ARGUMENT
30064779238,68719484535,ARGUMENT
30064779238,55834577810,ARGUMENT
30064779239,90194315080,ARGUMENT
30064779239,68719484537,ARGUMENT
30064779239,90194315081,ARGUMENT
30064779240,68719484538,ARGUMENT
30064779240,55834577811,ARGUMENT
30064779242,68719484542,ARGUMENT
30064779242,90194315082,ARGUMENT
30064779243,30064779244,ARGUMENT
30064779243,55834577813,ARGUMENT
30064779244,68719484539,ARGUMENT
30064779244,30064779245,ARGUMENT
30064779245,68719484541,ARGUMENT
30064779246,68719484540,ARGUMENT
30064779246,55834577812,ARGUMENT
30064779247,68719484543,ARGUMENT
30064779247,30064779248,ARGUMENT
30064779248,68719484545,ARGUMENT
30064779249,68719484544,ARGUMENT
30064779249,55834577814,ARGUMENT
30064779250,68719484546,ARGUMENT
30064779250,30064779251,ARGUMENT
30064779251,30064779252,ARGUMENT
30064779252,68719484548,ARGUMENT
30064779252,30064779254,ARGUMENT
30064779253,68719484547,ARGUMENT
30064779253,55834577815,ARGUMENT
30064779254,90194315083,ARGUMENT
30064779254,68719484549,ARGUMENT
30064779254,90194315084,ARGUMENT
30064779254,68719484550,ARGUMENT
30064779254,90194315085,ARGUMENT
30064779255,68719484551,ARGUMENT
30064779255,30064779256,ARGUMENT
30064779256,68719484552,ARGUMENT
30064779256,55834577816,ARGUMENT
30064779257,30064779258,ARGUMENT
30064779257,30064779259,ARGUMENT
30064779258,68719484553,ARGUMENT
30064779258,55834577817,ARGUMENT
30064779259,30064779260,ARGUMENT
30064779259,30064779267,ARGUMENT
30064779260,68719484558,ARGUMENT
30064779260,90194315086,ARGUMENT
30064779261,30064779262,ARGUMENT
30064779261,55834577820,ARGUMENT
30064779262,68719484554,ARGUMENT
30064779262,30064779263,ARGUMENT
30064779263,68719484557,ARGUMENT
30064779264,30064779265,ARGUMENT
30064779264,55834577819,ARGUMENT
30064779265,68719484555,ARGUMENT
30064779265,30064779266,ARGUMENT
30064779266,68719484556,ARGUMENT
30064779266,55834577818,ARGUMENT
30064779267,68719484561,ARGUMENT
30064779267,90194315087,ARGUMENT
30064779268,30064779269,ARGUMENT
30064779268,55834577823,ARGUMENT
30064779269,68719484560,ARGUMENT
30064779270,30064779271,ARGUMENT
30064779270,55834577822,ARGUMENT
30064779271,68719484559,ARGUMENT
30064779271,55834577821,ARGUMENT
30064779272,30064779273,ARGUMENT
30064779272,30064779274,ARGUMENT
30064779273,68719484562,ARGUMENT
30064779273,55834577824,ARGUMENT
30064779274,68719484565,ARGUMENT
30064779274,120259084485,ARGUMENT
30064779275,30064779276,ARGUMENT
30064779275,55834577826,ARGUMENT
30064779276,68719484563,ARGUMENT
30064779276,30064779277,ARGUMENT
30064779277,68719484564,ARGUMENT
30064779277,55834577825,ARGUMENT
30064779278,68719484568,ARGUMENT
30064779278,30064779280,ARGUMENT
30064779278,30064779281,ARGUMENT
30064779279,68719484567,ARGUMENT
30064779279,55834577827,ARGUMENT
30064779280,90194315091,ARGUMENT
30064779280,68719484569,ARGUMENT
30064779280,90194315092,ARGUMENT
30064779281,68719484570,ARGUMENT
30064779281,55834577828,ARGUMENT
30064779282,68719484571,ARGUMENT
30064779282,120259084486,ARGUMENT
30064779283,68719484572,ARGUMENT
30064779283,120259084487,ARGUMENT
30064779284,68719484573,ARGUMENT
30064779284,120259084488,ARGUMENT
30064779285,68719484574,ARGUMENT
30064779285,120259084489,ARGUMENT
30064779286,68719484575,ARGUMENT
30064779286,120259084490,ARGUMENT
30064779287,68719484576,ARGUMENT
30064779287,120259084491,ARGUMENT
30064779288,68719484577,ARGUMENT
30064779288,120259084492,ARGUMENT
30064779289,68719484578,ARGUMENT
30064779289,120259084493,ARGUMENT
30064779290,68719484579,ARGUMENT
30064779290,30064779058,ARGUMENT
30064779291,68719484582,ARGUMENT
30064779291,30064779292,ARGUMENT
30064779292,30064779059,ARGUMENT
30064779292,55834577829,ARGUMENT
30064779293,68719484585,ARGUMENT
30064779293,120259084494,ARGUMENT
30064779294,68719484586,ARGUMENT
30064779294,30064779295,ARGUMENT
30064779296,68719484588,ARGUMENT
30064779297,30064779298,ARGUMENT
30064779297,68719484591,ARGUMENT
30064779298,68719484590,ARGUMENT
30064779298,90194315096,ARGUMENT
30064779299,68719484673,ARGUMENT
30064779299,90194315120,ARGUMENT
30064779300,68719484592,ARGUMENT
30064779300,30064779301,ARGUMENT
30064779301,68719484594,ARGUMENT
30064779302,68719484593,ARGUMENT
30064779302,55834577830,ARGUMENT
30064779303,68719484595,ARGUMENT
30064779303,30064779304,ARGUMENT
30064779304,30064779305,ARGUMENT
30064779305,68719484597,ARGUMENT
30064779305,30064779307,ARGUMENT
30064779305,25769805087,ARGUMENT
30064779306,68719484596,ARGUMENT
30064779306,55834577831,ARGUMENT
30064779307,90194315097,ARGUMENT
30064779307,68719484598,ARGUMENT
30064779307,90194315098,ARGUMENT
30064779308,30064779309,ARGUMENT
30064779308,25769805088,ARGUMENT
30064779309,68719484599,ARGUMENT
30064779309,55834577832,ARGUMENT
30064779310,30064779311,ARGUMENT
30064779310,90194315099,ARGUMENT
30064779311,68719484600,ARGUMENT
30064779311,55834577833,ARGUMENT
30064779312,30064779313,ARGUMENT
30064779312,90194315100,ARGUMENT
30064779313,68719484601,ARGUMENT
30064779313,55834577834,ARGUMENT
30064779314,68719484604,ARGUMENT
30064779314,30064779315,ARGUMENT
30064779315,30064779316,ARGUMENT
30064779315,30064779318,ARGUMENT
30064779316,30064779317,ARGUMENT
30064779316,90194315101,ARGUMENT
30064779317,68719484605,ARGUMENT
30064779317,55834577835,ARGUMENT
30064779318,30064779319,ARGUMENT
30064779318,90194315102,ARGUMENT
30064779319,68719484606,ARGUMENT
30064779319,55834577836,ARGUMENT
30064779320,68719484608,ARGUMENT
30064779320,30064779321,ARGUMENT
30064779321,68719484609,ARGUMENT
30064779321,90194315103,ARGUMENT
30064779322,30064779323,ARGUMENT
30064779323,68719484610,ARGUMENT
30064779324,68719484613,ARGUMENT
30064779324,30064779326,ARGUMENT
30064779325,68719484612,ARGUMENT
30064779325,55834577837,ARGUMENT
30064779326,68719484614,ARGUMENT
30064779326,55834577838,ARGUMENT
30064779327,30064779328,ARGUMENT
30064779327,55834577840,ARGUMENT
30064779328,68719484615,ARGUMENT
30064779328,55834577839,ARGUMENT
30064779329,68719484618,ARGUMENT
30064779329,30064779331,ARGUMENT
30064779330,68719484617,ARGUMENT
30064779330,55834577841,ARGUMENT
30064779331,90194315105,ARGUMENT
30064779331,68719484619,ARGUMENT
30064779331,90194315106,ARGUMENT
30064779331,30064779332,ARGUMENT
30064779331,90194315107,ARGUMENT
30064779332,30064779333,ARGUMENT
30064779332,68719484621,ARGUMENT
30064779333,68719484620,ARGUMENT
30064779333,55834577842,ARGUMENT
30064779334,30064779335,ARGUMENT
30064779334,30064779336,ARGUMENT
30064779335,68719484622,ARGUMENT
30064779335,55834577843,ARGUMENT
30064779336,68719484623,ARGUMENT
30064779336,55834577844,ARGUMENT
30064779337,30064779338,ARGUMENT
30064779337,30064779339,ARGUMENT
30064779338,68719484624,ARGUMENT
30064779338,55834577845,ARGUMENT
30064779339,30064779340,ARGUMENT
30064779339,90194315109,ARGUMENT
30064779340,30064779341,ARGUMENT
30064779340,30064779342,ARGUMENT
30064779341,68719484625,ARGUMENT
30064779341,55834577846,ARGUMENT
30064779342,68719484626,ARGUMENT
30064779342,55834577847,ARGUMENT
30064779343,30064779344,ARGUMENT
30064779343,30064779345,ARGUMENT
30064779344,68719484627,ARGUMENT
30064779344,55834577848,ARGUMENT
30064779345,68719484628,ARGUMENT
30064779345,55834577849,ARGUMENT
30064779346,30064779347,ARGUMENT
30064779346,30064779348,ARGUMENT
30064779347,68719484629,ARGUMENT
30064779347,55834577850,ARGUMENT
30064779348,30064779349,ARGUMENT
30064779348,68719484632,ARGUMENT
30064779349,30064779350,ARGUMENT
30064779349,30064779351,ARGUMENT
30064779350,68719484630,ARGUMENT
30064779350,55834577851,ARGUMENT
30064779351,68719484631,ARGUMENT
30064779351,55834577852,ARGUMENT
30064779352,68719484634,ARGUMENT
30064779352,30064779353,ARGUMENT
30064779353,68719484636,ARGUMENT
30064779354,68719484635,ARGUMENT
30064779354,55834577853,ARGUMENT
30064779355,68719484637,ARGUMENT
30064779355,90194315110,ARGUMENT
30064779356,68719484638,ARGUMENT
30064779356,90194315111,ARGUMENT
30064779357,68719484639,ARGUMENT
30064779357,30064779358,ARGUMENT
30064779359,68719484640,ARGUMENT
30064779359,30064779360,ARGUMENT
30064779360,30064779361,ARGUMENT
30064779361,68719484642,ARGUMENT
30064779361,30064779363,ARGUMENT
30064779361,25769805094,ARGUMENT
30064779362,68719484641,ARGUMENT
30064779362,55834577854,ARGUMENT
30064779363,90194315113,ARGUMENT
30064779363,68719484643,ARGUMENT
30064779363,90194315114,ARGUMENT
30064779364,30064779365,ARGUMENT
30064779364,25769805095,ARGUMENT
30064779365,68719484644,ARGUMENT
30064779365,55834577855,ARGUMENT
30064779366,30064779367,ARGUMENT
30064779366,68719484646,ARGUMENT
30064779367,68719484645,ARGUMENT
30064779367,55834577856,ARGUMENT
30064779368,30064779369,ARGUMENT
30064779368,68719484648,ARGUMENT
30064779369,68719484647,ARGUMENT
30064779369,55834577857,ARGUMENT
30064779370,30064779371,ARGUMENT
30064779370,30064779375,ARGUMENT
30064779371,30064779372,ARGUMENT
30064779372,68719484652,ARGUMENT
30064779372,30064779374,ARGUMENT
30064779373,68719484651,ARGUMENT
30064779373,55834577858,ARGUMENT
30064779374,68719484653,ARGUMENT
30064779374,55834577859,ARGUMENT
30064779375,30064779376,ARGUMENT
30064779375,90194315115,ARGUMENT
30064779376,30064779377,ARGUMENT
30064779376,55834577861,ARGUMENT
30064779377,68719484654,ARGUMENT
30064779377,55834577860,ARGUMENT
30064779378,68719484656,ARGUMENT
30064779378,30064779380,ARGUMENT
30064779379,68719484655,ARGUMENT
30064779379,55834577862,ARGUMENT
30064779380,30064779381,ARGUMENT
30064779381,68719484657,ARGUMENT
30064779381,55834577863,ARGUMENT
30064779382,30064779383,ARGUMENT
30064779382,68719484659,ARGUMENT
30064779383,30064779384,ARGUMENT
30064779383,55834577865,ARGUMENT
30064779384,68719484658,ARGUMENT
30064779384,55834577864,ARGUMENT
30064779385,68719484660,ARGUMENT
30064779385,90194315116,ARGUMENT
30064779386,68719484662,ARGUMENT
30064779386,120259084495,ARGUMENT
30064779387,68719484661,ARGUMENT
30064779387,55834577866,ARGUMENT
30064779388,68719484665,ARGUMENT
30064779388,30064779390,ARGUMENT
30064779389,68719484664,ARGUMENT
30064779389,55834577867,ARGUMENT
30064779390,90194315117,ARGUMENT
30064779390,68719484666,ARGUMENT
30064779390,90194315118,ARGUMENT
30064779390,30064779391,ARGUMENT
30064779390,90194315119,ARGUMENT
30064779391,30064779392,ARGUMENT
30064779391,68719484668,ARGUMENT
30064779392,68719484667,ARGUMENT
30064779392,55834577868,ARGUMENT
30064779394,68719484669,ARGUMENT
30064779394,120259084496,ARGUMENT
30064779395,68719484670,ARGUMENT
30064779395,120259084497,ARGUMENT
30064779396,68719484671,ARGUMENT
30064779396,30064779299,ARGUMENT
30064779397,68719484674,ARGUMENT
30064779397,120259084498,ARGUMENT
30064779398,68719484675,ARGUMENT
30064779398,30064779399,ARGUMENT
30064779400,68719484677,ARGUMENT
30064779401,30064779402,ARGUMENT
30064779401,68719484680,ARGUMENT
30064779402,68719484679,ARGUMENT
30064779402,90194315121,ARGUMENT
30064779403,68719484710,ARGUMENT
30064779403,90194315130,ARGUMENT
30064779404,68719484681,ARGUMENT
30064779404,30064779405,ARGUMENT
30064779405,68719484683,ARGUMENT
30064779406,68719484682,ARGUMENT
30064779406,55834577869,ARGUMENT
30064779407,30064779408,ARGUMENT
30064779408,68719484685,ARGUMENT
30064779408,90194315122,ARGUMENT
30064779409,68719484684,ARGUMENT
30064779409,55834577870,ARGUMENT
30064779410,68719484688,ARGUMENT
30064779410,90194315124,ARGUMENT
30064779410,30064779412,ARGUMENT
30064779411,68719484687,ARGUMENT
30064779411,55834577871,ARGUMENT
30064779412,68719484689,ARGUMENT
30064779412,55834577872,ARGUMENT
30064779413,68719484690,ARGUMENT
30064779413,30064779414,ARGUMENT
30064779414,68719484692,ARGUMENT
30064779415,68719484691,ARGUMENT
30064779415,55834577873,ARGUMENT
30064779416,68719484693,ARGUMENT
30064779416,30064779417,ARGUMENT
30064779417,30064779418,ARGUMENT
30064779418,68719484695,ARGUMENT
30064779418,90194315126,ARGUMENT
30064779419,68719484694,ARGUMENT
30064779419,55834577874,ARGUMENT
30064779420,68719484696,ARGUMENT
30064779420,55834577875,ARGUMENT
30064779421,68719484699,ARGUMENT
30064779421,90194315127,ARGUMENT
30064779421,30064779423,ARGUMENT
30064779422,68719484698,ARGUMENT
30064779422,55834577876,ARGUMENT
30064779423,68719484700,ARGUMENT
30064779423,55834577877,ARGUMENT
30064779424,25769805109,ARGUMENT
30064779425,68719484701,ARGUMENT
30064779425,30064779426,ARGUMENT
30064779427,68719484703,ARGUMENT
30064779427,30064779428,ARGUMENT
30064779428,90194315128,ARGUMENT
30064779428,30064779429,ARGUMENT
30064779428,90194315129,ARGUMENT
30064779429,68719484704,ARGUMENT
30064779429,55834577878,ARGUMENT
30064779430,68719484706,ARGUMENT
30064779430,120259084499,ARGUMENT
30064779431,68719484707,ARGUMENT
30064779431,120259084500,ARGUMENT
30064779432,68719484708,ARGUMENT
30064779432,30064779403,ARGUMENT
30064779433,68719484711,ARGUMENT
30064779433,120259084501,ARGUMENT
30064779434,68719484712,ARGUMENT
30064779434,30064779435,ARGUMENT
30064779436,68719484714,ARGUMENT
30064779437,30064779438,ARGUMENT
30064779437,68719484717,ARGUMENT
30064779438,68719484716,ARGUMENT
30064779438,90194315131,ARGUMENT
30064779439,68719484750,ARGUMENT
30064779439,90194315142,ARGUMENT
30064779440,68719484753,ARGUMENT
30064779440,90194315143,ARGUMENT
30064779441,68719484718,ARGUMENT
30064779441,55834577879,ARGUMENT
30064779442,30064779443,ARGUMENT
30064779442,30064779444,ARGUMENT
30064779443,68719484719,ARGUMENT
30064779443,55834577880,ARGUMENT
30064779444,30064779445,ARGUMENT
30064779444,90194315132,ARGUMENT
30064779445,30064779446,ARGUMENT
30064779445,55834577882,ARGUMENT
30064779446,68719484720,ARGUMENT
30064779446,55834577881,ARGUMENT
30064779447,30064779448,ARGUMENT
30064779447,30064779449,ARGUMENT
30064779448,68719484721,ARGUMENT
30064779448,55834577883,ARGUMENT
30064779449,30064779450,ARGUMENT
30064779449,90194315133,ARGUMENT
30064779450,68719484723,ARGUMENT
30064779451,30064779452,ARGUMENT
30064779451,55834577886,ARGUMENT
30064779452,30064779453,ARGUMENT
30064779452,55834577885,ARGUMENT
30064779453,68719484722,ARGUMENT
30064779453,55834577884,ARGUMENT
30064779454,30064779455,ARGUMENT
30064779455,68719484724,ARGUMENT
30064779455,55834577887,ARGUMENT
30064779456,68719484726,ARGUMENT
30064779456,90194315134,ARGUMENT
30064779457,68719484725,ARGUMENT
30064779457,55834577888,ARGUMENT
30064779458,30064779459,ARGUMENT
30064779458,30064779460,ARGUMENT
30064779459,68719484727,ARGUMENT
30064779459,55834577889,ARGUMENT
30064779460,68719484729,ARGUMENT
30064779460,25769805117,ARGUMENT
30064779461,68719484728,ARGUMENT
30064779461,55834577890,ARGUMENT
30064779462,30064779463,ARGUMENT
30064779462,30064779464,ARGUMENT
30064779463,68719484730,ARGUMENT
30064779463,55834577891,ARGUMENT
30064779464,90194315135,ARGUMENT
30064779464,30064779465,ARGUMENT
30064779464,90194315136,ARGUMENT
30064779465,68719484731,ARGUMENT
30064779465,55834577892,ARGUMENT
30064779466,30064779467,ARGUMENT
30064779466,25769805118,ARGUMENT
30064779467,68719484732,ARGUMENT
30064779467,55834577893,ARGUMENT
30064779468,30064779469,ARGUMENT
30064779468,30064779470,ARGUMENT
30064779469,68719484733,ARGUMENT
30064779469,55834577894,ARGUMENT
30064779470,68719484734,ARGUMENT
30064779470,55834577895,ARGUMENT
30064779471,30064779472,ARGUMENT
30064779471,90194315137,ARGUMENT
30064779472,68719484735,ARGUMENT
30064779472,55834577896,ARGUMENT
30064779473,30064779474,ARGUMENT
30064779473,90194315138,ARGUMENT
30064779474,68719484737,ARGUMENT
30064779474,55834577897,ARGUMENT
30064779475,30064779476,ARGUMENT
30064779476,68719484739,ARGUMENT
30064779476,55834577898,ARGUMENT
30064779477,68719484741,ARGUMENT
30064779478,68719484740,ARGUMENT
30064779478,55834577899,ARGUMENT
30064779479,30064779480,ARGUMENT
30064779480,68719484742,ARGUMENT
30064779480,55834577900,ARGUMENT
30064779481,68719484743,ARGUMENT
30064779481,90194315139,ARGUMENT
30064779482,68719484744,ARGUMENT
30064779482,120259084502,ARGUMENT
30064779483,68719484745,ARGUMENT
30064779483,120259084503,ARGUMENT
30064779484,30064779485,ARGUMENT
30064779484,90194315140,ARGUMENT
30064779485,68719484746,ARGUMENT
30064779485,55834577901,ARGUMENT
30064779486,30064779487,ARGUMENT
30064779486,90194315141,ARGUMENT
30064779487,68719484747,ARGUMENT
30064779487,55834577902,ARGUMENT
30064779488,68719484748,ARGUMENT
30064779488,30064779439,ARGUMENT
30064779489,68719484751,ARGUMENT
30064779489,30064779490,ARGUMENT
30064779490,30064779440,ARGUMENT
30064779490,55834577903,ARGUMENT
30064779491,68719484754,ARGUMENT
30064779491,120259084504,ARGUMENT
30064779492,68719484755,ARGUMENT
30064779492,30064779493,ARGUMENT
30064779494,68719484757,ARGUMENT
30064779495,30064779496,ARGUMENT
30064779495,68719484760,ARGUMENT
30064779496,68719484759,ARGUMENT
30064779496,90194315144,ARGUMENT
30064779497,68719484824,ARGUMENT
30064779497,90194315158,ARGUMENT
30064779498,68719484827,ARGUMENT
30064779498,90194315159,ARGUMENT
30064779499,68719484761,ARGUMENT
30064779499,30064779500,ARGUMENT
30064779500,68719484763,ARGUMENT
30064779501,68719484762,ARGUMENT
30064779501,55834577904,ARGUMENT
30064779502,68719484764,ARGUMENT
30064779502,30064779503,ARGUMENT
30064779503,30064779504,ARGUMENT
30064779504,68719484766,ARGUMENT
30064779504,90194315145,ARGUMENT
30064779504,25769805130,ARGUMENT
30064779505,68719484765,ARGUMENT
30064779505,55834577905,ARGUMENT
30064779506,30064779507,ARGUMENT
30064779506,25769805131,ARGUMENT
30064779507,68719484767,ARGUMENT
30064779507,55834577906,ARGUMENT
30064779508,30064779509,ARGUMENT
30064779508,90194315146,ARGUMENT
30064779509,68719484768,ARGUMENT
30064779509,55834577907,ARGUMENT
30064779510,68719484771,ARGUMENT
30064779510,55834577908,ARGUMENT
30064779511,68719484774,ARGUMENT
30064779511,90194315147,ARGUMENT
30064779511,30064779513,ARGUMENT
30064779512,68719484773,ARGUMENT
30064779512,55834577909,ARGUMENT
30064779513,68719484775,ARGUMENT
30064779513,55834577910,ARGUMENT
30064779514,25769805132,ARGUMENT
30064779515,68719484776,ARGUMENT
30064779515,30064779516,ARGUMENT
30064779517,68719484778,ARGUMENT
30064779517,30064779518,ARGUMENT
30064779518,90194315148,ARGUMENT
30064779518,30064779519,ARGUMENT
30064779518,90194315149,ARGUMENT
30064779519,68719484779,ARGUMENT
30064779519,55834577911,ARGUMENT
30064779520,68719484781,ARGUMENT
30064779520,30064779521,ARGUMENT
30064779521,68719484783,ARGUMENT
30064779522,68719484782,ARGUMENT
30064779522,55834577912,ARGUMENT
30064779523,68719484784,ARGUMENT
30064779523,30064779524,ARGUMENT
30064779524,30064779525,ARGUMENT
30064779525,68719484786,ARGUMENT
30064779525,30064779527,ARGUMENT
30064779526,68719484785,ARGUMENT
30064779526,55834577913,ARGUMENT
30064779527,90194315150,ARGUMENT
30064779527,68719484787,ARGUMENT
30064779527,90194315151,ARGUMENT
30064779528,68719484788,ARGUMENT
30064779528,55834577914,ARGUMENT
30064779529,68719484791,ARGUMENT
30064779529,90194315152,ARGUMENT
30064779529,30064779531,ARGUMENT
30064779530,68719484790,ARGUMENT
30064779530,55834577915,ARGUMENT
30064779531,68719484792,ARGUMENT
30064779531,55834577916,ARGUMENT
30064779532,25769805136,ARGUMENT
30064779533,68719484793,ARGUMENT
30064779533,30064779534,ARGUMENT
30064779535,68719484795,ARGUMENT
30064779535,30064779536,ARGUMENT
30064779536,90194315153,ARGUMENT
30064779536,30064779537,ARGUMENT
30064779536,90194315154,ARGUMENT
30064779537,68719484796,ARGUMENT
30064779537,55834577917,ARGUMENT
30064779538,68719484798,ARGUMENT
30064779538,30064779539,ARGUMENT
30064779540,68719484799,ARGUMENT
30064779540,68719484800,ARGUMENT
30064779541,68719484802,ARGUMENT
30064779541,30064779542,ARGUMENT
30064779542,30064779543,ARGUMENT
30064779543,68719484804,ARGUMENT
30064779543,68719484805,ARGUMENT
30064779544,68719484803,ARGUMENT
30064779544,55834577918,ARGUMENT
30064779545,68719484807,ARGUMENT
30064779545,30064779547,ARGUMENT
30064779546,68719484806,ARGUMENT
30064779546,55834577919,ARGUMENT
30064779547,68719484808,ARGUMENT
30064779547,55834577920,ARGUMENT
30064779548,68719484809,ARGUMENT
30064779548,30064779549,ARGUMENT
30064779549,68719484810,ARGUMENT
30064779549,55834577921,ARGUMENT
30064779550,68719484814,ARGUMENT
30064779550,90194315155,ARGUMENT
30064779551,30064779552,ARGUMENT
30064779551,55834577923,ARGUMENT
30064779552,68719484811,ARGUMENT
30064779552,30064779553,ARGUMENT
30064779553,68719484813,ARGUMENT
30064779554,68719484812,ARGUMENT
30064779554,55834577922,ARGUMENT
30064779555,68719484817,ARGUMENT
30064779555,90194315156,ARGUMENT
30064779555,30064779557,ARGUMENT
30064779556,68719484816,ARGUMENT
30064779556,55834577924,ARGUMENT
30064779557,68719484818,ARGUMENT
30064779557,55834577925,ARGUMENT
30064779558,68719484819,ARGUMENT
30064779558,120259084505,ARGUMENT
30064779559,68719484820,ARGUMENT
30064779559,120259084506,ARGUMENT
30064779560,68719484821,ARGUMENT
30064779560,120259084507,ARGUMENT
30064779561,68719484822,ARGUMENT
30064779561,30064779497,ARGUMENT
30064779562,68719484825,ARGUMENT
30064779562,30064779563,ARGUMENT
30064779563,30064779498,ARGUMENT
30064779563,55834577926,ARGUMENT
30064779564,68719484828,ARGUMENT
30064779564,120259084508,ARGUMENT
30064779565,68719484829,ARGUMENT
30064779565,30064779566,ARGUMENT
30064779567,68719484831,ARGUMENT
30064779568,30064779569,ARGUMENT
30064779568,68719484834,ARGUMENT
30064779569,68719484833,ARGUMENT
30064779569,90194315160,ARGUMENT
30064779570,68719484875,ARGUMENT
30064779570,90194315170,ARGUMENT
30064779571,68719484878,ARGUMENT
30064779571,90194315171,ARGUMENT
30064779572,30064779573,ARGUMENT
30064779573,68719484835,ARGUMENT
30064779573,55834577927,ARGUMENT
30064779574,68719484836,ARGUMENT
30064779574,25769805153,ARGUMENT
30064779575,68719484837,ARGUMENT
30064779575,30064779576,ARGUMENT
30064779577,68719484839,ARGUMENT
30064779577,30064779578,ARGUMENT
30064779578,68719484840,ARGUMENT
30064779578,55834577928,ARGUMENT
30064779579,68719484842,ARGUMENT
30064779579,68719484843,ARGUMENT
30064779580,68719484844,ARGUMENT
30064779580,30064779581,ARGUMENT
30064779581,68719484846,ARGUMENT
30064779582,68719484845,ARGUMENT
30064779582,55834577929,ARGUMENT
30064779583,68719484847,ARGUMENT
30064779583,30064779584,ARGUMENT
30064779584,30064779585,ARGUMENT
30064779585,68719484849,ARGUMENT
30064779585,30064779587,ARGUMENT
30064779585,25769805149,ARGUMENT
30064779586,68719484848,ARGUMENT
30064779586,55834577930,ARGUMENT
30064779587,90194315162,ARGUMENT
30064779587,68719484850,ARGUMENT
30064779587,90194315163,ARGUMENT
30064779588,30064779589,ARGUMENT
30064779588,25769805150,ARGUMENT
30064779589,68719484851,ARGUMENT
30064779589,55834577931,ARGUMENT
30064779590,30064779591,ARGUMENT
30064779590,90194315164,ARGUMENT
30064779591,68719484852,ARGUMENT
30064779591,55834577932,ARGUMENT
30064779592,30064779593,ARGUMENT
30064779592,90194315165,ARGUMENT
30064779593,68719484853,ARGUMENT
30064779593,55834577933,ARGUMENT
30064779594,30064779595,ARGUMENT
30064779594,90194315166,ARGUMENT
30064779595,68719484854,ARGUMENT
30064779595,55834577934,ARGUMENT
30064779596,30064779597,ARGUMENT
30064779596,90194315167,ARGUMENT
30064779597,68719484855,ARGUMENT
30064779597,55834577935,ARGUMENT
30064779598,68719484858,ARGUMENT
30064779598,30064779599,ARGUMENT
30064779599,90194315168,ARGUMENT
30064779599,30064779600,ARGUMENT
30064779600,68719484859,ARGUMENT
30064779600,55834577936,ARGUMENT
30064779601,68719484860,ARGUMENT
30064779601,25769805151,ARGUMENT
30064779602,68719484861,ARGUMENT
30064779602,30064779603,ARGUMENT
30064779604,68719484863,ARGUMENT
30064779605,68719484866,ARGUMENT
30064779605,120259084509,ARGUMENT
30064779606,68719484865,ARGUMENT
30064779606,55834577937,ARGUMENT
30064779607,68719484869,ARGUMENT
30064779607,90194315169,ARGUMENT
30064779607,68719484870,ARGUMENT
30064779608,68719484868,ARGUMENT
30064779608,55834577938,ARGUMENT
30064779609,68719484871,ARGUMENT
30064779610,68719484872,ARGUMENT
30064779610,120259084510,ARGUMENT
30064779611,68719484873,ARGUMENT
30064779611,30064779570,ARGUMENT
30064779612,68719484876,ARGUMENT
30064779612,30064779613,ARGUMENT
30064779613,30064779571,ARGUMENT
30064779613,55834577939,ARGUMENT
30064779614,68719484879,ARGUMENT
30064779614,120259084511,ARGUMENT
30064779615,68719484880,ARGUMENT
30064779615,30064779616,ARGUMENT
30064779617,68719484882,ARGUMENT
30064779618,30064779619,ARGUMENT
30064779618,68719484885,ARGUMENT
30064779619,68719484884,ARGUMENT
30064779619,90194315172,ARGUMENT
30064779620,68719484961,ARGUMENT
30064779620,90194315200,ARGUMENT
30064779621,68719484964,ARGUMENT
30064779621,90194315201,ARGUMENT
30064779622,68719484886,ARGUMENT
30064779622,30064779623,ARGUMENT
30064779623,68719484888,ARGUMENT
30064779624,68719484887,ARGUMENT
30064779624,55834577940,ARGUMENT
30064779625,68719484889,ARGUMENT
30064779625,30064779626,ARGUMENT
30064779627,68719484890,ARGUMENT
30064779627,90194315173,ARGUMENT
30064779628,68719484891,ARGUMENT
30064779628,90194315174,ARGUMENT
30064779629,68719484893,ARGUMENT
30064779629,90194315175,ARGUMENT
30064779630,68719484892,ARGUMENT
30064779630,55834577941,ARGUMENT
30064779631,68719484895,ARGUMENT
30064779631,30064779632,ARGUMENT
30064779632,30064779633,ARGUMENT
30064779633,68719484897,ARGUMENT
30064779633,90194315176,ARGUMENT
30064779633,25769805164,ARGUMENT
30064779634,68719484896,ARGUMENT
30064779634,55834577942,ARGUMENT
30064779635,30064779636,ARGUMENT
30064779635,25769805165,ARGUMENT
30064779636,68719484898,ARGUMENT
30064779636,55834577943,ARGUMENT
30064779637,30064779638,ARGUMENT
30064779637,90194315177,ARGUMENT
30064779638,68719484899,ARGUMENT
30064779638,55834577944,ARGUMENT
30064779639,30064779640,ARGUMENT
30064779639,90194315178,ARGUMENT
30064779640,68719484900,ARGUMENT
30064779640,55834577945,ARGUMENT
30064779641,30064779642,ARGUMENT
30064779641,68719484902,ARGUMENT
30064779642,68719484901,ARGUMENT
30064779642,55834577946,ARGUMENT
30064779643,30064779644,ARGUMENT
30064779643,90194315179,ARGUMENT
30064779644,68719484903,ARGUMENT
30064779644,55834577947,ARGUMENT
30064779645,30064779646,ARGUMENT
30064779645,90194315180,ARGUMENT
30064779646,68719484904,ARGUMENT
30064779646,55834577948,ARGUMENT
30064779647,68719484907,ARGUMENT
30064779647,30064779648,ARGUMENT
30064779648,68719484908,ARGUMENT
30064779648,55834577949,ARGUMENT
30064779649,68719484910,ARGUMENT
30064779649,30064779651,ARGUMENT
30064779650,68719484909,ARGUMENT
30064779650,55834577950,ARGUMENT
30064779651,68719484911,ARGUMENT
30064779652,68719484913,ARGUMENT
30064779652,30064779654,ARGUMENT
30064779653,68719484912,ARGUMENT
30064779653,55834577951,ARGUMENT
30064779654,90194315181,ARGUMENT
30064779654,68719484914,ARGUMENT
30064779654,90194315182,ARGUMENT
30064779654,30064779655,ARGUMENT
30064779654,90194315183,ARGUMENT
30064779654,30064779656,ARGUMENT
30064779654,90194315184,ARGUMENT
30064779655,68719484915,ARGUMENT
30064779655,55834577952,ARGUMENT
30064779656,68719484916,ARGUMENT
30064779656,55834577953,ARGUMENT
30064779657,68719484917,ARGUMENT
30064779657,30064779658,ARGUMENT
30064779658,30064779659,ARGUMENT
30064779658,90194315185,ARGUMENT
30064779659,68719484918,ARGUMENT
30064779659,55834577954,ARGUMENT
30064779660,68719484919,ARGUMENT
30064779660,30064779661,ARGUMENT
30064779661,30064779662,ARGUMENT
30064779661,30064779664,ARGUMENT
30064779662,68719484920,ARGUMENT
30064779662,30064779663,ARGUMENT
30064779663,68719484921,ARGUMENT
30064779663,90194315186,ARGUMENT
30064779664,30064779665,ARGUMENT
30064779664,90194315187,ARGUMENT
30064779665,68719484922,ARGUMENT
30064779665,55834577955,ARGUMENT
30064779666,68719484923,ARGUMENT
30064779667,68719484924,ARGUMENT
30064779667,90194315188,ARGUMENT
30064779668,68719484926,ARGUMENT
30064779668,90194315189,ARGUMENT
30064779669,68719484925,ARGUMENT
30064779669,55834577956,ARGUMENT
30064779670,68719484928,ARGUMENT
30064779670,30064779672,ARGUMENT
30064779671,68719484927,ARGUMENT
30064779671,55834577957,ARGUMENT
30064779672,90194315190,ARGUMENT
30064779672,30064779673,ARGUMENT
30064779672,90194315191,ARGUMENT
30064779673,68719484929,ARGUMENT
30064779673,55834577958,ARGUMENT
30064779674,68719484933,ARGUMENT
30064779674,90194315192,ARGUMENT
30064779674,30064779676,ARGUMENT
30064779675,68719484932,ARGUMENT
30064779675,55834577959,ARGUMENT
30064779676,68719484934,ARGUMENT
30064779676,55834577960,ARGUMENT
30064779677,25769805166,ARGUMENT
30064779678,68719484935,ARGUMENT
30064779678,30064779679,ARGUMENT
30064779680,68719484937,ARGUMENT
30064779680,30064779681,ARGUMENT
30064779681,90194315193,ARGUMENT
30064779681,30064779682,ARGUMENT
30064779681,90194315194,ARGUMENT
30064779682,68719484938,ARGUMENT
30064779682,55834577961,ARGUMENT
30064779683,68719484940,ARGUMENT
30064779683,30064779684,ARGUMENT
30064779684,68719484942,ARGUMENT
30064779685,68719484941,ARGUMENT
30064779685,55834577962,ARGUMENT
30064779686,68719484943,ARGUMENT
30064779686,30064779687,ARGUMENT
30064779687,30064779688,ARGUMENT
30064779688,68719484945,ARGUMENT
30064779688,30064779690,ARGUMENT
30064779689,68719484944,ARGUMENT
30064779689,55834577963,ARGUMENT
30064779690,90194315195,ARGUMENT
30064779690,68719484946,ARGUMENT
30064779690,90194315196,ARGUMENT
30064779691,68719484947,ARGUMENT
30064779691,55834577964,ARGUMENT
30064779692,68719484950,ARGUMENT
30064779692,90194315197,ARGUMENT
30064779692,30064779694,ARGUMENT
30064779693,68719484949,ARGUMENT
30064779693,55834577965,ARGUMENT
30064779694,68719484951,ARGUMENT
30064779694,55834577966,ARGUMENT
30064779695,25769805171,ARGUMENT
30064779696,68719484952,ARGUMENT
30064779696,30064779697,ARGUMENT
30064779698,68719484954,ARGUMENT
30064779698,30064779699,ARGUMENT
30064779699,90194315198,ARGUMENT
30064779699,30064779700,ARGUMENT
30064779699,90194315199,ARGUMENT
30064779700,68719484955,ARGUMENT
30064779700,55834577967,ARGUMENT
30064779701,68719484957,ARGUMENT
30064779701,120259084512,ARGUMENT
30064779702,68719484958,ARGUMENT
30064779702,120259084513,ARGUMENT
30064779703,68719484959,ARGUMENT
30064779703,30064779620,ARGUMENT
30064779704,68719484962,ARGUMENT
30064779704,30064779705,ARGUMENT
30064779705,30064779621,ARGUMENT
30064779705,55834577968,ARGUMENT
30064779706,68719484965,ARGUMENT
30064779706,120259084514,ARGUMENT
30064779707,68719484966,ARGUMENT
30064779707,30064779708,ARGUMENT
30064779709,68719484968,ARGUMENT
30064779710,30064779711,ARGUMENT
30064779710,68719484971,ARGUMENT
30064779711,68719484970,ARGUMENT
30064779711,90194315202,ARGUMENT
30064779712,68719484972,ARGUMENT
30064779712,30064779713,ARGUMENT
30064779713,90194315203,ARGUMENT
30064779714,30064779715,ARGUMENT
30064779714,30064779716,ARGUMENT
30064779715,68719484973,ARGUMENT
30064779715,55834577969,ARGUMENT
30064779716,68719484974,ARGUMENT
30064779716,55834577970,ARGUMENT
30064779717,68719484975,ARGUMENT
30064779717,30064779718,ARGUMENT
30064779718,90194315204,ARGUMENT
30064779719,30064779720,ARGUMENT
30064779719,30064779721,ARGUMENT
30064779720,68719484976,ARGUMENT
30064779720,55834577971,ARGUMENT
30064779721,68719484977,ARGUMENT
30064779721,55834577972,ARGUMENT
30064779722,68719484978,ARGUMENT
30064779722,30064779723,ARGUMENT
30064779723,90194315205,ARGUMENT
30064779724,30064779725,ARGUMENT
30064779724,30064779726,ARGUMENT
30064779725,68719484979,ARGUMENT
30064779725,55834577973,ARGUMENT
30064779726,68719484980,ARGUMENT
30064779726,55834577974,ARGUMENT
30064779727,68719484981,ARGUMENT
30064779727,30064779728,ARGUMENT
30064779728,90194315206,ARGUMENT
30064779729,30064779730,ARGUMENT
30064779729,30064779731,ARGUMENT
30064779730,68719484982,ARGUMENT
30064779730,55834577975,ARGUMENT
30064779731,68719484983,ARGUMENT
30064779731,55834577976,ARGUMENT
30064779732,68719484984,ARGUMENT
30064779732,30064779733,ARGUMENT
30064779733,90194315207,ARGUMENT
30064779734,30064779735,ARGUMENT
30064779734,30064779736,ARGUMENT
30064779735,68719484985,ARGUMENT
30064779735,55834577977,ARGUMENT
30064779736,68719484986,ARGUMENT
30064779736,55834577978,ARGUMENT
30064779737,68719484987,ARGUMENT
30064779737,30064779738,ARGUMENT
30064779738,90194315208,ARGUMENT
30064779739,30064779740,ARGUMENT
30064779739,30064779741,ARGUMENT
30064779740,68719484988,ARGUMENT
30064779740,55834577979,ARGUMENT
30064779741,68719484989,ARGUMENT
30064779741,55834577980,ARGUMENT
30064779742,68719484990,ARGUMENT
30064779742,30064779743,ARGUMENT
30064779743,90194315209,ARGUMENT
30064779744,30064779745,ARGUMENT
30064779744,30064779746,ARGUMENT
30064779745,68719484991,ARGUMENT
30064779745,55834577981,ARGUMENT
30064779746,68719484992,ARGUMENT
30064779746,55834577982,ARGUMENT
30064779747,68719485336,ARGUMENT
30064779747,90194315303,ARGUMENT
30064779748,68719485339,ARGUMENT
30064779748,90194315304,ARGUMENT
30064779749,68719485342,ARGUMENT
30064779749,90194315305,ARGUMENT
30064779750,68719484994,ARGUMENT
30064779750,30064779752,ARGUMENT
30064779751,68719484993,ARGUMENT
30064779751,55834577983,ARGUMENT
30064779752,90194315210,ARGUMENT
30064779752,68719484995,ARGUMENT
30064779752,90194315211,ARGUMENT
30064779753,68719484996,ARGUMENT
30064779753,30064779754,ARGUMENT
30064779754,68719484997,ARGUMENT
30064779754,55834577984,ARGUMENT
30064779755,68719484998,ARGUMENT
30064779755,30064779756,ARGUMENT
30064779756,68719484999,ARGUMENT
30064779756,55834577985,ARGUMENT
30064779757,68719485001,ARGUMENT
30064779757,30064779759,ARGUMENT
30064779758,68719485000,ARGUMENT
30064779758,55834577986,ARGUMENT
30064779759,90194315212,ARGUMENT
30064779759,68719485002,ARGUMENT
30064779759,90194315213,ARGUMENT
30064779760,68719485003,ARGUMENT
30064779760,30064779761,ARGUMENT
30064779761,68719485005,ARGUMENT
30064779761,68719485006,ARGUMENT
30064779762,68719485004,ARGUMENT
30064779762,55834577987,ARGUMENT
30064779763,68719485007,ARGUMENT
30064779763,30064779764,ARGUMENT
30064779764,68719485009,ARGUMENT
30064779764,30064779766,ARGUMENT
30064779764,30064779767,ARGUMENT
30064779765,68719485008,ARGUMENT
30064779765,55834577988,ARGUMENT
30064779766,68719485010,ARGUMENT
30064779766,55834577989,ARGUMENT
30064779767,68719485011,ARGUMENT
30064779767,55834577990,ARGUMENT
30064779768,68719485012,ARGUMENT
30064779768,30064779769,ARGUMENT
30064779769,68719485014,ARGUMENT
30064779769,30064779771,ARGUMENT
30064779769,30064779772,ARGUMENT
30064779770,68719485013,ARGUMENT
30064779770,55834577991,ARGUMENT
30064779771,68719485015,ARGUMENT
30064779771,55834577992,ARGUMENT
30064779772,68719485016,ARGUMENT
30064779772,55834577993,ARGUMENT
30064779773,68719485017,ARGUMENT
30064779773,30064779774,ARGUMENT
30064779774,68719485018,ARGUMENT
30064779774,55834577994,ARGUMENT
30064779775,68719485019,ARGUMENT
30064779775,30064779776,ARGUMENT
30064779776,68719485020,ARGUMENT
30064779776,55834577995,ARGUMENT
30064779777,68719485021,ARGUMENT
30064779777,30064779778,ARGUMENT
30064779778,68719485022,ARGUMENT
30064779778,68719485023,ARGUMENT
30064779779,68719485024,ARGUMENT
30064779779,30064779780,ARGUMENT
30064779780,68719485026,ARGUMENT
30064779780,68719485027,ARGUMENT
30064779781,68719485025,ARGUMENT
30064779781,55834577996,ARGUMENT
30064779782,68719485028,ARGUMENT
30064779782,30064779783,ARGUMENT
30064779783,68719485030,ARGUMENT
30064779783,68719485031,ARGUMENT
30064779783,68719485032,ARGUMENT
30064779784,68719485029,ARGUMENT
30064779784,55834577997,ARGUMENT
30064779785,68719485033,ARGUMENT
30064779785,30064779786,ARGUMENT
30064779786,68719485035,ARGUMENT
30064779786,30064779788,ARGUMENT
30064779786,30064779789,ARGUMENT
30064779787,68719485034,ARGUMENT
30064779787,55834577998,ARGUMENT
30064779788,68719485036,ARGUMENT
30064779788,55834577999,ARGUMENT
30064779789,68719485037,ARGUMENT
30064779789,55834578000,ARGUMENT
30064779790,68719485038,ARGUMENT
30064779790,30064779791,ARGUMENT
30064779791,68719485040,ARGUMENT
30064779791,68719485041,ARGUMENT
30064779791,68719485042,ARGUMENT
30064779792,68719485039,ARGUMENT
30064779792,55834578001,ARGUMENT
30064779793,68719485043,ARGUMENT
30064779793,30064779794,ARGUMENT
30064779794,68719485045,ARGUMENT
30064779794,68719485046,ARGUMENT
30064779795,68719485044,ARGUMENT
30064779795,55834578002,ARGUMENT
30064779796,68719485047,ARGUMENT
30064779796,30064779797,ARGUMENT
30064779797,68719485049,ARGUMENT
30064779797,30064779799,ARGUMENT
30064779798,68719485048,ARGUMENT
30064779798,55834578003,ARGUMENT
30064779799,68719485050,ARGUMENT
30064779799,55834578004,ARGUMENT
30064779800,68719485051,ARGUMENT
30064779800,30064779801,ARGUMENT
30064779801,68719485053,ARGUMENT
30064779801,30064779803,ARGUMENT
30064779802,68719485052,ARGUMENT
30064779802,55834578005,ARGUMENT
30064779803,68719485054,ARGUMENT
30064779803,55834578006,ARGUMENT
30064779804,68719485055,ARGUMENT
30064779804,30064779805,ARGUMENT
30064779805,68719485057,ARGUMENT
30064779805,30064779807,ARGUMENT
30064779806,68719485056,ARGUMENT
30064779806,55834578007,ARGUMENT
30064779807,68719485058,ARGUMENT
30064779807,55834578008,ARGUMENT
30064779808,30064779809,ARGUMENT
30064779808,68719485060,ARGUMENT
30064779809,68719485059,ARGUMENT
30064779809,55834578009,ARGUMENT
30064779810,30064779811,ARGUMENT
30064779810,68719485062,ARGUMENT
30064779811,68719485061,ARGUMENT
30064779811,55834578010,ARGUMENT
30064779812,30064779813,ARGUMENT
30064779812,68719485064,ARGUMENT
30064779813,68719485063,ARGUMENT
30064779813,55834578011,ARGUMENT
30064779814,30064779815,ARGUMENT
30064779814,68719485066,ARGUMENT
30064779815,68719485065,ARGUMENT
30064779815,55834578012,ARGUMENT
30064779816,30064779817,ARGUMENT
30064779816,30064779818,ARGUMENT
30064779817,68719485067,ARGUMENT
30064779817,55834578013,ARGUMENT
30064779818,68719485068,ARGUMENT
30064779818,55834578014,ARGUMENT
30064779819,30064779820,ARGUMENT
30064779819,30064779821,ARGUMENT
30064779820,68719485069,ARGUMENT
30064779820,55834578015,ARGUMENT
30064779821,68719485070,ARGUMENT
30064779821,55834578016,ARGUMENT
30064779822,30064779823,ARGUMENT
30064779822,30064779824,ARGUMENT
30064779823,68719485071,ARGUMENT
30064779823,55834578017,ARGUMENT
30064779824,68719485072,ARGUMENT
30064779824,55834578018,ARGUMENT
30064779825,30064779826,ARGUMENT
30064779825,30064779827,ARGUMENT
30064779826,68719485073,ARGUMENT
30064779826,55834578019,ARGUMENT
30064779827,68719485074,ARGUMENT
30064779827,55834578020,ARGUMENT
30064779828,30064779829,ARGUMENT
30064779828,30064779830,ARGUMENT
30064779829,68719485075,ARGUMENT
30064779829,55834578021,ARGUMENT
30064779830,68719485076,ARGUMENT
30064779830,55834578022,ARGUMENT
30064779831,30064779832,ARGUMENT
30064779831,30064779833,ARGUMENT
30064779832,68719485077,ARGUMENT
30064779832,55834578023,ARGUMENT
30064779833,68719485078,ARGUMENT
30064779833,55834578024,ARGUMENT
30064779834,30064779835,ARGUMENT
30064779834,30064779836,ARGUMENT
30064779835,68719485079,ARGUMENT
30064779835,55834578025,ARGUMENT
30064779836,68719485080,ARGUMENT
30064779836,55834578026,ARGUMENT
30064779837,30064779838,ARGUMENT
30064779837,30064779839,ARGUMENT
30064779838,68719485081,ARGUMENT
30064779838,55834578027,ARGUMENT
30064779839,68719485082,ARGUMENT
30064779839,55834578028,ARGUMENT
30064779840,30064779841,ARGUMENT
30064779840,30064779842,ARGUMENT
30064779841,68719485083,ARGUMENT
30064779841,55834578029,ARGUMENT
30064779842,68719485084,ARGUMENT
30064779842,55834578030,ARGUMENT
30064779843,30064779844,ARGUMENT
30064779843,30064779845,ARGUMENT
30064779844,68719485085,ARGUMENT
30064779844,55834578031,ARGUMENT
30064779845,68719485086,ARGUMENT
30064779845,55834578032,ARGUMENT
30064779846,30064779847,ARGUMENT
30064779846,68719485088,ARGUMENT
30064779847,68719485087,ARGUMENT
30064779847,55834578033,ARGUMENT
30064779848,30064779849,ARGUMENT
30064779848,68719485090,ARGUMENT
30064779849,68719485089,ARGUMENT
30064779849,55834578034,ARGUMENT
30064779850,30064779851,ARGUMENT
30064779850,68719485092,ARGUMENT
30064779851,68719485091,ARGUMENT
30064779851,55834578035,ARGUMENT
30064779852,30064779853,ARGUMENT
30064779852,30064779854,ARGUMENT
30064779853,68719485093,ARGUMENT
30064779853,55834578036,ARGUMENT
30064779854,68719485094,ARGUMENT
30064779854,55834578037,ARGUMENT
30064779855,30064779856,ARGUMENT
30064779855,30064779857,ARGUMENT
30064779856,68719485095,ARGUMENT
30064779856,55834578038,ARGUMENT
30064779857,68719485096,ARGUMENT
30064779857,55834578039,ARGUMENT
30064779858,30064779859,ARGUMENT
30064779858,30064779860,ARGUMENT
30064779859,68719485097,ARGUMENT
30064779859,55834578040,ARGUMENT
30064779860,68719485098,ARGUMENT
30064779860,55834578041,ARGUMENT
30064779861,30064779862,ARGUMENT
30064779861,30064779863,ARGUMENT
30064779862,68719485099,ARGUMENT
30064779862,55834578042,ARGUMENT
30064779863,68719485100,ARGUMENT
30064779863,55834578043,ARGUMENT
30064779864,30064779865,ARGUMENT
30064779864,30064779866,ARGUMENT
30064779865,68719485101,ARGUMENT
30064779865,55834578044,ARGUMENT
30064779866,68719485102,ARGUMENT
30064779866,55834578045,ARGUMENT
30064779867,30064779868,ARGUMENT
30064779867,30064779869,ARGUMENT
30064779868,68719485103,ARGUMENT
30064779868,55834578046,ARGUMENT
30064779869,68719485104,ARGUMENT
30064779869,55834578047,ARGUMENT
30064779870,30064779871,ARGUMENT
30064779870,30064779872,ARGUMENT
30064779871,68719485105,ARGUMENT
30064779871,55834578048,ARGUMENT
30064779872,68719485106,ARGUMENT
30064779872,55834578049,ARGUMENT
30064779873,30064779874,ARGUMENT
30064779873,30064779875,ARGUMENT
30064779874,68719485107,ARGUMENT
30064779874,55834578050,ARGUMENT
30064779875,68719485108,ARGUMENT
30064779875,55834578051,ARGUMENT
30064779876,30064779877,ARGUMENT
30064779876,68719485110,ARGUMENT
30064779877,68719485109,ARGUMENT
30064779877,55834578052,ARGUMENT
30064779878,30064779879,ARGUMENT
30064779878,68719485112,ARGUMENT
30064779879,68719485111,ARGUMENT
30064779879,55834578053,ARGUMENT
30064779880,30064779881,ARGUMENT
30064779880,68719485114,ARGUMENT
30064779881,68719485113,ARGUMENT
30064779881,55834578054,ARGUMENT
30064779882,30064779883,ARGUMENT
30064779882,68719485116,ARGUMENT
30064779883,68719485115,ARGUMENT
30064779883,55834578055,ARGUMENT
30064779884,30064779885,ARGUMENT
30064779884,68719485118,ARGUMENT
30064779885,68719485117,ARGUMENT
30064779885,55834578056,ARGUMENT
30064779886,30064779887,ARGUMENT
30064779886,30064779888,ARGUMENT
30064779887,68719485120,ARGUMENT
30064779887,55834578057,ARGUMENT
30064779888,68719485121,ARGUMENT
30064779888,55834578058,ARGUMENT
30064779889,68719485122,ARGUMENT
30064779889,25769805192,ARGUMENT
30064779890,68719485123,ARGUMENT
30064779890,30064779891,ARGUMENT
30064779892,68719485125,ARGUMENT
30064779892,30064779893,ARGUMENT
30064779893,68719485126,ARGUMENT
30064779893,55834578059,ARGUMENT
30064779894,68719485128,ARGUMENT
30064779894,25769805193,ARGUMENT
30064779895,68719485129,ARGUMENT
30064779895,30064779896,ARGUMENT
30064779897,68719485131,ARGUMENT
30064779897,30064779898,ARGUMENT
30064779898,68719485132,ARGUMENT
30064779898,55834578060,ARGUMENT
30064779899,68719485134,ARGUMENT
30064779899,30064779900,ARGUMENT
30064779900,30064779901,ARGUMENT
30064779900,30064779903,ARGUMENT
30064779901,68719485136,ARGUMENT
30064779902,68719485135,ARGUMENT
30064779902,55834578061,ARGUMENT
30064779903,68719485138,ARGUMENT
30064779904,68719485137,ARGUMENT
30064779904,55834578062,ARGUMENT
30064779905,68719485139,ARGUMENT
30064779905,30064779906,ARGUMENT
30064779906,68719485140,ARGUMENT
30064779906,30064779907,ARGUMENT
30064779907,30064779908,ARGUMENT
30064779907,90194315216,ARGUMENT
30064779908,90194315214,ARGUMENT
30064779908,90194315215,ARGUMENT
30064779909,68719485141,ARGUMENT
30064779909,90194315217,ARGUMENT
30064779910,68719485142,ARGUMENT
30064779910,68719485143,ARGUMENT
30064779911,68719485144,ARGUMENT
30064779912,68719485145,ARGUMENT
30064779912,90194315218,ARGUMENT
30064779913,68719485147,ARGUMENT
30064779913,30064779915,ARGUMENT
30064779914,68719485146,ARGUMENT
30064779914,55834578063,ARGUMENT
30064779915,90194315219,ARGUMENT
30064779915,30064779916,ARGUMENT
30064779915,90194315220,ARGUMENT
30064779915,30064779917,ARGUMENT
30064779915,90194315222,ARGUMENT
30064779915,30064779919,ARGUMENT
30064779915,90194315225,ARGUMENT
30064779916,68719485148,ARGUMENT
30064779916,55834578064,ARGUMENT
30064779917,68719485150,ARGUMENT
30064779917,90194315221,ARGUMENT
30064779918,68719485149,ARGUMENT
30064779918,55834578065,ARGUMENT
30064779919,68719485153,ARGUMENT
30064779919,90194315224,ARGUMENT
30064779920,30064779921,ARGUMENT
30064779920,55834578066,ARGUMENT
30064779921,68719485151,ARGUMENT
30064779921,30064779922,ARGUMENT
30064779922,68719485152,ARGUMENT
30064779922,90194315223,ARGUMENT
30064779923,68719485154,ARGUMENT
30064779923,90194315226,ARGUMENT
30064779924,68719485156,ARGUMENT
30064779924,30064779926,ARGUMENT
30064779925,68719485155,ARGUMENT
30064779925,55834578067,ARGUMENT
30064779926,90194315227,ARGUMENT
30064779926,30064779927,ARGUMENT
30064779926,90194315228,ARGUMENT
30064779926,30064779928,ARGUMENT
30064779926,90194315229,ARGUMENT
30064779926,30064779929,ARGUMENT
30064779926,90194315230,ARGUMENT
30064779927,68719485157,ARGUMENT
30064779927,55834578068,ARGUMENT
30064779928,68719485158,ARGUMENT
30064779928,55834578069,ARGUMENT
30064779929,68719485159,ARGUMENT
30064779929,55834578070,ARGUMENT
30064779930,68719485160,ARGUMENT
30064779930,90194315231,ARGUMENT
30064779931,68719485161,ARGUMENT
30064779931,90194315232,ARGUMENT
30064779932,68719485163,ARGUMENT
30064779932,30064779934,ARGUMENT
30064779933,68719485162,ARGUMENT
30064779933,55834578071,ARGUMENT
30064779934,90194315233,ARGUMENT
30064779934,30064779935,ARGUMENT
30064779934,90194315234,ARGUMENT
30064779935,68719485164,ARGUMENT
30064779935,55834578072,ARGUMENT
30064779936,68719485166,ARGUMENT
30064779936,120259084515,ARGUMENT
30064779937,68719485165,ARGUMENT
30064779937,55834578073,ARGUMENT
30064779938,68719485167,ARGUMENT
30064779938,30064779939,ARGUMENT
30064779939,30064779940,ARGUMENT
30064779939,30064779941,ARGUMENT
30064779939,90194315236,ARGUMENT
30064779940,68719485168,ARGUMENT
30064779940,90194315235,ARGUMENT
30064779941,68719485169,ARGUMENT
30064779941,68719485170,ARGUMENT
30064779942,68719485171,ARGUMENT
30064779942,30064779943,ARGUMENT
30064779943,68719485172,ARGUMENT
30064779943,90194315237,ARGUMENT
30064779944,68719485174,ARGUMENT
30064779944,30064779946,ARGUMENT
30064779945,68719485173,ARGUMENT
30064779945,55834578074,ARGUMENT
30064779946,90194315238,ARGUMENT
30064779946,68719485175,ARGUMENT
30064779946,90194315239,ARGUMENT
30064779946,30064779947,ARGUMENT
30064779946,90194315241,ARGUMENT
30064779947,68719485177,ARGUMENT
30064779947,90194315240,ARGUMENT
30064779948,68719485176,ARGUMENT
30064779948,55834578075,ARGUMENT
30064779949,30064779950,ARGUMENT
30064779949,30064779951,ARGUMENT
30064779950,68719485178,ARGUMENT
30064779950,55834578076,ARGUMENT
30064779951,30064779952,ARGUMENT
30064779952,68719485180,ARGUMENT
30064779952,90194315242,ARGUMENT
30064779953,68719485179,ARGUMENT
30064779953,55834578077,ARGUMENT
30064779954,30064779955,ARGUMENT
30064779954,68719485182,ARGUMENT
30064779955,68719485181,ARGUMENT
30064779955,55834578078,ARGUMENT
30064779956,30064779957,ARGUMENT
30064779956,30064779958,ARGUMENT
30064779957,68719485183,ARGUMENT
30064779957,55834578079,ARGUMENT
30064779958,30064779959,ARGUMENT
30064779959,68719485185,ARGUMENT
30064779959,90194315243,ARGUMENT
30064779960,68719485184,ARGUMENT
30064779960,55834578080,ARGUMENT
30064779961,30064779962,ARGUMENT
30064779961,30064779963,ARGUMENT
30064779962,68719485186,ARGUMENT
30064779962,55834578081,ARGUMENT
30064779963,30064779964,ARGUMENT
30064779964,68719485188,ARGUMENT
30064779964,90194315244,ARGUMENT
30064779965,68719485187,ARGUMENT
30064779965,55834578082,ARGUMENT
30064779966,68719485190,ARGUMENT
30064779966,30064779967,ARGUMENT
30064779967,30064779968,ARGUMENT
30064779967,30064779969,ARGUMENT
30064779967,90194315247,ARGUMENT
30064779968,68719485191,ARGUMENT
30064779968,90194315245,ARGUMENT
30064779969,30064779970,ARGUMENT
30064779969,90194315246,ARGUMENT
30064779970,68719485192,ARGUMENT
30064779970,68719485193,ARGUMENT
30064779971,30064779972,ARGUMENT
30064779971,68719485195,ARGUMENT
30064779972,68719485194,ARGUMENT
30064779972,55834578083,ARGUMENT
30064779973,30064779974,ARGUMENT
30064779973,68719485197,ARGUMENT
30064779974,68719485196,ARGUMENT
30064779974,55834578084,ARGUMENT
30064779975,30064779976,ARGUMENT
30064779975,30064779977,ARGUMENT
30064779976,68719485198,ARGUMENT
30064779976,55834578085,ARGUMENT
30064779977,30064779978,ARGUMENT
30064779978,68719485200,ARGUMENT
30064779978,90194315248,ARGUMENT
30064779979,68719485199,ARGUMENT
30064779979,55834578086,ARGUMENT
30064779980,68719485202,ARGUMENT
30064779980,30064779981,ARGUMENT
30064779981,68719485203,ARGUMENT
30064779981,68719485204,ARGUMENT
30064779982,68719485205,ARGUMENT
30064779982,30064779983,ARGUMENT
30064779983,30064779984,ARGUMENT
30064779983,30064779985,ARGUMENT
30064779983,90194315251,ARGUMENT
30064779984,68719485206,ARGUMENT
30064779984,90194315249,ARGUMENT
30064779985,30064779986,ARGUMENT
30064779985,90194315250,ARGUMENT
30064779986,68719485207,ARGUMENT
30064779986,68719485208,ARGUMENT
30064779987,30064779988,ARGUMENT
30064779987,68719485210,ARGUMENT
30064779988,68719485209,ARGUMENT
30064779988,55834578087,ARGUMENT
30064779989,30064779990,ARGUMENT
30064779989,68719485212,ARGUMENT
30064779990,68719485211,ARGUMENT
30064779990,55834578088,ARGUMENT
30064779991,30064779992,ARGUMENT
30064779991,30064779993,ARGUMENT
30064779992,68719485213,ARGUMENT
30064779992,55834578089,ARGUMENT
30064779993,30064779994,ARGUMENT
30064779994,68719485215,ARGUMENT
30064779994,90194315252,ARGUMENT
30064779995,68719485214,ARGUMENT
30064779995,55834578090,ARGUMENT
30064779996,68719485217,ARGUMENT
30064779996,55834578091,ARGUMENT
30064779997,68719485218,ARGUMENT
30064779997,25769805207,ARGUMENT
30064779998,68719485219,ARGUMENT
30064779998,30064779999,ARGUMENT
30064780000,68719485221,ARGUMENT
30064780000,30064780001,ARGUMENT
30064780001,68719485222,ARGUMENT
30064780001,55834578092,ARGUMENT
30064780002,68719485224,ARGUMENT
30064780002,68719485225,ARGUMENT
30064780003,68719485226,ARGUMENT
30064780004,68719485227,ARGUMENT
30064780004,25769805205,ARGUMENT
30064780005,68719485228,ARGUMENT
30064780005,30064780006,ARGUMENT
30064780007,68719485230,ARGUMENT
30064780008,68719485233,ARGUMENT
30064780008,30064780010,ARGUMENT
30064780009,68719485232,ARGUMENT
30064780009,55834578093,ARGUMENT
30064780010,30064780011,ARGUMENT
30064780010,90194315253,ARGUMENT
30064780011,68719485235,ARGUMENT
30064780012,68719485234,ARGUMENT
30064780012,55834578094,ARGUMENT
30064780013,68719485236,ARGUMENT
30064780013,90194315254,ARGUMENT
30064780014,68719485238,ARGUMENT
30064780014,120259084516,ARGUMENT
30064780015,68719485237,ARGUMENT
30064780015,55834578095,ARGUMENT
30064780016,68719485239,ARGUMENT
30064780016,30064780017,ARGUMENT
30064780017,30064780018,ARGUMENT
30064780017,30064780020,ARGUMENT
30064780017,90194315257,ARGUMENT
30064780018,30064780019,ARGUMENT
30064780018,90194315255,ARGUMENT
30064780019,68719485240,ARGUMENT
30064780019,55834578096,ARGUMENT
30064780020,30064780021,ARGUMENT
30064780020,90194315256,ARGUMENT
30064780021,68719485241,ARGUMENT
30064780021,30064780022,ARGUMENT
30064780022,68719485242,ARGUMENT
30064780022,55834578097,ARGUMENT
30064780023,30064780024,ARGUMENT
30064780023,68719485244,ARGUMENT
30064780024,68719485243,ARGUMENT
30064780024,55834578098,ARGUMENT
30064780025,30064780026,ARGUMENT
30064780025,30064780027,ARGUMENT
30064780026,68719485245,ARGUMENT
30064780026,55834578099,ARGUMENT
30064780027,30064780028,ARGUMENT
30064780028,68719485247,ARGUMENT
30064780028,90194315258,ARGUMENT
30064780029,68719485246,ARGUMENT
30064780029,55834578100,ARGUMENT
30064780030,30064780031,ARGUMENT
30064780030,90194315259,ARGUMENT
30064780031,68719485249,ARGUMENT
30064780031,55834578101,ARGUMENT
30064780032,30064780033,ARGUMENT
30064780032,90194315260,ARGUMENT
30064780033,68719485250,ARGUMENT
30064780033,55834578102,ARGUMENT
30064780034,30064780035,ARGUMENT
30064780034,90194315261,ARGUMENT
30064780035,68719485251,ARGUMENT
30064780035,55834578103,ARGUMENT
30064780036,30064780037,ARGUMENT
30064780036,30064780038,ARGUMENT
30064780037,68719485252,ARGUMENT
30064780037,55834578104,ARGUMENT
30064780038,68719485253,ARGUMENT
30064780038,55834578105,ARGUMENT
30064780039,68719485254,ARGUMENT
30064780039,30064780040,ARGUMENT
30064780040,30064780041,ARGUMENT
30064780040,30064780048,ARGUMENT
30064780041,68719485261,ARGUMENT
30064780042,30064780043,ARGUMENT
30064780042,55834578107,ARGUMENT
30064780043,68719485255,ARGUMENT
30064780043,25769805216,ARGUMENT
30064780044,68719485256,ARGUMENT
30064780044,30064780045,ARGUMENT
30064780046,68719485258,ARGUMENT
30064780046,30064780047,ARGUMENT
30064780047,68719485259,ARGUMENT
30064780047,55834578106,ARGUMENT
30064780048,68719485268,ARGUMENT
30064780049,30064780050,ARGUMENT
30064780049,55834578109,ARGUMENT
30064780050,68719485262,ARGUMENT
30064780050,25769805217,ARGUMENT
30064780051,68719485263,ARGUMENT
30064780051,30064780052,ARGUMENT
30064780053,68719485265,ARGUMENT
30064780053,30064780054,ARGUMENT
30064780054,68719485266,ARGUMENT
30064780054,55834578108,ARGUMENT
30064780055,68719485269,ARGUMENT
30064780055,30064780056,ARGUMENT
30064780056,68719485270,ARGUMENT
30064780056,30064780057,ARGUMENT
30064780057,30064780058,ARGUMENT
30064780057,90194315264,ARGUMENT
30064780058,90194315262,ARGUMENT
30064780058,90194315263,ARGUMENT
30064780059,68719485271,ARGUMENT
30064780060,68719485272,ARGUMENT
30064780060,30064780061,ARGUMENT
30064780061,30064780062,ARGUMENT
30064780061,55834578111,ARGUMENT
30064780062,68719485274,ARGUMENT
30064780062,120259084517,ARGUMENT
30064780063,68719485273,ARGUMENT
30064780063,55834578110,ARGUMENT
30064780064,68719485275,ARGUMENT
30064780064,30064780065,ARGUMENT
30064780065,30064780066,ARGUMENT
30064780065,55834578113,ARGUMENT
30064780066,68719485277,ARGUMENT
30064780066,120259084518,ARGUMENT
30064780067,68719485276,ARGUMENT
30064780067,55834578112,ARGUMENT
30064780068,68719485278,ARGUMENT
30064780068,30064780069,ARGUMENT
30064780069,68719485280,ARGUMENT
30064780069,120259084519,ARGUMENT
30064780070,68719485279,ARGUMENT
30064780070,55834578114,ARGUMENT
30064780071,68719485281,ARGUMENT
30064780071,90194315265,ARGUMENT
30064780072,68719485282,ARGUMENT
30064780072,90194315266,ARGUMENT
30064780073,68719485284,ARGUMENT
30064780073,120259084520,ARGUMENT
30064780074,68719485283,ARGUMENT
30064780074,55834578115,ARGUMENT
30064780075,68719485285,ARGUMENT
30064780075,30064780076,ARGUMENT
30064780076,30064780077,ARGUMENT
30064780076,30064780078,ARGUMENT
30064780076,90194315268,ARGUMENT
30064780077,68719485286,ARGUMENT
30064780077,90194315267,ARGUMENT
30064780078,68719485287,ARGUMENT
30064780078,68719485288,ARGUMENT
30064780079,30064780080,ARGUMENT
30064780079,68719485290,ARGUMENT
30064780080,68719485289,ARGUMENT
30064780080,55834578116,ARGUMENT
30064780081,30064780082,ARGUMENT
30064780081,68719485292,ARGUMENT
30064780082,68719485291,ARGUMENT
30064780082,55834578117,ARGUMENT
30064780083,30064780084,ARGUMENT
30064780083,30064780085,ARGUMENT
30064780084,68719485293,ARGUMENT
30064780084,55834578118,ARGUMENT
30064780085,30064780086,ARGUMENT
30064780086,68719485295,ARGUMENT
30064780086,90194315269,ARGUMENT
30064780087,68719485294,ARGUMENT
30064780087,55834578119,ARGUMENT
30064780088,68719485297,ARGUMENT
30064780088,30064780089,ARGUMENT
30064780089,30064780090,ARGUMENT
30064780089,30064780091,ARGUMENT
30064780089,90194315272,ARGUMENT
30064780090,68719485298,ARGUMENT
30064780090,90194315270,ARGUMENT
30064780091,30064780092,ARGUMENT
30064780091,90194315271,ARGUMENT
30064780092,68719485299,ARGUMENT
30064780092,68719485300,ARGUMENT
30064780093,30064780094,ARGUMENT
30064780093,68719485302,ARGUMENT
30064780094,68719485301,ARGUMENT
30064780094,55834578120,ARGUMENT
30064780095,30064780096,ARGUMENT
30064780095,68719485304,ARGUMENT
30064780096,68719485303,ARGUMENT
30064780096,55834578121,ARGUMENT
30064780097,30064780098,ARGUMENT
30064780097,30064780099,ARGUMENT
30064780098,68719485305,ARGUMENT
30064780098,55834578122,ARGUMENT
30064780099,30064780100,ARGUMENT
30064780100,68719485307,ARGUMENT
30064780100,90194315273,ARGUMENT
30064780101,68719485306,ARGUMENT
30064780101,55834578123,ARGUMENT
30064780102,68719485309,ARGUMENT
30064780102,90194315274,ARGUMENT
30064780103,68719485310,ARGUMENT
30064780103,90194315276,ARGUMENT
30064780104,68719485311,ARGUMENT
30064780104,90194315279,ARGUMENT
30064780105,68719485312,ARGUMENT
30064780105,90194315281,ARGUMENT
30064780106,68719485313,ARGUMENT
30064780106,90194315284,ARGUMENT
30064780107,68719485314,ARGUMENT
30064780107,90194315286,ARGUMENT
30064780108,68719485315,ARGUMENT
30064780108,90194315289,ARGUMENT
30064780109,68719485316,ARGUMENT
30064780109,90194315291,ARGUMENT
30064780110,68719485317,ARGUMENT
30064780110,90194315294,ARGUMENT
30064780111,68719485318,ARGUMENT
30064780111,30064780112,ARGUMENT
30064780112,68719485319,ARGUMENT
30064780112,68719485320,ARGUMENT
30064780113,30064780114,ARGUMENT
30064780114,68719485322,ARGUMENT
30064780114,90194315296,ARGUMENT
30064780115,68719485321,ARGUMENT
30064780115,55834578124,ARGUMENT
30064780116,30064780117,ARGUMENT
30064780116,90194315297,ARGUMENT
30064780117,68719485323,ARGUMENT
30064780117,55834578125,ARGUMENT
30064780118,30064780119,ARGUMENT
30064780118,90194315298,ARGUMENT
30064780119,68719485324,ARGUMENT
30064780119,55834578126,ARGUMENT
30064780120,30064780121,ARGUMENT
30064780120,90194315299,ARGUMENT
30064780121,68719485325,ARGUMENT
30064780121,55834578127,ARGUMENT
30064780122,68719485326,ARGUMENT
30064780122,30064780123,ARGUMENT
30064780123,68719485328,ARGUMENT
30064780123,120259084521,ARGUMENT
30064780124,68719485327,ARGUMENT
30064780124,55834578128,ARGUMENT
30064780125,68719485330,ARGUMENT
30064780125,30064780126,ARGUMENT
30064780126,30064780127,ARGUMENT
30064780126,55834578130,ARGUMENT
30064780127,68719485332,ARGUMENT
30064780127,120259084522,ARGUMENT
30064780128,68719485331,ARGUMENT
30064780128,55834578129,ARGUMENT
30064780129,68719485333,ARGUMENT
30064780129,90194315302,ARGUMENT
30064780130,68719485334,ARGUMENT
30064780130,30064780131,ARGUMENT
30064780131,30064779747,ARGUMENT
30064780131,55834578131,ARGUMENT
30064780132,68719485337,ARGUMENT
30064780132,30064780133,ARGUMENT
30064780133,30064779748,ARGUMENT
30064780133,55834578132,ARGUMENT
30064780134,68719485340,ARGUMENT
30064780134,30064780135,ARGUMENT
30064780135,30064779749,ARGUMENT
30064780135,55834578133,ARGUMENT
30064780136,68719485343,ARGUMENT
30064780136,120259084523,ARGUMENT
30064780137,68719485344,ARGUMENT
30064780137,30064780138,ARGUMENT
30064780139,68719485346,ARGUMENT
30064780140,30064780141,ARGUMENT
30064780140,68719485349,ARGUMENT
30064780141,68719485348,ARGUMENT
30064780141,90194315306,ARGUMENT
30064780142,68719485694,ARGUMENT
30064780142,90194315352,ARGUMENT
30064780143,68719485697,ARGUMENT
30064780143,90194315353,ARGUMENT
30064780144,68719485700,ARGUMENT
30064780144,90194315354,ARGUMENT
30064780145,68719485703,ARGUMENT
30064780145,90194315355,ARGUMENT
30064780146,68719485706,ARGUMENT
30064780146,90194315356,ARGUMENT
30064780147,68719485350,ARGUMENT
30064780147,90194315307,ARGUMENT
30064780148,68719485351,ARGUMENT
30064780148,25769805238,ARGUMENT
30064780149,68719485352,ARGUMENT
30064780149,30064780150,ARGUMENT
30064780151,68719485354,ARGUMENT
30064780151,68719485355,ARGUMENT
30064780152,68719485353,ARGUMENT
30064780152,55834578134,ARGUMENT
30064780153,68719485357,ARGUMENT
30064780153,30064780155,ARGUMENT
30064780154,68719485356,ARGUMENT
30064780154,55834578135,ARGUMENT
30064780155,68719485358,ARGUMENT
30064780155,55834578136,ARGUMENT
30064780156,68719485360,ARGUMENT
30064780156,30064780158,ARGUMENT
30064780157,68719485359,ARGUMENT
30064780157,55834578137,ARGUMENT
30064780158,68719485361,ARGUMENT
30064780158,55834578138,ARGUMENT
30064780159,68719485363,ARGUMENT
30064780159,30064780161,ARGUMENT
30064780160,68719485362,ARGUMENT
30064780160,55834578139,ARGUMENT
30064780161,68719485364,ARGUMENT
30064780161,55834578140,ARGUMENT
30064780162,68719485366,ARGUMENT
30064780162,30064780164,ARGUMENT
30064780163,68719485365,ARGUMENT
30064780163,55834578141,ARGUMENT
30064780164,68719485367,ARGUMENT
30064780164,55834578142,ARGUMENT
30064780165,68719485369,ARGUMENT
30064780165,30064780167,ARGUMENT
30064780166,68719485368,ARGUMENT
30064780166,55834578143,ARGUMENT
30064780167,68719485370,ARGUMENT
30064780167,55834578144,ARGUMENT
30064780168,68719485372,ARGUMENT
30064780168,30064780170,ARGUMENT
30064780169,68719485371,ARGUMENT
30064780169,55834578145,ARGUMENT
30064780170,68719485373,ARGUMENT
30064780170,55834578146,ARGUMENT
30064780171,68719485375,ARGUMENT
30064780171,30064780173,ARGUMENT
30064780172,68719485374,ARGUMENT
30064780172,55834578147,ARGUMENT
30064780173,68719485376,ARGUMENT
30064780173,55834578148,ARGUMENT
30064780174,68719485378,ARGUMENT
30064780174,30064780176,ARGUMENT
30064780175,68719485377,ARGUMENT
30064780175,55834578149,ARGUMENT
30064780176,68719485379,ARGUMENT
30064780176,55834578150,ARGUMENT
30064780177,68719485381,ARGUMENT
30064780177,30064780179,ARGUMENT
30064780178,68719485380,ARGUMENT
30064780178,55834578151,ARGUMENT
30064780179,68719485382,ARGUMENT
30064780179,55834578152,ARGUMENT
30064780180,68719485384,ARGUMENT
30064780180,30064780182,ARGUMENT
30064780181,68719485383,ARGUMENT
30064780181,55834578153,ARGUMENT
30064780182,68719485385,ARGUMENT
30064780182,55834578154,ARGUMENT
30064780183,68719485387,ARGUMENT
30064780183,30064780185,ARGUMENT
30064780184,68719485386,ARGUMENT
30064780184,55834578155,ARGUMENT
30064780185,68719485388,ARGUMENT
30064780185,55834578156,ARGUMENT
30064780186,68719485390,ARGUMENT
30064780186,30064780188,ARGUMENT
30064780187,68719485389,ARGUMENT
30064780187,55834578157,ARGUMENT
30064780188,68719485391,ARGUMENT
30064780188,55834578158,ARGUMENT
30064780189,68719485393,ARGUMENT
30064780189,30064780191,ARGUMENT
30064780190,68719485392,ARGUMENT
30064780190,55834578159,ARGUMENT
30064780191,68719485394,ARGUMENT
30064780191,55834578160,ARGUMENT
30064780192,68719485396,ARGUMENT
30064780192,30064780194,ARGUMENT
30064780193,68719485395,ARGUMENT
30064780193,55834578161,ARGUMENT
30064780194,68719485397,ARGUMENT
30064780194,55834578162,ARGUMENT
30064780195,68719485399,ARGUMENT
30064780195,30064780197,ARGUMENT
30064780196,68719485398,ARGUMENT
30064780196,55834578163,ARGUMENT
30064780197,68719485400,ARGUMENT
30064780197,55834578164,ARGUMENT
30064780198,68719485402,ARGUMENT
30064780198,30064780200,ARGUMENT
30064780199,68719485401,ARGUMENT
30064780199,55834578165,ARGUMENT
30064780200,68719485403,ARGUMENT
30064780200,55834578166,ARGUMENT
30064780201,68719485405,ARGUMENT
30064780201,30064780203,ARGUMENT
30064780202,68719485404,ARGUMENT
30064780202,55834578167,ARGUMENT
30064780203,68719485406,ARGUMENT
30064780203,55834578168,ARGUMENT
30064780204,68719485408,ARGUMENT
30064780204,30064780206,ARGUMENT
30064780205,68719485407,ARGUMENT
30064780205,55834578169,ARGUMENT
30064780206,68719485409,ARGUMENT
30064780206,55834578170,ARGUMENT
30064780207,68719485411,ARGUMENT
30064780207,30064780209,ARGUMENT
30064780208,68719485410,ARGUMENT
30064780208,55834578171,ARGUMENT
30064780209,68719485412,ARGUMENT
30064780209,55834578172,ARGUMENT
30064780210,68719485414,ARGUMENT
30064780210,30064780212,ARGUMENT
30064780211,68719485413,ARGUMENT
30064780211,55834578173,ARGUMENT
30064780212,68719485415,ARGUMENT
30064780212,55834578174,ARGUMENT
30064780213,68719485417,ARGUMENT
30064780213,30064780215,ARGUMENT
30064780214,68719485416,ARGUMENT
30064780214,55834578175,ARGUMENT
30064780215,68719485418,ARGUMENT
30064780215,55834578176,ARGUMENT
30064780216,68719485420,ARGUMENT
30064780216,30064780218,ARGUMENT
30064780217,68719485419,ARGUMENT
30064780217,55834578177,ARGUMENT
30064780218,68719485421,ARGUMENT
30064780218,55834578178,ARGUMENT
30064780219,68719485423,ARGUMENT
30064780219,30064780221,ARGUMENT
30064780220,68719485422,ARGUMENT
30064780220,55834578179,ARGUMENT
30064780221,68719485424,ARGUMENT
30064780221,55834578180,ARGUMENT
30064780222,68719485426,ARGUMENT
30064780222,30064780224,ARGUMENT
30064780223,68719485425,ARGUMENT
30064780223,55834578181,ARGUMENT
30064780224,68719485427,ARGUMENT
30064780224,55834578182,ARGUMENT
30064780225,68719485429,ARGUMENT
30064780225,30064780227,ARGUMENT
30064780226,68719485428,ARGUMENT
30064780226,55834578183,ARGUMENT
30064780227,68719485430,ARGUMENT
30064780227,55834578184,ARGUMENT
30064780228,68719485432,ARGUMENT
30064780228,30064780230,ARGUMENT
30064780229,68719485431,ARGUMENT
30064780229,55834578185,ARGUMENT
30064780230,68719485433,ARGUMENT
30064780230,55834578186,ARGUMENT
30064780231,68719485435,ARGUMENT
30064780231,30064780233,ARGUMENT
30064780232,68719485434,ARGUMENT
30064780232,55834578187,ARGUMENT
30064780233,68719485436,ARGUMENT
30064780233,55834578188,ARGUMENT
30064780234,68719485438,ARGUMENT
30064780234,30064780236,ARGUMENT
30064780235,68719485437,ARGUMENT
30064780235,55834578189,ARGUMENT
30064780236,68719485439,ARGUMENT
30064780236,55834578190,ARGUMENT
30064780237,68719485441,ARGUMENT
30064780237,30064780239,ARGUMENT
30064780238,68719485440,ARGUMENT
30064780238,55834578191,ARGUMENT
30064780239,68719485442,ARGUMENT
30064780239,55834578192,ARGUMENT
30064780240,68719485444,ARGUMENT
30064780240,30064780242,ARGUMENT
30064780241,68719485443,ARGUMENT
30064780241,55834578193,ARGUMENT
30064780242,68719485445,ARGUMENT
30064780242,55834578194,ARGUMENT
30064780243,68719485447,ARGUMENT
30064780243,30064780244,ARGUMENT
30064780244,30064780245,ARGUMENT
30064780245,68719485451,ARGUMENT
30064780245,68719485452,ARGUMENT
30064780245,68719485453,ARGUMENT
30064780246,30064780247,ARGUMENT
30064780246,55834578195,ARGUMENT
30064780247,68719485448,ARGUMENT
30064780247,30064780248,ARGUMENT
30064780248,68719485450,ARGUMENT
30064780249,68719485455,ARGUMENT
30064780249,30064780251,ARGUMENT
30064780250,68719485454,ARGUMENT
30064780250,55834578196,ARGUMENT
30064780251,90194315308,ARGUMENT
30064780251,68719485456,ARGUMENT
30064780251,90194315309,ARGUMENT
30064780252,30064780253,ARGUMENT
30064780252,90194315310,ARGUMENT
30064780253,68719485457,ARGUMENT
30064780253,55834578197,ARGUMENT
30064780254,68719485460,ARGUMENT
30064780254,90194315311,ARGUMENT
30064780254,68719485461,ARGUMENT
30064780255,68719485459,ARGUMENT
30064780255,55834578198,ARGUMENT
30064780256,68719485462,ARGUMENT
30064780257,68719485463,ARGUMENT
30064780257,30064780258,ARGUMENT
30064780258,30064780259,ARGUMENT
30064780259,68719485465,ARGUMENT
30064780259,68719485466,ARGUMENT
30064780260,68719485464,ARGUMENT
30064780260,55834578199,ARGUMENT
30064780261,68719485467,ARGUMENT
30064780262,25769805242,ARGUMENT
30064780263,68719485468,ARGUMENT
30064780263,30064780264,ARGUMENT
30064780265,68719485470,ARGUMENT
30064780265,30064780266,ARGUMENT
30064780266,90194315312,ARGUMENT
30064780266,68719485471,ARGUMENT
30064780266,90194315313,ARGUMENT
30064780267,68719485473,ARGUMENT
30064780267,30064780268,ARGUMENT
30064780268,68719485475,ARGUMENT
30064780268,25769805243,ARGUMENT
30064780269,30064780270,ARGUMENT
30064780269,30064780271,ARGUMENT
30064780270,68719485476,ARGUMENT
30064780270,55834578200,ARGUMENT
30064780271,68719485477,ARGUMENT
30064780271,55834578201,ARGUMENT
30064780272,30064780273,ARGUMENT
30064780272,30064780274,ARGUMENT
30064780273,68719485478,ARGUMENT
30064780273,55834578202,ARGUMENT
30064780274,68719485479,ARGUMENT
30064780274,55834578203,ARGUMENT
30064780275,30064780276,ARGUMENT
30064780275,30064780277,ARGUMENT
30064780276,68719485480,ARGUMENT
30064780276,55834578204,ARGUMENT
30064780277,68719485481,ARGUMENT
30064780277,55834578205,ARGUMENT
30064780278,30064780279,ARGUMENT
30064780278,30064780280,ARGUMENT
30064780279,68719485482,ARGUMENT
30064780279,55834578206,ARGUMENT
30064780280,68719485483,ARGUMENT
30064780280,55834578207,ARGUMENT
30064780281,68719485485,ARGUMENT
30064780281,90194315314,ARGUMENT
30064780282,68719485486,ARGUMENT
30064780282,25769805244,ARGUMENT
30064780283,68719485487,ARGUMENT
30064780283,30064780284,ARGUMENT
30064780285,68719485489,ARGUMENT
30064780285,68719485490,ARGUMENT
30064780286,68719485488,ARGUMENT
30064780286,55834578208,ARGUMENT
30064780287,68719485492,ARGUMENT
30064780287,30064780289,ARGUMENT
30064780288,68719485491,ARGUMENT
30064780288,55834578209,ARGUMENT
30064780289,68719485493,ARGUMENT
30064780289,55834578210,ARGUMENT
30064780290,68719485495,ARGUMENT
30064780290,30064780292,ARGUMENT
30064780291,68719485494,ARGUMENT
30064780291,55834578211,ARGUMENT
30064780292,68719485496,ARGUMENT
30064780292,55834578212,ARGUMENT
30064780293,68719485498,ARGUMENT
30064780293,30064780295,ARGUMENT
30064780294,68719485497,ARGUMENT
30064780294,55834578213,ARGUMENT
30064780295,68719485499,ARGUMENT
30064780295,55834578214,ARGUMENT
30064780296,68719485501,ARGUMENT
30064780296,30064780298,ARGUMENT
30064780297,68719485500,ARGUMENT
30064780297,55834578215,ARGUMENT
30064780298,68719485502,ARGUMENT
30064780298,55834578216,ARGUMENT
30064780299,68719485504,ARGUMENT
30064780299,30064780301,ARGUMENT
30064780300,68719485503,ARGUMENT
30064780300,55834578217,ARGUMENT
30064780301,68719485505,ARGUMENT
30064780301,55834578218,ARGUMENT
30064780302,68719485507,ARGUMENT
30064780302,30064780304,ARGUMENT
30064780303,68719485506,ARGUMENT
30064780303,55834578219,ARGUMENT
30064780304,68719485508,ARGUMENT
30064780304,55834578220,ARGUMENT
30064780305,68719485510,ARGUMENT
30064780305,30064780307,ARGUMENT
30064780306,68719485509,ARGUMENT
30064780306,55834578221,ARGUMENT
30064780307,68719485511,ARGUMENT
30064780307,55834578222,ARGUMENT
30064780308,68719485513,ARGUMENT
30064780308,30064780310,ARGUMENT
30064780309,68719485512,ARGUMENT
30064780309,55834578223,ARGUMENT
30064780310,68719485514,ARGUMENT
30064780310,55834578224,ARGUMENT
30064780311,68719485516,ARGUMENT
30064780311,30064780313,ARGUMENT
30064780312,68719485515,ARGUMENT
30064780312,55834578225,ARGUMENT
30064780313,68719485517,ARGUMENT
30064780313,55834578226,ARGUMENT
30064780314,68719485519,ARGUMENT
30064780314,30064780316,ARGUMENT
30064780315,68719485518,ARGUMENT
30064780315,55834578227,ARGUMENT
30064780316,68719485520,ARGUMENT
30064780316,55834578228,ARGUMENT
30064780317,68719485522,ARGUMENT
30064780317,30064780319,ARGUMENT
30064780318,68719485521,ARGUMENT
30064780318,55834578229,ARGUMENT
30064780319,68719485523,ARGUMENT
30064780319,55834578230,ARGUMENT
30064780320,68719485525,ARGUMENT
30064780320,68719485526,ARGUMENT
30064780321,68719485524,ARGUMENT
30064780321,55834578231,ARGUMENT
30064780322,68719485528,ARGUMENT
30064780322,30064780323,ARGUMENT
30064780323,30064780324,ARGUMENT
30064780324,68719485532,ARGUMENT
30064780324,68719485533,ARGUMENT
30064780324,68719485534,ARGUMENT
30064780325,30064780326,ARGUMENT
30064780325,55834578232,ARGUMENT
30064780326,68719485529,ARGUMENT
30064780326,30064780327,ARGUMENT
30064780327,68719485531,ARGUMENT
30064780328,68719485536,ARGUMENT
30064780328,30064780330,ARGUMENT
30064780329,68719485535,ARGUMENT
30064780329,55834578233,ARGUMENT
30064780330,90194315315,ARGUMENT
30064780330,68719485537,ARGUMENT
30064780330,90194315316,ARGUMENT
30064780330,68719485538,ARGUMENT
30064780330,90194315317,ARGUMENT
30064780331,30064780332,ARGUMENT
30064780331,90194315318,ARGUMENT
30064780332,68719485539,ARGUMENT
30064780332,55834578234,ARGUMENT
30064780333,68719485542,ARGUMENT
30064780333,90194315319,ARGUMENT
30064780333,68719485543,ARGUMENT
30064780334,68719485541,ARGUMENT
30064780334,55834578235,ARGUMENT
30064780335,68719485544,ARGUMENT
30064780336,68719485545,ARGUMENT
30064780336,90194315320,ARGUMENT
30064780337,68719485546,ARGUMENT
30064780337,30064780338,ARGUMENT
30064780338,30064780339,ARGUMENT
30064780339,68719485550,ARGUMENT
30064780339,68719485551,ARGUMENT
30064780339,25769805249,ARGUMENT
30064780340,30064780341,ARGUMENT
30064780340,55834578236,ARGUMENT
30064780341,68719485547,ARGUMENT
30064780341,30064780342,ARGUMENT
30064780342,68719485549,ARGUMENT
30064780343,68719485552,ARGUMENT
30064780343,30064780344,ARGUMENT
30064780345,68719485554,ARGUMENT
30064780345,68719485555,ARGUMENT
30064780346,68719485553,ARGUMENT
30064780346,55834578237,ARGUMENT
30064780347,30064780348,ARGUMENT
30064780347,90194315322,ARGUMENT
30064780348,30064780349,ARGUMENT
30064780348,90194315321,ARGUMENT
30064780349,68719485557,ARGUMENT
30064780349,55834578238,ARGUMENT
30064780350,68719485560,ARGUMENT
30064780350,90194315323,ARGUMENT
30064780350,68719485561,ARGUMENT
30064780351,68719485559,ARGUMENT
30064780351,55834578239,ARGUMENT
30064780352,68719485562,ARGUMENT
30064780353,68719485563,ARGUMENT
30064780353,30064780354,ARGUMENT
30064780354,30064780355,ARGUMENT
30064780354,90194315324,ARGUMENT
30064780354,68719485565,ARGUMENT
30064780355,68719485564,ARGUMENT
30064780355,30064780356,ARGUMENT
30064780357,68719485566,ARGUMENT
30064780357,30064780358,ARGUMENT
30064780358,90194315325,ARGUMENT
30064780358,68719485567,ARGUMENT
30064780358,90194315326,ARGUMENT
30064780359,68719485568,ARGUMENT
30064780359,30064780360,ARGUMENT
30064780360,30064780361,ARGUMENT
30064780361,68719485572,ARGUMENT
30064780361,68719485573,ARGUMENT
30064780361,25769805253,ARGUMENT
30064780362,30064780363,ARGUMENT
30064780362,55834578240,ARGUMENT
30064780363,68719485569,ARGUMENT
30064780363,30064780364,ARGUMENT
30064780364,68719485571,ARGUMENT
30064780365,68719485574,ARGUMENT
30064780365,30064780366,ARGUMENT
30064780367,68719485576,ARGUMENT
30064780367,68719485577,ARGUMENT
30064780368,68719485575,ARGUMENT
30064780368,55834578241,ARGUMENT
30064780369,68719485579,ARGUMENT
30064780369,55834578242,ARGUMENT
30064780370,68719485582,ARGUMENT
30064780370,90194315327,ARGUMENT
30064780370,68719485583,ARGUMENT
30064780371,68719485581,ARGUMENT
30064780371,55834578243,ARGUMENT
30064780372,68719485584,ARGUMENT
30064780373,68719485585,ARGUMENT
30064780373,30064780374,ARGUMENT
30064780374,30064780375,ARGUMENT
30064780375,68719485587,ARGUMENT
30064780375,68719485588,ARGUMENT
30064780376,68719485586,ARGUMENT
30064780376,55834578244,ARGUMENT
30064780377,68719485589,ARGUMENT
30064780378,68719485590,ARGUMENT
30064780378,90194315329,ARGUMENT
30064780379,68719485591,ARGUMENT
30064780379,30064780380,ARGUMENT
30064780380,30064780381,ARGUMENT
30064780381,68719485595,ARGUMENT
30064780381,68719485596,ARGUMENT
30064780381,25769805257,ARGUMENT
30064780382,30064780383,ARGUMENT
30064780382,55834578245,ARGUMENT
30064780383,68719485592,ARGUMENT
30064780383,30064780384,ARGUMENT
30064780384,68719485594,ARGUMENT
30064780385,68719485597,ARGUMENT
30064780385,30064780386,ARGUMENT
30064780387,68719485599,ARGUMENT
30064780387,68719485600,ARGUMENT
30064780388,68719485598,ARGUMENT
30064780388,55834578246,ARGUMENT
30064780389,68719485602,ARGUMENT
30064780389,30064780390,ARGUMENT
30064780390,30064780391,ARGUMENT
30064780390,90194315330,ARGUMENT
30064780391,68719485603,ARGUMENT
30064780391,55834578247,ARGUMENT
30064780392,68719485604,ARGUMENT
30064780393,30064780394,ARGUMENT
30064780393,90194315331,ARGUMENT
30064780394,68719485605,ARGUMENT
30064780394,55834578248,ARGUMENT
30064780395,30064780396,ARGUMENT
30064780395,90194315332,ARGUMENT
30064780396,68719485606,ARGUMENT
30064780396,55834578249,ARGUMENT
30064780397,30064780398,ARGUMENT
30064780397,90194315333,ARGUMENT
30064780398,68719485607,ARGUMENT
30064780398,55834578250,ARGUMENT
30064780399,30064780400,ARGUMENT
30064780399,90194315334,ARGUMENT
30064780400,68719485608,ARGUMENT
30064780400,55834578251,ARGUMENT
30064780401,30064780402,ARGUMENT
30064780401,90194315335,ARGUMENT
30064780402,68719485609,ARGUMENT
30064780402,55834578252,ARGUMENT
30064780403,30064780404,ARGUMENT
30064780403,90194315336,ARGUMENT
30064780404,68719485610,ARGUMENT
30064780404,55834578253,ARGUMENT
30064780405,30064780406,ARGUMENT
30064780405,90194315337,ARGUMENT
30064780406,68719485611,ARGUMENT
30064780406,55834578254,ARGUMENT
30064780407,30064780408,ARGUMENT
30064780407,90194315338,ARGUMENT
30064780408,68719485613,ARGUMENT
30064780408,55834578255,ARGUMENT
30064780409,30064780410,ARGUMENT
30064780409,30064780411,ARGUMENT
30064780410,68719485614,ARGUMENT
30064780410,55834578256,ARGUMENT
30064780411,68719485616,ARGUMENT
30064780411,30064780413,ARGUMENT
30064780411,30064780414,ARGUMENT
30064780412,68719485615,ARGUMENT
30064780412,55834578257,ARGUMENT
30064780413,68719485617,ARGUMENT
30064780413,55834578258,ARGUMENT
30064780414,68719485618,ARGUMENT
30064780414,55834578259,ARGUMENT
30064780415,30064780416,ARGUMENT
30064780415,30064780417,ARGUMENT
30064780416,68719485619,ARGUMENT
30064780416,55834578260,ARGUMENT
30064780417,68719485621,ARGUMENT
30064780417,30064780419,ARGUMENT
30064780417,30064780420,ARGUMENT
30064780418,68719485620,ARGUMENT
30064780418,55834578261,ARGUMENT
30064780419,68719485622,ARGUMENT
30064780419,55834578262,ARGUMENT
30064780420,68719485623,ARGUMENT
30064780420,55834578263,ARGUMENT
30064780421,30064780422,ARGUMENT
30064780421,30064780423,ARGUMENT
30064780422,68719485624,ARGUMENT
30064780422,55834578264,ARGUMENT
30064780423,68719485626,ARGUMENT
30064780423,30064780425,ARGUMENT
30064780423,30064780426,ARGUMENT
30064780424,68719485625,ARGUMENT
30064780424,55834578265,ARGUMENT
30064780425,68719485627,ARGUMENT
30064780425,55834578266,ARGUMENT
30064780426,68719485628,ARGUMENT
30064780426,55834578267,ARGUMENT
30064780427,30064780428,ARGUMENT
30064780427,30064780429,ARGUMENT
30064780428,68719485629,ARGUMENT
30064780428,55834578268,ARGUMENT
30064780429,68719485631,ARGUMENT
30064780429,30064780431,ARGUMENT
30064780429,30064780432,ARGUMENT
30064780430,68719485630,ARGUMENT
30064780430,55834578269,ARGUMENT
30064780431,68719485632,ARGUMENT
30064780431,55834578270,ARGUMENT
30064780432,68719485633,ARGUMENT
30064780432,55834578271,ARGUMENT
30064780433,30064780434,ARGUMENT
30064780433,30064780435,ARGUMENT
30064780434,68719485634,ARGUMENT
30064780434,55834578272,ARGUMENT
30064780435,68719485636,ARGUMENT
30064780435,30064780437,ARGUMENT
30064780435,30064780438,ARGUMENT
30064780436,68719485635,ARGUMENT
30064780436,55834578273,ARGUMENT
30064780437,68719485637,ARGUMENT
30064780437,55834578274,ARGUMENT
30064780438,68719485638,ARGUMENT
30064780438,55834578275,ARGUMENT
30064780439,30064780440,ARGUMENT
30064780439,30064780441,ARGUMENT
30064780440,68719485639,ARGUMENT
30064780440,55834578276,ARGUMENT
30064780441,68719485641,ARGUMENT
30064780441,30064780443,ARGUMENT
30064780441,30064780444,ARGUMENT
30064780442,68719485640,ARGUMENT
30064780442,55834578277,ARGUMENT
30064780443,68719485642,ARGUMENT
30064780443,55834578278,ARGUMENT
30064780444,68719485643,ARGUMENT
30064780444,55834578279,ARGUMENT
30064780445,68719485647,ARGUMENT
30064780445,90194315339,ARGUMENT
30064780445,68719485648,ARGUMENT
30064780446,68719485646,ARGUMENT
30064780446,55834578280,ARGUMENT
30064780447,68719485649,ARGUMENT
30064780448,68719485650,ARGUMENT
30064780448,90194315340,ARGUMENT
30064780449,30064780450,ARGUMENT
30064780449,90194315342,ARGUMENT
30064780449,90194315343,ARGUMENT
30064780450,68719485651,ARGUMENT
30064780450,90194315341,ARGUMENT
30064780451,30064780452,ARGUMENT
30064780452,68719485656,ARGUMENT
30064780452,90194315345,ARGUMENT
30064780453,30064780454,ARGUMENT
30064780453,55834578281,ARGUMENT
30064780454,68719485652,ARGUMENT
30064780454,30064780455,ARGUMENT
30064780455,30064780456,ARGUMENT
30064780455,90194315344,ARGUMENT
30064780456,30064780457,ARGUMENT
30064780456,68719485655,ARGUMENT
30064780457,68719485653,ARGUMENT
30064780457,68719485654,ARGUMENT
30064780458,68719485657,ARGUMENT
30064780458,90194315346,ARGUMENT
30064780459,68719485658,ARGUMENT
30064780459,30064780460,ARGUMENT
30064780460,30064780461,ARGUMENT
30064780461,68719485662,ARGUMENT
30064780461,68719485663,ARGUMENT
30064780461,25769805266,ARGUMENT
30064780462,30064780463,ARGUMENT
30064780462,55834578282,ARGUMENT
30064780463,68719485659,ARGUMENT
30064780463,30064780464,ARGUMENT
30064780464,68719485661,ARGUMENT
30064780465,68719485664,ARGUMENT
30064780465,30064780466,ARGUMENT
30064780467,68719485666,ARGUMENT
30064780467,68719485667,ARGUMENT
30064780468,68719485665,ARGUMENT
30064780468,55834578283,ARGUMENT
30064780469,68719485669,ARGUMENT
30064780469,55834578284,ARGUMENT
30064780470,68719485672,ARGUMENT
30064780470,90194315347,ARGUMENT
30064780470,68719485673,ARGUMENT
30064780471,68719485671,ARGUMENT
30064780471,55834578285,ARGUMENT
30064780472,68719485674,ARGUMENT
30064780473,30064780474,ARGUMENT
30064780474,68719485678,ARGUMENT
30064780474,90194315348,ARGUMENT
30064780474,25769805269,ARGUMENT
30064780475,30064780476,ARGUMENT
30064780475,55834578286,ARGUMENT
30064780476,68719485675,ARGUMENT
30064780476,30064780477,ARGUMENT
30064780477,68719485677,ARGUMENT
30064780478,68719485679,ARGUMENT
30064780478,30064780479,ARGUMENT
30064780480,68719485681,ARGUMENT
30064780480,68719485682,ARGUMENT
30064780481,68719485680,ARGUMENT
30064780481,55834578287,ARGUMENT
30064780482,68719485685,ARGUMENT
30064780482,30064780484,ARGUMENT
30064780483,68719485684,ARGUMENT
30064780483,55834578288,ARGUMENT
30064780484,90194315349,ARGUMENT
30064780484,68719485686,ARGUMENT
30064780484,90194315350,ARGUMENT
30064780485,68719485689,ARGUMENT
30064780485,90194315351,ARGUMENT
30064780485,68719485690,ARGUMENT
30064780486,68719485688,ARGUMENT
30064780486,55834578289,ARGUMENT
30064780487,68719485691,ARGUMENT
30064780488,68719485692,ARGUMENT
30064780488,30064780489,ARGUMENT
30064780489,30064780142,ARGUMENT
30064780489,55834578290,ARGUMENT
30064780490,68719485695,ARGUMENT
30064780490,30064780491,ARGUMENT
30064780491,30064780143,ARGUMENT
30064780491,55834578291,ARGUMENT
30064780492,68719485698,ARGUMENT
30064780492,30064780493,ARGUMENT
30064780493,30064780144,ARGUMENT
30064780493,55834578292,ARGUMENT
30064780494,68719485701,ARGUMENT
30064780494,30064780495,ARGUMENT
30064780495,30064780145,ARGUMENT
30064780495,55834578293,ARGUMENT
30064780496,68719485704,ARGUMENT
30064780496,30064780497,ARGUMENT
30064780497,30064780146,ARGUMENT
30064780497,55834578294,ARGUMENT
30064780498,68719485707,ARGUMENT
30064780498,120259084524,ARGUMENT
30064780499,68719485708,ARGUMENT
30064780499,30064780500,ARGUMENT
30064780501,68719485710,ARGUMENT
30064780502,30064780503,ARGUMENT
30064780502,68719485713,ARGUMENT
30064780503,68719485712,ARGUMENT
30064780503,90194315357,ARGUMENT
30064780504,68719486081,ARGUMENT
30064780504,90194315448,ARGUMENT
30064780505,68719486084,ARGUMENT
30064780505,90194315449,ARGUMENT
30064780506,68719486087,ARGUMENT
30064780506,90194315450,ARGUMENT
30064780507,68719486090,ARGUMENT
30064780507,90194315451,ARGUMENT
30064780508,68719485715,ARGUMENT
30064780508,30064780510,ARGUMENT
30064780509,68719485714,ARGUMENT
30064780509,55834578295,ARGUMENT
30064780510,90194315358,ARGUMENT
30064780510,68719485716,ARGUMENT
30064780510,90194315359,ARGUMENT
30064780511,68719485718,ARGUMENT
30064780511,90194315360,ARGUMENT
30064780512,68719485717,ARGUMENT
30064780512,55834578296,ARGUMENT
30064780513,68719485719,ARGUMENT
30064780513,30064780514,ARGUMENT
30064780514,30064780515,ARGUMENT
30064780515,68719485721,ARGUMENT
30064780515,68719485722,ARGUMENT
30064780516,68719485720,ARGUMENT
30064780516,55834578297,ARGUMENT
30064780517,68719485724,ARGUMENT
30064780517,90194315361,ARGUMENT
30064780518,68719485723,ARGUMENT
30064780518,55834578298,ARGUMENT
30064780519,68719485726,ARGUMENT
30064780519,90194315362,ARGUMENT
30064780520,68719485725,ARGUMENT
30064780520,55834578299,ARGUMENT
30064780521,68719485727,ARGUMENT
30064780521,30064780522,ARGUMENT
30064780522,68719485729,ARGUMENT
30064780522,68719485730,ARGUMENT
30064780522,30064780524,ARGUMENT
30064780522,30064780525,ARGUMENT
30064780522,30064780526,ARGUMENT
30064780522,30064780527,ARGUMENT
30064780522,30064780528,ARGUMENT
30064780522,30064780529,ARGUMENT
30064780522,30064780530,ARGUMENT
30064780522,30064780531,ARGUMENT
30064780522,30064780532,ARGUMENT
30064780522,30064780533,ARGUMENT
30064780522,30064780534,ARGUMENT
30064780522,30064780535,ARGUMENT
30064780522,30064780536,ARGUMENT
30064780523,68719485728,ARGUMENT
30064780523,55834578300,ARGUMENT
30064780524,68719485731,ARGUMENT
30064780524,55834578301,ARGUMENT
30064780525,68719485732,ARGUMENT
30064780525,55834578302,ARGUMENT
30064780526,68719485733,ARGUMENT
30064780526,55834578303,ARGUMENT
30064780527,68719485734,ARGUMENT
30064780527,55834578304,ARGUMENT
30064780528,68719485735,ARGUMENT
30064780528,55834578305,ARGUMENT
30064780529,68719485736,ARGUMENT
30064780529,55834578306,ARGUMENT
30064780530,68719485737,ARGUMENT
30064780530,55834578307,ARGUMENT
30064780531,68719485738,ARGUMENT
30064780531,55834578308,ARGUMENT
30064780532,68719485739,ARGUMENT
30064780532,55834578309,ARGUMENT
30064780533,68719485740,ARGUMENT
30064780533,55834578310,ARGUMENT
30064780534,68719485741,ARGUMENT
30064780534,55834578311,ARGUMENT
30064780535,68719485742,ARGUMENT
30064780535,55834578312,ARGUMENT
30064780536,68719485743,ARGUMENT
30064780536,55834578313,ARGUMENT
30064780537,68719485745,ARGUMENT
30064780537,90194315363,ARGUMENT
30064780538,68719485744,ARGUMENT
30064780538,55834578314,ARGUMENT
30064780539,68719485746,ARGUMENT
30064780539,30064780540,ARGUMENT
30064780540,30064780541,ARGUMENT
30064780541,68719485748,ARGUMENT
30064780541,68719485749,ARGUMENT
30064780541,68719485750,ARGUMENT
30064780542,68719485747,ARGUMENT
30064780542,55834578315,ARGUMENT
30064780543,68719485752,ARGUMENT
30064780543,90194315364,ARGUMENT
30064780544,68719485751,ARGUMENT
30064780544,55834578316,ARGUMENT
30064780545,30064780546,ARGUMENT
30064780546,68719485754,ARGUMENT
30064780546,68719485755,ARGUMENT
30064780547,68719485753,ARGUMENT
30064780547,55834578317,ARGUMENT
30064780548,68719485757,ARGUMENT
30064780548,30064780550,ARGUMENT
30064780549,68719485756,ARGUMENT
30064780549,55834578318,ARGUMENT
30064780550,90194315365,ARGUMENT
30064780550,68719485758,ARGUMENT
30064780550,90194315366,ARGUMENT
30064780551,68719485762,ARGUMENT
30064780551,30064780553,ARGUMENT
30064780551,68719485764,ARGUMENT
30064780552,68719485761,ARGUMENT
30064780552,55834578319,ARGUMENT
30064780553,90194315367,ARGUMENT
30064780553,68719485763,ARGUMENT
30064780553,90194315368,ARGUMENT
30064780554,68719485765,ARGUMENT
30064780555,68719485766,ARGUMENT
30064780555,25769805283,ARGUMENT
30064780556,68719485767,ARGUMENT
30064780556,30064780557,ARGUMENT
30064780558,68719485769,ARGUMENT
30064780559,68719485772,ARGUMENT
30064780559,30064780561,ARGUMENT
30064780560,68719485771,ARGUMENT
30064780560,55834578320,ARGUMENT
30064780561,30064780562,ARGUMENT
30064780561,90194315369,ARGUMENT
30064780562,68719485774,ARGUMENT
30064780563,68719485773,ARGUMENT
30064780563,55834578321,ARGUMENT
30064780564,68719485775,ARGUMENT
30064780564,30064780565,ARGUMENT
30064780565,68719485777,ARGUMENT
30064780566,68719485776,ARGUMENT
30064780566,55834578322,ARGUMENT
30064780567,68719485778,ARGUMENT
30064780567,25769805284,ARGUMENT
30064780568,68719485779,ARGUMENT
30064780568,30064780569,ARGUMENT
30064780570,68719485781,ARGUMENT
30064780571,68719485784,ARGUMENT
30064780571,30064780573,ARGUMENT
30064780572,68719485783,ARGUMENT
30064780572,55834578323,ARGUMENT
30064780573,30064780574,ARGUMENT
30064780573,90194315370,ARGUMENT
30064780574,68719485786,ARGUMENT
30064780575,68719485785,ARGUMENT
30064780575,55834578324,ARGUMENT
30064780576,68719485787,ARGUMENT
30064780576,30064780577,ARGUMENT
30064780577,68719485789,ARGUMENT
30064780578,68719485788,ARGUMENT
30064780578,55834578325,ARGUMENT
30064780579,68719485791,ARGUMENT
30064780579,90194315371,ARGUMENT
30064780580,68719485790,ARGUMENT
30064780580,55834578326,ARGUMENT
30064780581,68719485792,ARGUMENT
30064780581,30064780582,ARGUMENT
30064780582,30064780583,ARGUMENT
30064780583,68719485794,ARGUMENT
30064780583,68719485795,ARGUMENT
30064780583,90194315372,ARGUMENT
30064780584,68719485793,ARGUMENT
30064780584,55834578327,ARGUMENT
30064780585,68719485796,ARGUMENT
30064780585,30064780586,ARGUMENT
30064780586,30064780587,ARGUMENT
30064780587,68719485798,ARGUMENT
30064780587,68719485799,ARGUMENT
30064780587,90194315373,ARGUMENT
30064780588,68719485797,ARGUMENT
30064780588,55834578328,ARGUMENT
30064780589,68719485801,ARGUMENT
30064780589,30064780591,ARGUMENT
30064780590,68719485800,ARGUMENT
30064780590,55834578329,ARGUMENT
30064780591,90194315374,ARGUMENT
30064780591,68719485802,ARGUMENT
30064780591,90194315375,ARGUMENT
30064780591,68719485803,ARGUMENT
30064780591,90194315376,ARGUMENT
30064780592,68719485804,ARGUMENT
30064780592,68719485805,ARGUMENT
30064780593,68719485806,ARGUMENT
30064780593,68719485807,ARGUMENT
30064780594,68719485809,ARGUMENT
30064780594,30064780596,ARGUMENT
30064780595,68719485808,ARGUMENT
30064780595,55834578330,ARGUMENT
30064780596,90194315377,ARGUMENT
30064780596,68719485810,ARGUMENT
30064780596,90194315378,ARGUMENT
30064780597,68719485812,ARGUMENT
30064780597,90194315379,ARGUMENT
30064780598,68719485811,ARGUMENT
30064780598,55834578331,ARGUMENT
30064780599,68719485813,ARGUMENT
30064780599,30064780600,ARGUMENT
30064780600,30064780601,ARGUMENT
30064780601,25769805285,ARGUMENT
30064780602,68719485814,ARGUMENT
30064780602,30064780603,ARGUMENT
30064780604,68719485816,ARGUMENT
30064780604,30064780606,ARGUMENT
30064780605,68719485815,ARGUMENT
30064780605,55834578332,ARGUMENT
30064780606,68719485818,ARGUMENT
30064780606,68719485819,ARGUMENT
30064780606,90194315380,ARGUMENT
30064780607,68719485817,ARGUMENT
30064780607,55834578333,ARGUMENT
30064780608,68719485821,ARGUMENT
30064780608,30064780610,ARGUMENT
30064780609,68719485820,ARGUMENT
30064780609,55834578334,ARGUMENT
30064780610,68719485823,ARGUMENT
30064780610,68719485824,ARGUMENT
30064780610,68719485825,ARGUMENT
30064780610,90194315381,ARGUMENT
30064780611,68719485822,ARGUMENT
30064780611,55834578335,ARGUMENT
30064780612,68719485827,ARGUMENT
30064780612,30064780614,ARGUMENT
30064780613,68719485826,ARGUMENT
30064780613,55834578336,ARGUMENT
30064780614,68719485829,ARGUMENT
30064780614,68719485830,ARGUMENT
30064780614,68719485831,ARGUMENT
30064780614,90194315382,ARGUMENT
30064780615,68719485828,ARGUMENT
30064780615,55834578337,ARGUMENT
30064780616,68719485833,ARGUMENT
30064780616,30064780618,ARGUMENT
30064780617,68719485832,ARGUMENT
30064780617,55834578338,ARGUMENT
30064780618,68719485835,ARGUMENT
30064780618,68719485836,ARGUMENT
30064780618,68719485837,ARGUMENT
30064780618,90194315383,ARGUMENT
30064780619,68719485834,ARGUMENT
30064780619,55834578339,ARGUMENT
30064780620,68719485839,ARGUMENT
30064780620,30064780622,ARGUMENT
30064780621,68719485838,ARGUMENT
30064780621,55834578340,ARGUMENT
30064780622,68719485841,ARGUMENT
30064780622,68719485842,ARGUMENT
30064780622,68719485843,ARGUMENT
30064780622,90194315384,ARGUMENT
30064780623,68719485840,ARGUMENT
30064780623,55834578341,ARGUMENT
30064780624,68719485845,ARGUMENT
30064780624,30064780626,ARGUMENT
30064780625,68719485844,ARGUMENT
30064780625,55834578342,ARGUMENT
30064780626,68719485847,ARGUMENT
30064780626,68719485848,ARGUMENT
30064780626,68719485849,ARGUMENT
30064780626,90194315385,ARGUMENT
30064780627,68719485846,ARGUMENT
30064780627,55834578343,ARGUMENT
30064780628,68719485851,ARGUMENT
30064780628,30064780630,ARGUMENT
30064780629,68719485850,ARGUMENT
30064780629,55834578344,ARGUMENT
30064780630,68719485853,ARGUMENT
30064780630,68719485854,ARGUMENT
30064780630,25769805286,ARGUMENT
30064780630,68719485859,ARGUMENT
30064780630,90194315387,ARGUMENT
30064780631,68719485852,ARGUMENT
30064780631,55834578345,ARGUMENT
30064780632,68719485855,ARGUMENT
30064780632,30064780633,ARGUMENT
30064780634,68719485857,ARGUMENT
30064780634,90194315386,ARGUMENT
30064780635,68719485856,ARGUMENT
30064780635,55834578346,ARGUMENT
30064780636,68719485861,ARGUMENT
30064780636,30064780638,ARGUMENT
30064780637,68719485860,ARGUMENT
30064780637,55834578347,ARGUMENT
30064780638,68719485863,ARGUMENT
30064780638,68719485864,ARGUMENT
30064780638,25769805287,ARGUMENT
30064780638,68719485869,ARGUMENT
30064780638,90194315389,ARGUMENT
30064780639,68719485862,ARGUMENT
30064780639,55834578348,ARGUMENT
30064780640,68719485865,ARGUMENT
30064780640,30064780641,ARGUMENT
30064780642,68719485867,ARGUMENT
30064780642,90194315388,ARGUMENT
30064780643,68719485866,ARGUMENT
30064780643,55834578349,ARGUMENT
30064780644,68719485871,ARGUMENT
30064780644,30064780646,ARGUMENT
30064780645,68719485870,ARGUMENT
30064780645,55834578350,ARGUMENT
30064780646,68719485873,ARGUMENT
30064780646,68719485874,ARGUMENT
30064780646,25769805288,ARGUMENT
30064780646,68719485879,ARGUMENT
30064780646,90194315391,ARGUMENT
30064780647,68719485872,ARGUMENT
30064780647,55834578351,ARGUMENT
30064780648,68719485875,ARGUMENT
30064780648,30064780649,ARGUMENT
30064780650,68719485877,ARGUMENT
30064780650,90194315390,ARGUMENT
30064780651,68719485876,ARGUMENT
30064780651,55834578352,ARGUMENT
30064780652,68719485881,ARGUMENT
30064780652,30064780654,ARGUMENT
30064780653,68719485880,ARGUMENT
30064780653,55834578353,ARGUMENT
30064780654,68719485883,ARGUMENT
30064780654,68719485884,ARGUMENT
30064780654,25769805289,ARGUMENT
30064780654,68719485889,ARGUMENT
30064780654,90194315393,ARGUMENT
30064780655,68719485882,ARGUMENT
30064780655,55834578354,ARGUMENT
30064780656,68719485885,ARGUMENT
30064780656,30064780657,ARGUMENT
30064780658,68719485887,ARGUMENT
30064780658,90194315392,ARGUMENT
30064780659,68719485886,ARGUMENT
30064780659,55834578355,ARGUMENT
30064780660,68719485891,ARGUMENT
30064780660,30064780661,ARGUMENT
30064780661,68719485892,ARGUMENT
30064780661,90194315394,ARGUMENT
30064780662,68719485893,ARGUMENT
30064780662,30064780663,ARGUMENT
30064780663,68719485894,ARGUMENT
30064780663,90194315395,ARGUMENT
30064780664,68719485895,ARGUMENT
30064780664,30064780665,ARGUMENT
30064780665,68719485896,ARGUMENT
30064780665,90194315396,ARGUMENT
30064780666,68719485897,ARGUMENT
30064780666,30064780667,ARGUMENT
30064780667,68719485898,ARGUMENT
30064780667,90194315397,ARGUMENT
30064780668,68719485899,ARGUMENT
30064780668,30064780669,ARGUMENT
30064780669,68719485900,ARGUMENT
30064780669,90194315398,ARGUMENT
30064780670,68719485901,ARGUMENT
30064780670,30064780671,ARGUMENT
30064780671,68719485902,ARGUMENT
30064780671,90194315399,ARGUMENT
30064780672,68719485903,ARGUMENT
30064780672,30064780673,ARGUMENT
30064780673,68719485904,ARGUMENT
30064780673,90194315400,ARGUMENT
30064780674,68719485905,ARGUMENT
30064780674,30064780675,ARGUMENT
30064780675,68719485906,ARGUMENT
30064780675,90194315401,ARGUMENT
30064780676,68719485907,ARGUMENT
30064780676,30064780677,ARGUMENT
30064780677,68719485908,ARGUMENT
30064780677,90194315402,ARGUMENT
30064780678,68719485909,ARGUMENT
30064780678,30064780679,ARGUMENT
30064780679,68719485910,ARGUMENT
30064780679,90194315403,ARGUMENT
30064780680,68719485913,ARGUMENT
30064780680,30064780682,ARGUMENT
30064780681,68719485912,ARGUMENT
30064780681,55834578356,ARGUMENT
30064780682,90194315404,ARGUMENT
30064780682,30064780683,ARGUMENT
30064780682,90194315405,ARGUMENT
30064780682,30064780684,ARGUMENT
30064780682,90194315406,ARGUMENT
30064780682,30064780685,ARGUMENT
30064780682,90194315407,ARGUMENT
30064780682,30064780686,ARGUMENT
30064780682,90194315408,ARGUMENT
30064780683,68719485914,ARGUMENT
30064780683,55834578357,ARGUMENT
30064780684,68719485915,ARGUMENT
30064780684,55834578358,ARGUMENT
30064780685,68719485916,ARGUMENT
30064780685,55834578359,ARGUMENT
30064780686,68719485917,ARGUMENT
30064780686,55834578360,ARGUMENT
30064780687,68719485919,ARGUMENT
30064780687,30064780689,ARGUMENT
30064780688,68719485918,ARGUMENT
30064780688,55834578361,ARGUMENT
30064780689,90194315409,ARGUMENT
30064780689,30064780690,ARGUMENT
30064780689,90194315410,ARGUMENT
30064780690,68719485920,ARGUMENT
30064780690,55834578362,ARGUMENT
30064780691,68719485922,ARGUMENT
30064780691,30064780693,ARGUMENT
30064780692,68719485921,ARGUMENT
30064780692,55834578363,ARGUMENT
30064780693,90194315411,ARGUMENT
30064780693,30064780694,ARGUMENT
30064780693,90194315412,ARGUMENT
30064780693,30064780695,ARGUMENT
30064780693,90194315413,ARGUMENT
30064780693,30064780696,ARGUMENT
30064780693,90194315414,ARGUMENT
30064780694,68719485923,ARGUMENT
30064780694,55834578364,ARGUMENT
30064780695,68719485924,ARGUMENT
30064780695,55834578365,ARGUMENT
30064780696,68719485925,ARGUMENT
30064780696,55834578366,ARGUMENT
30064780697,30064780698,ARGUMENT
30064780697,90194315415,ARGUMENT
30064780698,68719485926,ARGUMENT
30064780698,55834578367,ARGUMENT
30064780699,68719485928,ARGUMENT
30064780699,90194315416,ARGUMENT
30064780699,25769805291,ARGUMENT
30064780700,68719485927,ARGUMENT
30064780700,55834578368,ARGUMENT
30064780701,30064780702,ARGUMENT
30064780701,30064780703,ARGUMENT
30064780702,68719485929,ARGUMENT
30064780702,55834578369,ARGUMENT
30064780703,30064780704,ARGUMENT
30064780703,55834578370,ARGUMENT
30064780704,68719485930,ARGUMENT
30064780704,90194315417,ARGUMENT
30064780705,30064780706,ARGUMENT
30064780705,30064780707,ARGUMENT
30064780706,68719485931,ARGUMENT
30064780706,55834578371,ARGUMENT
30064780707,68719485933,ARGUMENT
30064780707,90194315419,ARGUMENT
30064780707,90194315420,ARGUMENT
30064780708,30064780709,ARGUMENT
30064780708,55834578373,ARGUMENT
30064780709,30064780710,ARGUMENT
30064780709,55834578372,ARGUMENT
30064780710,68719485932,ARGUMENT
30064780710,90194315418,ARGUMENT
30064780711,30064780712,ARGUMENT
30064780711,30064780713,ARGUMENT
30064780712,68719485934,ARGUMENT
30064780712,55834578374,ARGUMENT
30064780713,30064780714,ARGUMENT
30064780713,55834578375,ARGUMENT
30064780714,68719485935,ARGUMENT
30064780714,90194315421,ARGUMENT
30064780715,30064780716,ARGUMENT
30064780715,30064780717,ARGUMENT
30064780716,68719485936,ARGUMENT
30064780716,55834578376,ARGUMENT
30064780717,30064780718,ARGUMENT
30064780717,55834578377,ARGUMENT
30064780718,68719485937,ARGUMENT
30064780718,90194315422,ARGUMENT
30064780719,68719485940,ARGUMENT
30064780719,90194315423,ARGUMENT
30064780720,68719485939,ARGUMENT
30064780720,55834578378,ARGUMENT
30064780721,30064780722,ARGUMENT
30064780721,90194315424,ARGUMENT
30064780722,68719485941,ARGUMENT
30064780722,55834578379,ARGUMENT
30064780723,68719485943,ARGUMENT
30064780723,90194315425,ARGUMENT
30064780723,25769805292,ARGUMENT
30064780724,68719485942,ARGUMENT
30064780724,55834578380,ARGUMENT
30064780725,30064780726,ARGUMENT
30064780725,30064780727,ARGUMENT
30064780726,68719485944,ARGUMENT
30064780726,55834578381,ARGUMENT
30064780727,30064780728,ARGUMENT
30064780727,55834578382,ARGUMENT
30064780728,68719485945,ARGUMENT
30064780728,90194315426,ARGUMENT
30064780729,30064780730,ARGUMENT
30064780729,30064780731,ARGUMENT
30064780730,68719485946,ARGUMENT
30064780730,55834578383,ARGUMENT
30064780731,68719485948,ARGUMENT
30064780731,90194315428,ARGUMENT
30064780731,90194315429,ARGUMENT
30064780732,30064780733,ARGUMENT
30064780732,55834578385,ARGUMENT
30064780733,30064780734,ARGUMENT
30064780733,55834578384,ARGUMENT
30064780734,68719485947,ARGUMENT
30064780734,90194315427,ARGUMENT
30064780735,30064780736,ARGUMENT
30064780735,30064780737,ARGUMENT
30064780736,68719485949,ARGUMENT
30064780736,55834578386,ARGUMENT
30064780737,30064780738,ARGUMENT
30064780737,55834578387,ARGUMENT
30064780738,68719485950,ARGUMENT
30064780738,90194315430,ARGUMENT
30064780739,30064780740,ARGUMENT
30064780739,30064780741,ARGUMENT
30064780740,68719485951,ARGUMENT
30064780740,55834578388,ARGUMENT
30064780741,30064780742,ARGUMENT
30064780741,55834578389,ARGUMENT
30064780742,68719485952,ARGUMENT
30064780742,90194315431,ARGUMENT
30064780743,68719485955,ARGUMENT
30064780743,90194315432,ARGUMENT
30064780744,68719485954,ARGUMENT
30064780744,55834578390,ARGUMENT
30064780745,68719485956,ARGUMENT
30064780745,30064780746,ARGUMENT
30064780746,30064780747,ARGUMENT
30064780747,68719485958,ARGUMENT
30064780747,68719485959,ARGUMENT
30064780747,30064780749,ARGUMENT
30064780748,68719485957,ARGUMENT
30064780748,55834578391,ARGUMENT
30064780749,68719485961,ARGUMENT
30064780749,90194315433,ARGUMENT
30064780749,90194315434,ARGUMENT
30064780750,68719485960,ARGUMENT
30064780750,55834578392,ARGUMENT
30064780751,68719485963,ARGUMENT
30064780751,90194315435,ARGUMENT
30064780752,68719485962,ARGUMENT
30064780752,55834578393,ARGUMENT
30064780753,68719485964,ARGUMENT
30064780753,30064780754,ARGUMENT
30064780754,30064780755,ARGUMENT
30064780755,68719485966,ARGUMENT
30064780755,68719485967,ARGUMENT
30064780755,30064780757,ARGUMENT
30064780756,68719485965,ARGUMENT
30064780756,55834578394,ARGUMENT
30064780757,68719485969,ARGUMENT
30064780757,90194315436,ARGUMENT
30064780757,90194315437,ARGUMENT
30064780758,68719485968,ARGUMENT
30064780758,55834578395,ARGUMENT
30064780759,30064780760,ARGUMENT
30064780759,68719485971,ARGUMENT
30064780760,68719485970,ARGUMENT
30064780760,55834578396,ARGUMENT
30064780761,30064780762,ARGUMENT
30064780761,68719485973,ARGUMENT
30064780762,68719485972,ARGUMENT
30064780762,55834578397,ARGUMENT
30064780763,30064780764,ARGUMENT
30064780763,68719485975,ARGUMENT
30064780764,68719485974,ARGUMENT
30064780764,55834578398,ARGUMENT
30064780765,30064780766,ARGUMENT
30064780765,68719485977,ARGUMENT
30064780766,68719485976,ARGUMENT
30064780766,55834578399,ARGUMENT
30064780767,30064780768,ARGUMENT
30064780767,68719485979,ARGUMENT
30064780768,68719485978,ARGUMENT
30064780768,55834578400,ARGUMENT
30064780769,30064780770,ARGUMENT
30064780769,68719485981,ARGUMENT
30064780770,68719485980,ARGUMENT
30064780770,55834578401,ARGUMENT
30064780771,30064780772,ARGUMENT
30064780771,68719485983,ARGUMENT
30064780772,68719485982,ARGUMENT
30064780772,55834578402,ARGUMENT
30064780773,30064780774,ARGUMENT
30064780773,68719485985,ARGUMENT
30064780774,68719485984,ARGUMENT
30064780774,55834578403,ARGUMENT
30064780775,30064780776,ARGUMENT
30064780775,68719485987,ARGUMENT
30064780776,68719485986,ARGUMENT
30064780776,55834578404,ARGUMENT
30064780777,30064780778,ARGUMENT
30064780777,68719485989,ARGUMENT
30064780778,68719485988,ARGUMENT
30064780778,55834578405,ARGUMENT
30064780779,30064780780,ARGUMENT
30064780779,68719485991,ARGUMENT
30064780780,68719485990,ARGUMENT
30064780780,55834578406,ARGUMENT
30064780781,30064780782,ARGUMENT
30064780781,68719485993,ARGUMENT
30064780782,68719485992,ARGUMENT
30064780782,55834578407,ARGUMENT
30064780783,30064780784,ARGUMENT
30064780783,68719485995,ARGUMENT
30064780784,68719485994,ARGUMENT
30064780784,55834578408,ARGUMENT
30064780785,30064780786,ARGUMENT
30064780785,68719485997,ARGUMENT
30064780786,68719485996,ARGUMENT
30064780786,55834578409,ARGUMENT
30064780787,68719485999,ARGUMENT
30064780787,30064780788,ARGUMENT
30064780788,68719486001,ARGUMENT
30064780789,68719486000,ARGUMENT
30064780789,55834578410,ARGUMENT
30064780790,68719486003,ARGUMENT
30064780790,68719486004,ARGUMENT
30064780790,90194315438,ARGUMENT
30064780791,68719486005,ARGUMENT
30064780791,90194315439,ARGUMENT
30064780792,68719486006,ARGUMENT
30064780792,30064780793,ARGUMENT
30064780793,68719486007,ARGUMENT
30064780793,55834578411,ARGUMENT
30064780794,68719486008,ARGUMENT
30064780794,30064780795,ARGUMENT
30064780795,68719486009,ARGUMENT
30064780796,30064780797,ARGUMENT
30064780797,30064780787,ARGUMENT
30064780797,55834578412,ARGUMENT
30064780798,68719486012,ARGUMENT
30064780798,30064780799,ARGUMENT
30064780799,68719486013,ARGUMENT
30064780799,55834578413,ARGUMENT
30064780800,68719486014,ARGUMENT
30064780800,30064780801,ARGUMENT
30064780801,30064780802,ARGUMENT
30064780802,68719486016,ARGUMENT
30064780802,68719486017,ARGUMENT
30064780802,30064780804,ARGUMENT
30064780803,68719486015,ARGUMENT
30064780803,55834578414,ARGUMENT
30064780804,68719486018,ARGUMENT
30064780804,55834578415,ARGUMENT
30064780805,68719486020,ARGUMENT
30064780805,68719486021,ARGUMENT
30064780806,68719486019,ARGUMENT
30064780806,55834578416,ARGUMENT
30064780807,68719486022,ARGUMENT
30064780808,25769805300,ARGUMENT
30064780809,68719486023,ARGUMENT
30064780809,30064780810,ARGUMENT
30064780811,68719486025,ARGUMENT
30064780811,120259084525,ARGUMENT
30064780812,68719486029,ARGUMENT
30064780812,30064780814,ARGUMENT
30064780812,68719486031,ARGUMENT
30064780813,68719486028,ARGUMENT
30064780813,55834578417,ARGUMENT
30064780814,90194315440,ARGUMENT
30064780814,30064780815,ARGUMENT
30064780814,90194315441,ARGUMENT
30064780815,68719486030,ARGUMENT
30064780815,55834578418,ARGUMENT
30064780816,30064780817,ARGUMENT
30064780816,68719486033,ARGUMENT
30064780817,68719486032,ARGUMENT
30064780817,55834578419,ARGUMENT
30064780818,30064780819,ARGUMENT
30064780818,68719486035,ARGUMENT
30064780819,68719486034,ARGUMENT
30064780819,55834578420,ARGUMENT
30064780820,68719486037,ARGUMENT
30064780820,30064780821,ARGUMENT
30064780821,68719486039,ARGUMENT
30064780822,68719486038,ARGUMENT
30064780822,55834578421,ARGUMENT
30064780823,68719486041,ARGUMENT
30064780823,68719486042,ARGUMENT
30064780823,90194315442,ARGUMENT
30064780824,68719486043,ARGUMENT
30064780824,90194315443,ARGUMENT
30064780825,68719486044,ARGUMENT
30064780825,30064780826,ARGUMENT
30064780826,68719486045,ARGUMENT
30064780826,55834578422,ARGUMENT
30064780827,68719486046,ARGUMENT
30064780827,30064780828,ARGUMENT
30064780828,68719486047,ARGUMENT
30064780829,30064780830,ARGUMENT
30064780830,30064780820,ARGUMENT
30064780830,55834578423,ARGUMENT
30064780831,68719486050,ARGUMENT
30064780831,30064780832,ARGUMENT
30064780832,68719486051,ARGUMENT
30064780832,55834578424,ARGUMENT
30064780833,68719486052,ARGUMENT
30064780833,30064780834,ARGUMENT
30064780834,30064780835,ARGUMENT
30064780835,68719486054,ARGUMENT
30064780835,68719486055,ARGUMENT
30064780835,30064780837,ARGUMENT
30064780836,68719486053,ARGUMENT
30064780836,55834578425,ARGUMENT
30064780837,68719486056,ARGUMENT
30064780837,55834578426,ARGUMENT
30064780838,68719486057,ARGUMENT
30064780838,30064780839,ARGUMENT
30064780839,30064780840,ARGUMENT
30064780840,68719486059,ARGUMENT
30064780840,68719486060,ARGUMENT
30064780840,30064780842,ARGUMENT
30064780841,68719486058,ARGUMENT
30064780841,55834578427,ARGUMENT
30064780842,68719486061,ARGUMENT
30064780842,55834578428,ARGUMENT
30064780843,30064780844,ARGUMENT
30064780843,30064780846,ARGUMENT
30064780844,30064780845,ARGUMENT
30064780844,90194315444,ARGUMENT
30064780845,68719486062,ARGUMENT
30064780845,55834578429,ARGUMENT
30064780846,30064780847,ARGUMENT
30064780846,90194315445,ARGUMENT
30064780847,68719486063,ARGUMENT
30064780847,55834578430,ARGUMENT
30064780848,68719486064,ARGUMENT
30064780849,25769805310,ARGUMENT
30064780850,68719486065,ARGUMENT
30064780850,30064780851,ARGUMENT
30064780852,68719486067,ARGUMENT
30064780852,120259084526,ARGUMENT
30064780853,68719486071,ARGUMENT
30064780853,30064780855,ARGUMENT
30064780853,68719486073,ARGUMENT
30064780854,68719486070,ARGUMENT
30064780854,55834578431,ARGUMENT
30064780855,90194315446,ARGUMENT
30064780855,30064780856,ARGUMENT
30064780855,90194315447,ARGUMENT
30064780856,68719486072,ARGUMENT
30064780856,55834578432,ARGUMENT
30064780857,30064780858,ARGUMENT
30064780857,68719486075,ARGUMENT
30064780858,68719486074,ARGUMENT
30064780858,55834578433,ARGUMENT
30064780859,30064780860,ARGUMENT
30064780859,68719486077,ARGUMENT
30064780860,68719486076,ARGUMENT
30064780860,55834578434,ARGUMENT
30064780861,68719486079,ARGUMENT
30064780861,30064780504,ARGUMENT
30064780862,68719486082,ARGUMENT
30064780862,30064780505,ARGUMENT
30064780863,68719486085,ARGUMENT
30064780863,30064780506,ARGUMENT
30064780864,68719486088,ARGUMENT
30064780864,30064780865,ARGUMENT
30064780865,30064780507,ARGUMENT
30064780865,55834578435,ARGUMENT
30064780866,68719486091,ARGUMENT
30064780866,120259084527,ARGUMENT
30064780867,68719486092,ARGUMENT
30064780867,30064780868,ARGUMENT
30064780869,68719486094,ARGUMENT
30064780870,30064780871,ARGUMENT
30064780870,68719486097,ARGUMENT
30064780871,68719486096,ARGUMENT
30064780871,90194315452,ARGUMENT
30064780872,68719486153,ARGUMENT
30064780872,90194315466,ARGUMENT
30064780873,68719486156,ARGUMENT
30064780873,90194315467,ARGUMENT
30064780874,30064780875,ARGUMENT
30064780874,68719486100,ARGUMENT
30064780874,68719486101,ARGUMENT
30064780875,30064780876,ARGUMENT
30064780875,30064780877,ARGUMENT
30064780876,68719486098,ARGUMENT
30064780876,55834578436,ARGUMENT
30064780877,68719486099,ARGUMENT
30064780877,55834578437,ARGUMENT
30064780878,30064780879,ARGUMENT
30064780878,68719486104,ARGUMENT
30064780878,68719486105,ARGUMENT
30064780879,30064780880,ARGUMENT
30064780879,30064780881,ARGUMENT
30064780880,68719486102,ARGUMENT
30064780880,55834578438,ARGUMENT
30064780881,68719486103,ARGUMENT
30064780881,55834578439,ARGUMENT
30064780882,68719486106,ARGUMENT
30064780882,30064780883,ARGUMENT
30064780883,68719486107,ARGUMENT
30064780883,55834578440,ARGUMENT
30064780884,68719486109,ARGUMENT
30064780884,30064780886,ARGUMENT
30064780885,68719486108,ARGUMENT
30064780885,55834578441,ARGUMENT
30064780886,90194315453,ARGUMENT
30064780886,30064780887,ARGUMENT
30064780886,90194315454,ARGUMENT
30064780887,68719486110,ARGUMENT
30064780887,55834578442,ARGUMENT
30064780888,30064780889,ARGUMENT
30064780888,90194315455,ARGUMENT
30064780889,68719486111,ARGUMENT
30064780889,55834578443,ARGUMENT
30064780890,30064780891,ARGUMENT
30064780890,90194315456,ARGUMENT
30064780891,68719486112,ARGUMENT
30064780891,55834578444,ARGUMENT
30064780892,30064780893,ARGUMENT
30064780892,90194315457,ARGUMENT
30064780893,68719486113,ARGUMENT
30064780893,55834578445,ARGUMENT
30064780894,30064780895,ARGUMENT
30064780894,90194315458,ARGUMENT
30064780895,68719486114,ARGUMENT
30064780895,55834578446,ARGUMENT
30064780896,30064780897,ARGUMENT
30064780896,90194315459,ARGUMENT
30064780897,68719486115,ARGUMENT
30064780897,55834578447,ARGUMENT
30064780898,30064780899,ARGUMENT
30064780898,90194315460,ARGUMENT
30064780899,68719486116,ARGUMENT
30064780899,55834578448,ARGUMENT
30064780900,30064780901,ARGUMENT
30064780900,90194315461,ARGUMENT
30064780901,68719486117,ARGUMENT
30064780901,55834578449,ARGUMENT
30064780902,68719486119,ARGUMENT
30064780902,30064780903,ARGUMENT
30064780903,68719486121,ARGUMENT
30064780903,120259084528,ARGUMENT
30064780904,68719486120,ARGUMENT
30064780904,55834578450,ARGUMENT
30064780905,68719486122,ARGUMENT
30064780905,30064780906,ARGUMENT
30064780906,68719486124,ARGUMENT
30064780906,120259084529,ARGUMENT
30064780907,68719486123,ARGUMENT
30064780907,55834578451,ARGUMENT
30064780908,68719486125,ARGUMENT
30064780908,30064780909,ARGUMENT
30064780909,68719486127,ARGUMENT
30064780909,120259084530,ARGUMENT
30064780909,90194315462,ARGUMENT
30064780910,68719486126,ARGUMENT
30064780910,55834578452,ARGUMENT
30064780911,68719486128,ARGUMENT
30064780911,30064780912,ARGUMENT
30064780912,68719486129,ARGUMENT
30064780912,30064780913,ARGUMENT
30064780913,68719486130,ARGUMENT
30064780913,55834578453,ARGUMENT
30064780914,68719486131,ARGUMENT
30064780914,25769805327,ARGUMENT
30064780915,30064780916,ARGUMENT
30064780915,30064780917,ARGUMENT
30064780916,68719486132,ARGUMENT
30064780916,55834578454,ARGUMENT
30064780917,68719486133,ARGUMENT
30064780917,55834578455,ARGUMENT
30064780918,30064780919,ARGUMENT
30064780918,30064780920,ARGUMENT
30064780919,68719486134,ARGUMENT
30064780919,55834578456,ARGUMENT
30064780920,68719486135,ARGUMENT
30064780920,55834578457,ARGUMENT
30064780921,30064780922,ARGUMENT
30064780921,30064780923,ARGUMENT
30064780922,68719486136,ARGUMENT
30064780922,55834578458,ARGUMENT
30064780923,30064780924,ARGUMENT
30064780923,90194315464,ARGUMENT
30064780924,68719486138,ARGUMENT
30064780924,30064780926,ARGUMENT
30064780925,68719486137,ARGUMENT
30064780925,55834578459,ARGUMENT
30064780926,68719486139,ARGUMENT
30064780926,90194315463,ARGUMENT
30064780927,30064780928,ARGUMENT
30064780927,30064780929,ARGUMENT
30064780928,68719486140,ARGUMENT
30064780928,55834578460,ARGUMENT
30064780929,68719486141,ARGUMENT
30064780929,55834578461,ARGUMENT
30064780930,30064780931,ARGUMENT
30064780930,30064780932,ARGUMENT
30064780931,68719486142,ARGUMENT
30064780931,55834578462,ARGUMENT
30064780932,68719486143,ARGUMENT
30064780932,55834578463,ARGUMENT
30064780933,30064780934,ARGUMENT
30064780933,30064780935,ARGUMENT
30064780934,68719486144,ARGUMENT
30064780934,55834578464,ARGUMENT
30064780935,68719486145,ARGUMENT
30064780935,55834578465,ARGUMENT
30064780936,68719486148,ARGUMENT
30064780936,90194315465,ARGUMENT
30064780936,68719486149,ARGUMENT
30064780937,68719486147,ARGUMENT
30064780937,55834578466,ARGUMENT
30064780938,68719486151,ARGUMENT
30064780938,30064780939,ARGUMENT
30064780939,30064780872,ARGUMENT
30064780939,55834578467,ARGUMENT
30064780940,68719486154,ARGUMENT
30064780940,30064780941,ARGUMENT
30064780941,30064780873,ARGUMENT
30064780941,55834578468,ARGUMENT
30064780942,68719486157,ARGUMENT
30064780942,120259084531,ARGUMENT
30064780943,68719486158,ARGUMENT
30064780943,30064780944,ARGUMENT
30064780945,68719486160,ARGUMENT
30064780946,30064780947,ARGUMENT
30064780946,68719486163,ARGUMENT
30064780947,68719486162,ARGUMENT
30064780947,90194315468,ARGUMENT
30064780948,68719486232,ARGUMENT
30064780948,90194315484,ARGUMENT
30064780949,68719486235,ARGUMENT
30064780949,90194315485,ARGUMENT
30064780950,68719486164,ARGUMENT
30064780950,30064780951,ARGUMENT
30064780951,68719486166,ARGUMENT
30064780952,68719486168,ARGUMENT
30064780952,30064780954,ARGUMENT
30064780953,68719486167,ARGUMENT
30064780953,55834578469,ARGUMENT
30064780954,90194315469,ARGUMENT
30064780954,68719486169,ARGUMENT
30064780954,90194315470,ARGUMENT
30064780955,68719486170,ARGUMENT
30064780955,90194315471,ARGUMENT
30064780956,68719486171,ARGUMENT
30064780956,25769805336,ARGUMENT
30064780957,68719486172,ARGUMENT
30064780957,30064780958,ARGUMENT
30064780959,68719486174,ARGUMENT
30064780959,68719486175,ARGUMENT
30064780960,68719486173,ARGUMENT
30064780960,55834578470,ARGUMENT
30064780961,68719486177,ARGUMENT
30064780961,30064780963,ARGUMENT
30064780962,68719486176,ARGUMENT
30064780962,55834578471,ARGUMENT
30064780963,68719486178,ARGUMENT
30064780963,55834578472,ARGUMENT
30064780964,68719486180,ARGUMENT
30064780964,30064780966,ARGUMENT
30064780965,68719486179,ARGUMENT
30064780965,55834578473,ARGUMENT
30064780966,68719486181,ARGUMENT
30064780966,55834578474,ARGUMENT
30064780967,68719486183,ARGUMENT
30064780967,30064780969,ARGUMENT
30064780968,68719486182,ARGUMENT
30064780968,55834578475,ARGUMENT
30064780969,68719486184,ARGUMENT
30064780969,55834578476,ARGUMENT
30064780970,68719486186,ARGUMENT
30064780970,30064780972,ARGUMENT
30064780971,68719486185,ARGUMENT
30064780971,55834578477,ARGUMENT
30064780972,68719486187,ARGUMENT
30064780972,55834578478,ARGUMENT
30064780973,68719486189,ARGUMENT
30064780973,30064780975,ARGUMENT
30064780974,68719486188,ARGUMENT
30064780974,55834578479,ARGUMENT
30064780975,68719486190,ARGUMENT
30064780975,55834578480,ARGUMENT
30064780976,68719486192,ARGUMENT
30064780976,30064780978,ARGUMENT
30064780977,68719486191,ARGUMENT
30064780977,55834578481,ARGUMENT
30064780978,68719486193,ARGUMENT
30064780978,55834578482,ARGUMENT
30064780979,68719486195,ARGUMENT
30064780979,30064780980,ARGUMENT
30064780980,30064780981,ARGUMENT
30064780981,68719486197,ARGUMENT
30064780981,68719486198,ARGUMENT
30064780981,68719486199,ARGUMENT
30064780982,68719486196,ARGUMENT
30064780982,55834578483,ARGUMENT
30064780983,68719486201,ARGUMENT
30064780983,30064780985,ARGUMENT
30064780984,68719486200,ARGUMENT
30064780984,55834578484,ARGUMENT
30064780985,90194315472,ARGUMENT
30064780985,68719486202,ARGUMENT
30064780985,90194315473,ARGUMENT
30064780986,30064780987,ARGUMENT
30064780986,90194315474,ARGUMENT
30064780987,68719486203,ARGUMENT
30064780987,55834578485,ARGUMENT
30064780988,68719486204,ARGUMENT
30064780988,30064780989,ARGUMENT
30064780989,68719486206,ARGUMENT
30064780990,68719486208,ARGUMENT
30064780990,30064780992,ARGUMENT
30064780991,68719486207,ARGUMENT
30064780991,55834578486,ARGUMENT
30064780992,90194315475,ARGUMENT
30064780992,68719486209,ARGUMENT
30064780992,90194315476,ARGUMENT
30064780993,68719486210,ARGUMENT
30064780993,90194315477,ARGUMENT
30064780994,68719486211,ARGUMENT
30064780994,30064780995,ARGUMENT
30064780995,30064780996,ARGUMENT
30064780996,68719486213,ARGUMENT
30064780996,68719486214,ARGUMENT
30064780996,25769805338,ARGUMENT
30064780997,68719486212,ARGUMENT
30064780997,55834578487,ARGUMENT
30064780998,68719486215,ARGUMENT
30064780998,30064780999,ARGUMENT
30064781000,68719486217,ARGUMENT
30064781000,68719486218,ARGUMENT
30064781001,68719486216,ARGUMENT
30064781001,55834578488,ARGUMENT
30064781002,30064781003,ARGUMENT
30064781002,90194315478,ARGUMENT
30064781003,30064781004,ARGUMENT
30064781003,55834578490,ARGUMENT
30064781004,68719486220,ARGUMENT
30064781004,55834578489,ARGUMENT
30064781005,68719486222,ARGUMENT
30064781005,30064781007,ARGUMENT
30064781006,68719486221,ARGUMENT
30064781006,55834578491,ARGUMENT
30064781007,90194315479,ARGUMENT
30064781007,68719486223,ARGUMENT
30064781007,90194315480,ARGUMENT
30064781008,30064781009,ARGUMENT
30064781008,90194315482,ARGUMENT
30064781009,68719486224,ARGUMENT
30064781009,55834578492,ARGUMENT
30064781010,68719486227,ARGUMENT
30064781010,90194315483,ARGUMENT
30064781010,68719486228,ARGUMENT
30064781011,68719486226,ARGUMENT
30064781011,55834578493,ARGUMENT
30064781012,68719486229,ARGUMENT
30064781013,68719486230,ARGUMENT
30064781013,30064781014,ARGUMENT
30064781014,30064780948,ARGUMENT
30064781014,55834578494,ARGUMENT
30064781015,68719486233,ARGUMENT
30064781015,30064781016,ARGUMENT
30064781016,30064780949,ARGUMENT
30064781016,55834578495,ARGUMENT
30064781017,68719486236,ARGUMENT
30064781017,120259084532,ARGUMENT
30064781018,68719486237,ARGUMENT
30064781018,30064781019,ARGUMENT
30064781020,68719486239,ARGUMENT
30064781021,30064781022,ARGUMENT
30064781021,68719486242,ARGUMENT
30064781022,68719486241,ARGUMENT
30064781022,90194315486,ARGUMENT
30064781023,68719486358,ARGUMENT
30064781023,90194315520,ARGUMENT
30064781024,68719486361,ARGUMENT
30064781024,90194315521,ARGUMENT
30064781025,68719486364,ARGUMENT
30064781025,90194315522,ARGUMENT
30064781026,68719486367,ARGUMENT
30064781026,90194315523,ARGUMENT
30064781027,68719486370,ARGUMENT
30064781027,90194315524,ARGUMENT
30064781028,68719486244,ARGUMENT
30064781028,30064781030,ARGUMENT
30064781029,68719486243,ARGUMENT
30064781029,55834578496,ARGUMENT
30064781030,90194315487,ARGUMENT
30064781030,68719486245,ARGUMENT
30064781030,90194315488,ARGUMENT
30064781031,68719486247,ARGUMENT
30064781031,90194315489,ARGUMENT
30064781032,68719486246,ARGUMENT
30064781032,55834578497,ARGUMENT
30064781033,68719486248,ARGUMENT
30064781033,30064781034,ARGUMENT
30064781034,30064781035,ARGUMENT
30064781035,68719486250,ARGUMENT
30064781035,68719486251,ARGUMENT
30064781036,68719486249,ARGUMENT
30064781036,55834578498,ARGUMENT
30064781037,68719486253,ARGUMENT
30064781037,30064781039,ARGUMENT
30064781038,68719486252,ARGUMENT
30064781038,55834578499,ARGUMENT
30064781039,90194315490,ARGUMENT
30064781039,30064781040,ARGUMENT
30064781039,90194315491,ARGUMENT
30064781040,68719486254,ARGUMENT
30064781040,55834578500,ARGUMENT
30064781041,30064781042,ARGUMENT
30064781041,90194315492,ARGUMENT
30064781042,68719486255,ARGUMENT
30064781042,55834578501,ARGUMENT
30064781043,68719486256,ARGUMENT
30064781043,25769805350,ARGUMENT
30064781044,30064781045,ARGUMENT
30064781044,90194315493,ARGUMENT
30064781045,68719486257,ARGUMENT
30064781045,55834578502,ARGUMENT
30064781046,30064781047,ARGUMENT
30064781046,90194315494,ARGUMENT
30064781047,68719486258,ARGUMENT
30064781047,55834578503,ARGUMENT
30064781048,30064781049,ARGUMENT
30064781048,90194315495,ARGUMENT
30064781049,68719486259,ARGUMENT
30064781049,55834578504,ARGUMENT
30064781050,30064781051,ARGUMENT
30064781050,90194315496,ARGUMENT
30064781051,68719486260,ARGUMENT
30064781051,55834578505,ARGUMENT
30064781052,30064781053,ARGUMENT
30064781052,90194315497,ARGUMENT
30064781053,68719486261,ARGUMENT
30064781053,55834578506,ARGUMENT
30064781054,30064781055,ARGUMENT
30064781054,90194315498,ARGUMENT
30064781055,68719486262,ARGUMENT
30064781055,55834578507,ARGUMENT
30064781056,30064781057,ARGUMENT
30064781057,68719486265,ARGUMENT
30064781057,68719486266,ARGUMENT
30064781057,68719486267,ARGUMENT
30064781058,68719486264,ARGUMENT
30064781058,55834578508,ARGUMENT
30064781059,68719486270,ARGUMENT
30064781059,90194315499,ARGUMENT
30064781060,68719486269,ARGUMENT
30064781060,55834578509,ARGUMENT
30064781061,68719486271,ARGUMENT
30064781061,30064781062,ARGUMENT
30064781062,30064781063,ARGUMENT
30064781063,68719486273,ARGUMENT
30064781063,68719486274,ARGUMENT
30064781063,68719486275,ARGUMENT
30064781064,68719486272,ARGUMENT
30064781064,55834578510,ARGUMENT
30064781065,68719486277,ARGUMENT
30064781065,90194315500,ARGUMENT
30064781066,68719486276,ARGUMENT
30064781066,55834578511,ARGUMENT
30064781067,68719486278,ARGUMENT
30064781067,30064781068,ARGUMENT
30064781068,68719486280,ARGUMENT
30064781068,68719486281,ARGUMENT
30064781069,68719486279,ARGUMENT
30064781069,55834578512,ARGUMENT
30064781070,68719486283,ARGUMENT
30064781070,90194315501,ARGUMENT
30064781071,68719486282,ARGUMENT
30064781071,55834578513,ARGUMENT
30064781072,30064781073,ARGUMENT
30064781073,68719486285,ARGUMENT
30064781073,68719486286,ARGUMENT
30064781073,68719486287,ARGUMENT
30064781074,68719486284,ARGUMENT
30064781074,55834578514,ARGUMENT
30064781075,68719486289,ARGUMENT
30064781075,30064781077,ARGUMENT
30064781076,68719486288,ARGUMENT
30064781076,55834578515,ARGUMENT
30064781077,90194315502,ARGUMENT
30064781077,68719486290,ARGUMENT
30064781077,90194315503,ARGUMENT
30064781078,68719486294,ARGUMENT
30064781078,30064781080,ARGUMENT
30064781078,68719486296,ARGUMENT
30064781079,68719486293,ARGUMENT
30064781079,55834578516,ARGUMENT
30064781080,90194315504,ARGUMENT
30064781080,68719486295,ARGUMENT
30064781080,90194315505,ARGUMENT
30064781081,68719486297,ARGUMENT
30064781082,68719486298,ARGUMENT
30064781082,30064781083,ARGUMENT
30064781084,68719486299,ARGUMENT
30064781084,90194315506,ARGUMENT
30064781085,68719486300,ARGUMENT
30064781085,90194315507,ARGUMENT
30064781086,68719486302,ARGUMENT
30064781086,30064781087,ARGUMENT
30064781087,30064781088,ARGUMENT
30064781088,68719486304,ARGUMENT
30064781088,30064781090,ARGUMENT
30064781088,25769805356,ARGUMENT
30064781089,68719486303,ARGUMENT
30064781089,55834578517,ARGUMENT
30064781090,90194315508,ARGUMENT
30064781090,68719486305,ARGUMENT
30064781090,90194315509,ARGUMENT
30064781090,30064781091,ARGUMENT
30064781090,90194315510,ARGUMENT
30064781091,68719486306,ARGUMENT
30064781091,55834578518,ARGUMENT
30064781092,30064781093,ARGUMENT
30064781092,25769805357,ARGUMENT
30064781093,68719486307,ARGUMENT
30064781093,55834578519,ARGUMENT
30064781094,30064781095,ARGUMENT
30064781094,90194315511,ARGUMENT
30064781095,68719486308,ARGUMENT
30064781095,55834578520,ARGUMENT
30064781096,30064781097,ARGUMENT
30064781096,68719486310,ARGUMENT
30064781097,68719486309,ARGUMENT
30064781097,55834578521,ARGUMENT
30064781098,68719486313,ARGUMENT
30064781098,30064781099,ARGUMENT
30064781099,68719486314,ARGUMENT
30064781099,55834578522,ARGUMENT
30064781100,68719486315,ARGUMENT
30064781100,30064781101,ARGUMENT
30064781101,68719486317,ARGUMENT
30064781101,68719486318,ARGUMENT
30064781102,68719486316,ARGUMENT
30064781102,55834578523,ARGUMENT
30064781103,68719486319,ARGUMENT
30064781103,30064781104,ARGUMENT
30064781104,30064781105,ARGUMENT
30064781104,90194315512,ARGUMENT
30064781105,68719486320,ARGUMENT
30064781105,55834578524,ARGUMENT
30064781106,68719486321,ARGUMENT
30064781107,68719486323,ARGUMENT
30064781107,30064781109,ARGUMENT
30064781108,68719486322,ARGUMENT
30064781108,55834578525,ARGUMENT
30064781109,90194315513,ARGUMENT
30064781109,30064781110,ARGUMENT
30064781109,90194315514,ARGUMENT
30064781109,30064781111,ARGUMENT
30064781109,90194315515,ARGUMENT
30064781109,30064781112,ARGUMENT
30064781109,90194315516,ARGUMENT
30064781110,68719486324,ARGUMENT
30064781110,55834578526,ARGUMENT
30064781111,68719486325,ARGUMENT
30064781111,55834578527,ARGUMENT
30064781112,68719486326,ARGUMENT
30064781112,55834578528,ARGUMENT
30064781113,30064781114,ARGUMENT
30064781113,30064781115,ARGUMENT
30064781114,68719486327,ARGUMENT
30064781114,55834578529,ARGUMENT
30064781115,68719486328,ARGUMENT
30064781115,55834578530,ARGUMENT
30064781116,30064781117,ARGUMENT
30064781116,30064781118,ARGUMENT
30064781117,68719486329,ARGUMENT
30064781117,55834578531,ARGUMENT
30064781118,68719486330,ARGUMENT
30064781118,55834578532,ARGUMENT
30064781119,30064781120,ARGUMENT
30064781119,30064781121,ARGUMENT
30064781120,68719486331,ARGUMENT
30064781120,55834578533,ARGUMENT
30064781121,68719486332,ARGUMENT
30064781121,55834578534,ARGUMENT
30064781122,30064781123,ARGUMENT
30064781122,30064781124,ARGUMENT
30064781123,68719486333,ARGUMENT
30064781123,55834578535,ARGUMENT
30064781124,68719486334,ARGUMENT
30064781124,55834578536,ARGUMENT
30064781125,68719486338,ARGUMENT
30064781125,30064781127,ARGUMENT
30064781125,68719486340,ARGUMENT
30064781126,68719486337,ARGUMENT
30064781126,55834578537,ARGUMENT
30064781127,90194315517,ARGUMENT
30064781127,30064781128,ARGUMENT
30064781127,90194315518,ARGUMENT
30064781128,68719486339,ARGUMENT
30064781128,55834578538,ARGUMENT
30064781129,30064781130,ARGUMENT
30064781129,30064781131,ARGUMENT
30064781130,68719486341,ARGUMENT
30064781130,55834578539,ARGUMENT
30064781131,68719486342,ARGUMENT
30064781131,55834578540,ARGUMENT
30064781132,30064781133,ARGUMENT
30064781132,30064781134,ARGUMENT
30064781133,68719486343,ARGUMENT
30064781133,55834578541,ARGUMENT
30064781134,68719486344,ARGUMENT
30064781134,55834578542,ARGUMENT
30064781135,30064781136,ARGUMENT
30064781135,90194315519,ARGUMENT
30064781136,68719486345,ARGUMENT
30064781136,55834578543,ARGUMENT
30064781137,30064781138,ARGUMENT
30064781137,30064781139,ARGUMENT
30064781138,68719486346,ARGUMENT
30064781138,55834578544,ARGUMENT
30064781139,68719486347,ARGUMENT
30064781139,55834578545,ARGUMENT
30064781140,68719486349,ARGUMENT
30064781140,30064781141,ARGUMENT
30064781141,68719486351,ARGUMENT
30064781142,68719486350,ARGUMENT
30064781142,55834578546,ARGUMENT
30064781143,68719486352,ARGUMENT
30064781143,30064781144,ARGUMENT
30064781144,30064781145,ARGUMENT
30064781145,30064781146,ARGUMENT
30064781146,68719486354,ARGUMENT
30064781146,120259084533,ARGUMENT
30064781147,68719486353,ARGUMENT
30064781147,55834578547,ARGUMENT
30064781148,68719486356,ARGUMENT
30064781148,30064781023,ARGUMENT
30064781149,68719486359,ARGUMENT
30064781149,30064781024,ARGUMENT
30064781150,68719486362,ARGUMENT
30064781150,30064781025,ARGUMENT
30064781151,68719486365,ARGUMENT
30064781151,30064781026,ARGUMENT
30064781152,68719486368,ARGUMENT
30064781152,30064781153,ARGUMENT
30064781153,30064781027,ARGUMENT
30064781153,55834578548,ARGUMENT
30064781154,68719486371,ARGUMENT
30064781154,120259084534,ARGUMENT
30064781155,68719486372,ARGUMENT
30064781155,30064781156,ARGUMENT
30064781157,68719486374,ARGUMENT
30064781158,30064781159,ARGUMENT
30064781158,68719486377,ARGUMENT
30064781159,68719486376,ARGUMENT
30064781159,90194315525,ARGUMENT
30064781160,68719486614,ARGUMENT
30064781160,90194315576,ARGUMENT
30064781161,68719486617,ARGUMENT
30064781161,90194315577,ARGUMENT
30064781162,68719486378,ARGUMENT
30064781162,30064781163,ARGUMENT
30064781163,68719486379,ARGUMENT
30064781163,55834578549,ARGUMENT
30064781164,68719486380,ARGUMENT
30064781164,30064781165,ARGUMENT
30064781165,68719486381,ARGUMENT
30064781165,55834578550,ARGUMENT
30064781166,68719486382,ARGUMENT
30064781166,30064781167,ARGUMENT
30064781167,68719486384,ARGUMENT
30064781167,68719486385,ARGUMENT
30064781168,68719486383,ARGUMENT
30064781168,55834578551,ARGUMENT
30064781169,68719486386,ARGUMENT
30064781169,30064781170,ARGUMENT
30064781170,68719486388,ARGUMENT
30064781170,30064781172,ARGUMENT
30064781170,30064781173,ARGUMENT
30064781171,68719486387,ARGUMENT
30064781171,55834578552,ARGUMENT
30064781172,68719486389,ARGUMENT
30064781172,55834578553,ARGUMENT
30064781173,68719486390,ARGUMENT
30064781173,55834578554,ARGUMENT
30064781174,68719486391,ARGUMENT
30064781174,30064781175,ARGUMENT
30064781175,68719486393,ARGUMENT
30064781175,30064781177,ARGUMENT
30064781175,30064781178,ARGUMENT
30064781176,68719486392,ARGUMENT
30064781176,55834578555,ARGUMENT
30064781177,68719486394,ARGUMENT
30064781177,55834578556,ARGUMENT
30064781178,68719486395,ARGUMENT
30064781178,55834578557,ARGUMENT
30064781179,68719486396,ARGUMENT
30064781179,30064781180,ARGUMENT
30064781180,68719486397,ARGUMENT
30064781180,55834578558,ARGUMENT
30064781181,68719486398,ARGUMENT
30064781181,30064781182,ARGUMENT
30064781182,68719486399,ARGUMENT
30064781182,55834578559,ARGUMENT
30064781183,68719486400,ARGUMENT
30064781183,30064781184,ARGUMENT
30064781184,68719486401,ARGUMENT
30064781184,68719486402,ARGUMENT
30064781185,68719486403,ARGUMENT
30064781185,30064781186,ARGUMENT
30064781186,68719486405,ARGUMENT
30064781186,68719486406,ARGUMENT
30064781187,68719486404,ARGUMENT
30064781187,55834578560,ARGUMENT
30064781188,68719486407,ARGUMENT
30064781188,30064781189,ARGUMENT
30064781189,68719486409,ARGUMENT
30064781189,30064781191,ARGUMENT
30064781189,30064781192,ARGUMENT
30064781190,68719486408,ARGUMENT
30064781190,55834578561,ARGUMENT
30064781191,68719486410,ARGUMENT
30064781191,55834578562,ARGUMENT
30064781192,68719486411,ARGUMENT
30064781192,55834578563,ARGUMENT
30064781193,68719486412,ARGUMENT
30064781193,30064781194,ARGUMENT
30064781194,68719486414,ARGUMENT
30064781194,68719486415,ARGUMENT
30064781194,68719486416,ARGUMENT
30064781195,68719486413,ARGUMENT
30064781195,55834578564,ARGUMENT
30064781196,68719486417,ARGUMENT
30064781196,30064781197,ARGUMENT
30064781197,68719486419,ARGUMENT
30064781197,68719486420,ARGUMENT
30064781198,68719486418,ARGUMENT
30064781198,55834578565,ARGUMENT
30064781199,68719486421,ARGUMENT
30064781199,30064781200,ARGUMENT
30064781200,68719486423,ARGUMENT
30064781200,30064781202,ARGUMENT
30064781201,68719486422,ARGUMENT
30064781201,55834578566,ARGUMENT
30064781202,68719486424,ARGUMENT
30064781202,55834578567,ARGUMENT
30064781203,68719486425,ARGUMENT
30064781203,30064781204,ARGUMENT
30064781204,68719486427,ARGUMENT
30064781204,30064781206,ARGUMENT
30064781205,68719486426,ARGUMENT
30064781205,55834578568,ARGUMENT
30064781206,68719486428,ARGUMENT
30064781206,55834578569,ARGUMENT
30064781207,68719486429,ARGUMENT
30064781207,30064781208,ARGUMENT
30064781208,68719486431,ARGUMENT
30064781208,30064781210,ARGUMENT
30064781209,68719486430,ARGUMENT
30064781209,55834578570,ARGUMENT
30064781210,68719486432,ARGUMENT
30064781210,55834578571,ARGUMENT
30064781211,30064781212,ARGUMENT
30064781211,68719486434,ARGUMENT
30064781212,68719486433,ARGUMENT
30064781212,55834578572,ARGUMENT
30064781213,30064781214,ARGUMENT
30064781213,68719486436,ARGUMENT
30064781214,68719486435,ARGUMENT
30064781214,55834578573,ARGUMENT
30064781215,30064781216,ARGUMENT
30064781215,68719486438,ARGUMENT
30064781216,68719486437,ARGUMENT
30064781216,55834578574,ARGUMENT
30064781217,30064781218,ARGUMENT
30064781217,68719486440,ARGUMENT
30064781218,68719486439,ARGUMENT
30064781218,55834578575,ARGUMENT
30064781219,30064781220,ARGUMENT
30064781219,30064781221,ARGUMENT
30064781220,68719486441,ARGUMENT
30064781220,55834578576,ARGUMENT
30064781221,68719486442,ARGUMENT
30064781221,55834578577,ARGUMENT
30064781222,30064781223,ARGUMENT
30064781222,30064781224,ARGUMENT
30064781223,68719486443,ARGUMENT
30064781223,55834578578,ARGUMENT
30064781224,68719486444,ARGUMENT
30064781224,55834578579,ARGUMENT
30064781225,30064781226,ARGUMENT
30064781225,30064781227,ARGUMENT
30064781226,68719486445,ARGUMENT
30064781226,55834578580,ARGUMENT
30064781227,68719486446,ARGUMENT
30064781227,55834578581,ARGUMENT
30064781228,30064781229,ARGUMENT
30064781228,30064781230,ARGUMENT
30064781229,68719486447,ARGUMENT
30064781229,55834578582,ARGUMENT
30064781230,68719486448,ARGUMENT
30064781230,55834578583,ARGUMENT
30064781231,30064781232,ARGUMENT
30064781231,30064781233,ARGUMENT
30064781232,68719486449,ARGUMENT
30064781232,55834578584,ARGUMENT
30064781233,68719486450,ARGUMENT
30064781233,55834578585,ARGUMENT
30064781234,30064781235,ARGUMENT
30064781234,30064781236,ARGUMENT
30064781235,68719486451,ARGUMENT
30064781235,55834578586,ARGUMENT
30064781236,68719486452,ARGUMENT
30064781236,55834578587,ARGUMENT
30064781237,30064781238,ARGUMENT
30064781237,30064781239,ARGUMENT
30064781238,68719486453,ARGUMENT
30064781238,55834578588,ARGUMENT
30064781239,68719486454,ARGUMENT
30064781239,55834578589,ARGUMENT
30064781240,30064781241,ARGUMENT
30064781240,30064781242,ARGUMENT
30064781241,68719486455,ARGUMENT
30064781241,55834578590,ARGUMENT
30064781242,68719486456,ARGUMENT
30064781242,55834578591,ARGUMENT
30064781243,30064781244,ARGUMENT
30064781243,30064781245,ARGUMENT
30064781244,68719486457,ARGUMENT
30064781244,55834578592,ARGUMENT
30064781245,68719486458,ARGUMENT
30064781245,55834578593,ARGUMENT
30064781246,30064781247,ARGUMENT
30064781246,30064781248,ARGUMENT
30064781247,68719486459,ARGUMENT
30064781247,55834578594,ARGUMENT
30064781248,68719486460,ARGUMENT
30064781248,55834578595,ARGUMENT
30064781249,30064781250,ARGUMENT
30064781249,68719486462,ARGUMENT
30064781250,68719486461,ARGUMENT
30064781250,55834578596,ARGUMENT
30064781251,30064781252,ARGUMENT
30064781251,68719486464,ARGUMENT
30064781252,68719486463,ARGUMENT
30064781252,55834578597,ARGUMENT
30064781253,30064781254,ARGUMENT
30064781253,68719486466,ARGUMENT
30064781254,68719486465,ARGUMENT
30064781254,55834578598,ARGUMENT
30064781255,30064781256,ARGUMENT
30064781255,30064781257,ARGUMENT
30064781256,68719486467,ARGUMENT
30064781256,55834578599,ARGUMENT
30064781257,68719486468,ARGUMENT
30064781257,55834578600,ARGUMENT
30064781258,30064781259,ARGUMENT
30064781258,30064781260,ARGUMENT
30064781259,68719486469,ARGUMENT
30064781259,55834578601,ARGUMENT
30064781260,68719486470,ARGUMENT
30064781260,55834578602,ARGUMENT
30064781261,30064781262,ARGUMENT
30064781261,30064781263,ARGUMENT
30064781262,68719486471,ARGUMENT
30064781262,55834578603,ARGUMENT
30064781263,68719486472,ARGUMENT
30064781263,55834578604,ARGUMENT
30064781264,30064781265,ARGUMENT
30064781264,30064781266,ARGUMENT
30064781265,68719486473,ARGUMENT
30064781265,55834578605,ARGUMENT
30064781266,68719486474,ARGUMENT
30064781266,55834578606,ARGUMENT
30064781267,30064781268,ARGUMENT
30064781267,30064781269,ARGUMENT
30064781268,68719486475,ARGUMENT
30064781268,55834578607,ARGUMENT
30064781269,68719486476,ARGUMENT
30064781269,55834578608,ARGUMENT
30064781270,30064781271,ARGUMENT
30064781270,68719486478,ARGUMENT
30064781271,68719486477,ARGUMENT
30064781271,55834578609,ARGUMENT
30064781272,30064781273,ARGUMENT
30064781272,68719486480,ARGUMENT
30064781273,68719486479,ARGUMENT
30064781273,55834578610,ARGUMENT
30064781274,30064781275,ARGUMENT
30064781274,68719486482,ARGUMENT
30064781275,68719486481,ARGUMENT
30064781275,55834578611,ARGUMENT
30064781276,30064781277,ARGUMENT
30064781276,68719486484,ARGUMENT
30064781277,68719486483,ARGUMENT
30064781277,55834578612,ARGUMENT
30064781278,30064781279,ARGUMENT
30064781278,68719486486,ARGUMENT
30064781279,68719486485,ARGUMENT
30064781279,55834578613,ARGUMENT
30064781280,30064781281,ARGUMENT
30064781280,30064781282,ARGUMENT
30064781281,68719486488,ARGUMENT
30064781281,55834578614,ARGUMENT
30064781282,68719486489,ARGUMENT
30064781282,55834578615,ARGUMENT
30064781283,68719486490,ARGUMENT
30064781283,30064781284,ARGUMENT
30064781284,30064781285,ARGUMENT
30064781284,30064781292,ARGUMENT
30064781285,68719486497,ARGUMENT
30064781286,30064781287,ARGUMENT
30064781286,55834578617,ARGUMENT
30064781287,68719486491,ARGUMENT
30064781287,25769805371,ARGUMENT
30064781288,68719486492,ARGUMENT
30064781288,30064781289,ARGUMENT
30064781290,68719486494,ARGUMENT
30064781290,30064781291,ARGUMENT
30064781291,68719486495,ARGUMENT
30064781291,55834578616,ARGUMENT
30064781292,68719486504,ARGUMENT
30064781293,30064781294,ARGUMENT
30064781293,55834578619,ARGUMENT
30064781294,68719486498,ARGUMENT
30064781294,25769805372,ARGUMENT
30064781295,68719486499,ARGUMENT
30064781295,30064781296,ARGUMENT
30064781297,68719486501,ARGUMENT
30064781297,30064781298,ARGUMENT
30064781298,68719486502,ARGUMENT
30064781298,55834578618,ARGUMENT
30064781299,68719486505,ARGUMENT
30064781299,30064781300,ARGUMENT
30064781300,68719486506,ARGUMENT
30064781300,30064781301,ARGUMENT
30064781301,30064781302,ARGUMENT
30064781301,90194315528,ARGUMENT
30064781302,90194315526,ARGUMENT
30064781302,90194315527,ARGUMENT
30064781303,68719486507,ARGUMENT
30064781304,68719486508,ARGUMENT
30064781304,90194315529,ARGUMENT
30064781305,68719486509,ARGUMENT
30064781305,90194315530,ARGUMENT
30064781306,68719486511,ARGUMENT
30064781306,120259084535,ARGUMENT
30064781307,68719486510,ARGUMENT
30064781307,55834578620,ARGUMENT
30064781308,68719486512,ARGUMENT
30064781308,30064781309,ARGUMENT
30064781309,30064781310,ARGUMENT
30064781309,30064781311,ARGUMENT
30064781309,90194315532,ARGUMENT
30064781310,68719486513,ARGUMENT
30064781310,90194315531,ARGUMENT
30064781311,68719486514,ARGUMENT
30064781311,68719486515,ARGUMENT
30064781312,68719486516,ARGUMENT
30064781312,30064781313,ARGUMENT
30064781313,68719486517,ARGUMENT
30064781313,90194315533,ARGUMENT
30064781314,30064781315,ARGUMENT
30064781314,30064781316,ARGUMENT
30064781315,68719486518,ARGUMENT
30064781315,55834578621,ARGUMENT
30064781316,30064781317,ARGUMENT
30064781317,68719486520,ARGUMENT
30064781317,90194315534,ARGUMENT
30064781318,68719486519,ARGUMENT
30064781318,55834578622,ARGUMENT
30064781319,30064781320,ARGUMENT
30064781319,68719486522,ARGUMENT
30064781320,68719486521,ARGUMENT
30064781320,55834578623,ARGUMENT
30064781321,30064781322,ARGUMENT
30064781321,30064781323,ARGUMENT
30064781322,68719486523,ARGUMENT
30064781322,55834578624,ARGUMENT
30064781323,30064781324,ARGUMENT
30064781324,68719486525,ARGUMENT
30064781324,90194315535,ARGUMENT
30064781325,68719486524,ARGUMENT
30064781325,55834578625,ARGUMENT
30064781326,30064781327,ARGUMENT
30064781326,30064781328,ARGUMENT
30064781327,68719486526,ARGUMENT
30064781327,55834578626,ARGUMENT
30064781328,30064781329,ARGUMENT
30064781329,68719486528,ARGUMENT
30064781329,90194315536,ARGUMENT
30064781330,68719486527,ARGUMENT
30064781330,55834578627,ARGUMENT
30064781331,68719486530,ARGUMENT
30064781331,30064781332,ARGUMENT
30064781332,30064781333,ARGUMENT
30064781332,30064781334,ARGUMENT
30064781332,90194315538,ARGUMENT
30064781333,68719486531,ARGUMENT
30064781333,90194315537,ARGUMENT
30064781334,68719486532,ARGUMENT
30064781334,68719486533,ARGUMENT
30064781335,30064781336,ARGUMENT
30064781335,68719486535,ARGUMENT
30064781336,68719486534,ARGUMENT
30064781336,55834578628,ARGUMENT
30064781337,30064781338,ARGUMENT
30064781337,68719486537,ARGUMENT
30064781338,68719486536,ARGUMENT
30064781338,55834578629,ARGUMENT
30064781339,30064781340,ARGUMENT
30064781339,30064781341,ARGUMENT
30064781340,68719486538,ARGUMENT
30064781340,55834578630,ARGUMENT
30064781341,30064781342,ARGUMENT
30064781342,68719486540,ARGUMENT
30064781342,90194315539,ARGUMENT
30064781343,68719486539,ARGUMENT
30064781343,55834578631,ARGUMENT
30064781344,68719486542,ARGUMENT
30064781344,30064781345,ARGUMENT
30064781345,30064781346,ARGUMENT
30064781345,30064781347,ARGUMENT
30064781345,90194315542,ARGUMENT
30064781346,68719486543,ARGUMENT
30064781346,90194315540,ARGUMENT
30064781347,30064781348,ARGUMENT
30064781347,90194315541,ARGUMENT
30064781348,68719486544,ARGUMENT
30064781348,68719486545,ARGUMENT
30064781349,30064781350,ARGUMENT
30064781349,68719486547,ARGUMENT
30064781350,68719486546,ARGUMENT
30064781350,55834578632,ARGUMENT
30064781351,30064781352,ARGUMENT
30064781351,68719486549,ARGUMENT
30064781352,68719486548,ARGUMENT
30064781352,55834578633,ARGUMENT
30064781353,30064781354,ARGUMENT
30064781353,30064781355,ARGUMENT
30064781354,68719486550,ARGUMENT
30064781354,55834578634,ARGUMENT
30064781355,30064781356,ARGUMENT
30064781356,68719486552,ARGUMENT
30064781356,90194315543,ARGUMENT
30064781357,68719486551,ARGUMENT
30064781357,55834578635,ARGUMENT
30064781358,68719486554,ARGUMENT
30064781358,55834578636,ARGUMENT
30064781359,68719486555,ARGUMENT
30064781359,25769805382,ARGUMENT
30064781360,68719486556,ARGUMENT
30064781360,30064781361,ARGUMENT
30064781362,68719486558,ARGUMENT
30064781362,30064781363,ARGUMENT
30064781363,68719486559,ARGUMENT
30064781363,55834578637,ARGUMENT
30064781364,68719486561,ARGUMENT
30064781364,68719486562,ARGUMENT
30064781365,68719486563,ARGUMENT
30064781366,68719486564,ARGUMENT
30064781366,25769805380,ARGUMENT
30064781367,68719486565,ARGUMENT
30064781367,30064781368,ARGUMENT
30064781369,68719486567,ARGUMENT
30064781370,68719486570,ARGUMENT
30064781370,30064781372,ARGUMENT
30064781371,68719486569,ARGUMENT
30064781371,55834578638,ARGUMENT
30064781372,30064781373,ARGUMENT
30064781372,90194315544,ARGUMENT
30064781373,68719486572,ARGUMENT
30064781374,68719486571,ARGUMENT
30064781374,55834578639,ARGUMENT
30064781375,68719486573,ARGUMENT
30064781375,90194315545,ARGUMENT
30064781376,68719486575,ARGUMENT
30064781376,120259084536,ARGUMENT
30064781377,68719486574,ARGUMENT
30064781377,55834578640,ARGUMENT
30064781378,68719486576,ARGUMENT
30064781378,30064781379,ARGUMENT
30064781379,30064781380,ARGUMENT
30064781379,30064781382,ARGUMENT
30064781379,90194315548,ARGUMENT
30064781380,30064781381,ARGUMENT
30064781380,90194315546,ARGUMENT
30064781381,68719486577,ARGUMENT
30064781381,55834578641,ARGUMENT
30064781382,30064781383,ARGUMENT
30064781382,90194315547,ARGUMENT
30064781383,68719486578,ARGUMENT
30064781383,30064781384,ARGUMENT
30064781384,68719486579,ARGUMENT
30064781384,55834578642,ARGUMENT
30064781385,30064781386,ARGUMENT
30064781385,68719486581,ARGUMENT
30064781386,68719486580,ARGUMENT
30064781386,55834578643,ARGUMENT
30064781387,30064781388,ARGUMENT
30064781387,30064781389,ARGUMENT
30064781388,68719486582,ARGUMENT
30064781388,55834578644,ARGUMENT
30064781389,30064781390,ARGUMENT
30064781390,68719486584,ARGUMENT
30064781390,90194315549,ARGUMENT
30064781391,68719486583,ARGUMENT
30064781391,55834578645,ARGUMENT
30064781392,68719486586,ARGUMENT
30064781392,30064781393,ARGUMENT
30064781393,30064781394,ARGUMENT
30064781393,30064781395,ARGUMENT
30064781393,90194315551,ARGUMENT
30064781394,68719486587,ARGUMENT
30064781394,90194315550,ARGUMENT
30064781395,68719486588,ARGUMENT
30064781395,68719486589,ARGUMENT
30064781396,30064781397,ARGUMENT
30064781396,68719486591,ARGUMENT
30064781397,68719486590,ARGUMENT
30064781397,55834578646,ARGUMENT
30064781398,30064781399,ARGUMENT
30064781398,68719486593,ARGUMENT
30064781399,68719486592,ARGUMENT
30064781399,55834578647,ARGUMENT
30064781400,30064781401,ARGUMENT
30064781400,30064781402,ARGUMENT
30064781401,68719486594,ARGUMENT
30064781401,55834578648,ARGUMENT
30064781402,30064781403,ARGUMENT
30064781403,68719486596,ARGUMENT
30064781403,90194315552,ARGUMENT
30064781404,68719486595,ARGUMENT
30064781404,55834578649,ARGUMENT
30064781405,68719486598,ARGUMENT
30064781405,90194315553,ARGUMENT
30064781406,68719486599,ARGUMENT
30064781406,90194315555,ARGUMENT
30064781407,68719486600,ARGUMENT
30064781407,90194315558,ARGUMENT
30064781408,68719486601,ARGUMENT
30064781408,90194315560,ARGUMENT
30064781409,68719486602,ARGUMENT
30064781409,90194315563,ARGUMENT
30064781410,68719486603,ARGUMENT
30064781410,90194315565,ARGUMENT
30064781411,68719486604,ARGUMENT
30064781411,90194315568,ARGUMENT
30064781412,68719486605,ARGUMENT
30064781412,30064781413,ARGUMENT
30064781413,68719486606,ARGUMENT
30064781413,68719486607,ARGUMENT
30064781414,30064781415,ARGUMENT
30064781415,68719486609,ARGUMENT
30064781415,90194315570,ARGUMENT
30064781416,68719486608,ARGUMENT
30064781416,55834578650,ARGUMENT
30064781417,68719486610,ARGUMENT
30064781417,90194315571,ARGUMENT
30064781418,68719486611,ARGUMENT
30064781418,90194315573,ARGUMENT
30064781419,68719486612,ARGUMENT
30064781419,30064781420,ARGUMENT
30064781420,30064781160,ARGUMENT
30064781420,55834578651,ARGUMENT
30064781421,68719486615,ARGUMENT
30064781421,30064781422,ARGUMENT
30064781422,30064781161,ARGUMENT
30064781422,55834578652,ARGUMENT
30064781423,68719486618,ARGUMENT
30064781423,120259084537,ARGUMENT
30064781424,68719486619,ARGUMENT
30064781424,30064781425,ARGUMENT
30064781426,68719486621,ARGUMENT
30064781427,30064781428,ARGUMENT
30064781427,68719486624,ARGUMENT
30064781428,68719486623,ARGUMENT
30064781428,90194315578,ARGUMENT
30064781429,68719486947,ARGUMENT
30064781429,90194315621,ARGUMENT
30064781430,68719486950,ARGUMENT
30064781430,90194315622,ARGUMENT
30064781431,68719486953,ARGUMENT
30064781431,90194315623,ARGUMENT
30064781432,68719486956,ARGUMENT
30064781432,90194315624,ARGUMENT
30064781433,68719486959,ARGUMENT
30064781433,90194315625,ARGUMENT
30064781434,68719486625,ARGUMENT
30064781434,90194315579,ARGUMENT
30064781435,68719486626,ARGUMENT
30064781435,25769805400,ARGUMENT
30064781436,68719486627,ARGUMENT
30064781436,30064781437,ARGUMENT
30064781438,68719486629,ARGUMENT
30064781438,68719486630,ARGUMENT
30064781439,68719486628,ARGUMENT
30064781439,55834578653,ARGUMENT
30064781440,68719486632,ARGUMENT
30064781440,30064781442,ARGUMENT
30064781441,68719486631,ARGUMENT
30064781441,55834578654,ARGUMENT
30064781442,68719486633,ARGUMENT
30064781442,55834578655,ARGUMENT
30064781443,68719486635,ARGUMENT
30064781443,30064781445,ARGUMENT
30064781444,68719486634,ARGUMENT
30064781444,55834578656,ARGUMENT
30064781445,68719486636,ARGUMENT
30064781445,55834578657,ARGUMENT
30064781446,68719486638,ARGUMENT
30064781446,30064781448,ARGUMENT
30064781447,68719486637,ARGUMENT
30064781447,55834578658,ARGUMENT
30064781448,68719486639,ARGUMENT
30064781448,55834578659,ARGUMENT
30064781449,68719486641,ARGUMENT
30064781449,30064781451,ARGUMENT
30064781450,68719486640,ARGUMENT
30064781450,55834578660,ARGUMENT
30064781451,68719486642,ARGUMENT
30064781451,55834578661,ARGUMENT
30064781452,68719486644,ARGUMENT
30064781452,30064781454,ARGUMENT
30064781453,68719486643,ARGUMENT
30064781453,55834578662,ARGUMENT
30064781454,68719486645,ARGUMENT
30064781454,55834578663,ARGUMENT
30064781455,68719486647,ARGUMENT
30064781455,30064781457,ARGUMENT
30064781456,68719486646,ARGUMENT
30064781456,55834578664,ARGUMENT
30064781457,68719486648,ARGUMENT
30064781457,55834578665,ARGUMENT
30064781458,68719486650,ARGUMENT
30064781458,30064781460,ARGUMENT
30064781459,68719486649,ARGUMENT
30064781459,55834578666,ARGUMENT
30064781460,68719486651,ARGUMENT
30064781460,55834578667,ARGUMENT
30064781461,68719486653,ARGUMENT
30064781461,30064781463,ARGUMENT
30064781462,68719486652,ARGUMENT
30064781462,55834578668,ARGUMENT
30064781463,68719486654,ARGUMENT
30064781463,55834578669,ARGUMENT
30064781464,68719486656,ARGUMENT
30064781464,30064781466,ARGUMENT
30064781465,68719486655,ARGUMENT
30064781465,55834578670,ARGUMENT
30064781466,68719486657,ARGUMENT
30064781466,55834578671,ARGUMENT
30064781467,68719486659,ARGUMENT
30064781467,30064781469,ARGUMENT
30064781468,68719486658,ARGUMENT
30064781468,55834578672,ARGUMENT
30064781469,68719486660,ARGUMENT
30064781469,55834578673,ARGUMENT
30064781470,68719486662,ARGUMENT
30064781470,30064781472,ARGUMENT
30064781471,68719486661,ARGUMENT
30064781471,55834578674,ARGUMENT
30064781472,68719486663,ARGUMENT
30064781472,55834578675,ARGUMENT
30064781473,68719486665,ARGUMENT
30064781473,30064781475,ARGUMENT
30064781474,68719486664,ARGUMENT
30064781474,55834578676,ARGUMENT
30064781475,68719486666,ARGUMENT
30064781475,55834578677,ARGUMENT
30064781476,68719486668,ARGUMENT
30064781476,30064781478,ARGUMENT
30064781477,68719486667,ARGUMENT
30064781477,55834578678,ARGUMENT
30064781478,68719486669,ARGUMENT
30064781478,55834578679,ARGUMENT
30064781479,68719486671,ARGUMENT
30064781479,30064781481,ARGUMENT
30064781480,68719486670,ARGUMENT
30064781480,55834578680,ARGUMENT
30064781481,68719486672,ARGUMENT
30064781481,55834578681,ARGUMENT
30064781482,68719486674,ARGUMENT
30064781482,30064781484,ARGUMENT
30064781483,68719486673,ARGUMENT
30064781483,55834578682,ARGUMENT
30064781484,68719486675,ARGUMENT
30064781484,55834578683,ARGUMENT
30064781485,68719486677,ARGUMENT
30064781485,30064781487,ARGUMENT
30064781486,68719486676,ARGUMENT
30064781486,55834578684,ARGUMENT
30064781487,68719486678,ARGUMENT
30064781487,55834578685,ARGUMENT
30064781488,68719486680,ARGUMENT
30064781488,30064781490,ARGUMENT
30064781489,68719486679,ARGUMENT
30064781489,55834578686,ARGUMENT
30064781490,68719486681,ARGUMENT
30064781490,55834578687,ARGUMENT
30064781491,68719486683,ARGUMENT
30064781491,30064781493,ARGUMENT
30064781492,68719486682,ARGUMENT
30064781492,55834578688,ARGUMENT
30064781493,68719486684,ARGUMENT
30064781493,55834578689,ARGUMENT
30064781494,68719486686,ARGUMENT
30064781494,30064781496,ARGUMENT
30064781495,68719486685,ARGUMENT
30064781495,55834578690,ARGUMENT
30064781496,68719486687,ARGUMENT
30064781496,55834578691,ARGUMENT
30064781497,68719486689,ARGUMENT
30064781497,30064781499,ARGUMENT
30064781498,68719486688,ARGUMENT
30064781498,55834578692,ARGUMENT
30064781499,68719486690,ARGUMENT
30064781499,55834578693,ARGUMENT
30064781500,68719486692,ARGUMENT
30064781500,30064781502,ARGUMENT
30064781501,68719486691,ARGUMENT
30064781501,55834578694,ARGUMENT
30064781502,68719486693,ARGUMENT
30064781502,55834578695,ARGUMENT
30064781503,68719486695,ARGUMENT
30064781503,30064781505,ARGUMENT
30064781504,68719486694,ARGUMENT
30064781504,55834578696,ARGUMENT
30064781505,68719486696,ARGUMENT
30064781505,55834578697,ARGUMENT
30064781506,68719486698,ARGUMENT
30064781506,30064781508,ARGUMENT
30064781507,68719486697,ARGUMENT
30064781507,55834578698,ARGUMENT
30064781508,68719486699,ARGUMENT
30064781508,55834578699,ARGUMENT
30064781509,68719486701,ARGUMENT
30064781509,30064781511,ARGUMENT
30064781510,68719486700,ARGUMENT
30064781510,55834578700,ARGUMENT
30064781511,68719486702,ARGUMENT
30064781511,55834578701,ARGUMENT
30064781512,68719486704,ARGUMENT
30064781512,30064781514,ARGUMENT
30064781513,68719486703,ARGUMENT
30064781513,55834578702,ARGUMENT
30064781514,68719486705,ARGUMENT
30064781514,55834578703,ARGUMENT
30064781515,68719486707,ARGUMENT
30064781515,30064781517,ARGUMENT
30064781516,68719486706,ARGUMENT
30064781516,55834578704,ARGUMENT
30064781517,68719486708,ARGUMENT
30064781517,55834578705,ARGUMENT
30064781518,68719486710,ARGUMENT
30064781518,30064781520,ARGUMENT
30064781519,68719486709,ARGUMENT
30064781519,55834578706,ARGUMENT
30064781520,68719486711,ARGUMENT
30064781520,55834578707,ARGUMENT
30064781521,68719486713,ARGUMENT
30064781521,30064781522,ARGUMENT
30064781522,30064781523,ARGUMENT
30064781523,68719486717,ARGUMENT
30064781523,68719486718,ARGUMENT
30064781523,68719486719,ARGUMENT
30064781524,30064781525,ARGUMENT
30064781524,55834578708,ARGUMENT
30064781525,68719486714,ARGUMENT
30064781525,30064781526,ARGUMENT
30064781526,68719486716,ARGUMENT
30064781527,68719486721,ARGUMENT
30064781527,30064781529,ARGUMENT
30064781528,68719486720,ARGUMENT
30064781528,55834578709,ARGUMENT
30064781529,90194315580,ARGUMENT
30064781529,68719486722,ARGUMENT
30064781529,90194315581,ARGUMENT
30064781530,30064781531,ARGUMENT
30064781530,90194315582,ARGUMENT
30064781531,68719486723,ARGUMENT
30064781531,55834578710,ARGUMENT
30064781532,68719486726,ARGUMENT
30064781532,90194315583,ARGUMENT
30064781532,68719486727,ARGUMENT
30064781533,68719486725,ARGUMENT
30064781533,55834578711,ARGUMENT
30064781534,68719486728,ARGUMENT
30064781535,68719486729,ARGUMENT
30064781535,30064781536,ARGUMENT
30064781536,30064781537,ARGUMENT
30064781537,68719486731,ARGUMENT
30064781537,68719486732,ARGUMENT
30064781538,68719486730,ARGUMENT
30064781538,55834578712,ARGUMENT
30064781539,68719486733,ARGUMENT
30064781540,25769805404,ARGUMENT
30064781541,68719486734,ARGUMENT
30064781541,30064781542,ARGUMENT
30064781543,68719486736,ARGUMENT
30064781543,90194315584,ARGUMENT
30064781544,68719486738,ARGUMENT
30064781544,30064781545,ARGUMENT
30064781545,68719486740,ARGUMENT
30064781545,25769805405,ARGUMENT
30064781546,30064781547,ARGUMENT
30064781546,30064781548,ARGUMENT
30064781547,68719486741,ARGUMENT
30064781547,55834578713,ARGUMENT
30064781548,68719486742,ARGUMENT
30064781548,55834578714,ARGUMENT
30064781549,30064781550,ARGUMENT
30064781549,30064781551,ARGUMENT
30064781550,68719486743,ARGUMENT
30064781550,55834578715,ARGUMENT
30064781551,68719486744,ARGUMENT
30064781551,55834578716,ARGUMENT
30064781552,30064781553,ARGUMENT
30064781552,30064781554,ARGUMENT
30064781553,68719486745,ARGUMENT
30064781553,55834578717,ARGUMENT
30064781554,68719486746,ARGUMENT
30064781554,55834578718,ARGUMENT
30064781555,30064781556,ARGUMENT
30064781555,30064781557,ARGUMENT
30064781556,68719486747,ARGUMENT
30064781556,55834578719,ARGUMENT
30064781557,68719486748,ARGUMENT
30064781557,55834578720,ARGUMENT
30064781558,68719486750,ARGUMENT
30064781558,90194315585,ARGUMENT
30064781559,68719486751,ARGUMENT
30064781559,25769805406,ARGUMENT
30064781560,68719486752,ARGUMENT
30064781560,30064781561,ARGUMENT
30064781562,68719486754,ARGUMENT
30064781562,68719486755,ARGUMENT
30064781563,68719486753,ARGUMENT
30064781563,55834578721,ARGUMENT
30064781564,68719486757,ARGUMENT
30064781564,30064781566,ARGUMENT
30064781565,68719486756,ARGUMENT
30064781565,55834578722,ARGUMENT
30064781566,68719486758,ARGUMENT
30064781566,55834578723,ARGUMENT
30064781567,68719486760,ARGUMENT
30064781567,30064781569,ARGUMENT
30064781568,68719486759,ARGUMENT
30064781568,55834578724,ARGUMENT
30064781569,68719486761,ARGUMENT
30064781569,55834578725,ARGUMENT
30064781570,68719486763,ARGUMENT
30064781570,30064781572,ARGUMENT
30064781571,68719486762,ARGUMENT
30064781571,55834578726,ARGUMENT
30064781572,68719486764,ARGUMENT
30064781572,55834578727,ARGUMENT
30064781573,68719486766,ARGUMENT
30064781573,30064781575,ARGUMENT
30064781574,68719486765,ARGUMENT
30064781574,55834578728,ARGUMENT
30064781575,68719486767,ARGUMENT
30064781575,55834578729,ARGUMENT
30064781576,68719486769,ARGUMENT
30064781576,30064781578,ARGUMENT
30064781577,68719486768,ARGUMENT
30064781577,55834578730,ARGUMENT
30064781578,68719486770,ARGUMENT
30064781578,55834578731,ARGUMENT
30064781579,68719486772,ARGUMENT
30064781579,30064781581,ARGUMENT
30064781580,68719486771,ARGUMENT
30064781580,55834578732,ARGUMENT
30064781581,68719486773,ARGUMENT
30064781581,55834578733,ARGUMENT
30064781582,68719486775,ARGUMENT
30064781582,30064781584,ARGUMENT
30064781583,68719486774,ARGUMENT
30064781583,55834578734,ARGUMENT
30064781584,68719486776,ARGUMENT
30064781584,55834578735,ARGUMENT
30064781585,68719486778,ARGUMENT
30064781585,30064781587,ARGUMENT
30064781586,68719486777,ARGUMENT
30064781586,55834578736,ARGUMENT
30064781587,68719486779,ARGUMENT
30064781587,55834578737,ARGUMENT
30064781588,68719486781,ARGUMENT
30064781588,30064781590,ARGUMENT
30064781589,68719486780,ARGUMENT
30064781589,55834578738,ARGUMENT
30064781590,68719486782,ARGUMENT
30064781590,55834578739,ARGUMENT
30064781591,68719486784,ARGUMENT
30064781591,30064781593,ARGUMENT
30064781592,68719486783,ARGUMENT
30064781592,55834578740,ARGUMENT
30064781593,68719486785,ARGUMENT
30064781593,55834578741,ARGUMENT
30064781594,68719486787,ARGUMENT
30064781594,30064781596,ARGUMENT
30064781595,68719486786,ARGUMENT
30064781595,55834578742,ARGUMENT
30064781596,68719486788,ARGUMENT
30064781596,55834578743,ARGUMENT
30064781597,68719486790,ARGUMENT
30064781597,68719486791,ARGUMENT
30064781598,68719486789,ARGUMENT
30064781598,55834578744,ARGUMENT
30064781599,68719486793,ARGUMENT
30064781599,30064781600,ARGUMENT
30064781600,30064781601,ARGUMENT
30064781601,68719486797,ARGUMENT
30064781601,68719486798,ARGUMENT
30064781601,68719486799,ARGUMENT
30064781602,30064781603,ARGUMENT
30064781602,55834578745,ARGUMENT
30064781603,68719486794,ARGUMENT
30064781603,30064781604,ARGUMENT
30064781604,68719486796,ARGUMENT
30064781605,68719486801,ARGUMENT
30064781605,30064781607,ARGUMENT
30064781606,68719486800,ARGUMENT
30064781606,55834578746,ARGUMENT
30064781607,90194315586,ARGUMENT
30064781607,68719486802,ARGUMENT
30064781607,90194315587,ARGUMENT
30064781607,68719486803,ARGUMENT
30064781607,90194315588,ARGUMENT
30064781608,30064781609,ARGUMENT
30064781608,90194315589,ARGUMENT
30064781609,68719486804,ARGUMENT
30064781609,55834578747,ARGUMENT
30064781610,68719486807,ARGUMENT
30064781610,90194315590,ARGUMENT
30064781610,68719486808,ARGUMENT
30064781611,68719486806,ARGUMENT
30064781611,55834578748,ARGUMENT
30064781612,68719486809,ARGUMENT
30064781613,68719486810,ARGUMENT
30064781613,90194315591,ARGUMENT
30064781614,68719486811,ARGUMENT
30064781614,30064781615,ARGUMENT
30064781615,30064781616,ARGUMENT
30064781616,68719486815,ARGUMENT
30064781616,68719486816,ARGUMENT
30064781616,25769805411,ARGUMENT
30064781617,30064781618,ARGUMENT
30064781617,55834578749,ARGUMENT
30064781618,68719486812,ARGUMENT
30064781618,30064781619,ARGUMENT
30064781619,68719486814,ARGUMENT
30064781620,68719486817,ARGUMENT
30064781620,30064781621,ARGUMENT
30064781622,68719486819,ARGUMENT
30064781622,68719486820,ARGUMENT
30064781623,68719486818,ARGUMENT
30064781623,55834578750,ARGUMENT
30064781624,30064781625,ARGUMENT
30064781624,90194315593,ARGUMENT
30064781625,30064781626,ARGUMENT
30064781625,90194315592,ARGUMENT
30064781626,68719486822,ARGUMENT
30064781626,55834578751,ARGUMENT
30064781627,68719486825,ARGUMENT
30064781627,90194315594,ARGUMENT
30064781627,68719486826,ARGUMENT
30064781628,68719486824,ARGUMENT
30064781628,55834578752,ARGUMENT
30064781629,68719486827,ARGUMENT
30064781630,68719486828,ARGUMENT
30064781630,30064781631,ARGUMENT
30064781631,30064781632,ARGUMENT
30064781631,90194315595,ARGUMENT
30064781631,68719486830,ARGUMENT
30064781632,68719486829,ARGUMENT
30064781632,30064781633,ARGUMENT
30064781634,68719486831,ARGUMENT
30064781634,30064781635,ARGUMENT
30064781635,90194315596,ARGUMENT
30064781635,68719486832,ARGUMENT
30064781635,90194315597,ARGUMENT
30064781636,68719486833,ARGUMENT
30064781636,30064781637,ARGUMENT
30064781637,30064781638,ARGUMENT
30064781638,68719486837,ARGUMENT
30064781638,68719486838,ARGUMENT
30064781638,25769805415,ARGUMENT
30064781639,30064781640,ARGUMENT
30064781639,55834578753,ARGUMENT
30064781640,68719486834,ARGUMENT
30064781640,30064781641,ARGUMENT
30064781641,68719486836,ARGUMENT
30064781642,68719486839,ARGUMENT
30064781642,30064781643,ARGUMENT
30064781644,68719486841,ARGUMENT
30064781644,68719486842,ARGUMENT
30064781645,68719486840,ARGUMENT
30064781645,55834578754,ARGUMENT
30064781646,68719486844,ARGUMENT
30064781646,55834578755,ARGUMENT
30064781647,68719486847,ARGUMENT
30064781647,90194315598,ARGUMENT
30064781647,68719486848,ARGUMENT
30064781648,68719486846,ARGUMENT
30064781648,55834578756,ARGUMENT
30064781649,68719486849,ARGUMENT
30064781650,68719486850,ARGUMENT
30064781650,30064781651,ARGUMENT
30064781651,30064781652,ARGUMENT
30064781652,68719486852,ARGUMENT
30064781652,68719486853,ARGUMENT
30064781653,68719486851,ARGUMENT
30064781653,55834578757,ARGUMENT
30064781654,68719486854,ARGUMENT
30064781655,68719486855,ARGUMENT
30064781655,90194315600,ARGUMENT
30064781656,68719486856,ARGUMENT
30064781656,30064781657,ARGUMENT
30064781657,30064781658,ARGUMENT
30064781658,68719486860,ARGUMENT
30064781658,68719486861,ARGUMENT
30064781658,25769805419,ARGUMENT
30064781659,30064781660,ARGUMENT
30064781659,55834578758,ARGUMENT
30064781660,68719486857,ARGUMENT
30064781660,30064781661,ARGUMENT
30064781661,68719486859,ARGUMENT
30064781662,68719486862,ARGUMENT
30064781662,30064781663,ARGUMENT
30064781664,68719486864,ARGUMENT
30064781664,68719486865,ARGUMENT
30064781665,68719486863,ARGUMENT
30064781665,55834578759,ARGUMENT
30064781666,68719486867,ARGUMENT
30064781666,30064781667,ARGUMENT
30064781667,30064781668,ARGUMENT
30064781667,90194315601,ARGUMENT
30064781668,68719486868,ARGUMENT
30064781668,55834578760,ARGUMENT
30064781669,68719486869,ARGUMENT
30064781670,30064781671,ARGUMENT
30064781670,90194315602,ARGUMENT
30064781671,68719486870,ARGUMENT
30064781671,55834578761,ARGUMENT
30064781672,30064781673,ARGUMENT
30064781672,90194315603,ARGUMENT
30064781673,68719486871,ARGUMENT
30064781673,55834578762,ARGUMENT
30064781674,30064781675,ARGUMENT
30064781674,90194315604,ARGUMENT
30064781675,68719486872,ARGUMENT
30064781675,55834578763,ARGUMENT
30064781676,30064781677,ARGUMENT
30064781676,90194315605,ARGUMENT
30064781677,68719486873,ARGUMENT
30064781677,55834578764,ARGUMENT
30064781678,30064781679,ARGUMENT
30064781678,90194315606,ARGUMENT
30064781679,68719486874,ARGUMENT
30064781679,55834578765,ARGUMENT
30064781680,30064781681,ARGUMENT
30064781680,90194315607,ARGUMENT
30064781681,68719486876,ARGUMENT
30064781681,55834578766,ARGUMENT
30064781682,30064781683,ARGUMENT
30064781682,30064781684,ARGUMENT
30064781683,68719486877,ARGUMENT
30064781683,55834578767,ARGUMENT
30064781684,68719486879,ARGUMENT
30064781684,30064781686,ARGUMENT
30064781684,30064781687,ARGUMENT
30064781685,68719486878,ARGUMENT
30064781685,55834578768,ARGUMENT
30064781686,68719486880,ARGUMENT
30064781686,55834578769,ARGUMENT
30064781687,68719486881,ARGUMENT
30064781687,55834578770,ARGUMENT
30064781688,30064781689,ARGUMENT
30064781688,30064781690,ARGUMENT
30064781689,68719486882,ARGUMENT
30064781689,55834578771,ARGUMENT
30064781690,68719486884,ARGUMENT
30064781690,30064781692,ARGUMENT
30064781690,30064781693,ARGUMENT
30064781691,68719486883,ARGUMENT
30064781691,55834578772,ARGUMENT
30064781692,68719486885,ARGUMENT
30064781692,55834578773,ARGUMENT
30064781693,68719486886,ARGUMENT
30064781693,55834578774,ARGUMENT
30064781694,30064781695,ARGUMENT
30064781694,30064781696,ARGUMENT
30064781695,68719486887,ARGUMENT
30064781695,55834578775,ARGUMENT
30064781696,68719486889,ARGUMENT
30064781696,30064781698,ARGUMENT
30064781696,30064781699,ARGUMENT
30064781697,68719486888,ARGUMENT
30064781697,55834578776,ARGUMENT
30064781698,68719486890,ARGUMENT
30064781698,55834578777,ARGUMENT
30064781699,68719486891,ARGUMENT
30064781699,55834578778,ARGUMENT
30064781700,30064781701,ARGUMENT
30064781700,30064781702,ARGUMENT
30064781701,68719486892,ARGUMENT
30064781701,55834578779,ARGUMENT
30064781702,68719486894,ARGUMENT
30064781702,30064781704,ARGUMENT
30064781702,30064781705,ARGUMENT
30064781703,68719486893,ARGUMENT
30064781703,55834578780,ARGUMENT
30064781704,68719486895,ARGUMENT
30064781704,55834578781,ARGUMENT
30064781705,68719486896,ARGUMENT
30064781705,55834578782,ARGUMENT
30064781706,68719486900,ARGUMENT
30064781706,90194315608,ARGUMENT
30064781706,68719486901,ARGUMENT
30064781707,68719486899,ARGUMENT
30064781707,55834578783,ARGUMENT
30064781708,68719486902,ARGUMENT
30064781709,68719486903,ARGUMENT
30064781709,90194315609,ARGUMENT
30064781710,30064781711,ARGUMENT
30064781710,90194315611,ARGUMENT
30064781710,90194315612,ARGUMENT
30064781711,68719486904,ARGUMENT
30064781711,90194315610,ARGUMENT
30064781712,30064781713,ARGUMENT
30064781713,68719486909,ARGUMENT
30064781713,90194315614,ARGUMENT
30064781714,30064781715,ARGUMENT
30064781714,55834578784,ARGUMENT
30064781715,68719486905,ARGUMENT
30064781715,30064781716,ARGUMENT
30064781716,30064781717,ARGUMENT
30064781716,90194315613,ARGUMENT
30064781717,30064781718,ARGUMENT
30064781717,68719486908,ARGUMENT
30064781718,68719486906,ARGUMENT
30064781718,68719486907,ARGUMENT
30064781719,68719486910,ARGUMENT
30064781719,90194315615,ARGUMENT
30064781720,68719486911,ARGUMENT
30064781720,30064781721,ARGUMENT
30064781721,30064781722,ARGUMENT
30064781722,68719486915,ARGUMENT
30064781722,68719486916,ARGUMENT
30064781722,25769805428,ARGUMENT
30064781723,30064781724,ARGUMENT
30064781723,55834578785,ARGUMENT
30064781724,68719486912,ARGUMENT
30064781724,30064781725,ARGUMENT
30064781725,68719486914,ARGUMENT
30064781726,68719486917,ARGUMENT
30064781726,30064781727,ARGUMENT
30064781728,68719486919,ARGUMENT
30064781728,68719486920,ARGUMENT
30064781729,68719486918,ARGUMENT
30064781729,55834578786,ARGUMENT
30064781730,68719486922,ARGUMENT
30064781730,55834578787,ARGUMENT
30064781731,68719486925,ARGUMENT
30064781731,90194315616,ARGUMENT
30064781731,68719486926,ARGUMENT
30064781732,68719486924,ARGUMENT
30064781732,55834578788,ARGUMENT
30064781733,68719486927,ARGUMENT
30064781734,30064781735,ARGUMENT
30064781735,68719486931,ARGUMENT
30064781735,90194315617,ARGUMENT
30064781735,25769805431,ARGUMENT
30064781736,30064781737,ARGUMENT
30064781736,55834578789,ARGUMENT
30064781737,68719486928,ARGUMENT
30064781737,30064781738,ARGUMENT
30064781738,68719486930,ARGUMENT
30064781739,68719486932,ARGUMENT
30064781739,30064781740,ARGUMENT
30064781741,68719486934,ARGUMENT
30064781741,68719486935,ARGUMENT
30064781742,68719486933,ARGUMENT
30064781742,55834578790,ARGUMENT
30064781743,68719486938,ARGUMENT
30064781743,30064781745,ARGUMENT
30064781744,68719486937,ARGUMENT
30064781744,55834578791,ARGUMENT
30064781745,90194315618,ARGUMENT
30064781745,68719486939,ARGUMENT
30064781745,90194315619,ARGUMENT
30064781746,68719486942,ARGUMENT
30064781746,90194315620,ARGUMENT
30064781746,68719486943,ARGUMENT
30064781747,68719486941,ARGUMENT
30064781747,55834578792,ARGUMENT
30064781748,68719486944,ARGUMENT
30064781749,68719486945,ARGUMENT
30064781749,30064781750,ARGUMENT
30064781750,30064781429,ARGUMENT
30064781750,55834578793,ARGUMENT
30064781751,68719486948,ARGUMENT
30064781751,30064781752,ARGUMENT
30064781752,30064781430,ARGUMENT
30064781752,55834578794,ARGUMENT
30064781753,68719486951,ARGUMENT
30064781753,30064781754,ARGUMENT
30064781754,30064781431,ARGUMENT
30064781754,55834578795,ARGUMENT
30064781755,68719486954,ARGUMENT
30064781755,30064781756,ARGUMENT
30064781756,30064781432,ARGUMENT
30064781756,55834578796,ARGUMENT
30064781757,68719486957,ARGUMENT
30064781757,30064781758,ARGUMENT
30064781758,30064781433,ARGUMENT
30064781758,55834578797,ARGUMENT
30064781759,68719486960,ARGUMENT
30064781759,120259084538,ARGUMENT
30064781760,68719486961,ARGUMENT
30064781760,30064781761,ARGUMENT
30064781762,68719486963,ARGUMENT
30064781763,30064781764,ARGUMENT
30064781763,68719486966,ARGUMENT
30064781764,68719486965,ARGUMENT
30064781764,90194315626,ARGUMENT
30064781765,68719487261,ARGUMENT
30064781765,90194315685,ARGUMENT
30064781766,68719487264,ARGUMENT
30064781766,90194315686,ARGUMENT
30064781767,68719487267,ARGUMENT
30064781767,90194315687,ARGUMENT
30064781768,68719487270,ARGUMENT
30064781768,90194315688,ARGUMENT
30064781769,68719486968,ARGUMENT
30064781769,30064781771,ARGUMENT
30064781770,68719486967,ARGUMENT
30064781770,55834578798,ARGUMENT
30064781771,90194315627,ARGUMENT
30064781771,68719486969,ARGUMENT
30064781771,90194315628,ARGUMENT
30064781772,68719486971,ARGUMENT
30064781772,90194315629,ARGUMENT
30064781773,68719486970,ARGUMENT
30064781773,55834578799,ARGUMENT
30064781774,68719486972,ARGUMENT
30064781774,30064781775,ARGUMENT
30064781775,30064781776,ARGUMENT
30064781776,68719486974,ARGUMENT
30064781776,68719486975,ARGUMENT
30064781777,68719486973,ARGUMENT
30064781777,55834578800,ARGUMENT
30064781778,68719486977,ARGUMENT
30064781778,90194315630,ARGUMENT
30064781779,68719486976,ARGUMENT
30064781779,55834578801,ARGUMENT
30064781780,68719486979,ARGUMENT
30064781780,90194315631,ARGUMENT
30064781781,68719486978,ARGUMENT
30064781781,55834578802,ARGUMENT
30064781782,68719486980,ARGUMENT
30064781782,30064781783,ARGUMENT
30064781783,68719486982,ARGUMENT
30064781783,68719486983,ARGUMENT
30064781783,30064781785,ARGUMENT
30064781783,30064781786,ARGUMENT
30064781783,30064781787,ARGUMENT
30064781783,30064781788,ARGUMENT
30064781783,30064781789,ARGUMENT
30064781783,30064781790,ARGUMENT
30064781783,30064781791,ARGUMENT
30064781783,30064781792,ARGUMENT
30064781783,30064781793,ARGUMENT
30064781783,30064781794,ARGUMENT
30064781783,30064781795,ARGUMENT
30064781784,68719486981,ARGUMENT
30064781784,55834578803,ARGUMENT
30064781785,68719486984,ARGUMENT
30064781785,55834578804,ARGUMENT
30064781786,68719486985,ARGUMENT
30064781786,55834578805,ARGUMENT
30064781787,68719486986,ARGUMENT
30064781787,55834578806,ARGUMENT
30064781788,68719486987,ARGUMENT
30064781788,55834578807,ARGUMENT
30064781789,68719486988,ARGUMENT
30064781789,55834578808,ARGUMENT
30064781790,68719486989,ARGUMENT
30064781790,55834578809,ARGUMENT
30064781791,68719486990,ARGUMENT
30064781791,55834578810,ARGUMENT
30064781792,68719486991,ARGUMENT
30064781792,55834578811,ARGUMENT
30064781793,68719486992,ARGUMENT
30064781793,55834578812,ARGUMENT
30064781794,68719486993,ARGUMENT
30064781794,55834578813,ARGUMENT
30064781795,68719486994,ARGUMENT
30064781795,55834578814,ARGUMENT
30064781796,68719486996,ARGUMENT
30064781796,90194315632,ARGUMENT
30064781797,68719486995,ARGUMENT
30064781797,55834578815,ARGUMENT
30064781798,68719486997,ARGUMENT
30064781798,30064781799,ARGUMENT
30064781799,30064781800,ARGUMENT
30064781800,68719486999,ARGUMENT
30064781800,68719487000,ARGUMENT
30064781800,68719487001,ARGUMENT
30064781801,68719486998,ARGUMENT
30064781801,55834578816,ARGUMENT
30064781802,68719487003,ARGUMENT
30064781802,90194315633,ARGUMENT
30064781803,68719487002,ARGUMENT
30064781803,55834578817,ARGUMENT
30064781804,30064781805,ARGUMENT
30064781805,68719487005,ARGUMENT
30064781805,68719487006,ARGUMENT
30064781806,68719487004,ARGUMENT
30064781806,55834578818,ARGUMENT
30064781807,68719487008,ARGUMENT
30064781807,30064781809,ARGUMENT
30064781808,68719487007,ARGUMENT
30064781808,55834578819,ARGUMENT
30064781809,90194315634,ARGUMENT
30064781809,68719487009,ARGUMENT
30064781809,90194315635,ARGUMENT
30064781810,68719487013,ARGUMENT
30064781810,30064781812,ARGUMENT
30064781810,68719487015,ARGUMENT
30064781811,68719487012,ARGUMENT
30064781811,55834578820,ARGUMENT
30064781812,90194315636,ARGUMENT
30064781812,68719487014,ARGUMENT
30064781812,90194315637,ARGUMENT
30064781813,68719487016,ARGUMENT
30064781814,68719487017,ARGUMENT
30064781814,25769805445,ARGUMENT
30064781815,68719487018,ARGUMENT
30064781815,30064781816,ARGUMENT
30064781817,68719487020,ARGUMENT
30064781818,68719487023,ARGUMENT
30064781818,30064781820,ARGUMENT
30064781819,68719487022,ARGUMENT
30064781819,55834578821,ARGUMENT
30064781820,30064781821,ARGUMENT
30064781820,90194315638,ARGUMENT
30064781821,68719487025,ARGUMENT
30064781822,68719487024,ARGUMENT
30064781822,55834578822,ARGUMENT
30064781823,68719487026,ARGUMENT
30064781823,30064781824,ARGUMENT
30064781824,68719487028,ARGUMENT
30064781825,68719487027,ARGUMENT
30064781825,55834578823,ARGUMENT
30064781826,68719487029,ARGUMENT
30064781826,25769805446,ARGUMENT
30064781827,68719487030,ARGUMENT
30064781827,30064781828,ARGUMENT
30064781829,68719487032,ARGUMENT
30064781830,68719487035,ARGUMENT
30064781830,30064781832,ARGUMENT
30064781831,68719487034,ARGUMENT
30064781831,55834578824,ARGUMENT
30064781832,30064781833,ARGUMENT
30064781832,90194315639,ARGUMENT
30064781833,68719487037,ARGUMENT
30064781834,68719487036,ARGUMENT
30064781834,55834578825,ARGUMENT
30064781835,68719487038,ARGUMENT
30064781835,30064781836,ARGUMENT
30064781836,68719487040,ARGUMENT
30064781837,68719487039,ARGUMENT
30064781837,55834578826,ARGUMENT
30064781838,68719487042,ARGUMENT
30064781838,90194315640,ARGUMENT
30064781839,68719487041,ARGUMENT
30064781839,55834578827,ARGUMENT
30064781840,68719487043,ARGUMENT
30064781840,30064781841,ARGUMENT
30064781841,30064781842,ARGUMENT
30064781842,68719487045,ARGUMENT
30064781842,68719487046,ARGUMENT
30064781842,90194315641,ARGUMENT
30064781843,68719487044,ARGUMENT
30064781843,55834578828,ARGUMENT
30064781844,68719487047,ARGUMENT
30064781844,30064781845,ARGUMENT
30064781845,30064781846,ARGUMENT
30064781846,68719487049,ARGUMENT
30064781846,68719487050,ARGUMENT
30064781846,90194315642,ARGUMENT
30064781847,68719487048,ARGUMENT
30064781847,55834578829,ARGUMENT
30064781848,68719487052,ARGUMENT
30064781848,30064781850,ARGUMENT
30064781849,68719487051,ARGUMENT
30064781849,55834578830,ARGUMENT
30064781850,90194315643,ARGUMENT
30064781850,68719487053,ARGUMENT
30064781850,90194315644,ARGUMENT
30064781850,68719487054,ARGUMENT
30064781850,90194315645,ARGUMENT
30064781851,68719487055,ARGUMENT
30064781851,68719487056,ARGUMENT
30064781852,68719487057,ARGUMENT
30064781852,68719487058,ARGUMENT
30064781853,68719487060,ARGUMENT
30064781853,90194315646,ARGUMENT
30064781854,68719487059,ARGUMENT
30064781854,55834578831,ARGUMENT
30064781855,68719487061,ARGUMENT
30064781855,30064781856,ARGUMENT
30064781856,30064781857,ARGUMENT
30064781857,25769805447,ARGUMENT
30064781858,68719487062,ARGUMENT
30064781858,30064781859,ARGUMENT
30064781860,68719487064,ARGUMENT
30064781860,30064781862,ARGUMENT
30064781861,68719487063,ARGUMENT
30064781861,55834578832,ARGUMENT
30064781862,68719487066,ARGUMENT
30064781862,68719487067,ARGUMENT
30064781862,90194315647,ARGUMENT
30064781863,68719487065,ARGUMENT
30064781863,55834578833,ARGUMENT
30064781864,68719487069,ARGUMENT
30064781864,30064781866,ARGUMENT
30064781865,68719487068,ARGUMENT
30064781865,55834578834,ARGUMENT
30064781866,68719487071,ARGUMENT
30064781866,68719487072,ARGUMENT
30064781866,68719487073,ARGUMENT
30064781866,90194315648,ARGUMENT
30064781867,68719487070,ARGUMENT
30064781867,55834578835,ARGUMENT
30064781868,68719487075,ARGUMENT
30064781868,30064781870,ARGUMENT
30064781869,68719487074,ARGUMENT
30064781869,55834578836,ARGUMENT
30064781870,68719487077,ARGUMENT
30064781870,68719487078,ARGUMENT
30064781870,68719487079,ARGUMENT
30064781870,90194315649,ARGUMENT
30064781871,68719487076,ARGUMENT
30064781871,55834578837,ARGUMENT
30064781872,68719487081,ARGUMENT
30064781872,30064781874,ARGUMENT
30064781873,68719487080,ARGUMENT
30064781873,55834578838,ARGUMENT
30064781874,68719487083,ARGUMENT
30064781874,68719487084,ARGUMENT
30064781874,68719487085,ARGUMENT
30064781874,90194315650,ARGUMENT
30064781875,68719487082,ARGUMENT
30064781875,55834578839,ARGUMENT
30064781876,68719487087,ARGUMENT
30064781876,30064781878,ARGUMENT
30064781877,68719487086,ARGUMENT
30064781877,55834578840,ARGUMENT
30064781878,68719487089,ARGUMENT
30064781878,68719487090,ARGUMENT
30064781878,68719487091,ARGUMENT
30064781878,90194315651,ARGUMENT
30064781879,68719487088,ARGUMENT
30064781879,55834578841,ARGUMENT
30064781880,68719487093,ARGUMENT
30064781880,30064781882,ARGUMENT
30064781881,68719487092,ARGUMENT
30064781881,55834578842,ARGUMENT
30064781882,68719487095,ARGUMENT
30064781882,68719487096,ARGUMENT
30064781882,68719487097,ARGUMENT
30064781882,90194315652,ARGUMENT
30064781883,68719487094,ARGUMENT
30064781883,55834578843,ARGUMENT
30064781884,68719487099,ARGUMENT
30064781884,30064781885,ARGUMENT
30064781885,68719487100,ARGUMENT
30064781885,90194315653,ARGUMENT
30064781886,68719487101,ARGUMENT
30064781886,30064781887,ARGUMENT
30064781887,68719487102,ARGUMENT
30064781887,90194315654,ARGUMENT
30064781888,68719487103,ARGUMENT
30064781888,30064781889,ARGUMENT
30064781889,68719487104,ARGUMENT
30064781889,90194315655,ARGUMENT
30064781890,68719487105,ARGUMENT
30064781890,30064781891,ARGUMENT
30064781891,68719487106,ARGUMENT
30064781891,90194315656,ARGUMENT
30064781892,68719487107,ARGUMENT
30064781892,30064781893,ARGUMENT
30064781893,68719487108,ARGUMENT
30064781893,90194315657,ARGUMENT
30064781894,68719487109,ARGUMENT
30064781894,30064781895,ARGUMENT
30064781895,68719487110,ARGUMENT
30064781895,90194315658,ARGUMENT
30064781896,68719487113,ARGUMENT
30064781896,30064781898,ARGUMENT
30064781897,68719487112,ARGUMENT
30064781897,55834578844,ARGUMENT
30064781898,90194315659,ARGUMENT
30064781898,30064781899,ARGUMENT
30064781898,90194315660,ARGUMENT
30064781898,30064781900,ARGUMENT
30064781898,90194315661,ARGUMENT
30064781898,30064781901,ARGUMENT
30064781898,90194315662,ARGUMENT
30064781899,68719487114,ARGUMENT
30064781899,55834578845,ARGUMENT
30064781900,68719487115,ARGUMENT
30064781900,55834578846,ARGUMENT
30064781901,68719487116,ARGUMENT
30064781901,55834578847,ARGUMENT
30064781902,68719487118,ARGUMENT
30064781902,90194315663,ARGUMENT
30064781903,68719487117,ARGUMENT
30064781903,55834578848,ARGUMENT
30064781904,68719487119,ARGUMENT
30064781904,30064781905,ARGUMENT
30064781905,30064781906,ARGUMENT
30064781906,68719487121,ARGUMENT
30064781906,68719487122,ARGUMENT
30064781906,30064781908,ARGUMENT
30064781907,68719487120,ARGUMENT
30064781907,55834578849,ARGUMENT
30064781908,68719487124,ARGUMENT
30064781908,90194315664,ARGUMENT
30064781908,90194315665,ARGUMENT
30064781909,68719487123,ARGUMENT
30064781909,55834578850,ARGUMENT
30064781910,68719487126,ARGUMENT
30064781910,90194315666,ARGUMENT
30064781911,68719487125,ARGUMENT
30064781911,55834578851,ARGUMENT
30064781912,68719487127,ARGUMENT
30064781912,30064781913,ARGUMENT
30064781913,68719487129,ARGUMENT
30064781913,30064781915,ARGUMENT
30064781914,68719487128,ARGUMENT
30064781914,55834578852,ARGUMENT
30064781915,68719487131,ARGUMENT
30064781915,90194315667,ARGUMENT
30064781915,90194315668,ARGUMENT
30064781916,68719487130,ARGUMENT
30064781916,55834578853,ARGUMENT
30064781917,68719487133,ARGUMENT
30064781917,90194315669,ARGUMENT
30064781918,68719487132,ARGUMENT
30064781918,55834578854,ARGUMENT
30064781919,68719487134,ARGUMENT
30064781919,30064781920,ARGUMENT
30064781920,68719487136,ARGUMENT
30064781920,30064781922,ARGUMENT
30064781921,68719487135,ARGUMENT
30064781921,55834578855,ARGUMENT
30064781922,68719487138,ARGUMENT
30064781922,90194315670,ARGUMENT
30064781922,90194315671,ARGUMENT
30064781923,68719487137,ARGUMENT
30064781923,55834578856,ARGUMENT
30064781924,30064781925,ARGUMENT
30064781924,68719487140,ARGUMENT
30064781925,68719487139,ARGUMENT
30064781925,55834578857,ARGUMENT
30064781926,30064781927,ARGUMENT
30064781926,68719487142,ARGUMENT
30064781927,68719487141,ARGUMENT
30064781927,55834578858,ARGUMENT
30064781928,30064781929,ARGUMENT
30064781928,68719487144,ARGUMENT
30064781929,68719487143,ARGUMENT
30064781929,55834578859,ARGUMENT
30064781930,30064781931,ARGUMENT
30064781930,68719487146,ARGUMENT
30064781931,68719487145,ARGUMENT
30064781931,55834578860,ARGUMENT
30064781932,30064781933,ARGUMENT
30064781932,68719487148,ARGUMENT
30064781933,68719487147,ARGUMENT
30064781933,55834578861,ARGUMENT
30064781934,30064781935,ARGUMENT
30064781934,68719487150,ARGUMENT
30064781935,68719487149,ARGUMENT
30064781935,55834578862,ARGUMENT
30064781936,30064781937,ARGUMENT
30064781936,68719487152,ARGUMENT
30064781937,68719487151,ARGUMENT
30064781937,55834578863,ARGUMENT
30064781938,30064781939,ARGUMENT
30064781938,68719487154,ARGUMENT
30064781939,68719487153,ARGUMENT
30064781939,55834578864,ARGUMENT
30064781940,30064781941,ARGUMENT
30064781940,68719487156,ARGUMENT
30064781941,68719487155,ARGUMENT
30064781941,55834578865,ARGUMENT
30064781942,30064781943,ARGUMENT
30064781942,68719487158,ARGUMENT
30064781943,68719487157,ARGUMENT
30064781943,55834578866,ARGUMENT
30064781944,30064781945,ARGUMENT
30064781944,68719487160,ARGUMENT
30064781945,68719487159,ARGUMENT
30064781945,55834578867,ARGUMENT
30064781946,68719487162,ARGUMENT
30064781946,30064781947,ARGUMENT
30064781947,68719487164,ARGUMENT
30064781948,68719487163,ARGUMENT
30064781948,55834578868,ARGUMENT
30064781949,30064781950,ARGUMENT
30064781950,68719487165,ARGUMENT
30064781950,55834578869,ARGUMENT
30064781951,68719487167,ARGUMENT
30064781951,68719487168,ARGUMENT
30064781951,90194315672,ARGUMENT
30064781952,68719487169,ARGUMENT
30064781952,90194315673,ARGUMENT
30064781953,68719487170,ARGUMENT
30064781953,30064781954,ARGUMENT
30064781954,68719487171,ARGUMENT
30064781954,55834578870,ARGUMENT
30064781955,68719487172,ARGUMENT
30064781955,30064781956,ARGUMENT
30064781956,68719487173,ARGUMENT
30064781957,30064781958,ARGUMENT
30064781958,30064781946,ARGUMENT
30064781958,55834578871,ARGUMENT
30064781959,68719487176,ARGUMENT
30064781959,30064781960,ARGUMENT
30064781960,68719487177,ARGUMENT
30064781960,55834578872,ARGUMENT
30064781961,68719487178,ARGUMENT
30064781961,30064781962,ARGUMENT
30064781962,30064781963,ARGUMENT
30064781963,68719487180,ARGUMENT
30064781963,68719487181,ARGUMENT
30064781963,30064781965,ARGUMENT
30064781964,68719487179,ARGUMENT
30064781964,55834578873,ARGUMENT
30064781965,68719487182,ARGUMENT
30064781965,55834578874,ARGUMENT
30064781966,68719487183,ARGUMENT
30064781966,30064781967,ARGUMENT
30064781967,68719487185,ARGUMENT
30064781967,120259084539,ARGUMENT
30064781968,68719487184,ARGUMENT
30064781968,55834578875,ARGUMENT
30064781969,68719487186,ARGUMENT
30064781969,30064781970,ARGUMENT
30064781970,68719487187,ARGUMENT
30064781970,55834578876,ARGUMENT
30064781971,25769805454,ARGUMENT
30064781972,68719487188,ARGUMENT
30064781972,30064781973,ARGUMENT
30064781974,68719487190,ARGUMENT
30064781974,120259084540,ARGUMENT
30064781975,68719487194,ARGUMENT
30064781975,30064781977,ARGUMENT
30064781975,68719487196,ARGUMENT
30064781976,68719487193,ARGUMENT
30064781976,55834578877,ARGUMENT
30064781977,90194315674,ARGUMENT
30064781977,30064781978,ARGUMENT
30064781977,90194315675,ARGUMENT
30064781978,68719487195,ARGUMENT
30064781978,55834578878,ARGUMENT
30064781979,30064781980,ARGUMENT
30064781979,68719487198,ARGUMENT
30064781980,68719487197,ARGUMENT
30064781980,55834578879,ARGUMENT
30064781981,30064781982,ARGUMENT
30064781981,68719487200,ARGUMENT
30064781982,68719487199,ARGUMENT
30064781982,55834578880,ARGUMENT
30064781983,68719487202,ARGUMENT
30064781983,30064781984,ARGUMENT
30064781984,68719487204,ARGUMENT
30064781985,68719487203,ARGUMENT
30064781985,55834578881,ARGUMENT
30064781986,68719487208,ARGUMENT
30064781986,90194315676,ARGUMENT
30064781987,30064781988,ARGUMENT
30064781987,55834578883,ARGUMENT
30064781988,68719487205,ARGUMENT
30064781988,30064781989,ARGUMENT
30064781989,68719487207,ARGUMENT
30064781990,68719487206,ARGUMENT
30064781990,55834578882,ARGUMENT
30064781991,68719487209,ARGUMENT
30064781991,90194315677,ARGUMENT
30064781992,68719487210,ARGUMENT
30064781992,30064781993,ARGUMENT
30064781993,68719487211,ARGUMENT
30064781993,55834578884,ARGUMENT
30064781994,68719487212,ARGUMENT
30064781994,30064781995,ARGUMENT
30064781995,68719487213,ARGUMENT
30064781996,30064781997,ARGUMENT
30064781997,30064781983,ARGUMENT
30064781997,55834578885,ARGUMENT
30064781998,68719487216,ARGUMENT
30064781998,30064781999,ARGUMENT
30064781999,68719487217,ARGUMENT
30064781999,55834578886,ARGUMENT
30064782000,68719487218,ARGUMENT
30064782000,30064782001,ARGUMENT
30064782001,30064782002,ARGUMENT
30064782001,90194315679,ARGUMENT
30064782002,68719487221,ARGUMENT
30064782002,90194315678,ARGUMENT
30064782003,30064782004,ARGUMENT
30064782003,55834578889,ARGUMENT
30064782004,68719487220,ARGUMENT
30064782005,30064782006,ARGUMENT
30064782005,55834578888,ARGUMENT
30064782006,68719487219,ARGUMENT
30064782006,55834578887,ARGUMENT
30064782007,68719487222,ARGUMENT
30064782007,30064782008,ARGUMENT
30064782008,30064782009,ARGUMENT
30064782008,90194315681,ARGUMENT
30064782009,68719487225,ARGUMENT
30064782009,90194315680,ARGUMENT
30064782010,30064782011,ARGUMENT
30064782010,55834578892,ARGUMENT
30064782011,68719487224,ARGUMENT
30064782012,30064782013,ARGUMENT
30064782012,55834578891,ARGUMENT
30064782013,68719487223,ARGUMENT
30064782013,55834578890,ARGUMENT
30064782014,68719487226,ARGUMENT
30064782014,30064782015,ARGUMENT
30064782015,30064782016,ARGUMENT
30064782015,90194315682,ARGUMENT
30064782016,68719487228,ARGUMENT
30064782016,120259084541,ARGUMENT
30064782017,30064782018,ARGUMENT
30064782017,55834578894,ARGUMENT
30064782018,68719487227,ARGUMENT
30064782018,55834578893,ARGUMENT
30064782019,30064782020,ARGUMENT
30064782019,68719487231,ARGUMENT
30064782020,68719487229,ARGUMENT
30064782020,68719487230,ARGUMENT
30064782021,68719487232,ARGUMENT
30064782022,30064782023,ARGUMENT
30064782022,68719487234,ARGUMENT
30064782023,68719487233,ARGUMENT
30064782023,55834578895,ARGUMENT
30064782024,30064782025,ARGUMENT
30064782024,68719487236,ARGUMENT
30064782025,68719487235,ARGUMENT
30064782025,55834578896,ARGUMENT
30064782026,68719487238,ARGUMENT
30064782026,30064782027,ARGUMENT
30064782027,68719487240,ARGUMENT
30064782028,68719487239,ARGUMENT
30064782028,55834578897,ARGUMENT
30064782029,68719487241,ARGUMENT
30064782029,90194315683,ARGUMENT
30064782030,68719487242,ARGUMENT
30064782030,30064782031,ARGUMENT
30064782031,68719487243,ARGUMENT
30064782031,55834578898,ARGUMENT
30064782032,68719487244,ARGUMENT
30064782032,30064782033,ARGUMENT
30064782033,68719487245,ARGUMENT
30064782034,30064782035,ARGUMENT
30064782035,30064782026,ARGUMENT
30064782035,55834578899,ARGUMENT
30064782036,68719487248,ARGUMENT
30064782036,30064782037,ARGUMENT
30064782037,68719487249,ARGUMENT
30064782037,55834578900,ARGUMENT
30064782038,68719487250,ARGUMENT
30064782038,30064782039,ARGUMENT
30064782039,30064782040,ARGUMENT
30064782039,90194315684,ARGUMENT
30064782040,30064782041,ARGUMENT
30064782040,55834578902,ARGUMENT
30064782041,68719487251,ARGUMENT
30064782041,55834578901,ARGUMENT
30064782042,68719487252,ARGUMENT
30064782042,68719487253,ARGUMENT
30064782043,30064782044,ARGUMENT
30064782043,68719487255,ARGUMENT
30064782044,68719487254,ARGUMENT
30064782044,55834578903,ARGUMENT
30064782045,30064782046,ARGUMENT
30064782045,68719487257,ARGUMENT
30064782046,68719487256,ARGUMENT
30064782046,55834578904,ARGUMENT
30064782047,68719487259,ARGUMENT
30064782047,30064781765,ARGUMENT
30064782048,68719487262,ARGUMENT
30064782048,30064781766,ARGUMENT
30064782049,68719487265,ARGUMENT
30064782049,30064781767,ARGUMENT
30064782050,68719487268,ARGUMENT
30064782050,30064782051,ARGUMENT
30064782051,30064781768,ARGUMENT
30064782051,55834578905,ARGUMENT
30064782052,68719487271,ARGUMENT
30064782052,120259084542,ARGUMENT
30064782053,68719487272,ARGUMENT
30064782053,30064782054,ARGUMENT
30064782055,68719487274,ARGUMENT
30064782056,30064782057,ARGUMENT
30064782056,68719487277,ARGUMENT
30064782057,68719487276,ARGUMENT
30064782057,90194315689,ARGUMENT
30064782058,68719487278,ARGUMENT
30064782058,30064782059,ARGUMENT
30064782059,90194315690,ARGUMENT
30064782060,30064782061,ARGUMENT
30064782060,30064782062,ARGUMENT
30064782061,68719487279,ARGUMENT
30064782061,55834578906,ARGUMENT
30064782062,68719487280,ARGUMENT
30064782062,55834578907,ARGUMENT
30064782063,68719487281,ARGUMENT
30064782063,30064782064,ARGUMENT
30064782064,90194315691,ARGUMENT
30064782065,30064782066,ARGUMENT
30064782065,30064782067,ARGUMENT
30064782066,68719487282,ARGUMENT
30064782066,55834578908,ARGUMENT
30064782067,68719487283,ARGUMENT
30064782067,55834578909,ARGUMENT
30064782068,68719487284,ARGUMENT
30064782068,30064782069,ARGUMENT
30064782069,90194315692,ARGUMENT
30064782070,30064782071,ARGUMENT
30064782070,30064782072,ARGUMENT
30064782071,68719487285,ARGUMENT
30064782071,55834578910,ARGUMENT
30064782072,68719487286,ARGUMENT
30064782072,55834578911,ARGUMENT
30064782073,68719487287,ARGUMENT
30064782073,30064782074,ARGUMENT
30064782074,90194315693,ARGUMENT
30064782075,30064782076,ARGUMENT
30064782075,30064782077,ARGUMENT
30064782076,68719487288,ARGUMENT
30064782076,55834578912,ARGUMENT
30064782077,68719487289,ARGUMENT
30064782077,55834578913,ARGUMENT
30064782078,68719487454,ARGUMENT
30064782078,90194315727,ARGUMENT
30064782079,68719487457,ARGUMENT
30064782079,90194315728,ARGUMENT
30064782080,68719487460,ARGUMENT
30064782080,90194315729,ARGUMENT
30064782081,68719487463,ARGUMENT
30064782081,90194315730,ARGUMENT
30064782082,68719487466,ARGUMENT
30064782082,90194315731,ARGUMENT
30064782083,68719487469,ARGUMENT
30064782083,90194315732,ARGUMENT
30064782084,68719487472,ARGUMENT
30064782084,90194315733,ARGUMENT
30064782085,30064782086,ARGUMENT
30064782085,30064782088,ARGUMENT
30064782086,30064782087,ARGUMENT
30064782086,55834578915,ARGUMENT
30064782087,68719487290,ARGUMENT
30064782087,55834578914,ARGUMENT
30064782088,30064782089,ARGUMENT
30064782088,90194315694,ARGUMENT
30064782089,30064782090,ARGUMENT
30064782089,55834578917,ARGUMENT
30064782090,68719487291,ARGUMENT
30064782090,55834578916,ARGUMENT
30064782091,30064782092,ARGUMENT
30064782092,68719487293,ARGUMENT
30064782092,30064782094,ARGUMENT
30064782093,68719487292,ARGUMENT
30064782093,55834578918,ARGUMENT
30064782094,30064782095,ARGUMENT
30064782094,55834578920,ARGUMENT
30064782095,68719487294,ARGUMENT
30064782095,55834578919,ARGUMENT
30064782096,68719487295,ARGUMENT
30064782096,30064782097,ARGUMENT
30064782097,30064782098,ARGUMENT
30064782098,68719487297,ARGUMENT
30064782098,68719487298,ARGUMENT
30064782099,68719487296,ARGUMENT
30064782099,55834578921,ARGUMENT
30064782100,68719487299,ARGUMENT
30064782100,55834578922,ARGUMENT
30064782101,68719487302,ARGUMENT
30064782101,30064782103,ARGUMENT
30064782101,30064782104,ARGUMENT
30064782102,68719487301,ARGUMENT
30064782102,55834578923,ARGUMENT
30064782103,90194315696,ARGUMENT
30064782103,68719487303,ARGUMENT
30064782103,90194315697,ARGUMENT
30064782104,68719487304,ARGUMENT
30064782104,55834578924,ARGUMENT
30064782105,68719487305,ARGUMENT
30064782105,30064782106,ARGUMENT
30064782106,30064782107,ARGUMENT
30064782107,68719487307,ARGUMENT
30064782107,68719487308,ARGUMENT
30064782108,68719487306,ARGUMENT
30064782108,55834578925,ARGUMENT
30064782109,68719487309,ARGUMENT
30064782109,55834578926,ARGUMENT
30064782110,68719487312,ARGUMENT
30064782110,30064782112,ARGUMENT
30064782110,30064782113,ARGUMENT
30064782111,68719487311,ARGUMENT
30064782111,55834578927,ARGUMENT
30064782112,90194315699,ARGUMENT
30064782112,68719487313,ARGUMENT
30064782112,90194315700,ARGUMENT
30064782113,68719487314,ARGUMENT
30064782113,55834578928,ARGUMENT
30064782114,68719487315,ARGUMENT
30064782114,30064782115,ARGUMENT
30064782115,30064782116,ARGUMENT
30064782116,68719487317,ARGUMENT
30064782116,68719487318,ARGUMENT
30064782117,68719487316,ARGUMENT
30064782117,55834578929,ARGUMENT
30064782118,68719487319,ARGUMENT
30064782118,55834578930,ARGUMENT
30064782119,68719487322,ARGUMENT
30064782119,30064782121,ARGUMENT
30064782119,30064782122,ARGUMENT
30064782120,68719487321,ARGUMENT
30064782120,55834578931,ARGUMENT
30064782121,90194315702,ARGUMENT
30064782121,68719487323,ARGUMENT
30064782121,90194315703,ARGUMENT
30064782122,68719487324,ARGUMENT
30064782122,55834578932,ARGUMENT
30064782123,68719487325,ARGUMENT
30064782123,30064782124,ARGUMENT
30064782124,30064782125,ARGUMENT
30064782125,25769805494,ARGUMENT
30064782126,68719487326,ARGUMENT
30064782126,30064782127,ARGUMENT
30064782128,68719487328,ARGUMENT
30064782128,30064782130,ARGUMENT
30064782129,68719487327,ARGUMENT
30064782129,55834578933,ARGUMENT
30064782130,68719487330,ARGUMENT
30064782130,68719487331,ARGUMENT
30064782131,68719487329,ARGUMENT
30064782131,55834578934,ARGUMENT
30064782132,68719487333,ARGUMENT
30064782132,30064782134,ARGUMENT
30064782133,68719487332,ARGUMENT
30064782133,55834578935,ARGUMENT
30064782134,68719487335,ARGUMENT
30064782134,30064782136,ARGUMENT
30064782135,68719487334,ARGUMENT
30064782135,55834578936,ARGUMENT
30064782136,68719487336,ARGUMENT
30064782136,55834578937,ARGUMENT
30064782137,68719487338,ARGUMENT
30064782137,30064782139,ARGUMENT
30064782138,68719487337,ARGUMENT
30064782138,55834578938,ARGUMENT
30064782139,68719487340,ARGUMENT
30064782139,30064782141,ARGUMENT
30064782140,68719487339,ARGUMENT
30064782140,55834578939,ARGUMENT
30064782141,68719487341,ARGUMENT
30064782141,55834578940,ARGUMENT
30064782142,68719487343,ARGUMENT
30064782142,30064782144,ARGUMENT
30064782143,68719487342,ARGUMENT
30064782143,55834578941,ARGUMENT
30064782144,68719487345,ARGUMENT
30064782144,30064782146,ARGUMENT
30064782145,68719487344,ARGUMENT
30064782145,55834578942,ARGUMENT
30064782146,68719487346,ARGUMENT
30064782146,55834578943,ARGUMENT
30064782147,68719487348,ARGUMENT
30064782147,30064782148,ARGUMENT
30064782148,68719487349,ARGUMENT
30064782148,90194315705,ARGUMENT
30064782149,68719487350,ARGUMENT
30064782149,30064782150,ARGUMENT
30064782150,68719487351,ARGUMENT
30064782150,90194315706,ARGUMENT
30064782151,68719487352,ARGUMENT
30064782151,30064782152,ARGUMENT
30064782152,68719487353,ARGUMENT
30064782152,90194315707,ARGUMENT
30064782153,68719487354,ARGUMENT
30064782153,30064782154,ARGUMENT
30064782154,68719487355,ARGUMENT
30064782154,90194315708,ARGUMENT
30064782155,68719487357,ARGUMENT
30064782155,30064782156,ARGUMENT
30064782156,30064782157,ARGUMENT
30064782157,68719487359,ARGUMENT
30064782157,30064782158,ARGUMENT
30064782158,68719487360,ARGUMENT
30064782158,55834578944,ARGUMENT
30064782159,68719487361,ARGUMENT
30064782159,25769805496,ARGUMENT
30064782160,30064782161,ARGUMENT
30064782160,90194315709,ARGUMENT
30064782161,68719487362,ARGUMENT
30064782161,55834578945,ARGUMENT
30064782162,30064782163,ARGUMENT
30064782162,90194315710,ARGUMENT
30064782163,68719487363,ARGUMENT
30064782163,55834578946,ARGUMENT
30064782164,30064782165,ARGUMENT
30064782164,90194315711,ARGUMENT
30064782165,68719487364,ARGUMENT
30064782165,55834578947,ARGUMENT
30064782166,30064782167,ARGUMENT
30064782166,90194315712,ARGUMENT
30064782167,68719487365,ARGUMENT
30064782167,55834578948,ARGUMENT
30064782168,30064782169,ARGUMENT
30064782168,90194315713,ARGUMENT
30064782169,68719487366,ARGUMENT
30064782169,55834578949,ARGUMENT
30064782170,30064782171,ARGUMENT
30064782170,90194315714,ARGUMENT
30064782171,68719487367,ARGUMENT
30064782171,55834578950,ARGUMENT
30064782172,68719487370,ARGUMENT
30064782172,25769805498,ARGUMENT
30064782173,68719487371,ARGUMENT
30064782173,30064782174,ARGUMENT
30064782175,68719487373,ARGUMENT
30064782176,68719487375,ARGUMENT
30064782176,30064782177,ARGUMENT
30064782177,30064782178,ARGUMENT
30064782178,68719487377,ARGUMENT
30064782178,68719487378,ARGUMENT
30064782179,68719487376,ARGUMENT
30064782179,55834578951,ARGUMENT
30064782180,68719487380,ARGUMENT
30064782180,30064782182,ARGUMENT
30064782181,68719487379,ARGUMENT
30064782181,55834578952,ARGUMENT
30064782182,90194315715,ARGUMENT
30064782182,30064782183,ARGUMENT
30064782182,90194315716,ARGUMENT
30064782182,68719487382,ARGUMENT
30064782182,90194315717,ARGUMENT
30064782183,68719487381,ARGUMENT
30064782183,55834578953,ARGUMENT
30064782184,68719487385,ARGUMENT
30064782184,30064782186,ARGUMENT
30064782184,30064782187,ARGUMENT
30064782185,68719487384,ARGUMENT
30064782185,55834578954,ARGUMENT
30064782186,90194315718,ARGUMENT
30064782186,68719487386,ARGUMENT
30064782186,90194315719,ARGUMENT
30064782187,30064782188,ARGUMENT
30064782187,55834578955,ARGUMENT
30064782188,90194315720,ARGUMENT
30064782188,68719487387,ARGUMENT
30064782189,68719487389,ARGUMENT
30064782189,30064782191,ARGUMENT
30064782190,68719487388,ARGUMENT
30064782190,55834578956,ARGUMENT
30064782191,90194315721,ARGUMENT
30064782191,30064782192,ARGUMENT
30064782191,90194315722,ARGUMENT
30064782191,30064782193,ARGUMENT
30064782191,90194315723,ARGUMENT
30064782192,68719487390,ARGUMENT
30064782192,55834578957,ARGUMENT
30064782193,68719487391,ARGUMENT
30064782193,55834578958,ARGUMENT
30064782194,30064782195,ARGUMENT
30064782194,30064782196,ARGUMENT
30064782195,68719487392,ARGUMENT
30064782195,55834578959,ARGUMENT
30064782196,68719487393,ARGUMENT
30064782196,55834578960,ARGUMENT
30064782197,30064782198,ARGUMENT
30064782197,30064782199,ARGUMENT
30064782198,68719487394,ARGUMENT
30064782198,55834578961,ARGUMENT
30064782199,68719487395,ARGUMENT
30064782199,55834578962,ARGUMENT
30064782200,30064782201,ARGUMENT
30064782200,30064782202,ARGUMENT
30064782201,68719487396,ARGUMENT
30064782201,55834578963,ARGUMENT
30064782202,30064782203,ARGUMENT
30064782202,68719487398,ARGUMENT
30064782203,68719487397,ARGUMENT
30064782203,55834578964,ARGUMENT
30064782204,30064782205,ARGUMENT
30064782204,30064782206,ARGUMENT
30064782205,68719487399,ARGUMENT
30064782205,55834578965,ARGUMENT
30064782206,68719487400,ARGUMENT
30064782206,55834578966,ARGUMENT
30064782207,30064782208,ARGUMENT
30064782207,30064782209,ARGUMENT
30064782208,68719487401,ARGUMENT
30064782208,55834578967,ARGUMENT
30064782209,68719487402,ARGUMENT
30064782209,55834578968,ARGUMENT
30064782210,30064782211,ARGUMENT
30064782210,30064782212,ARGUMENT
30064782211,68719487403,ARGUMENT
30064782211,55834578969,ARGUMENT
30064782212,68719487404,ARGUMENT
30064782212,55834578970,ARGUMENT
30064782213,30064782214,ARGUMENT
30064782213,30064782215,ARGUMENT
30064782214,68719487405,ARGUMENT
30064782214,55834578971,ARGUMENT
30064782215,68719487406,ARGUMENT
30064782215,55834578972,ARGUMENT
30064782216,30064782217,ARGUMENT
30064782216,30064782218,ARGUMENT
30064782217,68719487407,ARGUMENT
30064782217,55834578973,ARGUMENT
30064782218,68719487408,ARGUMENT
30064782218,55834578974,ARGUMENT
30064782219,30064782220,ARGUMENT
30064782219,30064782221,ARGUMENT
30064782220,68719487409,ARGUMENT
30064782220,55834578975,ARGUMENT
30064782221,30064782222,ARGUMENT
30064782221,55834578977,ARGUMENT
30064782222,68719487410,ARGUMENT
30064782222,55834578976,ARGUMENT
30064782223,30064782224,ARGUMENT
30064782223,30064782225,ARGUMENT
30064782224,68719487411,ARGUMENT
30064782224,55834578978,ARGUMENT
30064782225,68719487412,ARGUMENT
30064782225,68719487413,ARGUMENT
30064782226,30064782227,ARGUMENT
30064782226,30064782228,ARGUMENT
30064782227,68719487414,ARGUMENT
30064782227,55834578979,ARGUMENT
30064782228,68719487415,ARGUMENT
30064782228,30064782229,ARGUMENT
30064782228,30064782231,ARGUMENT
30064782229,90194315724,ARGUMENT
30064782229,30064782230,ARGUMENT
30064782229,90194315725,ARGUMENT
30064782229,68719487417,ARGUMENT
30064782229,90194315726,ARGUMENT
30064782230,68719487416,ARGUMENT
30064782230,55834578980,ARGUMENT
30064782231,68719487418,ARGUMENT
30064782231,55834578981,ARGUMENT
30064782232,30064782233,ARGUMENT
30064782232,68719487420,ARGUMENT
30064782233,68719487419,ARGUMENT
30064782233,55834578982,ARGUMENT
30064782234,30064782235,ARGUMENT
30064782234,68719487422,ARGUMENT
30064782235,68719487421,ARGUMENT
30064782235,55834578983,ARGUMENT
30064782236,30064782237,ARGUMENT
30064782236,68719487424,ARGUMENT
30064782237,68719487423,ARGUMENT
30064782237,55834578984,ARGUMENT
30064782238,30064782239,ARGUMENT
30064782238,30064782240,ARGUMENT
30064782239,68719487425,ARGUMENT
30064782239,55834578985,ARGUMENT
30064782240,68719487426,ARGUMENT
30064782240,68719487427,ARGUMENT
30064782241,30064782242,ARGUMENT
30064782241,30064782243,ARGUMENT
30064782242,68719487428,ARGUMENT
30064782242,55834578986,ARGUMENT
30064782243,68719487429,ARGUMENT
30064782243,55834578987,ARGUMENT
30064782244,30064782245,ARGUMENT
30064782244,30064782246,ARGUMENT
30064782245,68719487430,ARGUMENT
30064782245,55834578988,ARGUMENT
30064782246,68719487431,ARGUMENT
30064782246,55834578989,ARGUMENT
30064782247,30064782248,ARGUMENT
30064782247,30064782249,ARGUMENT
30064782248,68719487432,ARGUMENT
30064782248,55834578990,ARGUMENT
30064782249,68719487433,ARGUMENT
30064782249,55834578991,ARGUMENT
30064782250,30064782251,ARGUMENT
30064782250,30064782252,ARGUMENT
30064782251,68719487434,ARGUMENT
30064782251,55834578992,ARGUMENT
30064782252,68719487435,ARGUMENT
30064782252,55834578993,ARGUMENT
30064782253,30064782254,ARGUMENT
30064782253,30064782255,ARGUMENT
30064782254,68719487436,ARGUMENT
30064782254,55834578994,ARGUMENT
30064782255,68719487437,ARGUMENT
30064782255,55834578995,ARGUMENT
30064782256,30064782257,ARGUMENT
30064782256,30064782258,ARGUMENT
30064782257,68719487438,ARGUMENT
30064782257,55834578996,ARGUMENT
30064782258,68719487439,ARGUMENT
30064782258,55834578997,ARGUMENT
30064782259,68719487442,ARGUMENT
30064782259,68719487443,ARGUMENT
30064782260,68719487441,ARGUMENT
30064782260,55834578998,ARGUMENT
30064782261,30064782262,ARGUMENT
30064782262,30064782263,ARGUMENT
30064782263,68719487445,ARGUMENT
30064782263,120259084543,ARGUMENT
30064782264,68719487444,ARGUMENT
30064782264,55834578999,ARGUMENT
30064782265,68719487446,ARGUMENT
30064782265,120259084544,ARGUMENT
30064782266,68719487447,ARGUMENT
30064782266,120259084545,ARGUMENT
30064782267,68719487448,ARGUMENT
30064782267,120259084546,ARGUMENT
30064782268,68719487449,ARGUMENT
30064782268,120259084547,ARGUMENT
30064782269,68719487450,ARGUMENT
30064782269,120259084548,ARGUMENT
30064782270,68719487451,ARGUMENT
30064782270,120259084549,ARGUMENT
30064782271,68719487452,ARGUMENT
30064782271,30064782272,ARGUMENT
30064782272,30064782078,ARGUMENT
30064782272,55834579000,ARGUMENT
30064782273,68719487455,ARGUMENT
30064782273,30064782079,ARGUMENT
30064782274,68719487458,ARGUMENT
30064782274,30064782080,ARGUMENT
30064782275,68719487461,ARGUMENT
30064782275,30064782081,ARGUMENT
30064782276,68719487464,ARGUMENT
30064782276,30064782082,ARGUMENT
30064782277,68719487467,ARGUMENT
30064782277,30064782278,ARGUMENT
30064782278,30064782083,ARGUMENT
30064782278,55834579001,ARGUMENT
30064782279,68719487470,ARGUMENT
30064782279,30064782280,ARGUMENT
30064782280,30064782084,ARGUMENT
30064782280,55834579002,ARGUMENT
30064782281,68719487473,ARGUMENT
30064782281,120259084550,ARGUMENT
30064782282,68719487474,ARGUMENT
30064782282,30064782283,ARGUMENT
30064782284,68719487476,ARGUMENT
30064782285,30064782286,ARGUMENT
30064782285,68719487479,ARGUMENT
30064782286,68719487478,ARGUMENT
30064782286,90194315734,ARGUMENT
30064782287,68719487511,ARGUMENT
30064782287,90194315738,ARGUMENT
30064782288,68719487514,ARGUMENT
30064782288,90194315739,ARGUMENT
30064782289,68719487517,ARGUMENT
30064782289,90194315740,ARGUMENT
30064782290,68719487520,ARGUMENT
30064782290,90194315741,ARGUMENT
30064782291,68719487480,ARGUMENT
30064782291,30064782292,ARGUMENT
30064782292,30064782293,ARGUMENT
30064782293,68719487482,ARGUMENT
30064782294,68719487484,ARGUMENT
30064782294,68719487485,ARGUMENT
30064782295,68719487483,ARGUMENT
30064782295,55834579003,ARGUMENT
30064782296,68719487486,ARGUMENT
30064782296,30064782297,ARGUMENT
30064782297,30064782298,ARGUMENT
30064782298,68719487488,ARGUMENT
30064782299,68719487490,ARGUMENT
30064782299,68719487491,ARGUMENT
30064782300,68719487489,ARGUMENT
30064782300,55834579004,ARGUMENT
30064782301,68719487492,ARGUMENT
30064782301,30064782302,ARGUMENT
30064782302,30064782303,ARGUMENT
30064782303,68719487494,ARGUMENT
30064782303,68719487495,ARGUMENT
30064782304,68719487496,ARGUMENT
30064782305,68719487497,ARGUMENT
30064782305,30064782306,ARGUMENT
30064782306,68719487499,ARGUMENT
30064782306,25769805513,ARGUMENT
30064782307,68719487498,ARGUMENT
30064782307,55834579005,ARGUMENT
30064782308,68719487500,ARGUMENT
30064782308,30064782309,ARGUMENT
30064782310,68719487502,ARGUMENT
30064782310,68719487503,ARGUMENT
30064782311,68719487501,ARGUMENT
30064782311,55834579006,ARGUMENT
30064782312,30064782313,ARGUMENT
30064782312,90194315737,ARGUMENT
30064782313,68719487505,ARGUMENT
30064782313,90194315736,ARGUMENT
30064782314,68719487506,ARGUMENT
30064782314,120259084551,ARGUMENT
30064782315,68719487507,ARGUMENT
30064782315,120259084552,ARGUMENT
30064782316,68719487508,ARGUMENT
30064782316,120259084553,ARGUMENT
30064782317,68719487509,ARGUMENT
30064782317,30064782318,ARGUMENT
30064782318,30064782287,ARGUMENT
30064782318,55834579007,ARGUMENT
30064782319,68719487512,ARGUMENT
30064782319,30064782320,ARGUMENT
30064782320,30064782288,ARGUMENT
30064782320,55834579008,ARGUMENT
30064782321,68719487515,ARGUMENT
30064782321,30064782322,ARGUMENT
30064782322,30064782289,ARGUMENT
30064782322,55834579009,ARGUMENT
30064782323,68719487518,ARGUMENT
30064782323,30064782290,ARGUMENT
30064782324,68719487521,ARGUMENT
30064782324,120259084554,ARGUMENT
30064782325,68719487522,ARGUMENT
30064782325,30064782326,ARGUMENT
30064782327,68719487524,ARGUMENT
30064782328,30064782329,ARGUMENT
30064782328,68719487527,ARGUMENT
30064782329,68719487526,ARGUMENT
30064782329,90194315742,ARGUMENT
30064782330,68719487692,ARGUMENT
30064782330,90194315778,ARGUMENT
30064782331,68719487695,ARGUMENT
30064782331,90194315779,ARGUMENT
30064782332,68719487698,ARGUMENT
30064782332,90194315780,ARGUMENT
30064782333,68719487701,ARGUMENT
30064782333,90194315781,ARGUMENT
30064782334,68719487704,ARGUMENT
30064782334,90194315782,ARGUMENT
30064782335,68719487707,ARGUMENT
30064782335,90194315783,ARGUMENT
30064782336,68719487710,ARGUMENT
30064782336,90194315784,ARGUMENT
30064782337,68719487713,ARGUMENT
30064782337,90194315785,ARGUMENT
30064782338,68719487716,ARGUMENT
30064782338,90194315786,ARGUMENT
30064782339,30064782340,ARGUMENT
30064782340,68719487529,ARGUMENT
30064782340,68719487530,ARGUMENT
30064782340,90194315743,ARGUMENT
30064782341,68719487528,ARGUMENT
30064782341,55834579010,ARGUMENT
30064782342,68719487533,ARGUMENT
30064782342,30064782344,ARGUMENT
30064782342,30064782345,ARGUMENT
30064782343,68719487532,ARGUMENT
30064782343,55834579011,ARGUMENT
30064782344,90194315744,ARGUMENT
30064782344,68719487534,ARGUMENT
30064782344,90194315745,ARGUMENT
30064782345,68719487535,ARGUMENT
30064782345,55834579012,ARGUMENT
30064782346,30064782347,ARGUMENT
30064782347,68719487537,ARGUMENT
30064782347,68719487538,ARGUMENT
30064782347,90194315747,ARGUMENT
30064782348,68719487536,ARGUMENT
30064782348,55834579013,ARGUMENT
30064782349,68719487541,ARGUMENT
30064782349,30064782351,ARGUMENT
30064782349,30064782352,ARGUMENT
30064782350,68719487540,ARGUMENT
30064782350,55834579014,ARGUMENT
30064782351,90194315748,ARGUMENT
30064782351,68719487542,ARGUMENT
30064782351,90194315749,ARGUMENT
30064782352,68719487543,ARGUMENT
30064782352,55834579015,ARGUMENT
30064782353,30064782354,ARGUMENT
30064782353,90194315751,ARGUMENT
30064782354,68719487544,ARGUMENT
30064782354,55834579016,ARGUMENT
30064782355,68719487545,ARGUMENT
30064782355,30064782356,ARGUMENT
30064782356,30064782357,ARGUMENT
30064782357,68719487547,ARGUMENT
30064782357,68719487548,ARGUMENT
30064782358,68719487546,ARGUMENT
30064782358,55834579017,ARGUMENT
30064782359,68719487549,ARGUMENT
30064782359,30064782360,ARGUMENT
30064782360,68719487551,ARGUMENT
30064782360,120259084555,ARGUMENT
30064782361,68719487550,ARGUMENT
30064782361,55834579018,ARGUMENT
30064782362,68719487552,ARGUMENT
30064782362,55834579019,ARGUMENT
30064782363,68719487555,ARGUMENT
30064782363,30064782365,ARGUMENT
30064782363,30064782366,ARGUMENT
30064782364,68719487554,ARGUMENT
30064782364,55834579020,ARGUMENT
30064782365,90194315752,ARGUMENT
30064782365,68719487556,ARGUMENT
30064782365,90194315753,ARGUMENT
30064782366,68719487557,ARGUMENT
30064782366,55834579021,ARGUMENT
30064782367,68719487558,ARGUMENT
30064782367,30064782368,ARGUMENT
30064782368,30064782369,ARGUMENT
30064782369,25769805533,ARGUMENT
30064782370,68719487559,ARGUMENT
30064782370,30064782371,ARGUMENT
30064782372,68719487561,ARGUMENT
30064782372,30064782374,ARGUMENT
30064782373,68719487560,ARGUMENT
30064782373,55834579022,ARGUMENT
30064782374,68719487563,ARGUMENT
30064782374,30064782376,ARGUMENT
30064782375,68719487562,ARGUMENT
30064782375,55834579023,ARGUMENT
30064782376,68719487564,ARGUMENT
30064782376,55834579024,ARGUMENT
30064782377,68719487566,ARGUMENT
30064782377,30064782379,ARGUMENT
30064782378,68719487565,ARGUMENT
30064782378,55834579025,ARGUMENT
30064782379,68719487568,ARGUMENT
30064782379,30064782381,ARGUMENT
30064782380,68719487567,ARGUMENT
30064782380,55834579026,ARGUMENT
30064782381,68719487569,ARGUMENT
30064782381,55834579027,ARGUMENT
30064782382,68719487571,ARGUMENT
30064782382,30064782384,ARGUMENT
30064782383,68719487570,ARGUMENT
30064782383,55834579028,ARGUMENT
30064782384,68719487573,ARGUMENT
30064782384,30064782386,ARGUMENT
30064782385,68719487572,ARGUMENT
30064782385,55834579029,ARGUMENT
30064782386,68719487574,ARGUMENT
30064782386,55834579030,ARGUMENT
30064782387,68719487576,ARGUMENT
30064782387,30064782388,ARGUMENT
30064782388,68719487577,ARGUMENT
30064782388,90194315755,ARGUMENT
30064782389,68719487578,ARGUMENT
30064782389,30064782390,ARGUMENT
30064782390,68719487579,ARGUMENT
30064782390,90194315756,ARGUMENT
30064782391,68719487580,ARGUMENT
30064782391,30064782392,ARGUMENT
30064782392,68719487581,ARGUMENT
30064782392,90194315757,ARGUMENT
30064782393,68719487583,ARGUMENT
30064782393,30064782394,ARGUMENT
30064782394,30064782395,ARGUMENT
30064782395,68719487585,ARGUMENT
30064782395,30064782396,ARGUMENT
30064782396,68719487586,ARGUMENT
30064782396,55834579031,ARGUMENT
30064782397,68719487587,ARGUMENT
30064782397,25769805535,ARGUMENT
30064782398,30064782399,ARGUMENT
30064782398,90194315758,ARGUMENT
30064782399,68719487588,ARGUMENT
30064782399,55834579032,ARGUMENT
30064782400,30064782401,ARGUMENT
30064782400,90194315759,ARGUMENT
30064782401,68719487589,ARGUMENT
30064782401,55834579033,ARGUMENT
30064782402,30064782403,ARGUMENT
30064782402,90194315760,ARGUMENT
30064782403,68719487590,ARGUMENT
30064782403,55834579034,ARGUMENT
30064782404,30064782405,ARGUMENT
30064782404,90194315761,ARGUMENT
30064782405,68719487591,ARGUMENT
30064782405,55834579035,ARGUMENT
30064782406,30064782407,ARGUMENT
30064782406,90194315762,ARGUMENT
30064782407,68719487592,ARGUMENT
30064782407,55834579036,ARGUMENT
30064782408,30064782409,ARGUMENT
30064782408,90194315763,ARGUMENT
30064782409,68719487593,ARGUMENT
30064782409,55834579037,ARGUMENT
30064782410,68719487596,ARGUMENT
30064782410,25769805537,ARGUMENT
30064782411,68719487597,ARGUMENT
30064782411,30064782412,ARGUMENT
30064782413,68719487599,ARGUMENT
30064782414,68719487601,ARGUMENT
30064782414,30064782415,ARGUMENT
30064782415,30064782416,ARGUMENT
30064782416,68719487603,ARGUMENT
30064782416,68719487604,ARGUMENT
30064782417,68719487602,ARGUMENT
30064782417,55834579038,ARGUMENT
30064782418,68719487607,ARGUMENT
30064782418,30064782420,ARGUMENT
30064782418,30064782421,ARGUMENT
30064782419,68719487606,ARGUMENT
30064782419,55834579039,ARGUMENT
30064782420,90194315764,ARGUMENT
30064782420,68719487608,ARGUMENT
30064782420,90194315765,ARGUMENT
30064782421,30064782422,ARGUMENT
30064782421,55834579040,ARGUMENT
30064782422,90194315766,ARGUMENT
30064782422,68719487609,ARGUMENT
30064782423,30064782424,ARGUMENT
30064782423,30064782425,ARGUMENT
30064782424,68719487610,ARGUMENT
30064782424,55834579041,ARGUMENT
30064782425,68719487611,ARGUMENT
30064782425,55834579042,ARGUMENT
30064782426,30064782427,ARGUMENT
30064782426,30064782428,ARGUMENT
30064782427,68719487612,ARGUMENT
30064782427,55834579043,ARGUMENT
30064782428,30064782429,ARGUMENT
30064782428,68719487614,ARGUMENT
30064782429,68719487613,ARGUMENT
30064782429,55834579044,ARGUMENT
30064782430,30064782431,ARGUMENT
30064782430,30064782432,ARGUMENT
30064782431,68719487615,ARGUMENT
30064782431,55834579045,ARGUMENT
30064782432,68719487616,ARGUMENT
30064782432,55834579046,ARGUMENT
30064782433,30064782434,ARGUMENT
30064782433,68719487618,ARGUMENT
30064782434,68719487617,ARGUMENT
30064782434,55834579047,ARGUMENT
30064782435,30064782436,ARGUMENT
30064782435,68719487620,ARGUMENT
30064782436,68719487619,ARGUMENT
30064782436,55834579048,ARGUMENT
30064782437,30064782438,ARGUMENT
30064782437,68719487622,ARGUMENT
30064782438,68719487621,ARGUMENT
30064782438,55834579049,ARGUMENT
30064782439,30064782440,ARGUMENT
30064782439,30064782441,ARGUMENT
30064782440,68719487623,ARGUMENT
30064782440,55834579050,ARGUMENT
30064782441,68719487624,ARGUMENT
30064782441,68719487625,ARGUMENT
30064782442,30064782443,ARGUMENT
30064782442,30064782444,ARGUMENT
30064782443,68719487626,ARGUMENT
30064782443,55834579051,ARGUMENT
30064782444,68719487627,ARGUMENT
30064782444,55834579052,ARGUMENT
30064782445,30064782446,ARGUMENT
30064782445,30064782447,ARGUMENT
30064782446,68719487628,ARGUMENT
30064782446,55834579053,ARGUMENT
30064782447,68719487629,ARGUMENT
30064782447,55834579054,ARGUMENT
30064782448,30064782449,ARGUMENT
30064782448,30064782450,ARGUMENT
30064782449,68719487630,ARGUMENT
30064782449,55834579055,ARGUMENT
30064782450,68719487631,ARGUMENT
30064782450,55834579056,ARGUMENT
30064782451,30064782452,ARGUMENT
30064782451,30064782453,ARGUMENT
30064782452,68719487632,ARGUMENT
30064782452,55834579057,ARGUMENT
30064782453,68719487633,ARGUMENT
30064782453,55834579058,ARGUMENT
30064782454,30064782455,ARGUMENT
30064782454,30064782456,ARGUMENT
30064782455,68719487634,ARGUMENT
30064782455,55834579059,ARGUMENT
30064782456,68719487635,ARGUMENT
30064782456,55834579060,ARGUMENT
30064782457,30064782458,ARGUMENT
30064782457,30064782459,ARGUMENT
30064782458,68719487636,ARGUMENT
30064782458,55834579061,ARGUMENT
30064782459,68719487637,ARGUMENT
30064782459,55834579062,ARGUMENT
30064782460,68719487639,ARGUMENT
30064782460,30064782461,ARGUMENT
30064782461,30064782462,ARGUMENT
30064782462,68719487641,ARGUMENT
30064782462,68719487642,ARGUMENT
30064782463,68719487640,ARGUMENT
30064782463,55834579063,ARGUMENT
30064782464,68719487643,ARGUMENT
30064782464,30064782465,ARGUMENT
30064782465,30064782466,ARGUMENT
30064782466,68719487645,ARGUMENT
30064782466,68719487646,ARGUMENT
30064782467,68719487644,ARGUMENT
30064782467,55834579064,ARGUMENT
30064782468,30064782469,ARGUMENT
30064782469,68719487648,ARGUMENT
30064782469,68719487649,ARGUMENT
30064782470,68719487651,ARGUMENT
30064782470,30064782472,ARGUMENT
30064782471,68719487650,ARGUMENT
30064782471,55834579065,ARGUMENT
30064782472,90194315767,ARGUMENT
30064782472,30064782473,ARGUMENT
30064782472,90194315768,ARGUMENT
30064782473,68719487652,ARGUMENT
30064782473,55834579066,ARGUMENT
30064782474,68719487653,ARGUMENT
30064782474,30064782475,ARGUMENT
30064782475,68719487655,ARGUMENT
30064782476,68719487654,ARGUMENT
30064782476,55834579067,ARGUMENT
30064782477,68719487656,ARGUMENT
30064782477,55834579068,ARGUMENT
30064782478,68719487658,ARGUMENT
30064782478,90194315769,ARGUMENT
30064782479,68719487657,ARGUMENT
30064782479,55834579069,ARGUMENT
30064782480,30064782481,ARGUMENT
30064782480,90194315770,ARGUMENT
30064782481,68719487659,ARGUMENT
30064782481,55834579070,ARGUMENT
30064782482,68719487660,ARGUMENT
30064782482,30064782483,ARGUMENT
30064782483,30064782484,ARGUMENT
30064782484,68719487662,ARGUMENT
30064782485,68719487664,ARGUMENT
30064782485,30064782487,ARGUMENT
30064782486,68719487663,ARGUMENT
30064782486,55834579071,ARGUMENT
30064782487,90194315771,ARGUMENT
30064782487,30064782488,ARGUMENT
30064782487,90194315772,ARGUMENT
30064782488,68719487665,ARGUMENT
30064782488,55834579072,ARGUMENT
30064782489,68719487666,ARGUMENT
30064782489,30064782490,ARGUMENT
30064782490,68719487667,ARGUMENT
30064782491,30064782492,ARGUMENT
30064782492,30064782474,ARGUMENT
30064782492,55834579073,ARGUMENT
30064782493,68719487670,ARGUMENT
30064782493,30064782494,ARGUMENT
30064782494,68719487671,ARGUMENT
30064782494,55834579074,ARGUMENT
30064782495,30064782496,ARGUMENT
30064782496,68719487673,ARGUMENT
30064782496,68719487674,ARGUMENT
30064782497,68719487672,ARGUMENT
30064782497,55834579075,ARGUMENT
30064782498,68719487677,ARGUMENT
30064782498,30064782500,ARGUMENT
30064782498,30064782501,ARGUMENT
30064782499,68719487676,ARGUMENT
30064782499,55834579076,ARGUMENT
30064782500,90194315773,ARGUMENT
30064782500,68719487678,ARGUMENT
30064782500,90194315774,ARGUMENT
30064782501,68719487679,ARGUMENT
30064782501,55834579077,ARGUMENT
30064782502,68719487681,ARGUMENT
30064782502,90194315775,ARGUMENT
30064782503,68719487680,ARGUMENT
30064782503,55834579078,ARGUMENT
30064782504,30064782505,ARGUMENT
30064782504,90194315776,ARGUMENT
30064782505,68719487682,ARGUMENT
30064782505,55834579079,ARGUMENT
30064782506,68719487683,ARGUMENT
30064782506,90194315777,ARGUMENT
30064782507,68719487684,ARGUMENT
30064782507,120259084556,ARGUMENT
30064782508,68719487685,ARGUMENT
30064782508,120259084557,ARGUMENT
30064782509,68719487686,ARGUMENT
30064782509,120259084558,ARGUMENT
30064782510,68719487687,ARGUMENT
30064782510,120259084559,ARGUMENT
30064782511,68719487688,ARGUMENT
30064782511,120259084560,ARGUMENT
30064782512,68719487689,ARGUMENT
30064782512,120259084561,ARGUMENT
30064782513,68719487690,ARGUMENT
30064782513,30064782514,ARGUMENT
30064782514,30064782330,ARGUMENT
30064782514,55834579080,ARGUMENT
30064782515,68719487693,ARGUMENT
30064782515,30064782331,ARGUMENT
30064782516,68719487696,ARGUMENT
30064782516,30064782332,ARGUMENT
30064782517,68719487699,ARGUMENT
30064782517,30064782333,ARGUMENT
30064782518,68719487702,ARGUMENT
30064782518,30064782334,ARGUMENT
30064782519,68719487705,ARGUMENT
30064782519,30064782520,ARGUMENT
30064782520,30064782335,ARGUMENT
30064782520,55834579081,ARGUMENT
30064782521,68719487708,ARGUMENT
30064782521,30064782522,ARGUMENT
30064782522,30064782336,ARGUMENT
30064782522,55834579082,ARGUMENT
30064782523,68719487711,ARGUMENT
30064782523,30064782524,ARGUMENT
30064782524,30064782337,ARGUMENT
30064782524,55834579083,ARGUMENT
30064782525,68719487714,ARGUMENT
30064782525,30064782526,ARGUMENT
30064782526,30064782338,ARGUMENT
30064782526,55834579084,ARGUMENT
30064782527,68719487717,ARGUMENT
30064782527,120259084562,ARGUMENT
30064782528,68719487718,ARGUMENT
30064782528,30064782529,ARGUMENT
30064782530,68719487720,ARGUMENT
30064782531,30064782532,ARGUMENT
30064782531,68719487723,ARGUMENT
30064782532,68719487722,ARGUMENT
30064782532,90194315787,ARGUMENT
30064782533,68719487863,ARGUMENT
30064782533,90194315808,ARGUMENT
30064782534,68719487866,ARGUMENT
30064782534,90194315809,ARGUMENT
30064782535,68719487869,ARGUMENT
30064782535,90194315810,ARGUMENT
30064782536,68719487872,ARGUMENT
30064782536,90194315811,ARGUMENT
30064782537,68719487875,ARGUMENT
30064782537,90194315812,ARGUMENT
30064782538,68719487878,ARGUMENT
30064782538,90194315813,ARGUMENT
30064782539,68719487881,ARGUMENT
30064782539,90194315814,ARGUMENT
30064782540,68719487725,ARGUMENT
30064782540,68719487726,ARGUMENT
30064782540,90194315788,ARGUMENT
30064782541,68719487727,ARGUMENT
30064782541,30064782542,ARGUMENT
30064782542,30064782543,ARGUMENT
30064782543,68719487729,ARGUMENT
30064782544,68719487728,ARGUMENT
30064782544,55834579085,ARGUMENT
30064782545,68719487731,ARGUMENT
30064782545,30064782547,ARGUMENT
30064782546,68719487730,ARGUMENT
30064782546,55834579086,ARGUMENT
30064782547,90194315789,ARGUMENT
30064782547,30064782548,ARGUMENT
30064782547,90194315790,ARGUMENT
30064782548,68719487732,ARGUMENT
30064782548,55834579087,ARGUMENT
30064782549,68719487733,ARGUMENT
30064782549,30064782550,ARGUMENT
30064782551,68719487734,ARGUMENT
30064782551,90194315791,ARGUMENT
30064782552,68719487735,ARGUMENT
30064782552,30064782553,ARGUMENT
30064782553,68719487736,ARGUMENT
30064782553,55834579088,ARGUMENT
30064782554,68719487737,ARGUMENT
30064782555,68719487738,ARGUMENT
30064782555,30064782556,ARGUMENT
30064782556,68719487739,ARGUMENT
30064782556,68719487740,ARGUMENT
30064782557,68719487741,ARGUMENT
30064782557,30064782558,ARGUMENT
30064782559,68719487742,ARGUMENT
30064782559,30064782560,ARGUMENT
30064782560,30064782561,ARGUMENT
30064782561,68719487744,ARGUMENT
30064782561,30064782563,ARGUMENT
30064782562,68719487743,ARGUMENT
30064782562,55834579089,ARGUMENT
30064782563,68719487745,ARGUMENT
30064782563,55834579090,ARGUMENT
30064782564,68719487747,ARGUMENT
30064782564,30064782565,ARGUMENT
30064782566,68719487749,ARGUMENT
30064782566,25769805559,ARGUMENT
30064782567,68719487748,ARGUMENT
30064782567,55834579091,ARGUMENT
30064782568,30064782569,ARGUMENT
30064782568,30064782570,ARGUMENT
30064782569,68719487750,ARGUMENT
30064782569,55834579092,ARGUMENT
30064782570,68719487751,ARGUMENT
30064782570,55834579093,ARGUMENT
30064782571,30064782572,ARGUMENT
30064782571,30064782573,ARGUMENT
30064782572,68719487752,ARGUMENT
30064782572,55834579094,ARGUMENT
30064782573,68719487753,ARGUMENT
30064782573,55834579095,ARGUMENT
30064782574,30064782575,ARGUMENT
30064782574,30064782576,ARGUMENT
30064782575,68719487754,ARGUMENT
30064782575,55834579096,ARGUMENT
30064782576,68719487755,ARGUMENT
30064782576,55834579097,ARGUMENT
30064782577,30064782578,ARGUMENT
30064782577,30064782579,ARGUMENT
30064782578,68719487756,ARGUMENT
30064782578,55834579098,ARGUMENT
30064782579,30064782580,ARGUMENT
30064782579,55834579100,ARGUMENT
30064782580,68719487757,ARGUMENT
30064782580,55834579099,ARGUMENT
30064782581,30064782582,ARGUMENT
30064782581,30064782583,ARGUMENT
30064782582,68719487758,ARGUMENT
30064782582,55834579101,ARGUMENT
30064782583,68719487759,ARGUMENT
30064782583,55834579102,ARGUMENT
30064782584,30064782585,ARGUMENT
30064782584,68719487761,ARGUMENT
30064782585,68719487760,ARGUMENT
30064782585,55834579103,ARGUMENT
30064782586,30064782587,ARGUMENT
30064782586,30064782588,ARGUMENT
30064782587,68719487762,ARGUMENT
30064782587,55834579104,ARGUMENT
30064782588,68719487763,ARGUMENT
30064782588,55834579105,ARGUMENT
30064782589,30064782590,ARGUMENT
30064782589,30064782591,ARGUMENT
30064782590,68719487764,ARGUMENT
30064782590,55834579106,ARGUMENT
30064782591,30064782592,ARGUMENT
30064782591,55834579108,ARGUMENT
30064782592,68719487765,ARGUMENT
30064782592,55834579107,ARGUMENT
30064782593,30064782594,ARGUMENT
30064782593,30064782595,ARGUMENT
30064782594,68719487766,ARGUMENT
30064782594,55834579109,ARGUMENT
30064782595,68719487767,ARGUMENT
30064782595,55834579110,ARGUMENT
30064782596,30064782597,ARGUMENT
30064782596,90194315794,ARGUMENT
30064782597,30064782598,ARGUMENT
30064782597,90194315793,ARGUMENT
30064782598,68719487769,ARGUMENT
30064782598,90194315792,ARGUMENT
30064782599,68719487771,ARGUMENT
30064782599,30064782601,ARGUMENT
30064782600,68719487770,ARGUMENT
30064782600,55834579111,ARGUMENT
30064782601,90194315795,ARGUMENT
30064782601,30064782602,ARGUMENT
30064782601,90194315797,ARGUMENT
30064782601,30064782603,ARGUMENT
30064782601,90194315798,ARGUMENT
30064782602,68719487772,ARGUMENT
30064782602,90194315796,ARGUMENT
30064782603,68719487773,ARGUMENT
30064782603,55834579112,ARGUMENT
30064782604,68719487774,ARGUMENT
30064782604,30064782605,ARGUMENT
30064782605,30064782606,ARGUMENT
30064782605,90194315799,ARGUMENT
30064782606,68719487775,ARGUMENT
30064782606,55834579113,ARGUMENT
30064782607,25769805560,ARGUMENT
30064782608,68719487776,ARGUMENT
30064782608,30064782609,ARGUMENT
30064782610,68719487778,ARGUMENT
30064782610,120259084563,ARGUMENT
30064782611,68719487781,ARGUMENT
30064782611,30064782613,ARGUMENT
30064782612,68719487780,ARGUMENT
30064782612,55834579114,ARGUMENT
30064782613,90194315800,ARGUMENT
30064782613,30064782614,ARGUMENT
30064782613,90194315801,ARGUMENT
30064782614,68719487782,ARGUMENT
30064782614,55834579115,ARGUMENT
30064782615,30064782616,ARGUMENT
30064782616,68719487784,ARGUMENT
30064782616,68719487785,ARGUMENT
30064782617,30064782618,ARGUMENT
30064782618,68719487787,ARGUMENT
30064782619,68719487789,ARGUMENT
30064782619,90194315802,ARGUMENT
30064782620,68719487788,ARGUMENT
30064782620,55834579116,ARGUMENT
30064782621,68719487792,ARGUMENT
30064782621,90194315803,ARGUMENT
30064782621,30064782623,ARGUMENT
30064782622,68719487791,ARGUMENT
30064782622,55834579117,ARGUMENT
30064782623,30064782624,ARGUMENT
30064782623,55834579118,ARGUMENT
30064782624,90194315804,ARGUMENT
30064782624,68719487793,ARGUMENT
30064782625,68719487794,ARGUMENT
30064782625,30064782626,ARGUMENT
30064782626,30064782627,ARGUMENT
30064782627,68719487796,ARGUMENT
30064782628,68719487798,ARGUMENT
30064782628,68719487799,ARGUMENT
30064782629,68719487797,ARGUMENT
30064782629,55834579119,ARGUMENT
30064782631,30064782632,ARGUMENT
30064782631,68719487801,ARGUMENT
30064782632,68719487800,ARGUMENT
30064782632,55834579120,ARGUMENT
30064782633,68719487802,ARGUMENT
30064782633,30064782634,ARGUMENT
30064782634,30064782635,ARGUMENT
30064782635,68719487804,ARGUMENT
30064782635,68719487805,ARGUMENT
30064782636,68719487803,ARGUMENT
30064782636,55834579121,ARGUMENT
30064782637,68719487806,ARGUMENT
30064782637,30064782638,ARGUMENT
30064782638,30064782639,ARGUMENT
30064782639,68719487811,ARGUMENT
30064782639,120259084564,ARGUMENT
30064782640,30064782641,ARGUMENT
30064782640,55834579124,ARGUMENT
30064782641,68719487807,ARGUMENT
30064782641,30064782642,ARGUMENT
30064782642,68719487809,ARGUMENT
30064782642,30064782644,ARGUMENT
30064782643,68719487808,ARGUMENT
30064782643,55834579122,ARGUMENT
30064782644,68719487810,ARGUMENT
30064782644,55834579123,ARGUMENT
30064782645,68719487812,ARGUMENT
30064782645,25769805570,ARGUMENT
30064782646,30064782647,ARGUMENT
30064782646,30064782648,ARGUMENT
30064782647,68719487813,ARGUMENT
30064782647,55834579125,ARGUMENT
30064782648,68719487814,ARGUMENT
30064782648,55834579126,ARGUMENT
30064782649,30064782650,ARGUMENT
30064782649,30064782651,ARGUMENT
30064782650,68719487815,ARGUMENT
30064782650,55834579127,ARGUMENT
30064782651,68719487816,ARGUMENT
30064782651,55834579128,ARGUMENT
30064782652,30064782653,ARGUMENT
30064782652,30064782654,ARGUMENT
30064782653,68719487817,ARGUMENT
30064782653,55834579129,ARGUMENT
30064782654,68719487818,ARGUMENT
30064782654,55834579130,ARGUMENT
30064782655,30064782656,ARGUMENT
30064782655,30064782657,ARGUMENT
30064782656,68719487819,ARGUMENT
30064782656,55834579131,ARGUMENT
30064782657,30064782658,ARGUMENT
30064782657,55834579133,ARGUMENT
30064782658,68719487820,ARGUMENT
30064782658,55834579132,ARGUMENT
30064782659,30064782660,ARGUMENT
30064782659,30064782661,ARGUMENT
30064782660,68719487821,ARGUMENT
30064782660,55834579134,ARGUMENT
30064782661,68719487822,ARGUMENT
30064782661,55834579135,ARGUMENT
30064782662,30064782663,ARGUMENT
30064782662,68719487824,ARGUMENT
30064782663,68719487823,ARGUMENT
30064782663,55834579136,ARGUMENT
30064782664,30064782665,ARGUMENT
30064782664,30064782666,ARGUMENT
30064782665,68719487825,ARGUMENT
30064782665,55834579137,ARGUMENT
30064782666,68719487826,ARGUMENT
30064782666,55834579138,ARGUMENT
30064782667,30064782668,ARGUMENT
30064782667,30064782669,ARGUMENT
30064782668,68719487827,ARGUMENT
30064782668,55834579139,ARGUMENT
30064782669,30064782670,ARGUMENT
30064782669,55834579141,ARGUMENT
30064782670,68719487828,ARGUMENT
30064782670,55834579140,ARGUMENT
30064782671,30064782672,ARGUMENT
30064782671,30064782673,ARGUMENT
30064782672,68719487829,ARGUMENT
30064782672,55834579142,ARGUMENT
30064782673,68719487830,ARGUMENT
30064782673,55834579143,ARGUMENT
30064782674,30064782675,ARGUMENT
30064782675,68719487833,ARGUMENT
30064782675,25769805571,ARGUMENT
30064782676,68719487834,ARGUMENT
30064782676,30064782677,ARGUMENT
30064782678,68719487836,ARGUMENT
30064782678,68719487837,ARGUMENT
30064782679,68719487835,ARGUMENT
30064782679,55834579144,ARGUMENT
30064782680,30064782681,ARGUMENT
30064782681,68719487840,ARGUMENT
30064782682,68719487843,ARGUMENT
30064782682,90194315805,ARGUMENT
30064782682,30064782684,ARGUMENT
30064782683,68719487842,ARGUMENT
30064782683,55834579145,ARGUMENT
30064782684,30064782685,ARGUMENT
30064782684,55834579146,ARGUMENT
30064782685,90194315806,ARGUMENT
30064782685,68719487844,ARGUMENT
30064782686,68719487845,ARGUMENT
30064782686,30064782687,ARGUMENT
30064782687,30064782688,ARGUMENT
30064782688,68719487847,ARGUMENT
30064782689,68719487848,ARGUMENT
30064782689,30064782690,ARGUMENT
30064782690,68719487850,ARGUMENT
30064782690,120259084565,ARGUMENT
30064782691,68719487849,ARGUMENT
30064782691,55834579147,ARGUMENT
30064782692,68719487851,ARGUMENT
30064782693,25769805573,ARGUMENT
30064782694,68719487852,ARGUMENT
30064782694,30064782695,ARGUMENT
30064782696,68719487854,ARGUMENT
30064782696,90194315807,ARGUMENT
30064782697,68719487857,ARGUMENT
30064782697,68719487858,ARGUMENT
30064782698,68719487856,ARGUMENT
30064782698,55834579148,ARGUMENT
30064782699,68719487859,ARGUMENT
30064782699,120259084566,ARGUMENT
30064782700,68719487860,ARGUMENT
30064782700,120259084567,ARGUMENT
30064782701,68719487861,ARGUMENT
30064782701,30064782533,ARGUMENT
30064782702,68719487864,ARGUMENT
30064782702,30064782534,ARGUMENT
30064782703,68719487867,ARGUMENT
30064782703,30064782535,ARGUMENT
30064782704,68719487870,ARGUMENT
30064782704,30064782536,ARGUMENT
30064782705,68719487873,ARGUMENT
30064782705,30064782706,ARGUMENT
30064782706,30064782537,ARGUMENT
30064782706,55834579149,ARGUMENT
30064782707,68719487876,ARGUMENT
30064782707,30064782708,ARGUMENT
30064782708,30064782538,ARGUMENT
30064782708,55834579150,ARGUMENT
30064782709,68719487879,ARGUMENT
30064782709,30064782710,ARGUMENT
30064782710,30064782539,ARGUMENT
30064782710,55834579151,ARGUMENT
30064782711,68719487882,ARGUMENT
30064782711,120259084568,ARGUMENT
30064782712,68719487883,ARGUMENT
30064782712,30064782713,ARGUMENT
30064782714,68719487885,ARGUMENT
30064782715,30064782716,ARGUMENT
30064782715,68719487888,ARGUMENT
30064782716,68719487887,ARGUMENT
30064782716,90194315815,ARGUMENT
30064782717,30064782718,ARGUMENT
30064782717,30064782719,ARGUMENT
30064782718,68719487889,ARGUMENT
30064782718,55834579152,ARGUMENT
30064782719,68719487890,ARGUMENT
30064782719,55834579153,ARGUMENT
30064782720,30064782721,ARGUMENT
30064782720,30064782722,ARGUMENT
30064782721,68719487891,ARGUMENT
30064782721,55834579154,ARGUMENT
30064782722,68719487892,ARGUMENT
30064782722,55834579155,ARGUMENT
30064782723,30064782724,ARGUMENT
30064782723,30064782725,ARGUMENT
30064782724,68719487893,ARGUMENT
30064782724,55834579156,ARGUMENT
30064782725,68719487894,ARGUMENT
30064782725,55834579157,ARGUMENT
30064782726,30064782727,ARGUMENT
30064782726,30064782728,ARGUMENT
30064782727,68719487895,ARGUMENT
30064782727,55834579158,ARGUMENT
30064782728,68719487896,ARGUMENT
30064782728,55834579159,ARGUMENT
30064782729,30064782730,ARGUMENT
30064782729,30064782731,ARGUMENT
30064782730,68719487897,ARGUMENT
30064782730,55834579160,ARGUMENT
30064782731,68719487898,ARGUMENT
30064782731,55834579161,ARGUMENT
30064782732,30064782733,ARGUMENT
30064782732,30064782734,ARGUMENT
30064782733,68719487899,ARGUMENT
30064782733,55834579162,ARGUMENT
30064782734,68719487900,ARGUMENT
30064782734,55834579163,ARGUMENT
30064782735,30064782736,ARGUMENT
30064782735,30064782737,ARGUMENT
30064782736,68719487901,ARGUMENT
30064782736,55834579164,ARGUMENT
30064782737,30064782738,ARGUMENT
30064782737,90194315816,ARGUMENT
30064782738,68719487902,ARGUMENT
30064782738,55834579165,ARGUMENT
30064782739,30064782740,ARGUMENT
30064782739,30064782741,ARGUMENT
30064782740,68719487903,ARGUMENT
30064782740,55834579166,ARGUMENT
30064782741,30064782742,ARGUMENT
30064782741,30064782743,ARGUMENT
30064782742,68719487904,ARGUMENT
30064782742,55834579167,ARGUMENT
30064782744,30064782745,ARGUMENT
30064782744,30064782746,ARGUMENT
30064782745,68719487905,ARGUMENT
30064782745,55834579168,ARGUMENT
30064782746,68719487906,ARGUMENT
30064782746,55834579169,ARGUMENT
30064782747,30064782748,ARGUMENT
30064782747,30064782749,ARGUMENT
30064782748,68719487907,ARGUMENT
30064782748,55834579170,ARGUMENT
30064782749,68719487908,ARGUMENT
30064782749,55834579171,ARGUMENT
30064782750,30064782751,ARGUMENT
30064782750,30064782752,ARGUMENT
30064782751,68719487909,ARGUMENT
30064782751,55834579172,ARGUMENT
30064782752,68719487910,ARGUMENT
30064782752,55834579173,ARGUMENT
30064782753,30064782754,ARGUMENT
30064782753,30064782755,ARGUMENT
30064782754,68719487911,ARGUMENT
30064782754,55834579174,ARGUMENT
30064782755,68719487912,ARGUMENT
30064782755,55834579175,ARGUMENT
30064782756,30064782757,ARGUMENT
30064782756,30064782758,ARGUMENT
30064782757,68719487913,ARGUMENT
30064782757,55834579176,ARGUMENT
30064782758,68719487914,ARGUMENT
30064782758,55834579177,ARGUMENT
30064782759,30064782760,ARGUMENT
30064782759,30064782761,ARGUMENT
30064782760,68719487915,ARGUMENT
30064782760,55834579178,ARGUMENT
30064782761,30064782762,ARGUMENT
30064782761,90194315817,ARGUMENT
30064782762,68719487916,ARGUMENT
30064782762,55834579179,ARGUMENT
30064782763,30064782764,ARGUMENT
30064782763,30064782765,ARGUMENT
30064782764,68719487917,ARGUMENT
30064782764,55834579180,ARGUMENT
30064782765,30064782766,ARGUMENT
30064782765,90194315818,ARGUMENT
30064782766,68719487918,ARGUMENT
30064782766,55834579181,ARGUMENT
30064782767,30064782768,ARGUMENT
30064782767,30064782769,ARGUMENT
30064782768,68719487919,ARGUMENT
30064782768,55834579182,ARGUMENT
30064782769,30064782770,ARGUMENT
30064782769,90194315819,ARGUMENT
30064782770,68719487920,ARGUMENT
30064782770,55834579183,ARGUMENT
30064782771,30064782772,ARGUMENT
30064782771,30064782773,ARGUMENT
30064782772,68719487921,ARGUMENT
30064782772,55834579184,ARGUMENT
30064782773,68719487922,ARGUMENT
30064782773,55834579185,ARGUMENT
30064782774,30064782775,ARGUMENT
30064782774,30064782776,ARGUMENT
30064782775,68719487923,ARGUMENT
30064782775,55834579186,ARGUMENT
30064782776,68719487924,ARGUMENT
30064782776,55834579187,ARGUMENT
30064782777,30064782778,ARGUMENT
30064782777,30064782779,ARGUMENT
30064782778,68719487925,ARGUMENT
30064782778,55834579188,ARGUMENT
30064782779,30064782780,ARGUMENT
30064782779,90194315820,ARGUMENT
30064782780,68719487926,ARGUMENT
30064782780,55834579189,ARGUMENT
30064782781,30064782782,ARGUMENT
30064782781,30064782783,ARGUMENT
30064782782,68719487927,ARGUMENT
30064782782,55834579190,ARGUMENT
30064782783,30064782784,ARGUMENT
30064782783,90194315821,ARGUMENT
30064782784,68719487928,ARGUMENT
30064782784,55834579191,ARGUMENT
30064782785,30064782786,ARGUMENT
30064782785,30064782787,ARGUMENT
30064782786,68719487929,ARGUMENT
30064782786,55834579192,ARGUMENT
30064782787,30064782788,ARGUMENT
30064782787,90194315822,ARGUMENT
30064782788,68719487930,ARGUMENT
30064782788,55834579193,ARGUMENT
30064782789,30064782790,ARGUMENT
30064782789,30064782791,ARGUMENT
30064782790,68719487931,ARGUMENT
30064782790,55834579194,ARGUMENT
30064782791,30064782792,ARGUMENT
30064782791,90194315823,ARGUMENT
30064782792,68719487932,ARGUMENT
30064782792,55834579195,ARGUMENT
30064782793,30064782794,ARGUMENT
30064782793,30064782795,ARGUMENT
30064782794,68719487933,ARGUMENT
30064782794,55834579196,ARGUMENT
30064782795,30064782796,ARGUMENT
30064782795,90194315824,ARGUMENT
30064782796,68719487934,ARGUMENT
30064782796,55834579197,ARGUMENT
30064782797,30064782798,ARGUMENT
30064782797,30064782799,ARGUMENT
30064782798,68719487935,ARGUMENT
30064782798,55834579198,ARGUMENT
30064782799,30064782800,ARGUMENT
30064782799,90194315825,ARGUMENT
30064782800,68719487936,ARGUMENT
30064782800,55834579199,ARGUMENT
30064782801,68719487939,ARGUMENT
30064782801,68719487940,ARGUMENT
30064782802,68719487938,ARGUMENT
30064782802,55834579200,ARGUMENT
30064782803,68719487942,ARGUMENT
30064782803,120259084569,ARGUMENT
30064782804,68719487941,ARGUMENT
30064782804,55834579201,ARGUMENT
30064782805,68719487943,ARGUMENT
30064782805,120259084570,ARGUMENT
30064782806,68719487944,ARGUMENT
30064782806,120259084571,ARGUMENT
30064782807,68719487945,ARGUMENT
30064782807,120259084572,ARGUMENT
30064782808,68719487946,ARGUMENT
30064782808,30064782809,ARGUMENT
30064782810,68719487948,ARGUMENT
30064782811,30064782812,ARGUMENT
30064782811,68719487951,ARGUMENT
30064782812,68719487950,ARGUMENT
30064782812,90194315826,ARGUMENT
30064782813,68719488141,ARGUMENT
30064782813,90194315909,ARGUMENT
30064782814,68719488144,ARGUMENT
30064782814,90194315910,ARGUMENT
30064782815,68719487952,ARGUMENT
30064782815,90194315827,ARGUMENT
30064782816,68719487954,ARGUMENT
30064782816,90194315828,ARGUMENT
30064782816,25769805593,ARGUMENT
30064782817,68719487953,ARGUMENT
30064782817,55834579202,ARGUMENT
30064782818,30064782819,ARGUMENT
30064782818,68719487956,ARGUMENT
30064782819,68719487955,ARGUMENT
30064782819,55834579203,ARGUMENT
30064782820,30064782821,ARGUMENT
30064782820,30064782822,ARGUMENT
30064782821,68719487957,ARGUMENT
30064782821,55834579204,ARGUMENT
30064782822,68719487958,ARGUMENT
30064782822,30064782823,ARGUMENT
30064782822,68719487961,ARGUMENT
30064782823,90194315829,ARGUMENT
30064782823,30064782824,ARGUMENT
30064782823,90194315832,ARGUMENT
30064782824,68719487960,ARGUMENT
30064782824,90194315830,ARGUMENT
30064782824,90194315831,ARGUMENT
30064782825,68719487959,ARGUMENT
30064782825,55834579205,ARGUMENT
30064782826,30064782827,ARGUMENT
30064782826,30064782828,ARGUMENT
30064782827,68719487962,ARGUMENT
30064782827,55834579206,ARGUMENT
30064782828,30064782829,ARGUMENT
30064782828,55834579208,ARGUMENT
30064782829,68719487963,ARGUMENT
30064782829,55834579207,ARGUMENT
30064782830,30064782831,ARGUMENT
30064782830,30064782832,ARGUMENT
30064782831,68719487964,ARGUMENT
30064782831,55834579209,ARGUMENT
30064782832,30064782833,ARGUMENT
30064782832,30064782835,ARGUMENT
30064782832,68719487969,ARGUMENT
30064782833,30064782834,ARGUMENT
30064782833,55834579211,ARGUMENT
30064782834,68719487965,ARGUMENT
30064782834,55834579210,ARGUMENT
30064782835,90194315833,ARGUMENT
30064782835,30064782836,ARGUMENT
30064782835,90194315836,ARGUMENT
30064782836,68719487968,ARGUMENT
30064782836,90194315834,ARGUMENT
30064782836,90194315835,ARGUMENT
30064782837,30064782838,ARGUMENT
30064782837,55834579214,ARGUMENT
30064782838,68719487966,ARGUMENT
30064782838,30064782839,ARGUMENT
30064782839,30064782840,ARGUMENT
30064782839,55834579213,ARGUMENT
30064782840,68719487967,ARGUMENT
30064782840,55834579212,ARGUMENT
30064782841,30064782842,ARGUMENT
30064782841,30064782843,ARGUMENT
30064782842,68719487971,ARGUMENT
30064782842,55834579215,ARGUMENT
30064782843,68719487977,ARGUMENT
30064782843,90194315838,ARGUMENT
30064782843,90194315839,ARGUMENT
30064782844,30064782845,ARGUMENT
30064782844,55834579219,ARGUMENT
30064782845,68719487972,ARGUMENT
30064782845,30064782846,ARGUMENT
30064782846,68719487976,ARGUMENT
30064782847,30064782848,ARGUMENT
30064782847,55834579218,ARGUMENT
30064782848,68719487973,ARGUMENT
30064782848,30064782849,ARGUMENT
30064782849,30064782850,ARGUMENT
30064782849,90194315837,ARGUMENT
30064782850,68719487974,ARGUMENT
30064782850,30064782851,ARGUMENT
30064782851,30064782852,ARGUMENT
30064782851,55834579217,ARGUMENT
30064782852,68719487975,ARGUMENT
30064782852,55834579216,ARGUMENT
30064782853,30064782854,ARGUMENT
30064782853,30064782855,ARGUMENT
30064782854,68719487978,ARGUMENT
30064782854,55834579220,ARGUMENT
30064782855,68719487982,ARGUMENT
30064782856,30064782857,ARGUMENT
30064782856,55834579223,ARGUMENT
30064782857,68719487979,ARGUMENT
30064782857,30064782858,ARGUMENT
30064782858,30064782859,ARGUMENT
30064782858,90194315840,ARGUMENT
30064782859,68719487980,ARGUMENT
30064782859,30064782860,ARGUMENT
30064782860,30064782861,ARGUMENT
30064782860,55834579222,ARGUMENT
30064782861,68719487981,ARGUMENT
30064782861,55834579221,ARGUMENT
30064782862,68719487984,ARGUMENT
30064782862,90194315841,ARGUMENT
30064782862,25769805594,ARGUMENT
30064782863,68719487983,ARGUMENT
30064782863,55834579224,ARGUMENT
30064782864,30064782865,ARGUMENT
30064782864,30064782866,ARGUMENT
30064782865,68719487985,ARGUMENT
30064782865,55834579225,ARGUMENT
30064782866,68719487986,ARGUMENT
30064782866,55834579226,ARGUMENT
30064782867,30064782868,ARGUMENT
30064782867,30064782869,ARGUMENT
30064782868,68719487987,ARGUMENT
30064782868,55834579227,ARGUMENT
30064782869,30064782870,ARGUMENT
30064782869,30064782871,ARGUMENT
30064782869,90194315846,ARGUMENT
30064782870,68719487988,ARGUMENT
30064782870,55834579228,ARGUMENT
30064782871,90194315842,ARGUMENT
30064782871,30064782872,ARGUMENT
30064782871,90194315845,ARGUMENT
30064782872,68719487991,ARGUMENT
30064782872,90194315843,ARGUMENT
30064782872,90194315844,ARGUMENT
30064782873,30064782874,ARGUMENT
30064782873,55834579230,ARGUMENT
30064782874,68719487989,ARGUMENT
30064782874,30064782875,ARGUMENT
30064782875,68719487990,ARGUMENT
30064782875,55834579229,ARGUMENT
30064782876,68719487993,ARGUMENT
30064782876,55834579231,ARGUMENT
30064782877,30064782878,ARGUMENT
30064782877,30064782880,ARGUMENT
30064782878,30064782879,ARGUMENT
30064782879,68719487994,ARGUMENT
30064782879,55834579232,ARGUMENT
30064782880,30064782881,ARGUMENT
30064782881,68719487996,ARGUMENT
30064782881,30064782884,ARGUMENT
30064782882,30064782883,ARGUMENT
30064782882,55834579233,ARGUMENT
30064782883,68719487995,ARGUMENT
30064782883,90194315847,ARGUMENT
30064782884,68719487997,ARGUMENT
30064782884,55834579234,ARGUMENT
30064782885,25769805596,ARGUMENT
30064782886,68719487998,ARGUMENT
30064782886,30064782887,ARGUMENT
30064782888,68719488000,ARGUMENT
30064782888,90194315848,ARGUMENT
30064782889,30064782890,ARGUMENT
30064782890,68719488002,ARGUMENT
30064782890,55834579235,ARGUMENT
30064782891,25769805597,ARGUMENT
30064782892,68719488003,ARGUMENT
30064782892,30064782893,ARGUMENT
30064782894,68719488005,ARGUMENT
30064782894,90194315849,ARGUMENT
30064782895,30064782896,ARGUMENT
30064782895,90194315850,ARGUMENT
30064782896,68719488007,ARGUMENT
30064782896,55834579236,ARGUMENT
30064782897,68719488009,ARGUMENT
30064782897,30064782899,ARGUMENT
30064782898,68719488008,ARGUMENT
30064782898,55834579237,ARGUMENT
30064782899,90194315851,ARGUMENT
30064782899,30064782900,ARGUMENT
30064782899,90194315852,ARGUMENT
30064782900,68719488010,ARGUMENT
30064782900,55834579238,ARGUMENT
30064782901,30064782902,ARGUMENT
30064782901,30064782903,ARGUMENT
30064782902,68719488011,ARGUMENT
30064782902,55834579239,ARGUMENT
30064782903,90194315853,ARGUMENT
30064782903,30064782904,ARGUMENT
30064782904,68719488014,ARGUMENT
30064782904,90194315855,ARGUMENT
30064782905,30064782906,ARGUMENT
30064782905,55834579241,ARGUMENT
30064782906,68719488012,ARGUMENT
30064782906,30064782907,ARGUMENT
30064782907,30064782908,ARGUMENT
30064782908,30064782909,ARGUMENT
30064782908,90194315854,ARGUMENT
30064782909,68719488013,ARGUMENT
30064782909,55834579240,ARGUMENT
30064782910,68719488017,ARGUMENT
30064782911,68719488016,ARGUMENT
30064782911,55834579242,ARGUMENT
30064782912,68719488018,ARGUMENT
30064782912,30064782913,ARGUMENT
30064782913,68719488040,ARGUMENT
30064782913,90194315865,ARGUMENT
30064782914,30064782915,ARGUMENT
30064782914,55834579252,ARGUMENT
30064782915,68719488019,ARGUMENT
30064782915,25769805604,ARGUMENT
30064782916,68719488020,ARGUMENT
30064782916,30064782917,ARGUMENT
30064782918,68719488022,ARGUMENT
30064782918,90194315856,ARGUMENT
30064782919,68719488021,ARGUMENT
30064782919,55834579243,ARGUMENT
30064782920,68719488024,ARGUMENT
30064782920,90194315857,ARGUMENT
30064782921,68719488023,ARGUMENT
30064782921,55834579244,ARGUMENT
30064782922,68719488026,ARGUMENT
30064782922,90194315858,ARGUMENT
30064782923,68719488025,ARGUMENT
30064782923,55834579245,ARGUMENT
30064782924,68719488028,ARGUMENT
30064782924,90194315859,ARGUMENT
30064782925,68719488027,ARGUMENT
30064782925,55834579246,ARGUMENT
30064782926,68719488030,ARGUMENT
30064782926,90194315860,ARGUMENT
30064782927,68719488029,ARGUMENT
30064782927,55834579247,ARGUMENT
30064782928,68719488032,ARGUMENT
30064782928,90194315861,ARGUMENT
30064782929,68719488031,ARGUMENT
30064782929,55834579248,ARGUMENT
30064782930,68719488034,ARGUMENT
30064782930,90194315862,ARGUMENT
30064782931,68719488033,ARGUMENT
30064782931,55834579249,ARGUMENT
30064782932,68719488036,ARGUMENT
30064782932,90194315863,ARGUMENT
30064782933,68719488035,ARGUMENT
30064782933,55834579250,ARGUMENT
30064782934,68719488038,ARGUMENT
30064782934,90194315864,ARGUMENT
30064782935,68719488037,ARGUMENT
30064782935,55834579251,ARGUMENT
30064782936,68719488041,ARGUMENT
30064782936,30064782937,ARGUMENT
30064782937,90194315866,ARGUMENT
30064782937,30064782938,ARGUMENT
30064782937,90194315867,ARGUMENT
30064782937,30064782939,ARGUMENT
30064782937,90194315868,ARGUMENT
30064782937,68719488044,ARGUMENT
30064782937,90194315869,ARGUMENT
30064782938,68719488042,ARGUMENT
30064782938,55834579253,ARGUMENT
30064782939,68719488043,ARGUMENT
30064782940,68719488046,ARGUMENT
30064782940,30064782942,ARGUMENT
30064782941,68719488045,ARGUMENT
30064782941,55834579254,ARGUMENT
30064782942,90194315870,ARGUMENT
30064782942,68719488047,ARGUMENT
30064782942,90194315871,ARGUMENT
30064782943,68719488049,ARGUMENT
30064782943,30064782945,ARGUMENT
30064782944,68719488048,ARGUMENT
30064782944,55834579255,ARGUMENT
30064782945,90194315872,ARGUMENT
30064782945,68719488050,ARGUMENT
30064782945,90194315873,ARGUMENT
30064782946,68719488051,ARGUMENT
30064782946,30064782947,ARGUMENT
30064782947,30064782948,ARGUMENT
30064782948,68719488053,ARGUMENT
30064782948,68719488054,ARGUMENT
30064782948,25769805606,ARGUMENT
30064782949,68719488052,ARGUMENT
30064782949,55834579256,ARGUMENT
30064782950,30064782951,ARGUMENT
30064782950,30064782952,ARGUMENT
30064782951,68719488055,ARGUMENT
30064782951,55834579257,ARGUMENT
30064782952,68719488057,ARGUMENT
30064782953,68719488056,ARGUMENT
30064782953,55834579258,ARGUMENT
30064782954,68719488060,ARGUMENT
30064782954,30064782956,ARGUMENT
30064782955,68719488059,ARGUMENT
30064782955,55834579259,ARGUMENT
30064782956,90194315874,ARGUMENT
30064782956,30064782957,ARGUMENT
30064782956,90194315876,ARGUMENT
30064782957,30064782958,ARGUMENT
30064782957,90194315875,ARGUMENT
30064782958,30064782959,ARGUMENT
30064782958,55834579263,ARGUMENT
30064782959,30064782960,ARGUMENT
30064782959,55834579262,ARGUMENT
30064782960,30064782961,ARGUMENT
30064782960,55834579261,ARGUMENT
30064782961,68719488061,ARGUMENT
30064782961,55834579260,ARGUMENT
30064782962,68719488063,ARGUMENT
30064782962,90194315877,ARGUMENT
30064782962,30064782964,ARGUMENT
30064782963,68719488062,ARGUMENT
30064782963,55834579264,ARGUMENT
30064782964,30064782965,ARGUMENT
30064782964,90194315878,ARGUMENT
30064782964,90194315879,ARGUMENT
30064782965,30064782966,ARGUMENT
30064782965,55834579267,ARGUMENT
30064782966,30064782967,ARGUMENT
30064782966,55834579266,ARGUMENT
30064782967,68719488064,ARGUMENT
30064782967,55834579265,ARGUMENT
30064782968,68719488065,ARGUMENT
30064782968,55834579268,ARGUMENT
30064782969,68719488068,ARGUMENT
30064782969,30064782971,ARGUMENT
30064782970,68719488067,ARGUMENT
30064782970,55834579269,ARGUMENT
30064782971,90194315880,ARGUMENT
30064782971,68719488069,ARGUMENT
30064782971,90194315881,ARGUMENT
30064782972,68719488070,ARGUMENT
30064782972,55834579270,ARGUMENT
30064782973,68719488072,ARGUMENT
30064782973,90194315882,ARGUMENT
30064782973,30064782975,ARGUMENT
30064782974,68719488071,ARGUMENT
30064782974,55834579271,ARGUMENT
30064782975,30064782976,ARGUMENT
30064782975,55834579273,ARGUMENT
30064782976,68719488073,ARGUMENT
30064782976,55834579272,ARGUMENT
30064782977,68719488075,ARGUMENT
30064782977,90194315883,ARGUMENT
30064782977,30064782979,ARGUMENT
30064782978,68719488074,ARGUMENT
30064782978,55834579274,ARGUMENT
30064782979,30064782980,ARGUMENT
30064782979,55834579276,ARGUMENT
30064782980,68719488076,ARGUMENT
30064782980,55834579275,ARGUMENT
30064782981,68719488078,ARGUMENT
30064782981,90194315884,ARGUMENT
30064782981,30064782983,ARGUMENT
30064782982,68719488077,ARGUMENT
30064782982,55834579277,ARGUMENT
30064782983,68719488079,ARGUMENT
30064782983,55834579278,ARGUMENT
30064782984,68719488080,ARGUMENT
30064782985,68719488082,ARGUMENT
30064782986,68719488081,ARGUMENT
30064782986,55834579279,ARGUMENT
30064782987,68719488083,ARGUMENT
30064782987,30064782988,ARGUMENT
30064782988,90194315885,ARGUMENT
30064782988,30064782989,ARGUMENT
30064782988,90194315886,ARGUMENT
30064782988,30064782990,ARGUMENT
30064782988,90194315887,ARGUMENT
30064782988,68719488086,ARGUMENT
30064782988,90194315888,ARGUMENT
30064782988,68719488087,ARGUMENT
30064782988,90194315889,ARGUMENT
30064782989,68719488084,ARGUMENT
30064782989,55834579280,ARGUMENT
30064782990,68719488085,ARGUMENT
30064782991,68719488088,ARGUMENT
30064782991,30064782992,ARGUMENT
30064782992,30064782993,ARGUMENT
30064782993,68719488090,ARGUMENT
30064782993,68719488091,ARGUMENT
30064782993,25769805612,ARGUMENT
30064782994,68719488089,ARGUMENT
30064782994,55834579281,ARGUMENT
30064782995,30064782996,ARGUMENT
30064782995,30064782997,ARGUMENT
30064782996,68719488092,ARGUMENT
30064782996,55834579282,ARGUMENT
30064782997,68719488094,ARGUMENT
30064782998,68719488093,ARGUMENT
30064782998,55834579283,ARGUMENT
30064782999,30064783000,ARGUMENT
30064782999,90194315890,ARGUMENT
30064783000,30064783001,ARGUMENT
30064783000,55834579285,ARGUMENT
30064783001,68719488096,ARGUMENT
30064783001,55834579284,ARGUMENT
30064783002,68719488099,ARGUMENT
30064783002,30064783004,ARGUMENT
30064783003,68719488098,ARGUMENT
30064783003,55834579286,ARGUMENT
30064783004,90194315891,ARGUMENT
30064783004,68719488100,ARGUMENT
30064783004,90194315892,ARGUMENT
30064783004,68719488101,ARGUMENT
30064783004,90194315893,ARGUMENT
30064783004,68719488102,ARGUMENT
30064783004,90194315894,ARGUMENT
30064783005,68719488103,ARGUMENT
30064783005,55834579287,ARGUMENT
30064783006,68719488105,ARGUMENT
30064783006,90194315895,ARGUMENT
30064783006,30064783008,ARGUMENT
30064783007,68719488104,ARGUMENT
30064783007,55834579288,ARGUMENT
30064783008,30064783009,ARGUMENT
30064783008,55834579290,ARGUMENT
30064783009,68719488106,ARGUMENT
30064783009,55834579289,ARGUMENT
30064783010,68719488108,ARGUMENT
30064783010,90194315896,ARGUMENT
30064783010,30064783012,ARGUMENT
30064783011,68719488107,ARGUMENT
30064783011,55834579291,ARGUMENT
30064783012,30064783013,ARGUMENT
30064783012,55834579293,ARGUMENT
30064783013,68719488109,ARGUMENT
30064783013,55834579292,ARGUMENT
30064783014,68719488110,ARGUMENT
30064783015,68719488112,ARGUMENT
30064783016,68719488111,ARGUMENT
30064783016,55834579294,ARGUMENT
30064783017,68719488113,ARGUMENT
30064783017,30064783018,ARGUMENT
30064783018,90194315897,ARGUMENT
30064783018,30064783019,ARGUMENT
30064783018,90194315898,ARGUMENT
30064783018,30064783020,ARGUMENT
30064783018,90194315899,ARGUMENT
30064783019,68719488114,ARGUMENT
30064783019,55834579295,ARGUMENT
30064783020,68719488115,ARGUMENT
30064783021,68719488117,ARGUMENT
30064783021,30064783023,ARGUMENT
30064783022,68719488116,ARGUMENT
30064783022,55834579296,ARGUMENT
30064783023,90194315900,ARGUMENT
30064783023,68719488118,ARGUMENT
30064783023,90194315901,ARGUMENT
30064783024,68719488119,ARGUMENT
30064783024,30064783025,ARGUMENT
30064783025,30064783026,ARGUMENT
30064783026,68719488121,ARGUMENT
30064783026,68719488122,ARGUMENT
30064783026,25769805617,ARGUMENT
30064783027,68719488120,ARGUMENT
30064783027,55834579297,ARGUMENT
30064783028,30064783029,ARGUMENT
30064783028,30064783030,ARGUMENT
30064783029,68719488123,ARGUMENT
30064783029,55834579298,ARGUMENT
30064783030,68719488125,ARGUMENT
30064783031,68719488124,ARGUMENT
30064783031,55834579299,ARGUMENT
30064783032,68719488128,ARGUMENT
30064783032,90194315902,ARGUMENT
30064783032,30064783034,ARGUMENT
30064783033,68719488127,ARGUMENT
30064783033,55834579300,ARGUMENT
30064783034,30064783035,ARGUMENT
30064783034,90194315903,ARGUMENT
30064783034,90194315904,ARGUMENT
30064783035,68719488129,ARGUMENT
30064783035,55834579301,ARGUMENT
30064783036,68719488130,ARGUMENT
30064783036,55834579302,ARGUMENT
30064783037,68719488133,ARGUMENT
30064783037,30064783039,ARGUMENT
30064783038,68719488132,ARGUMENT
30064783038,55834579303,ARGUMENT
30064783039,90194315905,ARGUMENT
30064783039,68719488134,ARGUMENT
30064783039,90194315906,ARGUMENT
30064783040,68719488135,ARGUMENT
30064783040,55834579304,ARGUMENT
30064783041,68719488137,ARGUMENT
30064783041,90194315907,ARGUMENT
30064783041,30064783043,ARGUMENT
30064783042,68719488136,ARGUMENT
30064783042,55834579305,ARGUMENT
30064783043,30064783044,ARGUMENT
30064783043,55834579307,ARGUMENT
30064783044,68719488138,ARGUMENT
30064783044,55834579306,ARGUMENT
30064783045,68719488139,ARGUMENT
30064783045,30064782813,ARGUMENT
30064783046,68719488142,ARGUMENT
30064783046,30064783047,ARGUMENT
30064783047,30064782814,ARGUMENT
30064783047,55834579308,ARGUMENT
30064783048,68719488145,ARGUMENT
30064783048,120259084573,ARGUMENT
30064783049,30064783050,ARGUMENT
30064783049,68719488147,ARGUMENT
30064783050,68719488146,ARGUMENT
30064783050,55834579309,ARGUMENT
30064783051,68719488209,ARGUMENT
30064783051,90194315933,ARGUMENT
30064783052,68719488212,ARGUMENT
30064783052,90194315934,ARGUMENT
30064783053,30064783054,ARGUMENT
30064783053,68719488149,ARGUMENT
30064783054,68719488148,ARGUMENT
30064783054,55834579310,ARGUMENT
30064783055,68719488150,ARGUMENT
30064783055,30064783056,ARGUMENT
30064783056,68719488152,ARGUMENT
30064783056,120259084574,ARGUMENT
30064783057,68719488151,ARGUMENT
30064783057,55834579311,ARGUMENT
30064783058,68719488153,ARGUMENT
30064783059,30064783060,ARGUMENT
30064783059,68719488155,ARGUMENT
30064783060,68719488154,ARGUMENT
30064783060,55834579312,ARGUMENT
30064783061,30064783062,ARGUMENT
30064783061,90194315912,ARGUMENT
30064783062,30064783063,ARGUMENT
30064783063,68719488156,ARGUMENT
30064783063,55834579313,ARGUMENT
30064783064,30064783065,ARGUMENT
30064783064,68719488158,ARGUMENT
30064783065,30064783066,ARGUMENT
30064783065,55834579315,ARGUMENT
30064783066,68719488157,ARGUMENT
30064783066,55834579314,ARGUMENT
30064783067,30064783068,ARGUMENT
30064783067,90194315913,ARGUMENT
30064783068,30064783069,ARGUMENT
30064783069,30064783070,ARGUMENT
30064783069,55834579317,ARGUMENT
30064783070,68719488159,ARGUMENT
30064783070,55834579316,ARGUMENT
30064783071,68719488160,ARGUMENT
30064783071,30064783072,ARGUMENT
30064783072,30064783073,ARGUMENT
30064783072,30064783074,ARGUMENT
30064783073,68719488161,ARGUMENT
30064783073,55834579318,ARGUMENT
30064783075,68719488162,ARGUMENT
30064783075,120259084575,ARGUMENT
30064783076,68719488163,ARGUMENT
30064783076,30064783077,ARGUMENT
30064783077,68719488165,ARGUMENT
30064783077,90194315915,ARGUMENT
30064783078,68719488166,ARGUMENT
30064783078,30064783079,ARGUMENT
30064783079,68719488168,ARGUMENT
30064783079,68719488169,ARGUMENT
30064783080,68719488167,ARGUMENT
30064783080,55834579319,ARGUMENT
30064783081,68719488170,ARGUMENT
30064783081,25769805629,ARGUMENT
30064783082,30064783083,ARGUMENT
30064783082,68719488172,ARGUMENT
30064783083,68719488171,ARGUMENT
30064783083,55834579320,ARGUMENT
30064783084,30064783085,ARGUMENT
30064783084,68719488174,ARGUMENT
30064783085,68719488173,ARGUMENT
30064783085,55834579321,ARGUMENT
30064783086,30064783087,ARGUMENT
30064783086,30064783088,ARGUMENT
30064783087,68719488175,ARGUMENT
30064783087,55834579322,ARGUMENT
30064783088,68719488177,ARGUMENT
30064783088,90194315916,ARGUMENT
30064783089,30064783090,ARGUMENT
30064783089,68719488179,ARGUMENT
30064783090,68719488178,ARGUMENT
30064783090,55834579323,ARGUMENT
30064783091,30064783092,ARGUMENT
30064783091,30064783093,ARGUMENT
30064783092,68719488180,ARGUMENT
30064783092,55834579324,ARGUMENT
30064783093,68719488182,ARGUMENT
30064783093,90194315917,ARGUMENT
30064783094,30064783095,ARGUMENT
30064783094,30064783096,ARGUMENT
30064783095,68719488183,ARGUMENT
30064783095,55834579325,ARGUMENT
30064783096,68719488185,ARGUMENT
30064783096,90194315918,ARGUMENT
30064783097,30064783098,ARGUMENT
30064783097,30064783099,ARGUMENT
30064783098,68719488186,ARGUMENT
30064783098,55834579326,ARGUMENT
30064783099,68719488188,ARGUMENT
30064783099,90194315919,ARGUMENT
30064783100,30064783101,ARGUMENT
30064783100,30064783102,ARGUMENT
30064783101,68719488189,ARGUMENT
30064783101,55834579327,ARGUMENT
30064783102,68719488191,ARGUMENT
30064783102,90194315920,ARGUMENT
30064783103,30064783104,ARGUMENT
30064783103,30064783105,ARGUMENT
30064783104,68719488192,ARGUMENT
30064783104,55834579328,ARGUMENT
30064783105,68719488194,ARGUMENT
30064783105,90194315921,ARGUMENT
30064783106,30064783107,ARGUMENT
30064783106,30064783108,ARGUMENT
30064783107,68719488195,ARGUMENT
30064783107,55834579329,ARGUMENT
30064783108,68719488197,ARGUMENT
30064783108,90194315922,ARGUMENT
30064783109,68719488200,ARGUMENT
30064783109,90194315923,ARGUMENT
30064783109,68719488201,ARGUMENT
30064783110,68719488199,ARGUMENT
30064783110,55834579330,ARGUMENT
30064783111,68719488203,ARGUMENT
30064783111,90194315924,ARGUMENT
30064783112,68719488204,ARGUMENT
30064783112,90194315926,ARGUMENT
30064783113,68719488205,ARGUMENT
30064783113,90194315928,ARGUMENT
30064783114,68719488206,ARGUMENT
30064783114,90194315930,ARGUMENT
30064783115,68719488207,ARGUMENT
30064783115,30064783116,ARGUMENT
30064783116,30064783051,ARGUMENT
30064783116,55834579331,ARGUMENT
30064783117,68719488210,ARGUMENT
30064783117,30064783118,ARGUMENT
30064783118,30064783052,ARGUMENT
30064783118,55834579332,ARGUMENT
30064783119,68719488213,ARGUMENT
30064783119,120259084576,ARGUMENT
30064783120,30064783121,ARGUMENT
30064783120,68719488215,ARGUMENT
30064783121,68719488214,ARGUMENT
30064783121,55834579333,ARGUMENT
30064783122,68719488435,ARGUMENT
30064783122,90194315972,ARGUMENT
30064783123,68719488438,ARGUMENT
30064783123,90194315973,ARGUMENT
30064783124,68719488441,ARGUMENT
30064783124,90194315974,ARGUMENT
30064783125,68719488444,ARGUMENT
30064783125,90194315975,ARGUMENT
30064783126,68719488447,ARGUMENT
30064783126,90194315976,ARGUMENT
30064783127,68719488216,ARGUMENT
30064783127,30064783128,ARGUMENT
30064783128,68719488218,ARGUMENT
30064783129,68719488219,ARGUMENT
30064783129,30064783130,ARGUMENT
30064783130,68719488221,ARGUMENT
30064783130,30064783132,ARGUMENT
30064783131,68719488220,ARGUMENT
30064783131,55834579334,ARGUMENT
30064783132,68719488222,ARGUMENT
30064783132,55834579335,ARGUMENT
30064783133,68719488223,ARGUMENT
30064783133,90194315935,ARGUMENT
30064783134,68719488224,ARGUMENT
30064783134,25769805637,ARGUMENT
30064783135,68719488225,ARGUMENT
30064783135,30064783136,ARGUMENT
30064783137,68719488227,ARGUMENT
30064783137,68719488228,ARGUMENT
30064783138,68719488226,ARGUMENT
30064783138,55834579336,ARGUMENT
30064783139,68719488230,ARGUMENT
30064783139,30064783141,ARGUMENT
30064783140,68719488229,ARGUMENT
30064783140,55834579337,ARGUMENT
30064783141,68719488231,ARGUMENT
30064783141,55834579338,ARGUMENT
30064783142,68719488233,ARGUMENT
30064783142,30064783144,ARGUMENT
30064783143,68719488232,ARGUMENT
30064783143,55834579339,ARGUMENT
30064783144,68719488234,ARGUMENT
30064783144,55834579340,ARGUMENT
30064783145,68719488236,ARGUMENT
30064783145,30064783147,ARGUMENT
30064783146,68719488235,ARGUMENT
30064783146,55834579341,ARGUMENT
30064783147,68719488237,ARGUMENT
30064783147,55834579342,ARGUMENT
30064783148,68719488239,ARGUMENT
30064783148,30064783150,ARGUMENT
30064783149,68719488238,ARGUMENT
30064783149,55834579343,ARGUMENT
30064783150,68719488240,ARGUMENT
30064783150,55834579344,ARGUMENT
30064783151,68719488242,ARGUMENT
30064783151,68719488243,ARGUMENT
30064783152,68719488241,ARGUMENT
30064783152,55834579345,ARGUMENT
30064783153,68719488245,ARGUMENT
30064783153,30064783155,ARGUMENT
30064783154,68719488244,ARGUMENT
30064783154,55834579346,ARGUMENT
30064783155,68719488246,ARGUMENT
30064783155,55834579347,ARGUMENT
30064783156,68719488248,ARGUMENT
30064783156,30064783158,ARGUMENT
30064783157,68719488247,ARGUMENT
30064783157,55834579348,ARGUMENT
30064783158,68719488249,ARGUMENT
30064783158,55834579349,ARGUMENT
30064783159,68719488251,ARGUMENT
30064783159,30064783161,ARGUMENT
30064783160,68719488250,ARGUMENT
30064783160,55834579350,ARGUMENT
30064783161,68719488252,ARGUMENT
30064783161,55834579351,ARGUMENT
30064783162,68719488254,ARGUMENT
30064783162,30064783164,ARGUMENT
30064783163,68719488253,ARGUMENT
30064783163,55834579352,ARGUMENT
30064783164,68719488255,ARGUMENT
30064783164,55834579353,ARGUMENT
30064783165,68719488257,ARGUMENT
30064783165,30064783167,ARGUMENT
30064783166,68719488256,ARGUMENT
30064783166,55834579354,ARGUMENT
30064783167,68719488258,ARGUMENT
30064783167,55834579355,ARGUMENT
30064783168,68719488260,ARGUMENT
30064783168,30064783170,ARGUMENT
30064783169,68719488259,ARGUMENT
30064783169,55834579356,ARGUMENT
30064783170,68719488261,ARGUMENT
30064783170,55834579357,ARGUMENT
30064783171,30064783172,ARGUMENT
30064783172,68719488264,ARGUMENT
30064783172,68719488265,ARGUMENT
30064783172,68719488266,ARGUMENT
30064783173,68719488263,ARGUMENT
30064783173,55834579358,ARGUMENT
30064783174,68719488268,ARGUMENT
30064783174,30064783176,ARGUMENT
30064783175,68719488267,ARGUMENT
30064783175,55834579359,ARGUMENT
30064783176,90194315936,ARGUMENT
30064783176,68719488269,ARGUMENT
30064783176,90194315937,ARGUMENT
30064783177,68719488272,ARGUMENT
30064783177,30064783179,ARGUMENT
30064783177,30064783180,ARGUMENT
30064783178,68719488271,ARGUMENT
30064783178,55834579360,ARGUMENT
30064783179,90194315938,ARGUMENT
30064783179,68719488273,ARGUMENT
30064783179,90194315939,ARGUMENT
30064783180,68719488274,ARGUMENT
30064783180,55834579361,ARGUMENT
30064783181,68719488275,ARGUMENT
30064783182,68719488276,ARGUMENT
30064783182,30064783183,ARGUMENT
30064783183,68719488278,ARGUMENT
30064783184,68719488279,ARGUMENT
30064783184,30064783185,ARGUMENT
30064783185,68719488281,ARGUMENT
30064783185,25769805641,ARGUMENT
30064783186,30064783187,ARGUMENT
30064783186,30064783188,ARGUMENT
30064783187,68719488282,ARGUMENT
30064783187,55834579362,ARGUMENT
30064783188,68719488283,ARGUMENT
30064783188,55834579363,ARGUMENT
30064783189,30064783190,ARGUMENT
30064783189,30064783191,ARGUMENT
30064783190,68719488284,ARGUMENT
30064783190,55834579364,ARGUMENT
30064783191,68719488285,ARGUMENT
30064783191,55834579365,ARGUMENT
30064783192,30064783193,ARGUMENT
30064783192,30064783194,ARGUMENT
30064783193,68719488286,ARGUMENT
30064783193,55834579366,ARGUMENT
30064783194,68719488287,ARGUMENT
30064783194,55834579367,ARGUMENT
30064783195,30064783196,ARGUMENT
30064783195,30064783197,ARGUMENT
30064783196,68719488288,ARGUMENT
30064783196,55834579368,ARGUMENT
30064783197,68719488289,ARGUMENT
30064783197,55834579369,ARGUMENT
30064783198,68719488291,ARGUMENT
30064783198,90194315940,ARGUMENT
30064783199,68719488292,ARGUMENT
30064783199,25769805642,ARGUMENT
30064783200,68719488293,ARGUMENT
30064783200,30064783201,ARGUMENT
30064783202,68719488295,ARGUMENT
30064783202,68719488296,ARGUMENT
30064783203,68719488294,ARGUMENT
30064783203,55834579370,ARGUMENT
30064783204,68719488298,ARGUMENT
30064783204,30064783206,ARGUMENT
30064783205,68719488297,ARGUMENT
30064783205,55834579371,ARGUMENT
30064783206,68719488299,ARGUMENT
30064783206,55834579372,ARGUMENT
30064783207,68719488301,ARGUMENT
30064783207,30064783209,ARGUMENT
30064783208,68719488300,ARGUMENT
30064783208,55834579373,ARGUMENT
30064783209,68719488302,ARGUMENT
30064783209,55834579374,ARGUMENT
30064783210,68719488304,ARGUMENT
30064783210,30064783212,ARGUMENT
30064783211,68719488303,ARGUMENT
30064783211,55834579375,ARGUMENT
30064783212,68719488305,ARGUMENT
30064783212,55834579376,ARGUMENT
30064783213,68719488307,ARGUMENT
30064783213,30064783215,ARGUMENT
30064783214,68719488306,ARGUMENT
30064783214,55834579377,ARGUMENT
30064783215,68719488308,ARGUMENT
30064783215,55834579378,ARGUMENT
30064783216,68719488310,ARGUMENT
30064783216,30064783218,ARGUMENT
30064783217,68719488309,ARGUMENT
30064783217,55834579379,ARGUMENT
30064783218,68719488311,ARGUMENT
30064783218,55834579380,ARGUMENT
30064783219,68719488313,ARGUMENT
30064783219,30064783221,ARGUMENT
30064783220,68719488312,ARGUMENT
30064783220,55834579381,ARGUMENT
30064783221,68719488314,ARGUMENT
30064783221,55834579382,ARGUMENT
30064783222,68719488316,ARGUMENT
30064783222,68719488317,ARGUMENT
30064783223,68719488315,ARGUMENT
30064783223,55834579383,ARGUMENT
30064783224,30064783225,ARGUMENT
30064783225,68719488320,ARGUMENT
30064783225,68719488321,ARGUMENT
30064783225,68719488322,ARGUMENT
30064783226,68719488319,ARGUMENT
30064783226,55834579384,ARGUMENT
30064783227,68719488324,ARGUMENT
30064783227,30064783229,ARGUMENT
30064783228,68719488323,ARGUMENT
30064783228,55834579385,ARGUMENT
30064783229,90194315941,ARGUMENT
30064783229,68719488325,ARGUMENT
30064783229,90194315942,ARGUMENT
30064783229,68719488326,ARGUMENT
30064783229,90194315943,ARGUMENT
30064783230,68719488329,ARGUMENT
30064783230,30064783232,ARGUMENT
30064783230,30064783233,ARGUMENT
30064783231,68719488328,ARGUMENT
30064783231,55834579386,ARGUMENT
30064783232,90194315944,ARGUMENT
30064783232,68719488330,ARGUMENT
30064783232,90194315945,ARGUMENT
30064783233,68719488331,ARGUMENT
30064783233,55834579387,ARGUMENT
30064783234,68719488332,ARGUMENT
30064783235,68719488333,ARGUMENT
30064783235,30064783236,ARGUMENT
30064783236,68719488335,ARGUMENT
30064783237,68719488336,ARGUMENT
30064783237,90194315946,ARGUMENT
30064783238,68719488337,ARGUMENT
30064783238,30064783239,ARGUMENT
30064783239,30064783240,ARGUMENT
30064783240,68719488339,ARGUMENT
30064783240,68719488340,ARGUMENT
30064783240,25769805647,ARGUMENT
30064783241,68719488338,ARGUMENT
30064783241,55834579388,ARGUMENT
30064783242,68719488341,ARGUMENT
30064783242,30064783243,ARGUMENT
30064783244,68719488343,ARGUMENT
30064783244,68719488344,ARGUMENT
30064783245,68719488342,ARGUMENT
30064783245,55834579389,ARGUMENT
30064783246,30064783247,ARGUMENT
30064783246,30064783250,ARGUMENT
30064783246,90194315949,ARGUMENT
30064783247,30064783248,ARGUMENT
30064783247,90194315947,ARGUMENT
30064783248,30064783249,ARGUMENT
30064783248,55834579391,ARGUMENT
30064783249,68719488346,ARGUMENT
30064783249,55834579390,ARGUMENT
30064783250,30064783251,ARGUMENT
30064783250,90194315948,ARGUMENT
30064783251,68719488347,ARGUMENT
30064783251,55834579392,ARGUMENT
30064783252,68719488350,ARGUMENT
30064783252,30064783254,ARGUMENT
30064783252,30064783255,ARGUMENT
30064783253,68719488349,ARGUMENT
30064783253,55834579393,ARGUMENT
30064783254,90194315950,ARGUMENT
30064783254,68719488351,ARGUMENT
30064783254,90194315951,ARGUMENT
30064783255,68719488352,ARGUMENT
30064783255,55834579394,ARGUMENT
30064783256,68719488353,ARGUMENT
30064783257,68719488354,ARGUMENT
30064783257,30064783258,ARGUMENT
30064783258,30064783259,ARGUMENT
30064783258,90194315952,ARGUMENT
30064783258,68719488356,ARGUMENT
30064783259,68719488355,ARGUMENT
30064783259,30064783260,ARGUMENT
30064783261,68719488357,ARGUMENT
30064783261,30064783262,ARGUMENT
30064783262,68719488359,ARGUMENT
30064783263,68719488360,ARGUMENT
30064783263,30064783264,ARGUMENT
30064783264,90194315953,ARGUMENT
30064783264,68719488361,ARGUMENT
30064783264,90194315954,ARGUMENT
30064783265,68719488362,ARGUMENT
30064783265,30064783266,ARGUMENT
30064783266,30064783267,ARGUMENT
30064783267,68719488364,ARGUMENT
30064783267,68719488365,ARGUMENT
30064783267,25769805651,ARGUMENT
30064783268,68719488363,ARGUMENT
30064783268,55834579395,ARGUMENT
30064783269,68719488366,ARGUMENT
30064783269,30064783270,ARGUMENT
30064783271,68719488368,ARGUMENT
30064783271,68719488369,ARGUMENT
30064783272,68719488367,ARGUMENT
30064783272,55834579396,ARGUMENT
30064783273,68719488371,ARGUMENT
30064783273,55834579397,ARGUMENT
30064783274,68719488374,ARGUMENT
30064783274,30064783276,ARGUMENT
30064783274,30064783277,ARGUMENT
30064783275,68719488373,ARGUMENT
30064783275,55834579398,ARGUMENT
30064783276,90194315955,ARGUMENT
30064783276,68719488375,ARGUMENT
30064783276,90194315956,ARGUMENT
30064783277,68719488376,ARGUMENT
30064783277,55834579399,ARGUMENT
30064783278,68719488377,ARGUMENT
30064783279,68719488378,ARGUMENT
30064783279,30064783280,ARGUMENT
30064783280,68719488380,ARGUMENT
30064783281,68719488381,ARGUMENT
30064783281,90194315957,ARGUMENT
30064783282,68719488382,ARGUMENT
30064783282,30064783283,ARGUMENT
30064783283,30064783284,ARGUMENT
30064783284,68719488384,ARGUMENT
30064783284,68719488385,ARGUMENT
30064783284,25769805655,ARGUMENT
30064783285,68719488383,ARGUMENT
30064783285,55834579400,ARGUMENT
30064783286,68719488386,ARGUMENT
30064783286,30064783287,ARGUMENT
30064783288,68719488388,ARGUMENT
30064783288,68719488389,ARGUMENT
30064783289,68719488387,ARGUMENT
30064783289,55834579401,ARGUMENT
30064783290,68719488391,ARGUMENT
30064783290,55834579402,ARGUMENT
30064783291,68719488394,ARGUMENT
30064783291,30064783293,ARGUMENT
30064783291,30064783294,ARGUMENT
30064783292,68719488393,ARGUMENT
30064783292,55834579403,ARGUMENT
30064783293,90194315958,ARGUMENT
30064783293,68719488395,ARGUMENT
30064783293,90194315959,ARGUMENT
30064783294,68719488396,ARGUMENT
30064783294,55834579404,ARGUMENT
30064783295,68719488397,ARGUMENT
30064783296,68719488398,ARGUMENT
30064783296,30064783297,ARGUMENT
30064783297,68719488400,ARGUMENT
30064783298,30064783299,ARGUMENT
30064783299,68719488402,ARGUMENT
30064783299,90194315960,ARGUMENT
30064783299,25769805658,ARGUMENT
30064783300,68719488401,ARGUMENT
30064783300,55834579405,ARGUMENT
30064783301,68719488403,ARGUMENT
30064783301,30064783302,ARGUMENT
30064783303,68719488405,ARGUMENT
30064783303,68719488406,ARGUMENT
30064783304,68719488404,ARGUMENT
30064783304,55834579406,ARGUMENT
30064783305,30064783306,ARGUMENT
30064783306,68719488409,ARGUMENT
30064783306,90194315961,ARGUMENT
30064783306,25769805659,ARGUMENT
30064783307,68719488408,ARGUMENT
30064783307,55834579407,ARGUMENT
30064783308,68719488410,ARGUMENT
30064783308,30064783309,ARGUMENT
30064783310,68719488412,ARGUMENT
30064783310,68719488413,ARGUMENT
30064783311,68719488411,ARGUMENT
30064783311,55834579408,ARGUMENT
30064783312,68719488416,ARGUMENT
30064783312,30064783314,ARGUMENT
30064783313,68719488415,ARGUMENT
30064783313,55834579409,ARGUMENT
30064783314,90194315962,ARGUMENT
30064783314,68719488417,ARGUMENT
30064783314,90194315963,ARGUMENT
30064783315,68719488420,ARGUMENT
30064783315,30064783317,ARGUMENT
30064783315,30064783318,ARGUMENT
30064783316,68719488419,ARGUMENT
30064783316,55834579410,ARGUMENT
30064783317,90194315964,ARGUMENT
30064783317,68719488421,ARGUMENT
30064783317,90194315965,ARGUMENT
30064783318,68719488422,ARGUMENT
30064783318,55834579411,ARGUMENT
30064783319,68719488423,ARGUMENT
30064783320,68719488424,ARGUMENT
30064783320,25769805663,ARGUMENT
30064783321,30064783322,ARGUMENT
30064783321,90194315966,ARGUMENT
30064783322,68719488425,ARGUMENT
30064783322,55834579412,ARGUMENT
30064783323,30064783324,ARGUMENT
30064783323,90194315967,ARGUMENT
30064783324,68719488426,ARGUMENT
30064783324,55834579413,ARGUMENT
30064783325,30064783326,ARGUMENT
30064783325,90194315968,ARGUMENT
30064783326,68719488427,ARGUMENT
30064783326,55834579414,ARGUMENT
30064783327,30064783328,ARGUMENT
30064783327,90194315969,ARGUMENT
30064783328,68719488428,ARGUMENT
30064783328,55834579415,ARGUMENT
30064783329,30064783330,ARGUMENT
30064783329,90194315970,ARGUMENT
30064783330,68719488429,ARGUMENT
30064783330,55834579416,ARGUMENT
30064783331,30064783332,ARGUMENT
30064783331,90194315971,ARGUMENT
30064783332,68719488431,ARGUMENT
30064783332,68719488432,ARGUMENT
30064783333,68719488433,ARGUMENT
30064783333,30064783334,ARGUMENT
30064783334,30064783122,ARGUMENT
30064783334,55834579417,ARGUMENT
30064783335,68719488436,ARGUMENT
30064783335,30064783336,ARGUMENT
30064783336,30064783123,ARGUMENT
30064783336,55834579418,ARGUMENT
30064783337,68719488439,ARGUMENT
30064783337,30064783338,ARGUMENT
30064783338,30064783124,ARGUMENT
30064783338,55834579419,ARGUMENT
30064783339,68719488442,ARGUMENT
30064783339,30064783340,ARGUMENT
30064783340,30064783125,ARGUMENT
30064783340,55834579420,ARGUMENT
30064783341,68719488445,ARGUMENT
30064783341,30064783342,ARGUMENT
30064783342,30064783126,ARGUMENT
30064783342,55834579421,ARGUMENT
30064783343,68719488448,ARGUMENT
30064783343,120259084577,ARGUMENT
30064783344,30064783345,ARGUMENT
30064783344,68719488450,ARGUMENT
30064783345,68719488449,ARGUMENT
30064783345,55834579422,ARGUMENT
30064783346,68719488565,ARGUMENT
30064783346,90194315994,ARGUMENT
30064783347,68719488568,ARGUMENT
30064783347,90194315995,ARGUMENT
30064783348,68719488571,ARGUMENT
30064783348,90194315996,ARGUMENT
30064783349,68719488574,ARGUMENT
30064783349,90194315997,ARGUMENT
30064783350,30064783351,ARGUMENT
30064783350,25769805668,ARGUMENT
30064783351,68719488451,ARGUMENT
30064783351,55834579423,ARGUMENT
30064783352,68719488452,ARGUMENT
30064783352,30064783353,ARGUMENT
30064783354,68719488454,ARGUMENT
30064783355,30064783356,ARGUMENT
30064783355,25769805669,ARGUMENT
30064783356,68719488456,ARGUMENT
30064783356,55834579424,ARGUMENT
30064783357,68719488457,ARGUMENT
30064783357,30064783358,ARGUMENT
30064783359,68719488459,ARGUMENT
30064783360,30064783361,ARGUMENT
30064783360,25769805670,ARGUMENT
30064783361,68719488461,ARGUMENT
30064783361,55834579425,ARGUMENT
30064783362,68719488462,ARGUMENT
30064783362,30064783363,ARGUMENT
30064783364,68719488464,ARGUMENT
30064783365,68719488467,ARGUMENT
30064783365,30064783367,ARGUMENT
30064783366,68719488466,ARGUMENT
30064783366,55834579426,ARGUMENT
30064783367,90194315977,ARGUMENT
30064783367,68719488468,ARGUMENT
30064783367,90194315978,ARGUMENT
30064783368,68719488469,ARGUMENT
30064783368,30064783369,ARGUMENT
30064783369,30064783370,ARGUMENT
30064783370,68719488471,ARGUMENT
30064783370,68719488472,ARGUMENT
30064783371,68719488473,ARGUMENT
30064783372,25769805673,ARGUMENT
30064783373,68719488474,ARGUMENT
30064783373,30064783374,ARGUMENT
30064783375,68719488476,ARGUMENT
30064783375,30064783376,ARGUMENT
30064783376,90194315979,ARGUMENT
30064783376,68719488477,ARGUMENT
30064783376,90194315980,ARGUMENT
30064783377,68719488480,ARGUMENT
30064783377,30064783379,ARGUMENT
30064783378,68719488479,ARGUMENT
30064783378,55834579427,ARGUMENT
30064783379,90194315981,ARGUMENT
30064783379,68719488481,ARGUMENT
30064783379,90194315982,ARGUMENT
30064783380,68719488482,ARGUMENT
30064783380,30064783381,ARGUMENT
30064783381,30064783382,ARGUMENT
30064783382,68719488485,ARGUMENT
30064783382,68719488486,ARGUMENT
30064783383,30064783384,ARGUMENT
30064783383,55834579429,ARGUMENT
30064783384,68719488483,ARGUMENT
30064783384,30064783385,ARGUMENT
30064783385,68719488484,ARGUMENT
30064783385,55834579428,ARGUMENT
30064783386,68719488487,ARGUMENT
30064783386,30064783387,ARGUMENT
30064783387,30064783388,ARGUMENT
30064783388,68719488489,ARGUMENT
30064783388,68719488490,ARGUMENT
30064783389,68719488488,ARGUMENT
30064783389,55834579430,ARGUMENT
30064783390,68719488491,ARGUMENT
30064783390,30064783391,ARGUMENT
30064783391,68719488494,ARGUMENT
30064783391,30064783395,ARGUMENT
30064783391,30064783396,ARGUMENT
30064783391,30064783397,ARGUMENT
30064783392,30064783393,ARGUMENT
30064783392,55834579432,ARGUMENT
30064783393,68719488492,ARGUMENT
30064783393,30064783394,ARGUMENT
30064783394,68719488493,ARGUMENT
30064783394,55834579431,ARGUMENT
30064783395,68719488495,ARGUMENT
30064783395,55834579433,ARGUMENT
30064783396,68719488496,ARGUMENT
30064783396,55834579434,ARGUMENT
30064783397,68719488497,ARGUMENT
30064783397,55834579435,ARGUMENT
30064783398,68719488499,ARGUMENT
30064783398,90194315983,ARGUMENT
30064783398,25769805674,ARGUMENT
30064783399,68719488498,ARGUMENT
30064783399,55834579436,ARGUMENT
30064783400,30064783401,ARGUMENT
30064783400,30064783402,ARGUMENT
30064783401,68719488500,ARGUMENT
30064783401,55834579437,ARGUMENT
30064783402,68719488501,ARGUMENT
30064783402,55834579438,ARGUMENT
30064783403,30064783404,ARGUMENT
30064783403,30064783405,ARGUMENT
30064783404,68719488502,ARGUMENT
30064783404,55834579439,ARGUMENT
30064783405,68719488503,ARGUMENT
30064783405,55834579440,ARGUMENT
30064783406,30064783407,ARGUMENT
30064783406,30064783408,ARGUMENT
30064783407,68719488504,ARGUMENT
30064783407,55834579441,ARGUMENT
30064783408,68719488505,ARGUMENT
30064783408,55834579442,ARGUMENT
30064783409,30064783410,ARGUMENT
30064783409,30064783411,ARGUMENT
30064783410,68719488506,ARGUMENT
30064783410,55834579443,ARGUMENT
30064783411,68719488507,ARGUMENT
30064783411,55834579444,ARGUMENT
30064783412,30064783413,ARGUMENT
30064783412,30064783414,ARGUMENT
30064783413,68719488508,ARGUMENT
30064783413,55834579445,ARGUMENT
30064783414,68719488509,ARGUMENT
30064783414,55834579446,ARGUMENT
30064783415,30064783416,ARGUMENT
30064783415,30064783417,ARGUMENT
30064783416,68719488510,ARGUMENT
30064783416,55834579447,ARGUMENT
30064783417,68719488511,ARGUMENT
30064783417,55834579448,ARGUMENT
30064783418,30064783419,ARGUMENT
30064783419,68719488515,ARGUMENT
30064783419,68719488516,ARGUMENT
30064783419,68719488517,ARGUMENT
30064783420,30064783421,ARGUMENT
30064783420,55834579450,ARGUMENT
30064783421,68719488513,ARGUMENT
30064783421,30064783422,ARGUMENT
30064783422,68719488514,ARGUMENT
30064783422,55834579449,ARGUMENT
30064783423,30064783424,ARGUMENT
30064783424,68719488520,ARGUMENT
30064783424,68719488521,ARGUMENT
30064783424,68719488522,ARGUMENT
30064783425,30064783426,ARGUMENT
30064783425,55834579452,ARGUMENT
30064783426,68719488518,ARGUMENT
30064783426,30064783427,ARGUMENT
30064783427,68719488519,ARGUMENT
30064783427,55834579451,ARGUMENT
30064783428,68719488524,ARGUMENT
30064783428,30064783430,ARGUMENT
30064783429,68719488523,ARGUMENT
30064783429,55834579453,ARGUMENT
30064783430,90194315984,ARGUMENT
30064783430,68719488525,ARGUMENT
30064783430,90194315985,ARGUMENT
30064783431,68719488528,ARGUMENT
30064783431,30064783433,ARGUMENT
30064783431,30064783434,ARGUMENT
30064783432,68719488527,ARGUMENT
30064783432,55834579454,ARGUMENT
30064783433,90194315986,ARGUMENT
30064783433,68719488529,ARGUMENT
30064783433,90194315987,ARGUMENT
30064783434,68719488530,ARGUMENT
30064783434,55834579455,ARGUMENT
30064783435,68719488531,ARGUMENT
30064783436,68719488532,ARGUMENT
30064783436,30064783437,ARGUMENT
30064783437,30064783438,ARGUMENT
30064783438,68719488535,ARGUMENT
30064783438,68719488536,ARGUMENT
30064783439,30064783440,ARGUMENT
30064783439,55834579457,ARGUMENT
30064783440,68719488533,ARGUMENT
30064783440,30064783441,ARGUMENT
30064783441,68719488534,ARGUMENT
30064783441,55834579456,ARGUMENT
30064783442,68719488537,ARGUMENT
30064783442,30064783443,ARGUMENT
30064783443,30064783444,ARGUMENT
30064783444,68719488540,ARGUMENT
30064783444,68719488541,ARGUMENT
30064783444,90194315988,ARGUMENT
30064783444,90194315989,ARGUMENT
30064783445,30064783446,ARGUMENT
30064783445,55834579459,ARGUMENT
30064783446,68719488538,ARGUMENT
30064783446,30064783447,ARGUMENT
30064783447,68719488539,ARGUMENT
30064783447,55834579458,ARGUMENT
30064783448,68719488542,ARGUMENT
30064783448,30064783449,ARGUMENT
30064783449,30064783450,ARGUMENT
30064783450,68719488545,ARGUMENT
30064783450,68719488546,ARGUMENT
30064783450,90194315990,ARGUMENT
30064783450,90194315991,ARGUMENT
30064783451,30064783452,ARGUMENT
30064783451,55834579461,ARGUMENT
30064783452,68719488543,ARGUMENT
30064783452,30064783453,ARGUMENT
30064783453,68719488544,ARGUMENT
30064783453,55834579460,ARGUMENT
30064783454,68719488548,ARGUMENT
30064783454,90194315992,ARGUMENT
30064783454,25769805679,ARGUMENT
30064783455,68719488547,ARGUMENT
30064783455,55834579462,ARGUMENT
30064783456,30064783457,ARGUMENT
30064783456,30064783458,ARGUMENT
30064783457,68719488549,ARGUMENT
30064783457,55834579463,ARGUMENT
30064783458,30064783459,ARGUMENT
30064783459,30064783460,ARGUMENT
30064783460,68719488550,ARGUMENT
30064783460,55834579464,ARGUMENT
30064783461,30064783462,ARGUMENT
30064783461,30064783463,ARGUMENT
30064783462,68719488551,ARGUMENT
30064783462,55834579465,ARGUMENT
30064783463,30064783464,ARGUMENT
30064783464,30064783465,ARGUMENT
30064783465,30064783466,ARGUMENT
30064783465,55834579467,ARGUMENT
30064783466,68719488552,ARGUMENT
30064783466,55834579466,ARGUMENT
30064783467,30064783468,ARGUMENT
30064783467,30064783469,ARGUMENT
30064783468,68719488553,ARGUMENT
30064783468,55834579468,ARGUMENT
30064783469,30064783470,ARGUMENT
30064783469,90194315993,ARGUMENT
30064783470,30064783471,ARGUMENT
30064783470,55834579471,ARGUMENT
30064783471,30064783472,ARGUMENT
30064783471,55834579470,ARGUMENT
30064783472,68719488554,ARGUMENT
30064783472,55834579469,ARGUMENT
30064783473,30064783474,ARGUMENT
30064783473,30064783475,ARGUMENT
30064783474,68719488556,ARGUMENT
30064783474,55834579472,ARGUMENT
30064783475,68719488557,ARGUMENT
30064783475,55834579473,ARGUMENT
30064783476,30064783477,ARGUMENT
30064783476,68719488559,ARGUMENT
30064783477,68719488558,ARGUMENT
30064783477,55834579474,ARGUMENT
30064783478,30064783479,ARGUMENT
30064783478,68719488561,ARGUMENT
30064783479,68719488560,ARGUMENT
30064783479,55834579475,ARGUMENT
30064783480,68719488563,ARGUMENT
30064783480,30064783481,ARGUMENT
30064783481,30064783346,ARGUMENT
30064783481,55834579476,ARGUMENT
30064783482,68719488566,ARGUMENT
30064783482,30064783483,ARGUMENT
30064783483,30064783347,ARGUMENT
30064783483,55834579477,ARGUMENT
30064783484,68719488569,ARGUMENT
30064783484,30064783485,ARGUMENT
30064783485,30064783348,ARGUMENT
30064783485,55834579478,ARGUMENT
30064783486,68719488572,ARGUMENT
30064783486,30064783487,ARGUMENT
30064783487,30064783349,ARGUMENT
30064783487,55834579479,ARGUMENT
30064783488,68719488575,ARGUMENT
30064783488,120259084578,ARGUMENT
30064783489,30064783490,ARGUMENT
30064783489,68719488577,ARGUMENT
30064783490,68719488576,ARGUMENT
30064783490,55834579480,ARGUMENT
30064783491,68719488687,ARGUMENT
30064783491,90194316039,ARGUMENT
30064783492,68719488690,ARGUMENT
30064783492,90194316040,ARGUMENT
30064783493,68719488578,ARGUMENT
30064783493,90194315998,ARGUMENT
30064783494,30064783495,ARGUMENT
30064783494,30064783496,ARGUMENT
30064783495,68719488579,ARGUMENT
30064783495,55834579481,ARGUMENT
30064783496,68719488585,ARGUMENT
30064783496,90194316000,ARGUMENT
30064783496,90194316001,ARGUMENT
30064783497,30064783498,ARGUMENT
30064783497,55834579485,ARGUMENT
30064783498,68719488580,ARGUMENT
30064783498,30064783499,ARGUMENT
30064783499,68719488584,ARGUMENT
30064783500,30064783501,ARGUMENT
30064783500,55834579484,ARGUMENT
30064783501,68719488581,ARGUMENT
30064783501,30064783502,ARGUMENT
30064783502,30064783503,ARGUMENT
30064783502,90194315999,ARGUMENT
30064783503,68719488582,ARGUMENT
30064783503,30064783504,ARGUMENT
30064783504,30064783505,ARGUMENT
30064783504,55834579483,ARGUMENT
30064783505,68719488583,ARGUMENT
30064783505,55834579482,ARGUMENT
30064783506,30064783507,ARGUMENT
30064783506,30064783508,ARGUMENT
30064783507,68719488586,ARGUMENT
30064783507,55834579486,ARGUMENT
30064783508,68719488590,ARGUMENT
30064783509,30064783510,ARGUMENT
30064783509,55834579489,ARGUMENT
30064783510,68719488587,ARGUMENT
30064783510,30064783511,ARGUMENT
30064783511,30064783512,ARGUMENT
30064783511,90194316002,ARGUMENT
30064783512,68719488588,ARGUMENT
30064783512,30064783513,ARGUMENT
30064783513,30064783514,ARGUMENT
30064783513,55834579488,ARGUMENT
30064783514,68719488589,ARGUMENT
30064783514,55834579487,ARGUMENT
30064783515,68719488591,ARGUMENT
30064783515,55834579490,ARGUMENT
30064783516,30064783517,ARGUMENT
30064783516,30064783519,ARGUMENT
30064783517,30064783518,ARGUMENT
30064783518,68719488592,ARGUMENT
30064783518,55834579491,ARGUMENT
30064783519,30064783520,ARGUMENT
30064783520,68719488594,ARGUMENT
30064783520,30064783523,ARGUMENT
30064783521,30064783522,ARGUMENT
30064783521,55834579492,ARGUMENT
30064783522,68719488593,ARGUMENT
30064783522,90194316003,ARGUMENT
30064783523,68719488595,ARGUMENT
30064783523,55834579493,ARGUMENT
30064783524,25769805685,ARGUMENT
30064783525,68719488596,ARGUMENT
30064783525,30064783526,ARGUMENT
30064783527,68719488598,ARGUMENT
30064783527,90194316004,ARGUMENT
30064783528,30064783529,ARGUMENT
30064783529,68719488600,ARGUMENT
30064783529,55834579494,ARGUMENT
30064783530,25769805686,ARGUMENT
30064783531,68719488601,ARGUMENT
30064783531,30064783532,ARGUMENT
30064783533,68719488603,ARGUMENT
30064783533,90194316005,ARGUMENT
30064783534,30064783535,ARGUMENT
30064783534,90194316006,ARGUMENT
30064783535,68719488605,ARGUMENT
30064783535,55834579495,ARGUMENT
30064783536,68719488607,ARGUMENT
30064783536,30064783538,ARGUMENT
30064783537,68719488606,ARGUMENT
30064783537,55834579496,ARGUMENT
30064783538,90194316007,ARGUMENT
30064783538,30064783539,ARGUMENT
30064783538,90194316008,ARGUMENT
30064783539,68719488608,ARGUMENT
30064783539,55834579497,ARGUMENT
30064783540,30064783541,ARGUMENT
30064783540,30064783542,ARGUMENT
30064783541,68719488609,ARGUMENT
30064783541,55834579498,ARGUMENT
30064783542,90194316009,ARGUMENT
30064783542,30064783543,ARGUMENT
30064783543,68719488612,ARGUMENT
30064783543,90194316011,ARGUMENT
30064783544,30064783545,ARGUMENT
30064783544,55834579500,ARGUMENT
30064783545,68719488610,ARGUMENT
30064783545,30064783546,ARGUMENT
30064783546,30064783547,ARGUMENT
30064783547,30064783548,ARGUMENT
30064783547,90194316010,ARGUMENT
30064783548,68719488611,ARGUMENT
30064783548,55834579499,ARGUMENT
30064783549,68719488615,ARGUMENT
30064783550,68719488614,ARGUMENT
30064783550,55834579501,ARGUMENT
30064783551,68719488616,ARGUMENT
30064783551,30064783552,ARGUMENT
30064783552,68719488628,ARGUMENT
30064783552,90194316016,ARGUMENT
30064783553,30064783554,ARGUMENT
30064783553,55834579506,ARGUMENT
30064783554,68719488617,ARGUMENT
30064783554,25769805693,ARGUMENT
30064783555,68719488618,ARGUMENT
30064783555,30064783556,ARGUMENT
30064783557,68719488620,ARGUMENT
30064783557,90194316012,ARGUMENT
30064783558,68719488619,ARGUMENT
30064783558,55834579502,ARGUMENT
30064783559,68719488622,ARGUMENT
30064783559,90194316013,ARGUMENT
30064783560,68719488621,ARGUMENT
30064783560,55834579503,ARGUMENT
30064783561,68719488624,ARGUMENT
30064783561,90194316014,ARGUMENT
30064783562,68719488623,ARGUMENT
30064783562,55834579504,ARGUMENT
30064783563,68719488626,ARGUMENT
30064783563,90194316015,ARGUMENT
30064783564,68719488625,ARGUMENT
30064783564,55834579505,ARGUMENT
30064783565,68719488629,ARGUMENT
30064783565,30064783566,ARGUMENT
30064783566,90194316017,ARGUMENT
30064783566,30064783567,ARGUMENT
30064783566,90194316018,ARGUMENT
30064783566,30064783568,ARGUMENT
30064783566,90194316019,ARGUMENT
30064783566,68719488632,ARGUMENT
30064783566,90194316020,ARGUMENT
30064783567,68719488630,ARGUMENT
30064783567,55834579507,ARGUMENT
30064783568,68719488631,ARGUMENT
30064783569,68719488634,ARGUMENT
30064783569,30064783571,ARGUMENT
30064783570,68719488633,ARGUMENT
30064783570,55834579508,ARGUMENT
30064783571,90194316021,ARGUMENT
30064783571,68719488635,ARGUMENT
30064783571,90194316022,ARGUMENT
30064783572,68719488636,ARGUMENT
30064783572,30064783573,ARGUMENT
30064783573,30064783574,ARGUMENT
30064783574,68719488638,ARGUMENT
30064783574,68719488639,ARGUMENT
30064783574,25769805695,ARGUMENT
30064783575,68719488637,ARGUMENT
30064783575,55834579509,ARGUMENT
30064783576,30064783577,ARGUMENT
30064783576,30064783578,ARGUMENT
30064783577,68719488640,ARGUMENT
30064783577,55834579510,ARGUMENT
30064783578,68719488642,ARGUMENT
30064783579,68719488641,ARGUMENT
30064783579,55834579511,ARGUMENT
30064783580,68719488645,ARGUMENT
30064783580,30064783582,ARGUMENT
30064783581,68719488644,ARGUMENT
30064783581,55834579512,ARGUMENT
30064783582,90194316023,ARGUMENT
30064783582,30064783583,ARGUMENT
30064783582,90194316025,ARGUMENT
30064783583,30064783584,ARGUMENT
30064783583,90194316024,ARGUMENT
30064783584,30064783585,ARGUMENT
30064783584,55834579516,ARGUMENT
30064783585,30064783586,ARGUMENT
30064783585,55834579515,ARGUMENT
30064783586,30064783587,ARGUMENT
30064783586,55834579514,ARGUMENT
30064783587,68719488646,ARGUMENT
30064783587,55834579513,ARGUMENT
30064783588,68719488647,ARGUMENT
30064783588,55834579517,ARGUMENT
30064783589,68719488650,ARGUMENT
30064783589,30064783591,ARGUMENT
30064783590,68719488649,ARGUMENT
30064783590,55834579518,ARGUMENT
30064783591,90194316026,ARGUMENT
30064783591,68719488651,ARGUMENT
30064783591,90194316027,ARGUMENT
30064783592,68719488652,ARGUMENT
30064783592,55834579519,ARGUMENT
30064783593,68719488654,ARGUMENT
30064783593,90194316028,ARGUMENT
30064783593,30064783595,ARGUMENT
30064783594,68719488653,ARGUMENT
30064783594,55834579520,ARGUMENT
30064783595,30064783596,ARGUMENT
30064783595,55834579522,ARGUMENT
30064783596,68719488655,ARGUMENT
30064783596,55834579521,ARGUMENT
30064783597,68719488657,ARGUMENT
30064783597,90194316029,ARGUMENT
30064783597,30064783599,ARGUMENT
30064783598,68719488656,ARGUMENT
30064783598,55834579523,ARGUMENT
30064783599,30064783600,ARGUMENT
30064783599,55834579525,ARGUMENT
30064783600,68719488658,ARGUMENT
30064783600,55834579524,ARGUMENT
30064783601,68719488659,ARGUMENT
30064783602,68719488661,ARGUMENT
30064783603,68719488660,ARGUMENT
30064783603,55834579526,ARGUMENT
30064783604,68719488662,ARGUMENT
30064783604,30064783605,ARGUMENT
30064783605,90194316030,ARGUMENT
30064783605,30064783606,ARGUMENT
30064783605,90194316031,ARGUMENT
30064783605,30064783607,ARGUMENT
30064783605,90194316032,ARGUMENT
30064783605,68719488665,ARGUMENT
30064783605,90194316033,ARGUMENT
30064783606,68719488663,ARGUMENT
30064783606,55834579527,ARGUMENT
30064783607,68719488664,ARGUMENT
30064783608,68719488666,ARGUMENT
30064783608,30064783609,ARGUMENT
30064783609,30064783610,ARGUMENT
30064783610,68719488668,ARGUMENT
30064783610,68719488669,ARGUMENT
30064783610,25769805700,ARGUMENT
30064783611,68719488667,ARGUMENT
30064783611,55834579528,ARGUMENT
30064783612,30064783613,ARGUMENT
30064783612,30064783614,ARGUMENT
30064783613,68719488670,ARGUMENT
30064783613,55834579529,ARGUMENT
30064783614,68719488672,ARGUMENT
30064783615,68719488671,ARGUMENT
30064783615,55834579530,ARGUMENT
30064783616,30064783617,ARGUMENT
30064783616,90194316034,ARGUMENT
30064783617,30064783618,ARGUMENT
30064783617,55834579532,ARGUMENT
30064783618,68719488674,ARGUMENT
30064783618,55834579531,ARGUMENT
30064783619,68719488677,ARGUMENT
30064783619,30064783621,ARGUMENT
30064783620,68719488676,ARGUMENT
30064783620,55834579533,ARGUMENT
30064783621,90194316035,ARGUMENT
30064783621,68719488678,ARGUMENT
30064783621,90194316036,ARGUMENT
30064783621,68719488679,ARGUMENT
30064783621,90194316037,ARGUMENT
30064783622,68719488680,ARGUMENT
30064783622,55834579534,ARGUMENT
30064783623,68719488682,ARGUMENT
30064783623,90194316038,ARGUMENT
30064783623,30064783625,ARGUMENT
30064783624,68719488681,ARGUMENT
30064783624,55834579535,ARGUMENT
30064783625,30064783626,ARGUMENT
30064783625,55834579537,ARGUMENT
30064783626,68719488683,ARGUMENT
30064783626,55834579536,ARGUMENT
30064783627,68719488684,ARGUMENT
30064783628,68719488685,ARGUMENT
30064783628,30064783491,ARGUMENT
30064783629,68719488688,ARGUMENT
30064783629,30064783630,ARGUMENT
30064783630,30064783492,ARGUMENT
30064783630,55834579538,ARGUMENT
30064783631,68719488691,ARGUMENT
30064783631,120259084579,ARGUMENT
30064783632,30064783633,ARGUMENT
30064783632,68719488693,ARGUMENT
30064783633,68719488692,ARGUMENT
30064783633,55834579539,ARGUMENT
30064783634,68719488743,ARGUMENT
30064783634,90194316059,ARGUMENT
30064783635,30064783636,ARGUMENT
30064783635,68719488695,ARGUMENT
30064783636,68719488694,ARGUMENT
30064783636,55834579540,ARGUMENT
30064783637,68719488696,ARGUMENT
30064783637,30064783638,ARGUMENT
30064783638,68719488698,ARGUMENT
30064783638,120259084580,ARGUMENT
30064783639,68719488697,ARGUMENT
30064783639,55834579541,ARGUMENT
30064783640,68719488699,ARGUMENT
30064783641,30064783642,ARGUMENT
30064783641,68719488701,ARGUMENT
30064783642,68719488700,ARGUMENT
30064783642,55834579542,ARGUMENT
30064783643,30064783644,ARGUMENT
30064783643,90194316042,ARGUMENT
30064783644,30064783645,ARGUMENT
30064783645,68719488702,ARGUMENT
30064783645,55834579543,ARGUMENT
30064783646,30064783647,ARGUMENT
30064783646,68719488704,ARGUMENT
30064783647,30064783648,ARGUMENT
30064783647,55834579545,ARGUMENT
30064783648,68719488703,ARGUMENT
30064783648,55834579544,ARGUMENT
30064783649,30064783650,ARGUMENT
30064783649,90194316043,ARGUMENT
30064783650,30064783651,ARGUMENT
30064783651,30064783652,ARGUMENT
30064783651,55834579547,ARGUMENT
30064783652,68719488705,ARGUMENT
30064783652,55834579546,ARGUMENT
30064783653,68719488706,ARGUMENT
30064783653,30064783654,ARGUMENT
30064783654,30064783655,ARGUMENT
30064783654,30064783656,ARGUMENT
30064783655,68719488707,ARGUMENT
30064783655,55834579548,ARGUMENT
30064783657,68719488708,ARGUMENT
30064783657,120259084581,ARGUMENT
30064783658,68719488709,ARGUMENT
30064783658,30064783659,ARGUMENT
30064783659,68719488711,ARGUMENT
30064783659,90194316045,ARGUMENT
30064783660,68719488712,ARGUMENT
30064783660,30064783661,ARGUMENT
30064783661,68719488714,ARGUMENT
30064783661,68719488715,ARGUMENT
30064783662,68719488713,ARGUMENT
30064783662,55834579549,ARGUMENT
30064783663,68719488716,ARGUMENT
30064783663,25769805712,ARGUMENT
30064783664,30064783665,ARGUMENT
30064783664,30064783666,ARGUMENT
30064783665,68719488717,ARGUMENT
30064783665,55834579550,ARGUMENT
30064783666,68719488719,ARGUMENT
30064783666,90194316046,ARGUMENT
30064783667,30064783668,ARGUMENT
30064783667,68719488721,ARGUMENT
30064783668,68719488720,ARGUMENT
30064783668,55834579551,ARGUMENT
30064783669,30064783670,ARGUMENT
30064783669,68719488723,ARGUMENT
30064783670,68719488722,ARGUMENT
30064783670,55834579552,ARGUMENT
30064783671,30064783672,ARGUMENT
30064783671,30064783673,ARGUMENT
30064783672,68719488724,ARGUMENT
30064783672,55834579553,ARGUMENT
30064783673,68719488726,ARGUMENT
30064783673,90194316047,ARGUMENT
30064783674,30064783675,ARGUMENT
30064783674,68719488728,ARGUMENT
30064783675,68719488727,ARGUMENT
30064783675,55834579554,ARGUMENT
30064783676,30064783677,ARGUMENT
30064783676,30064783678,ARGUMENT
30064783677,68719488729,ARGUMENT
30064783677,55834579555,ARGUMENT
30064783678,68719488731,ARGUMENT
30064783678,90194316048,ARGUMENT
30064783679,68719488734,ARGUMENT
30064783679,90194316049,ARGUMENT
30064783679,68719488735,ARGUMENT
30064783680,68719488733,ARGUMENT
30064783680,55834579556,ARGUMENT
30064783681,68719488737,ARGUMENT
30064783681,90194316050,ARGUMENT
30064783682,68719488738,ARGUMENT
30064783682,90194316052,ARGUMENT
30064783683,68719488739,ARGUMENT
30064783683,90194316054,ARGUMENT
30064783684,68719488740,ARGUMENT
30064783684,90194316056,ARGUMENT
30064783685,68719488741,ARGUMENT
30064783685,30064783686,ARGUMENT
30064783686,30064783634,ARGUMENT
30064783686,55834579557,ARGUMENT
30064783687,68719488744,ARGUMENT
30064783687,120259084582,ARGUMENT
30064783688,30064783689,ARGUMENT
30064783688,68719488746,ARGUMENT
30064783689,68719488745,ARGUMENT
30064783689,55834579558,ARGUMENT
30064783690,68719488918,ARGUMENT
30064783690,90194316094,ARGUMENT
30064783691,68719488921,ARGUMENT
30064783691,90194316095,ARGUMENT
30064783692,68719488924,ARGUMENT
30064783692,90194316096,ARGUMENT
30064783693,68719488927,ARGUMENT
30064783693,90194316097,ARGUMENT
30064783694,68719488930,ARGUMENT
30064783694,90194316098,ARGUMENT
30064783695,68719488747,ARGUMENT
30064783695,30064783696,ARGUMENT
30064783696,68719488749,ARGUMENT
30064783697,68719488750,ARGUMENT
30064783697,30064783698,ARGUMENT
30064783698,68719488752,ARGUMENT
30064783698,30064783700,ARGUMENT
30064783699,68719488751,ARGUMENT
30064783699,55834579559,ARGUMENT
30064783700,68719488753,ARGUMENT
30064783700,55834579560,ARGUMENT
30064783701,68719488754,ARGUMENT
30064783701,90194316060,ARGUMENT
30064783702,68719488755,ARGUMENT
30064783702,25769805719,ARGUMENT
30064783703,68719488756,ARGUMENT
30064783703,30064783704,ARGUMENT
30064783705,68719488758,ARGUMENT
30064783705,68719488759,ARGUMENT
30064783706,68719488757,ARGUMENT
30064783706,55834579561,ARGUMENT
30064783707,68719488761,ARGUMENT
30064783707,30064783709,ARGUMENT
30064783708,68719488760,ARGUMENT
30064783708,55834579562,ARGUMENT
30064783709,68719488762,ARGUMENT
30064783709,55834579563,ARGUMENT
30064783710,68719488764,ARGUMENT
30064783710,30064783712,ARGUMENT
30064783711,68719488763,ARGUMENT
30064783711,55834579564,ARGUMENT
30064783712,68719488765,ARGUMENT
30064783712,55834579565,ARGUMENT
30064783713,68719488767,ARGUMENT
30064783713,30064783715,ARGUMENT
30064783714,68719488766,ARGUMENT
30064783714,55834579566,ARGUMENT
30064783715,68719488768,ARGUMENT
30064783715,55834579567,ARGUMENT
30064783716,68719488770,ARGUMENT
30064783716,30064783718,ARGUMENT
30064783717,68719488769,ARGUMENT
30064783717,55834579568,ARGUMENT
30064783718,68719488771,ARGUMENT
30064783718,55834579569,ARGUMENT
30064783719,68719488773,ARGUMENT
30064783719,30064783721,ARGUMENT
30064783720,68719488772,ARGUMENT
30064783720,55834579570,ARGUMENT
30064783721,68719488774,ARGUMENT
30064783721,55834579571,ARGUMENT
30064783722,68719488776,ARGUMENT
30064783722,68719488777,ARGUMENT
30064783723,68719488775,ARGUMENT
30064783723,55834579572,ARGUMENT
30064783724,68719488779,ARGUMENT
30064783724,30064783726,ARGUMENT
30064783725,68719488778,ARGUMENT
30064783725,55834579573,ARGUMENT
30064783726,68719488780,ARGUMENT
30064783726,55834579574,ARGUMENT
30064783727,30064783728,ARGUMENT
30064783728,68719488783,ARGUMENT
30064783728,68719488784,ARGUMENT
30064783728,68719488785,ARGUMENT
30064783729,68719488782,ARGUMENT
30064783729,55834579575,ARGUMENT
30064783730,68719488787,ARGUMENT
30064783730,30064783732,ARGUMENT
30064783731,68719488786,ARGUMENT
30064783731,55834579576,ARGUMENT
30064783732,90194316061,ARGUMENT
30064783732,68719488788,ARGUMENT
30064783732,90194316062,ARGUMENT
30064783733,68719488791,ARGUMENT
30064783733,30064783735,ARGUMENT
30064783733,30064783736,ARGUMENT
30064783734,68719488790,ARGUMENT
30064783734,55834579577,ARGUMENT
30064783735,90194316063,ARGUMENT
30064783735,68719488792,ARGUMENT
30064783735,90194316064,ARGUMENT
30064783736,68719488793,ARGUMENT
30064783736,55834579578,ARGUMENT
30064783737,68719488794,ARGUMENT
30064783738,68719488795,ARGUMENT
30064783738,30064783739,ARGUMENT
30064783739,68719488797,ARGUMENT
30064783740,68719488798,ARGUMENT
30064783740,30064783741,ARGUMENT
30064783741,68719488800,ARGUMENT
30064783741,25769805723,ARGUMENT
30064783742,30064783743,ARGUMENT
30064783742,30064783744,ARGUMENT
30064783743,68719488801,ARGUMENT
30064783743,55834579579,ARGUMENT
30064783744,68719488802,ARGUMENT
30064783744,55834579580,ARGUMENT
30064783745,30064783746,ARGUMENT
30064783745,30064783747,ARGUMENT
30064783746,68719488803,ARGUMENT
30064783746,55834579581,ARGUMENT
30064783747,68719488804,ARGUMENT
30064783747,55834579582,ARGUMENT
30064783748,68719488806,ARGUMENT
30064783748,90194316065,ARGUMENT
30064783749,68719488807,ARGUMENT
30064783749,25769805724,ARGUMENT
30064783750,68719488808,ARGUMENT
30064783750,30064783751,ARGUMENT
30064783752,68719488810,ARGUMENT
30064783752,68719488811,ARGUMENT
30064783753,68719488809,ARGUMENT
30064783753,55834579583,ARGUMENT
30064783754,68719488813,ARGUMENT
30064783754,30064783756,ARGUMENT
30064783755,68719488812,ARGUMENT
30064783755,55834579584,ARGUMENT
30064783756,68719488814,ARGUMENT
30064783756,55834579585,ARGUMENT
30064783757,68719488816,ARGUMENT
30064783757,30064783759,ARGUMENT
30064783758,68719488815,ARGUMENT
30064783758,55834579586,ARGUMENT
30064783759,68719488817,ARGUMENT
30064783759,55834579587,ARGUMENT
30064783760,68719488819,ARGUMENT
30064783760,68719488820,ARGUMENT
30064783761,68719488818,ARGUMENT
30064783761,55834579588,ARGUMENT
30064783762,30064783763,ARGUMENT
30064783763,68719488823,ARGUMENT
30064783763,68719488824,ARGUMENT
30064783763,68719488825,ARGUMENT
30064783764,68719488822,ARGUMENT
30064783764,55834579589,ARGUMENT
30064783765,68719488827,ARGUMENT
30064783765,30064783767,ARGUMENT
30064783766,68719488826,ARGUMENT
30064783766,55834579590,ARGUMENT
30064783767,90194316066,ARGUMENT
30064783767,68719488828,ARGUMENT
30064783767,90194316067,ARGUMENT
30064783767,68719488829,ARGUMENT
30064783767,90194316068,ARGUMENT
30064783768,68719488832,ARGUMENT
30064783768,30064783770,ARGUMENT
30064783768,30064783771,ARGUMENT
30064783769,68719488831,ARGUMENT
30064783769,55834579591,ARGUMENT
30064783770,90194316069,ARGUMENT
30064783770,68719488833,ARGUMENT
30064783770,90194316070,ARGUMENT
30064783771,68719488834,ARGUMENT
30064783771,55834579592,ARGUMENT
30064783772,68719488835,ARGUMENT
30064783773,68719488836,ARGUMENT
30064783773,30064783774,ARGUMENT
30064783774,68719488838,ARGUMENT
30064783775,68719488839,ARGUMENT
30064783775,90194316071,ARGUMENT
30064783776,68719488840,ARGUMENT
30064783776,30064783777,ARGUMENT
30064783777,30064783778,ARGUMENT
30064783778,68719488842,ARGUMENT
30064783778,68719488843,ARGUMENT
30064783778,25769805729,ARGUMENT
30064783779,68719488841,ARGUMENT
30064783779,55834579593,ARGUMENT
30064783780,68719488844,ARGUMENT
30064783780,30064783781,ARGUMENT
30064783782,68719488846,ARGUMENT
30064783782,68719488847,ARGUMENT
30064783783,68719488845,ARGUMENT
30064783783,55834579594,ARGUMENT
30064783784,30064783785,ARGUMENT
30064783784,30064783788,ARGUMENT
30064783784,90194316074,ARGUMENT
30064783785,30064783786,ARGUMENT
30064783785,90194316072,ARGUMENT
30064783786,30064783787,ARGUMENT
30064783786,55834579596,ARGUMENT
30064783787,68719488849,ARGUMENT
30064783787,55834579595,ARGUMENT
30064783788,30064783789,ARGUMENT
30064783788,90194316073,ARGUMENT
30064783789,68719488850,ARGUMENT
30064783789,55834579597,ARGUMENT
30064783790,68719488853,ARGUMENT
30064783790,30064783792,ARGUMENT
30064783790,30064783793,ARGUMENT
30064783791,68719488852,ARGUMENT
30064783791,55834579598,ARGUMENT
30064783792,90194316075,ARGUMENT
30064783792,68719488854,ARGUMENT
30064783792,90194316076,ARGUMENT
30064783793,68719488855,ARGUMENT
30064783793,55834579599,ARGUMENT
30064783794,68719488856,ARGUMENT
30064783795,68719488857,ARGUMENT
30064783795,30064783796,ARGUMENT
30064783796,30064783797,ARGUMENT
30064783796,90194316077,ARGUMENT
30064783796,68719488859,ARGUMENT
30064783797,68719488858,ARGUMENT
30064783797,30064783798,ARGUMENT
30064783799,68719488860,ARGUMENT
30064783799,30064783800,ARGUMENT
30064783800,68719488862,ARGUMENT
30064783801,68719488863,ARGUMENT
30064783801,30064783802,ARGUMENT
30064783802,90194316078,ARGUMENT
30064783802,68719488864,ARGUMENT
30064783802,90194316079,ARGUMENT
30064783803,68719488865,ARGUMENT
30064783803,30064783804,ARGUMENT
30064783804,30064783805,ARGUMENT
30064783805,68719488867,ARGUMENT
30064783805,68719488868,ARGUMENT
30064783805,25769805733,ARGUMENT
30064783806,68719488866,ARGUMENT
30064783806,55834579600,ARGUMENT
30064783807,68719488869,ARGUMENT
30064783807,30064783808,ARGUMENT
30064783809,68719488871,ARGUMENT
30064783809,68719488872,ARGUMENT
30064783810,68719488870,ARGUMENT
30064783810,55834579601,ARGUMENT
30064783811,68719488874,ARGUMENT
30064783811,55834579602,ARGUMENT
30064783812,68719488877,ARGUMENT
30064783812,30064783814,ARGUMENT
30064783812,30064783815,ARGUMENT
30064783813,68719488876,ARGUMENT
30064783813,55834579603,ARGUMENT
30064783814,90194316080,ARGUMENT
30064783814,68719488878,ARGUMENT
30064783814,90194316081,ARGUMENT
30064783815,68719488879,ARGUMENT
30064783815,55834579604,ARGUMENT
30064783816,68719488880,ARGUMENT
30064783817,68719488881,ARGUMENT
30064783817,30064783818,ARGUMENT
30064783818,68719488883,ARGUMENT
30064783819,30064783820,ARGUMENT
30064783820,68719488885,ARGUMENT
30064783820,90194316082,ARGUMENT
30064783820,25769805736,ARGUMENT
30064783821,68719488884,ARGUMENT
30064783821,55834579605,ARGUMENT
30064783822,68719488886,ARGUMENT
30064783822,30064783823,ARGUMENT
30064783824,68719488888,ARGUMENT
30064783824,68719488889,ARGUMENT
30064783825,68719488887,ARGUMENT
30064783825,55834579606,ARGUMENT
30064783826,30064783827,ARGUMENT
30064783827,68719488892,ARGUMENT
30064783827,90194316083,ARGUMENT
30064783827,25769805737,ARGUMENT
30064783828,68719488891,ARGUMENT
30064783828,55834579607,ARGUMENT
30064783829,68719488893,ARGUMENT
30064783829,30064783830,ARGUMENT
30064783831,68719488895,ARGUMENT
30064783831,68719488896,ARGUMENT
30064783832,68719488894,ARGUMENT
30064783832,55834579608,ARGUMENT
30064783833,68719488899,ARGUMENT
30064783833,30064783835,ARGUMENT
30064783834,68719488898,ARGUMENT
30064783834,55834579609,ARGUMENT
30064783835,90194316084,ARGUMENT
30064783835,68719488900,ARGUMENT
30064783835,90194316085,ARGUMENT
30064783836,68719488903,ARGUMENT
30064783836,30064783838,ARGUMENT
30064783836,30064783839,ARGUMENT
30064783837,68719488902,ARGUMENT
30064783837,55834579610,ARGUMENT
30064783838,90194316086,ARGUMENT
30064783838,68719488904,ARGUMENT
30064783838,90194316087,ARGUMENT
30064783839,68719488905,ARGUMENT
30064783839,55834579611,ARGUMENT
30064783840,68719488906,ARGUMENT
30064783841,68719488907,ARGUMENT
30064783841,25769805741,ARGUMENT
30064783842,30064783843,ARGUMENT
30064783842,90194316088,ARGUMENT
30064783843,68719488908,ARGUMENT
30064783843,55834579612,ARGUMENT
30064783844,30064783845,ARGUMENT
30064783844,90194316089,ARGUMENT
30064783845,68719488909,ARGUMENT
30064783845,55834579613,ARGUMENT
30064783846,30064783847,ARGUMENT
30064783846,90194316090,ARGUMENT
30064783847,68719488910,ARGUMENT
30064783847,55834579614,ARGUMENT
30064783848,30064783849,ARGUMENT
30064783848,90194316091,ARGUMENT
30064783849,68719488911,ARGUMENT
30064783849,55834579615,ARGUMENT
30064783850,30064783851,ARGUMENT
30064783850,90194316092,ARGUMENT
30064783851,68719488912,ARGUMENT
30064783851,55834579616,ARGUMENT
30064783852,30064783853,ARGUMENT
30064783852,90194316093,ARGUMENT
30064783853,68719488914,ARGUMENT
30064783853,68719488915,ARGUMENT
30064783854,68719488916,ARGUMENT
30064783854,30064783855,ARGUMENT
30064783855,30064783690,ARGUMENT
30064783855,55834579617,ARGUMENT
30064783856,68719488919,ARGUMENT
30064783856,30064783857,ARGUMENT
30064783857,30064783691,ARGUMENT
30064783857,55834579618,ARGUMENT
30064783858,68719488922,ARGUMENT
30064783858,30064783859,ARGUMENT
30064783859,30064783692,ARGUMENT
30064783859,55834579619,ARGUMENT
30064783860,68719488925,ARGUMENT
30064783860,30064783861,ARGUMENT
30064783861,30064783693,ARGUMENT
30064783861,55834579620,ARGUMENT
30064783862,68719488928,ARGUMENT
30064783862,30064783863,ARGUMENT
30064783863,30064783694,ARGUMENT
30064783863,55834579621,ARGUMENT
30064783864,68719488931,ARGUMENT
30064783864,120259084583,ARGUMENT
30064783865,30064783866,ARGUMENT
30064783865,68719488933,ARGUMENT
30064783866,68719488932,ARGUMENT
30064783866,55834579622,ARGUMENT
30064783867,68719489019,ARGUMENT
30064783867,90194316111,ARGUMENT
30064783868,68719489022,ARGUMENT
30064783868,90194316112,ARGUMENT
30064783869,68719489025,ARGUMENT
30064783869,90194316113,ARGUMENT
30064783870,68719489028,ARGUMENT
30064783870,90194316114,ARGUMENT
30064783871,30064783872,ARGUMENT
30064783871,25769805746,ARGUMENT
30064783872,68719488934,ARGUMENT
30064783872,55834579623,ARGUMENT
30064783873,68719488935,ARGUMENT
30064783873,30064783874,ARGUMENT
30064783875,68719488937,ARGUMENT
30064783876,30064783877,ARGUMENT
30064783876,25769805747,ARGUMENT
30064783877,68719488939,ARGUMENT
30064783877,55834579624,ARGUMENT
30064783878,68719488940,ARGUMENT
30064783878,30064783879,ARGUMENT
30064783880,68719488942,ARGUMENT
30064783881,30064783882,ARGUMENT
30064783881,25769805748,ARGUMENT
30064783882,68719488944,ARGUMENT
30064783882,55834579625,ARGUMENT
30064783883,68719488945,ARGUMENT
30064783883,30064783884,ARGUMENT
30064783885,68719488947,ARGUMENT
30064783886,68719488950,ARGUMENT
30064783886,30064783888,ARGUMENT
30064783887,68719488949,ARGUMENT
30064783887,55834579626,ARGUMENT
30064783888,90194316099,ARGUMENT
30064783888,68719488951,ARGUMENT
30064783888,90194316100,ARGUMENT
30064783889,68719488952,ARGUMENT
30064783889,30064783890,ARGUMENT
30064783890,30064783891,ARGUMENT
30064783891,68719488954,ARGUMENT
30064783891,68719488955,ARGUMENT
30064783892,68719488956,ARGUMENT
30064783893,25769805751,ARGUMENT
30064783894,68719488957,ARGUMENT
30064783894,30064783895,ARGUMENT
30064783896,68719488959,ARGUMENT
30064783896,30064783897,ARGUMENT
30064783897,90194316101,ARGUMENT
30064783897,68719488960,ARGUMENT
30064783897,90194316102,ARGUMENT
30064783898,68719488963,ARGUMENT
30064783898,30064783900,ARGUMENT
30064783899,68719488962,ARGUMENT
30064783899,55834579627,ARGUMENT
30064783900,90194316103,ARGUMENT
30064783900,68719488964,ARGUMENT
30064783900,90194316104,ARGUMENT
30064783901,68719488965,ARGUMENT
30064783901,30064783902,ARGUMENT
30064783902,30064783903,ARGUMENT
30064783903,68719488967,ARGUMENT
30064783903,68719488968,ARGUMENT
30064783904,68719488966,ARGUMENT
30064783904,55834579628,ARGUMENT
30064783905,68719488969,ARGUMENT
30064783905,30064783906,ARGUMENT
30064783906,68719488972,ARGUMENT
30064783906,30064783910,ARGUMENT
30064783906,30064783911,ARGUMENT
30064783906,30064783912,ARGUMENT
30064783907,30064783908,ARGUMENT
30064783907,55834579630,ARGUMENT
30064783908,68719488970,ARGUMENT
30064783908,30064783909,ARGUMENT
30064783909,68719488971,ARGUMENT
30064783909,55834579629,ARGUMENT
30064783910,68719488973,ARGUMENT
30064783910,55834579631,ARGUMENT
30064783911,68719488974,ARGUMENT
30064783911,55834579632,ARGUMENT
30064783912,68719488975,ARGUMENT
30064783912,55834579633,ARGUMENT
30064783913,30064783914,ARGUMENT
30064783914,68719488978,ARGUMENT
30064783914,68719488979,ARGUMENT
30064783914,68719488980,ARGUMENT
30064783915,30064783916,ARGUMENT
30064783915,55834579635,ARGUMENT
30064783916,68719488976,ARGUMENT
30064783916,30064783917,ARGUMENT
30064783917,68719488977,ARGUMENT
30064783917,55834579634,ARGUMENT
30064783918,30064783919,ARGUMENT
30064783919,68719488983,ARGUMENT
30064783919,68719488984,ARGUMENT
30064783919,68719488985,ARGUMENT
30064783920,30064783921,ARGUMENT
30064783920,55834579637,ARGUMENT
30064783921,68719488981,ARGUMENT
30064783921,30064783922,ARGUMENT
30064783922,68719488982,ARGUMENT
30064783922,55834579636,ARGUMENT
30064783923,68719488987,ARGUMENT
30064783923,30064783925,ARGUMENT
30064783924,68719488986,ARGUMENT
30064783924,55834579638,ARGUMENT
30064783925,90194316105,ARGUMENT
30064783925,68719488988,ARGUMENT
30064783925,90194316106,ARGUMENT
30064783926,68719488991,ARGUMENT
30064783926,30064783928,ARGUMENT
30064783926,30064783929,ARGUMENT
30064783927,68719488990,ARGUMENT
30064783927,55834579639,ARGUMENT
30064783928,90194316107,ARGUMENT
30064783928,68719488992,ARGUMENT
30064783928,90194316108,ARGUMENT
30064783929,68719488993,ARGUMENT
30064783929,55834579640,ARGUMENT
30064783930,68719488994,ARGUMENT
30064783931,68719488995,ARGUMENT
30064783931,30064783932,ARGUMENT
30064783932,30064783933,ARGUMENT
30064783933,68719488998,ARGUMENT
30064783933,68719488999,ARGUMENT
30064783934,30064783935,ARGUMENT
30064783934,55834579642,ARGUMENT
30064783935,68719488996,ARGUMENT
30064783935,30064783936,ARGUMENT
30064783936,68719488997,ARGUMENT
30064783936,55834579641,ARGUMENT
30064783937,68719489000,ARGUMENT
30064783937,30064783938,ARGUMENT
30064783938,30064783939,ARGUMENT
30064783939,68719489003,ARGUMENT
30064783939,68719489004,ARGUMENT
30064783939,90194316109,ARGUMENT
30064783940,30064783941,ARGUMENT
30064783940,55834579644,ARGUMENT
30064783941,68719489001,ARGUMENT
30064783941,30064783942,ARGUMENT
30064783942,68719489002,ARGUMENT
30064783942,55834579643,ARGUMENT
30064783943,68719489005,ARGUMENT
30064783943,30064783944,ARGUMENT
30064783944,30064783945,ARGUMENT
30064783945,68719489008,ARGUMENT
30064783945,68719489009,ARGUMENT
30064783945,90194316110,ARGUMENT
30064783946,30064783947,ARGUMENT
30064783946,55834579646,ARGUMENT
30064783947,68719489006,ARGUMENT
30064783947,30064783948,ARGUMENT
30064783948,68719489007,ARGUMENT
30064783948,55834579645,ARGUMENT
30064783949,30064783950,ARGUMENT
30064783949,30064783951,ARGUMENT
30064783950,68719489010,ARGUMENT
30064783950,55834579647,ARGUMENT
30064783951,68719489011,ARGUMENT
30064783951,55834579648,ARGUMENT
30064783952,30064783953,ARGUMENT
30064783952,68719489013,ARGUMENT
30064783953,68719489012,ARGUMENT
30064783953,55834579649,ARGUMENT
30064783954,30064783955,ARGUMENT
30064783954,68719489015,ARGUMENT
30064783955,68719489014,ARGUMENT
30064783955,55834579650,ARGUMENT
30064783956,68719489017,ARGUMENT
30064783956,30064783957,ARGUMENT
30064783957,30064783867,ARGUMENT
30064783957,55834579651,ARGUMENT
30064783958,68719489020,ARGUMENT
30064783958,30064783959,ARGUMENT
30064783959,30064783868,ARGUMENT
30064783959,55834579652,ARGUMENT
30064783960,68719489023,ARGUMENT
30064783960,30064783961,ARGUMENT
30064783961,30064783869,ARGUMENT
30064783961,55834579653,ARGUMENT
30064783962,68719489026,ARGUMENT
30064783962,30064783963,ARGUMENT
30064783963,30064783870,ARGUMENT
30064783963,55834579654,ARGUMENT
30064783964,68719489029,ARGUMENT
30064783964,120259084584,ARGUMENT
30064783965,30064783966,ARGUMENT
30064783965,68719489031,ARGUMENT
30064783966,68719489030,ARGUMENT
30064783966,55834579655,ARGUMENT
30064783967,68719489122,ARGUMENT
30064783967,90194316150,ARGUMENT
30064783968,68719489125,ARGUMENT
30064783968,90194316151,ARGUMENT
30064783969,68719489032,ARGUMENT
30064783969,90194316115,ARGUMENT
30064783970,30064783971,ARGUMENT
30064783970,30064783972,ARGUMENT
30064783971,68719489033,ARGUMENT
30064783971,55834579656,ARGUMENT
30064783972,68719489039,ARGUMENT
30064783972,90194316117,ARGUMENT
30064783972,90194316118,ARGUMENT
30064783973,30064783974,ARGUMENT
30064783973,55834579660,ARGUMENT
30064783974,68719489034,ARGUMENT
30064783974,30064783975,ARGUMENT
30064783975,68719489038,ARGUMENT
30064783976,30064783977,ARGUMENT
30064783976,55834579659,ARGUMENT
30064783977,68719489035,ARGUMENT
30064783977,30064783978,ARGUMENT
30064783978,30064783979,ARGUMENT
30064783978,90194316116,ARGUMENT
30064783979,68719489036,ARGUMENT
30064783979,30064783980,ARGUMENT
30064783980,30064783981,ARGUMENT
30064783980,55834579658,ARGUMENT
30064783981,68719489037,ARGUMENT
30064783981,55834579657,ARGUMENT
30064783982,30064783983,ARGUMENT
30064783982,30064783984,ARGUMENT
30064783983,68719489040,ARGUMENT
30064783983,55834579661,ARGUMENT
30064783984,68719489044,ARGUMENT
30064783985,30064783986,ARGUMENT
30064783985,55834579664,ARGUMENT
30064783986,68719489041,ARGUMENT
30064783986,30064783987,ARGUMENT
30064783987,30064783988,ARGUMENT
30064783987,90194316119,ARGUMENT
30064783988,68719489042,ARGUMENT
30064783988,30064783989,ARGUMENT
30064783989,30064783990,ARGUMENT
30064783989,55834579663,ARGUMENT
30064783990,68719489043,ARGUMENT
30064783990,55834579662,ARGUMENT
30064783991,68719489045,ARGUMENT
30064783991,55834579665,ARGUMENT
30064783992,30064783993,ARGUMENT
30064783992,30064783995,ARGUMENT
30064783993,30064783994,ARGUMENT
30064783994,68719489046,ARGUMENT
30064783994,55834579666,ARGUMENT
30064783995,30064783996,ARGUMENT
30064783996,68719489048,ARGUMENT
30064783996,30064783999,ARGUMENT
30064783997,30064783998,ARGUMENT
30064783997,55834579667,ARGUMENT
30064783998,68719489047,ARGUMENT
30064783998,90194316120,ARGUMENT
30064783999,68719489049,ARGUMENT
30064783999,55834579668,ARGUMENT
30064784000,25769805761,ARGUMENT
30064784001,68719489050,ARGUMENT
30064784001,30064784002,ARGUMENT
30064784003,68719489052,ARGUMENT
30064784003,90194316121,ARGUMENT
30064784004,30064784005,ARGUMENT
30064784005,68719489054,ARGUMENT
30064784005,55834579669,ARGUMENT
30064784006,25769805762,ARGUMENT
30064784007,68719489055,ARGUMENT
30064784007,30064784008,ARGUMENT
30064784009,68719489057,ARGUMENT
30064784009,90194316122,ARGUMENT
30064784010,30064784011,ARGUMENT
30064784010,90194316123,ARGUMENT
30064784011,68719489059,ARGUMENT
30064784011,55834579670,ARGUMENT
30064784012,68719489061,ARGUMENT
30064784012,30064784014,ARGUMENT
30064784013,68719489060,ARGUMENT
30064784013,55834579671,ARGUMENT
30064784014,90194316124,ARGUMENT
30064784014,30064784015,ARGUMENT
30064784014,90194316125,ARGUMENT
30064784015,68719489062,ARGUMENT
30064784015,55834579672,ARGUMENT
30064784016,30064784017,ARGUMENT
30064784016,30064784018,ARGUMENT
30064784017,68719489063,ARGUMENT
30064784017,55834579673,ARGUMENT
30064784018,90194316126,ARGUMENT
30064784018,30064784019,ARGUMENT
30064784019,68719489066,ARGUMENT
30064784019,90194316128,ARGUMENT
30064784020,30064784021,ARGUMENT
30064784020,55834579675,ARGUMENT
30064784021,68719489064,ARGUMENT
30064784021,30064784022,ARGUMENT
30064784022,30064784023,ARGUMENT
30064784023,30064784024,ARGUMENT
30064784023,90194316127,ARGUMENT
30064784024,68719489065,ARGUMENT
30064784024,55834579674,ARGUMENT
30064784025,68719489069,ARGUMENT
30064784026,68719489068,ARGUMENT
30064784026,55834579676,ARGUMENT
30064784027,68719489070,ARGUMENT
30064784027,30064784028,ARGUMENT
30064784028,68719489088,ARGUMENT
30064784028,90194316136,ARGUMENT
30064784029,30064784030,ARGUMENT
30064784029,55834579684,ARGUMENT
30064784030,68719489071,ARGUMENT
30064784030,25769805769,ARGUMENT
30064784031,68719489072,ARGUMENT
30064784031,30064784032,ARGUMENT
30064784033,68719489074,ARGUMENT
30064784033,90194316129,ARGUMENT
30064784034,68719489073,ARGUMENT
30064784034,55834579677,ARGUMENT
30064784035,68719489076,ARGUMENT
30064784035,90194316130,ARGUMENT
30064784036,68719489075,ARGUMENT
30064784036,55834579678,ARGUMENT
30064784037,68719489078,ARGUMENT
30064784037,90194316131,ARGUMENT
30064784038,68719489077,ARGUMENT
30064784038,55834579679,ARGUMENT
30064784039,68719489080,ARGUMENT
30064784039,90194316132,ARGUMENT
30064784040,68719489079,ARGUMENT
30064784040,55834579680,ARGUMENT
30064784041,68719489082,ARGUMENT
30064784041,90194316133,ARGUMENT
30064784042,68719489081,ARGUMENT
30064784042,55834579681,ARGUMENT
30064784043,68719489084,ARGUMENT
30064784043,90194316134,ARGUMENT
30064784044,68719489083,ARGUMENT
30064784044,55834579682,ARGUMENT
30064784045,68719489086,ARGUMENT
30064784045,90194316135,ARGUMENT
30064784046,68719489085,ARGUMENT
30064784046,55834579683,ARGUMENT
30064784047,68719489089,ARGUMENT
30064784047,30064784048,ARGUMENT
30064784048,90194316137,ARGUMENT
30064784048,30064784049,ARGUMENT
30064784048,90194316138,ARGUMENT
30064784048,30064784050,ARGUMENT
30064784048,90194316139,ARGUMENT
30064784048,68719489092,ARGUMENT
30064784048,90194316140,ARGUMENT
30064784049,68719489090,ARGUMENT
30064784049,55834579685,ARGUMENT
30064784050,68719489091,ARGUMENT
30064784051,68719489094,ARGUMENT
30064784051,30064784053,ARGUMENT
30064784052,68719489093,ARGUMENT
30064784052,55834579686,ARGUMENT
30064784053,90194316141,ARGUMENT
30064784053,68719489095,ARGUMENT
30064784053,90194316142,ARGUMENT
30064784054,68719489096,ARGUMENT
30064784054,30064784055,ARGUMENT
30064784055,30064784056,ARGUMENT
30064784056,68719489098,ARGUMENT
30064784056,68719489099,ARGUMENT
30064784056,25769805771,ARGUMENT
30064784057,68719489097,ARGUMENT
30064784057,55834579687,ARGUMENT
30064784058,30064784059,ARGUMENT
30064784058,30064784060,ARGUMENT
30064784059,68719489100,ARGUMENT
30064784059,55834579688,ARGUMENT
30064784060,68719489102,ARGUMENT
30064784061,68719489101,ARGUMENT
30064784061,55834579689,ARGUMENT
30064784062,68719489105,ARGUMENT
30064784062,30064784064,ARGUMENT
30064784063,68719489104,ARGUMENT
30064784063,55834579690,ARGUMENT
30064784064,90194316143,ARGUMENT
30064784064,30064784065,ARGUMENT
30064784064,90194316145,ARGUMENT
30064784065,30064784066,ARGUMENT
30064784065,90194316144,ARGUMENT
30064784066,30064784067,ARGUMENT
30064784066,55834579694,ARGUMENT
30064784067,30064784068,ARGUMENT
30064784067,55834579693,ARGUMENT
30064784068,30064784069,ARGUMENT
30064784068,55834579692,ARGUMENT
30064784069,68719489106,ARGUMENT
30064784069,55834579691,ARGUMENT
30064784070,68719489107,ARGUMENT
30064784070,55834579695,ARGUMENT
30064784071,68719489110,ARGUMENT
30064784071,30064784073,ARGUMENT
30064784072,68719489109,ARGUMENT
30064784072,55834579696,ARGUMENT
30064784073,90194316146,ARGUMENT
30064784073,68719489111,ARGUMENT
30064784073,90194316147,ARGUMENT
30064784074,68719489112,ARGUMENT
30064784074,55834579697,ARGUMENT
30064784075,68719489114,ARGUMENT
30064784075,90194316148,ARGUMENT
30064784075,30064784077,ARGUMENT
30064784076,68719489113,ARGUMENT
30064784076,55834579698,ARGUMENT
30064784077,30064784078,ARGUMENT
30064784077,55834579700,ARGUMENT
30064784078,68719489115,ARGUMENT
30064784078,55834579699,ARGUMENT
30064784079,68719489117,ARGUMENT
30064784079,90194316149,ARGUMENT
30064784079,30064784081,ARGUMENT
30064784080,68719489116,ARGUMENT
30064784080,55834579701,ARGUMENT
30064784081,30064784082,ARGUMENT
30064784081,55834579703,ARGUMENT
30064784082,68719489118,ARGUMENT
30064784082,55834579702,ARGUMENT
30064784083,68719489119,ARGUMENT
30064784084,68719489120,ARGUMENT
30064784084,30064783967,ARGUMENT
30064784085,68719489123,ARGUMENT
30064784085,30064784086,ARGUMENT
30064784086,30064783968,ARGUMENT
30064784086,55834579704,ARGUMENT
30064784087,68719489126,ARGUMENT
30064784087,120259084585,ARGUMENT
30064784088,30064784089,ARGUMENT
30064784088,68719489128,ARGUMENT
30064784089,68719489127,ARGUMENT
30064784089,55834579705,ARGUMENT
30064784090,68719489189,ARGUMENT
30064784090,90194316173,ARGUMENT
30064784091,30064784092,ARGUMENT
30064784091,68719489130,ARGUMENT
30064784092,68719489129,ARGUMENT
30064784092,55834579706,ARGUMENT
30064784093,68719489131,ARGUMENT
30064784093,30064784094,ARGUMENT
30064784094,68719489133,ARGUMENT
30064784094,120259084586,ARGUMENT
30064784095,68719489132,ARGUMENT
30064784095,55834579707,ARGUMENT
30064784096,68719489134,ARGUMENT
30064784097,30064784098,ARGUMENT
30064784097,68719489136,ARGUMENT
30064784098,68719489135,ARGUMENT
30064784098,55834579708,ARGUMENT
30064784099,30064784100,ARGUMENT
30064784099,90194316153,ARGUMENT
30064784100,30064784101,ARGUMENT
30064784101,68719489137,ARGUMENT
30064784101,55834579709,ARGUMENT
30064784102,30064784103,ARGUMENT
30064784102,68719489139,ARGUMENT
30064784103,30064784104,ARGUMENT
30064784103,55834579711,ARGUMENT
30064784104,68719489138,ARGUMENT
30064784104,55834579710,ARGUMENT
30064784105,30064784106,ARGUMENT
30064784105,90194316154,ARGUMENT
30064784106,30064784107,ARGUMENT
30064784107,30064784108,ARGUMENT
30064784107,55834579713,ARGUMENT
30064784108,68719489140,ARGUMENT
30064784108,55834579712,ARGUMENT
30064784109,68719489141,ARGUMENT
30064784109,30064784110,ARGUMENT
30064784110,30064784111,ARGUMENT
30064784110,30064784112,ARGUMENT
30064784111,68719489142,ARGUMENT
30064784111,55834579714,ARGUMENT
30064784113,68719489143,ARGUMENT
30064784113,120259084587,ARGUMENT
30064784114,68719489144,ARGUMENT
30064784114,30064784115,ARGUMENT
30064784115,68719489146,ARGUMENT
30064784115,90194316156,ARGUMENT
30064784116,68719489147,ARGUMENT
30064784116,30064784117,ARGUMENT
30064784117,68719489149,ARGUMENT
30064784117,68719489150,ARGUMENT
30064784118,68719489148,ARGUMENT
30064784118,55834579715,ARGUMENT
30064784119,68719489151,ARGUMENT
30064784119,30064784120,ARGUMENT
30064784120,68719489153,ARGUMENT
30064784120,90194316157,ARGUMENT
30064784121,68719489154,ARGUMENT
30064784121,30064784122,ARGUMENT
30064784122,68719489156,ARGUMENT
30064784122,68719489157,ARGUMENT
30064784123,68719489155,ARGUMENT
30064784123,55834579716,ARGUMENT
30064784124,68719489158,ARGUMENT
30064784124,25769805783,ARGUMENT
30064784125,30064784126,ARGUMENT
30064784125,30064784127,ARGUMENT
30064784126,68719489159,ARGUMENT
30064784126,55834579717,ARGUMENT
30064784127,68719489161,ARGUMENT
30064784127,90194316158,ARGUMENT
30064784128,30064784129,ARGUMENT
30064784128,30064784130,ARGUMENT
30064784129,68719489162,ARGUMENT
30064784129,55834579718,ARGUMENT
30064784130,68719489164,ARGUMENT
30064784130,90194316159,ARGUMENT
30064784131,30064784132,ARGUMENT
30064784131,68719489166,ARGUMENT
30064784132,68719489165,ARGUMENT
30064784132,55834579719,ARGUMENT
30064784133,30064784134,ARGUMENT
30064784133,30064784135,ARGUMENT
30064784134,68719489167,ARGUMENT
30064784134,55834579720,ARGUMENT
30064784135,68719489169,ARGUMENT
30064784135,90194316160,ARGUMENT
30064784136,30064784137,ARGUMENT
30064784136,30064784138,ARGUMENT
30064784137,68719489170,ARGUMENT
30064784137,55834579721,ARGUMENT
30064784138,68719489172,ARGUMENT
30064784138,90194316161,ARGUMENT
30064784139,30064784140,ARGUMENT
30064784139,68719489174,ARGUMENT
30064784140,68719489173,ARGUMENT
30064784140,55834579722,ARGUMENT
30064784141,30064784142,ARGUMENT
30064784141,30064784143,ARGUMENT
30064784142,68719489175,ARGUMENT
30064784142,55834579723,ARGUMENT
30064784143,68719489177,ARGUMENT
30064784143,90194316162,ARGUMENT
30064784144,68719489180,ARGUMENT
30064784144,90194316163,ARGUMENT
30064784144,68719489181,ARGUMENT
30064784145,68719489179,ARGUMENT
30064784145,55834579724,ARGUMENT
30064784146,68719489183,ARGUMENT
30064784146,90194316164,ARGUMENT
30064784147,68719489184,ARGUMENT
30064784147,90194316166,ARGUMENT
30064784148,68719489185,ARGUMENT
30064784148,90194316168,ARGUMENT
30064784149,68719489186,ARGUMENT
30064784149,90194316170,ARGUMENT
30064784150,68719489187,ARGUMENT
30064784150,30064784151,ARGUMENT
30064784151,30064784090,ARGUMENT
30064784151,55834579725,ARGUMENT
30064784152,68719489190,ARGUMENT
30064784152,120259084588,ARGUMENT
30064784153,30064784154,ARGUMENT
30064784153,68719489192,ARGUMENT
30064784154,68719489191,ARGUMENT
30064784154,55834579726,ARGUMENT
30064784155,68719489371,ARGUMENT
30064784155,90194316213,ARGUMENT
30064784156,68719489374,ARGUMENT
30064784156,90194316214,ARGUMENT
30064784157,68719489377,ARGUMENT
30064784157,90194316215,ARGUMENT
30064784158,68719489380,ARGUMENT
30064784158,90194316216,ARGUMENT
30064784159,68719489383,ARGUMENT
30064784159,90194316217,ARGUMENT
30064784160,68719489193,ARGUMENT
30064784160,30064784161,ARGUMENT
30064784161,68719489195,ARGUMENT
30064784162,68719489196,ARGUMENT
30064784162,30064784163,ARGUMENT
30064784163,68719489198,ARGUMENT
30064784163,30064784165,ARGUMENT
30064784164,68719489197,ARGUMENT
30064784164,55834579727,ARGUMENT
30064784165,68719489199,ARGUMENT
30064784165,55834579728,ARGUMENT
30064784166,68719489200,ARGUMENT
30064784166,30064784167,ARGUMENT
30064784167,68719489202,ARGUMENT
30064784167,30064784169,ARGUMENT
30064784168,68719489201,ARGUMENT
30064784168,55834579729,ARGUMENT
30064784169,68719489203,ARGUMENT
30064784169,55834579730,ARGUMENT
30064784170,68719489204,ARGUMENT
30064784170,90194316174,ARGUMENT
30064784171,68719489205,ARGUMENT
30064784171,25769805790,ARGUMENT
30064784172,68719489206,ARGUMENT
30064784172,30064784173,ARGUMENT
30064784174,68719489208,ARGUMENT
30064784174,68719489209,ARGUMENT
30064784175,68719489207,ARGUMENT
30064784175,55834579731,ARGUMENT
30064784176,68719489211,ARGUMENT
30064784176,30064784178,ARGUMENT
30064784177,68719489210,ARGUMENT
30064784177,55834579732,ARGUMENT
30064784178,68719489212,ARGUMENT
30064784178,55834579733,ARGUMENT
30064784179,68719489214,ARGUMENT
30064784179,30064784181,ARGUMENT
30064784180,68719489213,ARGUMENT
30064784180,55834579734,ARGUMENT
30064784181,68719489215,ARGUMENT
30064784181,55834579735,ARGUMENT
30064784182,68719489217,ARGUMENT
30064784182,30064784184,ARGUMENT
30064784183,68719489216,ARGUMENT
30064784183,55834579736,ARGUMENT
30064784184,68719489218,ARGUMENT
30064784184,55834579737,ARGUMENT
30064784185,68719489220,ARGUMENT
30064784185,68719489221,ARGUMENT
30064784186,68719489219,ARGUMENT
30064784186,55834579738,ARGUMENT
30064784187,68719489223,ARGUMENT
30064784187,30064784189,ARGUMENT
30064784188,68719489222,ARGUMENT
30064784188,55834579739,ARGUMENT
30064784189,68719489224,ARGUMENT
30064784189,55834579740,ARGUMENT
30064784190,68719489226,ARGUMENT
30064784190,30064784192,ARGUMENT
30064784191,68719489225,ARGUMENT
30064784191,55834579741,ARGUMENT
30064784192,68719489227,ARGUMENT
30064784192,55834579742,ARGUMENT
30064784193,68719489229,ARGUMENT
30064784193,30064784195,ARGUMENT
30064784194,68719489228,ARGUMENT
30064784194,55834579743,ARGUMENT
30064784195,68719489230,ARGUMENT
30064784195,55834579744,ARGUMENT
30064784196,68719489232,ARGUMENT
30064784196,68719489233,ARGUMENT
30064784197,68719489231,ARGUMENT
30064784197,55834579745,ARGUMENT
30064784198,68719489235,ARGUMENT
30064784198,30064784200,ARGUMENT
30064784199,68719489234,ARGUMENT
30064784199,55834579746,ARGUMENT
30064784200,68719489236,ARGUMENT
30064784200,55834579747,ARGUMENT
30064784201,30064784202,ARGUMENT
30064784202,68719489239,ARGUMENT
30064784202,68719489240,ARGUMENT
30064784202,68719489241,ARGUMENT
30064784203,68719489238,ARGUMENT
30064784203,55834579748,ARGUMENT
30064784204,68719489243,ARGUMENT
30064784204,30064784206,ARGUMENT
30064784205,68719489242,ARGUMENT
30064784205,55834579749,ARGUMENT
30064784206,90194316175,ARGUMENT
30064784206,68719489244,ARGUMENT
30064784206,90194316176,ARGUMENT
30064784207,68719489247,ARGUMENT
30064784207,30064784209,ARGUMENT
30064784207,30064784210,ARGUMENT
30064784208,68719489246,ARGUMENT
30064784208,55834579750,ARGUMENT
30064784209,90194316177,ARGUMENT
30064784209,68719489248,ARGUMENT
30064784209,90194316178,ARGUMENT
30064784210,68719489249,ARGUMENT
30064784210,55834579751,ARGUMENT
30064784211,68719489250,ARGUMENT
30064784212,68719489251,ARGUMENT
30064784212,30064784213,ARGUMENT
30064784213,68719489253,ARGUMENT
30064784214,68719489254,ARGUMENT
30064784214,30064784215,ARGUMENT
30064784215,68719489256,ARGUMENT
30064784215,25769805794,ARGUMENT
30064784216,30064784217,ARGUMENT
30064784216,30064784218,ARGUMENT
30064784217,68719489257,ARGUMENT
30064784217,55834579752,ARGUMENT
30064784218,68719489258,ARGUMENT
30064784218,55834579753,ARGUMENT
30064784219,30064784220,ARGUMENT
30064784219,30064784221,ARGUMENT
30064784220,68719489259,ARGUMENT
30064784220,55834579754,ARGUMENT
30064784221,68719489260,ARGUMENT
30064784221,55834579755,ARGUMENT
30064784222,30064784223,ARGUMENT
30064784222,30064784224,ARGUMENT
30064784223,68719489261,ARGUMENT
30064784223,55834579756,ARGUMENT
30064784224,68719489262,ARGUMENT
30064784224,55834579757,ARGUMENT
30064784225,68719489264,ARGUMENT
30064784225,90194316179,ARGUMENT
30064784226,68719489265,ARGUMENT
30064784226,25769805795,ARGUMENT
30064784227,68719489266,ARGUMENT
30064784227,30064784228,ARGUMENT
30064784229,68719489268,ARGUMENT
30064784229,68719489269,ARGUMENT
30064784230,68719489267,ARGUMENT
30064784230,55834579758,ARGUMENT
30064784231,68719489271,ARGUMENT
30064784231,30064784233,ARGUMENT
30064784232,68719489270,ARGUMENT
30064784232,55834579759,ARGUMENT
30064784233,68719489272,ARGUMENT
30064784233,55834579760,ARGUMENT
30064784234,68719489274,ARGUMENT
30064784234,30064784236,ARGUMENT
30064784235,68719489273,ARGUMENT
30064784235,55834579761,ARGUMENT
30064784236,68719489275,ARGUMENT
30064784236,55834579762,ARGUMENT
30064784237,68719489277,ARGUMENT
30064784237,30064784239,ARGUMENT
30064784238,68719489276,ARGUMENT
30064784238,55834579763,ARGUMENT
30064784239,68719489278,ARGUMENT
30064784239,55834579764,ARGUMENT
30064784240,68719489280,ARGUMENT
30064784240,68719489281,ARGUMENT
30064784241,68719489279,ARGUMENT
30064784241,55834579765,ARGUMENT
30064784242,30064784243,ARGUMENT
30064784243,68719489284,ARGUMENT
30064784243,68719489285,ARGUMENT
30064784243,68719489286,ARGUMENT
30064784244,68719489283,ARGUMENT
30064784244,55834579766,ARGUMENT
30064784245,68719489288,ARGUMENT
30064784245,30064784247,ARGUMENT
30064784246,68719489287,ARGUMENT
30064784246,55834579767,ARGUMENT
30064784247,90194316180,ARGUMENT
30064784247,68719489289,ARGUMENT
30064784247,90194316181,ARGUMENT
30064784247,68719489290,ARGUMENT
30064784247,90194316182,ARGUMENT
30064784248,68719489293,ARGUMENT
30064784248,30064784250,ARGUMENT
30064784248,30064784251,ARGUMENT
30064784249,68719489292,ARGUMENT
30064784249,55834579768,ARGUMENT
30064784250,90194316183,ARGUMENT
30064784250,68719489294,ARGUMENT
30064784250,90194316184,ARGUMENT
30064784251,68719489295,ARGUMENT
30064784251,55834579769,ARGUMENT
30064784252,68719489296,ARGUMENT
30064784253,68719489297,ARGUMENT
30064784253,30064784254,ARGUMENT
30064784254,68719489299,ARGUMENT
30064784255,68719489300,ARGUMENT
30064784255,90194316185,ARGUMENT
30064784256,68719489301,ARGUMENT
30064784256,30064784257,ARGUMENT
30064784257,30064784258,ARGUMENT
30064784258,68719489303,ARGUMENT
30064784258,68719489304,ARGUMENT
30064784258,25769805800,ARGUMENT
30064784259,68719489302,ARGUMENT
30064784259,55834579770,ARGUMENT
30064784260,68719489305,ARGUMENT
30064784260,30064784261,ARGUMENT
30064784262,68719489307,ARGUMENT
30064784262,68719489308,ARGUMENT
30064784263,68719489306,ARGUMENT
30064784263,55834579771,ARGUMENT
30064784264,30064784265,ARGUMENT
30064784264,30064784268,ARGUMENT
30064784264,90194316188,ARGUMENT
30064784265,30064784266,ARGUMENT
30064784265,90194316186,ARGUMENT
30064784266,30064784267,ARGUMENT
30064784266,55834579773,ARGUMENT
30064784267,68719489310,ARGUMENT
30064784267,55834579772,ARGUMENT
30064784268,30064784269,ARGUMENT
30064784268,90194316187,ARGUMENT
30064784269,68719489311,ARGUMENT
30064784269,55834579774,ARGUMENT
30064784270,68719489314,ARGUMENT
30064784270,30064784272,ARGUMENT
30064784270,30064784273,ARGUMENT
30064784271,68719489313,ARGUMENT
30064784271,55834579775,ARGUMENT
30064784272,90194316189,ARGUMENT
30064784272,68719489315,ARGUMENT
30064784272,90194316190,ARGUMENT
30064784273,68719489316,ARGUMENT
30064784273,55834579776,ARGUMENT
30064784274,68719489317,ARGUMENT
30064784275,68719489318,ARGUMENT
30064784275,30064784276,ARGUMENT
30064784276,30064784277,ARGUMENT
30064784276,90194316191,ARGUMENT
30064784276,68719489320,ARGUMENT
30064784277,68719489319,ARGUMENT
30064784277,30064784278,ARGUMENT
30064784279,68719489321,ARGUMENT
30064784279,30064784280,ARGUMENT
30064784280,68719489323,ARGUMENT
30064784281,68719489324,ARGUMENT
30064784281,30064784282,ARGUMENT
30064784282,90194316192,ARGUMENT
30064784282,68719489325,ARGUMENT
30064784282,90194316193,ARGUMENT
30064784283,68719489326,ARGUMENT
30064784283,30064784284,ARGUMENT
30064784284,30064784285,ARGUMENT
30064784285,68719489328,ARGUMENT
30064784285,68719489329,ARGUMENT
30064784285,25769805804,ARGUMENT
30064784286,68719489327,ARGUMENT
30064784286,55834579777,ARGUMENT
30064784287,68719489330,ARGUMENT
30064784287,30064784288,ARGUMENT
30064784289,68719489332,ARGUMENT
30064784289,68719489333,ARGUMENT
30064784290,68719489331,ARGUMENT
30064784290,55834579778,ARGUMENT
30064784291,68719489335,ARGUMENT
30064784291,55834579779,ARGUMENT
30064784292,68719489338,ARGUMENT
30064784292,30064784294,ARGUMENT
30064784292,30064784295,ARGUMENT
30064784293,68719489337,ARGUMENT
30064784293,55834579780,ARGUMENT
30064784294,90194316194,ARGUMENT
30064784294,68719489339,ARGUMENT
30064784294,90194316195,ARGUMENT
30064784295,68719489340,ARGUMENT
30064784295,55834579781,ARGUMENT
30064784296,68719489341,ARGUMENT
30064784297,68719489342,ARGUMENT
30064784297,30064784298,ARGUMENT
30064784298,68719489344,ARGUMENT
30064784299,30064784300,ARGUMENT
30064784300,68719489346,ARGUMENT
30064784300,90194316196,ARGUMENT
30064784300,25769805807,ARGUMENT
30064784301,68719489345,ARGUMENT
30064784301,55834579782,ARGUMENT
30064784302,68719489347,ARGUMENT
30064784302,30064784303,ARGUMENT
30064784304,68719489349,ARGUMENT
30064784304,68719489350,ARGUMENT
30064784305,68719489348,ARGUMENT
30064784305,55834579783,ARGUMENT
30064784306,30064784307,ARGUMENT
30064784307,68719489353,ARGUMENT
30064784307,90194316197,ARGUMENT
30064784307,25769805808,ARGUMENT
30064784308,68719489352,ARGUMENT
30064784308,55834579784,ARGUMENT
30064784309,68719489354,ARGUMENT
30064784309,30064784310,ARGUMENT
30064784311,68719489356,ARGUMENT
30064784311,68719489357,ARGUMENT
30064784312,68719489355,ARGUMENT
30064784312,55834579785,ARGUMENT
30064784313,68719489360,ARGUMENT
30064784313,30064784315,ARGUMENT
30064784314,68719489359,ARGUMENT
30064784314,55834579786,ARGUMENT
30064784315,90194316198,ARGUMENT
30064784315,68719489361,ARGUMENT
30064784315,90194316199,ARGUMENT
30064784316,68719489364,ARGUMENT
30064784316,30064784318,ARGUMENT
30064784316,30064784319,ARGUMENT
30064784317,68719489363,ARGUMENT
30064784317,55834579787,ARGUMENT
30064784318,90194316200,ARGUMENT
30064784318,68719489365,ARGUMENT
30064784318,90194316201,ARGUMENT
30064784319,68719489366,ARGUMENT
30064784319,55834579788,ARGUMENT
30064784320,68719489367,ARGUMENT
30064784321,68719489369,ARGUMENT
30064784321,30064784322,ARGUMENT
30064784322,30064784155,ARGUMENT
30064784322,55834579789,ARGUMENT
30064784323,68719489372,ARGUMENT
30064784323,30064784324,ARGUMENT
30064784324,30064784156,ARGUMENT
30064784324,55834579790,ARGUMENT
30064784325,68719489375,ARGUMENT
30064784325,30064784326,ARGUMENT
30064784326,30064784157,ARGUMENT
30064784326,55834579791,ARGUMENT
30064784327,68719489378,ARGUMENT
30064784327,30064784328,ARGUMENT
30064784328,30064784158,ARGUMENT
30064784328,55834579792,ARGUMENT
30064784329,68719489381,ARGUMENT
30064784329,30064784330,ARGUMENT
30064784330,30064784159,ARGUMENT
30064784330,55834579793,ARGUMENT
30064784331,68719489384,ARGUMENT
30064784331,120259084589,ARGUMENT
30064784332,30064784333,ARGUMENT
30064784332,68719489386,ARGUMENT
30064784333,68719489385,ARGUMENT
30064784333,55834579794,ARGUMENT
30064784334,68719489456,ARGUMENT
30064784334,90194316228,ARGUMENT
30064784335,68719489459,ARGUMENT
30064784335,90194316229,ARGUMENT
30064784336,68719489462,ARGUMENT
30064784336,90194316230,ARGUMENT
30064784337,68719489465,ARGUMENT
30064784337,90194316231,ARGUMENT
30064784338,30064784339,ARGUMENT
30064784338,25769805817,ARGUMENT
30064784339,68719489387,ARGUMENT
30064784339,55834579795,ARGUMENT
30064784340,68719489388,ARGUMENT
30064784340,30064784341,ARGUMENT
30064784342,68719489390,ARGUMENT
30064784343,30064784344,ARGUMENT
30064784343,25769805818,ARGUMENT
30064784344,68719489392,ARGUMENT
30064784344,55834579796,ARGUMENT
30064784345,68719489393,ARGUMENT
30064784345,30064784346,ARGUMENT
30064784347,68719489395,ARGUMENT
30064784348,30064784349,ARGUMENT
30064784348,25769805819,ARGUMENT
30064784349,68719489397,ARGUMENT
30064784349,55834579797,ARGUMENT
30064784350,68719489398,ARGUMENT
30064784350,30064784351,ARGUMENT
30064784352,68719489400,ARGUMENT
30064784353,68719489403,ARGUMENT
30064784353,30064784355,ARGUMENT
30064784354,68719489402,ARGUMENT
30064784354,55834579798,ARGUMENT
30064784355,90194316218,ARGUMENT
30064784355,68719489404,ARGUMENT
30064784355,90194316219,ARGUMENT
30064784356,68719489405,ARGUMENT
30064784356,30064784357,ARGUMENT
30064784357,30064784358,ARGUMENT
30064784358,68719489407,ARGUMENT
30064784358,68719489408,ARGUMENT
30064784359,68719489409,ARGUMENT
30064784360,25769805822,ARGUMENT
30064784361,68719489410,ARGUMENT
30064784361,30064784362,ARGUMENT
30064784363,68719489412,ARGUMENT
30064784363,30064784364,ARGUMENT
30064784364,90194316220,ARGUMENT
30064784364,68719489413,ARGUMENT
30064784364,90194316221,ARGUMENT
30064784365,68719489416,ARGUMENT
30064784365,30064784367,ARGUMENT
30064784366,68719489415,ARGUMENT
30064784366,55834579799,ARGUMENT
30064784367,90194316222,ARGUMENT
30064784367,68719489417,ARGUMENT
30064784367,90194316223,ARGUMENT
30064784368,68719489418,ARGUMENT
30064784368,30064784369,ARGUMENT
30064784369,30064784370,ARGUMENT
30064784370,68719489420,ARGUMENT
30064784370,68719489421,ARGUMENT
30064784371,68719489419,ARGUMENT
30064784371,55834579800,ARGUMENT
30064784372,68719489422,ARGUMENT
30064784372,30064784373,ARGUMENT
30064784373,68719489425,ARGUMENT
30064784373,30064784377,ARGUMENT
30064784374,30064784375,ARGUMENT
30064784374,55834579802,ARGUMENT
30064784375,68719489423,ARGUMENT
30064784375,30064784376,ARGUMENT
30064784376,68719489424,ARGUMENT
30064784376,55834579801,ARGUMENT
30064784377,68719489426,ARGUMENT
30064784377,55834579803,ARGUMENT
30064784378,30064784379,ARGUMENT
30064784379,68719489429,ARGUMENT
30064784379,68719489430,ARGUMENT
30064784379,68719489431,ARGUMENT
30064784380,30064784381,ARGUMENT
30064784380,55834579805,ARGUMENT
30064784381,68719489427,ARGUMENT
30064784381,30064784382,ARGUMENT
30064784382,68719489428,ARGUMENT
30064784382,55834579804,ARGUMENT
30064784383,30064784384,ARGUMENT
30064784384,68719489434,ARGUMENT
30064784384,68719489435,ARGUMENT
30064784384,68719489436,ARGUMENT
30064784385,30064784386,ARGUMENT
30064784385,55834579807,ARGUMENT
30064784386,68719489432,ARGUMENT
30064784386,30064784387,ARGUMENT
30064784387,68719489433,ARGUMENT
30064784387,55834579806,ARGUMENT
30064784388,68719489438,ARGUMENT
30064784388,30064784390,ARGUMENT
30064784389,68719489437,ARGUMENT
30064784389,55834579808,ARGUMENT
30064784390,90194316224,ARGUMENT
30064784390,68719489439,ARGUMENT
30064784390,90194316225,ARGUMENT
30064784391,68719489442,ARGUMENT
30064784391,30064784393,ARGUMENT
30064784391,30064784394,ARGUMENT
30064784392,68719489441,ARGUMENT
30064784392,55834579809,ARGUMENT
30064784393,90194316226,ARGUMENT
30064784393,68719489443,ARGUMENT
30064784393,90194316227,ARGUMENT
30064784394,68719489444,ARGUMENT
30064784394,55834579810,ARGUMENT
30064784395,68719489445,ARGUMENT
30064784396,68719489446,ARGUMENT
30064784396,30064784397,ARGUMENT
30064784397,30064784398,ARGUMENT
30064784398,68719489449,ARGUMENT
30064784398,68719489450,ARGUMENT
30064784399,30064784400,ARGUMENT
30064784399,55834579812,ARGUMENT
30064784400,68719489447,ARGUMENT
30064784400,30064784401,ARGUMENT
30064784401,68719489448,ARGUMENT
30064784401,55834579811,ARGUMENT
30064784402,30064784403,ARGUMENT
30064784402,30064784404,ARGUMENT
30064784403,68719489451,ARGUMENT
30064784403,55834579813,ARGUMENT
30064784404,68719489452,ARGUMENT
30064784404,55834579814,ARGUMENT
30064784405,68719489454,ARGUMENT
30064784405,30064784406,ARGUMENT
30064784406,30064784334,ARGUMENT
30064784406,55834579815,ARGUMENT
30064784407,68719489457,ARGUMENT
30064784407,30064784408,ARGUMENT
30064784408,30064784335,ARGUMENT
30064784408,55834579816,ARGUMENT
30064784409,68719489460,ARGUMENT
30064784409,30064784410,ARGUMENT
30064784410,30064784336,ARGUMENT
30064784410,55834579817,ARGUMENT
30064784411,68719489463,ARGUMENT
30064784411,30064784412,ARGUMENT
30064784412,30064784337,ARGUMENT
30064784412,55834579818,ARGUMENT
30064784413,68719489466,ARGUMENT
30064784413,120259084590,ARGUMENT
30064784414,30064784415,ARGUMENT
30064784414,68719489468,ARGUMENT
30064784415,68719489467,ARGUMENT
30064784415,55834579819,ARGUMENT
30064784416,68719489679,ARGUMENT
30064784416,90194316293,ARGUMENT
30064784417,68719489682,ARGUMENT
30064784417,90194316294,ARGUMENT
30064784418,68719489474,ARGUMENT
30064784419,30064784420,ARGUMENT
30064784419,55834579822,ARGUMENT
30064784420,68719489469,ARGUMENT
30064784420,30064784421,ARGUMENT
30064784421,68719489473,ARGUMENT
30064784422,30064784423,ARGUMENT
30064784422,55834579821,ARGUMENT
30064784423,68719489470,ARGUMENT
30064784423,30064784424,ARGUMENT
30064784424,68719489472,ARGUMENT
30064784424,90194316232,ARGUMENT
30064784424,90194316233,ARGUMENT
30064784425,68719489471,ARGUMENT
30064784425,55834579820,ARGUMENT
30064784426,68719489475,ARGUMENT
30064784426,30064784427,ARGUMENT
30064784427,68719489477,ARGUMENT
30064784428,68719489476,ARGUMENT
30064784428,55834579823,ARGUMENT
30064784429,68719489478,ARGUMENT
30064784429,30064784430,ARGUMENT
30064784430,68719489480,ARGUMENT
30064784431,68719489479,ARGUMENT
30064784431,55834579824,ARGUMENT
30064784432,30064784433,ARGUMENT
30064784432,30064784436,ARGUMENT
30064784433,30064784434,ARGUMENT
30064784433,68719489484,ARGUMENT
30064784434,68719489482,ARGUMENT
30064784434,30064784435,ARGUMENT
30064784435,68719489483,ARGUMENT
30064784435,55834579825,ARGUMENT
30064784436,30064784437,ARGUMENT
30064784436,68719489488,ARGUMENT
30064784437,68719489486,ARGUMENT
30064784437,30064784438,ARGUMENT
30064784438,68719489487,ARGUMENT
30064784438,55834579826,ARGUMENT
30064784439,68719489489,ARGUMENT
30064784439,30064784440,ARGUMENT
30064784440,68719489491,ARGUMENT
30064784440,30064784441,ARGUMENT
30064784441,68719489492,ARGUMENT
30064784441,55834579827,ARGUMENT
30064784442,30064784443,ARGUMENT
30064784442,30064784445,ARGUMENT
30064784443,68719489494,ARGUMENT
30064784443,68719489495,ARGUMENT
30064784444,68719489493,ARGUMENT
30064784444,55834579828,ARGUMENT
30064784445,68719489497,ARGUMENT
30064784445,68719489498,ARGUMENT
30064784446,68719489496,ARGUMENT
30064784446,55834579829,ARGUMENT
30064784447,68719489499,ARGUMENT
30064784447,120259084591,ARGUMENT
30064784448,68719489500,ARGUMENT
30064784448,30064784449,ARGUMENT
30064784449,68719489502,ARGUMENT
30064784450,68719489503,ARGUMENT
30064784450,30064784451,ARGUMENT
30064784451,68719489508,ARGUMENT
30064784451,90194316235,ARGUMENT
30064784451,90194316236,ARGUMENT
30064784452,30064784453,ARGUMENT
30064784452,55834579833,ARGUMENT
30064784453,68719489504,ARGUMENT
30064784453,30064784454,ARGUMENT
30064784454,68719489507,ARGUMENT
30064784455,30064784456,ARGUMENT
30064784455,55834579832,ARGUMENT
30064784456,68719489505,ARGUMENT
30064784456,30064784457,ARGUMENT
30064784457,30064784458,ARGUMENT
30064784457,90194316234,ARGUMENT
30064784458,30064784459,ARGUMENT
30064784458,55834579831,ARGUMENT
30064784459,68719489506,ARGUMENT
30064784459,55834579830,ARGUMENT
30064784460,68719489509,ARGUMENT
30064784460,30064784461,ARGUMENT
30064784461,68719489512,ARGUMENT
30064784462,30064784463,ARGUMENT
30064784462,55834579836,ARGUMENT
30064784463,68719489510,ARGUMENT
30064784463,30064784464,ARGUMENT
30064784464,30064784465,ARGUMENT
30064784464,90194316237,ARGUMENT
30064784465,30064784466,ARGUMENT
30064784465,55834579835,ARGUMENT
30064784466,68719489511,ARGUMENT
30064784466,55834579834,ARGUMENT
30064784467,68719489513,ARGUMENT
30064784467,30064784468,ARGUMENT
30064784468,68719489516,ARGUMENT
30064784469,30064784470,ARGUMENT
30064784469,55834579839,ARGUMENT
30064784470,68719489514,ARGUMENT
30064784470,30064784471,ARGUMENT
30064784471,30064784472,ARGUMENT
30064784471,90194316238,ARGUMENT
30064784472,30064784473,ARGUMENT
30064784472,55834579838,ARGUMENT
30064784473,68719489515,ARGUMENT
30064784473,55834579837,ARGUMENT
30064784474,68719489518,ARGUMENT
30064784474,90194316239,ARGUMENT
30064784475,68719489517,ARGUMENT
30064784475,55834579840,ARGUMENT
30064784476,68719489520,ARGUMENT
30064784476,30064784478,ARGUMENT
30064784477,68719489519,ARGUMENT
30064784477,55834579841,ARGUMENT
30064784478,90194316240,ARGUMENT
30064784478,68719489521,ARGUMENT
30064784478,90194316241,ARGUMENT
30064784479,68719489523,ARGUMENT
30064784479,30064784481,ARGUMENT
30064784480,68719489522,ARGUMENT
30064784480,55834579842,ARGUMENT
30064784481,90194316242,ARGUMENT
30064784481,30064784482,ARGUMENT
30064784481,90194316247,ARGUMENT
30064784482,68719489524,ARGUMENT
30064784482,30064784483,ARGUMENT
30064784482,90194316246,ARGUMENT
30064784483,30064784484,ARGUMENT
30064784483,90194316245,ARGUMENT
30064784484,68719489526,ARGUMENT
30064784484,90194316243,ARGUMENT
30064784484,90194316244,ARGUMENT
30064784485,68719489525,ARGUMENT
30064784485,55834579843,ARGUMENT
30064784486,68719489528,ARGUMENT
30064784486,30064784488,ARGUMENT
30064784487,68719489527,ARGUMENT
30064784487,55834579844,ARGUMENT
30064784488,90194316248,ARGUMENT
30064784488,30064784489,ARGUMENT
30064784488,90194316249,ARGUMENT
30064784489,68719489529,ARGUMENT
30064784489,55834579845,ARGUMENT
30064784490,68719489531,ARGUMENT
30064784490,30064784492,ARGUMENT
30064784491,68719489530,ARGUMENT
30064784491,55834579846,ARGUMENT
30064784492,90194316250,ARGUMENT
30064784492,30064784493,ARGUMENT
30064784492,90194316252,ARGUMENT
30064784493,68719489532,ARGUMENT
30064784493,90194316251,ARGUMENT
30064784494,30064784495,ARGUMENT
30064784494,30064784496,ARGUMENT
30064784495,68719489533,ARGUMENT
30064784496,68719489534,ARGUMENT
30064784497,68719489536,ARGUMENT
30064784497,90194316253,ARGUMENT
30064784498,68719489535,ARGUMENT
30064784498,55834579847,ARGUMENT
30064784499,68719489537,ARGUMENT
30064784499,30064784500,ARGUMENT
30064784500,68719489539,ARGUMENT
30064784500,90194316254,ARGUMENT
30064784501,68719489538,ARGUMENT
30064784501,55834579848,ARGUMENT
30064784502,68719489540,ARGUMENT
30064784502,30064784503,ARGUMENT
30064784503,68719489541,ARGUMENT
30064784504,68719489543,ARGUMENT
30064784504,90194316255,ARGUMENT
30064784505,68719489542,ARGUMENT
30064784505,55834579849,ARGUMENT
30064784506,68719489544,ARGUMENT
30064784506,30064784507,ARGUMENT
30064784508,68719489545,ARGUMENT
30064784508,90194316256,ARGUMENT
30064784509,68719489546,ARGUMENT
30064784509,90194316257,ARGUMENT
30064784510,68719489547,ARGUMENT
30064784510,90194316258,ARGUMENT
30064784511,68719489548,ARGUMENT
30064784511,30064784512,ARGUMENT
30064784512,90194316259,ARGUMENT
30064784512,68719489549,ARGUMENT
30064784512,90194316260,ARGUMENT
30064784512,68719489550,ARGUMENT
30064784512,90194316261,ARGUMENT
30064784512,68719489551,ARGUMENT
30064784512,90194316262,ARGUMENT
30064784513,68719489553,ARGUMENT
30064784513,30064784514,ARGUMENT
30064784514,90194316263,ARGUMENT
30064784514,68719489554,ARGUMENT
30064784514,90194316264,ARGUMENT
30064784515,68719489555,ARGUMENT
30064784515,30064784516,ARGUMENT
30064784516,68719489556,ARGUMENT
30064784516,25769805834,ARGUMENT
30064784516,25769805835,ARGUMENT
30064784517,30064784518,ARGUMENT
30064784517,30064784519,ARGUMENT
30064784518,68719489557,ARGUMENT
30064784518,55834579850,ARGUMENT
30064784519,90194316265,ARGUMENT
30064784519,68719489558,ARGUMENT
30064784519,90194316266,ARGUMENT
30064784520,30064784521,ARGUMENT
30064784520,30064784522,ARGUMENT
30064784521,68719489560,ARGUMENT
30064784521,55834579851,ARGUMENT
30064784522,90194316267,ARGUMENT
30064784522,30064784523,ARGUMENT
30064784523,68719489563,ARGUMENT
30064784523,90194316269,ARGUMENT
30064784524,30064784525,ARGUMENT
30064784524,55834579852,ARGUMENT
30064784525,68719489561,ARGUMENT
30064784525,30064784526,ARGUMENT
30064784526,30064784527,ARGUMENT
30064784527,68719489562,ARGUMENT
30064784527,90194316268,ARGUMENT
30064784528,68719489565,ARGUMENT
30064784528,30064784529,ARGUMENT
30064784529,30064784530,ARGUMENT
30064784530,68719489567,ARGUMENT
30064784530,68719489568,ARGUMENT
30064784530,25769805836,ARGUMENT
30064784531,68719489566,ARGUMENT
30064784531,55834579853,ARGUMENT
30064784532,30064784533,ARGUMENT
30064784532,68719489570,ARGUMENT
30064784533,68719489569,ARGUMENT
30064784533,55834579854,ARGUMENT
30064784534,68719489572,ARGUMENT
30064784534,30064784535,ARGUMENT
30064784535,68719489573,ARGUMENT
30064784535,55834579855,ARGUMENT
30064784536,30064784537,ARGUMENT
30064784536,30064784539,ARGUMENT
30064784537,30064784538,ARGUMENT
30064784537,90194316270,ARGUMENT
30064784538,68719489574,ARGUMENT
30064784539,68719489576,ARGUMENT
30064784539,90194316271,ARGUMENT
30064784540,68719489575,ARGUMENT
30064784540,55834579856,ARGUMENT
30064784541,25769805837,ARGUMENT
30064784542,68719489577,ARGUMENT
30064784542,30064784543,ARGUMENT
30064784544,68719489579,ARGUMENT
30064784544,90194316272,ARGUMENT
30064784545,68719489582,ARGUMENT
30064784545,90194316273,ARGUMENT
30064784546,68719489581,ARGUMENT
30064784546,55834579857,ARGUMENT
30064784547,30064784548,ARGUMENT
30064784547,30064784549,ARGUMENT
30064784548,68719489583,ARGUMENT
30064784548,55834579858,ARGUMENT
30064784549,68719489585,ARGUMENT
30064784549,30064784551,ARGUMENT
30064784550,68719489584,ARGUMENT
30064784550,55834579859,ARGUMENT
30064784551,68719489586,ARGUMENT
30064784551,55834579860,ARGUMENT
30064784552,68719489587,ARGUMENT
30064784552,30064784553,ARGUMENT
30064784553,30064784554,ARGUMENT
30064784554,68719489588,ARGUMENT
30064784554,55834579861,ARGUMENT
30064784555,30064784556,ARGUMENT
30064784556,30064784426,ARGUMENT
30064784556,55834579862,ARGUMENT
30064784557,68719489591,ARGUMENT
30064784557,30064784558,ARGUMENT
30064784558,68719489592,ARGUMENT
30064784558,55834579863,ARGUMENT
30064784559,68719489594,ARGUMENT
30064784559,25769805839,ARGUMENT
30064784560,68719489593,ARGUMENT
30064784560,55834579864,ARGUMENT
30064784561,30064784562,ARGUMENT
30064784561,30064784563,ARGUMENT
30064784562,68719489595,ARGUMENT
30064784562,55834579865,ARGUMENT
30064784563,68719489596,ARGUMENT
30064784563,55834579866,ARGUMENT
30064784564,30064784565,ARGUMENT
30064784564,30064784566,ARGUMENT
30064784565,68719489597,ARGUMENT
30064784565,55834579867,ARGUMENT
30064784566,68719489598,ARGUMENT
30064784566,55834579868,ARGUMENT
30064784567,68719489600,ARGUMENT
30064784567,30064784568,ARGUMENT
30064784568,30064784569,ARGUMENT
30064784568,30064784570,ARGUMENT
30064784568,30064784572,ARGUMENT
30064784569,68719489601,ARGUMENT
30064784569,55834579869,ARGUMENT
30064784570,30064784571,ARGUMENT
30064784570,55834579871,ARGUMENT
30064784571,68719489602,ARGUMENT
30064784571,55834579870,ARGUMENT
30064784572,68719489603,ARGUMENT
30064784572,55834579872,ARGUMENT
30064784573,68719489604,ARGUMENT
30064784574,30064784575,ARGUMENT
30064784574,68719489606,ARGUMENT
30064784575,68719489605,ARGUMENT
30064784575,55834579873,ARGUMENT
30064784576,68719489609,ARGUMENT
30064784576,90194316274,ARGUMENT
30064784576,30064784578,ARGUMENT
30064784577,68719489608,ARGUMENT
30064784577,55834579874,ARGUMENT
30064784578,68719489610,ARGUMENT
30064784578,55834579875,ARGUMENT
30064784579,68719489611,ARGUMENT
30064784579,55834579876,ARGUMENT
30064784580,68719489613,ARGUMENT
30064784580,90194316275,ARGUMENT
30064784580,30064784582,ARGUMENT
30064784581,68719489612,ARGUMENT
30064784581,55834579877,ARGUMENT
30064784582,30064784583,ARGUMENT
30064784582,55834579879,ARGUMENT
30064784583,68719489614,ARGUMENT
30064784583,55834579878,ARGUMENT
30064784584,68719489616,ARGUMENT
30064784584,90194316276,ARGUMENT
30064784584,30064784586,ARGUMENT
30064784585,68719489615,ARGUMENT
30064784585,55834579880,ARGUMENT
30064784586,30064784587,ARGUMENT
30064784586,55834579882,ARGUMENT
30064784587,68719489617,ARGUMENT
30064784587,55834579881,ARGUMENT
30064784588,68719489618,ARGUMENT
30064784589,68719489619,ARGUMENT
30064784589,30064784590,ARGUMENT
30064784590,30064784591,ARGUMENT
30064784591,68719489621,ARGUMENT
30064784591,90194316277,ARGUMENT
30064784592,68719489620,ARGUMENT
30064784592,55834579883,ARGUMENT
30064784593,68719489623,ARGUMENT
30064784593,30064784595,ARGUMENT
30064784594,68719489622,ARGUMENT
30064784594,55834579884,ARGUMENT
30064784595,90194316278,ARGUMENT
30064784595,30064784596,ARGUMENT
30064784595,90194316279,ARGUMENT
30064784595,30064784597,ARGUMENT
30064784595,90194316280,ARGUMENT
30064784596,68719489624,ARGUMENT
30064784596,55834579885,ARGUMENT
30064784597,30064784598,ARGUMENT
30064784597,55834579887,ARGUMENT
30064784598,68719489625,ARGUMENT
30064784598,55834579886,ARGUMENT
30064784599,68719489627,ARGUMENT
30064784599,90194316281,ARGUMENT
30064784600,68719489626,ARGUMENT
30064784600,55834579888,ARGUMENT
30064784601,68719489628,ARGUMENT
30064784601,30064784602,ARGUMENT
30064784602,30064784603,ARGUMENT
30064784603,68719489629,ARGUMENT
30064784603,55834579889,ARGUMENT
30064784604,30064784605,ARGUMENT
30064784605,30064784429,ARGUMENT
30064784605,55834579890,ARGUMENT
30064784606,68719489632,ARGUMENT
30064784606,30064784607,ARGUMENT
30064784607,68719489633,ARGUMENT
30064784607,55834579891,ARGUMENT
30064784608,68719489634,ARGUMENT
30064784608,30064784609,ARGUMENT
30064784609,68719489636,ARGUMENT
30064784609,30064784610,ARGUMENT
30064784610,68719489637,ARGUMENT
30064784610,55834579892,ARGUMENT
30064784611,68719489638,ARGUMENT
30064784611,30064784612,ARGUMENT
30064784612,68719489640,ARGUMENT
30064784612,120259084592,ARGUMENT
30064784613,68719489639,ARGUMENT
30064784613,55834579893,ARGUMENT
30064784614,68719489641,ARGUMENT
30064784615,68719489642,ARGUMENT
30064784615,30064784616,ARGUMENT
30064784616,68719489644,ARGUMENT
30064784616,120259084593,ARGUMENT
30064784617,68719489643,ARGUMENT
30064784617,55834579894,ARGUMENT
30064784618,30064784619,ARGUMENT
30064784619,68719489647,ARGUMENT
30064784619,90194316282,ARGUMENT
30064784619,25769805844,ARGUMENT
30064784620,68719489646,ARGUMENT
30064784620,55834579895,ARGUMENT
30064784621,68719489648,ARGUMENT
30064784621,30064784622,ARGUMENT
30064784623,68719489650,ARGUMENT
30064784623,30064784625,ARGUMENT
30064784624,68719489649,ARGUMENT
30064784624,55834579896,ARGUMENT
30064784625,68719489651,ARGUMENT
30064784625,55834579897,ARGUMENT
30064784626,68719489653,ARGUMENT
30064784626,30064784628,ARGUMENT
30064784627,68719489652,ARGUMENT
30064784627,55834579898,ARGUMENT
30064784628,68719489654,ARGUMENT
30064784628,55834579899,ARGUMENT
30064784629,68719489657,ARGUMENT
30064784629,30064784631,ARGUMENT
30064784630,68719489656,ARGUMENT
30064784630,55834579900,ARGUMENT
30064784631,90194316283,ARGUMENT
30064784631,30064784632,ARGUMENT
30064784631,90194316284,ARGUMENT
30064784631,30064784633,ARGUMENT
30064784631,90194316285,ARGUMENT
30064784632,68719489658,ARGUMENT
30064784632,55834579901,ARGUMENT
30064784633,68719489659,ARGUMENT
30064784633,55834579902,ARGUMENT
30064784634,68719489661,ARGUMENT
30064784634,30064784636,ARGUMENT
30064784635,68719489660,ARGUMENT
30064784635,55834579903,ARGUMENT
30064784636,90194316286,ARGUMENT
30064784636,30064784637,ARGUMENT
30064784636,90194316287,ARGUMENT
30064784637,68719489662,ARGUMENT
30064784637,55834579904,ARGUMENT
30064784638,68719489663,ARGUMENT
30064784638,30064784639,ARGUMENT
30064784639,68719489665,ARGUMENT
30064784640,68719489666,ARGUMENT
30064784640,30064784641,ARGUMENT
30064784641,30064784642,ARGUMENT
30064784642,68719489668,ARGUMENT
30064784642,90194316288,ARGUMENT
30064784642,25769805860,ARGUMENT
30064784643,68719489667,ARGUMENT
30064784643,55834579905,ARGUMENT
30064784644,68719489669,ARGUMENT
30064784644,30064784645,ARGUMENT
30064784646,68719489671,ARGUMENT
30064784646,68719489672,ARGUMENT
30064784647,68719489670,ARGUMENT
30064784647,55834579906,ARGUMENT
30064784648,30064784649,ARGUMENT
30064784648,30064784652,ARGUMENT
30064784649,30064784650,ARGUMENT
30064784649,90194316289,ARGUMENT
30064784650,30064784651,ARGUMENT
30064784650,55834579908,ARGUMENT
30064784651,68719489674,ARGUMENT
30064784651,55834579907,ARGUMENT
30064784652,30064784653,ARGUMENT
30064784652,55834579910,ARGUMENT
30064784653,30064784654,ARGUMENT
30064784653,90194316290,ARGUMENT
30064784654,68719489675,ARGUMENT
30064784654,55834579909,ARGUMENT
30064784655,30064784656,ARGUMENT
30064784655,55834579912,ARGUMENT
30064784656,30064784657,ARGUMENT
30064784656,90194316291,ARGUMENT
30064784657,68719489676,ARGUMENT
30064784657,55834579911,ARGUMENT
30064784658,68719489677,ARGUMENT
30064784658,30064784659,ARGUMENT
30064784659,30064784416,ARGUMENT
30064784659,55834579913,ARGUMENT
30064784660,68719489680,ARGUMENT
30064784660,30064784417,ARGUMENT
30064784661,68719489683,ARGUMENT
30064784661,120259084594,ARGUMENT
30064784662,30064784663,ARGUMENT
30064784662,68719489685,ARGUMENT
30064784663,68719489684,ARGUMENT
30064784663,55834579914,ARGUMENT
30064784664,68719489686,ARGUMENT
30064784664,120259084595,ARGUMENT
30064784665,30064784666,ARGUMENT
30064784665,68719489688,ARGUMENT
30064784666,68719489687,ARGUMENT
30064784666,55834579915,ARGUMENT
30064784667,68719489802,ARGUMENT
30064784667,90194316346,ARGUMENT
30064784668,30064784669,ARGUMENT
30064784668,30064784670,ARGUMENT
30064784669,68719489689,ARGUMENT
30064784669,55834579916,ARGUMENT
30064784670,68719489695,ARGUMENT
30064784670,90194316296,ARGUMENT
30064784670,90194316297,ARGUMENT
30064784671,30064784672,ARGUMENT
30064784671,55834579920,ARGUMENT
30064784672,68719489690,ARGUMENT
30064784672,30064784673,ARGUMENT
30064784673,68719489694,ARGUMENT
30064784674,30064784675,ARGUMENT
30064784674,55834579919,ARGUMENT
30064784675,68719489691,ARGUMENT
30064784675,30064784676,ARGUMENT
30064784676,30064784677,ARGUMENT
30064784676,90194316295,ARGUMENT
30064784677,68719489692,ARGUMENT
30064784677,30064784678,ARGUMENT
30064784678,30064784679,ARGUMENT
30064784678,55834579918,ARGUMENT
30064784679,68719489693,ARGUMENT
30064784679,55834579917,ARGUMENT
30064784680,30064784681,ARGUMENT
30064784680,30064784682,ARGUMENT
30064784681,68719489696,ARGUMENT
30064784681,55834579921,ARGUMENT
30064784682,68719489700,ARGUMENT
30064784683,30064784684,ARGUMENT
30064784683,55834579924,ARGUMENT
30064784684,68719489697,ARGUMENT
30064784684,30064784685,ARGUMENT
30064784685,30064784686,ARGUMENT
30064784685,90194316298,ARGUMENT
30064784686,68719489698,ARGUMENT
30064784686,30064784687,ARGUMENT
30064784687,30064784688,ARGUMENT
30064784687,55834579923,ARGUMENT
30064784688,68719489699,ARGUMENT
30064784688,55834579922,ARGUMENT
30064784689,30064784690,ARGUMENT
30064784689,30064784691,ARGUMENT
30064784690,68719489701,ARGUMENT
30064784690,55834579925,ARGUMENT
30064784691,68719489704,ARGUMENT
30064784691,90194316299,ARGUMENT
30064784692,30064784693,ARGUMENT
30064784692,55834579927,ARGUMENT
30064784693,68719489702,ARGUMENT
30064784693,30064784694,ARGUMENT
30064784694,68719489703,ARGUMENT
30064784694,55834579926,ARGUMENT
30064784695,30064784696,ARGUMENT
30064784695,30064784698,ARGUMENT
30064784696,30064784697,ARGUMENT
30064784697,68719489705,ARGUMENT
30064784697,55834579928,ARGUMENT
30064784698,30064784699,ARGUMENT
30064784699,68719489707,ARGUMENT
30064784699,30064784702,ARGUMENT
30064784700,30064784701,ARGUMENT
30064784700,55834579929,ARGUMENT
30064784701,68719489706,ARGUMENT
30064784701,90194316300,ARGUMENT
30064784702,68719489708,ARGUMENT
30064784702,55834579930,ARGUMENT
30064784703,25769805866,ARGUMENT
30064784704,68719489709,ARGUMENT
30064784704,30064784705,ARGUMENT
30064784706,68719489711,ARGUMENT
30064784706,90194316301,ARGUMENT
30064784707,30064784708,ARGUMENT
30064784708,68719489713,ARGUMENT
30064784708,55834579931,ARGUMENT
30064784709,25769805867,ARGUMENT
30064784710,68719489714,ARGUMENT
30064784710,30064784711,ARGUMENT
30064784712,68719489716,ARGUMENT
30064784712,90194316302,ARGUMENT
30064784713,68719489719,ARGUMENT
30064784713,30064784715,ARGUMENT
30064784714,68719489718,ARGUMENT
30064784714,55834579932,ARGUMENT
30064784715,90194316303,ARGUMENT
30064784715,30064784716,ARGUMENT
30064784715,90194316304,ARGUMENT
30064784716,68719489720,ARGUMENT
30064784716,55834579933,ARGUMENT
30064784717,68719489721,ARGUMENT
30064784717,55834579934,ARGUMENT
30064784718,30064784719,ARGUMENT
30064784718,30064784720,ARGUMENT
30064784719,68719489722,ARGUMENT
30064784719,55834579935,ARGUMENT
30064784720,90194316305,ARGUMENT
30064784720,30064784721,ARGUMENT
30064784720,90194316306,ARGUMENT
30064784721,68719489723,ARGUMENT
30064784721,55834579936,ARGUMENT
30064784722,30064784723,ARGUMENT
30064784722,30064784724,ARGUMENT
30064784723,68719489725,ARGUMENT
30064784723,55834579937,ARGUMENT
30064784724,90194316307,ARGUMENT
30064784724,30064784725,ARGUMENT
30064784725,68719489728,ARGUMENT
30064784725,90194316309,ARGUMENT
30064784726,30064784727,ARGUMENT
30064784726,55834579939,ARGUMENT
30064784727,68719489726,ARGUMENT
30064784727,30064784728,ARGUMENT
30064784728,30064784729,ARGUMENT
30064784729,30064784730,ARGUMENT
30064784729,90194316308,ARGUMENT
30064784730,68719489727,ARGUMENT
30064784730,55834579938,ARGUMENT
30064784731,68719489730,ARGUMENT
30064784731,30064784732,ARGUMENT
30064784732,90194316310,ARGUMENT
30064784732,30064784733,ARGUMENT
30064784732,90194316311,ARGUMENT
30064784732,30064784734,ARGUMENT
30064784732,90194316312,ARGUMENT
30064784732,68719489733,ARGUMENT
30064784732,90194316313,ARGUMENT
30064784732,68719489734,ARGUMENT
30064784732,90194316314,ARGUMENT
30064784733,68719489731,ARGUMENT
30064784733,55834579940,ARGUMENT
30064784734,68719489732,ARGUMENT
30064784735,68719489735,ARGUMENT
30064784735,30064784736,ARGUMENT
30064784736,30064784737,ARGUMENT
30064784737,68719489737,ARGUMENT
30064784737,68719489738,ARGUMENT
30064784737,25769805878,ARGUMENT
30064784738,68719489736,ARGUMENT
30064784738,55834579941,ARGUMENT
30064784739,30064784740,ARGUMENT
30064784739,30064784741,ARGUMENT
30064784740,68719489739,ARGUMENT
30064784740,55834579942,ARGUMENT
30064784741,68719489741,ARGUMENT
30064784742,68719489740,ARGUMENT
30064784742,55834579943,ARGUMENT
30064784743,68719489743,ARGUMENT
30064784743,30064784744,ARGUMENT
30064784744,30064784745,ARGUMENT
30064784744,90194316315,ARGUMENT
30064784745,30064784746,ARGUMENT
30064784745,55834579945,ARGUMENT
30064784746,68719489744,ARGUMENT
30064784746,55834579944,ARGUMENT
30064784747,68719489746,ARGUMENT
30064784747,30064784749,ARGUMENT
30064784748,68719489745,ARGUMENT
30064784748,55834579946,ARGUMENT
30064784749,90194316316,ARGUMENT
30064784749,68719489747,ARGUMENT
30064784749,90194316317,ARGUMENT
30064784749,68719489748,ARGUMENT
30064784749,90194316318,ARGUMENT
30064784749,68719489749,ARGUMENT
30064784749,90194316319,ARGUMENT
30064784750,68719489753,ARGUMENT
30064784750,30064784752,ARGUMENT
30064784751,68719489752,ARGUMENT
30064784751,55834579947,ARGUMENT
30064784752,90194316320,ARGUMENT
30064784752,68719489754,ARGUMENT
30064784752,90194316321,ARGUMENT
30064784752,68719489755,ARGUMENT
30064784752,90194316322,ARGUMENT
30064784752,68719489756,ARGUMENT
30064784752,90194316323,ARGUMENT
30064784753,68719489757,ARGUMENT
30064784753,55834579948,ARGUMENT
30064784754,68719489759,ARGUMENT
30064784754,90194316324,ARGUMENT
30064784754,30064784756,ARGUMENT
30064784755,68719489758,ARGUMENT
30064784755,55834579949,ARGUMENT
30064784756,30064784757,ARGUMENT
30064784756,55834579951,ARGUMENT
30064784757,68719489760,ARGUMENT
30064784757,55834579950,ARGUMENT
30064784758,68719489762,ARGUMENT
30064784758,90194316325,ARGUMENT
30064784758,30064784760,ARGUMENT
30064784759,68719489761,ARGUMENT
30064784759,55834579952,ARGUMENT
30064784760,30064784761,ARGUMENT
30064784760,30064784765,ARGUMENT
30064784760,30064784770,ARGUMENT
30064784761,30064784762,ARGUMENT
30064784761,90194316326,ARGUMENT
30064784762,30064784763,ARGUMENT
30064784763,30064784764,ARGUMENT
30064784763,55834579954,ARGUMENT
30064784764,68719489763,ARGUMENT
30064784764,55834579953,ARGUMENT
30064784765,68719489766,ARGUMENT
30064784765,90194316327,ARGUMENT
30064784765,90194316328,ARGUMENT
30064784766,30064784767,ARGUMENT
30064784766,55834579957,ARGUMENT
30064784767,68719489764,ARGUMENT
30064784767,30064784768,ARGUMENT
30064784768,30064784769,ARGUMENT
30064784768,55834579956,ARGUMENT
30064784769,68719489765,ARGUMENT
30064784769,55834579955,ARGUMENT
30064784770,30064784771,ARGUMENT
30064784770,55834579959,ARGUMENT
30064784771,68719489767,ARGUMENT
30064784771,55834579958,ARGUMENT
30064784772,68719489769,ARGUMENT
30064784772,90194316329,ARGUMENT
30064784772,30064784774,ARGUMENT
30064784773,68719489768,ARGUMENT
30064784773,55834579960,ARGUMENT
30064784774,68719489770,ARGUMENT
30064784774,55834579961,ARGUMENT
30064784775,68719489771,ARGUMENT
30064784776,68719489773,ARGUMENT
30064784776,30064784778,ARGUMENT
30064784777,68719489772,ARGUMENT
30064784777,55834579962,ARGUMENT
30064784778,90194316330,ARGUMENT
30064784778,68719489774,ARGUMENT
30064784778,90194316331,ARGUMENT
30064784779,68719489775,ARGUMENT
30064784779,120259084596,ARGUMENT
30064784780,68719489776,ARGUMENT
30064784780,25769805882,ARGUMENT
30064784781,30064784782,ARGUMENT
30064784781,30064784783,ARGUMENT
30064784782,68719489777,ARGUMENT
30064784782,55834579963,ARGUMENT
30064784783,30064784784,ARGUMENT
30064784784,68719489779,ARGUMENT
30064784784,90194316332,ARGUMENT
30064784784,90194316333,ARGUMENT
30064784785,30064784786,ARGUMENT
30064784785,30064784787,ARGUMENT
30064784786,68719489780,ARGUMENT
30064784786,55834579964,ARGUMENT
30064784787,30064784788,ARGUMENT
30064784788,68719489782,ARGUMENT
30064784788,90194316334,ARGUMENT
30064784788,90194316335,ARGUMENT
30064784789,30064784790,ARGUMENT
30064784789,30064784791,ARGUMENT
30064784790,68719489783,ARGUMENT
30064784790,55834579965,ARGUMENT
30064784791,30064784792,ARGUMENT
30064784792,68719489785,ARGUMENT
30064784792,90194316336,ARGUMENT
30064784792,90194316337,ARGUMENT
30064784793,30064784794,ARGUMENT
30064784793,30064784795,ARGUMENT
30064784794,68719489786,ARGUMENT
30064784794,55834579966,ARGUMENT
30064784795,30064784796,ARGUMENT
30064784796,68719489788,ARGUMENT
30064784796,90194316338,ARGUMENT
30064784796,90194316339,ARGUMENT
30064784797,30064784798,ARGUMENT
30064784797,30064784799,ARGUMENT
30064784798,68719489789,ARGUMENT
30064784798,55834579967,ARGUMENT
30064784799,30064784800,ARGUMENT
30064784800,68719489791,ARGUMENT
30064784800,90194316340,ARGUMENT
30064784800,90194316341,ARGUMENT
30064784801,30064784802,ARGUMENT
30064784801,30064784803,ARGUMENT
30064784802,68719489792,ARGUMENT
30064784802,55834579968,ARGUMENT
30064784803,30064784804,ARGUMENT
30064784804,68719489794,ARGUMENT
30064784804,90194316342,ARGUMENT
30064784804,90194316343,ARGUMENT
30064784805,68719489797,ARGUMENT
30064784805,30064784807,ARGUMENT
30064784806,68719489796,ARGUMENT
30064784806,55834579969,ARGUMENT
30064784807,90194316344,ARGUMENT
30064784807,68719489798,ARGUMENT
30064784807,90194316345,ARGUMENT
30064784808,68719489800,ARGUMENT
30064784808,30064784667,ARGUMENT
30064784809,30064784810,ARGUMENT
30064784809,68719489804,ARGUMENT
30064784810,68719489803,ARGUMENT
30064784810,55834579970,ARGUMENT
30064784811,68719489805,ARGUMENT
30064784811,120259084597,ARGUMENT
30064784812,30064784813,ARGUMENT
30064784812,68719489807,ARGUMENT
30064784813,68719489806,ARGUMENT
30064784813,55834579971,ARGUMENT
30064784814,68719489810,ARGUMENT
30064784814,90194316347,ARGUMENT
30064784815,68719489808,ARGUMENT
30064784815,30064784816,ARGUMENT
30064784816,30064784814,ARGUMENT
30064784816,55834579972,ARGUMENT
30064784817,30064784818,ARGUMENT
30064784817,68719489812,ARGUMENT
30064784818,68719489811,ARGUMENT
30064784818,55834579973,ARGUMENT
30064784819,30064784820,ARGUMENT
30064784819,68719489814,ARGUMENT
30064784820,68719489813,ARGUMENT
30064784820,55834579974,ARGUMENT
30064784821,30064784822,ARGUMENT
30064784821,68719489816,ARGUMENT
30064784822,68719489815,ARGUMENT
30064784822,55834579975,ARGUMENT
30064784823,30064784824,ARGUMENT
30064784823,68719489818,ARGUMENT
30064784824,68719489817,ARGUMENT
30064784824,55834579976,ARGUMENT
30064784825,30064784826,ARGUMENT
30064784825,68719489820,ARGUMENT
30064784826,68719489819,ARGUMENT
30064784826,55834579977,ARGUMENT
30064784827,30064784828,ARGUMENT
30064784827,68719489822,ARGUMENT
30064784828,68719489821,ARGUMENT
30064784828,55834579978,ARGUMENT
30064784829,30064784830,ARGUMENT
30064784829,68719489824,ARGUMENT
30064784830,68719489823,ARGUMENT
30064784830,55834579979,ARGUMENT
30064784831,30064784832,ARGUMENT
30064784831,68719489826,ARGUMENT
30064784832,68719489825,ARGUMENT
30064784832,55834579980,ARGUMENT
30064784833,30064784834,ARGUMENT
30064784833,68719489828,ARGUMENT
30064784834,68719489827,ARGUMENT
30064784834,55834579981,ARGUMENT
30064784835,30064784836,ARGUMENT
30064784835,68719489830,ARGUMENT
30064784836,68719489829,ARGUMENT
30064784836,55834579982,ARGUMENT
30064784837,30064784838,ARGUMENT
30064784837,68719489832,ARGUMENT
30064784838,68719489831,ARGUMENT
30064784838,55834579983,ARGUMENT
30064784839,30064784840,ARGUMENT
30064784839,68719489834,ARGUMENT
30064784840,68719489833,ARGUMENT
30064784840,55834579984,ARGUMENT
30064784841,30064784842,ARGUMENT
30064784841,68719489836,ARGUMENT
30064784842,68719489835,ARGUMENT
30064784842,55834579985,ARGUMENT
30064784843,30064784844,ARGUMENT
30064784843,68719489838,ARGUMENT
30064784844,68719489837,ARGUMENT
30064784844,55834579986,ARGUMENT
30064784845,30064784846,ARGUMENT
30064784845,68719489840,ARGUMENT
30064784846,68719489839,ARGUMENT
30064784846,55834579987,ARGUMENT
30064784847,30064784848,ARGUMENT
30064784847,68719489842,ARGUMENT
30064784848,68719489841,ARGUMENT
30064784848,55834579988,ARGUMENT
30064784849,30064784850,ARGUMENT
30064784849,68719489844,ARGUMENT
30064784850,68719489843,ARGUMENT
30064784850,55834579989,ARGUMENT
30064784851,30064784852,ARGUMENT
30064784851,68719489846,ARGUMENT
30064784852,68719489845,ARGUMENT
30064784852,55834579990,ARGUMENT
30064784853,30064784854,ARGUMENT
30064784853,68719489848,ARGUMENT
30064784854,68719489847,ARGUMENT
30064784854,55834579991,ARGUMENT
30064784855,30064784856,ARGUMENT
30064784855,68719489850,ARGUMENT
30064784856,68719489849,ARGUMENT
30064784856,55834579992,ARGUMENT
30064784857,30064784858,ARGUMENT
30064784857,68719489852,ARGUMENT
30064784858,68719489851,ARGUMENT
30064784858,55834579993,ARGUMENT
30064784859,30064784860,ARGUMENT
30064784859,68719489854,ARGUMENT
30064784860,68719489853,ARGUMENT
30064784860,55834579994,ARGUMENT
30064784861,30064784862,ARGUMENT
30064784861,68719489856,ARGUMENT
30064784862,68719489855,ARGUMENT
30064784862,55834579995,ARGUMENT
30064784863,68719489857,ARGUMENT
30064784863,30064784864,ARGUMENT
30064784864,90194316348,ARGUMENT
30064784865,30064784866,ARGUMENT
30064784865,68719489859,ARGUMENT
30064784866,68719489858,ARGUMENT
30064784866,55834579996,ARGUMENT
30064784867,68719489860,ARGUMENT
30064784867,30064784868,ARGUMENT
30064784868,90194316349,ARGUMENT
30064784869,30064784870,ARGUMENT
30064784869,68719489862,ARGUMENT
30064784870,68719489861,ARGUMENT
30064784870,55834579997,ARGUMENT
30064784871,68719489863,ARGUMENT
30064784871,30064784872,ARGUMENT
30064784872,90194316350,ARGUMENT
30064784873,30064784874,ARGUMENT
30064784873,68719489865,ARGUMENT
30064784874,68719489864,ARGUMENT
30064784874,55834579998,ARGUMENT
30064784875,30064784876,ARGUMENT
30064784875,68719489867,ARGUMENT
30064784876,68719489866,ARGUMENT
30064784876,55834579999,ARGUMENT
30064784877,30064784878,ARGUMENT
30064784877,68719489869,ARGUMENT
30064784878,68719489868,ARGUMENT
30064784878,55834580000,ARGUMENT
30064784879,30064784880,ARGUMENT
30064784879,68719489871,ARGUMENT
30064784880,68719489870,ARGUMENT
30064784880,55834580001,ARGUMENT
30064784881,30064784882,ARGUMENT
30064784881,68719489873,ARGUMENT
30064784882,68719489872,ARGUMENT
30064784882,55834580002,ARGUMENT
30064784883,30064784884,ARGUMENT
30064784883,68719489875,ARGUMENT
30064784884,68719489874,ARGUMENT
30064784884,55834580003,ARGUMENT
30064784885,30064784886,ARGUMENT
30064784885,68719489877,ARGUMENT
30064784886,68719489876,ARGUMENT
30064784886,55834580004,ARGUMENT
30064784887,30064784888,ARGUMENT
30064784887,68719489879,ARGUMENT
30064784888,68719489878,ARGUMENT
30064784888,55834580005,ARGUMENT
30064784889,30064784890,ARGUMENT
30064784889,68719489881,ARGUMENT
30064784890,68719489880,ARGUMENT
30064784890,55834580006,ARGUMENT
30064784891,30064784892,ARGUMENT
30064784891,68719489883,ARGUMENT
30064784892,68719489882,ARGUMENT
30064784892,55834580007,ARGUMENT
30064784893,30064784894,ARGUMENT
30064784893,68719489885,ARGUMENT
30064784894,68719489884,ARGUMENT
30064784894,55834580008,ARGUMENT
30064784895,30064784896,ARGUMENT
30064784895,68719489887,ARGUMENT
30064784896,68719489886,ARGUMENT
30064784896,55834580009,ARGUMENT
30064784897,68719489890,ARGUMENT
30064784897,90194316351,ARGUMENT
30064784898,68719489888,ARGUMENT
30064784898,30064784899,ARGUMENT
30064784899,30064784897,ARGUMENT
30064784899,55834580010,ARGUMENT
30064784900,30064784901,ARGUMENT
30064784900,68719489892,ARGUMENT
30064784901,68719489891,ARGUMENT
30064784901,55834580011,ARGUMENT
30064784902,30064784903,ARGUMENT
30064784902,68719489894,ARGUMENT
30064784903,68719489893,ARGUMENT
30064784903,55834580012,ARGUMENT
30064784904,30064784905,ARGUMENT
30064784904,68719489896,ARGUMENT
30064784905,68719489895,ARGUMENT
30064784905,55834580013,ARGUMENT
30064784906,30064784907,ARGUMENT
30064784906,68719489898,ARGUMENT
30064784907,68719489897,ARGUMENT
30064784907,55834580014,ARGUMENT
30064784908,30064784909,ARGUMENT
30064784908,68719489900,ARGUMENT
30064784909,68719489899,ARGUMENT
30064784909,55834580015,ARGUMENT
30064784910,30064784911,ARGUMENT
30064784910,68719489902,ARGUMENT
30064784911,68719489901,ARGUMENT
30064784911,55834580016,ARGUMENT
30064784912,30064784913,ARGUMENT
30064784912,68719489904,ARGUMENT
30064784913,68719489903,ARGUMENT
30064784913,55834580017,ARGUMENT
30064784914,30064784915,ARGUMENT
30064784914,68719489906,ARGUMENT
30064784915,68719489905,ARGUMENT
30064784915,55834580018,ARGUMENT
30064784916,30064784917,ARGUMENT
30064784916,68719489908,ARGUMENT
30064784917,68719489907,ARGUMENT
30064784917,55834580019,ARGUMENT
30064784918,30064784919,ARGUMENT
30064784918,68719489910,ARGUMENT
30064784919,68719489909,ARGUMENT
30064784919,55834580020,ARGUMENT
30064784920,30064784921,ARGUMENT
30064784920,68719489912,ARGUMENT
30064784921,68719489911,ARGUMENT
30064784921,55834580021,ARGUMENT
30064784922,30064784923,ARGUMENT
30064784922,68719489914,ARGUMENT
30064784923,68719489913,ARGUMENT
30064784923,55834580022,ARGUMENT
30064784924,30064784925,ARGUMENT
30064784924,68719489916,ARGUMENT
30064784925,68719489915,ARGUMENT
30064784925,55834580023,ARGUMENT
30064784926,30064784927,ARGUMENT
30064784926,68719489918,ARGUMENT
30064784927,68719489917,ARGUMENT
30064784927,55834580024,ARGUMENT
30064784928,30064784929,ARGUMENT
30064784928,68719489920,ARGUMENT
30064784929,68719489919,ARGUMENT
30064784929,55834580025,ARGUMENT
30064784930,30064784931,ARGUMENT
30064784930,68719489922,ARGUMENT
30064784931,68719489921,ARGUMENT
30064784931,55834580026,ARGUMENT
30064784932,30064784933,ARGUMENT
30064784932,68719489924,ARGUMENT
30064784933,68719489923,ARGUMENT
30064784933,55834580027,ARGUMENT
30064784934,30064784935,ARGUMENT
30064784934,68719489926,ARGUMENT
30064784935,68719489925,ARGUMENT
30064784935,55834580028,ARGUMENT
30064784936,30064784937,ARGUMENT
30064784936,68719489928,ARGUMENT
30064784937,68719489927,ARGUMENT
30064784937,55834580029,ARGUMENT
30064784938,30064784939,ARGUMENT
30064784938,68719489930,ARGUMENT
30064784939,68719489929,ARGUMENT
30064784939,55834580030,ARGUMENT
30064784940,30064784941,ARGUMENT
30064784940,68719489932,ARGUMENT
30064784941,68719489931,ARGUMENT
30064784941,55834580031,ARGUMENT
30064784942,68719489933,ARGUMENT
30064784942,90194316352,ARGUMENT
30064784943,30064784944,ARGUMENT
30064784943,90194316353,ARGUMENT
30064784944,68719489934,ARGUMENT
30064784944,55834580032,ARGUMENT
30064784945,68719489935,ARGUMENT
30064784945,90194316354,ARGUMENT
30064784946,30064784947,ARGUMENT
30064784946,90194316355,ARGUMENT
30064784947,68719489936,ARGUMENT
30064784947,55834580033,ARGUMENT
30064784948,68719489937,ARGUMENT
30064784948,90194316356,ARGUMENT
30064784949,30064784950,ARGUMENT
30064784949,90194316357,ARGUMENT
30064784950,68719489938,ARGUMENT
30064784950,55834580034,ARGUMENT
30064784951,68719489939,ARGUMENT
30064784951,90194316358,ARGUMENT
30064784952,30064784953,ARGUMENT
30064784952,90194316359,ARGUMENT
30064784953,68719489940,ARGUMENT
30064784953,55834580035,ARGUMENT
30064784954,68719489941,ARGUMENT
30064784954,90194316360,ARGUMENT
30064784955,30064784956,ARGUMENT
30064784955,90194316361,ARGUMENT
30064784956,68719489942,ARGUMENT
30064784956,55834580036,ARGUMENT
30064784957,68719489943,ARGUMENT
30064784957,90194316362,ARGUMENT
30064784958,68719489944,ARGUMENT
30064784958,90194316363,ARGUMENT
30064784959,68719489945,ARGUMENT
30064784959,90194316364,ARGUMENT
30064784960,30064784961,ARGUMENT
30064784960,90194316365,ARGUMENT
30064784961,68719489946,ARGUMENT
30064784961,55834580037,ARGUMENT
30064784962,68719489947,ARGUMENT
30064784962,90194316366,ARGUMENT
30064784963,30064784964,ARGUMENT
30064784963,90194316367,ARGUMENT
30064784964,68719489948,ARGUMENT
30064784964,55834580038,ARGUMENT
30064784965,68719489949,ARGUMENT
30064784965,90194316368,ARGUMENT
30064784966,30064784967,ARGUMENT
30064784966,90194316369,ARGUMENT
30064784967,68719489950,ARGUMENT
30064784967,55834580039,ARGUMENT
30064784968,68719489951,ARGUMENT
30064784968,90194316370,ARGUMENT
30064784969,30064784970,ARGUMENT
30064784969,90194316371,ARGUMENT
30064784970,68719489952,ARGUMENT
30064784970,55834580040,ARGUMENT
30064784971,68719489953,ARGUMENT
30064784971,90194316372,ARGUMENT
30064784972,30064784973,ARGUMENT
30064784972,90194316373,ARGUMENT
30064784973,68719489954,ARGUMENT
30064784973,55834580041,ARGUMENT
30064784974,68719489955,ARGUMENT
30064784974,90194316374,ARGUMENT
30064784975,68719489956,ARGUMENT
30064784975,90194316375,ARGUMENT
30064784976,68719489957,ARGUMENT
30064784976,90194316376,ARGUMENT
30064784977,30064784978,ARGUMENT
30064784977,90194316377,ARGUMENT
30064784978,68719489958,ARGUMENT
30064784978,55834580042,ARGUMENT
30064784979,68719489959,ARGUMENT
30064784979,90194316378,ARGUMENT
30064784980,30064784981,ARGUMENT
30064784980,90194316379,ARGUMENT
30064784981,68719489960,ARGUMENT
30064784981,55834580043,ARGUMENT
30064784982,68719489961,ARGUMENT
30064784982,90194316380,ARGUMENT
30064784983,30064784984,ARGUMENT
30064784983,90194316381,ARGUMENT
30064784984,68719489962,ARGUMENT
30064784984,55834580044,ARGUMENT
30064784985,68719489963,ARGUMENT
30064784985,90194316382,ARGUMENT
30064784986,30064784987,ARGUMENT
30064784986,90194316383,ARGUMENT
30064784987,68719489964,ARGUMENT
30064784987,55834580045,ARGUMENT
30064784988,68719489965,ARGUMENT
30064784988,90194316384,ARGUMENT
30064784989,30064784990,ARGUMENT
30064784989,90194316385,ARGUMENT
30064784990,68719489966,ARGUMENT
30064784990,55834580046,ARGUMENT
30064784991,68719489967,ARGUMENT
30064784991,90194316386,ARGUMENT
30064784992,68719489968,ARGUMENT
30064784992,90194316387,ARGUMENT
30064784993,68719489969,ARGUMENT
30064784993,90194316388,ARGUMENT
30064784994,30064784995,ARGUMENT
30064784994,90194316389,ARGUMENT
30064784995,68719489970,ARGUMENT
30064784995,55834580047,ARGUMENT
30064784996,68719489971,ARGUMENT
30064784996,90194316390,ARGUMENT
30064784997,30064784998,ARGUMENT
30064784997,90194316391,ARGUMENT
30064784998,68719489972,ARGUMENT
30064784998,55834580048,ARGUMENT
30064784999,68719489973,ARGUMENT
30064784999,90194316392,ARGUMENT
30064785000,30064785001,ARGUMENT
30064785000,90194316393,ARGUMENT
30064785001,68719489974,ARGUMENT
30064785001,55834580049,ARGUMENT
30064785002,68719489975,ARGUMENT
30064785002,90194316394,ARGUMENT
30064785003,30064785004,ARGUMENT
30064785003,90194316395,ARGUMENT
30064785004,68719489976,ARGUMENT
30064785004,55834580050,ARGUMENT
30064785005,68719489977,ARGUMENT
30064785005,90194316396,ARGUMENT
30064785006,30064785007,ARGUMENT
30064785006,90194316397,ARGUMENT
30064785007,68719489978,ARGUMENT
30064785007,55834580051,ARGUMENT
30064785008,68719489979,ARGUMENT
30064785008,90194316398,ARGUMENT
30064785009,68719489980,ARGUMENT
30064785009,90194316399,ARGUMENT
30064785010,68719489981,ARGUMENT
30064785010,30064785011,ARGUMENT
30064785011,30064785012,ARGUMENT
30064785011,30064785017,ARGUMENT
30064785012,30064785013,ARGUMENT
30064785012,30064785016,ARGUMENT
30064785013,30064785014,ARGUMENT
30064785013,30064785015,ARGUMENT
30064785014,68719489982,ARGUMENT
30064785014,90194316400,ARGUMENT
30064785015,68719489983,ARGUMENT
30064785015,90194316401,ARGUMENT
30064785016,68719489984,ARGUMENT
30064785016,90194316402,ARGUMENT
30064785017,68719489985,ARGUMENT
30064785017,90194316403,ARGUMENT
30064785018,30064785019,ARGUMENT
30064785018,90194316405,ARGUMENT
30064785019,68719489987,ARGUMENT
30064785019,30064785021,ARGUMENT
30064785020,68719489986,ARGUMENT
30064785020,55834580052,ARGUMENT
30064785021,68719489988,ARGUMENT
30064785021,90194316404,ARGUMENT
30064785022,68719489989,ARGUMENT
30064785022,90194316406,ARGUMENT
30064785023,30064785024,ARGUMENT
30064785023,90194316407,ARGUMENT
30064785024,68719489990,ARGUMENT
30064785024,55834580053,ARGUMENT
30064785025,68719489991,ARGUMENT
30064785025,90194316408,ARGUMENT
30064785026,30064785027,ARGUMENT
30064785026,90194316409,ARGUMENT
30064785027,68719489992,ARGUMENT
30064785027,55834580054,ARGUMENT
30064785028,68719489993,ARGUMENT
30064785028,90194316410,ARGUMENT
30064785029,30064785030,ARGUMENT
30064785029,90194316411,ARGUMENT
30064785030,68719489994,ARGUMENT
30064785030,55834580055,ARGUMENT
30064785031,68719489995,ARGUMENT
30064785031,90194316412,ARGUMENT
30064785032,30064785033,ARGUMENT
30064785032,90194316413,ARGUMENT
30064785033,68719489996,ARGUMENT
30064785033,55834580056,ARGUMENT
30064785034,68719489997,ARGUMENT
30064785034,90194316414,ARGUMENT
30064785035,30064785036,ARGUMENT
30064785035,90194316415,ARGUMENT
30064785036,68719489998,ARGUMENT
30064785036,55834580057,ARGUMENT
30064785037,68719489999,ARGUMENT
30064785037,90194316416,ARGUMENT
30064785038,68719490000,ARGUMENT
30064785038,90194316417,ARGUMENT
30064785039,68719490001,ARGUMENT
30064785039,90194316418,ARGUMENT
30064785040,30064785041,ARGUMENT
30064785040,90194316419,ARGUMENT
30064785041,68719490002,ARGUMENT
30064785041,55834580058,ARGUMENT
30064785042,68719490003,ARGUMENT
30064785042,90194316420,ARGUMENT
30064785043,30064785044,ARGUMENT
30064785043,90194316421,ARGUMENT
30064785044,68719490004,ARGUMENT
30064785044,55834580059,ARGUMENT
30064785045,68719490005,ARGUMENT
30064785045,90194316422,ARGUMENT
30064785046,30064785047,ARGUMENT
30064785046,90194316423,ARGUMENT
30064785047,68719490006,ARGUMENT
30064785047,55834580060,ARGUMENT
30064785048,68719490007,ARGUMENT
30064785048,90194316424,ARGUMENT
30064785049,30064785050,ARGUMENT
30064785049,90194316425,ARGUMENT
30064785050,68719490008,ARGUMENT
30064785050,55834580061,ARGUMENT
30064785051,68719490009,ARGUMENT
30064785051,90194316426,ARGUMENT
30064785052,30064785053,ARGUMENT
30064785052,90194316427,ARGUMENT
30064785053,68719490010,ARGUMENT
30064785053,55834580062,ARGUMENT
30064785054,68719490011,ARGUMENT
30064785054,90194316428,ARGUMENT
30064785055,68719490012,ARGUMENT
30064785055,90194316429,ARGUMENT
30064785056,68719490013,ARGUMENT
30064785056,90194316430,ARGUMENT
30064785057,30064785058,ARGUMENT
30064785057,90194316431,ARGUMENT
30064785058,68719490014,ARGUMENT
30064785058,55834580063,ARGUMENT
30064785059,68719490015,ARGUMENT
30064785059,90194316432,ARGUMENT
30064785060,30064785061,ARGUMENT
30064785060,90194316433,ARGUMENT
30064785061,68719490016,ARGUMENT
30064785061,55834580064,ARGUMENT
30064785062,68719490017,ARGUMENT
30064785062,90194316434,ARGUMENT
30064785063,30064785064,ARGUMENT
30064785063,90194316435,ARGUMENT
30064785064,68719490018,ARGUMENT
30064785064,55834580065,ARGUMENT
30064785065,68719490019,ARGUMENT
30064785065,90194316436,ARGUMENT
30064785066,30064785067,ARGUMENT
30064785066,90194316437,ARGUMENT
30064785067,68719490020,ARGUMENT
30064785067,55834580066,ARGUMENT
30064785068,68719490021,ARGUMENT
30064785068,90194316438,ARGUMENT
30064785069,30064785070,ARGUMENT
30064785069,90194316439,ARGUMENT
30064785070,68719490022,ARGUMENT
30064785070,55834580067,ARGUMENT
30064785071,68719490023,ARGUMENT
30064785071,90194316440,ARGUMENT
30064785072,68719490024,ARGUMENT
30064785072,90194316441,ARGUMENT
30064785073,68719490025,ARGUMENT
30064785073,90194316442,ARGUMENT
30064785074,30064785075,ARGUMENT
30064785074,90194316443,ARGUMENT
30064785075,68719490026,ARGUMENT
30064785075,55834580068,ARGUMENT
30064785076,68719490027,ARGUMENT
30064785076,90194316444,ARGUMENT
30064785077,30064785078,ARGUMENT
30064785077,90194316445,ARGUMENT
30064785078,68719490028,ARGUMENT
30064785078,55834580069,ARGUMENT
30064785079,68719490029,ARGUMENT
30064785079,90194316446,ARGUMENT
30064785080,30064785081,ARGUMENT
30064785080,90194316447,ARGUMENT
30064785081,68719490030,ARGUMENT
30064785081,55834580070,ARGUMENT
30064785082,68719490031,ARGUMENT
30064785082,90194316448,ARGUMENT
30064785083,30064785084,ARGUMENT
30064785083,90194316449,ARGUMENT
30064785084,68719490032,ARGUMENT
30064785084,55834580071,ARGUMENT
30064785085,68719490033,ARGUMENT
30064785085,90194316450,ARGUMENT
30064785086,30064785087,ARGUMENT
30064785086,90194316451,ARGUMENT
30064785087,68719490034,ARGUMENT
30064785087,55834580072,ARGUMENT
30064785088,68719490035,ARGUMENT
30064785088,90194316452,ARGUMENT
30064785089,68719490036,ARGUMENT
30064785089,90194316453,ARGUMENT
30064785090,68719490037,ARGUMENT
30064785090,30064785091,ARGUMENT
30064785091,30064785092,ARGUMENT
30064785091,30064785097,ARGUMENT
30064785092,30064785093,ARGUMENT
30064785092,30064785096,ARGUMENT
30064785093,30064785094,ARGUMENT
30064785093,30064785095,ARGUMENT
30064785094,68719490038,ARGUMENT
30064785094,90194316454,ARGUMENT
30064785095,68719490039,ARGUMENT
30064785095,90194316455,ARGUMENT
30064785096,68719490040,ARGUMENT
30064785096,90194316456,ARGUMENT
30064785097,68719490041,ARGUMENT
30064785097,90194316457,ARGUMENT
30064785098,30064785099,ARGUMENT
30064785098,90194316459,ARGUMENT
30064785099,68719490043,ARGUMENT
30064785099,30064785101,ARGUMENT
30064785100,68719490042,ARGUMENT
30064785100,55834580073,ARGUMENT
30064785101,68719490044,ARGUMENT
30064785101,90194316458,ARGUMENT
30064785102,68719490045,ARGUMENT
30064785102,90194316460,ARGUMENT
30064785103,30064785104,ARGUMENT
30064785103,90194316461,ARGUMENT
30064785104,68719490046,ARGUMENT
30064785104,55834580074,ARGUMENT
30064785105,68719490047,ARGUMENT
30064785105,90194316462,ARGUMENT
30064785106,30064785107,ARGUMENT
30064785106,90194316463,ARGUMENT
30064785107,68719490048,ARGUMENT
30064785107,55834580075,ARGUMENT
30064785108,68719490049,ARGUMENT
30064785108,90194316464,ARGUMENT
30064785109,30064785110,ARGUMENT
30064785109,90194316465,ARGUMENT
30064785110,68719490050,ARGUMENT
30064785110,55834580076,ARGUMENT
30064785111,68719490051,ARGUMENT
30064785111,90194316466,ARGUMENT
30064785112,30064785113,ARGUMENT
30064785112,90194316467,ARGUMENT
30064785113,68719490052,ARGUMENT
30064785113,55834580077,ARGUMENT
30064785114,68719490053,ARGUMENT
30064785114,90194316468,ARGUMENT
30064785115,30064785116,ARGUMENT
30064785115,90194316469,ARGUMENT
30064785116,68719490054,ARGUMENT
30064785116,55834580078,ARGUMENT
30064785117,68719490055,ARGUMENT
30064785117,90194316470,ARGUMENT
30064785118,68719490056,ARGUMENT
30064785118,90194316471,ARGUMENT
30064785119,68719490057,ARGUMENT
30064785119,90194316472,ARGUMENT
30064785120,30064785121,ARGUMENT
30064785120,90194316473,ARGUMENT
30064785121,68719490058,ARGUMENT
30064785121,55834580079,ARGUMENT
30064785122,68719490059,ARGUMENT
30064785122,90194316474,ARGUMENT
30064785123,30064785124,ARGUMENT
30064785123,90194316475,ARGUMENT
30064785124,68719490060,ARGUMENT
30064785124,55834580080,ARGUMENT
30064785125,68719490061,ARGUMENT
30064785125,90194316476,ARGUMENT
30064785126,30064785127,ARGUMENT
30064785126,90194316477,ARGUMENT
30064785127,68719490062,ARGUMENT
30064785127,55834580081,ARGUMENT
30064785128,68719490063,ARGUMENT
30064785128,90194316478,ARGUMENT
30064785129,30064785130,ARGUMENT
30064785129,90194316479,ARGUMENT
30064785130,68719490064,ARGUMENT
30064785130,55834580082,ARGUMENT
30064785131,68719490065,ARGUMENT
30064785131,90194316480,ARGUMENT
30064785132,30064785133,ARGUMENT
30064785132,90194316481,ARGUMENT
30064785133,68719490066,ARGUMENT
30064785133,55834580083,ARGUMENT
30064785134,68719490067,ARGUMENT
30064785134,90194316482,ARGUMENT
30064785135,68719490068,ARGUMENT
30064785135,90194316483,ARGUMENT
30064785136,68719490069,ARGUMENT
30064785136,90194316484,ARGUMENT
30064785137,30064785138,ARGUMENT
30064785137,90194316485,ARGUMENT
30064785138,68719490070,ARGUMENT
30064785138,55834580084,ARGUMENT
30064785139,68719490071,ARGUMENT
30064785139,90194316486,ARGUMENT
30064785140,30064785141,ARGUMENT
30064785140,90194316487,ARGUMENT
30064785141,68719490072,ARGUMENT
30064785141,55834580085,ARGUMENT
30064785142,68719490073,ARGUMENT
30064785142,90194316488,ARGUMENT
30064785143,30064785144,ARGUMENT
30064785143,90194316489,ARGUMENT
30064785144,68719490074,ARGUMENT
30064785144,55834580086,ARGUMENT
30064785145,68719490075,ARGUMENT
30064785145,90194316490,ARGUMENT
30064785146,30064785147,ARGUMENT
30064785146,90194316491,ARGUMENT
30064785147,68719490076,ARGUMENT
30064785147,55834580087,ARGUMENT
30064785148,68719490077,ARGUMENT
30064785148,90194316492,ARGUMENT
30064785149,30064785150,ARGUMENT
30064785149,90194316493,ARGUMENT
30064785150,68719490078,ARGUMENT
30064785150,55834580088,ARGUMENT
30064785151,68719490079,ARGUMENT
30064785151,90194316494,ARGUMENT
30064785152,68719490080,ARGUMENT
30064785152,90194316495,ARGUMENT
30064785153,68719490081,ARGUMENT
30064785153,30064785154,ARGUMENT
30064785154,30064785155,ARGUMENT
30064785154,30064785158,ARGUMENT
30064785155,30064785156,ARGUMENT
30064785155,30064785157,ARGUMENT
30064785156,68719490082,ARGUMENT
30064785156,90194316496,ARGUMENT
30064785157,68719490083,ARGUMENT
30064785157,90194316497,ARGUMENT
30064785158,68719490084,ARGUMENT
30064785158,90194316498,ARGUMENT
30064785159,30064785160,ARGUMENT
30064785159,90194316500,ARGUMENT
30064785160,68719490086,ARGUMENT
30064785160,30064785162,ARGUMENT
30064785161,68719490085,ARGUMENT
30064785161,55834580089,ARGUMENT
30064785162,68719490087,ARGUMENT
30064785162,90194316499,ARGUMENT
30064785163,68719490088,ARGUMENT
30064785163,90194316501,ARGUMENT
30064785164,30064785165,ARGUMENT
30064785164,90194316502,ARGUMENT
30064785165,68719490089,ARGUMENT
30064785165,55834580090,ARGUMENT
30064785166,68719490090,ARGUMENT
30064785166,90194316503,ARGUMENT
30064785167,30064785168,ARGUMENT
30064785167,90194316504,ARGUMENT
30064785168,68719490091,ARGUMENT
30064785168,55834580091,ARGUMENT
30064785169,68719490092,ARGUMENT
30064785169,90194316505,ARGUMENT
30064785170,30064785171,ARGUMENT
30064785170,90194316506,ARGUMENT
30064785171,68719490093,ARGUMENT
30064785171,55834580092,ARGUMENT
30064785172,68719490094,ARGUMENT
30064785172,90194316507,ARGUMENT
30064785173,30064785174,ARGUMENT
30064785173,90194316508,ARGUMENT
30064785174,68719490095,ARGUMENT
30064785174,55834580093,ARGUMENT
30064785175,68719490096,ARGUMENT
30064785175,90194316509,ARGUMENT
30064785176,30064785177,ARGUMENT
30064785176,90194316510,ARGUMENT
30064785177,68719490097,ARGUMENT
30064785177,55834580094,ARGUMENT
30064785178,68719490098,ARGUMENT
30064785178,90194316511,ARGUMENT
30064785179,68719490099,ARGUMENT
30064785179,90194316512,ARGUMENT
30064785180,68719490100,ARGUMENT
30064785180,90194316513,ARGUMENT
30064785181,30064785182,ARGUMENT
30064785181,90194316514,ARGUMENT
30064785182,68719490101,ARGUMENT
30064785182,55834580095,ARGUMENT
30064785183,68719490102,ARGUMENT
30064785183,90194316515,ARGUMENT
30064785184,30064785185,ARGUMENT
30064785184,90194316516,ARGUMENT
30064785185,68719490103,ARGUMENT
30064785185,55834580096,ARGUMENT
30064785186,68719490104,ARGUMENT
30064785186,90194316517,ARGUMENT
30064785187,30064785188,ARGUMENT
30064785187,90194316518,ARGUMENT
30064785188,68719490105,ARGUMENT
30064785188,55834580097,ARGUMENT
30064785189,68719490106,ARGUMENT
30064785189,90194316519,ARGUMENT
30064785190,30064785191,ARGUMENT
30064785190,90194316520,ARGUMENT
30064785191,68719490107,ARGUMENT
30064785191,55834580098,ARGUMENT
30064785192,68719490108,ARGUMENT
30064785192,90194316521,ARGUMENT
30064785193,30064785194,ARGUMENT
30064785193,90194316522,ARGUMENT
30064785194,68719490109,ARGUMENT
30064785194,55834580099,ARGUMENT
30064785195,68719490110,ARGUMENT
30064785195,90194316523,ARGUMENT
30064785196,68719490111,ARGUMENT
30064785196,90194316524,ARGUMENT
30064785197,68719490112,ARGUMENT
30064785197,30064785198,ARGUMENT
30064785198,30064785199,ARGUMENT
30064785198,30064785200,ARGUMENT
30064785199,68719490113,ARGUMENT
30064785199,90194316525,ARGUMENT
30064785200,68719490114,ARGUMENT
30064785200,90194316526,ARGUMENT
30064785201,30064785202,ARGUMENT
30064785201,90194316528,ARGUMENT
30064785202,68719490116,ARGUMENT
30064785202,30064785204,ARGUMENT
30064785203,68719490115,ARGUMENT
30064785203,55834580100,ARGUMENT
30064785204,68719490117,ARGUMENT
30064785204,90194316527,ARGUMENT
30064785205,68719490118,ARGUMENT
30064785205,90194316529,ARGUMENT
30064785206,30064785207,ARGUMENT
30064785206,90194316530,ARGUMENT
30064785207,68719490119,ARGUMENT
30064785207,55834580101,ARGUMENT
30064785208,68719490120,ARGUMENT
30064785208,90194316531,ARGUMENT
30064785209,30064785210,ARGUMENT
30064785209,90194316532,ARGUMENT
30064785210,68719490121,ARGUMENT
30064785210,55834580102,ARGUMENT
30064785211,68719490122,ARGUMENT
30064785211,90194316533,ARGUMENT
30064785212,30064785213,ARGUMENT
30064785212,90194316534,ARGUMENT
30064785213,68719490123,ARGUMENT
30064785213,55834580103,ARGUMENT
30064785214,68719490124,ARGUMENT
30064785214,90194316535,ARGUMENT
30064785215,30064785216,ARGUMENT
30064785215,90194316536,ARGUMENT
30064785216,68719490125,ARGUMENT
30064785216,55834580104,ARGUMENT
30064785217,68719490126,ARGUMENT
30064785217,90194316537,ARGUMENT
30064785218,30064785219,ARGUMENT
30064785218,90194316538,ARGUMENT
30064785219,68719490127,ARGUMENT
30064785219,55834580105,ARGUMENT
30064785220,68719490128,ARGUMENT
30064785220,90194316539,ARGUMENT
30064785221,68719490129,ARGUMENT
30064785221,90194316540,ARGUMENT
30064785222,68719490130,ARGUMENT
30064785222,90194316541,ARGUMENT
30064785223,30064785224,ARGUMENT
30064785223,90194316542,ARGUMENT
30064785224,68719490131,ARGUMENT
30064785224,55834580106,ARGUMENT
30064785225,68719490132,ARGUMENT
30064785225,90194316543,ARGUMENT
30064785226,30064785227,ARGUMENT
30064785226,90194316544,ARGUMENT
30064785227,68719490133,ARGUMENT
30064785227,55834580107,ARGUMENT
30064785228,68719490134,ARGUMENT
30064785228,90194316545,ARGUMENT
30064785229,30064785230,ARGUMENT
30064785229,90194316546,ARGUMENT
30064785230,68719490135,ARGUMENT
30064785230,55834580108,ARGUMENT
30064785231,68719490136,ARGUMENT
30064785231,90194316547,ARGUMENT
30064785232,30064785233,ARGUMENT
30064785232,90194316548,ARGUMENT
30064785233,68719490137,ARGUMENT
30064785233,55834580109,ARGUMENT
30064785234,68719490138,ARGUMENT
30064785234,90194316549,ARGUMENT
30064785235,30064785236,ARGUMENT
30064785235,90194316550,ARGUMENT
30064785236,68719490139,ARGUMENT
30064785236,55834580110,ARGUMENT
30064785237,68719490140,ARGUMENT
30064785237,90194316551,ARGUMENT
30064785238,68719490141,ARGUMENT
30064785238,90194316552,ARGUMENT
30064785239,68719490142,ARGUMENT
30064785239,90194316553,ARGUMENT
30064785240,30064785241,ARGUMENT
30064785240,90194316554,ARGUMENT
30064785241,68719490143,ARGUMENT
30064785241,55834580111,ARGUMENT
30064785242,68719490144,ARGUMENT
30064785242,90194316555,ARGUMENT
30064785243,30064785244,ARGUMENT
30064785243,90194316556,ARGUMENT
30064785244,68719490145,ARGUMENT
30064785244,55834580112,ARGUMENT
30064785245,68719490146,ARGUMENT
30064785245,90194316557,ARGUMENT
30064785246,30064785247,ARGUMENT
30064785246,90194316558,ARGUMENT
30064785247,68719490147,ARGUMENT
30064785247,55834580113,ARGUMENT
30064785248,68719490148,ARGUMENT
30064785248,90194316559,ARGUMENT
30064785249,30064785250,ARGUMENT
30064785249,90194316560,ARGUMENT
30064785250,68719490149,ARGUMENT
30064785250,55834580114,ARGUMENT
30064785251,68719490150,ARGUMENT
30064785251,90194316561,ARGUMENT
30064785252,30064785253,ARGUMENT
30064785252,90194316562,ARGUMENT
30064785253,68719490151,ARGUMENT
30064785253,55834580115,ARGUMENT
30064785254,68719490152,ARGUMENT
30064785254,90194316563,ARGUMENT
30064785255,68719490153,ARGUMENT
30064785255,90194316564,ARGUMENT
30064785256,68719490154,ARGUMENT
30064785256,90194316565,ARGUMENT
30064785257,30064785258,ARGUMENT
30064785257,90194316566,ARGUMENT
30064785258,68719490155,ARGUMENT
30064785258,55834580116,ARGUMENT
30064785259,68719490156,ARGUMENT
30064785259,90194316567,ARGUMENT
30064785260,30064785261,ARGUMENT
30064785260,90194316568,ARGUMENT
30064785261,68719490157,ARGUMENT
30064785261,55834580117,ARGUMENT
30064785262,68719490158,ARGUMENT
30064785262,90194316569,ARGUMENT
30064785263,30064785264,ARGUMENT
30064785263,90194316570,ARGUMENT
30064785264,68719490159,ARGUMENT
30064785264,55834580118,ARGUMENT
30064785265,68719490160,ARGUMENT
30064785265,90194316571,ARGUMENT
30064785266,30064785267,ARGUMENT
30064785266,90194316572,ARGUMENT
30064785267,68719490161,ARGUMENT
30064785267,55834580119,ARGUMENT
30064785268,68719490162,ARGUMENT
30064785268,90194316573,ARGUMENT
30064785269,30064785270,ARGUMENT
30064785269,90194316574,ARGUMENT
30064785270,68719490163,ARGUMENT
30064785270,55834580120,ARGUMENT
30064785271,68719490164,ARGUMENT
30064785271,90194316575,ARGUMENT
30064785272,68719490165,ARGUMENT
30064785272,90194316576,ARGUMENT
30064785273,68719490166,ARGUMENT
30064785273,30064785274,ARGUMENT
30064785274,30064785275,ARGUMENT
30064785274,30064785280,ARGUMENT
30064785275,30064785276,ARGUMENT
30064785275,30064785279,ARGUMENT
30064785276,30064785277,ARGUMENT
30064785276,30064785278,ARGUMENT
30064785277,68719490167,ARGUMENT
30064785277,90194316577,ARGUMENT
30064785278,68719490168,ARGUMENT
30064785278,90194316578,ARGUMENT
30064785279,68719490169,ARGUMENT
30064785279,90194316579,ARGUMENT
30064785280,68719490170,ARGUMENT
30064785280,90194316580,ARGUMENT
30064785281,30064785282,ARGUMENT
30064785281,90194316582,ARGUMENT
30064785282,68719490172,ARGUMENT
30064785282,30064785284,ARGUMENT
30064785283,68719490171,ARGUMENT
30064785283,55834580121,ARGUMENT
30064785284,68719490173,ARGUMENT
30064785284,90194316581,ARGUMENT
30064785285,68719490174,ARGUMENT
30064785285,90194316583,ARGUMENT
30064785286,30064785287,ARGUMENT
30064785286,90194316584,ARGUMENT
30064785287,68719490175,ARGUMENT
30064785287,55834580122,ARGUMENT
30064785288,68719490176,ARGUMENT
30064785288,90194316585,ARGUMENT
30064785289,30064785290,ARGUMENT
30064785289,90194316586,ARGUMENT
30064785290,68719490177,ARGUMENT
30064785290,55834580123,ARGUMENT
30064785291,68719490178,ARGUMENT
30064785291,90194316587,ARGUMENT
30064785292,30064785293,ARGUMENT
30064785292,90194316588,ARGUMENT
30064785293,68719490179,ARGUMENT
30064785293,55834580124,ARGUMENT
30064785294,68719490180,ARGUMENT
30064785294,90194316589,ARGUMENT
30064785295,30064785296,ARGUMENT
30064785295,90194316590,ARGUMENT
30064785296,68719490181,ARGUMENT
30064785296,55834580125,ARGUMENT
30064785297,68719490182,ARGUMENT
30064785297,90194316591,ARGUMENT
30064785298,30064785299,ARGUMENT
30064785298,90194316592,ARGUMENT
30064785299,68719490183,ARGUMENT
30064785299,55834580126,ARGUMENT
30064785300,68719490184,ARGUMENT
30064785300,90194316593,ARGUMENT
30064785301,68719490185,ARGUMENT
30064785301,90194316594,ARGUMENT
30064785302,68719490186,ARGUMENT
30064785302,90194316595,ARGUMENT
30064785303,30064785304,ARGUMENT
30064785303,90194316596,ARGUMENT
30064785304,68719490187,ARGUMENT
30064785304,55834580127,ARGUMENT
30064785305,68719490188,ARGUMENT
30064785305,90194316597,ARGUMENT
30064785306,30064785307,ARGUMENT
30064785306,90194316598,ARGUMENT
30064785307,68719490189,ARGUMENT
30064785307,55834580128,ARGUMENT
30064785308,68719490190,ARGUMENT
30064785308,90194316599,ARGUMENT
30064785309,30064785310,ARGUMENT
30064785309,90194316600,ARGUMENT
30064785310,68719490191,ARGUMENT
30064785310,55834580129,ARGUMENT
30064785311,68719490192,ARGUMENT
30064785311,90194316601,ARGUMENT
30064785312,30064785313,ARGUMENT
30064785312,90194316602,ARGUMENT
30064785313,68719490193,ARGUMENT
30064785313,55834580130,ARGUMENT
30064785314,68719490194,ARGUMENT
30064785314,90194316603,ARGUMENT
30064785315,30064785316,ARGUMENT
30064785315,90194316604,ARGUMENT
30064785316,68719490195,ARGUMENT
30064785316,55834580131,ARGUMENT
30064785317,68719490196,ARGUMENT
30064785317,90194316605,ARGUMENT
30064785318,68719490197,ARGUMENT
30064785318,90194316606,ARGUMENT
30064785319,68719490198,ARGUMENT
30064785319,90194316607,ARGUMENT
30064785320,30064785321,ARGUMENT
30064785320,90194316608,ARGUMENT
30064785321,68719490199,ARGUMENT
30064785321,55834580132,ARGUMENT
30064785322,68719490200,ARGUMENT
30064785322,90194316609,ARGUMENT
30064785323,30064785324,ARGUMENT
30064785323,90194316610,ARGUMENT
30064785324,68719490201,ARGUMENT
30064785324,55834580133,ARGUMENT
30064785325,68719490202,ARGUMENT
30064785325,90194316611,ARGUMENT
30064785326,30064785327,ARGUMENT
30064785326,90194316612,ARGUMENT
30064785327,68719490203,ARGUMENT
30064785327,55834580134,ARGUMENT
30064785328,68719490204,ARGUMENT
30064785328,90194316613,ARGUMENT
30064785329,30064785330,ARGUMENT
30064785329,90194316614,ARGUMENT
30064785330,68719490205,ARGUMENT
30064785330,55834580135,ARGUMENT
30064785331,68719490206,ARGUMENT
30064785331,90194316615,ARGUMENT
30064785332,30064785333,ARGUMENT
30064785332,90194316616,ARGUMENT
30064785333,68719490207,ARGUMENT
30064785333,55834580136,ARGUMENT
30064785334,68719490208,ARGUMENT
30064785334,90194316617,ARGUMENT
30064785335,68719490209,ARGUMENT
30064785335,90194316618,ARGUMENT
30064785336,68719490210,ARGUMENT
30064785336,30064785337,ARGUMENT
30064785337,30064785338,ARGUMENT
30064785337,30064785341,ARGUMENT
30064785338,30064785339,ARGUMENT
30064785338,30064785340,ARGUMENT
30064785339,68719490211,ARGUMENT
30064785339,90194316619,ARGUMENT
30064785340,68719490212,ARGUMENT
30064785340,90194316620,ARGUMENT
30064785341,68719490213,ARGUMENT
30064785341,90194316621,ARGUMENT
30064785342,30064785343,ARGUMENT
30064785342,90194316623,ARGUMENT
30064785343,68719490215,ARGUMENT
30064785343,30064785345,ARGUMENT
30064785344,68719490214,ARGUMENT
30064785344,55834580137,ARGUMENT
30064785345,68719490216,ARGUMENT
30064785345,90194316622,ARGUMENT
30064785346,68719490217,ARGUMENT
30064785346,120259084598,ARGUMENT
30064785347,30064785348,ARGUMENT
30064785347,68719490219,ARGUMENT
30064785348,68719490218,ARGUMENT
30064785348,55834580138,ARGUMENT
30064785349,68719490220,ARGUMENT
30064785349,120259084599,ARGUMENT
30064785350,30064785351,ARGUMENT
30064785350,68719490222,ARGUMENT
30064785351,68719490221,ARGUMENT
30064785351,55834580139,ARGUMENT
30064785352,68719490223,ARGUMENT
30064785352,120259084600,ARGUMENT
30064785353,30064785354,ARGUMENT
30064785353,68719490225,ARGUMENT
30064785354,68719490224,ARGUMENT
30064785354,55834580140,ARGUMENT
30064785355,68719490226,ARGUMENT
30064785355,120259084601,ARGUMENT
30064785356,30064785357,ARGUMENT
30064785356,68719490228,ARGUMENT
30064785357,68719490227,ARGUMENT
30064785357,55834580141,ARGUMENT
30064785358,68719490229,ARGUMENT
30064785358,120259084602,ARGUMENT
30064785359,30064785360,ARGUMENT
30064785359,68719490231,ARGUMENT
30064785360,68719490230,ARGUMENT
30064785360,55834580142,ARGUMENT
30064785361,68719490232,ARGUMENT
30064785361,120259084603,ARGUMENT
30064785362,30064785363,ARGUMENT
30064785362,68719490234,ARGUMENT
30064785363,68719490233,ARGUMENT
30064785363,55834580143,ARGUMENT
141733920768,30064771084,ARGUMENT
141733920769,30064771110,ARGUMENT
141733920770,30064771142,ARGUMENT
141733920771,30064771150,ARGUMENT
141733920772,30064771186,ARGUMENT
141733920773,30064771236,ARGUMENT
141733920774,30064771250,ARGUMENT
141733920775,30064771297,ARGUMENT
141733920776,30064771315,ARGUMENT
141733920777,25769803838,ARGUMENT
141733920778,30064771433,ARGUMENT
141733920779,30064771499,ARGUMENT
141733920780,30064771539,ARGUMENT
141733920781,30064771553,ARGUMENT
141733920782,30064771593,ARGUMENT
141733920783,30064771669,ARGUMENT
141733920784,30064771735,ARGUMENT
141733920785,30064771753,ARGUMENT
141733920786,30064771818,ARGUMENT
141733920787,30064771886,ARGUMENT
141733920788,30064771904,ARGUMENT
141733920789,30064772135,ARGUMENT
141733920790,30064772397,ARGUMENT
141733920791,68719478110,ARGUMENT
141733920792,25769804047,ARGUMENT
141733920793,30064772601,ARGUMENT
141733920794,30064772741,ARGUMENT
141733920795,30064772925,ARGUMENT
141733920796,30064772978,ARGUMENT
141733920797,30064772992,ARGUMENT
141733920798,30064773026,ARGUMENT
141733920799,30064773040,ARGUMENT
141733920800,30064773094,ARGUMENT
141733920801,30064773154,ARGUMENT
141733920802,30064773197,ARGUMENT
141733920803,30064773214,ARGUMENT
141733920804,30064773264,ARGUMENT
141733920805,30064773310,ARGUMENT
141733920806,30064773324,ARGUMENT
141733920807,30064773358,ARGUMENT
141733920808,30064773372,ARGUMENT
141733920809,30064773414,ARGUMENT
141733920810,30064773501,ARGUMENT
141733920811,30064773513,ARGUMENT
141733920812,30064773567,ARGUMENT
141733920813,30064773597,ARGUMENT
141733920814,30064773641,ARGUMENT
141733920815,30064773652,ARGUMENT
141733920816,30064773678,ARGUMENT
141733920817,25769804230,ARGUMENT
141733920818,30064773730,ARGUMENT
141733920819,25769804247,ARGUMENT
141733920820,30064773801,ARGUMENT
141733920821,90194313744,ARGUMENT
141733920822,30064773812,ARGUMENT
141733920823,30064773815,ARGUMENT
141733920824,30064773818,ARGUMENT
141733920825,30064773821,ARGUMENT
141733920826,30064773824,ARGUMENT
141733920827,30064773831,ARGUMENT
141733920828,30064773838,ARGUMENT
141733920829,25769804252,ARGUMENT
141733920830,30064773921,ARGUMENT
141733920831,30064773972,ARGUMENT
141733920832,30064773986,ARGUMENT
141733920833,30064774030,ARGUMENT
141733920834,30064774097,ARGUMENT
141733920835,30064774145,ARGUMENT
141733920836,30064774159,ARGUMENT
141733920837,30064774203,ARGUMENT
141733920838,30064774270,ARGUMENT
141733920839,30064774318,ARGUMENT
141733920840,30064774332,ARGUMENT
141733920841,30064774376,ARGUMENT
141733920842,68719479981,ARGUMENT
141733920843,30064774735,ARGUMENT
141733920844,30064774767,ARGUMENT
141733920845,30064774783,ARGUMENT
141733920846,30064774801,ARGUMENT
141733920847,30064774826,ARGUMENT
141733920848,30064774832,ARGUMENT
141733920849,30064774844,ARGUMENT
141733920850,30064774864,ARGUMENT
141733920851,30064774871,ARGUMENT
141733920852,30064774879,ARGUMENT
141733920853,30064774957,ARGUMENT
141733920854,30064774970,ARGUMENT
141733920855,30064774986,ARGUMENT
141733920856,30064775002,ARGUMENT
141733920857,30064775072,ARGUMENT
141733920858,30064775093,ARGUMENT
141733920859,30064775109,ARGUMENT
141733920860,30064775121,ARGUMENT
141733920861,30064775133,ARGUMENT
141733920862,30064775144,ARGUMENT
141733920863,30064775158,ARGUMENT
141733920864,30064775173,ARGUMENT
141733920865,30064775193,ARGUMENT
141733920867,30064775804,ARGUMENT
141733920868,30064775838,ARGUMENT
141733920869,30064775909,ARGUMENT
141733920870,68719481417,ARGUMENT
141733920871,90194314267,ARGUMENT
141733920872,68719481429,ARGUMENT
141733920873,90194314274,ARGUMENT
141733920874,90194314277,ARGUMENT
141733920875,68719481487,ARGUMENT
141733920876,30064776107,ARGUMENT
141733920877,30064776122,ARGUMENT
141733920878,30064776124,ARGUMENT
141733920879,30064776147,ARGUMENT
141733920880,68719481617,ARGUMENT
141733920881,68719481664,ARGUMENT
141733920882,68719481682,ARGUMENT
141733920883,68719481693,ARGUMENT
141733920884,90194314353,ARGUMENT
141733920885,68719481700,ARGUMENT
141733920886,25769804654,ARGUMENT
141733920887,68719481818,ARGUMENT
141733920888,68719481994,ARGUMENT
141733920889,68719482057,ARGUMENT
141733920890,25769804702,ARGUMENT
141733920891,90194314487,ARGUMENT
141733920892,68719482156,ARGUMENT
141733920893,68719482226,ARGUMENT
141733920894,25769804729,ARGUMENT
141733920895,25769804731,ARGUMENT
141733920896,25769804735,ARGUMENT
141733920897,25769804739,ARGUMENT
141733920898,30064777004,ARGUMENT
141733920899,25769804746,ARGUMENT
141733920900,25769804748,ARGUMENT
141733920901,30064777117,ARGUMENT
141733920902,30064777174,ARGUMENT
141733920903,30064777190,ARGUMENT
141733920904,30064777207,ARGUMENT
141733920905,30064777227,ARGUMENT
141733920906,68719482716,ARGUMENT
141733920907,25769804795,ARGUMENT
141733920908,25769804813,ARGUMENT
141733920909,30064777650,ARGUMENT
141733920910,30064777697,ARGUMENT
141733920911,30064777724,ARGUMENT
141733920912,30064777775,ARGUMENT
141733920913,30064777793,ARGUMENT
141733920914,30064777810,ARGUMENT
141733920915,30064777827,ARGUMENT
141733920916,30064777844,ARGUMENT
141733920917,30064777865,ARGUMENT
141733920918,30064777876,ARGUMENT
141733920919,30064777890,ARGUMENT
141733920920,30064777904,ARGUMENT
141733920921,30064777918,ARGUMENT
141733920922,25769804865,ARGUMENT
141733920923,25769804867,ARGUMENT
141733920924,25769804868,ARGUMENT
141733920925,30064778006,ARGUMENT
141733920926,30064778009,ARGUMENT
141733920927,30064778012,ARGUMENT
141733920928,30064778015,ARGUMENT
141733920929,30064778094,ARGUMENT
141733920930,30064778099,ARGUMENT
141733920931,30064778100,ARGUMENT
141733920932,30064778101,ARGUMENT
141733920933,30064778102,ARGUMENT
141733920934,30064778103,ARGUMENT
141733920935,30064778104,ARGUMENT
141733920936,30064778105,ARGUMENT
141733920937,30064778106,ARGUMENT
141733920938,30064778107,ARGUMENT
141733920939,30064778108,ARGUMENT
141733920940,30064778109,ARGUMENT
141733920941,25769804907,ARGUMENT
141733920942,30064778527,ARGUMENT
141733920943,30064778529,ARGUMENT
141733920944,25769804938,ARGUMENT
141733920945,30064778633,ARGUMENT
141733920946,30064778674,ARGUMENT
141733920947,30064778679,ARGUMENT
141733920948,30064778692,ARGUMENT
141733920949,90194314933,ARGUMENT
141733920950,30064778715,ARGUMENT
141733920951,90194314942,ARGUMENT
141733920952,30064778755,ARGUMENT
141733920953,30064778783,ARGUMENT
141733920954,90194314964,ARGUMENT
141733920955,68719484179,ARGUMENT
141733920956,30064778858,ARGUMENT
141733920957,30064778864,ARGUMENT
141733920958,30064778907,ARGUMENT
141733920959,30064778913,ARGUMENT
141733920960,30064778939,ARGUMENT
141733920961,30064778946,ARGUMENT
141733920962,30064778989,ARGUMENT
141733920963,30064778995,ARGUMENT
141733920964,30064779004,ARGUMENT
141733920965,30064779011,ARGUMENT
141733920966,30064779020,ARGUMENT
141733920967,30064779023,ARGUMENT
141733920968,30064779032,ARGUMENT
141733920969,30064779035,ARGUMENT
141733920970,30064779078,ARGUMENT
141733920971,30064779110,ARGUMENT
141733920972,90194315046,ARGUMENT
141733920973,30064779138,ARGUMENT
141733920974,30064779143,ARGUMENT
141733920975,30064779169,ARGUMENT
141733920976,30064779174,ARGUMENT
141733920977,30064779197,ARGUMENT
141733920978,30064779202,ARGUMENT
141733920979,30064779215,ARGUMENT
141733920980,30064779220,ARGUMENT
141733920981,30064779233,ARGUMENT
141733920982,30064779241,ARGUMENT
141733920983,30064779242,ARGUMENT
141733920984,90194315088,ARGUMENT
141733920985,90194315089,ARGUMENT
141733920986,90194315090,ARGUMENT
141733920987,90194315093,ARGUMENT
141733920988,68719484611,ARGUMENT
141733920989,30064779327,ARGUMENT
141733920990,90194315104,ARGUMENT
141733920991,90194315108,ARGUMENT
141733920992,25769805096,ARGUMENT
141733920993,30064779386,ARGUMENT
141733920994,30064779393,ARGUMENT
141733920995,90194315123,ARGUMENT
141733920996,90194315125,ARGUMENT
141733920997,30064779420,ARGUMENT
141733920999,30064779479,ARGUMENT
141733921000,30064779510,ARGUMENT
141733921001,30064779528,ARGUMENT
141733921002,30064779550,ARGUMENT
141733921003,90194315157,ARGUMENT
141733921004,90194315161,ARGUMENT
141733921005,30064779579,ARGUMENT
141733921006,30064779605,ARGUMENT
141733921007,68719484930,ARGUMENT
141733921008,30064779691,ARGUMENT
141733921009,25769805189,ARGUMENT
141733921010,25769805199,ARGUMENT
141733921011,25769805201,ARGUMENT
141733921012,25769805203,ARGUMENT
141733921013,25769805210,ARGUMENT
141733921014,30064780030,ARGUMENT
141733921015,30064780032,ARGUMENT
141733921016,30064780034,ARGUMENT
141733921017,25769805219,ARGUMENT
141733921018,25769805221,ARGUMENT
141733921019,90194315275,ARGUMENT
141733921020,90194315277,ARGUMENT
141733921021,90194315278,ARGUMENT
141733921022,90194315280,ARGUMENT
141733921023,90194315282,ARGUMENT
141733921024,90194315283,ARGUMENT
141733921025,90194315285,ARGUMENT
141733921026,90194315287,ARGUMENT
141733921027,90194315288,ARGUMENT
141733921028,90194315290,ARGUMENT
141733921029,90194315292,ARGUMENT
141733921030,90194315293,ARGUMENT
141733921031,90194315295,ARGUMENT
141733921032,30064780113,ARGUMENT
141733921033,30064780116,ARGUMENT
141733921034,30064780118,ARGUMENT
141733921035,90194315300,ARGUMENT
141733921036,90194315301,ARGUMENT
141733921037,30064780129,ARGUMENT
141733921038,30064780252,ARGUMENT
141733921039,30064780331,ARGUMENT
141733921040,30064780347,ARGUMENT
141733921041,30064780369,ARGUMENT
141733921042,90194315328,ARGUMENT
141733921043,25769805258,ARGUMENT
141733921044,25769805259,ARGUMENT
141733921045,30064780449,ARGUMENT
141733921046,30064780451,ARGUMENT
141733921047,30064780469,ARGUMENT
141733921048,68719485759,ARGUMENT
141733921049,25769805293,ARGUMENT
141733921050,30064780790,ARGUMENT
141733921051,25769805302,ARGUMENT
141733921052,30064780823,ARGUMENT
141733921053,25769805312,ARGUMENT
141733921054,30064780874,ARGUMENT
141733921055,30064780878,ARGUMENT
141733921056,30064780882,ARGUMENT
141733921057,25769805322,ARGUMENT
141733921058,68719486150,ARGUMENT
141733921059,30064780986,ARGUMENT
141733921060,90194315481,ARGUMENT
141733921061,30064781008,ARGUMENT
141733921062,68719486268,ARGUMENT
141733921063,68719486291,ARGUMENT
141733921064,25769805358,ARGUMENT
141733921065,25769805359,ARGUMENT
141733921066,68719486355,ARGUMENT
141733921067,25769805368,ARGUMENT
141733921068,25769805374,ARGUMENT
141733921069,25769805376,ARGUMENT
141733921070,25769805378,ARGUMENT
141733921071,25769805385,ARGUMENT
141733921072,25769805387,ARGUMENT
141733921073,90194315554,ARGUMENT
141733921074,90194315556,ARGUMENT
141733921075,90194315557,ARGUMENT
141733921076,90194315559,ARGUMENT
141733921077,90194315561,ARGUMENT
141733921078,90194315562,ARGUMENT
141733921079,90194315564,ARGUMENT
141733921080,90194315566,ARGUMENT
141733921081,90194315567,ARGUMENT
141733921082,90194315569,ARGUMENT
141733921083,30064781414,ARGUMENT
141733921084,90194315572,ARGUMENT
141733921085,90194315574,ARGUMENT
141733921086,90194315575,ARGUMENT
141733921087,30064781530,ARGUMENT
141733921088,30064781608,ARGUMENT
141733921089,30064781624,ARGUMENT
141733921090,30064781646,ARGUMENT
141733921091,90194315599,ARGUMENT
141733921092,25769805420,ARGUMENT
141733921093,25769805421,ARGUMENT
141733921094,30064781710,ARGUMENT
141733921095,30064781712,ARGUMENT
141733921096,30064781730,ARGUMENT
141733921097,68719487010,ARGUMENT
141733921098,25769805449,ARGUMENT
141733921099,30064781949,ARGUMENT
141733921100,30064781951,ARGUMENT
141733921101,25769805456,ARGUMENT
141733921102,30064781986,ARGUMENT
141733921103,25769805464,ARGUMENT
141733921104,25769805470,ARGUMENT
141733921105,30064782091,ARGUMENT
141733921106,90194315695,ARGUMENT
141733921107,30064782100,ARGUMENT
141733921108,90194315698,ARGUMENT
141733921109,30064782109,ARGUMENT
141733921110,90194315701,ARGUMENT
141733921111,30064782118,ARGUMENT
141733921112,90194315704,ARGUMENT
141733921113,25769805499,ARGUMENT
141733921114,30064782259,ARGUMENT
141733921115,30064782261,ARGUMENT
141733921116,30064782294,ARGUMENT
141733921117,30064782299,ARGUMENT
141733921118,90194315735,ARGUMENT
141733921119,30064782312,ARGUMENT
141733921120,30064782339,ARGUMENT
141733921121,90194315746,ARGUMENT
141733921122,30064782346,ARGUMENT
141733921123,90194315750,ARGUMENT
141733921124,30064782353,ARGUMENT
141733921125,30064782362,ARGUMENT
141733921126,90194315754,ARGUMENT
141733921127,25769805538,ARGUMENT
141733921129,30064782540,ARGUMENT
141733921130,30064782628,ARGUMENT
141733921131,30064782630,ARGUMENT
141733921132,30064782631,ARGUMENT
141733921133,30064782697,ARGUMENT
141733921134,25769805583,ARGUMENT
141733921135,30064782801,ARGUMENT
141733921136,30064782803,ARGUMENT
141733921138,25769805601,ARGUMENT
141733921139,30064782968,ARGUMENT
141733921140,30064782999,ARGUMENT
141733921141,30064783036,ARGUMENT
141733921142,90194315908,ARGUMENT
141733921143,30064783053,ARGUMENT
141733921144,90194315911,ARGUMENT
141733921145,30064783061,ARGUMENT
141733921146,30064783067,ARGUMENT
141733921147,90194315914,ARGUMENT
141733921148,68719488202,ARGUMENT
141733921149,90194315925,ARGUMENT
141733921150,90194315927,ARGUMENT
141733921151,90194315929,ARGUMENT
141733921152,90194315931,ARGUMENT
141733921153,90194315932,ARGUMENT
141733921154,30064783246,ARGUMENT
141733921155,30064783273,ARGUMENT
141733921156,30064783290,ARGUMENT
141733921157,30064783331,ARGUMENT
141733921158,25769805680,ARGUMENT
141733921160,25769805690,ARGUMENT
141733921161,30064783588,ARGUMENT
141733921162,30064783616,ARGUMENT
141733921163,30064783635,ARGUMENT
141733921164,90194316041,ARGUMENT
141733921165,30064783643,ARGUMENT
141733921166,30064783649,ARGUMENT
141733921167,90194316044,ARGUMENT
141733921168,68719488736,ARGUMENT
141733921169,90194316051,ARGUMENT
141733921170,90194316053,ARGUMENT
141733921171,90194316055,ARGUMENT
141733921172,90194316057,ARGUMENT
141733921173,90194316058,ARGUMENT
141733921174,30064783784,ARGUMENT
141733921175,30064783811,ARGUMENT
141733921176,30064783852,ARGUMENT
141733921177,25769805756,ARGUMENT
141733921179,25769805766,ARGUMENT
141733921180,30064784070,ARGUMENT
141733921181,30064784091,ARGUMENT
141733921182,90194316152,ARGUMENT
141733921183,30064784099,ARGUMENT
141733921184,30064784105,ARGUMENT
141733921185,90194316155,ARGUMENT
141733921186,68719489182,ARGUMENT
141733921187,90194316165,ARGUMENT
141733921188,90194316167,ARGUMENT
141733921189,90194316169,ARGUMENT
141733921190,90194316171,ARGUMENT
141733921191,90194316172,ARGUMENT
141733921192,30064784264,ARGUMENT
141733921193,30064784291,ARGUMENT
141733921194,90194316203,ARGUMENT
141733921195,90194316205,ARGUMENT
141733921196,90194316207,ARGUMENT
141733921197,90194316209,ARGUMENT
141733921198,90194316211,ARGUMENT
141733921199,90194316212,ARGUMENT
141733921200,25769805827,ARGUMENT
141733921201,30064784418,ARGUMENT
141733921202,30064784432,ARGUMENT
141733921203,30064784442,ARGUMENT
141733921206,30064784655,ARGUMENT
141733921207,90194316292,ARGUMENT
141733921208,25769805871,ARGUMENT
141733921209,25769805872,ARGUMENT
141733921210,68719489750,ARGUMENT
141733921211,68719489799,ARGUMENT
141733921212,30064785018,ARGUMENT
141733921213,30064785098,ARGUMENT
141733921214,30064785159,ARGUMENT
141733921215,30064785201,ARGUMENT
141733921216,30064785281,ARGUMENT
141733921217,30064785342,ARGUMENT
