25769805259,141733921044,CDG
25769805259,55834578280,CDG
25769805259,68719485645,CDG
25769805259,68719485646,CDG
25769805259,68719485647,CDG
25769805259,68719485648,CDG
25769805259,68719485649,CDG
25769805259,90194315339,CDG
25769805259,30064780445,CDG
25769805259,30064780446,CDG
25769805259,30064780447,CDG
25769805358,55834578537,CDG
25769805358,55834578538,CDG
25769805358,55834578543,CDG
25769805358,55834578544,CDG
25769805358,55834578545,CDG
25769805358,55834578539,CDG
25769805358,55834578540,CDG
25769805358,55834578541,CDG
25769805358,55834578542,CDG
25769805358,30064781137,CDG
25769805358,30064781138,CDG
25769805358,30064781139,CDG
25769805358,30064781133,CDG
25769805358,30064781134,CDG
25769805358,141733921064,CDG
25769805358,30064781135,CDG
25769805358,141733921065,CDG
25769805358,30064781136,CDG
25769805358,30064781129,CDG
25769805358,30064781130,CDG
25769805358,30064781131,CDG
25769805358,30064781132,CDG
25769805358,30064781125,CDG
25769805358,30064781126,CDG
25769805358,30064781127,CDG
25769805358,30064781128,CDG
25769805358,25769805359,CDG
25769805358,90194315519,CDG
25769805358,90194315517,CDG
25769805358,90194315518,CDG
25769805358,68719486346,CDG
25769805358,68719486347,CDG
25769805358,68719486348,CDG
25769805358,68719486342,CDG
25769805358,68719486343,CDG
25769805358,68719486344,CDG
25769805358,68719486345,CDG
25769805358,68719486338,CDG
25769805358,68719486339,CDG
25769805358,68719486340,CDG
25769805358,68719486341,CDG
25769805358,68719486336,CDG
25769805358,68719486337,CDG
25769805421,55834578783,CDG
25769805421,90194315608,CDG
25769805421,68719486902,CDG
25769805421,68719486898,CDG
25769805421,68719486899,CDG
25769805421,68719486900,CDG
25769805421,68719486901,CDG
25769805421,141733921093,CDG
25769805421,30064781706,CDG
25769805421,30064781707,CDG
25769805421,30064781708,CDG
30064771081,90194313216,CDG
30064771081,90194313217,CDG
30064771081,90194313218,CDG
30064771081,55834574849,CDG
30064771081,55834574850,CDG
30064771081,90194313219,CDG
30064771081,68719476746,CDG
30064771081,68719476747,CDG
30064771081,68719476748,CDG
30064771081,68719476742,CDG
30064771081,68719476743,CDG
30064771081,68719476744,CDG
30064771081,68719476745,CDG
30064771081,141733920768,CDG
30064771081,55834574851,CDG
30064771081,55834574852,CDG
30064771081,55834574853,CDG
30064771081,55834574854,CDG
30064771081,25769803777,CDG
30064771081,25769803778,CDG
30064771081,30064771089,CDG
30064771081,30064771090,CDG
30064771081,30064771091,CDG
30064771081,30064771092,CDG
30064771081,30064771085,CDG
30064771081,30064771086,CDG
30064771081,30064771087,CDG
30064771081,30064771088,CDG
30064771081,68719476738,CDG
30064771081,68719476739,CDG
30064771081,68719476740,CDG
30064771081,68719476741,CDG
30064771081,30064771093,CDG
30064771081,30064771094,CDG
30064771081,30064771095,CDG
30064771081,30064771096,CDG
30064771081,30064771084,CDG
30064771091,90194313220,CDG
30064771091,68719476749,CDG
30064771091,30064771101,CDG
30064771091,30064771102,CDG
30064771091,30064771103,CDG
30064771091,30064771104,CDG
30064771091,68719476754,CDG
30064771091,68719476755,CDG
30064771091,68719476756,CDG
30064771091,68719476750,CDG
30064771091,68719476751,CDG
30064771091,68719476752,CDG
30064771091,68719476753,CDG
30064771091,55834574855,CDG
30064771091,55834574856,CDG
30064771091,55834574857,CDG
30064771091,55834574858,CDG
30064771091,25769803779,CDG
30064771091,30064771097,CDG
30064771091,30064771098,CDG
30064771091,30064771099,CDG
30064771091,30064771100,CDG
30064771109,30064771121,CDG
30064771109,30064771122,CDG
30064771109,68719476763,CDG
30064771109,30064771123,CDG
30064771109,68719476764,CDG
30064771109,30064771124,CDG
30064771109,68719476765,CDG
30064771109,30064771117,CDG
30064771109,30064771118,CDG
30064771109,30064771119,CDG
30064771109,30064771120,CDG
30064771109,68719476770,CDG
30064771109,68719476771,CDG
30064771109,68719476772,CDG
30064771109,68719476773,CDG
30064771109,68719476766,CDG
30064771109,68719476767,CDG
30064771109,68719476768,CDG
30064771109,90194313221,CDG
30064771109,68719476769,CDG
30064771109,90194313222,CDG
30064771109,30064771113,CDG
30064771109,30064771114,CDG
30064771109,30064771115,CDG
30064771109,30064771116,CDG
30064771109,30064771110,CDG
30064771109,141733920769,CDG
30064771109,30064771111,CDG
30064771109,30064771112,CDG
30064771109,68719476774,CDG
30064771109,68719476775,CDG
30064771109,68719476776,CDG
30064771109,68719476777,CDG
30064771109,55834574863,CDG
30064771109,55834574864,CDG
30064771109,55834574865,CDG
30064771109,55834574866,CDG
30064771109,55834574861,CDG
30064771109,55834574862,CDG
30064771109,25769803786,CDG
30064771109,25769803787,CDG
30064771121,30064771129,CDG
30064771121,90194313223,CDG
30064771121,30064771130,CDG
30064771121,30064771131,CDG
30064771121,30064771132,CDG
30064771121,30064771125,CDG
30064771121,30064771126,CDG
30064771121,30064771127,CDG
30064771121,30064771128,CDG
30064771121,55834574867,CDG
30064771121,55834574868,CDG
30064771121,55834574869,CDG
30064771121,55834574870,CDG
30064771121,68719476778,CDG
30064771121,68719476779,CDG
30064771121,68719476780,CDG
30064771121,68719476781,CDG
30064771121,68719476782,CDG
30064771121,68719476783,CDG
30064771121,68719476784,CDG
30064771121,68719476785,CDG
30064771121,25769803788,CDG
30064771141,141733920770,CDG
30064771141,68719476796,CDG
30064771141,68719476797,CDG
30064771141,30064771149,CDG
30064771141,68719476802,CDG
30064771141,68719476798,CDG
30064771141,68719476799,CDG
30064771141,68719476800,CDG
30064771141,68719476801,CDG
30064771141,30064771145,CDG
30064771141,30064771146,CDG
30064771141,30064771147,CDG
30064771141,30064771148,CDG
30064771141,30064771142,CDG
30064771141,30064771143,CDG
30064771141,30064771144,CDG
30064771141,25769803794,CDG
30064771141,90194313224,CDG
30064771141,90194313225,CDG
30064771141,55834574875,CDG
30064771141,55834574876,CDG
30064771141,55834574877,CDG
30064771149,141733920771,CDG
30064771149,30064771153,CDG
30064771149,30064771154,CDG
30064771149,30064771155,CDG
30064771149,30064771156,CDG
30064771149,30064771150,CDG
30064771149,30064771151,CDG
30064771149,30064771152,CDG
30064771149,68719476803,CDG
30064771149,68719476804,CDG
30064771149,68719476805,CDG
30064771149,30064771157,CDG
30064771149,30064771158,CDG
30064771149,30064771159,CDG
30064771149,25769803795,CDG
30064771149,25769803796,CDG
30064771149,55834574883,CDG
30064771149,55834574884,CDG
30064771149,90194313226,CDG
30064771149,55834574879,CDG
30064771149,55834574880,CDG
30064771149,55834574878,CDG
30064771149,90194313227,CDG
30064771149,90194313228,CDG
30064771149,68719476826,CDG
30064771149,68719476827,CDG
30064771149,68719476828,CDG
30064771149,68719476824,CDG
30064771149,68719476825,CDG
30064771149,30064771169,CDG
30064771149,68719476810,CDG
30064771149,30064771170,CDG
30064771149,30064771171,CDG
30064771149,68719476812,CDG
30064771149,30064771172,CDG
30064771149,68719476806,CDG
30064771149,68719476807,CDG
30064771149,68719476808,CDG
30064771149,68719476809,CDG
30064771159,30064771160,CDG
30064771159,90194313229,CDG
30064771159,68719476811,CDG
30064771169,25769803797,CDG
30064771169,55834574887,CDG
30064771169,55834574888,CDG
30064771169,55834574885,CDG
30064771169,55834574886,CDG
30064771169,90194313230,CDG
30064771169,68719476829,CDG
30064771169,68719476834,CDG
30064771169,68719476835,CDG
30064771169,68719476836,CDG
30064771169,68719476830,CDG
30064771169,68719476831,CDG
30064771169,68719476832,CDG
30064771169,68719476833,CDG
30064771169,30064771177,CDG
30064771169,30064771178,CDG
30064771169,30064771179,CDG
30064771169,30064771180,CDG
30064771169,30064771173,CDG
30064771169,30064771174,CDG
30064771169,30064771175,CDG
30064771169,30064771176,CDG
30064771185,141733920772,CDG
30064771185,55834574903,CDG
30064771185,55834574899,CDG
30064771185,55834574900,CDG
30064771185,55834574901,CDG
30064771185,55834574902,CDG
30064771185,55834574895,CDG
30064771185,55834574896,CDG
30064771185,55834574897,CDG
30064771185,55834574898,CDG
30064771185,55834574891,CDG
30064771185,55834574892,CDG
30064771185,55834574893,CDG
30064771185,55834574894,CDG
30064771185,25769803806,CDG
30064771185,25769803807,CDG
30064771185,68719476874,CDG
30064771185,68719476875,CDG
30064771185,68719476876,CDG
30064771185,68719476877,CDG
30064771185,68719476870,CDG
30064771185,68719476871,CDG
30064771185,68719476872,CDG
30064771185,68719476873,CDG
30064771185,68719476878,CDG
30064771185,68719476879,CDG
30064771185,90194313231,CDG
30064771185,90194313232,CDG
30064771185,90194313233,CDG
30064771185,90194313234,CDG
30064771185,90194313235,CDG
30064771185,90194313236,CDG
30064771185,90194313237,CDG
30064771185,90194313238,CDG
30064771185,30064771186,CDG
30064771185,30064771187,CDG
30064771185,30064771188,CDG
30064771185,30064771193,CDG
30064771185,30064771194,CDG
30064771185,30064771195,CDG
30064771185,30064771196,CDG
30064771185,30064771189,CDG
30064771185,30064771190,CDG
30064771185,30064771191,CDG
30064771185,30064771192,CDG
30064771185,30064771217,CDG
30064771185,68719476858,CDG
30064771185,30064771218,CDG
30064771185,68719476859,CDG
30064771185,30064771219,CDG
30064771185,68719476860,CDG
30064771185,68719476861,CDG
30064771185,30064771213,CDG
30064771185,68719476854,CDG
30064771185,30064771214,CDG
30064771185,68719476855,CDG
30064771185,30064771215,CDG
30064771185,68719476856,CDG
30064771185,30064771216,CDG
30064771185,68719476857,CDG
30064771185,68719476866,CDG
30064771185,68719476867,CDG
30064771185,68719476868,CDG
30064771185,68719476869,CDG
30064771185,68719476862,CDG
30064771185,68719476863,CDG
30064771185,68719476864,CDG
30064771185,68719476865,CDG
30064771185,30064771201,CDG
30064771185,30064771202,CDG
30064771185,68719476843,CDG
30064771185,30064771203,CDG
30064771185,68719476844,CDG
30064771185,30064771204,CDG
30064771185,68719476845,CDG
30064771185,30064771197,CDG
30064771185,30064771198,CDG
30064771185,30064771199,CDG
30064771185,30064771200,CDG
30064771185,30064771209,CDG
30064771185,68719476850,CDG
30064771185,30064771210,CDG
30064771185,68719476851,CDG
30064771185,30064771211,CDG
30064771185,68719476852,CDG
30064771185,30064771212,CDG
30064771185,68719476853,CDG
30064771185,30064771205,CDG
30064771185,68719476846,CDG
30064771185,30064771206,CDG
30064771185,68719476847,CDG
30064771185,30064771207,CDG
30064771185,68719476848,CDG
30064771185,30064771208,CDG
30064771185,68719476849,CDG
30064771210,55834574904,CDG
30064771210,55834574905,CDG
30064771210,55834574906,CDG
30064771210,55834574907,CDG
30064771210,55834574908,CDG
30064771210,55834574909,CDG
30064771210,25769803808,CDG
30064771210,68719476890,CDG
30064771210,68719476886,CDG
30064771210,68719476887,CDG
30064771210,68719476888,CDG
30064771210,68719476889,CDG
30064771210,30064771229,CDG
30064771210,30064771230,CDG
30064771210,68719476882,CDG
30064771210,68719476883,CDG
30064771210,68719476884,CDG
30064771210,68719476885,CDG
30064771210,68719476880,CDG
30064771210,68719476881,CDG
30064771210,90194313239,CDG
30064771210,90194313240,CDG
30064771210,30064771220,CDG
30064771210,30064771225,CDG
30064771210,30064771226,CDG
30064771210,30064771227,CDG
30064771210,30064771228,CDG
30064771210,30064771221,CDG
30064771210,30064771222,CDG
30064771210,30064771223,CDG
30064771210,30064771224,CDG
30064771235,141733920773,CDG
30064771235,55834574912,CDG
30064771235,55834574913,CDG
30064771235,55834574914,CDG
30064771235,55834574915,CDG
30064771235,25769803814,CDG
30064771235,30064771249,CDG
30064771235,30064771245,CDG
30064771235,30064771246,CDG
30064771235,30064771247,CDG
30064771235,30064771248,CDG
30064771235,68719476898,CDG
30064771235,68719476899,CDG
30064771235,68719476900,CDG
30064771235,68719476901,CDG
30064771235,68719476897,CDG
30064771235,30064771236,CDG
30064771235,30064771241,CDG
30064771235,30064771242,CDG
30064771235,30064771243,CDG
30064771235,30064771244,CDG
30064771235,30064771237,CDG
30064771235,30064771238,CDG
30064771235,30064771239,CDG
30064771235,30064771240,CDG
30064771235,90194313243,CDG
30064771235,90194313244,CDG
30064771235,68719476906,CDG
30064771235,68719476907,CDG
30064771235,68719476908,CDG
30064771235,68719476909,CDG
30064771235,68719476902,CDG
30064771235,68719476903,CDG
30064771235,68719476904,CDG
30064771235,68719476905,CDG
30064771235,90194313241,CDG
30064771235,90194313242,CDG
30064771235,68719476910,CDG
30064771249,141733920774,CDG
30064771249,68719476934,CDG
30064771249,55834574931,CDG
30064771249,55834574932,CDG
30064771249,55834574933,CDG
30064771249,55834574919,CDG
30064771249,55834574920,CDG
30064771249,55834574921,CDG
30064771249,55834574922,CDG
30064771249,55834574916,CDG
30064771249,55834574917,CDG
30064771249,55834574918,CDG
30064771249,25769803816,CDG
30064771249,55834574927,CDG
30064771249,25769803817,CDG
30064771249,55834574928,CDG
30064771249,55834574929,CDG
30064771249,55834574930,CDG
30064771249,55834574923,CDG
30064771249,55834574924,CDG
30064771249,55834574925,CDG
30064771249,25769803815,CDG
30064771249,55834574926,CDG
30064771249,30064771250,CDG
30064771249,30064771251,CDG
30064771249,30064771252,CDG
30064771249,30064771257,CDG
30064771249,30064771258,CDG
30064771249,30064771259,CDG
30064771249,30064771260,CDG
30064771249,30064771253,CDG
30064771249,30064771254,CDG
30064771249,30064771255,CDG
30064771249,30064771256,CDG
30064771249,90194313247,CDG
30064771249,68719476922,CDG
30064771249,68719476923,CDG
30064771249,68719476924,CDG
30064771249,68719476925,CDG
30064771249,30064771277,CDG
30064771249,68719476918,CDG
30064771249,30064771278,CDG
30064771249,68719476919,CDG
30064771249,30064771279,CDG
30064771249,90194313245,CDG
30064771249,68719476920,CDG
30064771249,30064771280,CDG
30064771249,90194313246,CDG
30064771249,68719476921,CDG
30064771249,68719476930,CDG
30064771249,68719476931,CDG
30064771249,68719476932,CDG
30064771249,68719476933,CDG
30064771249,68719476926,CDG
30064771249,68719476927,CDG
30064771249,68719476928,CDG
30064771249,68719476929,CDG
30064771249,30064771265,CDG
30064771249,30064771266,CDG
30064771249,30064771267,CDG
30064771249,30064771268,CDG
30064771249,30064771261,CDG
30064771249,30064771262,CDG
30064771249,30064771263,CDG
30064771249,30064771264,CDG
30064771249,30064771273,CDG
30064771249,68719476914,CDG
30064771249,30064771274,CDG
30064771249,68719476915,CDG
30064771249,30064771275,CDG
30064771249,68719476916,CDG
30064771249,30064771276,CDG
30064771249,68719476917,CDG
30064771249,30064771269,CDG
30064771249,30064771270,CDG
30064771249,68719476911,CDG
30064771249,30064771271,CDG
30064771249,68719476912,CDG
30064771249,30064771272,CDG
30064771249,68719476913,CDG
30064771259,68719476938,CDG
30064771259,68719476939,CDG
30064771259,68719476940,CDG
30064771259,68719476941,CDG
30064771259,68719476935,CDG
30064771259,68719476936,CDG
30064771259,68719476937,CDG
30064771259,68719476942,CDG
30064771259,68719476943,CDG
30064771259,68719476944,CDG
30064771259,68719476945,CDG
30064771259,55834574935,CDG
30064771259,55834574936,CDG
30064771259,55834574937,CDG
30064771259,55834574938,CDG
30064771259,55834574934,CDG
30064771259,55834574939,CDG
30064771259,25769803818,CDG
30064771259,30064771281,CDG
30064771259,30064771282,CDG
30064771259,90194313248,CDG
30064771259,30064771283,CDG
30064771259,90194313249,CDG
30064771259,30064771284,CDG
30064771259,30064771289,CDG
30064771259,30064771290,CDG
30064771259,30064771291,CDG
30064771259,30064771285,CDG
30064771259,30064771286,CDG
30064771259,30064771287,CDG
30064771259,30064771288,CDG
30064771296,141733920775,CDG
30064771296,68719476954,CDG
30064771296,68719476955,CDG
30064771296,68719476956,CDG
30064771296,68719476957,CDG
30064771296,30064771309,CDG
30064771296,30064771310,CDG
30064771296,68719476952,CDG
30064771296,30064771311,CDG
30064771296,68719476953,CDG
30064771296,30064771312,CDG
30064771296,68719476962,CDG
30064771296,68719476963,CDG
30064771296,68719476964,CDG
30064771296,68719476965,CDG
30064771296,68719476958,CDG
30064771296,68719476959,CDG
30064771296,68719476960,CDG
30064771296,68719476961,CDG
30064771296,30064771297,CDG
30064771296,30064771298,CDG
30064771296,30064771299,CDG
30064771296,30064771300,CDG
30064771296,30064771305,CDG
30064771296,30064771306,CDG
30064771296,30064771307,CDG
30064771296,30064771308,CDG
30064771296,30064771301,CDG
30064771296,30064771302,CDG
30064771296,30064771303,CDG
30064771296,30064771304,CDG
30064771296,25769803825,CDG
30064771296,55834574943,CDG
30064771296,55834574944,CDG
30064771296,55834574945,CDG
30064771296,55834574942,CDG
30064771296,90194313250,CDG
30064771296,90194313251,CDG
30064771296,90194313252,CDG
30064771296,90194313253,CDG
30064771311,141733920776,CDG
30064771311,55834574951,CDG
30064771311,55834574952,CDG
30064771311,55834574947,CDG
30064771311,55834574948,CDG
30064771311,55834574949,CDG
30064771311,55834574950,CDG
30064771311,30064771315,CDG
30064771311,30064771316,CDG
30064771311,30064771321,CDG
30064771311,30064771322,CDG
30064771311,30064771323,CDG
30064771311,30064771324,CDG
30064771311,30064771317,CDG
30064771311,30064771318,CDG
30064771311,30064771319,CDG
30064771311,30064771320,CDG
30064771311,25769803826,CDG
30064771311,25769803827,CDG
30064771311,68719476970,CDG
30064771311,68719476971,CDG
30064771311,68719476972,CDG
30064771311,68719476973,CDG
30064771311,30064771325,CDG
30064771311,68719476967,CDG
30064771311,30064771326,CDG
30064771311,68719476968,CDG
30064771311,30064771327,CDG
30064771311,68719476969,CDG
30064771311,30064771328,CDG
30064771311,68719476978,CDG
30064771311,68719476974,CDG
30064771311,68719476975,CDG
30064771311,68719476976,CDG
30064771311,68719476977,CDG
30064771311,90194313255,CDG
30064771312,30064771313,CDG
30064771312,30064771314,CDG
30064771312,55834574946,CDG
30064771312,68719476966,CDG
30064771312,90194313254,CDG
30064771322,55834574953,CDG
30064771322,55834574954,CDG
30064771322,55834574955,CDG
30064771322,55834574956,CDG
30064771322,55834574957,CDG
30064771322,55834574958,CDG
30064771322,68719476986,CDG
30064771322,68719476987,CDG
30064771322,68719476988,CDG
30064771322,68719476989,CDG
30064771322,68719476982,CDG
30064771322,68719476983,CDG
30064771322,68719476984,CDG
30064771322,68719476985,CDG
30064771322,25769803828,CDG
30064771322,30064771329,CDG
30064771322,30064771330,CDG
30064771322,30064771331,CDG
30064771322,30064771332,CDG
30064771322,30064771337,CDG
30064771322,68719476979,CDG
30064771322,30064771338,CDG
30064771322,68719476980,CDG
30064771322,30064771339,CDG
30064771322,68719476981,CDG
30064771322,30064771333,CDG
30064771322,30064771334,CDG
30064771322,30064771335,CDG
30064771322,30064771336,CDG
30064771322,90194313256,CDG
30064771322,90194313257,CDG
30064771354,55834574967,CDG
30064771354,55834574968,CDG
30064771354,30064771361,CDG
30064771354,30064771362,CDG
30064771354,30064771359,CDG
30064771354,30064771360,CDG
30064771354,68719477007,CDG
30064771354,68719477008,CDG
30064771354,68719477009,CDG
30064771354,120259084288,CDG
30064771355,55834574965,CDG
30064771355,55834574966,CDG
30064771355,68719477004,CDG
30064771355,68719477005,CDG
30064771355,30064771357,CDG
30064771355,30064771358,CDG
30064771355,68719477006,CDG
30064771355,30064771356,CDG
30064771375,90194313262,CDG
30064771384,90194313263,CDG
30064771388,90194313264,CDG
30064771392,90194313265,CDG
30064771396,90194313266,CDG
30064771400,90194313267,CDG
30064771404,90194313268,CDG
30064771408,90194313269,CDG
30064771409,30064771412,CDG
30064771409,68719477035,CDG
30064771409,55834574994,CDG
30064771410,30064771411,CDG
30064771410,68719477034,CDG
30064771410,55834574993,CDG
30064771416,90194313270,CDG
30064771420,90194313271,CDG
30064771429,141733920778,CDG
30064771429,25769803841,CDG
30064771429,68719477051,CDG
30064771429,68719477052,CDG
30064771429,68719477053,CDG
30064771429,68719477058,CDG
30064771429,55834575007,CDG
30064771429,68719477059,CDG
30064771429,55834575008,CDG
30064771429,68719477060,CDG
30064771429,55834575009,CDG
30064771429,68719477061,CDG
30064771429,55834575010,CDG
30064771429,68719477054,CDG
30064771429,55834575003,CDG
30064771429,68719477055,CDG
30064771429,55834575004,CDG
30064771429,68719477056,CDG
30064771429,55834575005,CDG
30064771429,68719477057,CDG
30064771429,55834575006,CDG
30064771429,30064771441,CDG
30064771429,30064771442,CDG
30064771429,30064771443,CDG
30064771429,30064771444,CDG
30064771429,30064771437,CDG
30064771429,30064771438,CDG
30064771429,30064771439,CDG
30064771429,30064771440,CDG
30064771429,30064771449,CDG
30064771429,30064771445,CDG
30064771429,30064771446,CDG
30064771429,30064771447,CDG
30064771429,30064771448,CDG
30064771429,68719477062,CDG
30064771429,68719477063,CDG
30064771429,68719477064,CDG
30064771429,68719477065,CDG
30064771429,30064771433,CDG
30064771429,30064771434,CDG
30064771429,30064771435,CDG
30064771429,90194313274,CDG
30064771429,30064771436,CDG
30064771429,25769803834,CDG
30064771429,120259084289,CDG
30064771430,68719477050,CDG
30064771430,55834575002,CDG
30064771430,90194313273,CDG
30064771430,30064771431,CDG
30064771430,30064771432,CDG
30064771443,25769803842,CDG
30064771443,90194313275,CDG
30064771443,90194313276,CDG
30064771443,30064771450,CDG
30064771443,30064771451,CDG
30064771443,30064771452,CDG
30064771443,68719477066,CDG
30064771443,55834575015,CDG
30064771443,68719477067,CDG
30064771443,55834575016,CDG
30064771443,68719477068,CDG
30064771443,68719477069,CDG
30064771443,55834575011,CDG
30064771443,55834575012,CDG
30064771443,55834575013,CDG
30064771443,55834575014,CDG
30064771443,68719477074,CDG
30064771443,68719477075,CDG
30064771443,68719477076,CDG
30064771443,68719477070,CDG
30064771443,68719477071,CDG
30064771443,68719477072,CDG
30064771443,68719477073,CDG
30064771443,30064771457,CDG
30064771443,30064771458,CDG
30064771443,30064771459,CDG
30064771443,30064771460,CDG
30064771443,30064771453,CDG
30064771443,30064771454,CDG
30064771443,30064771455,CDG
30064771443,30064771456,CDG
30064771498,141733920779,CDG
30064771498,25769803854,CDG
30064771498,25769803855,CDG
30064771498,90194313287,CDG
30064771498,90194313288,CDG
30064771498,90194313289,CDG
30064771498,90194313290,CDG
30064771498,90194313291,CDG
30064771498,30064771505,CDG
30064771498,30064771506,CDG
30064771498,30064771507,CDG
30064771498,30064771508,CDG
30064771498,30064771501,CDG
30064771498,30064771502,CDG
30064771498,30064771503,CDG
30064771498,30064771504,CDG
30064771498,30064771513,CDG
30064771498,30064771514,CDG
30064771498,30064771515,CDG
30064771498,30064771516,CDG
30064771498,30064771509,CDG
30064771498,30064771510,CDG
30064771498,30064771511,CDG
30064771498,30064771512,CDG
30064771498,68719477130,CDG
30064771498,68719477131,CDG
30064771498,68719477132,CDG
30064771498,68719477133,CDG
30064771498,68719477126,CDG
30064771498,68719477127,CDG
30064771498,68719477128,CDG
30064771498,68719477129,CDG
30064771498,68719477138,CDG
30064771498,68719477139,CDG
30064771498,30064771499,CDG
30064771498,30064771500,CDG
30064771498,68719477134,CDG
30064771498,68719477135,CDG
30064771498,68719477136,CDG
30064771498,68719477137,CDG
30064771498,30064771517,CDG
30064771498,30064771518,CDG
30064771498,55834575031,CDG
30064771498,55834575032,CDG
30064771498,55834575033,CDG
30064771498,55834575027,CDG
30064771498,55834575028,CDG
30064771498,55834575029,CDG
30064771498,55834575030,CDG
30064771498,55834575026,CDG
30064771498,68719477122,CDG
30064771498,68719477123,CDG
30064771498,68719477124,CDG
30064771498,68719477125,CDG
30064771498,68719477121,CDG
30064771513,25769803856,CDG
30064771513,90194313292,CDG
30064771513,90194313293,CDG
30064771513,90194313294,CDG
30064771513,68719477146,CDG
30064771513,68719477147,CDG
30064771513,68719477148,CDG
30064771513,68719477149,CDG
30064771513,68719477142,CDG
30064771513,68719477143,CDG
30064771513,68719477144,CDG
30064771513,68719477145,CDG
30064771513,68719477154,CDG
30064771513,68719477150,CDG
30064771513,68719477151,CDG
30064771513,68719477152,CDG
30064771513,68719477153,CDG
30064771513,68719477140,CDG
30064771513,68719477141,CDG
30064771513,30064771533,CDG
30064771513,30064771521,CDG
30064771513,30064771522,CDG
30064771513,30064771523,CDG
30064771513,30064771524,CDG
30064771513,30064771519,CDG
30064771513,30064771520,CDG
30064771513,30064771529,CDG
30064771513,30064771530,CDG
30064771513,30064771531,CDG
30064771513,30064771532,CDG
30064771513,30064771525,CDG
30064771513,30064771526,CDG
30064771513,30064771527,CDG
30064771513,30064771528,CDG
30064771513,55834575034,CDG
30064771513,55834575039,CDG
30064771513,55834575040,CDG
30064771513,55834575041,CDG
30064771513,55834575035,CDG
30064771513,55834575036,CDG
30064771513,55834575037,CDG
30064771513,55834575038,CDG
30064771538,141733920780,CDG
30064771538,25769803861,CDG
30064771538,30064771549,CDG
30064771538,30064771550,CDG
30064771538,30064771551,CDG
30064771538,30064771552,CDG
30064771538,90194313295,CDG
30064771538,90194313296,CDG
30064771538,90194313297,CDG
30064771538,30064771539,CDG
30064771538,30064771540,CDG
30064771538,30064771545,CDG
30064771538,30064771546,CDG
30064771538,30064771547,CDG
30064771538,30064771548,CDG
30064771538,30064771541,CDG
30064771538,30064771542,CDG
30064771538,30064771543,CDG
30064771538,30064771544,CDG
30064771538,68719477162,CDG
30064771538,68719477163,CDG
30064771538,68719477164,CDG
30064771538,68719477165,CDG
30064771538,68719477158,CDG
30064771538,68719477159,CDG
30064771538,68719477160,CDG
30064771538,68719477161,CDG
30064771538,68719477166,CDG
30064771538,68719477167,CDG
30064771538,68719477168,CDG
30064771538,68719477169,CDG
30064771538,55834575047,CDG
30064771538,55834575048,CDG
30064771538,55834575044,CDG
30064771538,55834575045,CDG
30064771538,55834575046,CDG
30064771552,141733920781,CDG
30064771552,25769803862,CDG
30064771552,25769803863,CDG
30064771552,30064771565,CDG
30064771552,30064771566,CDG
30064771552,30064771567,CDG
30064771552,30064771553,CDG
30064771552,30064771554,CDG
30064771552,30064771555,CDG
30064771552,30064771556,CDG
30064771552,30064771561,CDG
30064771552,30064771562,CDG
30064771552,30064771563,CDG
30064771552,30064771564,CDG
30064771552,30064771557,CDG
30064771552,30064771558,CDG
30064771552,30064771559,CDG
30064771552,30064771560,CDG
30064771552,90194313298,CDG
30064771552,90194313299,CDG
30064771552,90194313300,CDG
30064771552,90194313301,CDG
30064771552,68719477178,CDG
30064771552,68719477179,CDG
30064771552,68719477180,CDG
30064771552,68719477181,CDG
30064771552,68719477174,CDG
30064771552,68719477175,CDG
30064771552,68719477176,CDG
30064771552,68719477177,CDG
30064771552,68719477182,CDG
30064771552,68719477170,CDG
30064771552,68719477171,CDG
30064771552,68719477172,CDG
30064771552,68719477173,CDG
30064771552,55834575049,CDG
30064771552,55834575050,CDG
30064771552,55834575055,CDG
30064771552,55834575051,CDG
30064771552,55834575052,CDG
30064771552,55834575053,CDG
30064771552,55834575054,CDG
30064771562,25769803864,CDG
30064771562,30064771569,CDG
30064771562,30064771570,CDG
30064771562,30064771571,CDG
30064771562,30064771572,CDG
30064771562,30064771568,CDG
30064771562,30064771577,CDG
30064771562,30064771578,CDG
30064771562,30064771579,CDG
30064771562,30064771580,CDG
30064771562,30064771573,CDG
30064771562,30064771574,CDG
30064771562,30064771575,CDG
30064771562,30064771576,CDG
30064771562,68719477194,CDG
30064771562,68719477196,CDG
30064771562,68719477190,CDG
30064771562,68719477191,CDG
30064771562,68719477192,CDG
30064771562,68719477193,CDG
30064771562,90194313303,CDG
30064771562,90194313304,CDG
30064771562,90194313302,CDG
30064771562,68719477186,CDG
30064771562,68719477187,CDG
30064771562,68719477188,CDG
30064771562,68719477189,CDG
30064771562,68719477183,CDG
30064771562,68719477184,CDG
30064771562,68719477185,CDG
30064771562,55834575059,CDG
30064771562,55834575060,CDG
30064771562,55834575056,CDG
30064771562,55834575057,CDG
30064771562,55834575058,CDG
30064771580,68719477195,CDG
30064771580,30064771581,CDG
30064771580,90194313305,CDG
30064771580,55834575061,CDG
30064771588,90194313307,CDG
30064771592,141733920782,CDG
30064771592,25769803870,CDG
30064771592,68719477210,CDG
30064771592,68719477211,CDG
30064771592,68719477212,CDG
30064771592,68719477213,CDG
30064771592,68719477206,CDG
30064771592,68719477207,CDG
30064771592,68719477208,CDG
30064771592,68719477209,CDG
30064771592,68719477214,CDG
30064771592,68719477215,CDG
30064771592,68719477202,CDG
30064771592,68719477203,CDG
30064771592,68719477204,CDG
30064771592,68719477205,CDG
30064771592,30064771601,CDG
30064771592,30064771602,CDG
30064771592,30064771603,CDG
30064771592,30064771604,CDG
30064771592,55834575066,CDG
30064771592,30064771597,CDG
30064771592,90194313308,CDG
30064771592,30064771598,CDG
30064771592,30064771599,CDG
30064771592,90194313309,CDG
30064771592,30064771600,CDG
30064771592,30064771605,CDG
30064771592,55834575067,CDG
30064771592,55834575068,CDG
30064771592,55834575069,CDG
30064771592,55834575070,CDG
30064771592,30064771593,CDG
30064771592,30064771594,CDG
30064771592,30064771595,CDG
30064771592,30064771596,CDG
30064771604,30064771617,CDG
30064771604,30064771613,CDG
30064771604,55834575075,CDG
30064771604,30064771614,CDG
30064771604,55834575076,CDG
30064771604,30064771615,CDG
30064771604,30064771616,CDG
30064771604,25769803871,CDG
30064771604,68719477218,CDG
30064771604,68719477219,CDG
30064771604,68719477220,CDG
30064771604,68719477221,CDG
30064771604,68719477216,CDG
30064771604,68719477217,CDG
30064771604,90194313311,CDG
30064771604,90194313312,CDG
30064771604,90194313310,CDG
30064771604,30064771609,CDG
30064771604,55834575071,CDG
30064771604,30064771610,CDG
30064771604,55834575072,CDG
30064771604,30064771611,CDG
30064771604,55834575073,CDG
30064771604,30064771612,CDG
30064771604,55834575074,CDG
30064771604,30064771606,CDG
30064771604,30064771607,CDG
30064771604,30064771608,CDG
30064771604,68719477226,CDG
30064771604,68719477227,CDG
30064771604,68719477222,CDG
30064771604,68719477223,CDG
30064771604,68719477224,CDG
30064771604,68719477225,CDG
30064771666,68719477274,CDG
30064771666,68719477275,CDG
30064771666,68719477276,CDG
30064771666,68719477277,CDG
30064771666,68719477270,CDG
30064771666,68719477271,CDG
30064771666,68719477272,CDG
30064771666,68719477273,CDG
30064771666,68719477282,CDG
30064771666,68719477283,CDG
30064771666,68719477284,CDG
30064771666,68719477285,CDG
30064771666,141733920783,CDG
30064771666,68719477278,CDG
30064771666,68719477279,CDG
30064771666,68719477280,CDG
30064771666,68719477281,CDG
30064771666,90194313323,CDG
30064771666,68719477266,CDG
30064771666,68719477267,CDG
30064771666,68719477268,CDG
30064771666,68719477269,CDG
30064771666,68719477264,CDG
30064771666,68719477265,CDG
30064771666,25769803884,CDG
30064771666,30064771673,CDG
30064771666,30064771674,CDG
30064771666,30064771675,CDG
30064771666,30064771676,CDG
30064771666,30064771669,CDG
30064771666,30064771670,CDG
30064771666,30064771671,CDG
30064771666,30064771672,CDG
30064771666,68719477290,CDG
30064771666,68719477291,CDG
30064771666,68719477292,CDG
30064771666,68719477293,CDG
30064771666,68719477286,CDG
30064771666,68719477287,CDG
30064771666,68719477288,CDG
30064771666,68719477289,CDG
30064771666,25769803882,CDG
30064771666,25769803883,CDG
30064771666,68719477294,CDG
30064771666,68719477295,CDG
30064771666,90194313319,CDG
30064771666,90194313321,CDG
30064771666,90194313322,CDG
30064771666,90194313317,CDG
30064771666,90194313318,CDG
30064771666,55834575095,CDG
30064771666,55834575096,CDG
30064771666,55834575097,CDG
30064771666,55834575098,CDG
30064771666,55834575091,CDG
30064771666,55834575092,CDG
30064771666,55834575093,CDG
30064771666,55834575094,CDG
30064771666,55834575099,CDG
30064771666,55834575100,CDG
30064771666,55834575101,CDG
30064771666,55834575102,CDG
30064771666,55834575089,CDG
30064771666,55834575090,CDG
30064771666,30064771697,CDG
30064771666,30064771698,CDG
30064771666,30064771699,CDG
30064771666,30064771700,CDG
30064771666,30064771693,CDG
30064771666,30064771694,CDG
30064771666,30064771695,CDG
30064771666,30064771696,CDG
30064771666,30064771701,CDG
30064771666,30064771702,CDG
30064771666,30064771703,CDG
30064771666,30064771681,CDG
30064771666,30064771682,CDG
30064771666,30064771683,CDG
30064771666,30064771684,CDG
30064771666,30064771677,CDG
30064771666,30064771678,CDG
30064771666,30064771679,CDG
30064771666,30064771680,CDG
30064771666,30064771689,CDG
30064771666,30064771690,CDG
30064771666,30064771691,CDG
30064771666,30064771692,CDG
30064771666,30064771685,CDG
30064771666,30064771686,CDG
30064771666,30064771687,CDG
30064771666,30064771688,CDG
30064771667,68719477263,CDG
30064771667,30064771668,CDG
30064771693,90194313324,CDG
30064771693,90194313325,CDG
30064771693,90194313326,CDG
30064771693,68719477306,CDG
30064771693,68719477307,CDG
30064771693,68719477309,CDG
30064771693,68719477302,CDG
30064771693,68719477303,CDG
30064771693,25769803885,CDG
30064771693,68719477304,CDG
30064771693,68719477305,CDG
30064771693,68719477298,CDG
30064771693,68719477299,CDG
30064771693,68719477300,CDG
30064771693,68719477301,CDG
30064771693,68719477296,CDG
30064771693,68719477297,CDG
30064771693,55834575103,CDG
30064771693,55834575104,CDG
30064771693,55834575105,CDG
30064771693,55834575106,CDG
30064771693,55834575107,CDG
30064771693,30064771705,CDG
30064771693,30064771706,CDG
30064771693,30064771707,CDG
30064771693,30064771708,CDG
30064771693,30064771704,CDG
30064771693,30064771713,CDG
30064771693,30064771714,CDG
30064771693,30064771715,CDG
30064771693,30064771716,CDG
30064771693,30064771709,CDG
30064771693,30064771710,CDG
30064771693,30064771711,CDG
30064771693,30064771712,CDG
30064771716,90194313327,CDG
30064771716,68719477308,CDG
30064771716,55834575108,CDG
30064771716,30064771717,CDG
30064771730,141733920784,CDG
30064771730,90194313328,CDG
30064771730,90194313329,CDG
30064771730,90194313330,CDG
30064771730,25769803891,CDG
30064771730,25769803892,CDG
30064771730,25769803893,CDG
30064771730,30064771745,CDG
30064771730,30064771746,CDG
30064771730,30064771747,CDG
30064771730,30064771748,CDG
30064771730,30064771741,CDG
30064771730,30064771742,CDG
30064771730,30064771743,CDG
30064771730,30064771744,CDG
30064771730,30064771749,CDG
30064771730,30064771750,CDG
30064771730,30064771751,CDG
30064771730,30064771752,CDG
30064771730,55834575115,CDG
30064771730,55834575116,CDG
30064771730,55834575117,CDG
30064771730,55834575118,CDG
30064771730,68719477338,CDG
30064771730,68719477339,CDG
30064771730,68719477340,CDG
30064771730,68719477341,CDG
30064771730,68719477334,CDG
30064771730,68719477335,CDG
30064771730,68719477336,CDG
30064771730,68719477337,CDG
30064771730,68719477342,CDG
30064771730,68719477343,CDG
30064771730,68719477344,CDG
30064771730,68719477324,CDG
30064771730,68719477325,CDG
30064771730,68719477330,CDG
30064771730,68719477331,CDG
30064771730,68719477332,CDG
30064771730,68719477333,CDG
30064771730,68719477326,CDG
30064771730,68719477327,CDG
30064771730,68719477328,CDG
30064771730,68719477329,CDG
30064771730,30064771737,CDG
30064771730,30064771738,CDG
30064771730,30064771739,CDG
30064771730,30064771740,CDG
30064771730,30064771735,CDG
30064771730,30064771736,CDG
30064771731,68719477323,CDG
30064771731,30064771734,CDG
30064771732,68719477322,CDG
30064771732,30064771733,CDG
30064771752,141733920785,CDG
30064771752,90194313335,CDG
30064771752,90194313336,CDG
30064771752,90194313331,CDG
30064771752,90194313332,CDG
30064771752,90194313333,CDG
30064771752,90194313334,CDG
30064771752,25769803896,CDG
30064771752,25769803894,CDG
30064771752,25769803895,CDG
30064771752,30064771761,CDG
30064771752,30064771762,CDG
30064771752,30064771763,CDG
30064771752,30064771764,CDG
30064771752,30064771757,CDG
30064771752,30064771758,CDG
30064771752,30064771759,CDG
30064771752,30064771760,CDG
30064771752,30064771769,CDG
30064771752,30064771770,CDG
30064771752,30064771771,CDG
30064771752,30064771772,CDG
30064771752,30064771765,CDG
30064771752,30064771766,CDG
30064771752,30064771767,CDG
30064771752,30064771768,CDG
30064771752,30064771753,CDG
30064771752,30064771754,CDG
30064771752,30064771755,CDG
30064771752,30064771756,CDG
30064771752,55834575127,CDG
30064771752,55834575128,CDG
30064771752,55834575129,CDG
30064771752,55834575130,CDG
30064771752,55834575123,CDG
30064771752,55834575124,CDG
30064771752,55834575125,CDG
30064771752,55834575126,CDG
30064771752,55834575131,CDG
30064771752,30064771777,CDG
30064771752,30064771778,CDG
30064771752,30064771779,CDG
30064771752,30064771780,CDG
30064771752,30064771773,CDG
30064771752,30064771774,CDG
30064771752,30064771775,CDG
30064771752,30064771776,CDG
30064771752,55834575119,CDG
30064771752,55834575120,CDG
30064771752,55834575121,CDG
30064771752,55834575122,CDG
30064771752,30064771781,CDG
30064771752,30064771782,CDG
30064771752,30064771783,CDG
30064771752,30064771784,CDG
30064771752,68719477346,CDG
30064771752,68719477347,CDG
30064771752,68719477348,CDG
30064771752,68719477349,CDG
30064771752,68719477345,CDG
30064771752,68719477370,CDG
30064771752,68719477371,CDG
30064771752,68719477372,CDG
30064771752,68719477373,CDG
30064771752,68719477366,CDG
30064771752,68719477367,CDG
30064771752,68719477368,CDG
30064771752,68719477369,CDG
30064771752,68719477374,CDG
30064771752,68719477354,CDG
30064771752,68719477355,CDG
30064771752,68719477356,CDG
30064771752,68719477357,CDG
30064771752,68719477350,CDG
30064771752,68719477351,CDG
30064771752,68719477352,CDG
30064771752,68719477353,CDG
30064771752,68719477362,CDG
30064771752,68719477363,CDG
30064771752,68719477364,CDG
30064771752,68719477365,CDG
30064771752,68719477358,CDG
30064771752,68719477359,CDG
30064771752,68719477360,CDG
30064771752,68719477361,CDG
30064771774,90194313339,CDG
30064771774,90194313337,CDG
30064771774,90194313338,CDG
30064771774,25769803897,CDG
30064771774,68719477386,CDG
30064771774,68719477388,CDG
30064771774,68719477382,CDG
30064771774,68719477383,CDG
30064771774,68719477384,CDG
30064771774,68719477385,CDG
30064771774,30064771793,CDG
30064771774,30064771794,CDG
30064771774,30064771795,CDG
30064771774,30064771796,CDG
30064771774,30064771789,CDG
30064771774,30064771790,CDG
30064771774,30064771791,CDG
30064771774,30064771792,CDG
30064771774,55834575135,CDG
30064771774,55834575136,CDG
30064771774,30064771797,CDG
30064771774,55834575132,CDG
30064771774,55834575133,CDG
30064771774,55834575134,CDG
30064771774,30064771785,CDG
30064771774,30064771786,CDG
30064771774,30064771787,CDG
30064771774,30064771788,CDG
30064771774,68719477378,CDG
30064771774,68719477379,CDG
30064771774,68719477380,CDG
30064771774,68719477381,CDG
30064771774,68719477375,CDG
30064771774,68719477376,CDG
30064771774,68719477377,CDG
30064771797,90194313340,CDG
30064771797,68719477387,CDG
30064771797,55834575137,CDG
30064771797,30064771798,CDG
30064771813,90194313343,CDG
30064771813,90194313345,CDG
30064771813,90194313346,CDG
30064771813,90194313341,CDG
30064771813,90194313342,CDG
30064771813,90194313347,CDG
30064771813,141733920786,CDG
30064771813,30064771825,CDG
30064771813,30064771826,CDG
30064771813,30064771827,CDG
30064771813,30064771828,CDG
30064771813,55834575155,CDG
30064771813,30064771821,CDG
30064771813,55834575156,CDG
30064771813,30064771822,CDG
30064771813,55834575157,CDG
30064771813,30064771823,CDG
30064771813,55834575158,CDG
30064771813,30064771824,CDG
30064771813,30064771833,CDG
30064771813,30064771834,CDG
30064771813,30064771835,CDG
30064771813,30064771836,CDG
30064771813,30064771829,CDG
30064771813,30064771830,CDG
30064771813,30064771831,CDG
30064771813,30064771832,CDG
30064771813,55834575145,CDG
30064771813,55834575146,CDG
30064771813,55834575151,CDG
30064771813,55834575152,CDG
30064771813,30064771818,CDG
30064771813,55834575153,CDG
30064771813,30064771819,CDG
30064771813,55834575154,CDG
30064771813,30064771820,CDG
30064771813,55834575147,CDG
30064771813,55834575148,CDG
30064771813,55834575149,CDG
30064771813,55834575150,CDG
30064771813,30064771841,CDG
30064771813,30064771842,CDG
30064771813,30064771843,CDG
30064771813,30064771844,CDG
30064771813,30064771837,CDG
30064771813,30064771838,CDG
30064771813,30064771839,CDG
30064771813,30064771840,CDG
30064771813,30064771849,CDG
30064771813,30064771850,CDG
30064771813,30064771851,CDG
30064771813,30064771852,CDG
30064771813,30064771845,CDG
30064771813,30064771846,CDG
30064771813,30064771847,CDG
30064771813,30064771848,CDG
30064771813,68719477410,CDG
30064771813,68719477411,CDG
30064771813,68719477412,CDG
30064771813,68719477413,CDG
30064771813,68719477406,CDG
30064771813,68719477407,CDG
30064771813,68719477408,CDG
30064771813,68719477409,CDG
30064771813,68719477434,CDG
30064771813,68719477435,CDG
30064771813,68719477436,CDG
30064771813,68719477437,CDG
30064771813,68719477430,CDG
30064771813,68719477431,CDG
30064771813,68719477432,CDG
30064771813,68719477433,CDG
30064771813,68719477418,CDG
30064771813,68719477419,CDG
30064771813,68719477420,CDG
30064771813,68719477421,CDG
30064771813,68719477414,CDG
30064771813,68719477415,CDG
30064771813,68719477416,CDG
30064771813,68719477417,CDG
30064771813,68719477426,CDG
30064771813,68719477427,CDG
30064771813,68719477428,CDG
30064771813,68719477429,CDG
30064771813,68719477422,CDG
30064771813,68719477423,CDG
30064771813,68719477424,CDG
30064771813,68719477425,CDG
30064771813,25769803904,CDG
30064771813,25769803905,CDG
30064771813,25769803906,CDG
30064771814,30064771817,CDG
30064771814,68719477404,CDG
30064771814,68719477405,CDG
30064771815,30064771816,CDG
30064771815,68719477403,CDG
30064771842,90194313348,CDG
30064771842,90194313349,CDG
30064771842,90194313350,CDG
30064771842,55834575159,CDG
30064771842,55834575160,CDG
30064771842,55834575161,CDG
30064771842,55834575162,CDG
30064771842,55834575163,CDG
30064771842,68719477451,CDG
30064771842,68719477446,CDG
30064771842,68719477447,CDG
30064771842,68719477448,CDG
30064771842,68719477449,CDG
30064771842,30064771857,CDG
30064771842,30064771858,CDG
30064771842,30064771859,CDG
30064771842,30064771860,CDG
30064771842,30064771853,CDG
30064771842,30064771854,CDG
30064771842,30064771855,CDG
30064771842,30064771856,CDG
30064771842,30064771865,CDG
30064771842,30064771861,CDG
30064771842,30064771862,CDG
30064771842,30064771863,CDG
30064771842,30064771864,CDG
30064771842,68719477442,CDG
30064771842,68719477443,CDG
30064771842,68719477444,CDG
30064771842,68719477445,CDG
30064771842,68719477438,CDG
30064771842,68719477439,CDG
30064771842,68719477440,CDG
30064771842,68719477441,CDG
30064771842,25769803907,CDG
30064771865,90194313351,CDG
30064771865,55834575164,CDG
30064771865,68719477450,CDG
30064771865,30064771866,CDG
30064771881,30064771889,CDG
30064771881,30064771890,CDG
30064771881,30064771891,CDG
30064771881,30064771892,CDG
30064771881,30064771886,CDG
30064771881,30064771887,CDG
30064771881,30064771888,CDG
30064771881,141733920787,CDG
30064771881,30064771897,CDG
30064771881,90194313352,CDG
30064771881,30064771898,CDG
30064771881,90194313353,CDG
30064771881,30064771899,CDG
30064771881,90194313354,CDG
30064771881,30064771900,CDG
30064771881,30064771893,CDG
30064771881,30064771894,CDG
30064771881,30064771895,CDG
30064771881,30064771896,CDG
30064771881,30064771901,CDG
30064771881,30064771902,CDG
30064771881,30064771903,CDG
30064771881,68719477468,CDG
30064771881,68719477469,CDG
30064771881,68719477474,CDG
30064771881,68719477475,CDG
30064771881,68719477476,CDG
30064771881,68719477477,CDG
30064771881,68719477470,CDG
30064771881,68719477471,CDG
30064771881,68719477472,CDG
30064771881,68719477473,CDG
30064771881,68719477482,CDG
30064771881,55834575175,CDG
30064771881,68719477483,CDG
30064771881,68719477484,CDG
30064771881,68719477485,CDG
30064771881,68719477478,CDG
30064771881,68719477479,CDG
30064771881,55834575172,CDG
30064771881,68719477480,CDG
30064771881,55834575173,CDG
30064771881,68719477481,CDG
30064771881,55834575174,CDG
30064771881,68719477486,CDG
30064771881,68719477487,CDG
30064771881,68719477488,CDG
30064771881,25769803913,CDG
30064771881,25769803914,CDG
30064771881,25769803915,CDG
30064771882,30064771885,CDG
30064771882,68719477467,CDG
30064771883,30064771884,CDG
30064771883,68719477466,CDG
30064771903,141733920788,CDG
30064771903,68719477514,CDG
30064771903,68719477515,CDG
30064771903,68719477516,CDG
30064771903,68719477517,CDG
30064771903,68719477510,CDG
30064771903,68719477511,CDG
30064771903,68719477512,CDG
30064771903,68719477513,CDG
30064771903,68719477518,CDG
30064771903,68719477519,CDG
30064771903,68719477520,CDG
30064771903,30064771921,CDG
30064771903,30064771922,CDG
30064771903,30064771923,CDG
30064771903,30064771924,CDG
30064771903,30064771917,CDG
30064771903,30064771918,CDG
30064771903,30064771919,CDG
30064771903,30064771920,CDG
30064771903,30064771929,CDG
30064771903,30064771930,CDG
30064771903,30064771931,CDG
30064771903,30064771932,CDG
30064771903,30064771925,CDG
30064771903,30064771926,CDG
30064771903,30064771927,CDG
30064771903,30064771928,CDG
30064771903,90194313359,CDG
30064771903,30064771905,CDG
30064771903,90194313360,CDG
30064771903,30064771906,CDG
30064771903,30064771907,CDG
30064771903,30064771908,CDG
30064771903,90194313355,CDG
30064771903,90194313356,CDG
30064771903,90194313357,CDG
30064771903,90194313358,CDG
30064771903,30064771904,CDG
30064771903,30064771913,CDG
30064771903,30064771914,CDG
30064771903,30064771915,CDG
30064771903,30064771916,CDG
30064771903,30064771909,CDG
30064771903,30064771910,CDG
30064771903,30064771911,CDG
30064771903,30064771912,CDG
30064771903,68719477498,CDG
30064771903,68719477499,CDG
30064771903,68719477500,CDG
30064771903,68719477501,CDG
30064771903,68719477494,CDG
30064771903,55834575187,CDG
30064771903,68719477495,CDG
30064771903,55834575188,CDG
30064771903,68719477496,CDG
30064771903,55834575189,CDG
30064771903,68719477497,CDG
30064771903,68719477506,CDG
30064771903,68719477507,CDG
30064771903,68719477508,CDG
30064771903,68719477509,CDG
30064771903,68719477502,CDG
30064771903,68719477503,CDG
30064771903,68719477504,CDG
30064771903,68719477505,CDG
30064771903,55834575176,CDG
30064771903,55834575177,CDG
30064771903,55834575178,CDG
30064771903,68719477490,CDG
30064771903,55834575183,CDG
30064771903,68719477491,CDG
30064771903,55834575184,CDG
30064771903,68719477492,CDG
30064771903,55834575185,CDG
30064771903,68719477493,CDG
30064771903,55834575186,CDG
30064771903,55834575179,CDG
30064771903,55834575180,CDG
30064771903,55834575181,CDG
30064771903,68719477489,CDG
30064771903,55834575182,CDG
30064771903,25769803916,CDG
30064771903,25769803917,CDG
30064771903,25769803918,CDG
30064771903,30064771937,CDG
30064771903,30064771933,CDG
30064771903,30064771934,CDG
30064771903,30064771935,CDG
30064771903,30064771936,CDG
30064771927,68719477530,CDG
30064771927,68719477531,CDG
30064771927,68719477532,CDG
30064771927,68719477526,CDG
30064771927,68719477527,CDG
30064771927,68719477528,CDG
30064771927,68719477529,CDG
30064771927,68719477534,CDG
30064771927,68719477522,CDG
30064771927,68719477523,CDG
30064771927,68719477524,CDG
30064771927,68719477525,CDG
30064771927,68719477521,CDG
30064771927,90194313361,CDG
30064771927,90194313362,CDG
30064771927,90194313363,CDG
30064771927,55834575191,CDG
30064771927,55834575192,CDG
30064771927,55834575193,CDG
30064771927,55834575194,CDG
30064771927,55834575190,CDG
30064771927,30064771949,CDG
30064771927,30064771950,CDG
30064771927,25769803919,CDG
30064771927,30064771938,CDG
30064771927,30064771939,CDG
30064771927,30064771940,CDG
30064771927,30064771945,CDG
30064771927,30064771946,CDG
30064771927,30064771947,CDG
30064771927,30064771948,CDG
30064771927,30064771941,CDG
30064771927,30064771942,CDG
30064771927,30064771943,CDG
30064771927,30064771944,CDG
30064771950,68719477533,CDG
30064771950,90194313364,CDG
30064771950,55834575195,CDG
30064771950,30064771951,CDG
30064771958,90194313366,CDG
30064771965,25769803926,CDG
30064771965,55834575207,CDG
30064771965,55834575203,CDG
30064771965,55834575204,CDG
30064771965,55834575205,CDG
30064771965,55834575206,CDG
30064771965,68719477563,CDG
30064771965,68719477558,CDG
30064771965,30064771981,CDG
30064771965,68719477559,CDG
30064771965,30064771982,CDG
30064771965,68719477560,CDG
30064771965,30064771983,CDG
30064771965,68719477561,CDG
30064771965,30064771971,CDG
30064771965,30064771972,CDG
30064771965,68719477554,CDG
30064771965,30064771977,CDG
30064771965,68719477555,CDG
30064771965,90194313368,CDG
30064771965,30064771978,CDG
30064771965,68719477556,CDG
30064771965,90194313369,CDG
30064771965,30064771979,CDG
30064771965,68719477557,CDG
30064771965,90194313370,CDG
30064771965,30064771980,CDG
30064771965,68719477550,CDG
30064771965,30064771973,CDG
30064771965,68719477551,CDG
30064771965,30064771974,CDG
30064771965,68719477552,CDG
30064771965,30064771975,CDG
30064771965,68719477553,CDG
30064771965,30064771976,CDG
30064771983,55834575208,CDG
30064771983,68719477562,CDG
30064771983,90194313371,CDG
30064771983,30064771984,CDG
30064771991,90194313373,CDG
30064771998,68719477590,CDG
30064771998,55834575219,CDG
30064771998,30064772013,CDG
30064771998,55834575220,CDG
30064771998,30064772014,CDG
30064771998,68719477592,CDG
30064771998,30064772015,CDG
30064771998,30064772016,CDG
30064771998,25769803931,CDG
30064771998,68719477579,CDG
30064771998,68719477580,CDG
30064771998,68719477581,CDG
30064771998,30064772004,CDG
30064771998,68719477586,CDG
30064771998,30064772009,CDG
30064771998,68719477587,CDG
30064771998,55834575216,CDG
30064771998,30064772010,CDG
30064771998,68719477588,CDG
30064771998,55834575217,CDG
30064771998,30064772011,CDG
30064771998,68719477589,CDG
30064771998,55834575218,CDG
30064771998,30064772012,CDG
30064771998,68719477582,CDG
30064771998,30064772005,CDG
30064771998,68719477583,CDG
30064771998,30064772006,CDG
30064771998,68719477584,CDG
30064771998,30064772007,CDG
30064771998,68719477585,CDG
30064771998,30064772008,CDG
30064771998,90194313375,CDG
30064771998,90194313376,CDG
30064771998,90194313377,CDG
30064772016,30064772017,CDG
30064772016,68719477591,CDG
30064772016,55834575221,CDG
30064772016,90194313378,CDG
30064772024,90194313380,CDG
30064772031,55834575231,CDG
30064772031,55834575232,CDG
30064772031,55834575233,CDG
30064772031,55834575229,CDG
30064772031,55834575230,CDG
30064772031,30064772049,CDG
30064772031,30064772045,CDG
30064772031,30064772046,CDG
30064772031,30064772047,CDG
30064772031,30064772048,CDG
30064772031,90194313383,CDG
30064772031,90194313384,CDG
30064772031,90194313382,CDG
30064772031,68719477610,CDG
30064772031,25769803936,CDG
30064772031,68719477611,CDG
30064772031,68719477612,CDG
30064772031,68719477613,CDG
30064772031,68719477608,CDG
30064772031,68719477609,CDG
30064772031,68719477618,CDG
30064772031,30064772041,CDG
30064772031,68719477619,CDG
30064772031,30064772042,CDG
30064772031,30064772043,CDG
30064772031,68719477621,CDG
30064772031,30064772044,CDG
30064772031,68719477614,CDG
30064772031,30064772037,CDG
30064772031,68719477615,CDG
30064772031,30064772038,CDG
30064772031,68719477616,CDG
30064772031,30064772039,CDG
30064772031,68719477617,CDG
30064772031,30064772040,CDG
30064772049,55834575234,CDG
30064772049,30064772050,CDG
30064772049,90194313385,CDG
30064772049,68719477620,CDG
30064772057,90194313387,CDG
30064772064,30064772081,CDG
30064772064,30064772082,CDG
30064772064,30064772077,CDG
30064772064,30064772078,CDG
30064772064,30064772079,CDG
30064772064,30064772080,CDG
30064772064,68719477642,CDG
30064772064,90194313391,CDG
30064772064,68719477643,CDG
30064772064,68719477644,CDG
30064772064,68719477645,CDG
30064772064,68719477638,CDG
30064772064,68719477639,CDG
30064772064,68719477640,CDG
30064772064,90194313389,CDG
30064772064,68719477641,CDG
30064772064,90194313390,CDG
30064772064,30064772073,CDG
30064772064,68719477650,CDG
30064772064,30064772074,CDG
30064772064,30064772075,CDG
30064772064,30064772076,CDG
30064772064,68719477646,CDG
30064772064,30064772070,CDG
30064772064,68719477647,CDG
30064772064,30064772071,CDG
30064772064,68719477648,CDG
30064772064,30064772072,CDG
30064772064,68719477637,CDG
30064772064,55834575242,CDG
30064772064,55834575243,CDG
30064772064,55834575244,CDG
30064772064,25769803941,CDG
30064772064,55834575245,CDG
30064772064,55834575246,CDG
30064772082,30064772083,CDG
30064772082,90194313392,CDG
30064772082,68719477649,CDG
30064772082,55834575247,CDG
30064772094,68719477658,CDG
30064772094,90194313394,CDG
30064772094,30064772095,CDG
30064772099,90194313396,CDG
30064772099,90194313397,CDG
30064772099,90194313398,CDG
30064772099,30064772113,CDG
30064772099,55834575255,CDG
30064772099,30064772114,CDG
30064772099,55834575256,CDG
30064772099,30064772115,CDG
30064772099,55834575257,CDG
30064772099,30064772116,CDG
30064772099,55834575258,CDG
30064772099,30064772109,CDG
30064772099,30064772110,CDG
30064772099,30064772111,CDG
30064772099,30064772112,CDG
30064772099,30064772117,CDG
30064772099,55834575259,CDG
30064772099,68719477674,CDG
30064772099,68719477675,CDG
30064772099,68719477676,CDG
30064772099,68719477677,CDG
30064772099,68719477670,CDG
30064772099,68719477671,CDG
30064772099,68719477672,CDG
30064772099,68719477673,CDG
30064772099,30064772105,CDG
30064772099,30064772106,CDG
30064772099,68719477683,CDG
30064772099,30064772107,CDG
30064772099,25769803946,CDG
30064772099,30064772108,CDG
30064772099,68719477678,CDG
30064772099,68719477679,CDG
30064772099,68719477680,CDG
30064772099,68719477681,CDG
30064772117,90194313399,CDG
30064772117,30064772118,CDG
30064772117,55834575260,CDG
30064772117,68719477682,CDG
30064772125,90194313401,CDG
30064772130,90194313403,CDG
30064772134,30064772145,CDG
30064772134,30064772146,CDG
30064772134,30064772147,CDG
30064772134,30064772148,CDG
30064772134,30064772141,CDG
30064772134,30064772142,CDG
30064772134,30064772143,CDG
30064772134,30064772144,CDG
30064772134,141733920789,CDG
30064772134,30064772149,CDG
30064772134,30064772150,CDG
30064772134,30064772137,CDG
30064772134,30064772138,CDG
30064772134,30064772139,CDG
30064772134,30064772140,CDG
30064772134,30064772135,CDG
30064772134,30064772136,CDG
30064772134,68719477691,CDG
30064772134,68719477692,CDG
30064772134,68719477693,CDG
30064772134,68719477698,CDG
30064772134,68719477699,CDG
30064772134,68719477700,CDG
30064772134,68719477701,CDG
30064772134,68719477694,CDG
30064772134,68719477695,CDG
30064772134,68719477696,CDG
30064772134,68719477697,CDG
30064772134,90194313404,CDG
30064772134,90194313405,CDG
30064772134,68719477706,CDG
30064772134,55834575271,CDG
30064772134,68719477707,CDG
30064772134,55834575272,CDG
30064772134,68719477702,CDG
30064772134,55834575267,CDG
30064772134,68719477703,CDG
30064772134,55834575268,CDG
30064772134,68719477704,CDG
30064772134,55834575269,CDG
30064772134,68719477705,CDG
30064772134,55834575270,CDG
30064772134,25769803950,CDG
30064772134,25769803951,CDG
30064772145,30064772153,CDG
30064772145,30064772154,CDG
30064772145,30064772155,CDG
30064772145,30064772156,CDG
30064772145,30064772151,CDG
30064772145,30064772152,CDG
30064772145,30064772161,CDG
30064772145,30064772162,CDG
30064772145,30064772163,CDG
30064772145,30064772157,CDG
30064772145,30064772158,CDG
30064772145,30064772159,CDG
30064772145,30064772160,CDG
30064772145,90194313407,CDG
30064772145,90194313408,CDG
30064772145,68719477718,CDG
30064772145,68719477719,CDG
30064772145,68719477721,CDG
30064772145,90194313406,CDG
30064772145,68719477708,CDG
30064772145,55834575273,CDG
30064772145,68719477709,CDG
30064772145,55834575274,CDG
30064772145,68719477714,CDG
30064772145,68719477715,CDG
30064772145,68719477716,CDG
30064772145,68719477717,CDG
30064772145,68719477710,CDG
30064772145,55834575275,CDG
30064772145,68719477711,CDG
30064772145,55834575276,CDG
30064772145,68719477712,CDG
30064772145,55834575277,CDG
30064772145,68719477713,CDG
30064772145,25769803952,CDG
30064772163,30064772164,CDG
30064772163,90194313409,CDG
30064772163,68719477720,CDG
30064772163,55834575278,CDG
30064772172,30064772187,CDG
30064772172,30064772188,CDG
30064772172,55834575288,CDG
30064772172,55834575289,CDG
30064772172,55834575290,CDG
30064772172,90194313415,CDG
30064772172,90194313416,CDG
30064772172,90194313417,CDG
30064772172,55834575291,CDG
30064772172,55834575292,CDG
30064772172,30064772193,CDG
30064772172,30064772194,CDG
30064772172,30064772195,CDG
30064772172,30064772196,CDG
30064772172,30064772189,CDG
30064772172,30064772190,CDG
30064772172,30064772191,CDG
30064772172,30064772192,CDG
30064772172,30064772197,CDG
30064772172,30064772198,CDG
30064772172,30064772199,CDG
30064772172,68719477754,CDG
30064772172,68719477755,CDG
30064772172,68719477757,CDG
30064772172,68719477750,CDG
30064772172,68719477751,CDG
30064772172,68719477752,CDG
30064772172,68719477753,CDG
30064772172,25769803960,CDG
30064772172,68719477746,CDG
30064772172,68719477747,CDG
30064772172,68719477748,CDG
30064772172,68719477749,CDG
30064772172,68719477744,CDG
30064772172,68719477745,CDG
30064772178,30064772187,CDG
30064772178,30064772188,CDG
30064772178,55834575288,CDG
30064772178,55834575289,CDG
30064772178,55834575290,CDG
30064772178,90194313415,CDG
30064772178,90194313416,CDG
30064772178,90194313417,CDG
30064772178,55834575291,CDG
30064772178,55834575292,CDG
30064772178,30064772193,CDG
30064772178,30064772194,CDG
30064772178,30064772195,CDG
30064772178,30064772196,CDG
30064772178,30064772189,CDG
30064772178,30064772190,CDG
30064772178,30064772191,CDG
30064772178,30064772192,CDG
30064772178,30064772197,CDG
30064772178,30064772198,CDG
30064772178,30064772199,CDG
30064772178,68719477754,CDG
30064772178,68719477755,CDG
30064772178,68719477757,CDG
30064772178,68719477750,CDG
30064772178,68719477751,CDG
30064772178,68719477752,CDG
30064772178,68719477753,CDG
30064772178,25769803960,CDG
30064772178,68719477746,CDG
30064772178,68719477747,CDG
30064772178,68719477748,CDG
30064772178,68719477749,CDG
30064772178,68719477744,CDG
30064772178,68719477745,CDG
30064772199,90194313418,CDG
30064772199,55834575293,CDG
30064772199,30064772200,CDG
30064772199,68719477756,CDG
30064772208,68719477786,CDG
30064772208,68719477787,CDG
30064772208,68719477788,CDG
30064772208,68719477789,CDG
30064772208,68719477782,CDG
30064772208,68719477783,CDG
30064772208,68719477784,CDG
30064772208,68719477785,CDG
30064772208,68719477790,CDG
30064772208,68719477791,CDG
30064772208,68719477793,CDG
30064772208,25769803969,CDG
30064772208,68719477780,CDG
30064772208,68719477781,CDG
30064772208,30064772225,CDG
30064772208,55834575303,CDG
30064772208,30064772226,CDG
30064772208,90194313424,CDG
30064772208,55834575304,CDG
30064772208,30064772227,CDG
30064772208,90194313425,CDG
30064772208,55834575305,CDG
30064772208,30064772228,CDG
30064772208,55834575306,CDG
30064772208,90194313426,CDG
30064772208,30064772223,CDG
30064772208,30064772224,CDG
30064772208,30064772233,CDG
30064772208,30064772234,CDG
30064772208,30064772235,CDG
30064772208,30064772229,CDG
30064772208,55834575307,CDG
30064772208,30064772230,CDG
30064772208,30064772231,CDG
30064772208,30064772232,CDG
30064772214,68719477786,CDG
30064772214,68719477787,CDG
30064772214,68719477788,CDG
30064772214,68719477789,CDG
30064772214,68719477782,CDG
30064772214,68719477783,CDG
30064772214,68719477784,CDG
30064772214,68719477785,CDG
30064772214,68719477790,CDG
30064772214,68719477791,CDG
30064772214,68719477793,CDG
30064772214,25769803969,CDG
30064772214,68719477780,CDG
30064772214,68719477781,CDG
30064772214,30064772225,CDG
30064772214,55834575303,CDG
30064772214,30064772226,CDG
30064772214,90194313424,CDG
30064772214,55834575304,CDG
30064772214,30064772227,CDG
30064772214,90194313425,CDG
30064772214,55834575305,CDG
30064772214,30064772228,CDG
30064772214,55834575306,CDG
30064772214,90194313426,CDG
30064772214,30064772223,CDG
30064772214,30064772224,CDG
30064772214,30064772233,CDG
30064772214,30064772234,CDG
30064772214,30064772235,CDG
30064772214,30064772229,CDG
30064772214,55834575307,CDG
30064772214,30064772230,CDG
30064772214,30064772231,CDG
30064772214,30064772232,CDG
30064772235,68719477792,CDG
30064772235,30064772236,CDG
30064772235,90194313427,CDG
30064772235,55834575308,CDG
30064772244,30064772269,CDG
30064772244,30064772270,CDG
30064772244,30064772271,CDG
30064772244,30064772259,CDG
30064772244,30064772260,CDG
30064772244,30064772265,CDG
30064772244,30064772266,CDG
30064772244,30064772267,CDG
30064772244,25769803978,CDG
30064772244,30064772268,CDG
30064772244,30064772261,CDG
30064772244,30064772262,CDG
30064772244,30064772263,CDG
30064772244,30064772264,CDG
30064772244,68719477818,CDG
30064772244,68719477819,CDG
30064772244,68719477820,CDG
30064772244,68719477821,CDG
30064772244,68719477816,CDG
30064772244,68719477817,CDG
30064772244,68719477826,CDG
30064772244,68719477827,CDG
30064772244,68719477829,CDG
30064772244,68719477822,CDG
30064772244,68719477823,CDG
30064772244,68719477824,CDG
30064772244,68719477825,CDG
30064772244,55834575319,CDG
30064772244,55834575320,CDG
30064772244,55834575321,CDG
30064772244,55834575322,CDG
30064772244,90194313435,CDG
30064772244,55834575318,CDG
30064772244,90194313433,CDG
30064772244,90194313434,CDG
30064772250,30064772269,CDG
30064772250,30064772270,CDG
30064772250,30064772271,CDG
30064772250,30064772259,CDG
30064772250,30064772260,CDG
30064772250,30064772265,CDG
30064772250,30064772266,CDG
30064772250,30064772267,CDG
30064772250,25769803978,CDG
30064772250,30064772268,CDG
30064772250,30064772261,CDG
30064772250,30064772262,CDG
30064772250,30064772263,CDG
30064772250,30064772264,CDG
30064772250,68719477818,CDG
30064772250,68719477819,CDG
30064772250,68719477820,CDG
30064772250,68719477821,CDG
30064772250,68719477816,CDG
30064772250,68719477817,CDG
30064772250,68719477826,CDG
30064772250,68719477827,CDG
30064772250,68719477829,CDG
30064772250,68719477822,CDG
30064772250,68719477823,CDG
30064772250,68719477824,CDG
30064772250,68719477825,CDG
30064772250,55834575319,CDG
30064772250,55834575320,CDG
30064772250,55834575321,CDG
30064772250,55834575322,CDG
30064772250,90194313435,CDG
30064772250,55834575318,CDG
30064772250,90194313433,CDG
30064772250,90194313434,CDG
30064772271,30064772272,CDG
30064772271,68719477828,CDG
30064772271,90194313436,CDG
30064772271,55834575323,CDG
30064772280,25769803987,CDG
30064772280,55834575335,CDG
30064772280,55834575336,CDG
30064772280,55834575337,CDG
30064772280,55834575333,CDG
30064772280,55834575334,CDG
30064772280,30064772305,CDG
30064772280,30064772306,CDG
30064772280,30064772307,CDG
30064772280,30064772301,CDG
30064772280,30064772302,CDG
30064772280,30064772303,CDG
30064772280,30064772304,CDG
30064772280,30064772297,CDG
30064772280,30064772298,CDG
30064772280,30064772299,CDG
30064772280,30064772300,CDG
30064772280,30064772295,CDG
30064772280,30064772296,CDG
30064772280,68719477852,CDG
30064772280,68719477853,CDG
30064772280,68719477858,CDG
30064772280,68719477859,CDG
30064772280,68719477860,CDG
30064772280,68719477861,CDG
30064772280,68719477854,CDG
30064772280,68719477855,CDG
30064772280,68719477856,CDG
30064772280,68719477857,CDG
30064772280,90194313442,CDG
30064772280,90194313443,CDG
30064772280,90194313444,CDG
30064772280,68719477862,CDG
30064772280,68719477863,CDG
30064772280,68719477865,CDG
30064772286,25769803987,CDG
30064772286,55834575335,CDG
30064772286,55834575336,CDG
30064772286,55834575337,CDG
30064772286,55834575333,CDG
30064772286,55834575334,CDG
30064772286,30064772305,CDG
30064772286,30064772306,CDG
30064772286,30064772307,CDG
30064772286,30064772301,CDG
30064772286,30064772302,CDG
30064772286,30064772303,CDG
30064772286,30064772304,CDG
30064772286,30064772297,CDG
30064772286,30064772298,CDG
30064772286,30064772299,CDG
30064772286,30064772300,CDG
30064772286,30064772295,CDG
30064772286,30064772296,CDG
30064772286,68719477852,CDG
30064772286,68719477853,CDG
30064772286,68719477858,CDG
30064772286,68719477859,CDG
30064772286,68719477860,CDG
30064772286,68719477861,CDG
30064772286,68719477854,CDG
30064772286,68719477855,CDG
30064772286,68719477856,CDG
30064772286,68719477857,CDG
30064772286,90194313442,CDG
30064772286,90194313443,CDG
30064772286,90194313444,CDG
30064772286,68719477862,CDG
30064772286,68719477863,CDG
30064772286,68719477865,CDG
30064772307,55834575338,CDG
30064772307,30064772308,CDG
30064772307,90194313445,CDG
30064772307,68719477864,CDG
30064772315,90194313447,CDG
30064772322,30064772337,CDG
30064772322,30064772338,CDG
30064772322,30064772339,CDG
30064772322,30064772340,CDG
30064772322,30064772333,CDG
30064772322,55834575347,CDG
30064772322,30064772334,CDG
30064772322,55834575348,CDG
30064772322,30064772335,CDG
30064772322,55834575349,CDG
30064772322,30064772336,CDG
30064772322,55834575350,CDG
30064772322,25769803994,CDG
30064772322,68719477894,CDG
30064772322,90194313451,CDG
30064772322,30064772329,CDG
30064772322,30064772330,CDG
30064772322,30064772331,CDG
30064772322,30064772332,CDG
30064772322,55834575346,CDG
30064772322,30064772328,CDG
30064772322,68719477882,CDG
30064772322,68719477883,CDG
30064772322,68719477884,CDG
30064772322,68719477885,CDG
30064772322,68719477881,CDG
30064772322,68719477890,CDG
30064772322,68719477891,CDG
30064772322,68719477892,CDG
30064772322,90194313449,CDG
30064772322,90194313450,CDG
30064772322,68719477886,CDG
30064772322,68719477887,CDG
30064772322,68719477888,CDG
30064772322,68719477889,CDG
30064772340,55834575351,CDG
30064772340,30064772341,CDG
30064772340,90194313452,CDG
30064772340,68719477893,CDG
30064772344,68719477915,CDG
30064772344,68719477910,CDG
30064772344,68719477911,CDG
30064772344,68719477912,CDG
30064772344,68719477913,CDG
30064772344,55834575359,CDG
30064772344,55834575355,CDG
30064772344,55834575356,CDG
30064772344,55834575357,CDG
30064772344,55834575358,CDG
30064772344,90194313455,CDG
30064772344,90194313456,CDG
30064772344,90194313457,CDG
30064772344,68719477906,CDG
30064772344,68719477907,CDG
30064772344,68719477908,CDG
30064772344,68719477909,CDG
30064772344,68719477902,CDG
30064772344,68719477903,CDG
30064772344,68719477904,CDG
30064772344,68719477905,CDG
30064772344,30064772353,CDG
30064772344,30064772354,CDG
30064772344,30064772355,CDG
30064772344,30064772356,CDG
30064772344,30064772350,CDG
30064772344,30064772351,CDG
30064772344,25769803998,CDG
30064772344,30064772352,CDG
30064772344,30064772361,CDG
30064772344,30064772362,CDG
30064772344,30064772357,CDG
30064772344,30064772358,CDG
30064772344,30064772359,CDG
30064772344,30064772360,CDG
30064772362,68719477914,CDG
30064772362,55834575360,CDG
30064772362,90194313458,CDG
30064772362,30064772363,CDG
30064772370,90194313460,CDG
30064772375,90194313462,CDG
30064772381,90194313464,CDG
30064772385,30064772401,CDG
30064772385,30064772402,CDG
30064772385,30064772403,CDG
30064772385,30064772404,CDG
30064772385,30064772397,CDG
30064772385,30064772398,CDG
30064772385,30064772399,CDG
30064772385,30064772400,CDG
30064772385,30064772409,CDG
30064772385,30064772410,CDG
30064772385,30064772411,CDG
30064772385,30064772412,CDG
30064772385,141733920790,CDG
30064772385,30064772405,CDG
30064772385,30064772406,CDG
30064772385,30064772407,CDG
30064772385,30064772408,CDG
30064772385,30064772417,CDG
30064772385,30064772418,CDG
30064772385,30064772419,CDG
30064772385,30064772420,CDG
30064772385,30064772413,CDG
30064772385,30064772414,CDG
30064772385,30064772415,CDG
30064772385,30064772416,CDG
30064772385,30064772421,CDG
30064772385,30064772422,CDG
30064772385,68719477962,CDG
30064772385,68719477963,CDG
30064772385,68719477958,CDG
30064772385,68719477959,CDG
30064772385,68719477960,CDG
30064772385,68719477961,CDG
30064772385,90194313471,CDG
30064772385,90194313472,CDG
30064772385,90194313473,CDG
30064772385,90194313474,CDG
30064772385,90194313468,CDG
30064772385,90194313469,CDG
30064772385,90194313470,CDG
30064772385,90194313475,CDG
30064772385,90194313476,CDG
30064772385,90194313477,CDG
30064772385,90194313478,CDG
30064772385,68719477946,CDG
30064772385,55834575383,CDG
30064772385,68719477947,CDG
30064772385,68719477948,CDG
30064772385,68719477949,CDG
30064772385,68719477942,CDG
30064772385,55834575379,CDG
30064772385,68719477943,CDG
30064772385,55834575380,CDG
30064772385,68719477944,CDG
30064772385,55834575381,CDG
30064772385,68719477945,CDG
30064772385,55834575382,CDG
30064772385,68719477954,CDG
30064772385,68719477955,CDG
30064772385,68719477956,CDG
30064772385,68719477957,CDG
30064772385,68719477950,CDG
30064772385,68719477951,CDG
30064772385,68719477952,CDG
30064772385,68719477953,CDG
30064772385,68719477938,CDG
30064772385,55834575375,CDG
30064772385,68719477939,CDG
30064772385,55834575376,CDG
30064772385,68719477940,CDG
30064772385,55834575377,CDG
30064772385,68719477941,CDG
30064772385,55834575378,CDG
30064772385,25769804004,CDG
30064772385,68719477935,CDG
30064772385,25769804005,CDG
30064772385,68719477936,CDG
30064772385,55834575373,CDG
30064772385,68719477937,CDG
30064772385,55834575374,CDG
30064772417,30064772433,CDG
30064772417,30064772434,CDG
30064772417,30064772435,CDG
30064772417,30064772429,CDG
30064772417,30064772430,CDG
30064772417,30064772431,CDG
30064772417,30064772432,CDG
30064772417,30064772437,CDG
30064772417,30064772438,CDG
30064772417,30064772439,CDG
30064772417,30064772440,CDG
30064772417,30064772425,CDG
30064772417,30064772426,CDG
30064772417,30064772427,CDG
30064772417,30064772428,CDG
30064772417,30064772423,CDG
30064772417,30064772424,CDG
30064772417,68719477978,CDG
30064772417,68719477979,CDG
30064772417,68719477974,CDG
30064772417,68719477975,CDG
30064772417,68719477977,CDG
30064772417,68719477982,CDG
30064772417,68719477964,CDG
30064772417,68719477965,CDG
30064772417,68719477970,CDG
30064772417,68719477971,CDG
30064772417,68719477972,CDG
30064772417,68719477973,CDG
30064772417,68719477966,CDG
30064772417,68719477967,CDG
30064772417,68719477968,CDG
30064772417,68719477969,CDG
30064772417,90194313479,CDG
30064772417,90194313480,CDG
30064772417,90194313481,CDG
30064772417,55834575384,CDG
30064772417,55834575385,CDG
30064772417,55834575386,CDG
30064772417,55834575387,CDG
30064772417,55834575388,CDG
30064772417,55834575390,CDG
30064772417,25769804006,CDG
30064772435,30064772436,CDG
30064772435,68719477976,CDG
30064772435,90194313482,CDG
30064772435,55834575389,CDG
30064772440,30064772441,CDG
30064772440,68719477980,CDG
30064772440,68719477981,CDG
30064772440,55834575391,CDG
30064772545,30064772546,CDG
30064772545,30064772547,CDG
30064772545,90194313502,CDG
30064772545,68719478101,CDG
30064772545,55834575435,CDG
30064772563,90194313503,CDG
30064772568,90194313504,CDG
30064772573,90194313505,CDG
30064772578,90194313506,CDG
30064772583,90194313507,CDG
30064772588,90194313508,CDG
30064772596,90194313510,CDG
30064772600,30064772657,CDG
30064772600,30064772658,CDG
30064772600,30064772659,CDG
30064772600,30064772660,CDG
30064772600,30064772653,CDG
30064772600,30064772654,CDG
30064772600,30064772655,CDG
30064772600,30064772656,CDG
30064772600,30064772665,CDG
30064772600,30064772666,CDG
30064772600,30064772667,CDG
30064772600,30064772668,CDG
30064772600,30064772661,CDG
30064772600,30064772662,CDG
30064772600,30064772663,CDG
30064772600,30064772664,CDG
30064772600,30064772641,CDG
30064772600,30064772642,CDG
30064772600,30064772643,CDG
30064772600,30064772644,CDG
30064772600,30064772637,CDG
30064772600,30064772638,CDG
30064772600,30064772639,CDG
30064772600,30064772640,CDG
30064772600,30064772649,CDG
30064772600,30064772650,CDG
30064772600,30064772651,CDG
30064772600,30064772652,CDG
30064772600,30064772645,CDG
30064772600,30064772646,CDG
30064772600,30064772647,CDG
30064772600,30064772648,CDG
30064772600,30064772689,CDG
30064772600,30064772690,CDG
30064772600,30064772691,CDG
30064772600,30064772692,CDG
30064772600,30064772685,CDG
30064772600,30064772686,CDG
30064772600,30064772687,CDG
30064772600,30064772688,CDG
30064772600,30064772697,CDG
30064772600,30064772698,CDG
30064772600,30064772699,CDG
30064772600,30064772700,CDG
30064772600,30064772693,CDG
30064772600,30064772694,CDG
30064772600,30064772695,CDG
30064772600,30064772696,CDG
30064772600,30064772673,CDG
30064772600,30064772674,CDG
30064772600,30064772675,CDG
30064772600,30064772676,CDG
30064772600,30064772669,CDG
30064772600,30064772670,CDG
30064772600,30064772671,CDG
30064772600,30064772672,CDG
30064772600,30064772681,CDG
30064772600,30064772682,CDG
30064772600,30064772683,CDG
30064772600,30064772684,CDG
30064772600,30064772677,CDG
30064772600,30064772678,CDG
30064772600,30064772679,CDG
30064772600,30064772680,CDG
30064772600,30064772601,CDG
30064772600,30064772602,CDG
30064772600,30064772603,CDG
30064772600,30064772604,CDG
30064772600,30064772625,CDG
30064772600,30064772626,CDG
30064772600,30064772627,CDG
30064772600,30064772628,CDG
30064772600,30064772621,CDG
30064772600,30064772622,CDG
30064772600,30064772623,CDG
30064772600,30064772624,CDG
30064772600,30064772633,CDG
30064772600,30064772634,CDG
30064772600,30064772635,CDG
30064772600,30064772636,CDG
30064772600,30064772629,CDG
30064772600,30064772630,CDG
30064772600,30064772631,CDG
30064772600,30064772632,CDG
30064772600,30064772609,CDG
30064772600,30064772610,CDG
30064772600,30064772611,CDG
30064772600,30064772612,CDG
30064772600,30064772605,CDG
30064772600,30064772606,CDG
30064772600,30064772607,CDG
30064772600,30064772608,CDG
30064772600,30064772617,CDG
30064772600,30064772618,CDG
30064772600,30064772619,CDG
30064772600,30064772620,CDG
30064772600,30064772613,CDG
30064772600,30064772614,CDG
30064772600,30064772615,CDG
30064772600,30064772616,CDG
30064772600,68719478170,CDG
30064772600,68719478171,CDG
30064772600,68719478172,CDG
30064772600,68719478173,CDG
30064772600,68719478166,CDG
30064772600,120259084322,CDG
30064772600,68719478167,CDG
30064772600,68719478168,CDG
30064772600,68719478169,CDG
30064772600,68719478178,CDG
30064772600,68719478179,CDG
30064772600,68719478180,CDG
30064772600,68719478181,CDG
30064772600,68719478174,CDG
30064772600,68719478175,CDG
30064772600,68719478176,CDG
30064772600,68719478177,CDG
30064772600,68719478154,CDG
30064772600,68719478155,CDG
30064772600,68719478156,CDG
30064772600,68719478157,CDG
30064772600,68719478150,CDG
30064772600,68719478151,CDG
30064772600,68719478152,CDG
30064772600,68719478153,CDG
30064772600,68719478162,CDG
30064772600,68719478163,CDG
30064772600,68719478164,CDG
30064772600,120259084320,CDG
30064772600,68719478165,CDG
30064772600,120259084321,CDG
30064772600,68719478158,CDG
30064772600,68719478159,CDG
30064772600,68719478160,CDG
30064772600,68719478161,CDG
30064772600,68719478202,CDG
30064772600,68719478203,CDG
30064772600,68719478204,CDG
30064772600,68719478205,CDG
30064772600,68719478198,CDG
30064772600,68719478199,CDG
30064772600,68719478200,CDG
30064772600,68719478201,CDG
30064772600,68719478210,CDG
30064772600,90194313511,CDG
30064772600,68719478211,CDG
30064772600,90194313512,CDG
30064772600,68719478212,CDG
30064772600,90194313513,CDG
30064772600,68719478213,CDG
30064772600,90194313514,CDG
30064772600,68719478206,CDG
30064772600,68719478207,CDG
30064772600,68719478208,CDG
30064772600,68719478209,CDG
30064772600,68719478186,CDG
30064772600,68719478187,CDG
30064772600,68719478188,CDG
30064772600,68719478189,CDG
30064772600,68719478182,CDG
30064772600,68719478183,CDG
30064772600,68719478184,CDG
30064772600,68719478185,CDG
30064772600,68719478194,CDG
30064772600,68719478195,CDG
30064772600,68719478196,CDG
30064772600,68719478197,CDG
30064772600,68719478190,CDG
30064772600,68719478191,CDG
30064772600,68719478192,CDG
30064772600,68719478193,CDG
30064772600,30064772721,CDG
30064772600,30064772717,CDG
30064772600,30064772718,CDG
30064772600,30064772719,CDG
30064772600,30064772720,CDG
30064772600,30064772705,CDG
30064772600,30064772706,CDG
30064772600,30064772707,CDG
30064772600,30064772708,CDG
30064772600,30064772701,CDG
30064772600,30064772702,CDG
30064772600,30064772703,CDG
30064772600,30064772704,CDG
30064772600,30064772713,CDG
30064772600,30064772714,CDG
30064772600,30064772715,CDG
30064772600,30064772716,CDG
30064772600,30064772709,CDG
30064772600,30064772710,CDG
30064772600,30064772711,CDG
30064772600,30064772712,CDG
30064772600,68719478146,CDG
30064772600,68719478147,CDG
30064772600,68719478148,CDG
30064772600,68719478149,CDG
30064772600,68719478145,CDG
30064772600,55834575479,CDG
30064772600,55834575480,CDG
30064772600,55834575481,CDG
30064772600,55834575482,CDG
30064772600,55834575475,CDG
30064772600,55834575476,CDG
30064772600,55834575477,CDG
30064772600,55834575478,CDG
30064772600,55834575483,CDG
30064772600,68719478282,CDG
30064772600,55834575463,CDG
30064772600,68719478283,CDG
30064772600,55834575464,CDG
30064772600,68719478284,CDG
30064772600,55834575465,CDG
30064772600,68719478285,CDG
30064772600,55834575466,CDG
30064772600,68719478278,CDG
30064772600,55834575459,CDG
30064772600,68719478279,CDG
30064772600,55834575460,CDG
30064772600,68719478280,CDG
30064772600,55834575461,CDG
30064772600,68719478281,CDG
30064772600,55834575462,CDG
30064772600,68719478290,CDG
30064772600,55834575471,CDG
30064772600,68719478291,CDG
30064772600,55834575472,CDG
30064772600,68719478292,CDG
30064772600,55834575473,CDG
30064772600,68719478293,CDG
30064772600,55834575474,CDG
30064772600,68719478286,CDG
30064772600,55834575467,CDG
30064772600,68719478287,CDG
30064772600,55834575468,CDG
30064772600,68719478288,CDG
30064772600,55834575469,CDG
30064772600,68719478289,CDG
30064772600,55834575470,CDG
30064772600,141733920793,CDG
30064772600,68719478234,CDG
30064772600,68719478235,CDG
30064772600,25769804049,CDG
30064772600,68719478236,CDG
30064772600,68719478237,CDG
30064772600,68719478230,CDG
30064772600,90194313531,CDG
30064772600,68719478231,CDG
30064772600,90194313532,CDG
30064772600,68719478232,CDG
30064772600,68719478233,CDG
30064772600,68719478242,CDG
30064772600,68719478243,CDG
30064772600,68719478244,CDG
30064772600,68719478245,CDG
30064772600,68719478238,CDG
30064772600,68719478239,CDG
30064772600,68719478240,CDG
30064772600,68719478241,CDG
30064772600,68719478218,CDG
30064772600,90194313519,CDG
30064772600,25769804032,CDG
30064772600,68719478219,CDG
30064772600,90194313520,CDG
30064772600,25769804033,CDG
30064772600,68719478220,CDG
30064772600,90194313521,CDG
30064772600,25769804034,CDG
30064772600,68719478221,CDG
30064772600,90194313522,CDG
30064772600,25769804035,CDG
30064772600,68719478214,CDG
30064772600,90194313515,CDG
30064772600,68719478215,CDG
30064772600,90194313516,CDG
30064772600,68719478216,CDG
30064772600,90194313517,CDG
30064772600,68719478217,CDG
30064772600,90194313518,CDG
30064772600,68719478226,CDG
30064772600,90194313527,CDG
30064772600,25769804040,CDG
30064772600,68719478227,CDG
30064772600,90194313528,CDG
30064772600,25769804041,CDG
30064772600,68719478228,CDG
30064772600,90194313529,CDG
30064772600,68719478229,CDG
30064772600,90194313530,CDG
30064772600,68719478222,CDG
30064772600,90194313523,CDG
30064772600,25769804036,CDG
30064772600,68719478223,CDG
30064772600,90194313524,CDG
30064772600,25769804037,CDG
30064772600,68719478224,CDG
30064772600,90194313525,CDG
30064772600,25769804038,CDG
30064772600,68719478225,CDG
30064772600,90194313526,CDG
30064772600,25769804039,CDG
30064772600,68719478266,CDG
30064772600,68719478267,CDG
30064772600,68719478268,CDG
30064772600,68719478269,CDG
30064772600,68719478262,CDG
30064772600,68719478263,CDG
30064772600,68719478264,CDG
30064772600,68719478265,CDG
30064772600,68719478274,CDG
30064772600,68719478275,CDG
30064772600,55834575456,CDG
30064772600,68719478276,CDG
30064772600,55834575457,CDG
30064772600,68719478277,CDG
30064772600,55834575458,CDG
30064772600,68719478270,CDG
30064772600,68719478271,CDG
30064772600,68719478272,CDG
30064772600,68719478273,CDG
30064772600,68719478250,CDG
30064772600,68719478251,CDG
30064772600,68719478252,CDG
30064772600,68719478253,CDG
30064772600,68719478246,CDG
30064772600,68719478247,CDG
30064772600,68719478248,CDG
30064772600,68719478249,CDG
30064772600,68719478258,CDG
30064772600,68719478259,CDG
30064772600,68719478260,CDG
30064772600,68719478261,CDG
30064772600,68719478254,CDG
30064772600,68719478255,CDG
30064772600,68719478256,CDG
30064772600,68719478257,CDG
30064772716,30064772722,CDG
30064772716,30064772723,CDG
30064772716,30064772724,CDG
30064772716,30064772729,CDG
30064772716,30064772730,CDG
30064772716,30064772731,CDG
30064772716,30064772732,CDG
30064772716,30064772725,CDG
30064772716,30064772726,CDG
30064772716,30064772727,CDG
30064772716,30064772728,CDG
30064772716,30064772733,CDG
30064772716,30064772734,CDG
30064772716,68719478298,CDG
30064772716,68719478299,CDG
30064772716,68719478300,CDG
30064772716,68719478301,CDG
30064772716,68719478294,CDG
30064772716,68719478295,CDG
30064772716,68719478296,CDG
30064772716,68719478297,CDG
30064772716,55834575487,CDG
30064772716,68719478307,CDG
30064772716,55834575488,CDG
30064772716,68719478302,CDG
30064772716,68719478303,CDG
30064772716,55834575484,CDG
30064772716,68719478304,CDG
30064772716,55834575485,CDG
30064772716,68719478305,CDG
30064772716,55834575486,CDG
30064772716,90194313535,CDG
30064772716,25769804050,CDG
30064772716,90194313533,CDG
30064772716,90194313534,CDG
30064772734,30064772735,CDG
30064772734,68719478306,CDG
30064772734,55834575489,CDG
30064772734,90194313536,CDG
30064772740,30064772785,CDG
30064772740,30064772786,CDG
30064772740,30064772787,CDG
30064772740,30064772788,CDG
30064772740,30064772781,CDG
30064772740,30064772782,CDG
30064772740,30064772783,CDG
30064772740,30064772784,CDG
30064772740,30064772793,CDG
30064772740,30064772794,CDG
30064772740,30064772795,CDG
30064772740,30064772796,CDG
30064772740,30064772789,CDG
30064772740,30064772790,CDG
30064772740,30064772791,CDG
30064772740,30064772792,CDG
30064772740,30064772769,CDG
30064772740,30064772770,CDG
30064772740,30064772771,CDG
30064772740,30064772772,CDG
30064772740,30064772765,CDG
30064772740,30064772766,CDG
30064772740,30064772767,CDG
30064772740,30064772768,CDG
30064772740,30064772777,CDG
30064772740,30064772778,CDG
30064772740,30064772779,CDG
30064772740,30064772780,CDG
30064772740,30064772773,CDG
30064772740,30064772774,CDG
30064772740,30064772775,CDG
30064772740,30064772776,CDG
30064772740,30064772817,CDG
30064772740,30064772818,CDG
30064772740,30064772819,CDG
30064772740,30064772820,CDG
30064772740,30064772813,CDG
30064772740,30064772814,CDG
30064772740,30064772815,CDG
30064772740,30064772816,CDG
30064772740,30064772828,CDG
30064772740,30064772821,CDG
30064772740,30064772822,CDG
30064772740,30064772823,CDG
30064772740,30064772801,CDG
30064772740,30064772802,CDG
30064772740,30064772803,CDG
30064772740,30064772804,CDG
30064772740,30064772797,CDG
30064772740,30064772798,CDG
30064772740,30064772799,CDG
30064772740,30064772800,CDG
30064772740,30064772809,CDG
30064772740,30064772810,CDG
30064772740,30064772811,CDG
30064772740,30064772812,CDG
30064772740,30064772805,CDG
30064772740,30064772806,CDG
30064772740,30064772807,CDG
30064772740,30064772808,CDG
30064772740,30064772753,CDG
30064772740,30064772754,CDG
30064772740,30064772755,CDG
30064772740,30064772756,CDG
30064772740,30064772749,CDG
30064772740,30064772750,CDG
30064772740,30064772751,CDG
30064772740,30064772752,CDG
30064772740,30064772761,CDG
30064772740,30064772762,CDG
30064772740,30064772763,CDG
30064772740,30064772764,CDG
30064772740,30064772757,CDG
30064772740,30064772758,CDG
30064772740,30064772759,CDG
30064772740,30064772760,CDG
30064772740,30064772745,CDG
30064772740,30064772746,CDG
30064772740,30064772747,CDG
30064772740,30064772748,CDG
30064772740,30064772741,CDG
30064772740,30064772742,CDG
30064772740,30064772743,CDG
30064772740,30064772744,CDG
30064772740,68719478330,CDG
30064772740,55834575511,CDG
30064772740,68719478331,CDG
30064772740,55834575512,CDG
30064772740,68719478332,CDG
30064772740,55834575513,CDG
30064772740,68719478333,CDG
30064772740,55834575514,CDG
30064772740,68719478326,CDG
30064772740,55834575507,CDG
30064772740,68719478327,CDG
30064772740,55834575508,CDG
30064772740,68719478328,CDG
30064772740,55834575509,CDG
30064772740,68719478329,CDG
30064772740,55834575510,CDG
30064772740,68719478338,CDG
30064772740,55834575519,CDG
30064772740,68719478339,CDG
30064772740,55834575520,CDG
30064772740,68719478340,CDG
30064772740,55834575521,CDG
30064772740,68719478341,CDG
30064772740,68719478334,CDG
30064772740,55834575515,CDG
30064772740,68719478335,CDG
30064772740,55834575516,CDG
30064772740,68719478336,CDG
30064772740,68719478337,CDG
30064772740,68719478314,CDG
30064772740,55834575495,CDG
30064772740,68719478315,CDG
30064772740,55834575496,CDG
30064772740,68719478316,CDG
30064772740,55834575497,CDG
30064772740,68719478317,CDG
30064772740,55834575498,CDG
30064772740,68719478311,CDG
30064772740,55834575492,CDG
30064772740,68719478312,CDG
30064772740,55834575493,CDG
30064772740,68719478313,CDG
30064772740,55834575494,CDG
30064772740,141733920794,CDG
30064772740,68719478322,CDG
30064772740,55834575503,CDG
30064772740,68719478323,CDG
30064772740,55834575504,CDG
30064772740,68719478324,CDG
30064772740,55834575505,CDG
30064772740,68719478325,CDG
30064772740,55834575506,CDG
30064772740,68719478318,CDG
30064772740,55834575499,CDG
30064772740,68719478319,CDG
30064772740,55834575500,CDG
30064772740,68719478320,CDG
30064772740,55834575501,CDG
30064772740,68719478321,CDG
30064772740,55834575502,CDG
30064772740,30064772849,CDG
30064772740,30064772850,CDG
30064772740,30064772851,CDG
30064772740,90194313537,CDG
30064772740,30064772852,CDG
30064772740,90194313538,CDG
30064772740,30064772848,CDG
30064772740,90194313543,CDG
30064772740,30064772858,CDG
30064772740,90194313544,CDG
30064772740,30064772859,CDG
30064772740,90194313545,CDG
30064772740,30064772860,CDG
30064772740,90194313546,CDG
30064772740,30064772853,CDG
30064772740,90194313539,CDG
30064772740,90194313540,CDG
30064772740,90194313541,CDG
30064772740,90194313542,CDG
30064772740,30064772833,CDG
30064772740,30064772829,CDG
30064772740,30064772830,CDG
30064772740,30064772831,CDG
30064772740,30064772832,CDG
30064772740,30064772841,CDG
30064772740,30064772842,CDG
30064772740,30064772843,CDG
30064772740,30064772838,CDG
30064772740,30064772839,CDG
30064772740,30064772840,CDG
30064772740,30064772881,CDG
30064772740,90194313567,CDG
30064772740,30064772882,CDG
30064772740,30064772883,CDG
30064772740,30064772884,CDG
30064772740,90194313570,CDG
30064772740,30064772878,CDG
30064772740,90194313564,CDG
30064772740,30064772879,CDG
30064772740,30064772880,CDG
30064772740,30064772889,CDG
30064772740,30064772885,CDG
30064772740,30064772886,CDG
30064772740,90194313572,CDG
30064772740,30064772887,CDG
30064772740,30064772888,CDG
30064772740,90194313551,CDG
30064772740,90194313552,CDG
30064772740,30064772868,CDG
30064772740,30064772861,CDG
30064772740,90194313547,CDG
30064772740,30064772862,CDG
30064772740,90194313548,CDG
30064772740,30064772863,CDG
30064772740,90194313549,CDG
30064772740,90194313550,CDG
30064772740,30064772873,CDG
30064772740,90194313561,CDG
30064772740,30064772869,CDG
30064772740,90194313555,CDG
30064772740,30064772870,CDG
30064772740,30064772871,CDG
30064772740,30064772872,CDG
30064772740,90194313558,CDG
30064772740,68719478410,CDG
30064772740,68719478411,CDG
30064772740,68719478412,CDG
30064772740,68719478413,CDG
30064772740,68719478407,CDG
30064772740,68719478408,CDG
30064772740,68719478418,CDG
30064772740,68719478414,CDG
30064772740,68719478415,CDG
30064772740,68719478416,CDG
30064772740,68719478417,CDG
30064772740,68719478362,CDG
30064772740,68719478363,CDG
30064772740,55834575544,CDG
30064772740,68719478364,CDG
30064772740,55834575545,CDG
30064772740,68719478365,CDG
30064772740,55834575546,CDG
30064772740,68719478358,CDG
30064772740,55834575539,CDG
30064772740,68719478359,CDG
30064772740,55834575540,CDG
30064772740,68719478360,CDG
30064772740,55834575541,CDG
30064772740,68719478361,CDG
30064772740,68719478370,CDG
30064772740,68719478371,CDG
30064772740,68719478372,CDG
30064772740,68719478373,CDG
30064772740,68719478366,CDG
30064772740,55834575547,CDG
30064772740,68719478367,CDG
30064772740,55834575548,CDG
30064772740,68719478368,CDG
30064772740,55834575549,CDG
30064772740,68719478369,CDG
30064772740,68719478346,CDG
30064772740,68719478347,CDG
30064772740,68719478348,CDG
30064772740,55834575529,CDG
30064772740,68719478349,CDG
30064772740,55834575530,CDG
30064772740,68719478342,CDG
30064772740,68719478343,CDG
30064772740,55834575524,CDG
30064772740,68719478344,CDG
30064772740,55834575525,CDG
30064772740,68719478345,CDG
30064772740,55834575526,CDG
30064772740,68719478354,CDG
30064772740,55834575535,CDG
30064772740,68719478355,CDG
30064772740,55834575536,CDG
30064772740,68719478356,CDG
30064772740,68719478357,CDG
30064772740,68719478350,CDG
30064772740,55834575531,CDG
30064772740,68719478351,CDG
30064772740,68719478352,CDG
30064772740,68719478353,CDG
30064772740,55834575534,CDG
30064772740,68719478395,CDG
30064772740,68719478396,CDG
30064772740,68719478390,CDG
30064772740,68719478391,CDG
30064772740,68719478392,CDG
30064772740,68719478393,CDG
30064772740,68719478402,CDG
30064772740,68719478404,CDG
30064772740,68719478405,CDG
30064772740,68719478398,CDG
30064772740,68719478399,CDG
30064772740,68719478401,CDG
30064772740,68719478378,CDG
30064772740,68719478379,CDG
30064772740,68719478380,CDG
30064772740,68719478381,CDG
30064772740,68719478374,CDG
30064772740,68719478375,CDG
30064772740,68719478376,CDG
30064772740,68719478377,CDG
30064772740,68719478386,CDG
30064772740,68719478387,CDG
30064772740,68719478388,CDG
30064772740,68719478389,CDG
30064772740,68719478382,CDG
30064772740,68719478383,CDG
30064772740,68719478384,CDG
30064772740,68719478385,CDG
30064772740,25769804056,CDG
30064772740,25769804057,CDG
30064772740,25769804058,CDG
30064772740,25769804059,CDG
30064772740,25769804055,CDG
30064772740,25769804064,CDG
30064772740,25769804065,CDG
30064772740,25769804060,CDG
30064772740,25769804061,CDG
30064772740,25769804062,CDG
30064772740,25769804063,CDG
30064772821,30064772825,CDG
30064772821,30064772826,CDG
30064772821,30064772827,CDG
30064772821,30064772824,CDG
30064772821,55834575517,CDG
30064772821,55834575518,CDG
30064772821,90194313553,CDG
30064772821,90194313554,CDG
30064772821,68719478394,CDG
30064772831,55834575522,CDG
30064772831,30064772834,CDG
30064772831,30064772835,CDG
30064772831,30064772836,CDG
30064772831,30064772837,CDG
30064772831,90194313556,CDG
30064772831,90194313557,CDG
30064772831,55834575523,CDG
30064772831,68719478397,CDG
30064772841,30064772845,CDG
30064772841,30064772846,CDG
30064772841,30064772847,CDG
30064772841,30064772844,CDG
30064772841,90194313559,CDG
30064772841,90194313560,CDG
30064772841,55834575527,CDG
30064772841,55834575528,CDG
30064772841,68719478400,CDG
30064772851,30064772857,CDG
30064772851,30064772854,CDG
30064772851,30064772855,CDG
30064772851,30064772856,CDG
30064772851,90194313563,CDG
30064772851,90194313562,CDG
30064772851,55834575532,CDG
30064772851,55834575533,CDG
30064772851,68719478403,CDG
30064772861,90194313565,CDG
30064772861,90194313566,CDG
30064772861,30064772865,CDG
30064772861,30064772866,CDG
30064772861,30064772867,CDG
30064772861,30064772864,CDG
30064772861,68719478406,CDG
30064772861,55834575537,CDG
30064772861,55834575538,CDG
30064772871,90194313568,CDG
30064772871,90194313569,CDG
30064772871,30064772877,CDG
30064772871,30064772874,CDG
30064772871,30064772875,CDG
30064772871,30064772876,CDG
30064772871,68719478409,CDG
30064772871,55834575543,CDG
30064772871,55834575542,CDG
30064772881,90194313571,CDG
30064772884,30064772897,CDG
30064772884,30064772898,CDG
30064772884,30064772899,CDG
30064772884,30064772900,CDG
30064772884,30064772893,CDG
30064772884,30064772894,CDG
30064772884,30064772895,CDG
30064772884,30064772896,CDG
30064772884,30064772901,CDG
30064772884,30064772902,CDG
30064772884,90194313575,CDG
30064772884,30064772890,CDG
30064772884,30064772891,CDG
30064772884,30064772892,CDG
30064772884,90194313573,CDG
30064772884,90194313574,CDG
30064772884,68719478426,CDG
30064772884,68719478427,CDG
30064772884,68719478428,CDG
30064772884,68719478429,CDG
30064772884,68719478422,CDG
30064772884,68719478423,CDG
30064772884,68719478424,CDG
30064772884,68719478425,CDG
30064772884,68719478430,CDG
30064772884,68719478432,CDG
30064772884,68719478419,CDG
30064772884,68719478420,CDG
30064772884,68719478421,CDG
30064772884,55834575551,CDG
30064772884,55834575552,CDG
30064772884,55834575553,CDG
30064772884,55834575554,CDG
30064772884,55834575550,CDG
30064772884,25769804066,CDG
30064772902,30064772903,CDG
30064772902,90194313576,CDG
30064772902,68719478431,CDG
30064772902,55834575555,CDG
30064772924,90194313583,CDG
30064772924,90194313584,CDG
30064772924,90194313585,CDG
30064772924,90194313586,CDG
30064772924,90194313580,CDG
30064772924,90194313581,CDG
30064772924,90194313582,CDG
30064772924,30064772945,CDG
30064772924,30064772946,CDG
30064772924,30064772947,CDG
30064772924,30064772948,CDG
30064772924,30064772941,CDG
30064772924,30064772942,CDG
30064772924,30064772943,CDG
30064772924,30064772944,CDG
30064772924,30064772929,CDG
30064772924,141733920795,CDG
30064772924,30064772930,CDG
30064772924,30064772931,CDG
30064772924,30064772932,CDG
30064772924,30064772925,CDG
30064772924,30064772926,CDG
30064772924,30064772927,CDG
30064772924,30064772928,CDG
30064772924,30064772937,CDG
30064772924,30064772938,CDG
30064772924,30064772939,CDG
30064772924,30064772940,CDG
30064772924,30064772933,CDG
30064772924,30064772934,CDG
30064772924,30064772935,CDG
30064772924,30064772936,CDG
30064772924,68719478470,CDG
30064772924,68719478471,CDG
30064772924,25769804076,CDG
30064772924,25769804075,CDG
30064772924,68719478458,CDG
30064772924,68719478459,CDG
30064772924,68719478460,CDG
30064772924,68719478461,CDG
30064772924,68719478454,CDG
30064772924,68719478455,CDG
30064772924,68719478456,CDG
30064772924,68719478457,CDG
30064772924,68719478466,CDG
30064772924,68719478467,CDG
30064772924,68719478468,CDG
30064772924,68719478469,CDG
30064772924,68719478462,CDG
30064772924,68719478463,CDG
30064772924,68719478464,CDG
30064772924,68719478465,CDG
30064772924,68719478451,CDG
30064772924,68719478452,CDG
30064772924,68719478453,CDG
30064772924,55834575571,CDG
30064772924,55834575572,CDG
30064772924,55834575567,CDG
30064772924,55834575568,CDG
30064772924,55834575569,CDG
30064772924,55834575570,CDG
30064772924,55834575563,CDG
30064772924,55834575564,CDG
30064772924,55834575565,CDG
30064772924,55834575566,CDG
30064772941,90194313591,CDG
30064772941,90194313587,CDG
30064772941,90194313588,CDG
30064772941,90194313590,CDG
30064772941,30064772953,CDG
30064772941,30064772954,CDG
30064772941,30064772956,CDG
30064772941,30064772949,CDG
30064772941,30064772950,CDG
30064772941,30064772951,CDG
30064772941,30064772952,CDG
30064772941,68719478490,CDG
30064772941,68719478491,CDG
30064772941,68719478492,CDG
30064772941,68719478486,CDG
30064772941,68719478487,CDG
30064772941,68719478488,CDG
30064772941,68719478495,CDG
30064772941,68719478474,CDG
30064772941,68719478475,CDG
30064772941,68719478476,CDG
30064772941,68719478477,CDG
30064772941,68719478472,CDG
30064772941,68719478473,CDG
30064772941,68719478482,CDG
30064772941,68719478483,CDG
30064772941,68719478484,CDG
30064772941,68719478485,CDG
30064772941,68719478478,CDG
30064772941,68719478479,CDG
30064772941,68719478481,CDG
30064772941,25769804077,CDG
30064772941,30064772961,CDG
30064772941,30064772962,CDG
30064772941,30064772963,CDG
30064772941,30064772964,CDG
30064772941,30064772957,CDG
30064772941,30064772958,CDG
30064772941,30064772959,CDG
30064772941,30064772960,CDG
30064772941,30064772969,CDG
30064772941,30064772970,CDG
30064772941,30064772971,CDG
30064772941,30064772965,CDG
30064772941,30064772966,CDG
30064772941,30064772968,CDG
30064772941,55834575576,CDG
30064772941,55834575577,CDG
30064772941,55834575578,CDG
30064772941,55834575573,CDG
30064772941,55834575574,CDG
30064772941,55834575579,CDG
30064772941,55834575581,CDG
30064772954,90194313589,CDG
30064772954,30064772955,CDG
30064772954,68719478480,CDG
30064772954,55834575575,CDG
30064772966,90194313592,CDG
30064772966,68719478489,CDG
30064772966,30064772967,CDG
30064772966,55834575580,CDG
30064772971,68719478493,CDG
30064772971,68719478494,CDG
30064772971,30064772972,CDG
30064772971,55834575582,CDG
30064772977,90194313595,CDG
30064772977,90194313593,CDG
30064772977,90194313594,CDG
30064772977,141733920796,CDG
30064772977,68719478499,CDG
30064772977,68719478500,CDG
30064772977,68719478501,CDG
30064772977,25769804082,CDG
30064772977,68719478506,CDG
30064772977,68719478507,CDG
30064772977,68719478508,CDG
30064772977,68719478509,CDG
30064772977,68719478502,CDG
30064772977,68719478503,CDG
30064772977,68719478504,CDG
30064772977,68719478505,CDG
30064772977,68719478510,CDG
30064772977,55834575587,CDG
30064772977,55834575588,CDG
30064772977,55834575589,CDG
30064772977,30064772978,CDG
30064772977,30064772979,CDG
30064772977,30064772980,CDG
30064772977,30064772985,CDG
30064772977,30064772986,CDG
30064772977,30064772987,CDG
30064772977,30064772988,CDG
30064772977,30064772981,CDG
30064772977,30064772982,CDG
30064772977,30064772983,CDG
30064772977,30064772984,CDG
30064772977,55834575585,CDG
30064772977,55834575586,CDG
30064772977,30064772989,CDG
30064772977,30064772990,CDG
30064772977,30064772991,CDG
30064772991,90194313599,CDG
30064772991,90194313596,CDG
30064772991,90194313597,CDG
30064772991,90194313598,CDG
30064772991,141733920797,CDG
30064772991,68719478522,CDG
30064772991,68719478523,CDG
30064772991,25769804083,CDG
30064772991,68719478518,CDG
30064772991,68719478519,CDG
30064772991,68719478520,CDG
30064772991,68719478521,CDG
30064772991,25769804084,CDG
30064772991,68719478514,CDG
30064772991,68719478515,CDG
30064772991,68719478516,CDG
30064772991,68719478517,CDG
30064772991,68719478511,CDG
30064772991,68719478512,CDG
30064772991,68719478513,CDG
30064772991,55834575591,CDG
30064772991,55834575592,CDG
30064772991,55834575593,CDG
30064772991,55834575594,CDG
30064772991,55834575590,CDG
30064772991,55834575595,CDG
30064772991,55834575596,CDG
30064772991,30064773005,CDG
30064772991,30064773006,CDG
30064772991,30064772993,CDG
30064772991,30064772994,CDG
30064772991,30064772995,CDG
30064772991,30064772996,CDG
30064772991,30064772992,CDG
30064772991,30064773001,CDG
30064772991,30064773002,CDG
30064772991,30064773003,CDG
30064772991,30064773004,CDG
30064772991,30064772997,CDG
30064772991,30064772998,CDG
30064772991,30064772999,CDG
30064772991,30064773000,CDG
30064773001,90194313600,CDG
30064773001,90194313601,CDG
30064773001,90194313602,CDG
30064773001,68719478534,CDG
30064773001,68719478535,CDG
30064773001,68719478537,CDG
30064773001,68719478524,CDG
30064773001,68719478525,CDG
30064773001,68719478530,CDG
30064773001,68719478531,CDG
30064773001,68719478532,CDG
30064773001,68719478533,CDG
30064773001,68719478526,CDG
30064773001,68719478527,CDG
30064773001,25769804085,CDG
30064773001,68719478528,CDG
30064773001,68719478529,CDG
30064773001,55834575599,CDG
30064773001,55834575600,CDG
30064773001,55834575601,CDG
30064773001,55834575597,CDG
30064773001,55834575598,CDG
30064773001,30064773009,CDG
30064773001,30064773010,CDG
30064773001,30064773011,CDG
30064773001,30064773012,CDG
30064773001,30064773007,CDG
30064773001,30064773008,CDG
30064773001,30064773017,CDG
30064773001,30064773018,CDG
30064773001,30064773019,CDG
30064773001,30064773013,CDG
30064773001,30064773014,CDG
30064773001,30064773015,CDG
30064773001,30064773016,CDG
30064773019,90194313603,CDG
30064773019,68719478536,CDG
30064773019,55834575602,CDG
30064773019,30064773020,CDG
30064773025,68719478550,CDG
30064773025,68719478551,CDG
30064773025,68719478552,CDG
30064773025,90194313604,CDG
30064773025,90194313605,CDG
30064773025,90194313606,CDG
30064773025,68719478541,CDG
30064773025,68719478546,CDG
30064773025,68719478547,CDG
30064773025,68719478548,CDG
30064773025,68719478549,CDG
30064773025,68719478542,CDG
30064773025,68719478543,CDG
30064773025,68719478544,CDG
30064773025,68719478545,CDG
30064773025,141733920798,CDG
30064773025,25769804091,CDG
30064773025,55834575607,CDG
30064773025,55834575608,CDG
30064773025,55834575609,CDG
30064773025,30064773037,CDG
30064773025,30064773038,CDG
30064773025,30064773039,CDG
30064773025,55834575605,CDG
30064773025,55834575606,CDG
30064773025,30064773026,CDG
30064773025,30064773027,CDG
30064773025,30064773028,CDG
30064773025,30064773033,CDG
30064773025,30064773034,CDG
30064773025,30064773035,CDG
30064773025,30064773036,CDG
30064773025,30064773029,CDG
30064773025,30064773030,CDG
30064773025,30064773031,CDG
30064773025,30064773032,CDG
30064773039,68719478554,CDG
30064773039,68719478555,CDG
30064773039,68719478556,CDG
30064773039,68719478557,CDG
30064773039,68719478553,CDG
30064773039,68719478562,CDG
30064773039,90194313607,CDG
30064773039,68719478563,CDG
30064773039,90194313608,CDG
30064773039,68719478564,CDG
30064773039,90194313609,CDG
30064773039,68719478565,CDG
30064773039,90194313610,CDG
30064773039,68719478558,CDG
30064773039,68719478559,CDG
30064773039,68719478560,CDG
30064773039,68719478561,CDG
30064773039,25769804092,CDG
30064773039,25769804093,CDG
30064773039,25769804094,CDG
30064773039,68719478570,CDG
30064773039,68719478571,CDG
30064773039,68719478572,CDG
30064773039,68719478573,CDG
30064773039,68719478566,CDG
30064773039,90194313611,CDG
30064773039,68719478567,CDG
30064773039,68719478568,CDG
30064773039,68719478569,CDG
30064773039,68719478578,CDG
30064773039,68719478579,CDG
30064773039,68719478574,CDG
30064773039,141733920799,CDG
30064773039,68719478575,CDG
30064773039,68719478576,CDG
30064773039,68719478577,CDG
30064773039,30064773041,CDG
30064773039,30064773042,CDG
30064773039,30064773043,CDG
30064773039,30064773044,CDG
30064773039,55834575610,CDG
30064773039,30064773040,CDG
30064773039,30064773049,CDG
30064773039,55834575615,CDG
30064773039,30064773050,CDG
30064773039,55834575616,CDG
30064773039,30064773051,CDG
30064773039,55834575617,CDG
30064773039,30064773052,CDG
30064773039,55834575618,CDG
30064773039,30064773045,CDG
30064773039,55834575611,CDG
30064773039,30064773046,CDG
30064773039,55834575612,CDG
30064773039,30064773047,CDG
30064773039,55834575613,CDG
30064773039,30064773048,CDG
30064773039,55834575614,CDG
30064773039,30064773057,CDG
30064773039,30064773058,CDG
30064773039,30064773059,CDG
30064773039,30064773060,CDG
30064773039,30064773053,CDG
30064773039,55834575619,CDG
30064773039,30064773054,CDG
30064773039,55834575620,CDG
30064773039,30064773055,CDG
30064773039,55834575621,CDG
30064773039,30064773056,CDG
30064773039,30064773065,CDG
30064773039,30064773066,CDG
30064773039,30064773067,CDG
30064773039,30064773068,CDG
30064773039,30064773061,CDG
30064773039,30064773062,CDG
30064773039,30064773063,CDG
30064773039,30064773064,CDG
30064773057,25769804095,CDG
30064773057,68719478586,CDG
30064773057,68719478587,CDG
30064773057,68719478588,CDG
30064773057,68719478589,CDG
30064773057,68719478582,CDG
30064773057,68719478583,CDG
30064773057,68719478584,CDG
30064773057,68719478585,CDG
30064773057,68719478590,CDG
30064773057,68719478591,CDG
30064773057,68719478593,CDG
30064773057,90194313612,CDG
30064773057,90194313613,CDG
30064773057,90194313614,CDG
30064773057,68719478580,CDG
30064773057,68719478581,CDG
30064773057,30064773073,CDG
30064773057,30064773074,CDG
30064773057,30064773075,CDG
30064773057,30064773076,CDG
30064773057,30064773069,CDG
30064773057,30064773070,CDG
30064773057,30064773071,CDG
30064773057,30064773072,CDG
30064773057,30064773081,CDG
30064773057,30064773077,CDG
30064773057,30064773078,CDG
30064773057,30064773079,CDG
30064773057,30064773080,CDG
30064773057,55834575623,CDG
30064773057,55834575624,CDG
30064773057,55834575625,CDG
30064773057,55834575626,CDG
30064773057,55834575622,CDG
30064773081,68719478592,CDG
30064773081,90194313615,CDG
30064773081,30064773082,CDG
30064773081,55834575627,CDG
30064773089,90194313617,CDG
30064773093,25769804101,CDG
30064773093,25769804102,CDG
30064773093,55834575639,CDG
30064773093,55834575635,CDG
30064773093,55834575636,CDG
30064773093,55834575637,CDG
30064773093,55834575638,CDG
30064773093,90194313618,CDG
30064773093,55834575632,CDG
30064773093,55834575633,CDG
30064773093,55834575634,CDG
30064773093,90194313619,CDG
30064773093,90194313620,CDG
30064773093,141733920800,CDG
30064773093,90194313621,CDG
30064773093,30064773105,CDG
30064773093,30064773106,CDG
30064773093,30064773107,CDG
30064773093,30064773108,CDG
30064773093,30064773101,CDG
30064773093,68719478614,CDG
30064773093,30064773102,CDG
30064773093,68719478615,CDG
30064773093,30064773103,CDG
30064773093,68719478616,CDG
30064773093,30064773104,CDG
30064773093,30064773109,CDG
30064773093,30064773110,CDG
30064773093,30064773111,CDG
30064773093,30064773112,CDG
30064773093,68719478602,CDG
30064773093,68719478603,CDG
30064773093,68719478604,CDG
30064773093,68719478605,CDG
30064773093,68719478599,CDG
30064773093,68719478600,CDG
30064773093,68719478601,CDG
30064773093,30064773097,CDG
30064773093,68719478610,CDG
30064773093,30064773098,CDG
30064773093,68719478611,CDG
30064773093,30064773099,CDG
30064773093,68719478612,CDG
30064773093,30064773100,CDG
30064773093,68719478613,CDG
30064773093,68719478606,CDG
30064773093,30064773094,CDG
30064773093,68719478607,CDG
30064773093,30064773095,CDG
30064773093,68719478608,CDG
30064773093,30064773096,CDG
30064773093,68719478609,CDG
30064773107,25769804103,CDG
30064773107,55834575640,CDG
30064773107,55834575641,CDG
30064773107,55834575642,CDG
30064773107,55834575643,CDG
30064773107,55834575644,CDG
30064773107,90194313623,CDG
30064773107,90194313624,CDG
30064773107,90194313622,CDG
30064773107,68719478618,CDG
30064773107,68719478619,CDG
30064773107,68719478620,CDG
30064773107,68719478621,CDG
30064773107,68719478617,CDG
30064773107,30064773113,CDG
30064773107,68719478626,CDG
30064773107,30064773114,CDG
30064773107,68719478627,CDG
30064773107,30064773115,CDG
30064773107,68719478628,CDG
30064773107,30064773116,CDG
30064773107,68719478622,CDG
30064773107,68719478623,CDG
30064773107,68719478624,CDG
30064773107,68719478625,CDG
30064773107,30064773121,CDG
30064773107,30064773122,CDG
30064773107,30064773123,CDG
30064773107,30064773124,CDG
30064773107,30064773117,CDG
30064773107,68719478630,CDG
30064773107,30064773118,CDG
30064773107,30064773119,CDG
30064773107,30064773120,CDG
30064773107,30064773125,CDG
30064773125,55834575645,CDG
30064773125,90194313625,CDG
30064773125,68719478629,CDG
30064773125,30064773126,CDG
30064773153,30064773169,CDG
30064773153,30064773170,CDG
30064773153,30064773171,CDG
30064773153,25769804114,CDG
30064773153,30064773172,CDG
30064773153,25769804115,CDG
30064773153,30064773165,CDG
30064773153,30064773166,CDG
30064773153,30064773167,CDG
30064773153,30064773168,CDG
30064773153,30064773177,CDG
30064773153,30064773173,CDG
30064773153,30064773174,CDG
30064773153,30064773175,CDG
30064773153,30064773176,CDG
30064773153,30064773154,CDG
30064773153,30064773155,CDG
30064773153,30064773156,CDG
30064773153,30064773161,CDG
30064773153,30064773162,CDG
30064773153,30064773163,CDG
30064773153,30064773164,CDG
30064773153,30064773157,CDG
30064773153,30064773158,CDG
30064773153,30064773159,CDG
30064773153,30064773160,CDG
30064773153,90194313631,CDG
30064773153,90194313632,CDG
30064773153,90194313633,CDG
30064773153,90194313634,CDG
30064773153,90194313630,CDG
30064773153,90194313635,CDG
30064773153,90194313636,CDG
30064773153,141733920801,CDG
30064773153,55834575655,CDG
30064773153,55834575656,CDG
30064773153,55834575657,CDG
30064773153,55834575658,CDG
30064773153,55834575654,CDG
30064773153,55834575663,CDG
30064773153,55834575659,CDG
30064773153,55834575660,CDG
30064773153,55834575661,CDG
30064773153,55834575662,CDG
30064773153,68719478678,CDG
30064773153,68719478666,CDG
30064773153,68719478667,CDG
30064773153,68719478668,CDG
30064773153,68719478669,CDG
30064773153,68719478662,CDG
30064773153,68719478663,CDG
30064773153,68719478664,CDG
30064773153,68719478665,CDG
30064773153,68719478674,CDG
30064773153,68719478675,CDG
30064773153,68719478676,CDG
30064773153,68719478677,CDG
30064773153,68719478670,CDG
30064773153,68719478671,CDG
30064773153,68719478672,CDG
30064773153,68719478673,CDG
30064773153,68719478658,CDG
30064773153,68719478659,CDG
30064773153,68719478660,CDG
30064773153,68719478661,CDG
30064773170,30064773178,CDG
30064773170,30064773179,CDG
30064773170,30064773180,CDG
30064773170,25769804116,CDG
30064773170,90194313639,CDG
30064773170,90194313637,CDG
30064773170,90194313638,CDG
30064773170,30064773185,CDG
30064773170,30064773186,CDG
30064773170,30064773187,CDG
30064773170,30064773188,CDG
30064773170,30064773181,CDG
30064773170,30064773182,CDG
30064773170,30064773183,CDG
30064773170,30064773184,CDG
30064773170,30064773189,CDG
30064773170,30064773190,CDG
30064773170,55834575667,CDG
30064773170,55834575668,CDG
30064773170,55834575664,CDG
30064773170,55834575665,CDG
30064773170,55834575666,CDG
30064773170,68719478682,CDG
30064773170,68719478683,CDG
30064773170,68719478684,CDG
30064773170,68719478685,CDG
30064773170,68719478679,CDG
30064773170,68719478680,CDG
30064773170,68719478681,CDG
30064773170,68719478690,CDG
30064773170,68719478692,CDG
30064773170,68719478686,CDG
30064773170,68719478687,CDG
30064773170,68719478688,CDG
30064773170,68719478689,CDG
30064773190,90194313640,CDG
30064773190,30064773191,CDG
30064773190,55834575669,CDG
30064773190,68719478691,CDG
30064773196,25769804121,CDG
30064773196,30064773201,CDG
30064773196,30064773202,CDG
30064773196,30064773203,CDG
30064773196,30064773204,CDG
30064773196,30064773197,CDG
30064773196,30064773198,CDG
30064773196,30064773199,CDG
30064773196,30064773200,CDG
30064773196,30064773209,CDG
30064773196,30064773210,CDG
30064773196,30064773211,CDG
30064773196,90194313641,CDG
30064773196,30064773212,CDG
30064773196,90194313642,CDG
30064773196,30064773205,CDG
30064773196,30064773206,CDG
30064773196,30064773207,CDG
30064773196,30064773208,CDG
30064773196,141733920802,CDG
30064773196,55834575672,CDG
30064773196,55834575673,CDG
30064773196,55834575674,CDG
30064773196,55834575675,CDG
30064773196,55834575676,CDG
30064773196,55834575677,CDG
30064773196,68719478710,CDG
30064773196,68719478698,CDG
30064773196,68719478699,CDG
30064773196,68719478700,CDG
30064773196,68719478701,CDG
30064773196,68719478696,CDG
30064773196,68719478697,CDG
30064773196,68719478706,CDG
30064773196,68719478707,CDG
30064773196,68719478708,CDG
30064773196,68719478709,CDG
30064773196,68719478702,CDG
30064773196,68719478703,CDG
30064773196,68719478704,CDG
30064773196,68719478705,CDG
30064773196,30064773213,CDG
30064773196,90194313643,CDG
30064773196,90194313644,CDG
30064773196,90194313645,CDG
30064773213,25769804122,CDG
30064773213,25769804123,CDG
30064773213,141733920803,CDG
30064773213,55834575679,CDG
30064773213,55834575680,CDG
30064773213,55834575681,CDG
30064773213,55834575682,CDG
30064773213,55834575678,CDG
30064773213,55834575683,CDG
30064773213,55834575684,CDG
30064773213,68719478714,CDG
30064773213,68719478715,CDG
30064773213,68719478716,CDG
30064773213,68719478717,CDG
30064773213,68719478711,CDG
30064773213,68719478712,CDG
30064773213,68719478713,CDG
30064773213,68719478722,CDG
30064773213,68719478723,CDG
30064773213,68719478718,CDG
30064773213,68719478719,CDG
30064773213,68719478720,CDG
30064773213,68719478721,CDG
30064773213,30064773217,CDG
30064773213,90194313647,CDG
30064773213,30064773218,CDG
30064773213,90194313648,CDG
30064773213,30064773219,CDG
30064773213,90194313649,CDG
30064773213,30064773220,CDG
30064773213,30064773214,CDG
30064773213,30064773215,CDG
30064773213,30064773216,CDG
30064773213,90194313646,CDG
30064773213,30064773225,CDG
30064773213,30064773226,CDG
30064773213,30064773227,CDG
30064773213,30064773228,CDG
30064773213,30064773221,CDG
30064773213,30064773222,CDG
30064773213,30064773223,CDG
30064773213,30064773224,CDG
30064773223,25769804124,CDG
30064773223,68719478730,CDG
30064773223,68719478731,CDG
30064773223,68719478732,CDG
30064773223,68719478733,CDG
30064773223,68719478726,CDG
30064773223,68719478727,CDG
30064773223,68719478728,CDG
30064773223,68719478729,CDG
30064773223,68719478734,CDG
30064773223,68719478735,CDG
30064773223,68719478737,CDG
30064773223,55834575687,CDG
30064773223,55834575688,CDG
30064773223,55834575689,CDG
30064773223,55834575685,CDG
30064773223,55834575686,CDG
30064773223,68719478724,CDG
30064773223,68719478725,CDG
30064773223,30064773233,CDG
30064773223,30064773234,CDG
30064773223,30064773235,CDG
30064773223,30064773236,CDG
30064773223,30064773229,CDG
30064773223,30064773230,CDG
30064773223,30064773231,CDG
30064773223,30064773232,CDG
30064773223,30064773241,CDG
30064773223,30064773237,CDG
30064773223,30064773238,CDG
30064773223,30064773239,CDG
30064773223,30064773240,CDG
30064773223,90194313650,CDG
30064773223,90194313651,CDG
30064773223,90194313652,CDG
30064773241,68719478736,CDG
30064773241,55834575690,CDG
30064773241,30064773242,CDG
30064773241,90194313653,CDG
30064773263,141733920804,CDG
30064773263,25769804134,CDG
30064773263,25769804135,CDG
30064773263,55834575703,CDG
30064773263,68719478778,CDG
30064773263,55834575704,CDG
30064773263,68719478779,CDG
30064773263,55834575705,CDG
30064773263,55834575706,CDG
30064773263,55834575699,CDG
30064773263,68719478774,CDG
30064773263,55834575700,CDG
30064773263,68719478775,CDG
30064773263,55834575701,CDG
30064773263,68719478776,CDG
30064773263,55834575702,CDG
30064773263,68719478777,CDG
30064773263,68719478762,CDG
30064773263,68719478763,CDG
30064773263,68719478764,CDG
30064773263,68719478765,CDG
30064773263,68719478759,CDG
30064773263,68719478760,CDG
30064773263,68719478761,CDG
30064773263,68719478770,CDG
30064773263,68719478771,CDG
30064773263,55834575697,CDG
30064773263,68719478772,CDG
30064773263,55834575698,CDG
30064773263,68719478773,CDG
30064773263,68719478766,CDG
30064773263,68719478767,CDG
30064773263,68719478768,CDG
30064773263,68719478769,CDG
30064773263,30064773281,CDG
30064773263,30064773282,CDG
30064773263,30064773283,CDG
30064773263,30064773284,CDG
30064773263,30064773277,CDG
30064773263,30064773278,CDG
30064773263,30064773279,CDG
30064773263,30064773280,CDG
30064773263,30064773285,CDG
30064773263,30064773286,CDG
30064773263,30064773287,CDG
30064773263,90194313663,CDG
30064773263,90194313664,CDG
30064773263,90194313665,CDG
30064773263,90194313659,CDG
30064773263,90194313660,CDG
30064773263,90194313661,CDG
30064773263,90194313662,CDG
30064773263,30064773265,CDG
30064773263,30064773266,CDG
30064773263,30064773267,CDG
30064773263,30064773268,CDG
30064773263,30064773264,CDG
30064773263,30064773273,CDG
30064773263,30064773274,CDG
30064773263,30064773275,CDG
30064773263,30064773276,CDG
30064773263,30064773269,CDG
30064773263,30064773270,CDG
30064773263,30064773271,CDG
30064773263,30064773272,CDG
30064773280,68719478794,CDG
30064773280,68719478795,CDG
30064773280,55834575715,CDG
30064773280,68719478790,CDG
30064773280,68719478791,CDG
30064773280,68719478792,CDG
30064773280,68719478793,CDG
30064773280,25769804136,CDG
30064773280,68719478780,CDG
30064773280,68719478781,CDG
30064773280,55834575711,CDG
30064773280,68719478786,CDG
30064773280,55834575712,CDG
30064773280,68719478787,CDG
30064773280,55834575713,CDG
30064773280,68719478788,CDG
30064773280,55834575714,CDG
30064773280,68719478789,CDG
30064773280,55834575707,CDG
30064773280,68719478782,CDG
30064773280,55834575708,CDG
30064773280,68719478783,CDG
30064773280,55834575709,CDG
30064773280,68719478784,CDG
30064773280,55834575710,CDG
30064773280,68719478785,CDG
30064773280,30064773297,CDG
30064773280,30064773298,CDG
30064773280,30064773299,CDG
30064773280,30064773300,CDG
30064773280,30064773293,CDG
30064773280,30064773294,CDG
30064773280,30064773295,CDG
30064773280,30064773296,CDG
30064773280,30064773301,CDG
30064773280,30064773302,CDG
30064773280,30064773303,CDG
30064773280,30064773304,CDG
30064773280,30064773289,CDG
30064773280,30064773290,CDG
30064773280,30064773291,CDG
30064773280,30064773292,CDG
30064773280,30064773288,CDG
30064773280,90194313666,CDG
30064773280,90194313667,CDG
30064773280,90194313668,CDG
30064773280,90194313669,CDG
30064773280,90194313670,CDG
30064773309,68719478810,CDG
30064773309,68719478806,CDG
30064773309,68719478807,CDG
30064773309,68719478808,CDG
30064773309,68719478809,CDG
30064773309,55834575719,CDG
30064773309,55834575720,CDG
30064773309,55834575721,CDG
30064773309,55834575722,CDG
30064773309,55834575718,CDG
30064773309,68719478802,CDG
30064773309,68719478803,CDG
30064773309,68719478804,CDG
30064773309,68719478805,CDG
30064773309,68719478799,CDG
30064773309,68719478800,CDG
30064773309,68719478801,CDG
30064773309,25769804141,CDG
30064773309,141733920805,CDG
30064773309,30064773313,CDG
30064773309,30064773314,CDG
30064773309,30064773315,CDG
30064773309,30064773316,CDG
30064773309,30064773310,CDG
30064773309,30064773311,CDG
30064773309,30064773312,CDG
30064773309,30064773321,CDG
30064773309,30064773322,CDG
30064773309,30064773323,CDG
30064773309,30064773317,CDG
30064773309,30064773318,CDG
30064773309,30064773319,CDG
30064773309,30064773320,CDG
30064773309,90194313672,CDG
30064773309,90194313673,CDG
30064773309,90194313674,CDG
30064773323,68719478811,CDG
30064773323,68719478812,CDG
30064773323,68719478813,CDG
30064773323,68719478818,CDG
30064773323,68719478819,CDG
30064773323,68719478820,CDG
30064773323,68719478821,CDG
30064773323,68719478814,CDG
30064773323,68719478815,CDG
30064773323,68719478816,CDG
30064773323,68719478817,CDG
30064773323,55834575727,CDG
30064773323,55834575728,CDG
30064773323,55834575729,CDG
30064773323,55834575723,CDG
30064773323,55834575724,CDG
30064773323,55834575725,CDG
30064773323,55834575726,CDG
30064773323,25769804142,CDG
30064773323,25769804143,CDG
30064773323,68719478822,CDG
30064773323,68719478823,CDG
30064773323,141733920806,CDG
30064773323,30064773329,CDG
30064773323,30064773330,CDG
30064773323,30064773331,CDG
30064773323,30064773332,CDG
30064773323,30064773325,CDG
30064773323,30064773326,CDG
30064773323,30064773327,CDG
30064773323,30064773328,CDG
30064773323,30064773337,CDG
30064773323,30064773338,CDG
30064773323,30064773333,CDG
30064773323,30064773334,CDG
30064773323,30064773335,CDG
30064773323,30064773336,CDG
30064773323,30064773324,CDG
30064773323,90194313675,CDG
30064773323,90194313676,CDG
30064773323,90194313677,CDG
30064773323,90194313678,CDG
30064773333,55834575735,CDG
30064773333,55834575736,CDG
30064773333,55834575731,CDG
30064773333,55834575732,CDG
30064773333,55834575733,CDG
30064773333,55834575734,CDG
30064773333,55834575730,CDG
30064773333,25769804144,CDG
30064773333,68719478826,CDG
30064773333,68719478827,CDG
30064773333,68719478828,CDG
30064773333,68719478829,CDG
30064773333,68719478824,CDG
30064773333,68719478825,CDG
30064773333,68719478834,CDG
30064773333,68719478835,CDG
30064773333,68719478836,CDG
30064773333,68719478830,CDG
30064773333,68719478831,CDG
30064773333,68719478832,CDG
30064773333,68719478833,CDG
30064773333,30064773345,CDG
30064773333,30064773346,CDG
30064773333,30064773347,CDG
30064773333,30064773348,CDG
30064773333,30064773341,CDG
30064773333,30064773342,CDG
30064773333,30064773343,CDG
30064773333,30064773344,CDG
30064773333,30064773349,CDG
30064773333,30064773350,CDG
30064773333,30064773351,CDG
30064773333,30064773352,CDG
30064773333,30064773339,CDG
30064773333,30064773340,CDG
30064773333,90194313679,CDG
30064773333,90194313680,CDG
30064773333,90194313681,CDG
30064773333,90194313682,CDG
30064773357,55834575743,CDG
30064773357,55834575739,CDG
30064773357,55834575740,CDG
30064773357,55834575741,CDG
30064773357,55834575742,CDG
30064773357,68719478842,CDG
30064773357,68719478843,CDG
30064773357,68719478844,CDG
30064773357,68719478845,CDG
30064773357,141733920807,CDG
30064773357,68719478840,CDG
30064773357,68719478841,CDG
30064773357,68719478850,CDG
30064773357,68719478851,CDG
30064773357,68719478846,CDG
30064773357,68719478847,CDG
30064773357,68719478848,CDG
30064773357,25769804150,CDG
30064773357,68719478849,CDG
30064773357,30064773361,CDG
30064773357,30064773362,CDG
30064773357,30064773363,CDG
30064773357,30064773364,CDG
30064773357,30064773358,CDG
30064773357,30064773359,CDG
30064773357,30064773360,CDG
30064773357,30064773369,CDG
30064773357,30064773370,CDG
30064773357,30064773371,CDG
30064773357,30064773365,CDG
30064773357,30064773366,CDG
30064773357,30064773367,CDG
30064773357,30064773368,CDG
30064773357,90194313684,CDG
30064773357,90194313685,CDG
30064773357,90194313686,CDG
30064773371,55834575744,CDG
30064773371,55834575745,CDG
30064773371,55834575746,CDG
30064773371,141733920808,CDG
30064773371,25769804152,CDG
30064773371,68719478852,CDG
30064773371,68719478853,CDG
30064773371,25769804151,CDG
30064773371,55834575747,CDG
30064773371,55834575748,CDG
30064773371,55834575749,CDG
30064773371,55834575750,CDG
30064773371,30064773372,CDG
30064773371,30064773377,CDG
30064773371,30064773378,CDG
30064773371,30064773379,CDG
30064773371,30064773380,CDG
30064773371,30064773373,CDG
30064773371,30064773374,CDG
30064773371,30064773375,CDG
30064773371,30064773376,CDG
30064773371,30064773385,CDG
30064773371,30064773386,CDG
30064773371,30064773381,CDG
30064773371,30064773382,CDG
30064773371,30064773383,CDG
30064773371,30064773384,CDG
30064773371,68719478858,CDG
30064773371,68719478859,CDG
30064773371,68719478860,CDG
30064773371,68719478861,CDG
30064773371,68719478854,CDG
30064773371,68719478855,CDG
30064773371,68719478856,CDG
30064773371,68719478857,CDG
30064773371,68719478862,CDG
30064773371,68719478863,CDG
30064773371,68719478864,CDG
30064773371,90194313687,CDG
30064773371,90194313688,CDG
30064773371,90194313689,CDG
30064773371,90194313690,CDG
30064773381,25769804153,CDG
30064773381,55834575751,CDG
30064773381,55834575752,CDG
30064773381,55834575753,CDG
30064773381,55834575754,CDG
30064773381,55834575755,CDG
30064773381,55834575756,CDG
30064773381,55834575757,CDG
30064773381,30064773393,CDG
30064773381,30064773394,CDG
30064773381,30064773395,CDG
30064773381,30064773396,CDG
30064773381,30064773389,CDG
30064773381,30064773390,CDG
30064773381,30064773391,CDG
30064773381,30064773392,CDG
30064773381,30064773397,CDG
30064773381,30064773398,CDG
30064773381,30064773399,CDG
30064773381,30064773400,CDG
30064773381,30064773387,CDG
30064773381,30064773388,CDG
30064773381,68719478874,CDG
30064773381,68719478875,CDG
30064773381,68719478876,CDG
30064773381,68719478877,CDG
30064773381,68719478870,CDG
30064773381,68719478871,CDG
30064773381,68719478872,CDG
30064773381,68719478873,CDG
30064773381,68719478866,CDG
30064773381,68719478867,CDG
30064773381,68719478868,CDG
30064773381,68719478869,CDG
30064773381,68719478865,CDG
30064773381,90194313691,CDG
30064773381,90194313692,CDG
30064773381,90194313693,CDG
30064773381,90194313694,CDG
30064773407,30064773409,CDG
30064773407,30064773410,CDG
30064773407,30064773411,CDG
30064773407,30064773412,CDG
30064773407,55834575763,CDG
30064773407,55834575762,CDG
30064773407,68719478882,CDG
30064773407,90194313696,CDG
30064773407,90194313697,CDG
30064773407,90194313698,CDG
30064773413,30064773425,CDG
30064773413,30064773426,CDG
30064773413,30064773427,CDG
30064773413,30064773428,CDG
30064773413,30064773421,CDG
30064773413,30064773422,CDG
30064773413,30064773423,CDG
30064773413,30064773424,CDG
30064773413,30064773429,CDG
30064773413,30064773430,CDG
30064773413,30064773431,CDG
30064773413,30064773432,CDG
30064773413,30064773417,CDG
30064773413,30064773418,CDG
30064773413,30064773419,CDG
30064773413,30064773420,CDG
30064773413,30064773414,CDG
30064773413,30064773415,CDG
30064773413,30064773416,CDG
30064773413,55834575767,CDG
30064773413,55834575768,CDG
30064773413,55834575769,CDG
30064773413,55834575770,CDG
30064773413,55834575764,CDG
30064773413,55834575765,CDG
30064773413,141733920809,CDG
30064773413,55834575766,CDG
30064773413,55834575771,CDG
30064773413,68719478884,CDG
30064773413,68719478885,CDG
30064773413,25769804160,CDG
30064773413,25769804159,CDG
30064773413,90194313699,CDG
30064773413,90194313700,CDG
30064773413,90194313701,CDG
30064773413,90194313702,CDG
30064773413,68719478890,CDG
30064773413,68719478891,CDG
30064773413,68719478892,CDG
30064773413,68719478893,CDG
30064773413,68719478886,CDG
30064773413,68719478887,CDG
30064773413,68719478888,CDG
30064773413,68719478889,CDG
30064773413,68719478898,CDG
30064773413,68719478899,CDG
30064773413,68719478900,CDG
30064773413,68719478901,CDG
30064773413,68719478894,CDG
30064773413,68719478895,CDG
30064773413,68719478896,CDG
30064773413,68719478897,CDG
30064773427,30064773433,CDG
30064773427,30064773434,CDG
30064773427,30064773435,CDG
30064773427,30064773436,CDG
30064773427,55834575775,CDG
30064773427,55834575776,CDG
30064773427,55834575777,CDG
30064773427,55834575778,CDG
30064773427,55834575772,CDG
30064773427,55834575773,CDG
30064773427,55834575774,CDG
30064773427,30064773441,CDG
30064773427,30064773442,CDG
30064773427,30064773443,CDG
30064773427,30064773444,CDG
30064773427,30064773437,CDG
30064773427,30064773438,CDG
30064773427,30064773439,CDG
30064773427,30064773440,CDG
30064773427,30064773445,CDG
30064773427,30064773446,CDG
30064773427,25769804161,CDG
30064773427,68719478906,CDG
30064773427,68719478907,CDG
30064773427,68719478908,CDG
30064773427,68719478909,CDG
30064773427,68719478902,CDG
30064773427,68719478903,CDG
30064773427,68719478904,CDG
30064773427,68719478905,CDG
30064773427,68719478914,CDG
30064773427,90194313703,CDG
30064773427,90194313704,CDG
30064773427,90194313705,CDG
30064773427,90194313706,CDG
30064773427,68719478910,CDG
30064773427,68719478911,CDG
30064773427,68719478912,CDG
30064773427,68719478913,CDG
30064773482,30064773489,CDG
30064773482,30064773490,CDG
30064773482,30064773491,CDG
30064773482,30064773485,CDG
30064773482,25769804172,CDG
30064773482,30064773486,CDG
30064773482,30064773487,CDG
30064773482,30064773488,CDG
30064773482,68719478946,CDG
30064773482,68719478947,CDG
30064773482,68719478948,CDG
30064773482,68719478949,CDG
30064773482,68719478945,CDG
30064773482,90194313711,CDG
30064773482,68719478950,CDG
30064773482,68719478951,CDG
30064773482,68719478952,CDG
30064773482,30064773484,CDG
30064773482,55834575787,CDG
30064773482,55834575788,CDG
30064773482,55834575789,CDG
30064773482,55834575790,CDG
30064773498,90194313712,CDG
30064773498,90194313713,CDG
30064773498,68719478970,CDG
30064773498,68719478971,CDG
30064773498,68719478972,CDG
30064773498,68719478966,CDG
30064773498,68719478967,CDG
30064773498,68719478968,CDG
30064773498,68719478969,CDG
30064773498,141733920810,CDG
30064773498,68719478962,CDG
30064773498,68719478963,CDG
30064773498,68719478964,CDG
30064773498,68719478965,CDG
30064773498,25769804177,CDG
30064773498,55834575795,CDG
30064773498,55834575796,CDG
30064773498,55834575793,CDG
30064773498,55834575794,CDG
30064773498,30064773505,CDG
30064773498,30064773506,CDG
30064773498,30064773507,CDG
30064773498,30064773508,CDG
30064773498,30064773501,CDG
30064773498,30064773502,CDG
30064773498,30064773503,CDG
30064773498,30064773504,CDG
30064773498,30064773509,CDG
30064773498,30064773510,CDG
30064773498,30064773511,CDG
30064773498,30064773512,CDG
30064773499,68719478961,CDG
30064773499,30064773500,CDG
30064773512,90194313714,CDG
30064773512,90194313715,CDG
30064773512,141733920811,CDG
30064773512,68719478973,CDG
30064773512,68719478978,CDG
30064773512,68719478979,CDG
30064773512,68719478980,CDG
30064773512,68719478981,CDG
30064773512,68719478974,CDG
30064773512,68719478975,CDG
30064773512,68719478976,CDG
30064773512,68719478977,CDG
30064773512,55834575799,CDG
30064773512,55834575800,CDG
30064773512,25769804178,CDG
30064773512,55834575797,CDG
30064773512,55834575798,CDG
30064773512,30064773521,CDG
30064773512,30064773517,CDG
30064773512,30064773518,CDG
30064773512,30064773519,CDG
30064773512,30064773520,CDG
30064773512,30064773513,CDG
30064773512,30064773514,CDG
30064773512,30064773515,CDG
30064773512,30064773516,CDG
30064773520,90194313716,CDG
30064773520,55834575801,CDG
30064773520,55834575802,CDG
30064773520,25769804179,CDG
30064773520,55834575803,CDG
30064773520,55834575804,CDG
30064773520,68719478986,CDG
30064773520,68719478987,CDG
30064773520,68719478988,CDG
30064773520,68719478989,CDG
30064773520,68719478982,CDG
30064773520,68719478983,CDG
30064773520,68719478984,CDG
30064773520,68719478985,CDG
30064773520,30064773522,CDG
30064773520,30064773523,CDG
30064773520,30064773524,CDG
30064773520,30064773529,CDG
30064773520,30064773525,CDG
30064773520,30064773526,CDG
30064773520,30064773527,CDG
30064773520,30064773528,CDG
30064773534,68719479002,CDG
30064773534,68719479003,CDG
30064773534,68719478998,CDG
30064773534,68719478999,CDG
30064773534,68719479000,CDG
30064773534,68719479001,CDG
30064773534,55834575807,CDG
30064773534,55834575808,CDG
30064773534,25769804185,CDG
30064773534,55834575809,CDG
30064773534,55834575810,CDG
30064773534,30064773537,CDG
30064773534,30064773538,CDG
30064773534,30064773539,CDG
30064773534,30064773540,CDG
30064773534,30064773536,CDG
30064773534,68719478996,CDG
30064773534,68719478997,CDG
30064773534,30064773541,CDG
30064773534,30064773542,CDG
30064773534,30064773543,CDG
30064773534,90194313717,CDG
30064773548,30064773553,CDG
30064773548,30064773554,CDG
30064773548,30064773555,CDG
30064773548,30064773556,CDG
30064773548,30064773550,CDG
30064773548,30064773551,CDG
30064773548,30064773552,CDG
30064773548,68719479010,CDG
30064773548,68719479011,CDG
30064773548,68719479012,CDG
30064773548,68719479013,CDG
30064773548,30064773557,CDG
30064773548,55834575815,CDG
30064773548,55834575816,CDG
30064773548,68719479014,CDG
30064773548,68719479015,CDG
30064773548,25769804189,CDG
30064773548,55834575813,CDG
30064773548,68719479016,CDG
30064773548,55834575814,CDG
30064773548,68719479017,CDG
30064773548,90194313718,CDG
30064773564,90194313719,CDG
30064773564,90194313720,CDG
30064773564,141733920812,CDG
30064773564,30064773569,CDG
30064773564,30064773570,CDG
30064773564,30064773571,CDG
30064773564,30064773572,CDG
30064773564,30064773567,CDG
30064773564,30064773568,CDG
30064773564,30064773577,CDG
30064773564,30064773578,CDG
30064773564,30064773579,CDG
30064773564,30064773573,CDG
30064773564,30064773574,CDG
30064773564,30064773575,CDG
30064773564,30064773576,CDG
30064773564,68719479034,CDG
30064773564,68719479035,CDG
30064773564,68719479036,CDG
30064773564,68719479037,CDG
30064773564,68719479030,CDG
30064773564,68719479031,CDG
30064773564,68719479032,CDG
30064773564,68719479033,CDG
30064773564,68719479038,CDG
30064773564,68719479039,CDG
30064773564,25769804194,CDG
30064773564,55834575823,CDG
30064773564,68719479027,CDG
30064773564,68719479028,CDG
30064773564,68719479029,CDG
30064773564,55834575819,CDG
30064773564,55834575820,CDG
30064773564,55834575821,CDG
30064773564,55834575822,CDG
30064773565,30064773566,CDG
30064773565,68719479026,CDG
30064773578,68719479046,CDG
30064773578,68719479047,CDG
30064773578,90194313721,CDG
30064773578,30064773585,CDG
30064773578,30064773586,CDG
30064773578,30064773587,CDG
30064773578,30064773581,CDG
30064773578,30064773582,CDG
30064773578,30064773583,CDG
30064773578,30064773584,CDG
30064773578,30064773580,CDG
30064773578,55834575827,CDG
30064773578,68719479042,CDG
30064773578,68719479043,CDG
30064773578,68719479044,CDG
30064773578,68719479045,CDG
30064773578,68719479040,CDG
30064773578,68719479041,CDG
30064773578,25769804195,CDG
30064773578,55834575824,CDG
30064773578,55834575825,CDG
30064773578,55834575826,CDG
30064773594,68719479066,CDG
30064773594,68719479067,CDG
30064773594,68719479068,CDG
30064773594,68719479069,CDG
30064773594,68719479062,CDG
30064773594,90194313723,CDG
30064773594,68719479063,CDG
30064773594,90194313724,CDG
30064773594,68719479064,CDG
30064773594,68719479065,CDG
30064773594,68719479070,CDG
30064773594,68719479071,CDG
30064773594,68719479058,CDG
30064773594,68719479059,CDG
30064773594,68719479060,CDG
30064773594,68719479061,CDG
30064773594,90194313722,CDG
30064773594,68719479057,CDG
30064773594,141733920813,CDG
30064773594,30064773601,CDG
30064773594,30064773602,CDG
30064773594,30064773603,CDG
30064773594,30064773604,CDG
30064773594,30064773597,CDG
30064773594,30064773598,CDG
30064773594,30064773599,CDG
30064773594,30064773600,CDG
30064773594,30064773609,CDG
30064773594,30064773610,CDG
30064773594,30064773611,CDG
30064773594,30064773612,CDG
30064773594,30064773605,CDG
30064773594,30064773606,CDG
30064773594,30064773607,CDG
30064773594,30064773608,CDG
30064773594,55834575831,CDG
30064773594,55834575832,CDG
30064773594,55834575833,CDG
30064773594,55834575834,CDG
30064773594,55834575830,CDG
30064773594,55834575835,CDG
30064773594,55834575836,CDG
30064773594,25769804201,CDG
30064773594,25769804202,CDG
30064773595,68719479056,CDG
30064773595,30064773596,CDG
30064773607,90194313725,CDG
30064773607,68719479074,CDG
30064773607,68719479075,CDG
30064773607,68719479076,CDG
30064773607,68719479077,CDG
30064773607,68719479072,CDG
30064773607,68719479073,CDG
30064773607,68719479078,CDG
30064773607,68719479079,CDG
30064773607,30064773617,CDG
30064773607,30064773618,CDG
30064773607,30064773619,CDG
30064773607,30064773620,CDG
30064773607,30064773613,CDG
30064773607,30064773614,CDG
30064773607,30064773615,CDG
30064773607,30064773616,CDG
30064773607,55834575839,CDG
30064773607,55834575840,CDG
30064773607,55834575837,CDG
30064773607,55834575838,CDG
30064773607,25769804203,CDG
30064773624,90194313727,CDG
30064773624,25769804208,CDG
30064773624,30064773628,CDG
30064773624,55834575847,CDG
30064773624,30064773633,CDG
30064773624,30064773634,CDG
30064773624,30064773635,CDG
30064773624,30064773629,CDG
30064773624,55834575844,CDG
30064773624,30064773630,CDG
30064773624,55834575845,CDG
30064773624,30064773631,CDG
30064773624,55834575846,CDG
30064773624,30064773632,CDG
30064773624,68719479090,CDG
30064773624,68719479091,CDG
30064773624,68719479092,CDG
30064773624,68719479093,CDG
30064773624,68719479086,CDG
30064773624,68719479087,CDG
30064773624,68719479088,CDG
30064773624,68719479089,CDG
30064773640,90194313728,CDG
30064773640,90194313729,CDG
30064773640,55834575850,CDG
30064773640,55834575851,CDG
30064773640,55834575852,CDG
30064773640,68719479100,CDG
30064773640,68719479101,CDG
30064773640,141733920814,CDG
30064773640,68719479106,CDG
30064773640,68719479107,CDG
30064773640,68719479108,CDG
30064773640,68719479109,CDG
30064773640,68719479102,CDG
30064773640,68719479103,CDG
30064773640,68719479104,CDG
30064773640,68719479105,CDG
30064773640,68719479110,CDG
30064773640,30064773649,CDG
30064773640,30064773650,CDG
30064773640,30064773651,CDG
30064773640,30064773645,CDG
30064773640,30064773646,CDG
30064773640,30064773647,CDG
30064773640,30064773648,CDG
30064773640,25769804214,CDG
30064773640,30064773641,CDG
30064773640,30064773642,CDG
30064773640,30064773643,CDG
30064773640,30064773644,CDG
30064773651,90194313730,CDG
30064773651,90194313731,CDG
30064773651,55834575855,CDG
30064773651,55834575856,CDG
30064773651,55834575853,CDG
30064773651,55834575854,CDG
30064773651,141733920815,CDG
30064773651,68719479114,CDG
30064773651,68719479115,CDG
30064773651,68719479116,CDG
30064773651,68719479117,CDG
30064773651,68719479111,CDG
30064773651,68719479112,CDG
30064773651,68719479113,CDG
30064773651,68719479118,CDG
30064773651,68719479119,CDG
30064773651,30064773652,CDG
30064773651,30064773657,CDG
30064773651,30064773658,CDG
30064773651,30064773659,CDG
30064773651,30064773660,CDG
30064773651,30064773653,CDG
30064773651,30064773654,CDG
30064773651,30064773655,CDG
30064773651,30064773656,CDG
30064773651,25769804215,CDG
30064773659,55834575859,CDG
30064773659,55834575860,CDG
30064773659,90194313732,CDG
30064773659,30064773665,CDG
30064773659,30064773666,CDG
30064773659,30064773667,CDG
30064773659,30064773668,CDG
30064773659,30064773661,CDG
30064773659,30064773662,CDG
30064773659,30064773663,CDG
30064773659,30064773664,CDG
30064773659,55834575857,CDG
30064773659,55834575858,CDG
30064773659,68719479126,CDG
30064773659,68719479127,CDG
30064773659,68719479122,CDG
30064773659,68719479123,CDG
30064773659,68719479124,CDG
30064773659,68719479125,CDG
30064773659,68719479120,CDG
30064773659,68719479121,CDG
30064773659,25769804216,CDG
30064773677,55834575863,CDG
30064773677,30064773681,CDG
30064773677,55834575864,CDG
30064773677,30064773682,CDG
30064773677,55834575865,CDG
30064773677,30064773683,CDG
30064773677,55834575866,CDG
30064773677,30064773684,CDG
30064773677,30064773678,CDG
30064773677,30064773679,CDG
30064773677,30064773680,CDG
30064773677,30064773689,CDG
30064773677,55834575867,CDG
30064773677,30064773685,CDG
30064773677,30064773686,CDG
30064773677,30064773687,CDG
30064773677,90194313733,CDG
30064773677,30064773688,CDG
30064773677,90194313734,CDG
30064773677,25769804224,CDG
30064773677,25769804223,CDG
30064773677,141733920816,CDG
30064773677,68719479138,CDG
30064773677,68719479139,CDG
30064773677,68719479140,CDG
30064773677,68719479141,CDG
30064773677,68719479146,CDG
30064773677,68719479147,CDG
30064773677,68719479148,CDG
30064773677,68719479142,CDG
30064773677,68719479143,CDG
30064773677,68719479144,CDG
30064773677,68719479145,CDG
30064773685,55834575871,CDG
30064773685,90194313735,CDG
30064773685,30064773690,CDG
30064773685,30064773691,CDG
30064773685,30064773692,CDG
30064773685,55834575868,CDG
30064773685,55834575869,CDG
30064773685,55834575870,CDG
30064773685,25769804225,CDG
30064773685,30064773697,CDG
30064773685,30064773693,CDG
30064773685,30064773694,CDG
30064773685,30064773695,CDG
30064773685,30064773696,CDG
30064773685,68719479149,CDG
30064773685,68719479154,CDG
30064773685,68719479155,CDG
30064773685,68719479156,CDG
30064773685,68719479150,CDG
30064773685,68719479151,CDG
30064773685,68719479152,CDG
30064773685,68719479153,CDG
30064773711,30064773713,CDG
30064773711,30064773714,CDG
30064773711,30064773715,CDG
30064773711,30064773716,CDG
30064773711,68719479171,CDG
30064773711,90194313736,CDG
30064773711,68719479172,CDG
30064773711,68719479173,CDG
30064773711,30064773717,CDG
30064773711,30064773718,CDG
30064773711,30064773719,CDG
30064773711,30064773720,CDG
30064773711,55834575879,CDG
30064773711,68719479178,CDG
30064773711,55834575880,CDG
30064773711,55834575881,CDG
30064773711,55834575882,CDG
30064773711,68719479174,CDG
30064773711,68719479175,CDG
30064773711,68719479176,CDG
30064773711,68719479177,CDG
30064773711,25769804232,CDG
30064773727,68719479194,CDG
30064773727,68719479195,CDG
30064773727,68719479196,CDG
30064773727,68719479197,CDG
30064773727,68719479190,CDG
30064773727,68719479191,CDG
30064773727,25769804237,CDG
30064773727,68719479192,CDG
30064773727,68719479193,CDG
30064773727,90194313737,CDG
30064773727,90194313738,CDG
30064773727,68719479198,CDG
30064773727,68719479199,CDG
30064773727,68719479200,CDG
30064773727,68719479188,CDG
30064773727,68719479189,CDG
30064773727,141733920818,CDG
30064773727,55834575887,CDG
30064773727,55834575888,CDG
30064773727,55834575889,CDG
30064773727,55834575885,CDG
30064773727,55834575886,CDG
30064773727,30064773741,CDG
30064773727,30064773742,CDG
30064773727,30064773730,CDG
30064773727,30064773731,CDG
30064773727,30064773732,CDG
30064773727,30064773737,CDG
30064773727,30064773738,CDG
30064773727,30064773739,CDG
30064773727,30064773740,CDG
30064773727,30064773733,CDG
30064773727,30064773734,CDG
30064773727,30064773735,CDG
30064773727,30064773736,CDG
30064773728,68719479187,CDG
30064773728,30064773729,CDG
30064773741,25769804238,CDG
30064773741,68719479202,CDG
30064773741,68719479203,CDG
30064773741,68719479204,CDG
30064773741,68719479205,CDG
30064773741,68719479201,CDG
30064773741,55834575891,CDG
30064773741,55834575892,CDG
30064773741,55834575893,CDG
30064773741,68719479206,CDG
30064773741,90194313739,CDG
30064773741,68719479207,CDG
30064773741,68719479208,CDG
30064773741,55834575890,CDG
30064773741,30064773745,CDG
30064773741,30064773746,CDG
30064773741,30064773747,CDG
30064773741,30064773748,CDG
30064773741,30064773743,CDG
30064773741,30064773744,CDG
30064773741,30064773749,CDG
30064773741,30064773750,CDG
30064773755,25769804243,CDG
30064773755,55834575896,CDG
30064773755,55834575897,CDG
30064773755,55834575898,CDG
30064773755,68719479222,CDG
30064773755,68719479223,CDG
30064773755,68719479224,CDG
30064773755,68719479225,CDG
30064773755,55834575899,CDG
30064773755,55834575900,CDG
30064773755,55834575901,CDG
30064773755,30064773761,CDG
30064773755,30064773762,CDG
30064773755,30064773763,CDG
30064773755,30064773764,CDG
30064773755,30064773757,CDG
30064773755,30064773758,CDG
30064773755,90194313740,CDG
30064773755,30064773759,CDG
30064773755,90194313741,CDG
30064773755,30064773760,CDG
30064773755,68719479218,CDG
30064773755,68719479219,CDG
30064773755,68719479220,CDG
30064773755,68719479221,CDG
30064773755,30064773765,CDG
30064773755,68719479215,CDG
30064773755,30064773766,CDG
30064773755,68719479216,CDG
30064773755,30064773767,CDG
30064773755,68719479217,CDG
30064773804,30064773809,CDG
30064773804,30064773810,CDG
30064773804,30064773811,CDG
30064773804,30064773812,CDG
30064773804,30064773806,CDG
30064773804,30064773807,CDG
30064773804,30064773808,CDG
30064773804,68719479266,CDG
30064773804,68719479267,CDG
30064773804,68719479268,CDG
30064773804,120259084336,CDG
30064773804,68719479269,CDG
30064773804,30064773813,CDG
30064773804,30064773814,CDG
30064773804,55834575913,CDG
30064773804,55834575914,CDG
30064773804,55834575915,CDG
30064773804,141733920821,CDG
30064773804,141733920822,CDG
30064773804,90194313744,CDG
30064773804,90194313745,CDG
30064773804,90194313746,CDG
30064773804,68719479270,CDG
30064773804,68719479271,CDG
30064773804,68719479272,CDG
30064773804,68719479273,CDG
30064773825,30064773828,CDG
30064773825,55834575921,CDG
30064773825,30064773829,CDG
30064773825,30064773830,CDG
30064773825,68719479279,CDG
30064773825,90194313750,CDG
30064773832,55834575923,CDG
30064773832,30064773837,CDG
30064773832,90194313752,CDG
30064773832,30064773835,CDG
30064773832,30064773836,CDG
30064773832,68719479281,CDG
30064773920,30064773937,CDG
30064773920,30064773938,CDG
30064773920,30064773939,CDG
30064773920,30064773940,CDG
30064773920,30064773933,CDG
30064773920,30064773934,CDG
30064773920,30064773935,CDG
30064773920,30064773936,CDG
30064773920,30064773945,CDG
30064773920,30064773941,CDG
30064773920,30064773942,CDG
30064773920,30064773943,CDG
30064773920,30064773944,CDG
30064773920,30064773921,CDG
30064773920,30064773922,CDG
30064773920,30064773923,CDG
30064773920,30064773924,CDG
30064773920,30064773929,CDG
30064773920,30064773930,CDG
30064773920,30064773931,CDG
30064773920,30064773932,CDG
30064773920,30064773925,CDG
30064773920,30064773926,CDG
30064773920,30064773927,CDG
30064773920,30064773928,CDG
30064773920,90194313771,CDG
30064773920,90194313772,CDG
30064773920,90194313773,CDG
30064773920,55834575955,CDG
30064773920,55834575956,CDG
30064773920,55834575951,CDG
30064773920,55834575952,CDG
30064773920,55834575953,CDG
30064773920,55834575954,CDG
30064773920,55834575947,CDG
30064773920,55834575948,CDG
30064773920,55834575949,CDG
30064773920,55834575950,CDG
30064773920,25769804269,CDG
30064773920,25769804270,CDG
30064773920,90194313768,CDG
30064773920,90194313769,CDG
30064773920,90194313770,CDG
30064773920,68719479386,CDG
30064773920,68719479387,CDG
30064773920,68719479388,CDG
30064773920,68719479389,CDG
30064773920,68719479382,CDG
30064773920,68719479383,CDG
30064773920,68719479384,CDG
30064773920,68719479385,CDG
30064773920,68719479390,CDG
30064773920,68719479391,CDG
30064773920,68719479392,CDG
30064773920,68719479393,CDG
30064773920,68719479371,CDG
30064773920,68719479372,CDG
30064773920,68719479373,CDG
30064773920,141733920830,CDG
30064773920,68719479378,CDG
30064773920,68719479379,CDG
30064773920,68719479380,CDG
30064773920,68719479381,CDG
30064773920,68719479374,CDG
30064773920,68719479375,CDG
30064773920,68719479376,CDG
30064773920,68719479377,CDG
30064773940,30064773946,CDG
30064773940,30064773947,CDG
30064773940,30064773948,CDG
30064773940,30064773953,CDG
30064773940,30064773954,CDG
30064773940,30064773955,CDG
30064773940,30064773956,CDG
30064773940,30064773949,CDG
30064773940,30064773950,CDG
30064773940,30064773951,CDG
30064773940,30064773952,CDG
30064773940,30064773961,CDG
30064773940,30064773962,CDG
30064773940,30064773957,CDG
30064773940,30064773958,CDG
30064773940,30064773959,CDG
30064773940,30064773960,CDG
30064773940,90194313775,CDG
30064773940,90194313776,CDG
30064773940,90194313777,CDG
30064773940,90194313774,CDG
30064773940,55834575959,CDG
30064773940,55834575960,CDG
30064773940,55834575961,CDG
30064773940,55834575962,CDG
30064773940,55834575957,CDG
30064773940,55834575958,CDG
30064773940,55834575963,CDG
30064773940,55834575964,CDG
30064773940,55834575965,CDG
30064773940,25769804271,CDG
30064773940,68719479394,CDG
30064773940,68719479395,CDG
30064773940,68719479396,CDG
30064773940,68719479397,CDG
30064773940,68719479402,CDG
30064773940,68719479403,CDG
30064773940,68719479404,CDG
30064773940,68719479405,CDG
30064773940,68719479398,CDG
30064773940,68719479399,CDG
30064773940,68719479400,CDG
30064773940,68719479401,CDG
30064773940,68719479406,CDG
30064773940,68719479407,CDG
30064773940,68719479408,CDG
30064773940,68719479409,CDG
30064773971,55834575971,CDG
30064773971,55834575972,CDG
30064773971,30064773972,CDG
30064773971,30064773977,CDG
30064773971,30064773978,CDG
30064773971,30064773979,CDG
30064773971,30064773980,CDG
30064773971,30064773973,CDG
30064773971,30064773974,CDG
30064773971,30064773975,CDG
30064773971,30064773976,CDG
30064773971,90194313778,CDG
30064773971,90194313779,CDG
30064773971,90194313780,CDG
30064773971,55834575968,CDG
30064773971,55834575969,CDG
30064773971,55834575970,CDG
30064773971,25769804277,CDG
30064773971,30064773985,CDG
30064773971,30064773981,CDG
30064773971,30064773982,CDG
30064773971,30064773983,CDG
30064773971,30064773984,CDG
30064773971,141733920831,CDG
30064773971,68719479418,CDG
30064773971,68719479419,CDG
30064773971,68719479420,CDG
30064773971,68719479421,CDG
30064773971,68719479426,CDG
30064773971,68719479427,CDG
30064773971,68719479428,CDG
30064773971,68719479429,CDG
30064773971,68719479422,CDG
30064773971,68719479423,CDG
30064773971,68719479424,CDG
30064773971,68719479425,CDG
30064773985,55834575975,CDG
30064773985,55834575976,CDG
30064773985,55834575977,CDG
30064773985,55834575978,CDG
30064773985,55834575973,CDG
30064773985,55834575974,CDG
30064773985,55834575979,CDG
30064773985,90194313783,CDG
30064773985,90194313784,CDG
30064773985,90194313781,CDG
30064773985,90194313782,CDG
30064773985,68719479434,CDG
30064773985,68719479435,CDG
30064773985,68719479436,CDG
30064773985,68719479437,CDG
30064773985,68719479430,CDG
30064773985,68719479431,CDG
30064773985,68719479432,CDG
30064773985,68719479433,CDG
30064773985,68719479442,CDG
30064773985,68719479438,CDG
30064773985,68719479439,CDG
30064773985,68719479440,CDG
30064773985,68719479441,CDG
30064773985,25769804278,CDG
30064773985,25769804279,CDG
30064773985,30064773997,CDG
30064773985,30064773998,CDG
30064773985,30064773999,CDG
30064773985,30064774000,CDG
30064773985,30064773986,CDG
30064773985,30064773987,CDG
30064773985,30064773988,CDG
30064773985,30064773993,CDG
30064773985,30064773994,CDG
30064773985,30064773995,CDG
30064773985,30064773996,CDG
30064773985,30064773989,CDG
30064773985,30064773990,CDG
30064773985,141733920832,CDG
30064773985,30064773991,CDG
30064773985,30064773992,CDG
30064773995,55834575983,CDG
30064773995,55834575984,CDG
30064773995,55834575985,CDG
30064773995,55834575986,CDG
30064773995,55834575980,CDG
30064773995,55834575981,CDG
30064773995,55834575982,CDG
30064773995,90194313787,CDG
30064773995,90194313788,CDG
30064773995,90194313785,CDG
30064773995,90194313786,CDG
30064773995,68719479450,CDG
30064773995,68719479451,CDG
30064773995,68719479452,CDG
30064773995,68719479453,CDG
30064773995,68719479446,CDG
30064773995,68719479447,CDG
30064773995,68719479448,CDG
30064773995,68719479449,CDG
30064773995,68719479454,CDG
30064773995,68719479455,CDG
30064773995,68719479443,CDG
30064773995,68719479444,CDG
30064773995,68719479445,CDG
30064773995,25769804280,CDG
30064773995,30064774001,CDG
30064773995,30064774002,CDG
30064773995,30064774003,CDG
30064773995,30064774004,CDG
30064773995,30064774009,CDG
30064773995,30064774010,CDG
30064773995,30064774011,CDG
30064773995,30064774012,CDG
30064773995,30064774005,CDG
30064773995,30064774006,CDG
30064773995,30064774007,CDG
30064773995,30064774008,CDG
30064773995,30064774013,CDG
30064773995,30064774014,CDG
30064774025,90194313790,CDG
30064774029,55834575991,CDG
30064774029,55834575992,CDG
30064774029,55834575993,CDG
30064774029,55834575994,CDG
30064774029,55834575995,CDG
30064774029,55834575996,CDG
30064774029,55834575997,CDG
30064774029,55834575998,CDG
30064774029,30064774045,CDG
30064774029,30064774046,CDG
30064774029,30064774047,CDG
30064774029,30064774048,CDG
30064774029,68719479482,CDG
30064774029,68719479483,CDG
30064774029,68719479478,CDG
30064774029,68719479479,CDG
30064774029,68719479480,CDG
30064774029,68719479481,CDG
30064774029,68719479466,CDG
30064774029,68719479467,CDG
30064774029,68719479468,CDG
30064774029,68719479469,CDG
30064774029,68719479474,CDG
30064774029,68719479475,CDG
30064774029,68719479476,CDG
30064774029,68719479477,CDG
30064774029,68719479470,CDG
30064774029,68719479471,CDG
30064774029,68719479472,CDG
30064774029,68719479473,CDG
30064774029,90194313791,CDG
30064774029,90194313792,CDG
30064774029,90194313793,CDG
30064774029,90194313794,CDG
30064774029,25769804288,CDG
30064774029,25769804287,CDG
30064774029,141733920833,CDG
30064774029,30064774033,CDG
30064774029,30064774034,CDG
30064774029,30064774035,CDG
30064774029,30064774036,CDG
30064774029,30064774030,CDG
30064774029,30064774031,CDG
30064774029,30064774032,CDG
30064774029,30064774041,CDG
30064774029,30064774042,CDG
30064774029,30064774043,CDG
30064774029,30064774044,CDG
30064774029,30064774037,CDG
30064774029,30064774038,CDG
30064774029,30064774039,CDG
30064774029,30064774040,CDG
30064774043,30064774061,CDG
30064774043,30064774062,CDG
30064774043,55834575999,CDG
30064774043,55834576000,CDG
30064774043,55834576001,CDG
30064774043,55834576002,CDG
30064774043,30064774049,CDG
30064774043,30064774050,CDG
30064774043,30064774051,CDG
30064774043,30064774052,CDG
30064774043,30064774057,CDG
30064774043,30064774058,CDG
30064774043,30064774059,CDG
30064774043,30064774060,CDG
30064774043,30064774053,CDG
30064774043,30064774054,CDG
30064774043,30064774055,CDG
30064774043,30064774056,CDG
30064774043,68719479484,CDG
30064774043,68719479485,CDG
30064774043,68719479490,CDG
30064774043,68719479491,CDG
30064774043,68719479492,CDG
30064774043,68719479493,CDG
30064774043,68719479486,CDG
30064774043,68719479487,CDG
30064774043,68719479488,CDG
30064774043,68719479489,CDG
30064774043,55834576003,CDG
30064774043,55834576004,CDG
30064774043,55834576005,CDG
30064774043,90194313795,CDG
30064774043,90194313796,CDG
30064774043,90194313797,CDG
30064774043,90194313798,CDG
30064774043,25769804289,CDG
30064774043,68719479494,CDG
30064774043,68719479495,CDG
30064774043,68719479496,CDG
30064774096,55834576023,CDG
30064774096,55834576024,CDG
30064774096,55834576019,CDG
30064774096,55834576020,CDG
30064774096,55834576021,CDG
30064774096,55834576022,CDG
30064774096,55834576015,CDG
30064774096,55834576016,CDG
30064774096,55834576017,CDG
30064774096,55834576018,CDG
30064774096,25769804301,CDG
30064774096,25769804302,CDG
30064774096,30064774113,CDG
30064774096,30064774114,CDG
30064774096,30064774115,CDG
30064774096,30064774116,CDG
30064774096,30064774109,CDG
30064774096,30064774110,CDG
30064774096,30064774111,CDG
30064774096,30064774112,CDG
30064774096,30064774121,CDG
30064774096,30064774117,CDG
30064774096,30064774118,CDG
30064774096,30064774119,CDG
30064774096,30064774120,CDG
30064774096,68719479546,CDG
30064774096,68719479547,CDG
30064774096,68719479548,CDG
30064774096,68719479549,CDG
30064774096,68719479542,CDG
30064774096,68719479543,CDG
30064774096,68719479544,CDG
30064774096,68719479545,CDG
30064774096,68719479550,CDG
30064774096,68719479551,CDG
30064774096,68719479552,CDG
30064774096,68719479553,CDG
30064774096,90194313807,CDG
30064774096,68719479531,CDG
30064774096,90194313808,CDG
30064774096,68719479532,CDG
30064774096,68719479533,CDG
30064774096,90194313803,CDG
30064774096,90194313804,CDG
30064774096,90194313805,CDG
30064774096,90194313806,CDG
30064774096,68719479538,CDG
30064774096,68719479539,CDG
30064774096,68719479540,CDG
30064774096,68719479541,CDG
30064774096,68719479534,CDG
30064774096,68719479535,CDG
30064774096,68719479536,CDG
30064774096,68719479537,CDG
30064774096,30064774097,CDG
30064774096,30064774098,CDG
30064774096,30064774099,CDG
30064774096,30064774100,CDG
30064774096,30064774105,CDG
30064774096,30064774106,CDG
30064774096,30064774107,CDG
30064774096,30064774108,CDG
30064774096,30064774101,CDG
30064774096,30064774102,CDG
30064774096,30064774103,CDG
30064774096,30064774104,CDG
30064774096,141733920834,CDG
30064774116,68719479562,CDG
30064774116,68719479563,CDG
30064774116,68719479564,CDG
30064774116,68719479565,CDG
30064774116,68719479558,CDG
30064774116,68719479559,CDG
30064774116,68719479560,CDG
30064774116,68719479561,CDG
30064774116,68719479566,CDG
30064774116,55834576025,CDG
30064774116,55834576026,CDG
30064774116,55834576031,CDG
30064774116,55834576027,CDG
30064774116,55834576028,CDG
30064774116,55834576029,CDG
30064774116,55834576030,CDG
30064774116,30064774129,CDG
30064774116,30064774130,CDG
30064774116,30064774131,CDG
30064774116,30064774132,CDG
30064774116,30064774125,CDG
30064774116,30064774126,CDG
30064774116,30064774127,CDG
30064774116,30064774128,CDG
30064774116,25769804303,CDG
30064774116,30064774133,CDG
30064774116,30064774134,CDG
30064774116,30064774135,CDG
30064774116,30064774122,CDG
30064774116,30064774123,CDG
30064774116,30064774124,CDG
30064774116,68719479554,CDG
30064774116,68719479555,CDG
30064774116,68719479556,CDG
30064774116,68719479557,CDG
30064774116,90194313809,CDG
30064774116,90194313810,CDG
30064774116,90194313811,CDG
30064774116,90194313812,CDG
30064774144,68719479578,CDG
30064774144,68719479579,CDG
30064774144,68719479580,CDG
30064774144,68719479581,CDG
30064774144,68719479575,CDG
30064774144,68719479576,CDG
30064774144,68719479577,CDG
30064774144,68719479586,CDG
30064774144,68719479582,CDG
30064774144,68719479583,CDG
30064774144,68719479584,CDG
30064774144,68719479585,CDG
30064774144,55834576034,CDG
30064774144,25769804309,CDG
30064774144,30064774157,CDG
30064774144,30064774158,CDG
30064774144,30064774145,CDG
30064774144,30064774146,CDG
30064774144,30064774147,CDG
30064774144,30064774148,CDG
30064774144,30064774153,CDG
30064774144,90194313815,CDG
30064774144,30064774154,CDG
30064774144,30064774155,CDG
30064774144,30064774156,CDG
30064774144,30064774149,CDG
30064774144,30064774150,CDG
30064774144,30064774151,CDG
30064774144,90194313813,CDG
30064774144,30064774152,CDG
30064774144,90194313814,CDG
30064774144,55834576035,CDG
30064774144,55834576036,CDG
30064774144,55834576037,CDG
30064774144,55834576038,CDG
30064774144,141733920835,CDG
30064774158,68719479587,CDG
30064774158,68719479588,CDG
30064774158,68719479589,CDG
30064774158,30064774173,CDG
30064774158,68719479594,CDG
30064774158,68719479595,CDG
30064774158,68719479596,CDG
30064774158,68719479597,CDG
30064774158,68719479590,CDG
30064774158,68719479591,CDG
30064774158,68719479592,CDG
30064774158,68719479593,CDG
30064774158,68719479598,CDG
30064774158,68719479599,CDG
30064774158,25769804310,CDG
30064774158,25769804311,CDG
30064774158,30064774161,CDG
30064774158,30064774162,CDG
30064774158,30064774163,CDG
30064774158,30064774164,CDG
30064774158,90194313819,CDG
30064774158,30064774159,CDG
30064774158,30064774160,CDG
30064774158,30064774169,CDG
30064774158,30064774170,CDG
30064774158,30064774171,CDG
30064774158,30064774172,CDG
30064774158,30064774165,CDG
30064774158,30064774166,CDG
30064774158,30064774167,CDG
30064774158,30064774168,CDG
30064774158,90194313816,CDG
30064774158,90194313817,CDG
30064774158,90194313818,CDG
30064774158,55834576039,CDG
30064774158,55834576040,CDG
30064774158,55834576041,CDG
30064774158,55834576042,CDG
30064774158,141733920836,CDG
30064774158,55834576043,CDG
30064774158,55834576044,CDG
30064774158,55834576045,CDG
30064774168,30064774177,CDG
30064774168,30064774178,CDG
30064774168,30064774179,CDG
30064774168,30064774180,CDG
30064774168,30064774174,CDG
30064774168,30064774175,CDG
30064774168,30064774176,CDG
30064774168,30064774185,CDG
30064774168,30064774186,CDG
30064774168,30064774187,CDG
30064774168,30064774181,CDG
30064774168,30064774182,CDG
30064774168,30064774183,CDG
30064774168,30064774184,CDG
30064774168,68719479610,CDG
30064774168,68719479611,CDG
30064774168,68719479612,CDG
30064774168,68719479606,CDG
30064774168,68719479607,CDG
30064774168,68719479608,CDG
30064774168,68719479609,CDG
30064774168,68719479602,CDG
30064774168,68719479603,CDG
30064774168,68719479604,CDG
30064774168,68719479605,CDG
30064774168,68719479600,CDG
30064774168,68719479601,CDG
30064774168,25769804312,CDG
30064774168,90194313823,CDG
30064774168,90194313820,CDG
30064774168,90194313821,CDG
30064774168,90194313822,CDG
30064774168,55834576051,CDG
30064774168,55834576052,CDG
30064774168,55834576047,CDG
30064774168,55834576048,CDG
30064774168,55834576049,CDG
30064774168,55834576050,CDG
30064774168,55834576046,CDG
30064774198,90194313825,CDG
30064774202,30064774203,CDG
30064774202,30064774204,CDG
30064774202,30064774221,CDG
30064774202,30064774209,CDG
30064774202,30064774210,CDG
30064774202,30064774211,CDG
30064774202,30064774212,CDG
30064774202,30064774205,CDG
30064774202,30064774206,CDG
30064774202,30064774207,CDG
30064774202,30064774208,CDG
30064774202,30064774217,CDG
30064774202,30064774218,CDG
30064774202,30064774219,CDG
30064774202,30064774220,CDG
30064774202,30064774213,CDG
30064774202,30064774214,CDG
30064774202,30064774215,CDG
30064774202,30064774216,CDG
30064774202,55834576057,CDG
30064774202,55834576058,CDG
30064774202,68719479638,CDG
30064774202,68719479639,CDG
30064774202,68719479640,CDG
30064774202,55834576063,CDG
30064774202,55834576064,CDG
30064774202,55834576059,CDG
30064774202,55834576060,CDG
30064774202,55834576061,CDG
30064774202,55834576062,CDG
30064774202,68719479626,CDG
30064774202,68719479627,CDG
30064774202,68719479628,CDG
30064774202,68719479629,CDG
30064774202,68719479623,CDG
30064774202,68719479624,CDG
30064774202,68719479625,CDG
30064774202,68719479634,CDG
30064774202,68719479635,CDG
30064774202,68719479636,CDG
30064774202,141733920837,CDG
30064774202,68719479637,CDG
30064774202,68719479630,CDG
30064774202,68719479631,CDG
30064774202,68719479632,CDG
30064774202,68719479633,CDG
30064774202,90194313826,CDG
30064774202,90194313827,CDG
30064774202,90194313828,CDG
30064774202,90194313829,CDG
30064774202,25769804320,CDG
30064774202,25769804319,CDG
30064774216,30064774225,CDG
30064774216,30064774226,CDG
30064774216,30064774227,CDG
30064774216,30064774228,CDG
30064774216,30064774222,CDG
30064774216,30064774223,CDG
30064774216,30064774224,CDG
30064774216,30064774233,CDG
30064774216,30064774234,CDG
30064774216,30064774235,CDG
30064774216,30064774229,CDG
30064774216,30064774230,CDG
30064774216,30064774231,CDG
30064774216,30064774232,CDG
30064774216,68719479642,CDG
30064774216,68719479643,CDG
30064774216,68719479644,CDG
30064774216,68719479645,CDG
30064774216,68719479641,CDG
30064774216,68719479650,CDG
30064774216,68719479651,CDG
30064774216,68719479652,CDG
30064774216,55834576065,CDG
30064774216,68719479653,CDG
30064774216,55834576066,CDG
30064774216,68719479646,CDG
30064774216,68719479647,CDG
30064774216,68719479648,CDG
30064774216,68719479649,CDG
30064774216,90194313831,CDG
30064774216,90194313832,CDG
30064774216,90194313833,CDG
30064774216,90194313830,CDG
30064774216,55834576071,CDG
30064774216,25769804321,CDG
30064774216,55834576067,CDG
30064774216,55834576068,CDG
30064774216,55834576069,CDG
30064774216,55834576070,CDG
30064774269,90194313839,CDG
30064774269,90194313840,CDG
30064774269,90194313841,CDG
30064774269,90194313842,CDG
30064774269,90194313838,CDG
30064774269,90194313843,CDG
30064774269,25769804333,CDG
30064774269,25769804334,CDG
30064774269,68719479706,CDG
30064774269,68719479707,CDG
30064774269,68719479708,CDG
30064774269,68719479709,CDG
30064774269,68719479702,CDG
30064774269,68719479703,CDG
30064774269,68719479704,CDG
30064774269,68719479705,CDG
30064774269,68719479710,CDG
30064774269,68719479690,CDG
30064774269,68719479691,CDG
30064774269,68719479692,CDG
30064774269,68719479693,CDG
30064774269,68719479688,CDG
30064774269,68719479689,CDG
30064774269,68719479698,CDG
30064774269,68719479699,CDG
30064774269,68719479700,CDG
30064774269,68719479701,CDG
30064774269,68719479694,CDG
30064774269,68719479695,CDG
30064774269,68719479696,CDG
30064774269,68719479697,CDG
30064774269,141733920838,CDG
30064774269,30064774289,CDG
30064774269,55834576087,CDG
30064774269,30064774290,CDG
30064774269,55834576088,CDG
30064774269,30064774291,CDG
30064774269,55834576089,CDG
30064774269,30064774292,CDG
30064774269,55834576090,CDG
30064774269,30064774285,CDG
30064774269,55834576083,CDG
30064774269,30064774286,CDG
30064774269,55834576084,CDG
30064774269,30064774287,CDG
30064774269,55834576085,CDG
30064774269,30064774288,CDG
30064774269,55834576086,CDG
30064774269,30064774293,CDG
30064774269,30064774294,CDG
30064774269,30064774273,CDG
30064774269,30064774274,CDG
30064774269,30064774275,CDG
30064774269,30064774276,CDG
30064774269,30064774270,CDG
30064774269,30064774271,CDG
30064774269,30064774272,CDG
30064774269,30064774281,CDG
30064774269,30064774282,CDG
30064774269,30064774283,CDG
30064774269,55834576081,CDG
30064774269,30064774284,CDG
30064774269,55834576082,CDG
30064774269,30064774277,CDG
30064774269,30064774278,CDG
30064774269,30064774279,CDG
30064774269,30064774280,CDG
30064774289,90194313847,CDG
30064774289,90194313844,CDG
30064774289,90194313845,CDG
30064774289,90194313846,CDG
30064774289,25769804335,CDG
30064774289,68719479714,CDG
30064774289,68719479715,CDG
30064774289,68719479716,CDG
30064774289,68719479717,CDG
30064774289,68719479711,CDG
30064774289,68719479712,CDG
30064774289,68719479713,CDG
30064774289,30064774305,CDG
30064774289,30064774306,CDG
30064774289,30064774307,CDG
30064774289,30064774308,CDG
30064774289,30064774301,CDG
30064774289,30064774302,CDG
30064774289,30064774303,CDG
30064774289,30064774304,CDG
30064774289,68719479722,CDG
30064774289,68719479723,CDG
30064774289,68719479718,CDG
30064774289,68719479719,CDG
30064774289,68719479720,CDG
30064774289,68719479721,CDG
30064774289,30064774297,CDG
30064774289,55834576095,CDG
30064774289,30064774298,CDG
30064774289,55834576096,CDG
30064774289,30064774299,CDG
30064774289,55834576097,CDG
30064774289,30064774300,CDG
30064774289,55834576091,CDG
30064774289,55834576092,CDG
30064774289,30064774295,CDG
30064774289,55834576093,CDG
30064774289,30064774296,CDG
30064774289,55834576094,CDG
30064774317,90194313848,CDG
30064774317,90194313849,CDG
30064774317,90194313850,CDG
30064774317,25769804341,CDG
30064774317,30064774321,CDG
30064774317,30064774322,CDG
30064774317,30064774323,CDG
30064774317,30064774324,CDG
30064774317,30064774318,CDG
30064774317,30064774319,CDG
30064774317,30064774320,CDG
30064774317,30064774329,CDG
30064774317,30064774330,CDG
30064774317,30064774331,CDG
30064774317,30064774325,CDG
30064774317,30064774326,CDG
30064774317,30064774327,CDG
30064774317,30064774328,CDG
30064774317,55834576103,CDG
30064774317,55834576104,CDG
30064774317,55834576100,CDG
30064774317,55834576101,CDG
30064774317,55834576102,CDG
30064774317,68719479738,CDG
30064774317,68719479739,CDG
30064774317,68719479740,CDG
30064774317,68719479741,CDG
30064774317,68719479734,CDG
30064774317,68719479735,CDG
30064774317,68719479736,CDG
30064774317,68719479737,CDG
30064774317,68719479742,CDG
30064774317,68719479743,CDG
30064774317,68719479732,CDG
30064774317,68719479733,CDG
30064774317,141733920839,CDG
30064774331,90194313851,CDG
30064774331,90194313852,CDG
30064774331,90194313853,CDG
30064774331,90194313854,CDG
30064774331,68719479754,CDG
30064774331,68719479755,CDG
30064774331,68719479756,CDG
30064774331,68719479750,CDG
30064774331,68719479751,CDG
30064774331,68719479752,CDG
30064774331,68719479753,CDG
30064774331,25769804342,CDG
30064774331,25769804343,CDG
30064774331,30064774332,CDG
30064774331,55834576105,CDG
30064774331,55834576106,CDG
30064774331,55834576111,CDG
30064774331,55834576107,CDG
30064774331,55834576108,CDG
30064774331,55834576109,CDG
30064774331,55834576110,CDG
30064774331,68719479746,CDG
30064774331,68719479747,CDG
30064774331,68719479748,CDG
30064774331,68719479749,CDG
30064774331,68719479744,CDG
30064774331,68719479745,CDG
30064774331,30064774337,CDG
30064774331,30064774338,CDG
30064774331,30064774339,CDG
30064774331,30064774340,CDG
30064774331,30064774333,CDG
30064774331,30064774334,CDG
30064774331,30064774335,CDG
30064774331,30064774336,CDG
30064774331,30064774345,CDG
30064774331,30064774346,CDG
30064774331,30064774341,CDG
30064774331,30064774342,CDG
30064774331,30064774343,CDG
30064774331,30064774344,CDG
30064774331,141733920840,CDG
30064774341,90194313855,CDG
30064774341,90194313856,CDG
30064774341,90194313857,CDG
30064774341,90194313858,CDG
30064774341,68719479766,CDG
30064774341,68719479767,CDG
30064774341,68719479768,CDG
30064774341,68719479769,CDG
30064774341,68719479757,CDG
30064774341,68719479762,CDG
30064774341,68719479763,CDG
30064774341,68719479764,CDG
30064774341,68719479765,CDG
30064774341,68719479758,CDG
30064774341,68719479759,CDG
30064774341,68719479760,CDG
30064774341,68719479761,CDG
30064774341,25769804344,CDG
30064774341,55834576115,CDG
30064774341,55834576116,CDG
30064774341,55834576117,CDG
30064774341,55834576118,CDG
30064774341,55834576112,CDG
30064774341,55834576113,CDG
30064774341,55834576114,CDG
30064774341,30064774353,CDG
30064774341,30064774354,CDG
30064774341,30064774355,CDG
30064774341,30064774356,CDG
30064774341,30064774349,CDG
30064774341,30064774350,CDG
30064774341,30064774351,CDG
30064774341,30064774352,CDG
30064774341,30064774357,CDG
30064774341,30064774358,CDG
30064774341,30064774359,CDG
30064774341,30064774360,CDG
30064774341,30064774347,CDG
30064774341,30064774348,CDG
30064774371,90194313860,CDG
30064774375,90194313863,CDG
30064774375,55834576127,CDG
30064774375,90194313864,CDG
30064774375,55834576128,CDG
30064774375,55834576129,CDG
30064774375,55834576130,CDG
30064774375,55834576123,CDG
30064774375,55834576124,CDG
30064774375,90194313861,CDG
30064774375,55834576125,CDG
30064774375,90194313862,CDG
30064774375,55834576126,CDG
30064774375,25769804352,CDG
30064774375,25769804351,CDG
30064774375,30064774385,CDG
30064774375,30064774386,CDG
30064774375,30064774387,CDG
30064774375,30064774388,CDG
30064774375,30064774381,CDG
30064774375,30064774382,CDG
30064774375,30064774383,CDG
30064774375,141733920841,CDG
30064774375,30064774384,CDG
30064774375,30064774393,CDG
30064774375,30064774394,CDG
30064774375,68719479780,CDG
30064774375,68719479781,CDG
30064774375,30064774389,CDG
30064774375,30064774390,CDG
30064774375,30064774391,CDG
30064774375,30064774392,CDG
30064774375,30064774377,CDG
30064774375,30064774378,CDG
30064774375,30064774379,CDG
30064774375,30064774380,CDG
30064774375,30064774376,CDG
30064774375,68719479786,CDG
30064774375,68719479787,CDG
30064774375,68719479788,CDG
30064774375,68719479789,CDG
30064774375,68719479782,CDG
30064774375,68719479783,CDG
30064774375,68719479784,CDG
30064774375,68719479785,CDG
30064774375,68719479794,CDG
30064774375,68719479795,CDG
30064774375,68719479796,CDG
30064774375,68719479797,CDG
30064774375,68719479790,CDG
30064774375,68719479791,CDG
30064774375,68719479792,CDG
30064774375,68719479793,CDG
30064774389,90194313865,CDG
30064774389,90194313866,CDG
30064774389,25769804353,CDG
30064774389,55834576135,CDG
30064774389,55834576136,CDG
30064774389,55834576137,CDG
30064774389,90194313867,CDG
30064774389,55834576131,CDG
30064774389,90194313868,CDG
30064774389,55834576132,CDG
30064774389,55834576133,CDG
30064774389,55834576134,CDG
30064774389,30064774395,CDG
30064774389,30064774396,CDG
30064774389,68719479802,CDG
30064774389,68719479803,CDG
30064774389,68719479804,CDG
30064774389,68719479805,CDG
30064774389,68719479798,CDG
30064774389,68719479799,CDG
30064774389,68719479800,CDG
30064774389,68719479801,CDG
30064774389,68719479810,CDG
30064774389,68719479806,CDG
30064774389,68719479807,CDG
30064774389,68719479808,CDG
30064774389,68719479809,CDG
30064774389,30064774401,CDG
30064774389,30064774402,CDG
30064774389,30064774403,CDG
30064774389,30064774404,CDG
30064774389,30064774397,CDG
30064774389,30064774398,CDG
30064774389,30064774399,CDG
30064774389,30064774400,CDG
30064774389,30064774405,CDG
30064774389,30064774406,CDG
30064774389,30064774407,CDG
30064774389,30064774408,CDG
30064774452,30064774457,CDG
30064774452,30064774458,CDG
30064774452,30064774459,CDG
30064774452,30064774460,CDG
30064774452,30064774455,CDG
30064774452,30064774456,CDG
30064774452,55834576159,CDG
30064774452,55834576160,CDG
30064774452,55834576161,CDG
30064774452,55834576158,CDG
30064774452,68719479858,CDG
30064774452,68719479859,CDG
30064774452,90194313881,CDG
30064774452,90194313882,CDG
30064774452,68719479855,CDG
30064774452,68719479856,CDG
30064774452,68719479857,CDG
30064774490,55834576179,CDG
30064774490,68719479884,CDG
30064774490,68719479885,CDG
30064774490,30064774493,CDG
30064774490,30064774494,CDG
30064774490,30064774495,CDG
30064774490,55834576178,CDG
30064774490,68719479886,CDG
30064774490,68719479887,CDG
30064774490,68719479888,CDG
30064774490,68719479889,CDG
30064774490,30064774492,CDG
30064774490,90194313893,CDG
30064774490,90194313894,CDG
30064774532,68719479931,CDG
30064774532,68719479932,CDG
30064774532,68719479933,CDG
30064774532,55834576193,CDG
30064774532,55834576194,CDG
30064774532,68719479934,CDG
30064774532,68719479935,CDG
30064774532,68719479936,CDG
30064774532,30064774537,CDG
30064774532,30064774534,CDG
30064774532,30064774535,CDG
30064774532,90194313909,CDG
30064774532,30064774536,CDG
30064774532,90194313910,CDG
30064774548,68719479963,CDG
30064774548,68719479964,CDG
30064774548,68719479965,CDG
30064774548,68719479958,CDG
30064774548,30064774573,CDG
30064774548,30064774574,CDG
30064774548,30064774575,CDG
30064774548,30064774576,CDG
30064774548,68719479970,CDG
30064774548,68719479971,CDG
30064774548,68719479972,CDG
30064774548,68719479973,CDG
30064774548,68719479966,CDG
30064774548,68719479967,CDG
30064774548,25769804373,CDG
30064774548,68719479968,CDG
30064774548,25769804374,CDG
30064774548,68719479969,CDG
30064774548,25769804375,CDG
30064774548,30064774561,CDG
30064774548,30064774562,CDG
30064774548,30064774563,CDG
30064774548,30064774564,CDG
30064774548,30064774557,CDG
30064774548,30064774558,CDG
30064774548,30064774559,CDG
30064774548,30064774560,CDG
30064774548,30064774569,CDG
30064774548,30064774570,CDG
30064774548,68719479956,CDG
30064774548,30064774571,CDG
30064774548,68719479957,CDG
30064774548,30064774572,CDG
30064774548,30064774565,CDG
30064774548,30064774566,CDG
30064774548,30064774567,CDG
30064774548,30064774568,CDG
30064774548,68719479978,CDG
30064774548,68719479979,CDG
30064774548,68719479980,CDG
30064774548,68719479974,CDG
30064774548,68719479975,CDG
30064774548,68719479976,CDG
30064774548,68719479977,CDG
30064774548,90194313919,CDG
30064774548,90194313920,CDG
30064774548,90194313921,CDG
30064774548,90194313922,CDG
30064774548,90194313917,CDG
30064774548,90194313918,CDG
30064774548,120259084370,CDG
30064774548,30064774549,CDG
30064774548,30064774550,CDG
30064774548,30064774551,CDG
30064774548,30064774552,CDG
30064774548,55834576199,CDG
30064774548,55834576200,CDG
30064774548,55834576201,CDG
30064774548,55834576202,CDG
30064774548,55834576197,CDG
30064774548,55834576198,CDG
30064774548,55834576203,CDG
30064774548,55834576204,CDG
30064774548,55834576205,CDG
30064774548,55834576206,CDG
30064774552,68719479962,CDG
30064774552,68719479959,CDG
30064774552,68719479960,CDG
30064774552,68719479961,CDG
30064774552,25769804372,CDG
30064774552,90194313916,CDG
30064774552,30064774553,CDG
30064774552,30064774554,CDG
30064774552,30064774555,CDG
30064774552,30064774556,CDG
30064774592,68719479996,CDG
30064774592,68719479997,CDG
30064774592,55834576213,CDG
30064774592,55834576214,CDG
30064774592,68719479998,CDG
30064774592,68719479999,CDG
30064774592,68719480000,CDG
30064774592,90194313926,CDG
30064774592,30064774594,CDG
30064774592,30064774595,CDG
30064774592,30064774596,CDG
30064774592,30064774597,CDG
30064774657,68719480066,CDG
30064774657,68719480067,CDG
30064774657,68719480068,CDG
30064774657,68719480063,CDG
30064774657,68719480064,CDG
30064774657,68719480065,CDG
30064774657,30064774659,CDG
30064774657,30064774660,CDG
30064774657,90194313945,CDG
30064774657,90194313946,CDG
30064774657,30064774661,CDG
30064774657,55834576235,CDG
30064774657,30064774662,CDG
30064774657,55834576236,CDG
30064774684,90194313954,CDG
30064774684,55834576243,CDG
30064774684,68719480100,CDG
30064774684,68719480101,CDG
30064774684,30064774689,CDG
30064774684,68719480102,CDG
30064774684,30064774686,CDG
30064774684,68719480103,CDG
30064774684,30064774687,CDG
30064774684,68719480104,CDG
30064774684,30064774688,CDG
30064774684,55834576242,CDG
30064774708,90194313956,CDG
30064774712,90194313957,CDG
30064774716,90194313958,CDG
30064774720,55834576257,CDG
30064774720,90194313959,CDG
30064774720,68719480132,CDG
30064774720,30064774721,CDG
30064774720,30064774722,CDG
30064774726,90194313960,CDG
30064774730,90194313961,CDG
30064774734,90194313962,CDG
30064774735,141733920843,CDG
30064774735,90194313964,CDG
30064774735,68719480146,CDG
30064774735,68719480147,CDG
30064774735,68719480148,CDG
30064774735,68719480144,CDG
30064774735,68719480145,CDG
30064774735,30064774737,CDG
30064774735,30064774738,CDG
30064774735,30064774739,CDG
30064774735,30064774740,CDG
30064774735,55834576265,CDG
30064774735,55834576266,CDG
30064774746,68719480156,CDG
30064774746,68719480157,CDG
30064774746,68719480150,CDG
30064774746,68719480151,CDG
30064774746,68719480158,CDG
30064774746,68719480159,CDG
30064774746,68719480160,CDG
30064774746,30064774749,CDG
30064774746,30064774750,CDG
30064774746,30064774751,CDG
30064774746,68719480149,CDG
30064774746,30064774746,CDG
30064774746,30064774747,CDG
30064774746,30064774748,CDG
30064774746,30064774741,CDG
30064774746,30064774742,CDG
30064774746,25769804405,CDG
30064774746,30064774743,CDG
30064774746,55834576267,CDG
30064774746,55834576268,CDG
30064774746,55834576269,CDG
30064774752,68719480164,CDG
30064774752,68719480165,CDG
30064774752,90194313967,CDG
30064774752,30064774756,CDG
30064774752,30064774757,CDG
30064774752,30064774758,CDG
30064774752,30064774759,CDG
30064774752,68719480166,CDG
30064774752,68719480167,CDG
30064774752,68719480168,CDG
30064774752,55834576272,CDG
30064774752,55834576273,CDG
30064774767,30064774769,CDG
30064774767,30064774770,CDG
30064774767,141733920844,CDG
30064774767,30064774771,CDG
30064774767,68719480182,CDG
30064774767,55834576276,CDG
30064774767,55834576277,CDG
30064774767,30064774768,CDG
30064774767,90194313969,CDG
30064774767,68719480178,CDG
30064774767,68719480179,CDG
30064774767,68719480180,CDG
30064774767,68719480181,CDG
30064774783,55834576281,CDG
30064774783,141733920845,CDG
30064774783,55834576282,CDG
30064774783,68719480197,CDG
30064774783,30064774786,CDG
30064774783,30064774787,CDG
30064774783,30064774788,CDG
30064774783,68719480198,CDG
30064774783,68719480199,CDG
30064774783,68719480200,CDG
30064774783,68719480201,CDG
30064774783,30064774789,CDG
30064774783,90194313973,CDG
30064774784,90194313972,CDG
30064774801,68719480218,CDG
30064774801,68719480219,CDG
30064774801,68719480220,CDG
30064774801,141733920846,CDG
30064774801,68719480216,CDG
30064774801,68719480217,CDG
30064774801,55834576287,CDG
30064774801,55834576288,CDG
30064774801,30064774805,CDG
30064774801,30064774806,CDG
30064774801,30064774807,CDG
30064774801,30064774808,CDG
30064774801,90194313977,CDG
30064774802,90194313976,CDG
30064774811,68719480223,CDG
30064774811,90194313978,CDG
30064774826,30064774829,CDG
30064774826,30064774830,CDG
30064774826,30064774831,CDG
30064774826,90194313981,CDG
30064774826,141733920847,CDG
30064774826,55834576293,CDG
30064774826,55834576294,CDG
30064774826,68719480242,CDG
30064774826,68719480243,CDG
30064774826,68719480244,CDG
30064774826,30064774828,CDG
30064774826,68719480245,CDG
30064774826,68719480241,CDG
30064774844,90194313986,CDG
30064774844,141733920849,CDG
30064774844,30064774849,CDG
30064774844,68719480266,CDG
30064774844,30064774850,CDG
30064774844,68719480267,CDG
30064774844,30064774851,CDG
30064774844,68719480268,CDG
30064774844,30064774852,CDG
30064774844,68719480264,CDG
30064774844,68719480265,CDG
30064774844,55834576299,CDG
30064774844,55834576300,CDG
30064774845,90194313985,CDG
30064774845,55834576298,CDG
30064774845,68719480263,CDG
30064774845,30064774847,CDG
30064774845,30064774848,CDG
30064774864,68719480283,CDG
30064774864,30064774867,CDG
30064774864,68719480284,CDG
30064774864,30064774868,CDG
30064774864,68719480285,CDG
30064774864,30064774869,CDG
30064774864,68719480286,CDG
30064774864,30064774870,CDG
30064774864,68719480287,CDG
30064774864,90194313989,CDG
30064774864,141733920850,CDG
30064774864,55834576305,CDG
30064774864,55834576306,CDG
30064774879,55834576311,CDG
30064774879,55834576312,CDG
30064774879,90194313991,CDG
30064774879,141733920852,CDG
30064774879,30064774883,CDG
30064774879,68719480300,CDG
30064774879,30064774884,CDG
30064774879,68719480301,CDG
30064774879,30064774885,CDG
30064774879,68719480302,CDG
30064774879,30064774886,CDG
30064774879,68719480303,CDG
30064774879,68719480304,CDG
30064774893,30064774897,CDG
30064774893,30064774898,CDG
30064774893,30064774899,CDG
30064774893,55834576314,CDG
30064774893,30064774894,CDG
30064774893,30064774895,CDG
30064774893,30064774896,CDG
30064774893,90194313992,CDG
30064774893,90194313993,CDG
30064774893,25769804436,CDG
30064774893,68719480314,CDG
30064774893,68719480315,CDG
30064774893,68719480316,CDG
30064774893,68719480317,CDG
30064774893,68719480313,CDG
30064774912,90194313995,CDG
30064774916,90194313996,CDG
30064774920,90194313997,CDG
30064774924,90194313998,CDG
30064774928,90194313999,CDG
30064774932,90194314000,CDG
30064774936,90194314001,CDG
30064774940,90194314002,CDG
30064774944,90194314003,CDG
30064774948,90194314004,CDG
30064774952,90194314005,CDG
30064774956,90194314006,CDG
30064774957,30064774961,CDG
30064774957,30064774962,CDG
30064774957,30064774959,CDG
30064774957,30064774960,CDG
30064774957,141733920853,CDG
30064774957,55834576343,CDG
30064774957,55834576342,CDG
30064774957,68719480365,CDG
30064774957,90194314008,CDG
30064774957,68719480366,CDG
30064774957,68719480367,CDG
30064774957,68719480368,CDG
30064774957,68719480369,CDG
30064774970,68719480379,CDG
30064774970,68719480380,CDG
30064774970,68719480381,CDG
30064774970,55834576346,CDG
30064774970,30064774971,CDG
30064774970,30064774972,CDG
30064774970,141733920854,CDG
30064774970,68719480382,CDG
30064774970,55834576347,CDG
30064774970,68719480383,CDG
30064774970,30064774973,CDG
30064774970,30064774974,CDG
30064774970,90194314010,CDG
30064774986,30064774989,CDG
30064774986,30064774990,CDG
30064774986,90194314012,CDG
30064774986,55834576351,CDG
30064774986,55834576352,CDG
30064774986,141733920855,CDG
30064774986,68719480402,CDG
30064774986,30064774987,CDG
30064774986,30064774988,CDG
30064774986,68719480398,CDG
30064774986,68719480399,CDG
30064774986,68719480400,CDG
30064774986,68719480401,CDG
30064775002,90194314017,CDG
30064775002,68719480418,CDG
30064775002,68719480419,CDG
30064775002,68719480420,CDG
30064775002,68719480421,CDG
30064775002,30064775009,CDG
30064775002,55834576359,CDG
30064775002,30064775010,CDG
30064775002,30064775011,CDG
30064775002,68719480422,CDG
30064775002,141733920856,CDG
30064775002,30064775008,CDG
30064775002,55834576358,CDG
30064775003,90194314015,CDG
30064775003,90194314016,CDG
30064775003,68719480417,CDG
30064775003,30064775006,CDG
30064775003,30064775007,CDG
30064775003,55834576357,CDG
30064775022,30064775025,CDG
30064775022,30064775026,CDG
30064775022,30064775027,CDG
30064775022,30064775028,CDG
30064775022,30064775029,CDG
30064775022,68719480438,CDG
30064775022,68719480439,CDG
30064775022,90194314020,CDG
30064775022,90194314021,CDG
30064775022,68719480435,CDG
30064775022,68719480436,CDG
30064775022,68719480437,CDG
30064775022,25769804455,CDG
30064775054,55834576377,CDG
30064775054,55834576378,CDG
30064775054,68719480466,CDG
30064775054,68719480467,CDG
30064775054,68719480468,CDG
30064775054,68719480464,CDG
30064775054,68719480465,CDG
30064775054,30064775057,CDG
30064775054,30064775058,CDG
30064775054,30064775059,CDG
30064775054,30064775060,CDG
30064775054,90194314026,CDG
30064775072,55834576384,CDG
30064775072,68719480484,CDG
30064775072,55834576385,CDG
30064775072,68719480485,CDG
30064775072,90194314031,CDG
30064775072,68719480486,CDG
30064775072,68719480487,CDG
30064775072,68719480488,CDG
30064775072,141733920857,CDG
30064775072,30064775081,CDG
30064775072,30064775078,CDG
30064775072,30064775079,CDG
30064775072,30064775080,CDG
30064775073,55834576383,CDG
30064775073,68719480483,CDG
30064775073,30064775076,CDG
30064775073,90194314029,CDG
30064775073,90194314030,CDG
30064775073,30064775077,CDG
30064775093,68719480506,CDG
30064775093,68719480507,CDG
30064775093,68719480503,CDG
30064775093,68719480504,CDG
30064775093,68719480505,CDG
30064775093,30064775097,CDG
30064775093,30064775094,CDG
30064775093,30064775095,CDG
30064775093,30064775096,CDG
30064775093,90194314033,CDG
30064775093,55834576389,CDG
30064775093,55834576390,CDG
30064775093,141733920858,CDG
30064775109,68719480522,CDG
30064775109,141733920859,CDG
30064775109,68719480523,CDG
30064775109,68719480524,CDG
30064775109,68719480525,CDG
30064775109,55834576394,CDG
30064775109,30064775113,CDG
30064775109,68719480526,CDG
30064775109,55834576395,CDG
30064775109,90194314035,CDG
30064775109,30064775110,CDG
30064775109,30064775111,CDG
30064775109,30064775112,CDG
30064775121,68719480538,CDG
30064775121,30064775122,CDG
30064775121,68719480539,CDG
30064775121,30064775123,CDG
30064775121,68719480540,CDG
30064775121,30064775124,CDG
30064775121,68719480536,CDG
30064775121,68719480537,CDG
30064775121,30064775125,CDG
30064775121,141733920860,CDG
30064775121,55834576399,CDG
30064775121,90194314037,CDG
30064775121,55834576398,CDG
30064775133,55834576403,CDG
30064775133,30064775137,CDG
30064775133,68719480554,CDG
30064775133,141733920861,CDG
30064775133,68719480550,CDG
30064775133,30064775134,CDG
30064775133,68719480551,CDG
30064775133,30064775135,CDG
30064775133,68719480552,CDG
30064775133,30064775136,CDG
30064775133,68719480553,CDG
30064775133,90194314039,CDG
30064775133,55834576402,CDG
30064775144,55834576407,CDG
30064775144,55834576408,CDG
30064775144,30064775149,CDG
30064775144,68719480566,CDG
30064775144,30064775150,CDG
30064775144,30064775151,CDG
30064775144,141733920862,CDG
30064775144,68719480562,CDG
30064775144,68719480563,CDG
30064775144,68719480564,CDG
30064775144,30064775148,CDG
30064775144,68719480565,CDG
30064775144,90194314042,CDG
30064775158,90194314045,CDG
30064775158,68719480578,CDG
30064775158,30064775162,CDG
30064775158,30064775163,CDG
30064775158,30064775164,CDG
30064775158,68719480574,CDG
30064775158,68719480575,CDG
30064775158,55834576412,CDG
30064775158,68719480576,CDG
30064775158,55834576413,CDG
30064775158,68719480577,CDG
30064775158,30064775165,CDG
30064775158,141733920863,CDG
30064775173,90194314047,CDG
30064775173,55834576416,CDG
30064775173,55834576417,CDG
30064775173,68719480588,CDG
30064775173,68719480589,CDG
30064775173,30064775177,CDG
30064775173,68719480590,CDG
30064775173,68719480591,CDG
30064775173,30064775174,CDG
30064775173,141733920864,CDG
30064775173,68719480592,CDG
30064775173,30064775175,CDG
30064775173,30064775176,CDG
30064775180,90194314048,CDG
30064775180,68719480595,CDG
30064775193,90194314050,CDG
30064775193,68719480610,CDG
30064775193,68719480611,CDG
30064775193,30064775194,CDG
30064775193,68719480612,CDG
30064775193,30064775195,CDG
30064775193,68719480613,CDG
30064775193,30064775196,CDG
30064775193,30064775197,CDG
30064775193,68719480614,CDG
30064775193,55834576421,CDG
30064775193,55834576422,CDG
30064775193,141733920865,CDG
30064775338,30064775341,CDG
30064775338,30064775342,CDG
30064775338,30064775343,CDG
30064775338,30064775340,CDG
30064775338,55834576468,CDG
30064775338,55834576469,CDG
30064775338,68719480747,CDG
30064775338,68719480748,CDG
30064775338,68719480749,CDG
30064775338,68719480750,CDG
30064775338,90194314069,CDG
30064775338,90194314070,CDG
30064775345,30064775347,CDG
30064775345,30064775348,CDG
30064775345,30064775349,CDG
30064775345,30064775350,CDG
30064775345,55834576471,CDG
30064775345,55834576472,CDG
30064775345,68719480758,CDG
30064775345,68719480759,CDG
30064775345,68719480760,CDG
30064775345,68719480761,CDG
30064775345,90194314071,CDG
30064775345,90194314072,CDG
30064775345,68719480756,CDG
30064775345,68719480757,CDG
30064775378,90194314087,CDG
30064775378,90194314088,CDG
30064775385,90194314089,CDG
30064775577,90194314145,CDG
30064775577,68719481014,CDG
30064775577,55834576563,CDG
30064775577,68719481015,CDG
30064775577,55834576564,CDG
30064775577,30064775585,CDG
30064775577,30064775586,CDG
30064775577,30064775587,CDG
30064775577,30064775588,CDG
30064775577,30064775581,CDG
30064775577,30064775582,CDG
30064775577,30064775583,CDG
30064775577,30064775584,CDG
30064775577,68719481010,CDG
30064775577,68719481011,CDG
30064775577,68719481012,CDG
30064775577,55834576561,CDG
30064775577,68719481013,CDG
30064775577,55834576562,CDG
30064775577,68719481008,CDG
30064775577,25769804550,CDG
30064775577,68719481009,CDG
30064775766,55834576663,CDG
30064775766,68719481227,CDG
30064775766,68719481228,CDG
30064775766,68719481229,CDG
30064775766,30064775769,CDG
30064775766,90194314215,CDG
30064775766,68719481230,CDG
30064775766,30064775768,CDG
30064775787,30064775789,CDG
30064775787,30064775790,CDG
30064775787,30064775791,CDG
30064775787,30064775792,CDG
30064775787,68719481250,CDG
30064775787,68719481251,CDG
30064775787,30064775802,CDG
30064775787,30064775803,CDG
30064775787,68719481249,CDG
30064775787,90194314226,CDG
30064775787,55834576675,CDG
30064775787,30064775788,CDG
30064775787,55834576671,CDG
30064775787,55834576670,CDG
30064775787,68719481262,CDG
30064775787,141733920866,CDG
30064775790,90194314223,CDG
30064775792,30064775793,CDG
30064775792,30064775794,CDG
30064775792,30064775795,CDG
30064775792,30064775796,CDG
30064775792,30064775801,CDG
30064775792,68719481252,CDG
30064775792,68719481253,CDG
30064775792,30064775797,CDG
30064775792,30064775798,CDG
30064775792,30064775799,CDG
30064775792,25769804566,CDG
30064775792,30064775800,CDG
30064775792,90194314224,CDG
30064775792,90194314225,CDG
30064775792,55834576672,CDG
30064775792,55834576673,CDG
30064775792,55834576674,CDG
30064775792,68719481258,CDG
30064775792,68719481259,CDG
30064775792,68719481260,CDG
30064775792,68719481261,CDG
30064775792,68719481254,CDG
30064775792,68719481255,CDG
30064775792,68719481256,CDG
30064775792,68719481257,CDG
30064775807,90194314227,CDG
30064775807,68719481269,CDG
30064775811,25769804569,CDG
30064775811,90194314228,CDG
30064775811,68719481274,CDG
30064775811,68719481275,CDG
30064775811,68719481276,CDG
30064775811,68719481273,CDG
30064775811,30064775813,CDG
30064775811,30064775814,CDG
30064775811,30064775815,CDG
30064775811,30064775816,CDG
30064775818,55834576694,CDG
30064775818,68719481290,CDG
30064775818,55834576679,CDG
30064775818,68719481291,CDG
30064775818,55834576680,CDG
30064775818,68719481292,CDG
30064775818,55834576681,CDG
30064775818,68719481293,CDG
30064775818,55834576682,CDG
30064775818,68719481286,CDG
30064775818,68719481287,CDG
30064775818,68719481288,CDG
30064775818,68719481289,CDG
30064775818,55834576678,CDG
30064775818,68719481298,CDG
30064775818,68719481299,CDG
30064775818,68719481300,CDG
30064775818,68719481294,CDG
30064775818,55834576683,CDG
30064775818,68719481295,CDG
30064775818,55834576684,CDG
30064775818,68719481296,CDG
30064775818,55834576685,CDG
30064775818,68719481297,CDG
30064775818,68719481334,CDG
30064775818,68719481335,CDG
30064775818,25769804576,CDG
30064775818,25769804572,CDG
30064775818,68719481330,CDG
30064775818,68719481331,CDG
30064775818,68719481332,CDG
30064775818,68719481333,CDG
30064775818,90194314247,CDG
30064775818,90194314245,CDG
30064775818,90194314246,CDG
30064775818,30064775837,CDG
30064775818,30064775838,CDG
30064775818,30064775839,CDG
30064775818,90194314231,CDG
30064775818,90194314232,CDG
30064775818,90194314233,CDG
30064775818,90194314234,CDG
30064775818,90194314230,CDG
30064775818,68719481282,CDG
30064775818,68719481283,CDG
30064775818,68719481284,CDG
30064775818,68719481285,CDG
30064775818,68719481281,CDG
30064775818,30064775873,CDG
30064775818,30064775874,CDG
30064775818,30064775869,CDG
30064775818,30064775870,CDG
30064775818,30064775871,CDG
30064775818,30064775872,CDG
30064775818,30064775825,CDG
30064775818,30064775826,CDG
30064775818,30064775827,CDG
30064775818,30064775828,CDG
30064775818,30064775821,CDG
30064775818,30064775822,CDG
30064775818,30064775823,CDG
30064775818,30064775824,CDG
30064775818,30064775833,CDG
30064775818,30064775834,CDG
30064775818,30064775835,CDG
30064775818,30064775836,CDG
30064775818,30064775829,CDG
30064775818,30064775830,CDG
30064775818,30064775831,CDG
30064775818,30064775832,CDG
30064775818,30064775820,CDG
30064775838,68719481306,CDG
30064775838,68719481307,CDG
30064775838,68719481308,CDG
30064775838,68719481309,CDG
30064775838,68719481302,CDG
30064775838,68719481303,CDG
30064775838,68719481304,CDG
30064775838,68719481305,CDG
30064775838,68719481310,CDG
30064775838,55834576687,CDG
30064775838,68719481301,CDG
30064775838,55834576686,CDG
30064775838,90194314235,CDG
30064775838,90194314236,CDG
30064775838,90194314237,CDG
30064775838,30064775841,CDG
30064775838,30064775842,CDG
30064775838,30064775843,CDG
30064775838,30064775844,CDG
30064775838,30064775840,CDG
30064775838,30064775845,CDG
30064775838,30064775846,CDG
30064775838,68719481278,CDG
30064775838,68719481279,CDG
30064775838,68719481280,CDG
30064775838,30064775818,CDG
30064775838,141733920868,CDG
30064775838,30064775819,CDG
30064775845,55834576692,CDG
30064775845,55834576693,CDG
30064775845,68719481317,CDG
30064775845,68719481322,CDG
30064775845,68719481323,CDG
30064775845,68719481324,CDG
30064775845,68719481325,CDG
30064775845,68719481318,CDG
30064775845,68719481319,CDG
30064775845,68719481320,CDG
30064775845,25769804574,CDG
30064775845,68719481321,CDG
30064775845,68719481326,CDG
30064775845,120259084410,CDG
30064775845,68719481327,CDG
30064775845,68719481328,CDG
30064775845,68719481329,CDG
30064775845,30064775857,CDG
30064775845,30064775858,CDG
30064775845,90194314240,CDG
30064775845,30064775859,CDG
30064775845,90194314241,CDG
30064775845,30064775860,CDG
30064775845,90194314242,CDG
30064775845,30064775856,CDG
30064775845,30064775865,CDG
30064775845,30064775866,CDG
30064775845,30064775867,CDG
30064775845,30064775868,CDG
30064775845,30064775861,CDG
30064775845,90194314243,CDG
30064775845,30064775862,CDG
30064775845,90194314244,CDG
30064775845,30064775863,CDG
30064775845,30064775864,CDG
30064775845,68719481278,CDG
30064775845,68719481279,CDG
30064775845,68719481280,CDG
30064775845,30064775818,CDG
30064775845,30064775819,CDG
30064775846,68719481311,CDG
30064775846,68719481312,CDG
30064775846,68719481313,CDG
30064775846,55834576688,CDG
30064775846,55834576689,CDG
30064775846,90194314238,CDG
30064775846,30064775849,CDG
30064775846,30064775850,CDG
30064775846,30064775851,CDG
30064775846,30064775847,CDG
30064775846,30064775848,CDG
30064775848,55834576691,CDG
30064775848,68719481314,CDG
30064775848,68719481315,CDG
30064775848,68719481316,CDG
30064775848,55834576690,CDG
30064775848,90194314239,CDG
30064775848,30064775853,CDG
30064775848,30064775854,CDG
30064775848,30064775855,CDG
30064775848,30064775852,CDG
30064775868,55834576694,CDG
30064775868,68719481334,CDG
30064775868,68719481335,CDG
30064775868,25769804576,CDG
30064775868,68719481330,CDG
30064775868,68719481331,CDG
30064775868,68719481332,CDG
30064775868,68719481333,CDG
30064775868,90194314247,CDG
30064775868,90194314245,CDG
30064775868,90194314246,CDG
30064775868,68719481278,CDG
30064775868,68719481279,CDG
30064775868,68719481280,CDG
30064775868,30064775873,CDG
30064775868,30064775874,CDG
30064775868,30064775869,CDG
30064775868,30064775870,CDG
30064775868,30064775871,CDG
30064775868,30064775872,CDG
30064775868,30064775818,CDG
30064775868,30064775819,CDG
30064775868,47244640521,CDG
30064775877,90194314248,CDG
30064775877,68719481339,CDG
30064775877,68719481340,CDG
30064775877,68719481341,CDG
30064775877,68719481342,CDG
30064775877,30064775881,CDG
30064775877,30064775882,CDG
30064775877,25769804581,CDG
30064775877,30064775879,CDG
30064775877,30064775880,CDG
30064775909,68719481372,CDG
30064775909,68719481373,CDG
30064775909,30064775917,CDG
30064775909,30064775918,CDG
30064775909,30064775919,CDG
30064775909,68719481378,CDG
30064775909,68719481379,CDG
30064775909,68719481380,CDG
30064775909,90194314250,CDG
30064775909,68719481374,CDG
30064775909,68719481375,CDG
30064775909,68719481376,CDG
30064775909,68719481377,CDG
30064775909,30064775913,CDG
30064775909,30064775914,CDG
30064775909,30064775915,CDG
30064775909,30064775916,CDG
30064775909,30064775911,CDG
30064775909,30064775912,CDG
30064775909,90194314251,CDG
30064775909,90194314252,CDG
30064775909,55834576708,CDG
30064775909,55834576709,CDG
30064775909,55834576710,CDG
30064775909,141733920869,CDG
30064775909,25769804587,CDG
30064775928,68719481398,CDG
30064775928,68719481399,CDG
30064775928,68719481386,CDG
30064775928,68719481384,CDG
30064775928,68719481385,CDG
30064775928,68719481394,CDG
30064775928,68719481395,CDG
30064775928,68719481396,CDG
30064775928,68719481397,CDG
30064775928,68719481391,CDG
30064775928,68719481392,CDG
30064775928,68719481393,CDG
30064775928,30064775923,CDG
30064775928,30064775924,CDG
30064775928,30064775930,CDG
30064775928,30064775931,CDG
30064775928,30064775932,CDG
30064775928,30064775925,CDG
30064775928,25769804591,CDG
30064775928,30064775937,CDG
30064775928,55834576712,CDG
30064775928,55834576714,CDG
30064775928,30064775933,CDG
30064775928,30064775934,CDG
30064775928,30064775935,CDG
30064775928,30064775936,CDG
30064775928,55834576715,CDG
30064775928,90194314267,CDG
30064775928,141733920871,CDG
30064775936,68719481381,CDG
30064775936,68719481402,CDG
30064775936,68719481400,CDG
30064775936,68719481401,CDG
30064775936,68719481382,CDG
30064775936,68719481383,CDG
30064775936,30064775921,CDG
30064775936,30064775922,CDG
30064775936,30064775920,CDG
30064775936,30064775929,CDG
30064775936,30064775928,CDG
30064775936,25769804592,CDG
30064775936,25769804593,CDG
30064775936,55834576711,CDG
30064775936,30064775938,CDG
30064775936,30064775939,CDG
30064775936,55834576713,CDG
30064775936,30064775940,CDG
30064775936,30064775945,CDG
30064775936,30064775946,CDG
30064775936,30064775941,CDG
30064775936,30064775942,CDG
30064775936,55834576716,CDG
30064775936,30064775943,CDG
30064775936,30064775944,CDG
30064775936,90194314253,CDG
30064775940,68719481410,CDG
30064775940,68719481409,CDG
30064775940,68719481386,CDG
30064775940,68719481384,CDG
30064775940,68719481385,CDG
30064775940,30064775923,CDG
30064775940,30064775924,CDG
30064775940,30064775925,CDG
30064775940,30064775953,CDG
30064775940,30064775954,CDG
30064775940,30064775955,CDG
30064775940,30064775956,CDG
30064775940,30064775957,CDG
30064775940,30064775958,CDG
30064775940,30064775959,CDG
30064775940,25769804598,CDG
30064775940,30064775960,CDG
30064775940,30064775937,CDG
30064775940,55834576712,CDG
30064775940,30064775936,CDG
30064775940,55834576715,CDG
30064775940,90194314260,CDG
30064775940,68719481417,CDG
30064775940,141733920870,CDG
30064775941,68719481408,CDG
30064775941,30064775952,CDG
30064775941,90194314259,CDG
30064775942,68719481407,CDG
30064775942,30064775951,CDG
30064775942,90194314258,CDG
30064775943,68719481406,CDG
30064775943,30064775950,CDG
30064775943,90194314257,CDG
30064775944,68719481405,CDG
30064775944,30064775949,CDG
30064775944,90194314256,CDG
30064775945,68719481404,CDG
30064775945,30064775948,CDG
30064775945,90194314255,CDG
30064775946,68719481403,CDG
30064775946,30064775947,CDG
30064775946,90194314254,CDG
30064775955,30064775966,CDG
30064775955,90194314266,CDG
30064775955,68719481416,CDG
30064775956,30064775965,CDG
30064775956,90194314265,CDG
30064775956,68719481415,CDG
30064775957,30064775964,CDG
30064775957,90194314264,CDG
30064775957,68719481414,CDG
30064775958,68719481413,CDG
30064775958,30064775963,CDG
30064775958,90194314263,CDG
30064775959,68719481412,CDG
30064775959,30064775962,CDG
30064775959,90194314262,CDG
30064775960,68719481411,CDG
30064775960,30064775961,CDG
30064775960,90194314261,CDG
30064776008,90194314283,CDG
30064776012,90194314284,CDG
30064776016,90194314285,CDG
30064776024,90194314286,CDG
30064776028,90194314287,CDG
30064776034,90194314288,CDG
30064776038,90194314289,CDG
30064776044,90194314290,CDG
30064776048,90194314291,CDG
30064776063,68719481500,CDG
30064776063,68719481501,CDG
30064776063,68719481502,CDG
30064776063,68719481503,CDG
30064776063,25769804613,CDG
30064776063,90194314297,CDG
30064776063,30064776065,CDG
30064776063,30064776066,CDG
30064776063,30064776067,CDG
30064776063,30064776068,CDG
30064776107,30064776113,CDG
30064776107,30064776114,CDG
30064776107,30064776115,CDG
30064776107,30064776116,CDG
30064776107,30064776109,CDG
30064776107,30064776110,CDG
30064776107,30064776111,CDG
30064776107,30064776112,CDG
30064776107,30064776117,CDG
30064776107,25769804619,CDG
30064776107,55834576775,CDG
30064776107,55834576776,CDG
30064776107,55834576774,CDG
30064776107,90194314303,CDG
30064776107,90194314304,CDG
30064776107,90194314305,CDG
30064776107,68719481549,CDG
30064776107,68719481554,CDG
30064776107,68719481555,CDG
30064776107,68719481556,CDG
30064776107,68719481557,CDG
30064776107,68719481550,CDG
30064776107,68719481551,CDG
30064776107,68719481552,CDG
30064776107,68719481553,CDG
30064776107,141733920876,CDG
30064776120,90194314306,CDG
30064776120,68719481560,CDG
30064776142,30064776145,CDG
30064776142,30064776146,CDG
30064776142,68719481590,CDG
30064776142,30064776143,CDG
30064776142,30064776144,CDG
30064776142,68719481587,CDG
30064776142,90194314312,CDG
30064776142,25769804633,CDG
30064776142,68719481588,CDG
30064776142,68719481589,CDG
30064776219,30064776237,CDG
30064776219,30064776225,CDG
30064776219,30064776226,CDG
30064776219,30064776227,CDG
30064776219,30064776228,CDG
30064776219,90194314347,CDG
30064776219,30064776222,CDG
30064776219,30064776223,CDG
30064776219,30064776224,CDG
30064776219,30064776235,CDG
30064776219,30064776236,CDG
30064776219,55834576801,CDG
30064776219,55834576802,CDG
30064776219,90194314343,CDG
30064776219,90194314342,CDG
30064776219,68719481686,CDG
30064776219,68719481674,CDG
30064776219,68719481675,CDG
30064776219,68719481670,CDG
30064776219,68719481671,CDG
30064776219,55834576804,CDG
30064776219,68719481672,CDG
30064776219,68719481673,CDG
30064776219,68719481683,CDG
30064776219,68719481684,CDG
30064776219,68719481685,CDG
30064776257,90194314357,CDG
30064776257,90194314358,CDG
30064776257,30064776259,CDG
30064776257,30064776260,CDG
30064776257,30064776261,CDG
30064776257,30064776263,CDG
30064776257,30064776264,CDG
30064776257,55834576813,CDG
30064776257,68719481709,CDG
30064776257,68719481714,CDG
30064776257,68719481715,CDG
30064776257,68719481710,CDG
30064776257,68719481711,CDG
30064776257,68719481712,CDG
30064776261,30064776262,CDG
30064776261,55834576812,CDG
30064776261,68719481713,CDG
30064776263,90194314359,CDG
30064776263,90194314360,CDG
30064776263,30064776269,CDG
30064776263,30064776270,CDG
30064776263,30064776265,CDG
30064776263,30064776266,CDG
30064776263,30064776267,CDG
30064776263,55834576815,CDG
30064776263,68719481722,CDG
30064776263,68719481718,CDG
30064776263,68719481719,CDG
30064776263,68719481721,CDG
30064776263,68719481716,CDG
30064776263,68719481717,CDG
30064776267,30064776268,CDG
30064776267,55834576814,CDG
30064776267,68719481720,CDG
30064776269,90194314363,CDG
30064776269,90194314361,CDG
30064776269,30064776273,CDG
30064776269,30064776274,CDG
30064776269,30064776271,CDG
30064776269,30064776272,CDG
30064776269,30064776277,CDG
30064776269,30064776278,CDG
30064776269,55834576817,CDG
30064776269,68719481723,CDG
30064776269,68719481724,CDG
30064776269,68719481725,CDG
30064776269,68719481731,CDG
30064776269,68719481732,CDG
30064776269,68719481726,CDG
30064776273,30064776276,CDG
30064776273,55834576816,CDG
30064776273,68719481730,CDG
30064776274,90194314362,CDG
30064776274,30064776275,CDG
30064776274,68719481727,CDG
30064776274,68719481728,CDG
30064776274,68719481729,CDG
30064776277,90194314364,CDG
30064776277,90194314365,CDG
30064776277,30064776281,CDG
30064776277,30064776283,CDG
30064776277,30064776284,CDG
30064776277,30064776279,CDG
30064776277,30064776280,CDG
30064776277,68719481738,CDG
30064776277,68719481739,CDG
30064776277,68719481734,CDG
30064776277,68719481735,CDG
30064776277,68719481736,CDG
30064776277,55834576819,CDG
30064776277,68719481733,CDG
30064776281,30064776282,CDG
30064776281,68719481737,CDG
30064776281,55834576818,CDG
30064776283,90194314367,CDG
30064776283,90194314366,CDG
30064776283,68719481740,CDG
30064776283,68719481741,CDG
30064776283,68719481746,CDG
30064776283,68719481742,CDG
30064776283,68719481743,CDG
30064776283,68719481745,CDG
30064776283,55834576821,CDG
30064776283,30064776289,CDG
30064776283,30064776290,CDG
30064776283,30064776285,CDG
30064776283,30064776286,CDG
30064776283,30064776287,CDG
30064776287,68719481744,CDG
30064776287,55834576820,CDG
30064776287,30064776288,CDG
30064776289,90194314368,CDG
30064776289,90194314369,CDG
30064776289,68719481750,CDG
30064776289,68719481752,CDG
30064776289,68719481753,CDG
30064776289,68719481747,CDG
30064776289,68719481748,CDG
30064776289,68719481749,CDG
30064776289,55834576823,CDG
30064776289,30064776291,CDG
30064776289,30064776292,CDG
30064776289,30064776297,CDG
30064776289,30064776293,CDG
30064776289,30064776295,CDG
30064776289,30064776296,CDG
30064776293,68719481751,CDG
30064776293,55834576822,CDG
30064776293,30064776294,CDG
30064776295,90194314371,CDG
30064776295,68719481756,CDG
30064776295,68719481757,CDG
30064776295,68719481758,CDG
30064776295,68719481759,CDG
30064776295,30064776301,CDG
30064776295,30064776302,CDG
30064776295,30064776303,CDG
30064776295,30064776300,CDG
30064776296,90194314370,CDG
30064776296,68719481754,CDG
30064776296,68719481755,CDG
30064776296,55834576824,CDG
30064776296,30064776298,CDG
30064776296,30064776299,CDG
30064776302,68719481763,CDG
30064776302,30064776305,CDG
30064776302,55834576825,CDG
30064776303,90194314372,CDG
30064776303,68719481762,CDG
30064776303,68719481760,CDG
30064776303,68719481761,CDG
30064776303,30064776304,CDG
30064776328,90194314383,CDG
30064776328,90194314384,CDG
30064776328,90194314385,CDG
30064776328,90194314386,CDG
30064776328,90194314391,CDG
30064776328,90194314392,CDG
30064776328,90194314393,CDG
30064776328,90194314394,CDG
30064776328,90194314387,CDG
30064776328,90194314388,CDG
30064776328,90194314389,CDG
30064776328,90194314390,CDG
30064776328,30064776349,CDG
30064776328,30064776350,CDG
30064776328,68719481794,CDG
30064776328,68719481795,CDG
30064776328,68719481796,CDG
30064776328,68719481797,CDG
30064776328,68719481793,CDG
30064776328,55834576834,CDG
30064776328,30064776337,CDG
30064776328,30064776338,CDG
30064776328,30064776339,CDG
30064776328,30064776340,CDG
30064776328,30064776333,CDG
30064776328,30064776334,CDG
30064776328,30064776335,CDG
30064776328,30064776336,CDG
30064776328,30064776345,CDG
30064776328,30064776346,CDG
30064776328,30064776347,CDG
30064776328,30064776348,CDG
30064776328,30064776341,CDG
30064776328,30064776342,CDG
30064776328,30064776343,CDG
30064776328,30064776344,CDG
30064776328,55834576839,CDG
30064776328,55834576840,CDG
30064776328,55834576841,CDG
30064776328,55834576842,CDG
30064776328,55834576835,CDG
30064776328,55834576836,CDG
30064776328,55834576837,CDG
30064776328,55834576838,CDG
30064776328,30064776330,CDG
30064776328,30064776331,CDG
30064776328,30064776332,CDG
30064776328,68719481814,CDG
30064776328,68719481802,CDG
30064776328,68719481803,CDG
30064776328,68719481804,CDG
30064776328,68719481805,CDG
30064776328,68719481798,CDG
30064776328,68719481799,CDG
30064776328,68719481800,CDG
30064776328,68719481801,CDG
30064776328,68719481810,CDG
30064776328,68719481811,CDG
30064776328,68719481812,CDG
30064776328,68719481813,CDG
30064776328,68719481806,CDG
30064776328,68719481807,CDG
30064776328,68719481808,CDG
30064776328,68719481809,CDG
30064776351,90194314395,CDG
30064776351,90194314396,CDG
30064776351,90194314397,CDG
30064776351,90194314414,CDG
30064776351,90194314426,CDG
30064776351,90194314447,CDG
30064776351,90194314448,CDG
30064776351,90194314449,CDG
30064776351,90194314450,CDG
30064776351,90194314443,CDG
30064776351,90194314444,CDG
30064776351,90194314445,CDG
30064776351,90194314446,CDG
30064776351,90194314451,CDG
30064776351,141733920887,CDG
30064776351,30064776370,CDG
30064776351,30064776371,CDG
30064776351,30064776372,CDG
30064776351,30064776373,CDG
30064776351,55834576894,CDG
30064776351,30064776353,CDG
30064776351,30064776354,CDG
30064776351,30064776355,CDG
30064776351,55834576873,CDG
30064776351,30064776356,CDG
30064776351,30064776357,CDG
30064776351,30064776358,CDG
30064776351,30064776359,CDG
30064776351,30064776360,CDG
30064776351,55834576919,CDG
30064776351,55834576920,CDG
30064776351,55834576921,CDG
30064776351,55834576922,CDG
30064776351,55834576915,CDG
30064776351,55834576916,CDG
30064776351,55834576917,CDG
30064776351,55834576918,CDG
30064776351,30064776409,CDG
30064776351,30064776410,CDG
30064776351,30064776411,CDG
30064776351,55834576923,CDG
30064776351,55834576924,CDG
30064776351,55834576925,CDG
30064776351,30064776408,CDG
30064776351,55834576926,CDG
30064776351,55834576914,CDG
30064776351,55834576907,CDG
30064776351,55834576853,CDG
30064776351,55834576866,CDG
30064776351,55834576847,CDG
30064776351,55834576844,CDG
30064776351,55834576845,CDG
30064776351,55834576846,CDG
30064776351,68719481882,CDG
30064776351,68719481883,CDG
30064776351,68719481884,CDG
30064776351,68719481885,CDG
30064776351,68719481881,CDG
30064776351,68719481886,CDG
30064776351,68719481867,CDG
30064776351,30064776477,CDG
30064776351,30064776478,CDG
30064776351,30064776479,CDG
30064776351,30064776480,CDG
30064776351,30064776537,CDG
30064776351,68719481923,CDG
30064776351,30064776538,CDG
30064776351,68719481924,CDG
30064776351,30064776539,CDG
30064776351,68719481925,CDG
30064776351,30064776540,CDG
30064776351,30064776534,CDG
30064776351,30064776535,CDG
30064776351,30064776536,CDG
30064776351,30064776515,CDG
30064776351,30064776516,CDG
30064776351,30064776517,CDG
30064776351,30064776518,CDG
30064776351,68719481818,CDG
30064776351,68719481819,CDG
30064776351,68719481820,CDG
30064776351,68719481821,CDG
30064776351,30064776429,CDG
30064776351,30064776430,CDG
30064776351,68719481816,CDG
30064776351,68719481817,CDG
30064776351,68719481822,CDG
30064776351,68719481823,CDG
30064776351,30064776427,CDG
30064776351,30064776428,CDG
30064776351,68719481834,CDG
30064776351,68719481835,CDG
30064776351,68719481836,CDG
30064776351,68719481831,CDG
30064776351,68719481832,CDG
30064776351,68719481833,CDG
30064776351,68719481994,CDG
30064776351,68719481990,CDG
30064776351,68719481991,CDG
30064776351,68719481992,CDG
30064776351,68719481993,CDG
30064776351,30064776557,CDG
30064776351,30064776545,CDG
30064776351,30064776546,CDG
30064776351,30064776547,CDG
30064776351,30064776548,CDG
30064776351,68719481926,CDG
30064776351,30064776541,CDG
30064776351,68719481927,CDG
30064776351,30064776542,CDG
30064776351,68719481928,CDG
30064776351,30064776543,CDG
30064776351,30064776544,CDG
30064776351,30064776553,CDG
30064776351,30064776554,CDG
30064776351,30064776555,CDG
30064776351,30064776556,CDG
30064776351,30064776549,CDG
30064776351,30064776550,CDG
30064776351,30064776551,CDG
30064776351,30064776552,CDG
30064776351,68719481978,CDG
30064776351,68719481979,CDG
30064776351,68719481980,CDG
30064776351,68719481981,CDG
30064776351,68719481974,CDG
30064776351,68719481975,CDG
30064776351,68719481976,CDG
30064776351,68719481977,CDG
30064776351,68719481986,CDG
30064776351,68719481987,CDG
30064776351,68719481988,CDG
30064776351,68719481989,CDG
30064776351,68719481982,CDG
30064776351,68719481983,CDG
30064776351,68719481984,CDG
30064776351,68719481985,CDG
30064776351,68719481959,CDG
30064776351,68719481973,CDG
30064776359,120259084414,CDG
30064776359,30064776369,CDG
30064776359,30064776365,CDG
30064776359,30064776366,CDG
30064776359,30064776367,CDG
30064776359,30064776368,CDG
30064776359,30064776364,CDG
30064776359,55834576851,CDG
30064776359,55834576852,CDG
30064776359,55834576850,CDG
30064776359,68719481827,CDG
30064776359,68719481828,CDG
30064776359,68719481829,CDG
30064776359,68719481830,CDG
30064776360,30064776361,CDG
30064776360,30064776362,CDG
30064776360,30064776363,CDG
30064776360,55834576848,CDG
30064776360,55834576849,CDG
30064776360,68719481826,CDG
30064776360,68719481824,CDG
30064776360,68719481825,CDG
30064776381,90194314402,CDG
30064776381,90194314403,CDG
30064776381,90194314406,CDG
30064776381,30064776398,CDG
30064776381,30064776399,CDG
30064776381,30064776400,CDG
30064776381,30064776385,CDG
30064776381,30064776386,CDG
30064776381,30064776387,CDG
30064776381,30064776388,CDG
30064776381,30064776384,CDG
30064776381,30064776389,CDG
30064776381,30064776390,CDG
30064776381,55834576857,CDG
30064776381,55834576858,CDG
30064776381,55834576862,CDG
30064776381,68719481850,CDG
30064776381,68719481851,CDG
30064776381,68719481852,CDG
30064776381,68719481847,CDG
30064776381,68719481848,CDG
30064776381,68719481849,CDG
30064776381,68719481858,CDG
30064776381,68719481859,CDG
30064776381,68719481860,CDG
30064776381,68719481861,CDG
30064776408,90194314411,CDG
30064776408,55834576869,CDG
30064776408,68719481874,CDG
30064776408,68719481875,CDG
30064776408,68719481870,CDG
30064776408,68719481871,CDG
30064776408,68719481872,CDG
30064776408,68719481873,CDG
30064776408,30064776417,CDG
30064776408,30064776418,CDG
30064776408,30064776419,CDG
30064776408,30064776416,CDG
30064776409,90194314410,CDG
30064776409,55834576868,CDG
30064776409,68719481869,CDG
30064776409,30064776414,CDG
30064776409,30064776415,CDG
30064776410,90194314409,CDG
30064776410,55834576867,CDG
30064776410,30064776412,CDG
30064776410,68719481868,CDG
30064776410,30064776413,CDG
30064776438,90194314423,CDG
30064776438,90194314419,CDG
30064776438,90194314420,CDG
30064776438,55834576886,CDG
30064776438,55834576877,CDG
30064776438,55834576878,CDG
30064776438,68719481914,CDG
30064776438,68719481911,CDG
30064776438,68719481912,CDG
30064776438,68719481913,CDG
30064776438,68719481898,CDG
30064776438,68719481899,CDG
30064776438,68719481900,CDG
30064776438,68719481901,CDG
30064776438,68719481897,CDG
30064776438,68719481902,CDG
30064776438,30064776441,CDG
30064776438,30064776442,CDG
30064776438,30064776443,CDG
30064776438,30064776444,CDG
30064776438,30064776461,CDG
30064776438,30064776462,CDG
30064776438,30064776463,CDG
30064776438,30064776445,CDG
30064776438,30064776446,CDG
30064776438,30064776447,CDG
30064776448,25769804668,CDG
30064776448,55834576880,CDG
30064776448,68719481904,CDG
30064776448,68719481905,CDG
30064776448,30064776450,CDG
30064776448,30064776451,CDG
30064776464,25769804670,CDG
30064776464,55834576888,CDG
30064776464,68719481916,CDG
30064776464,68719481917,CDG
30064776464,30064776466,CDG
30064776464,30064776467,CDG
30064776488,90194314431,CDG
30064776488,90194314432,CDG
30064776488,90194314435,CDG
30064776488,55834576898,CDG
30064776488,55834576903,CDG
30064776488,55834576899,CDG
30064776488,30064776497,CDG
30064776488,30064776493,CDG
30064776488,30064776494,CDG
30064776488,30064776495,CDG
30064776488,30064776496,CDG
30064776488,30064776505,CDG
30064776488,30064776506,CDG
30064776488,30064776507,CDG
30064776488,30064776491,CDG
30064776488,30064776492,CDG
30064776488,68719481942,CDG
30064776488,68719481943,CDG
30064776488,68719481944,CDG
30064776488,68719481950,CDG
30064776488,68719481951,CDG
30064776488,68719481952,CDG
30064776488,68719481953,CDG
30064776488,68719481939,CDG
30064776488,68719481940,CDG
30064776488,68719481941,CDG
30064776515,90194314440,CDG
30064776515,55834576910,CDG
30064776515,30064776525,CDG
30064776515,30064776526,CDG
30064776515,30064776523,CDG
30064776515,30064776524,CDG
30064776515,68719481962,CDG
30064776515,68719481963,CDG
30064776515,68719481964,CDG
30064776515,68719481965,CDG
30064776515,68719481966,CDG
30064776515,68719481967,CDG
30064776516,90194314439,CDG
30064776516,55834576909,CDG
30064776516,30064776521,CDG
30064776516,30064776522,CDG
30064776516,68719481961,CDG
30064776517,90194314438,CDG
30064776517,55834576908,CDG
30064776517,30064776519,CDG
30064776517,30064776520,CDG
30064776517,68719481960,CDG
30064776561,90194314463,CDG
30064776561,90194314464,CDG
30064776561,90194314465,CDG
30064776561,90194314466,CDG
30064776561,90194314459,CDG
30064776561,90194314460,CDG
30064776561,90194314461,CDG
30064776561,90194314462,CDG
30064776561,90194314467,CDG
30064776561,90194314468,CDG
30064776561,90194314455,CDG
30064776561,90194314457,CDG
30064776561,90194314454,CDG
30064776561,55834576935,CDG
30064776561,55834576936,CDG
30064776561,55834576937,CDG
30064776561,55834576938,CDG
30064776561,55834576931,CDG
30064776561,55834576932,CDG
30064776561,55834576933,CDG
30064776561,55834576934,CDG
30064776561,55834576939,CDG
30064776561,55834576940,CDG
30064776561,55834576941,CDG
30064776561,55834576942,CDG
30064776561,68719482010,CDG
30064776561,68719482013,CDG
30064776561,68719482006,CDG
30064776561,68719482007,CDG
30064776561,68719482008,CDG
30064776561,68719482009,CDG
30064776561,68719482018,CDG
30064776561,68719482019,CDG
30064776561,68719482020,CDG
30064776561,68719482021,CDG
30064776561,68719482014,CDG
30064776561,68719482015,CDG
30064776561,68719482016,CDG
30064776561,68719482017,CDG
30064776561,68719482002,CDG
30064776561,68719482003,CDG
30064776561,68719482004,CDG
30064776561,68719482005,CDG
30064776561,68719482026,CDG
30064776561,68719482027,CDG
30064776561,68719482028,CDG
30064776561,68719482029,CDG
30064776561,68719482022,CDG
30064776561,68719482023,CDG
30064776561,68719482024,CDG
30064776561,68719482025,CDG
30064776561,68719482034,CDG
30064776561,68719482035,CDG
30064776561,68719482036,CDG
30064776561,68719482037,CDG
30064776561,68719482030,CDG
30064776561,68719482031,CDG
30064776561,68719482032,CDG
30064776561,68719482033,CDG
30064776561,30064776569,CDG
30064776561,30064776570,CDG
30064776561,30064776571,CDG
30064776561,30064776572,CDG
30064776561,30064776565,CDG
30064776561,30064776566,CDG
30064776561,30064776567,CDG
30064776561,30064776568,CDG
30064776561,30064776593,CDG
30064776561,30064776594,CDG
30064776561,30064776595,CDG
30064776561,30064776596,CDG
30064776561,30064776589,CDG
30064776561,30064776590,CDG
30064776561,30064776591,CDG
30064776561,30064776592,CDG
30064776561,30064776601,CDG
30064776561,30064776602,CDG
30064776561,30064776597,CDG
30064776561,30064776598,CDG
30064776561,30064776599,CDG
30064776561,30064776600,CDG
30064776561,30064776577,CDG
30064776561,30064776579,CDG
30064776561,30064776580,CDG
30064776561,30064776573,CDG
30064776561,30064776574,CDG
30064776561,30064776575,CDG
30064776561,30064776576,CDG
30064776561,30064776585,CDG
30064776561,30064776586,CDG
30064776561,30064776587,CDG
30064776561,30064776588,CDG
30064776561,30064776581,CDG
30064776561,30064776582,CDG
30064776561,30064776583,CDG
30064776561,30064776584,CDG
30064776568,90194314456,CDG
30064776643,55834576951,CDG
30064776643,68719482076,CDG
30064776643,55834576953,CDG
30064776643,68719482077,CDG
30064776643,55834576954,CDG
30064776643,68719482070,CDG
30064776643,68719482071,CDG
30064776643,68719482082,CDG
30064776643,68719482083,CDG
30064776643,68719482084,CDG
30064776643,55834576961,CDG
30064776643,68719482078,CDG
30064776643,68719482079,CDG
30064776643,68719482080,CDG
30064776643,68719482081,CDG
30064776643,30064776682,CDG
30064776643,30064776683,CDG
30064776643,68719482069,CDG
30064776643,30064776684,CDG
30064776643,68719482108,CDG
30064776643,68719482109,CDG
30064776643,68719482110,CDG
30064776643,141733920891,CDG
30064776643,90194314487,CDG
30064776643,90194314485,CDG
30064776643,90194314486,CDG
30064776643,30064776638,CDG
30064776643,30064776639,CDG
30064776643,30064776640,CDG
30064776643,30064776649,CDG
30064776643,30064776650,CDG
30064776643,30064776651,CDG
30064776643,30064776652,CDG
30064776643,30064776645,CDG
30064776643,30064776646,CDG
30064776643,30064776647,CDG
30064776643,30064776648,CDG
30064776643,25769804698,CDG
30064776651,55834576952,CDG
30064776651,55834576950,CDG
30064776651,68719482085,CDG
30064776651,55834576955,CDG
30064776651,30064776669,CDG
30064776651,68719482066,CDG
30064776651,68719482067,CDG
30064776651,68719482068,CDG
30064776651,68719482086,CDG
30064776651,68719482087,CDG
30064776651,68719482088,CDG
30064776651,68719482095,CDG
30064776651,30064776635,CDG
30064776651,30064776636,CDG
30064776651,90194314476,CDG
30064776651,30064776657,CDG
30064776651,30064776658,CDG
30064776651,30064776659,CDG
30064776651,30064776660,CDG
30064776651,30064776653,CDG
30064776651,30064776654,CDG
30064776651,30064776655,CDG
30064776651,30064776656,CDG
30064776651,30064776661,CDG
30064776651,30064776662,CDG
30064776651,30064776643,CDG
30064776651,30064776644,CDG
30064776651,30064776637,CDG
30064776651,25769804699,CDG
30064776651,25769804700,CDG
30064776657,68719482094,CDG
30064776657,90194314482,CDG
30064776657,30064776668,CDG
30064776658,68719482093,CDG
30064776658,90194314481,CDG
30064776658,30064776667,CDG
30064776659,68719482092,CDG
30064776659,90194314480,CDG
30064776659,30064776666,CDG
30064776660,68719482091,CDG
30064776660,90194314479,CDG
30064776660,30064776665,CDG
30064776661,68719482090,CDG
30064776661,90194314478,CDG
30064776661,30064776664,CDG
30064776662,68719482089,CDG
30064776662,90194314477,CDG
30064776662,30064776663,CDG
30064776669,55834576951,CDG
30064776669,55834576954,CDG
30064776669,68719482070,CDG
30064776669,68719482071,CDG
30064776669,55834576959,CDG
30064776669,55834576960,CDG
30064776669,55834576958,CDG
30064776669,30064776675,CDG
30064776669,30064776676,CDG
30064776669,30064776681,CDG
30064776669,68719482069,CDG
30064776669,30064776677,CDG
30064776669,30064776678,CDG
30064776669,30064776679,CDG
30064776669,30064776680,CDG
30064776669,68719482106,CDG
30064776669,68719482107,CDG
30064776669,68719482102,CDG
30064776669,68719482103,CDG
30064776669,68719482104,CDG
30064776669,68719482105,CDG
30064776669,68719482100,CDG
30064776669,68719482101,CDG
30064776669,141733920890,CDG
30064776669,90194314483,CDG
30064776669,90194314484,CDG
30064776669,30064776638,CDG
30064776669,30064776639,CDG
30064776669,30064776640,CDG
30064776669,30064776651,CDG
30064776669,30064776652,CDG
30064776669,25769804701,CDG
30064776669,25769804702,CDG
30064776713,90194314496,CDG
30064776717,90194314497,CDG
30064776721,90194314498,CDG
30064776727,90194314499,CDG
30064776731,90194314500,CDG
30064776735,90194314501,CDG
30064776739,90194314502,CDG
30064776743,90194314503,CDG
30064776747,90194314504,CDG
30064776790,68719482198,CDG
30064776790,68719482199,CDG
30064776790,68719482200,CDG
30064776790,68719482201,CDG
30064776790,68719482197,CDG
30064776790,25769804718,CDG
30064776790,30064776793,CDG
30064776790,30064776794,CDG
30064776790,30064776795,CDG
30064776790,30064776791,CDG
30064776790,30064776792,CDG
30064776790,90194314515,CDG
30064776790,90194314516,CDG
30064776801,68719482210,CDG
30064776801,68719482209,CDG
30064776801,30064776802,CDG
30064776801,30064776803,CDG
30064776801,55834577006,CDG
30064776801,90194314518,CDG
30064776838,90194314529,CDG
30064776839,55834577016,CDG
30064776839,68719482259,CDG
30064776839,30064776840,CDG
30064776844,90194314530,CDG
30064776848,90194314531,CDG
30064776852,90194314532,CDG
30064776853,68719482266,CDG
30064776853,55834577023,CDG
30064776853,30064776854,CDG
30064776858,90194314533,CDG
30064776859,68719482269,CDG
30064776859,30064776860,CDG
30064776859,55834577026,CDG
30064776918,68719482326,CDG
30064776918,68719482327,CDG
30064776918,68719482328,CDG
30064776918,68719482329,CDG
30064776918,30064776929,CDG
30064776918,30064776925,CDG
30064776918,55834577059,CDG
30064776918,30064776926,CDG
30064776918,55834577060,CDG
30064776918,30064776927,CDG
30064776918,55834577061,CDG
30064776918,30064776928,CDG
30064776918,68719482322,CDG
30064776918,68719482323,CDG
30064776918,68719482324,CDG
30064776918,68719482325,CDG
30064776918,30064776921,CDG
30064776918,30064776922,CDG
30064776918,30064776923,CDG
30064776918,30064776924,CDG
30064776918,55834577058,CDG
30064776918,30064776919,CDG
30064776918,30064776920,CDG
30064776921,90194314540,CDG
30064776925,90194314541,CDG
30064776936,90194314545,CDG
30064776936,30064776937,CDG
30064776936,68719482336,CDG
30064776936,68719482337,CDG
30064776952,30064776953,CDG
30064776952,30064776954,CDG
30064776952,30064776955,CDG
30064776952,30064776956,CDG
30064776952,30064776957,CDG
30064776952,30064776958,CDG
30064776952,30064776959,CDG
30064776952,30064776960,CDG
30064776952,68719482354,CDG
30064776952,55834577071,CDG
30064776952,55834577072,CDG
30064776952,55834577073,CDG
30064776952,68719482351,CDG
30064776952,68719482352,CDG
30064776952,68719482353,CDG
30064776952,55834577070,CDG
30064776955,90194314550,CDG
30064776959,90194314551,CDG
30064776967,68719482362,CDG
30064776967,90194314555,CDG
30064776967,68719482361,CDG
30064776967,30064776968,CDG
30064776985,90194314562,CDG
30064776988,90194314563,CDG
30064776989,68719482394,CDG
30064776989,68719482395,CDG
30064776989,68719482390,CDG
30064776989,68719482391,CDG
30064776989,68719482392,CDG
30064776989,68719482393,CDG
30064776989,55834577087,CDG
30064776989,55834577088,CDG
30064776989,55834577089,CDG
30064776989,90194314564,CDG
30064776989,55834577084,CDG
30064776989,55834577085,CDG
30064776989,55834577086,CDG
30064776989,30064776993,CDG
30064776989,30064776994,CDG
30064776989,30064776995,CDG
30064776989,30064776996,CDG
30064776989,30064776991,CDG
30064776989,30064776992,CDG
30064776989,68719482386,CDG
30064776989,30064777001,CDG
30064776989,68719482387,CDG
30064776989,30064777002,CDG
30064776989,68719482388,CDG
30064776989,30064777003,CDG
30064776989,68719482389,CDG
30064776989,30064776997,CDG
30064776989,30064776998,CDG
30064776989,68719482384,CDG
30064776989,30064776999,CDG
30064776989,68719482385,CDG
30064776989,30064777000,CDG
30064776989,25769804743,CDG
30064777021,25769804748,CDG
30064777021,141733920899,CDG
30064777021,141733920900,CDG
30064777021,25769804746,CDG
30064777021,68719482426,CDG
30064777021,30064777041,CDG
30064777021,68719482427,CDG
30064777021,30064777042,CDG
30064777021,68719482428,CDG
30064777021,30064777043,CDG
30064777021,68719482429,CDG
30064777021,30064777044,CDG
30064777021,68719482422,CDG
30064777021,30064777037,CDG
30064777021,68719482423,CDG
30064777021,30064777038,CDG
30064777021,68719482424,CDG
30064777021,30064777039,CDG
30064777021,68719482425,CDG
30064777021,30064777040,CDG
30064777021,68719482434,CDG
30064777021,68719482435,CDG
30064777021,68719482436,CDG
30064777021,68719482437,CDG
30064777021,68719482430,CDG
30064777021,30064777045,CDG
30064777021,68719482431,CDG
30064777021,30064777046,CDG
30064777021,68719482432,CDG
30064777021,30064777047,CDG
30064777021,68719482433,CDG
30064777021,30064777025,CDG
30064777021,30064777026,CDG
30064777021,30064777027,CDG
30064777021,30064777028,CDG
30064777021,30064777024,CDG
30064777021,68719482418,CDG
30064777021,30064777033,CDG
30064777021,68719482419,CDG
30064777021,30064777034,CDG
30064777021,68719482420,CDG
30064777021,30064777035,CDG
30064777021,68719482421,CDG
30064777021,30064777036,CDG
30064777021,30064777029,CDG
30064777021,30064777030,CDG
30064777021,68719482416,CDG
30064777021,30064777031,CDG
30064777021,68719482417,CDG
30064777021,30064777032,CDG
30064777021,90194314567,CDG
30064777021,90194314568,CDG
30064777021,90194314569,CDG
30064777021,90194314570,CDG
30064777021,68719482438,CDG
30064777021,68719482439,CDG
30064777021,120259084424,CDG
30064777021,90194314575,CDG
30064777021,55834577096,CDG
30064777021,55834577097,CDG
30064777021,55834577098,CDG
30064777021,90194314571,CDG
30064777021,90194314572,CDG
30064777021,90194314573,CDG
30064777021,90194314574,CDG
30064777021,55834577103,CDG
30064777021,55834577104,CDG
30064777021,55834577105,CDG
30064777021,55834577099,CDG
30064777021,55834577100,CDG
30064777021,55834577101,CDG
30064777021,55834577102,CDG
30064777022,30064777023,CDG
30064777022,68719482415,CDG
30064777022,90194314566,CDG
30064777117,30064777121,CDG
30064777117,30064777119,CDG
30064777117,30064777120,CDG
30064777117,68719482514,CDG
30064777117,90194314584,CDG
30064777117,55834577137,CDG
30064777117,141733920901,CDG
30064777117,68719482510,CDG
30064777117,68719482511,CDG
30064777117,68719482512,CDG
30064777117,68719482513,CDG
30064777126,68719482522,CDG
30064777126,68719482523,CDG
30064777126,68719482520,CDG
30064777126,68719482521,CDG
30064777126,25769804761,CDG
30064777126,30064777129,CDG
30064777126,30064777130,CDG
30064777126,90194314585,CDG
30064777126,30064777127,CDG
30064777126,30064777128,CDG
30064777174,90194314591,CDG
30064777174,30064777177,CDG
30064777174,30064777178,CDG
30064777174,30064777176,CDG
30064777174,68719482571,CDG
30064777174,55834577160,CDG
30064777174,68719482572,CDG
30064777174,68719482573,CDG
30064777174,141733920902,CDG
30064777174,68719482574,CDG
30064777174,68719482575,CDG
30064777190,68719482589,CDG
30064777190,141733920903,CDG
30064777190,68719482590,CDG
30064777190,90194314595,CDG
30064777190,68719482591,CDG
30064777190,68719482592,CDG
30064777190,68719482593,CDG
30064777190,30064777193,CDG
30064777190,30064777194,CDG
30064777190,30064777195,CDG
30064777190,55834577164,CDG
30064777191,90194314594,CDG
30064777207,141733920904,CDG
30064777207,30064777209,CDG
30064777207,68719482610,CDG
30064777207,30064777210,CDG
30064777207,68719482611,CDG
30064777207,55834577168,CDG
30064777207,68719482607,CDG
30064777207,68719482608,CDG
30064777207,90194314597,CDG
30064777207,30064777208,CDG
30064777207,68719482609,CDG
30064777213,68719482614,CDG
30064777213,90194314598,CDG
30064777227,30064777229,CDG
30064777227,30064777230,CDG
30064777227,55834577172,CDG
30064777227,141733920905,CDG
30064777227,90194314601,CDG
30064777227,68719482629,CDG
30064777227,68719482630,CDG
30064777227,68719482631,CDG
30064777227,68719482632,CDG
30064777227,68719482633,CDG
30064777227,30064777228,CDG
30064777249,30064777252,CDG
30064777249,55834577178,CDG
30064777249,90194314606,CDG
30064777249,68719482658,CDG
30064777249,68719482659,CDG
30064777249,30064777253,CDG
30064777249,68719482655,CDG
30064777249,30064777254,CDG
30064777249,68719482656,CDG
30064777249,68719482657,CDG
30064777356,68719482777,CDG
30064777356,90194314635,CDG
30064777362,68719482783,CDG
30064777362,30064777363,CDG
30064777362,90194314639,CDG
30064777362,90194314637,CDG
30064777362,90194314638,CDG
30064777366,68719482786,CDG
30064777366,30064777367,CDG
30064777366,90194314641,CDG
30064777366,90194314642,CDG
30064777366,90194314643,CDG
30064777370,68719482789,CDG
30064777370,30064777371,CDG
30064777370,90194314647,CDG
30064777370,90194314645,CDG
30064777370,90194314646,CDG
30064777388,55834577215,CDG
30064777388,55834577216,CDG
30064777388,55834577212,CDG
30064777388,55834577213,CDG
30064777388,55834577214,CDG
30064777388,25769804803,CDG
30064777388,25769804809,CDG
30064777388,25769804804,CDG
30064777388,55834577225,CDG
30064777388,55834577226,CDG
30064777388,55834577227,CDG
30064777388,55834577228,CDG
30064777388,55834577229,CDG
30064777388,55834577230,CDG
30064777388,30064777393,CDG
30064777388,30064777394,CDG
30064777388,30064777395,CDG
30064777388,30064777396,CDG
30064777388,30064777391,CDG
30064777388,30064777392,CDG
30064777388,30064777401,CDG
30064777388,30064777402,CDG
30064777388,30064777403,CDG
30064777388,30064777404,CDG
30064777388,30064777397,CDG
30064777388,30064777398,CDG
30064777388,30064777399,CDG
30064777388,30064777400,CDG
30064777388,68719482810,CDG
30064777388,68719482811,CDG
30064777388,68719482812,CDG
30064777388,68719482813,CDG
30064777388,68719482808,CDG
30064777388,68719482809,CDG
30064777388,68719482818,CDG
30064777388,68719482819,CDG
30064777388,68719482820,CDG
30064777388,68719482821,CDG
30064777388,68719482814,CDG
30064777388,68719482815,CDG
30064777388,68719482816,CDG
30064777388,68719482817,CDG
30064777388,30064777405,CDG
30064777388,30064777406,CDG
30064777388,30064777407,CDG
30064777388,90194314656,CDG
30064777388,90194314657,CDG
30064777388,30064777457,CDG
30064777388,30064777458,CDG
30064777388,30064777459,CDG
30064777388,30064777460,CDG
30064777388,30064777454,CDG
30064777388,30064777455,CDG
30064777388,30064777456,CDG
30064777388,30064777465,CDG
30064777388,30064777466,CDG
30064777388,30064777467,CDG
30064777388,30064777468,CDG
30064777388,30064777461,CDG
30064777388,30064777462,CDG
30064777388,30064777463,CDG
30064777388,30064777464,CDG
30064777388,68719482822,CDG
30064777388,68719482823,CDG
30064777388,68719482824,CDG
30064777388,68719482825,CDG
30064777388,68719482874,CDG
30064777388,68719482875,CDG
30064777388,68719482876,CDG
30064777388,68719482877,CDG
30064777388,68719482870,CDG
30064777388,68719482871,CDG
30064777388,68719482872,CDG
30064777388,68719482873,CDG
30064777388,68719482878,CDG
30064777388,68719482879,CDG
30064777388,68719482880,CDG
30064777388,30064777473,CDG
30064777388,30064777474,CDG
30064777388,30064777475,CDG
30064777388,30064777476,CDG
30064777388,30064777469,CDG
30064777388,30064777470,CDG
30064777388,30064777471,CDG
30064777388,30064777472,CDG
30064777388,68719482866,CDG
30064777388,68719482867,CDG
30064777388,68719482868,CDG
30064777388,68719482869,CDG
30064777388,30064777477,CDG
30064777388,68719482863,CDG
30064777388,68719482864,CDG
30064777388,68719482865,CDG
30064777388,90194314669,CDG
30064777388,90194314670,CDG
30064777389,30064777390,CDG
30064777389,68719482807,CDG
30064777389,90194314655,CDG
30064777407,55834577217,CDG
30064777407,55834577218,CDG
30064777407,25769804806,CDG
30064777407,25769804807,CDG
30064777407,55834577223,CDG
30064777407,55834577224,CDG
30064777407,55834577219,CDG
30064777407,55834577220,CDG
30064777407,55834577221,CDG
30064777407,55834577222,CDG
30064777407,30064777425,CDG
30064777407,30064777426,CDG
30064777407,30064777427,CDG
30064777407,30064777428,CDG
30064777407,30064777421,CDG
30064777407,30064777422,CDG
30064777407,30064777423,CDG
30064777407,30064777424,CDG
30064777407,30064777433,CDG
30064777407,30064777434,CDG
30064777407,30064777435,CDG
30064777407,30064777436,CDG
30064777407,30064777429,CDG
30064777407,30064777430,CDG
30064777407,30064777431,CDG
30064777407,30064777432,CDG
30064777407,30064777409,CDG
30064777407,30064777410,CDG
30064777407,30064777411,CDG
30064777407,30064777412,CDG
30064777407,30064777408,CDG
30064777407,30064777417,CDG
30064777407,30064777418,CDG
30064777407,30064777419,CDG
30064777407,30064777420,CDG
30064777407,30064777413,CDG
30064777407,30064777414,CDG
30064777407,30064777415,CDG
30064777407,30064777416,CDG
30064777407,90194314658,CDG
30064777407,90194314664,CDG
30064777407,90194314665,CDG
30064777407,90194314666,CDG
30064777407,90194314659,CDG
30064777407,90194314660,CDG
30064777407,90194314661,CDG
30064777407,90194314662,CDG
30064777407,68719482842,CDG
30064777407,68719482843,CDG
30064777407,68719482844,CDG
30064777407,68719482845,CDG
30064777407,68719482838,CDG
30064777407,30064777453,CDG
30064777407,68719482839,CDG
30064777407,68719482840,CDG
30064777407,68719482841,CDG
30064777407,68719482850,CDG
30064777407,68719482851,CDG
30064777407,68719482852,CDG
30064777407,68719482853,CDG
30064777407,68719482846,CDG
30064777407,68719482847,CDG
30064777407,68719482848,CDG
30064777407,68719482849,CDG
30064777407,30064777441,CDG
30064777407,68719482827,CDG
30064777407,30064777442,CDG
30064777407,68719482828,CDG
30064777407,30064777443,CDG
30064777407,68719482829,CDG
30064777407,30064777444,CDG
30064777407,30064777437,CDG
30064777407,30064777438,CDG
30064777407,30064777439,CDG
30064777407,30064777440,CDG
30064777407,68719482834,CDG
30064777407,30064777449,CDG
30064777407,68719482835,CDG
30064777407,30064777450,CDG
30064777407,68719482836,CDG
30064777407,30064777451,CDG
30064777407,68719482837,CDG
30064777407,30064777452,CDG
30064777407,68719482830,CDG
30064777407,30064777445,CDG
30064777407,68719482831,CDG
30064777407,30064777446,CDG
30064777407,68719482832,CDG
30064777407,30064777447,CDG
30064777407,68719482833,CDG
30064777407,30064777448,CDG
30064777407,68719482858,CDG
30064777407,68719482859,CDG
30064777407,68719482860,CDG
30064777407,68719482861,CDG
30064777407,68719482854,CDG
30064777407,68719482855,CDG
30064777407,68719482856,CDG
30064777407,68719482857,CDG
30064777407,68719482862,CDG
30064777407,90194314667,CDG
30064777407,90194314668,CDG
30064777432,90194314663,CDG
30064777468,90194314671,CDG
30064777472,90194314672,CDG
30064777476,90194314673,CDG
30064777524,90194314683,CDG
30064777529,90194314684,CDG
30064777542,90194314685,CDG
30064777547,90194314686,CDG
30064777552,90194314687,CDG
30064777557,90194314688,CDG
30064777562,90194314689,CDG
30064777569,90194314690,CDG
30064777574,90194314691,CDG
30064777579,90194314692,CDG
30064777586,90194314693,CDG
30064777591,90194314694,CDG
30064777596,90194314695,CDG
30064777601,90194314696,CDG
30064777606,90194314697,CDG
30064777639,90194314701,CDG
30064777770,90194314716,CDG
30064777779,68719483129,CDG
30064777779,90194314718,CDG
30064777796,68719483147,CDG
30064777796,90194314721,CDG
30064777813,68719483165,CDG
30064777813,90194314724,CDG
30064777830,90194314727,CDG
30064777830,68719483183,CDG
30064777847,90194314730,CDG
30064777847,68719483201,CDG
30064777877,90194314735,CDG
30064777877,90194314736,CDG
30064777877,68719483234,CDG
30064777877,55834577359,CDG
30064777877,30064777878,CDG
30064777877,30064777879,CDG
30064777891,30064777892,CDG
30064777891,90194314738,CDG
30064777891,55834577363,CDG
30064777891,30064777893,CDG
30064777891,90194314739,CDG
30064777891,68719483247,CDG
30064777905,55834577367,CDG
30064777905,30064777906,CDG
30064777905,30064777907,CDG
30064777905,68719483260,CDG
30064777905,90194314741,CDG
30064777905,90194314742,CDG
30064777919,30064777921,CDG
30064777919,68719483273,CDG
30064777919,30064777920,CDG
30064777919,90194314744,CDG
30064777919,90194314745,CDG
30064777919,55834577371,CDG
30064777982,90194314755,CDG
30064777982,68719483342,CDG
30064777984,55834577395,CDG
30064777984,55834577396,CDG
30064777984,90194314759,CDG
30064777984,90194314760,CDG
30064777984,90194314757,CDG
30064777984,90194314758,CDG
30064777984,25769804865,CDG
30064777984,55834577394,CDG
30064777984,141733920922,CDG
30064777984,68719483350,CDG
30064777984,68719483351,CDG
30064777984,68719483352,CDG
30064777984,68719483353,CDG
30064777984,68719483346,CDG
30064777984,68719483347,CDG
30064777984,68719483348,CDG
30064777984,68719483349,CDG
30064777984,68719483344,CDG
30064777984,68719483345,CDG
30064777984,30064777985,CDG
30064777984,30064777986,CDG
30064777984,30064777987,CDG
30064777984,30064777988,CDG
30064777984,30064777993,CDG
30064777984,30064777994,CDG
30064777984,30064777995,CDG
30064777984,30064777989,CDG
30064777984,30064777990,CDG
30064777984,30064777991,CDG
30064777984,30064777992,CDG
30064777993,55834577399,CDG
30064777993,55834577400,CDG
30064777993,55834577397,CDG
30064777993,55834577398,CDG
30064777993,90194314761,CDG
30064777993,90194314762,CDG
30064777993,25769804867,CDG
30064777993,25769804868,CDG
30064777993,141733920923,CDG
30064777993,141733920924,CDG
30064777993,68719483354,CDG
30064777993,68719483355,CDG
30064777993,68719483356,CDG
30064777993,68719483357,CDG
30064777993,68719483362,CDG
30064777993,68719483358,CDG
30064777993,68719483359,CDG
30064777993,68719483360,CDG
30064777993,68719483361,CDG
30064777993,30064778001,CDG
30064777993,30064778002,CDG
30064777993,30064778003,CDG
30064777993,30064778004,CDG
30064777993,30064777997,CDG
30064777993,30064777998,CDG
30064777993,30064777999,CDG
30064777993,30064778000,CDG
30064777993,30064778005,CDG
30064777993,30064777996,CDG
30064778003,90194314763,CDG
30064778003,90194314764,CDG
30064778045,90194314773,CDG
30064778050,90194314774,CDG
30064778059,90194314775,CDG
30064778064,90194314776,CDG
30064778073,90194314777,CDG
30064778078,90194314778,CDG
30064778087,90194314779,CDG
30064778092,90194314780,CDG
30064778112,68719483446,CDG
30064778112,90194314784,CDG
30064778116,68719483449,CDG
30064778116,90194314785,CDG
30064778120,68719483452,CDG
30064778120,90194314786,CDG
30064778156,90194314815,CDG
30064778156,90194314816,CDG
30064778156,90194314814,CDG
30064778156,90194314821,CDG
30064778156,90194314822,CDG
30064778156,30064778157,CDG
30064778156,30064778158,CDG
30064778156,30064778159,CDG
30064778156,30064778160,CDG
30064778156,68719483490,CDG
30064778156,68719483488,CDG
30064778156,68719483489,CDG
30064778160,90194314817,CDG
30064778160,90194314818,CDG
30064778160,30064778161,CDG
30064778160,30064778162,CDG
30064778160,68719483491,CDG
30064778162,90194314819,CDG
30064778162,90194314820,CDG
30064778284,30064778289,CDG
30064778284,30064778290,CDG
30064778284,30064778291,CDG
30064778284,30064778292,CDG
30064778284,30064778287,CDG
30064778284,30064778288,CDG
30064778284,30064778293,CDG
30064778284,30064778294,CDG
30064778284,55834577495,CDG
30064778284,55834577492,CDG
30064778284,55834577493,CDG
30064778284,55834577494,CDG
30064778284,90194314855,CDG
30064778284,90194314852,CDG
30064778284,90194314853,CDG
30064778284,90194314854,CDG
30064778284,68719483627,CDG
30064778284,68719483628,CDG
30064778284,68719483629,CDG
30064778284,68719483630,CDG
30064778284,68719483631,CDG
30064778297,68719483635,CDG
30064778302,120259084459,CDG
30064778302,90194314859,CDG
30064778302,30064778305,CDG
30064778302,30064778306,CDG
30064778302,30064778307,CDG
30064778302,30064778304,CDG
30064778302,55834577498,CDG
30064778302,68719483638,CDG
30064778302,68719483639,CDG
30064778302,68719483640,CDG
30064778302,90194314858,CDG
30064778302,55834577499,CDG
30064778310,120259084460,CDG
30064778310,90194314861,CDG
30064778310,90194314862,CDG
30064778310,30064778313,CDG
30064778310,30064778314,CDG
30064778310,30064778315,CDG
30064778310,30064778312,CDG
30064778310,68719483643,CDG
30064778310,68719483644,CDG
30064778310,68719483645,CDG
30064778310,55834577501,CDG
30064778310,55834577502,CDG
30064778318,120259084461,CDG
30064778318,90194314864,CDG
30064778318,90194314865,CDG
30064778318,30064778321,CDG
30064778318,30064778322,CDG
30064778318,30064778323,CDG
30064778318,30064778320,CDG
30064778318,68719483650,CDG
30064778318,55834577504,CDG
30064778318,55834577505,CDG
30064778318,68719483648,CDG
30064778318,68719483649,CDG
30064778326,120259084462,CDG
30064778326,68719483654,CDG
30064778326,55834577507,CDG
30064778326,68719483655,CDG
30064778326,55834577508,CDG
30064778326,90194314867,CDG
30064778326,90194314868,CDG
30064778326,30064778329,CDG
30064778326,30064778330,CDG
30064778326,30064778331,CDG
30064778326,30064778328,CDG
30064778326,68719483653,CDG
30064778488,90194314887,CDG
30064778493,90194314888,CDG
30064778498,90194314889,CDG
30064778503,90194314890,CDG
30064778508,90194314891,CDG
30064778513,30064778514,CDG
30064778513,30064778515,CDG
30064778513,68719483842,CDG
30064778513,90194314892,CDG
30064778513,55834577580,CDG
30064778519,90194314893,CDG
30064778524,30064778525,CDG
30064778524,30064778526,CDG
30064778524,68719483849,CDG
30064778524,90194314894,CDG
30064778524,55834577585,CDG
30064778551,55834577594,CDG
30064778551,55834577588,CDG
30064778551,30064778553,CDG
30064778551,30064778554,CDG
30064778551,68719483875,CDG
30064778551,30064778555,CDG
30064778551,68719483876,CDG
30064778551,30064778556,CDG
30064778551,68719483877,CDG
30064778551,55834577595,CDG
30064778551,55834577596,CDG
30064778551,30064778551,CDG
30064778551,30064778552,CDG
30064778551,30064778530,CDG
30064778551,30064778531,CDG
30064778551,30064778532,CDG
30064778551,68719483853,CDG
30064778551,25769804931,CDG
30064778551,68719483854,CDG
30064778551,68719483855,CDG
30064778551,68719483882,CDG
30064778551,68719483883,CDG
30064778551,68719483884,CDG
30064778551,30064778557,CDG
30064778551,68719483878,CDG
30064778551,30064778558,CDG
30064778551,68719483879,CDG
30064778551,30064778559,CDG
30064778551,68719483880,CDG
30064778551,68719483881,CDG
30064778551,90194314899,CDG
30064778551,90194314900,CDG
30064778557,55834577597,CDG
30064778557,30064778561,CDG
30064778557,30064778562,CDG
30064778557,68719483885,CDG
30064778557,30064778560,CDG
30064778557,68719483886,CDG
30064778557,68719483887,CDG
30064778557,68719483888,CDG
30064778557,90194314901,CDG
30064778557,68719483889,CDG
30064778557,90194314902,CDG
30064778574,90194314905,CDG
30064778574,68719483902,CDG
30064778618,68719483953,CDG
30064778618,90194314918,CDG
30064778655,68719483991,CDG
30064778655,90194314921,CDG
30064778674,30064778675,CDG
30064778674,30064778676,CDG
30064778674,55834577631,CDG
30064778674,141733920947,CDG
30064778674,30064778677,CDG
30064778674,30064778678,CDG
30064778674,30064778679,CDG
30064778674,55834577630,CDG
30064778674,141733920946,CDG
30064778674,68719484011,CDG
30064778674,68719484012,CDG
30064778674,68719484013,CDG
30064778674,90194314925,CDG
30064778674,90194314926,CDG
30064778674,68719484014,CDG
30064778674,68719484015,CDG
30064778692,68719484029,CDG
30064778692,141733920948,CDG
30064778692,141733920949,CDG
30064778692,68719484030,CDG
30064778692,68719484031,CDG
30064778692,68719484032,CDG
30064778692,68719484033,CDG
30064778692,55834577637,CDG
30064778692,55834577638,CDG
30064778692,30064778693,CDG
30064778692,90194314931,CDG
30064778692,30064778694,CDG
30064778692,90194314932,CDG
30064778692,30064778695,CDG
30064778692,90194314933,CDG
30064778692,30064778696,CDG
30064778715,68719484058,CDG
30064778715,68719484054,CDG
30064778715,68719484055,CDG
30064778715,90194314940,CDG
30064778715,68719484056,CDG
30064778715,90194314941,CDG
30064778715,68719484057,CDG
30064778715,90194314942,CDG
30064778715,30064778717,CDG
30064778715,141733920951,CDG
30064778715,30064778718,CDG
30064778715,30064778719,CDG
30064778715,30064778720,CDG
30064778715,55834577645,CDG
30064778715,55834577646,CDG
30064778715,141733920950,CDG
30064778755,55834577656,CDG
30064778755,55834577657,CDG
30064778755,55834577658,CDG
30064778755,90194314952,CDG
30064778755,90194314953,CDG
30064778755,90194314954,CDG
30064778755,141733920952,CDG
30064778755,68719484090,CDG
30064778755,68719484091,CDG
30064778755,68719484092,CDG
30064778755,68719484093,CDG
30064778755,30064778765,CDG
30064778755,25769804974,CDG
30064778755,68719484098,CDG
30064778755,68719484099,CDG
30064778755,68719484094,CDG
30064778755,68719484095,CDG
30064778755,68719484096,CDG
30064778755,68719484097,CDG
30064778755,30064778756,CDG
30064778755,90194314955,CDG
30064778755,30064778761,CDG
30064778755,30064778762,CDG
30064778755,30064778763,CDG
30064778755,30064778764,CDG
30064778755,30064778757,CDG
30064778755,30064778758,CDG
30064778755,30064778759,CDG
30064778755,30064778760,CDG
30064778783,68719484118,CDG
30064778783,68719484119,CDG
30064778783,68719484120,CDG
30064778783,68719484121,CDG
30064778783,55834577665,CDG
30064778783,55834577666,CDG
30064778783,30064778785,CDG
30064778783,30064778786,CDG
30064778783,30064778787,CDG
30064778783,30064778788,CDG
30064778783,90194314962,CDG
30064778783,141733920953,CDG
30064778783,141733920954,CDG
30064778783,68719484117,CDG
30064778783,90194314963,CDG
30064778783,90194314964,CDG
30064778794,68719484127,CDG
30064778794,90194314965,CDG
30064778808,30064778810,CDG
30064778808,30064778811,CDG
30064778808,30064778812,CDG
30064778808,68719484190,CDG
30064778808,68719484191,CDG
30064778808,68719484192,CDG
30064778808,30064778829,CDG
30064778808,30064778831,CDG
30064778808,30064778832,CDG
30064778808,30064778817,CDG
30064778808,30064778818,CDG
30064778808,30064778819,CDG
30064778808,30064778820,CDG
30064778808,30064778813,CDG
30064778808,30064778814,CDG
30064778808,30064778815,CDG
30064778808,30064778816,CDG
30064778808,30064778825,CDG
30064778808,30064778826,CDG
30064778808,30064778827,CDG
30064778808,30064778828,CDG
30064778808,30064778821,CDG
30064778808,30064778822,CDG
30064778808,30064778823,CDG
30064778808,30064778824,CDG
30064778808,68719484154,CDG
30064778808,68719484155,CDG
30064778808,68719484156,CDG
30064778808,68719484157,CDG
30064778808,68719484150,CDG
30064778808,68719484151,CDG
30064778808,68719484152,CDG
30064778808,68719484153,CDG
30064778808,68719484158,CDG
30064778808,68719484159,CDG
30064778808,68719484146,CDG
30064778808,68719484147,CDG
30064778808,68719484148,CDG
30064778808,68719484149,CDG
30064778808,68719484143,CDG
30064778808,68719484144,CDG
30064778808,68719484145,CDG
30064778808,55834577687,CDG
30064778808,55834577671,CDG
30064778808,55834577672,CDG
30064778808,55834577673,CDG
30064778808,55834577674,CDG
30064778808,55834577670,CDG
30064778808,55834577675,CDG
30064778808,55834577676,CDG
30064778808,55834577677,CDG
30064778808,55834577678,CDG
30064778808,30064778858,CDG
30064778808,30064778859,CDG
30064778808,90194314978,CDG
30064778808,90194314971,CDG
30064778808,90194314972,CDG
30064778808,90194314973,CDG
30064778808,90194314974,CDG
30064778808,25769804985,CDG
30064778808,25769804986,CDG
30064778808,90194314969,CDG
30064778808,90194314970,CDG
30064778829,30064778830,CDG
30064778831,68719484190,CDG
30064778831,68719484191,CDG
30064778831,68719484192,CDG
30064778831,47244640636,CDG
30064778831,68719484160,CDG
30064778831,55834577687,CDG
30064778831,30064778858,CDG
30064778831,30064778859,CDG
30064778831,90194314978,CDG
30064778835,68719484183,CDG
30064778835,68719484184,CDG
30064778835,68719484166,CDG
30064778835,68719484167,CDG
30064778835,30064778837,CDG
30064778835,30064778838,CDG
30064778835,30064778839,CDG
30064778835,68719484165,CDG
30064778835,55834577685,CDG
30064778835,55834577680,CDG
30064778835,55834577681,CDG
30064778835,30064778851,CDG
30064778835,30064778852,CDG
30064778835,25769804987,CDG
30064778839,68719484170,CDG
30064778839,68719484171,CDG
30064778839,68719484172,CDG
30064778839,68719484173,CDG
30064778839,68719484168,CDG
30064778839,68719484169,CDG
30064778839,30064778789,CDG
30064778839,68719484174,CDG
30064778839,30064778790,CDG
30064778839,68719484175,CDG
30064778839,30064778791,CDG
30064778839,30064778835,CDG
30064778839,30064778836,CDG
30064778839,30064778841,CDG
30064778839,30064778842,CDG
30064778839,30064778843,CDG
30064778839,30064778844,CDG
30064778839,30064778840,CDG
30064778839,68719484122,CDG
30064778839,68719484123,CDG
30064778839,68719484124,CDG
30064778839,25769804994,CDG
30064778839,25769804989,CDG
30064778839,55834577667,CDG
30064778839,55834577679,CDG
30064778839,55834577682,CDG
30064778839,30064778845,CDG
30064778845,68719484178,CDG
30064778845,68719484179,CDG
30064778845,30064778789,CDG
30064778845,30064778790,CDG
30064778845,30064778791,CDG
30064778845,68719484176,CDG
30064778845,68719484177,CDG
30064778845,30064778835,CDG
30064778845,30064778836,CDG
30064778845,68719484122,CDG
30064778845,68719484123,CDG
30064778845,68719484124,CDG
30064778845,141733920955,CDG
30064778845,25769804994,CDG
30064778845,55834577683,CDG
30064778845,55834577667,CDG
30064778845,55834577679,CDG
30064778845,30064778846,CDG
30064778845,30064778847,CDG
30064778851,68719484186,CDG
30064778851,68719484185,CDG
30064778851,68719484190,CDG
30064778851,68719484191,CDG
30064778851,68719484192,CDG
30064778851,47244640642,CDG
30064778851,55834577687,CDG
30064778851,30064778858,CDG
30064778851,30064778859,CDG
30064778851,30064778853,CDG
30064778851,30064778854,CDG
30064778851,90194314975,CDG
30064778851,90194314978,CDG
30064778854,68719484187,CDG
30064778854,68719484188,CDG
30064778854,68719484189,CDG
30064778854,30064778809,CDG
30064778854,68719484190,CDG
30064778854,68719484191,CDG
30064778854,68719484192,CDG
30064778854,30064778808,CDG
30064778854,68719484141,CDG
30064778854,47244640644,CDG
30064778854,68719484142,CDG
30064778854,55834577687,CDG
30064778854,55834577686,CDG
30064778854,55834577669,CDG
30064778854,30064778857,CDG
30064778854,30064778858,CDG
30064778854,30064778859,CDG
30064778854,30064778855,CDG
30064778854,30064778856,CDG
30064778854,90194314976,CDG
30064778854,90194314977,CDG
30064778854,90194314978,CDG
30064778858,68719484194,CDG
30064778858,68719484195,CDG
30064778858,68719484196,CDG
30064778858,68719484197,CDG
30064778858,68719484193,CDG
30064778858,141733920956,CDG
30064778858,141733920957,CDG
30064778858,55834577688,CDG
30064778858,55834577689,CDG
30064778858,30064778861,CDG
30064778858,30064778862,CDG
30064778858,30064778863,CDG
30064778858,30064778864,CDG
30064778858,30064778860,CDG
30064778858,90194314979,CDG
30064778858,90194314980,CDG
30064778867,68719484200,CDG
30064778867,90194314981,CDG
30064778876,68719484218,CDG
30064778876,68719484219,CDG
30064778876,68719484220,CDG
30064778876,68719484221,CDG
30064778876,68719484214,CDG
30064778876,68719484215,CDG
30064778876,68719484216,CDG
30064778876,68719484217,CDG
30064778876,68719484226,CDG
30064778876,68719484222,CDG
30064778876,68719484223,CDG
30064778876,68719484224,CDG
30064778876,68719484225,CDG
30064778876,68719484210,CDG
30064778876,68719484211,CDG
30064778876,68719484212,CDG
30064778876,68719484213,CDG
30064778876,68719484209,CDG
30064778876,55834577699,CDG
30064778876,55834577700,CDG
30064778876,25769805004,CDG
30064778876,90194314987,CDG
30064778876,90194314988,CDG
30064778876,25769805003,CDG
30064778876,55834577695,CDG
30064778876,55834577696,CDG
30064778876,55834577697,CDG
30064778876,55834577698,CDG
30064778876,55834577692,CDG
30064778876,55834577693,CDG
30064778876,55834577694,CDG
30064778876,30064778897,CDG
30064778876,30064778899,CDG
30064778876,30064778900,CDG
30064778876,30064778893,CDG
30064778876,30064778894,CDG
30064778876,30064778895,CDG
30064778876,30064778896,CDG
30064778876,90194314984,CDG
30064778876,90194314985,CDG
30064778876,90194314986,CDG
30064778876,30064778881,CDG
30064778876,30064778882,CDG
30064778876,30064778883,CDG
30064778876,30064778884,CDG
30064778876,30064778878,CDG
30064778876,30064778879,CDG
30064778876,30064778880,CDG
30064778876,30064778889,CDG
30064778876,30064778890,CDG
30064778876,30064778891,CDG
30064778876,30064778892,CDG
30064778876,30064778885,CDG
30064778876,30064778886,CDG
30064778876,30064778887,CDG
30064778876,30064778888,CDG
30064778897,30064778898,CDG
30064778899,68719484227,CDG
30064778899,68719484228,CDG
30064778899,68719484229,CDG
30064778899,55834577701,CDG
30064778899,55834577702,CDG
30064778899,47244640649,CDG
30064778899,68719484230,CDG
30064778899,68719484231,CDG
30064778899,30064778905,CDG
30064778899,30064778901,CDG
30064778899,30064778902,CDG
30064778899,30064778903,CDG
30064778899,30064778904,CDG
30064778904,68719484207,CDG
30064778904,68719484208,CDG
30064778904,47244640651,CDG
30064778904,55834577691,CDG
30064778904,30064778876,CDG
30064778904,68719484232,CDG
30064778904,30064778906,CDG
30064778904,30064778877,CDG
30064778907,55834577704,CDG
30064778907,55834577705,CDG
30064778907,141733920958,CDG
30064778907,141733920959,CDG
30064778907,30064778913,CDG
30064778907,90194314991,CDG
30064778907,30064778909,CDG
30064778907,30064778910,CDG
30064778907,30064778911,CDG
30064778907,30064778912,CDG
30064778907,90194314990,CDG
30064778907,68719484236,CDG
30064778907,68719484237,CDG
30064778907,68719484238,CDG
30064778907,68719484239,CDG
30064778907,68719484240,CDG
30064778916,90194314992,CDG
30064778916,68719484243,CDG
30064778939,55834577715,CDG
30064778939,55834577716,CDG
30064778939,141733920960,CDG
30064778939,141733920961,CDG
30064778939,90194314997,CDG
30064778939,90194314998,CDG
30064778939,30064778945,CDG
30064778939,68719484266,CDG
30064778939,30064778946,CDG
30064778939,68719484267,CDG
30064778939,68719484268,CDG
30064778939,68719484269,CDG
30064778939,30064778942,CDG
30064778939,30064778943,CDG
30064778939,30064778944,CDG
30064778939,68719484270,CDG
30064778940,30064778941,CDG
30064778949,90194314999,CDG
30064778949,68719484273,CDG
30064778958,55834577719,CDG
30064778958,55834577720,CDG
30064778958,55834577721,CDG
30064778958,55834577722,CDG
30064778958,55834577727,CDG
30064778958,55834577723,CDG
30064778958,55834577724,CDG
30064778958,55834577725,CDG
30064778958,55834577726,CDG
30064778958,30064778977,CDG
30064778958,30064778978,CDG
30064778958,30064778979,CDG
30064778958,30064778973,CDG
30064778958,30064778974,CDG
30064778958,30064778975,CDG
30064778958,30064778976,CDG
30064778958,30064778981,CDG
30064778958,30064778982,CDG
30064778958,90194315007,CDG
30064778958,90194315003,CDG
30064778958,90194315004,CDG
30064778958,90194315005,CDG
30064778958,90194315006,CDG
30064778958,25769805017,CDG
30064778958,25769805018,CDG
30064778958,68719484298,CDG
30064778958,68719484294,CDG
30064778958,68719484295,CDG
30064778958,68719484296,CDG
30064778958,68719484297,CDG
30064778958,90194315002,CDG
30064778958,30064778961,CDG
30064778958,30064778962,CDG
30064778958,30064778963,CDG
30064778958,30064778964,CDG
30064778958,30064778960,CDG
30064778958,30064778969,CDG
30064778958,30064778970,CDG
30064778958,30064778971,CDG
30064778958,30064778972,CDG
30064778958,30064778965,CDG
30064778958,30064778966,CDG
30064778958,30064778967,CDG
30064778958,30064778968,CDG
30064778958,68719484282,CDG
30064778958,68719484283,CDG
30064778958,68719484284,CDG
30064778958,68719484285,CDG
30064778958,68719484290,CDG
30064778958,68719484291,CDG
30064778958,68719484292,CDG
30064778958,68719484293,CDG
30064778958,68719484286,CDG
30064778958,68719484287,CDG
30064778958,68719484288,CDG
30064778958,68719484289,CDG
30064778979,30064778980,CDG
30064778981,55834577728,CDG
30064778981,55834577729,CDG
30064778981,30064778985,CDG
30064778981,30064778986,CDG
30064778981,30064778987,CDG
30064778981,30064778983,CDG
30064778981,30064778984,CDG
30064778981,47244640659,CDG
30064778981,68719484299,CDG
30064778981,68719484300,CDG
30064778981,68719484301,CDG
30064778981,68719484302,CDG
30064778981,68719484303,CDG
30064778986,55834577718,CDG
30064778986,30064778988,CDG
30064778986,47244640661,CDG
30064778986,68719484304,CDG
30064778986,30064778958,CDG
30064778986,30064778959,CDG
30064778986,68719484280,CDG
30064778986,68719484281,CDG
30064778989,30064778993,CDG
30064778989,30064778994,CDG
30064778989,30064778995,CDG
30064778989,30064778991,CDG
30064778989,30064778992,CDG
30064778989,141733920963,CDG
30064778989,141733920962,CDG
30064778989,55834577731,CDG
30064778989,55834577732,CDG
30064778989,90194315009,CDG
30064778989,90194315010,CDG
30064778989,68719484310,CDG
30064778989,68719484311,CDG
30064778989,68719484312,CDG
30064778989,68719484308,CDG
30064778989,68719484309,CDG
30064779004,68719484322,CDG
30064779004,90194315015,CDG
30064779004,68719484323,CDG
30064779004,68719484324,CDG
30064779004,68719484325,CDG
30064779004,90194315014,CDG
30064779004,30064779009,CDG
30064779004,30064779010,CDG
30064779004,55834577736,CDG
30064779004,30064779011,CDG
30064779004,55834577737,CDG
30064779004,68719484326,CDG
30064779004,30064779007,CDG
30064779004,30064779008,CDG
30064779004,141733920964,CDG
30064779004,141733920965,CDG
30064779005,30064779006,CDG
30064779020,141733920967,CDG
30064779020,30064779023,CDG
30064779020,141733920966,CDG
30064779020,68719484336,CDG
30064779021,30064779022,CDG
30064779032,68719484346,CDG
30064779032,141733920968,CDG
30064779032,141733920969,CDG
30064779032,30064779035,CDG
30064779033,30064779034,CDG
30064779078,141733920970,CDG
30064779078,25769805041,CDG
30064779078,30064779085,CDG
30064779078,90194315035,CDG
30064779078,30064779086,CDG
30064779078,90194315036,CDG
30064779078,30064779087,CDG
30064779078,30064779088,CDG
30064779078,55834577755,CDG
30064779078,55834577756,CDG
30064779078,55834577757,CDG
30064779078,68719484394,CDG
30064779078,68719484395,CDG
30064779078,68719484396,CDG
30064779078,68719484397,CDG
30064779078,68719484390,CDG
30064779078,68719484391,CDG
30064779078,68719484392,CDG
30064779078,68719484393,CDG
30064779078,30064779081,CDG
30064779078,30064779082,CDG
30064779078,30064779083,CDG
30064779078,90194315033,CDG
30064779078,30064779084,CDG
30064779078,90194315034,CDG
30064779078,68719484398,CDG
30064779078,68719484399,CDG
30064779078,30064779079,CDG
30064779078,30064779080,CDG
30064779091,90194315037,CDG
30064779091,68719484402,CDG
30064779110,141733920971,CDG
30064779110,141733920972,CDG
30064779110,68719484420,CDG
30064779110,68719484421,CDG
30064779110,90194315044,CDG
30064779110,90194315045,CDG
30064779110,90194315046,CDG
30064779110,68719484422,CDG
30064779110,68719484423,CDG
30064779110,55834577764,CDG
30064779110,68719484424,CDG
30064779110,55834577765,CDG
30064779110,30064779113,CDG
30064779110,30064779114,CDG
30064779110,30064779115,CDG
30064779110,30064779112,CDG
30064779118,90194315047,CDG
30064779118,68719484427,CDG
30064779138,68719484444,CDG
30064779138,141733920973,CDG
30064779138,68719484445,CDG
30064779138,141733920974,CDG
30064779138,68719484446,CDG
30064779138,68719484447,CDG
30064779138,68719484448,CDG
30064779138,30064779139,CDG
30064779138,30064779140,CDG
30064779138,90194315053,CDG
30064779138,90194315054,CDG
30064779138,55834577775,CDG
30064779138,30064779141,CDG
30064779138,30064779142,CDG
30064779138,30064779143,CDG
30064779138,55834577774,CDG
30064779146,68719484451,CDG
30064779146,90194315055,CDG
30064779169,68719484474,CDG
30064779169,68719484475,CDG
30064779169,68719484476,CDG
30064779169,55834577785,CDG
30064779169,68719484477,CDG
30064779169,55834577786,CDG
30064779169,68719484473,CDG
30064779169,141733920975,CDG
30064779169,141733920976,CDG
30064779169,30064779170,CDG
30064779169,30064779171,CDG
30064779169,30064779172,CDG
30064779169,30064779173,CDG
30064779169,30064779174,CDG
30064779169,90194315061,CDG
30064779169,90194315062,CDG
30064779177,68719484480,CDG
30064779177,90194315063,CDG
30064779197,68719484502,CDG
30064779197,90194315068,CDG
30064779197,90194315069,CDG
30064779197,141733920977,CDG
30064779197,141733920978,CDG
30064779197,30064779201,CDG
30064779197,30064779202,CDG
30064779197,55834577795,CDG
30064779197,30064779198,CDG
30064779197,55834577796,CDG
30064779197,30064779199,CDG
30064779197,30064779200,CDG
30064779197,68719484498,CDG
30064779197,68719484499,CDG
30064779197,68719484500,CDG
30064779197,68719484501,CDG
30064779215,30064779217,CDG
30064779215,30064779218,CDG
30064779215,30064779219,CDG
30064779215,30064779220,CDG
30064779215,90194315074,CDG
30064779215,30064779216,CDG
30064779215,141733920979,CDG
30064779215,141733920980,CDG
30064779215,68719484516,CDG
30064779215,68719484517,CDG
30064779215,90194315075,CDG
30064779215,55834577802,CDG
30064779215,68719484518,CDG
30064779215,68719484519,CDG
30064779215,68719484520,CDG
30064779215,55834577803,CDG
30064779233,68719484538,CDG
30064779233,68719484534,CDG
30064779233,55834577811,CDG
30064779233,68719484535,CDG
30064779233,68719484536,CDG
30064779233,68719484537,CDG
30064779233,90194315080,CDG
30064779233,141733920981,CDG
30064779233,90194315081,CDG
30064779233,141733920982,CDG
30064779233,30064779241,CDG
30064779233,55834577810,CDG
30064779233,30064779237,CDG
30064779233,30064779238,CDG
30064779233,30064779239,CDG
30064779233,30064779240,CDG
30064779234,30064779236,CDG
30064779257,68719484562,CDG
30064779257,55834577824,CDG
30064779257,90194315088,CDG
30064779257,141733920984,CDG
30064779257,30064779273,CDG
30064779257,30064779272,CDG
30064779258,68719484554,CDG
30064779258,68719484555,CDG
30064779258,68719484556,CDG
30064779258,68719484557,CDG
30064779258,68719484558,CDG
30064779258,55834577818,CDG
30064779258,55834577819,CDG
30064779258,55834577820,CDG
30064779258,30064779259,CDG
30064779258,30064779260,CDG
30064779258,30064779265,CDG
30064779258,30064779266,CDG
30064779258,30064779261,CDG
30064779258,30064779262,CDG
30064779258,30064779263,CDG
30064779258,30064779264,CDG
30064779258,90194315086,CDG
30064779260,68719484559,CDG
30064779260,68719484560,CDG
30064779260,68719484561,CDG
30064779260,55834577823,CDG
30064779260,55834577821,CDG
30064779260,55834577822,CDG
30064779260,90194315087,CDG
30064779260,30064779267,CDG
30064779260,30064779268,CDG
30064779260,30064779269,CDG
30064779260,30064779270,CDG
30064779260,30064779271,CDG
30064779272,90194315089,CDG
30064779272,90194315090,CDG
30064779272,141733920985,CDG
30064779273,68719484563,CDG
30064779273,68719484564,CDG
30064779273,68719484565,CDG
30064779273,120259084485,CDG
30064779273,55834577825,CDG
30064779273,55834577826,CDG
30064779273,30064779277,CDG
30064779273,30064779274,CDG
30064779273,30064779275,CDG
30064779273,30064779276,CDG
30064779316,30064779318,CDG
30064779316,30064779319,CDG
30064779316,68719484606,CDG
30064779316,55834577836,CDG
30064779316,90194315102,CDG
30064779322,30064779324,CDG
30064779322,68719484611,CDG
30064779322,68719484612,CDG
30064779322,68719484613,CDG
30064779322,30064779325,CDG
30064779322,30064779326,CDG
30064779322,68719484614,CDG
30064779322,55834577837,CDG
30064779322,55834577838,CDG
30064779322,141733920988,CDG
30064779324,30064779327,CDG
30064779324,30064779328,CDG
30064779324,68719484615,CDG
30064779324,55834577839,CDG
30064779324,55834577840,CDG
30064779324,90194315104,CDG
30064779327,90194315104,CDG
30064779327,141733920989,CDG
30064779333,68719484621,CDG
30064779340,90194315109,CDG
30064779341,55834577847,CDG
30064779341,30064779342,CDG
30064779341,68719484626,CDG
30064779349,68719484632,CDG
30064779350,68719484631,CDG
30064779350,55834577852,CDG
30064779350,30064779351,CDG
30064779370,47244640696,CDG
30064779370,30064779378,CDG
30064779370,30064779379,CDG
30064779370,30064779380,CDG
30064779370,30064779381,CDG
30064779370,30064779382,CDG
30064779370,30064779383,CDG
30064779370,30064779384,CDG
30064779370,55834577863,CDG
30064779370,55834577864,CDG
30064779370,55834577865,CDG
30064779370,55834577862,CDG
30064779370,68719484658,CDG
30064779370,68719484659,CDG
30064779370,68719484655,CDG
30064779370,68719484656,CDG
30064779370,68719484657,CDG
30064779371,90194315115,CDG
30064779371,30064779377,CDG
30064779371,30064779375,CDG
30064779371,30064779376,CDG
30064779371,55834577860,CDG
30064779371,55834577861,CDG
30064779371,68719484654,CDG
30064779382,47244640698,CDG
30064779382,90194315116,CDG
30064779382,30064779385,CDG
30064779382,90194315112,CDG
30064779382,68719484660,CDG
30064779386,90194315119,CDG
30064779386,90194315117,CDG
30064779386,90194315118,CDG
30064779386,30064779388,CDG
30064779386,68719484666,CDG
30064779386,68719484667,CDG
30064779386,68719484663,CDG
30064779386,68719484664,CDG
30064779386,68719484665,CDG
30064779386,30064779393,CDG
30064779386,30064779389,CDG
30064779386,30064779390,CDG
30064779386,30064779391,CDG
30064779386,30064779392,CDG
30064779386,55834577867,CDG
30064779386,55834577868,CDG
30064779386,141733920993,CDG
30064779386,141733920994,CDG
30064779392,68719484668,CDG
30064779420,68719484698,CDG
30064779420,68719484699,CDG
30064779420,68719484700,CDG
30064779420,68719484701,CDG
30064779420,68719484697,CDG
30064779420,68719484702,CDG
30064779420,68719484703,CDG
30064779420,68719484704,CDG
30064779420,68719484705,CDG
30064779420,30064779425,CDG
30064779420,30064779426,CDG
30064779420,30064779427,CDG
30064779420,30064779428,CDG
30064779420,30064779421,CDG
30064779420,30064779422,CDG
30064779420,30064779423,CDG
30064779420,30064779424,CDG
30064779420,90194315127,CDG
30064779420,90194315128,CDG
30064779420,90194315129,CDG
30064779420,30064779429,CDG
30064779420,55834577876,CDG
30064779420,55834577877,CDG
30064779420,55834577878,CDG
30064779420,25769805109,CDG
30064779420,141733920997,CDG
30064779441,90194315135,CDG
30064779441,30064779442,CDG
30064779441,90194315136,CDG
30064779441,30064779443,CDG
30064779441,90194315137,CDG
30064779441,30064779444,CDG
30064779441,90194315138,CDG
30064779441,30064779449,CDG
30064779441,30064779450,CDG
30064779441,30064779451,CDG
30064779441,30064779452,CDG
30064779441,30064779445,CDG
30064779441,30064779446,CDG
30064779441,30064779447,CDG
30064779441,30064779448,CDG
30064779441,55834577895,CDG
30064779441,55834577896,CDG
30064779441,55834577897,CDG
30064779441,55834577891,CDG
30064779441,55834577892,CDG
30064779441,25769805117,CDG
30064779441,55834577893,CDG
30064779441,25769805118,CDG
30064779441,55834577894,CDG
30064779441,68719484730,CDG
30064779441,30064779473,CDG
30064779441,68719484731,CDG
30064779441,30064779474,CDG
30064779441,68719484732,CDG
30064779441,68719484733,CDG
30064779441,30064779469,CDG
30064779441,68719484727,CDG
30064779441,30064779470,CDG
30064779441,68719484728,CDG
30064779441,30064779471,CDG
30064779441,68719484729,CDG
30064779441,30064779472,CDG
30064779441,68719484738,CDG
30064779441,68719484734,CDG
30064779441,68719484735,CDG
30064779441,68719484736,CDG
30064779441,68719484737,CDG
30064779441,30064779458,CDG
30064779441,30064779459,CDG
30064779441,30064779460,CDG
30064779441,30064779453,CDG
30064779441,30064779454,CDG
30064779441,30064779455,CDG
30064779441,68719484722,CDG
30064779441,30064779465,CDG
30064779441,68719484723,CDG
30064779441,30064779466,CDG
30064779441,68719484724,CDG
30064779441,30064779467,CDG
30064779441,30064779468,CDG
30064779441,30064779461,CDG
30064779441,68719484719,CDG
30064779441,30064779462,CDG
30064779441,68719484720,CDG
30064779441,30064779463,CDG
30064779441,68719484721,CDG
30064779441,30064779464,CDG
30064779441,55834577880,CDG
30064779441,55834577881,CDG
30064779441,55834577882,CDG
30064779441,55834577887,CDG
30064779441,55834577889,CDG
30064779441,55834577890,CDG
30064779441,55834577883,CDG
30064779441,55834577884,CDG
30064779441,55834577885,CDG
30064779441,55834577886,CDG
30064779441,141733920998,CDG
30064779445,90194315132,CDG
30064779450,90194315133,CDG
30064779454,90194315134,CDG
30064779454,68719484726,CDG
30064779454,30064779457,CDG
30064779454,30064779456,CDG
30064779454,68719484725,CDG
30064779454,55834577888,CDG
30064779475,68719484740,CDG
30064779475,68719484741,CDG
30064779475,30064779477,CDG
30064779475,55834577899,CDG
30064779475,30064779478,CDG
30064779510,55834577911,CDG
30064779510,25769805132,CDG
30064779510,55834577909,CDG
30064779510,55834577910,CDG
30064779510,30064779513,CDG
30064779510,30064779514,CDG
30064779510,68719484772,CDG
30064779510,30064779515,CDG
30064779510,68719484773,CDG
30064779510,30064779516,CDG
30064779510,30064779511,CDG
30064779510,30064779512,CDG
30064779510,141733921000,CDG
30064779510,68719484778,CDG
30064779510,68719484779,CDG
30064779510,68719484780,CDG
30064779510,68719484774,CDG
30064779510,30064779517,CDG
30064779510,90194315147,CDG
30064779510,68719484775,CDG
30064779510,30064779518,CDG
30064779510,90194315148,CDG
30064779510,68719484776,CDG
30064779510,30064779519,CDG
30064779510,90194315149,CDG
30064779510,68719484777,CDG
30064779528,25769805136,CDG
30064779528,55834577915,CDG
30064779528,55834577916,CDG
30064779528,55834577917,CDG
30064779528,68719484794,CDG
30064779528,30064779537,CDG
30064779528,68719484795,CDG
30064779528,68719484796,CDG
30064779528,68719484797,CDG
30064779528,68719484790,CDG
30064779528,30064779533,CDG
30064779528,68719484791,CDG
30064779528,30064779534,CDG
30064779528,68719484792,CDG
30064779528,30064779535,CDG
30064779528,141733921001,CDG
30064779528,68719484793,CDG
30064779528,30064779536,CDG
30064779528,90194315152,CDG
30064779528,90194315153,CDG
30064779528,90194315154,CDG
30064779528,30064779529,CDG
30064779528,30064779530,CDG
30064779528,30064779531,CDG
30064779528,68719484789,CDG
30064779528,30064779532,CDG
30064779550,30064779555,CDG
30064779550,30064779556,CDG
30064779550,68719484818,CDG
30064779550,30064779557,CDG
30064779550,68719484815,CDG
30064779550,68719484816,CDG
30064779550,68719484817,CDG
30064779550,141733921003,CDG
30064779550,141733921002,CDG
30064779550,55834577924,CDG
30064779550,55834577925,CDG
30064779550,90194315156,CDG
30064779550,90194315157,CDG
30064779572,141733921004,CDG
30064779572,141733921005,CDG
30064779572,30064779577,CDG
30064779572,30064779578,CDG
30064779572,68719484836,CDG
30064779572,30064779579,CDG
30064779572,68719484837,CDG
30064779572,30064779574,CDG
30064779572,30064779575,CDG
30064779572,30064779576,CDG
30064779572,68719484842,CDG
30064779572,68719484843,CDG
30064779572,55834577928,CDG
30064779572,25769805153,CDG
30064779572,68719484838,CDG
30064779572,68719484839,CDG
30064779572,68719484840,CDG
30064779572,68719484841,CDG
30064779572,90194315161,CDG
30064779605,90194315169,CDG
30064779605,141733921006,CDG
30064779605,68719484870,CDG
30064779605,68719484871,CDG
30064779605,30064779609,CDG
30064779605,68719484867,CDG
30064779605,68719484868,CDG
30064779605,68719484869,CDG
30064779605,55834577938,CDG
30064779605,30064779607,CDG
30064779605,30064779608,CDG
30064779662,55834577955,CDG
30064779662,68719484922,CDG
30064779662,90194315187,CDG
30064779662,30064779665,CDG
30064779662,30064779664,CDG
30064779667,47244640720,CDG
30064779667,68719484894,CDG
30064779667,55834577956,CDG
30064779667,68719484925,CDG
30064779667,68719484926,CDG
30064779667,90194315189,CDG
30064779667,30064779668,CDG
30064779667,30064779669,CDG
30064779691,68719484954,CDG
30064779691,30064779697,CDG
30064779691,90194315199,CDG
30064779691,68719484955,CDG
30064779691,30064779698,CDG
30064779691,68719484956,CDG
30064779691,30064779699,CDG
30064779691,30064779700,CDG
30064779691,68719484950,CDG
30064779691,30064779693,CDG
30064779691,68719484951,CDG
30064779691,30064779694,CDG
30064779691,68719484952,CDG
30064779691,30064779695,CDG
30064779691,90194315197,CDG
30064779691,68719484953,CDG
30064779691,30064779696,CDG
30064779691,90194315198,CDG
30064779691,55834577967,CDG
30064779691,68719484948,CDG
30064779691,68719484949,CDG
30064779691,30064779692,CDG
30064779691,55834577965,CDG
30064779691,55834577966,CDG
30064779691,25769805171,CDG
30064779691,141733921008,CDG
30064779886,55834578059,CDG
30064779886,55834578060,CDG
30064779886,55834578061,CDG
30064779886,55834578062,CDG
30064779886,68719485154,CDG
30064779886,68719485130,CDG
30064779886,68719485131,CDG
30064779886,68719485132,CDG
30064779886,68719485133,CDG
30064779886,68719485126,CDG
30064779886,68719485127,CDG
30064779886,68719485128,CDG
30064779886,68719485129,CDG
30064779886,68719485138,CDG
30064779886,68719485139,CDG
30064779886,68719485140,CDG
30064779886,68719485141,CDG
30064779886,68719485134,CDG
30064779886,68719485135,CDG
30064779886,68719485136,CDG
30064779886,68719485137,CDG
30064779886,68719485122,CDG
30064779886,68719485123,CDG
30064779886,68719485124,CDG
30064779886,68719485125,CDG
30064779886,30064779889,CDG
30064779886,30064779890,CDG
30064779886,30064779891,CDG
30064779886,30064779892,CDG
30064779886,30064779897,CDG
30064779886,30064779898,CDG
30064779886,30064779899,CDG
30064779886,30064779900,CDG
30064779886,30064779893,CDG
30064779886,30064779894,CDG
30064779886,30064779895,CDG
30064779886,30064779896,CDG
30064779886,25769805192,CDG
30064779886,25769805193,CDG
30064779886,30064779923,CDG
30064779886,30064779905,CDG
30064779886,90194315215,CDG
30064779886,30064779906,CDG
30064779886,90194315216,CDG
30064779886,30064779907,CDG
30064779886,90194315217,CDG
30064779886,30064779908,CDG
30064779886,30064779901,CDG
30064779886,30064779902,CDG
30064779886,30064779903,CDG
30064779886,30064779904,CDG
30064779886,90194315214,CDG
30064779886,90194315226,CDG
30064779886,30064779909,CDG
30064779887,55834578058,CDG
30064779887,68719485121,CDG
30064779887,30064779888,CDG
30064779909,68719485142,CDG
30064779909,68719485143,CDG
30064779909,68719485144,CDG
30064779909,68719485145,CDG
30064779909,90194315218,CDG
30064779909,30064779910,CDG
30064779909,30064779911,CDG
30064779909,30064779912,CDG
30064779912,55834578063,CDG
30064779912,55834578064,CDG
30064779912,55834578065,CDG
30064779912,55834578066,CDG
30064779912,68719485146,CDG
30064779912,68719485147,CDG
30064779912,68719485148,CDG
30064779912,68719485149,CDG
30064779912,68719485150,CDG
30064779912,68719485151,CDG
30064779912,68719485152,CDG
30064779912,68719485153,CDG
30064779912,30064779921,CDG
30064779912,30064779922,CDG
30064779912,30064779917,CDG
30064779912,30064779918,CDG
30064779912,30064779919,CDG
30064779912,30064779920,CDG
30064779912,30064779913,CDG
30064779912,90194315223,CDG
30064779912,30064779914,CDG
30064779912,90194315224,CDG
30064779912,30064779915,CDG
30064779912,90194315225,CDG
30064779912,30064779916,CDG
30064779912,90194315219,CDG
30064779912,90194315220,CDG
30064779912,90194315221,CDG
30064779912,90194315222,CDG
30064779923,55834578067,CDG
30064779923,55834578068,CDG
30064779923,55834578069,CDG
30064779923,55834578070,CDG
30064779923,68719485155,CDG
30064779923,68719485156,CDG
30064779923,68719485157,CDG
30064779923,68719485158,CDG
30064779923,68719485159,CDG
30064779923,30064779924,CDG
30064779923,90194315227,CDG
30064779923,90194315228,CDG
30064779923,90194315229,CDG
30064779923,90194315230,CDG
30064779923,30064779929,CDG
30064779923,30064779925,CDG
30064779923,30064779926,CDG
30064779923,30064779927,CDG
30064779923,30064779928,CDG
30064779940,68719485170,CDG
30064779940,30064779941,CDG
30064779940,90194315236,CDG
30064779940,68719485169,CDG
30064779968,30064779969,CDG
30064779968,90194315247,CDG
30064779968,30064779970,CDG
30064779968,68719485192,CDG
30064779968,68719485193,CDG
30064779968,90194315246,CDG
30064779984,30064779985,CDG
30064779984,30064779986,CDG
30064779984,90194315250,CDG
30064779984,68719485207,CDG
30064779984,68719485208,CDG
30064779984,90194315251,CDG
30064779996,68719485218,CDG
30064779996,68719485219,CDG
30064779996,68719485220,CDG
30064779996,68719485221,CDG
30064779996,25769805207,CDG
30064779996,30064780001,CDG
30064779996,30064780002,CDG
30064779996,68719485222,CDG
30064779996,30064779997,CDG
30064779996,68719485223,CDG
30064779996,30064779998,CDG
30064779996,68719485224,CDG
30064779996,30064779999,CDG
30064779996,68719485225,CDG
30064779996,30064780000,CDG
30064779996,55834578092,CDG
30064780002,68719485226,CDG
30064780002,30064780003,CDG
30064780018,68719485242,CDG
30064780018,30064780020,CDG
30064780018,68719485241,CDG
30064780018,90194315256,CDG
30064780018,55834578097,CDG
30064780018,90194315257,CDG
30064780018,30064780021,CDG
30064780018,30064780022,CDG
30064780036,90194315263,CDG
30064780036,90194315264,CDG
30064780036,90194315262,CDG
30064780036,55834578106,CDG
30064780036,68719485270,CDG
30064780036,68719485271,CDG
30064780036,55834578107,CDG
30064780036,55834578108,CDG
30064780036,55834578109,CDG
30064780036,68719485258,CDG
30064780036,68719485259,CDG
30064780036,68719485260,CDG
30064780036,68719485261,CDG
30064780036,68719485254,CDG
30064780036,68719485255,CDG
30064780036,68719485256,CDG
30064780036,68719485257,CDG
30064780036,68719485266,CDG
30064780036,68719485267,CDG
30064780036,68719485268,CDG
30064780036,68719485269,CDG
30064780036,68719485262,CDG
30064780036,68719485263,CDG
30064780036,68719485264,CDG
30064780036,68719485265,CDG
30064780036,30064780049,CDG
30064780036,30064780050,CDG
30064780036,30064780051,CDG
30064780036,30064780052,CDG
30064780036,30064780045,CDG
30064780036,30064780046,CDG
30064780036,30064780047,CDG
30064780036,30064780048,CDG
30064780036,30064780057,CDG
30064780036,30064780058,CDG
30064780036,30064780059,CDG
30064780036,30064780053,CDG
30064780036,30064780054,CDG
30064780036,30064780055,CDG
30064780036,30064780056,CDG
30064780036,25769805216,CDG
30064780036,25769805217,CDG
30064780036,30064780041,CDG
30064780036,30064780042,CDG
30064780036,30064780043,CDG
30064780036,30064780044,CDG
30064780036,30064780039,CDG
30064780036,30064780040,CDG
30064780037,68719485253,CDG
30064780037,55834578105,CDG
30064780037,30064780038,CDG
30064780077,68719485287,CDG
30064780077,30064780078,CDG
30064780077,68719485288,CDG
30064780077,90194315268,CDG
30064780090,90194315271,CDG
30064780090,68719485299,CDG
30064780090,90194315272,CDG
30064780090,68719485300,CDG
30064780090,30064780091,CDG
30064780090,30064780092,CDG
30064780102,141733921019,CDG
30064780102,90194315275,CDG
30064780102,90194315276,CDG
30064780102,68719485310,CDG
30064780102,30064780103,CDG
30064780103,141733921020,CDG
30064780103,141733921021,CDG
30064780103,90194315277,CDG
30064780103,90194315278,CDG
30064780104,90194315280,CDG
30064780104,90194315281,CDG
30064780104,141733921022,CDG
30064780104,30064780105,CDG
30064780104,68719485312,CDG
30064780105,90194315282,CDG
30064780105,141733921023,CDG
30064780105,90194315283,CDG
30064780105,141733921024,CDG
30064780106,68719485314,CDG
30064780106,30064780107,CDG
30064780106,141733921025,CDG
30064780106,90194315285,CDG
30064780106,90194315286,CDG
30064780107,141733921027,CDG
30064780107,90194315287,CDG
30064780107,90194315288,CDG
30064780107,141733921026,CDG
30064780108,30064780109,CDG
30064780108,90194315291,CDG
30064780108,141733921028,CDG
30064780108,68719485316,CDG
30064780108,90194315290,CDG
30064780109,90194315292,CDG
30064780109,90194315293,CDG
30064780109,141733921029,CDG
30064780109,141733921030,CDG
30064780110,30064780113,CDG
30064780110,90194315295,CDG
30064780110,30064780114,CDG
30064780110,90194315296,CDG
30064780110,30064780115,CDG
30064780110,141733921031,CDG
30064780110,141733921032,CDG
30064780110,30064780111,CDG
30064780110,30064780112,CDG
30064780110,68719485322,CDG
30064780110,68719485318,CDG
30064780110,68719485319,CDG
30064780110,68719485320,CDG
30064780110,68719485321,CDG
30064780110,55834578124,CDG
30064780120,141733921035,CDG
30064780120,120259084521,CDG
30064780120,68719485326,CDG
30064780120,68719485327,CDG
30064780120,68719485328,CDG
30064780120,68719485329,CDG
30064780120,30064780122,CDG
30064780120,30064780123,CDG
30064780120,30064780124,CDG
30064780120,90194315300,CDG
30064780120,55834578128,CDG
30064780252,90194315311,CDG
30064780252,141733921038,CDG
30064780252,68719485462,CDG
30064780252,30064780254,CDG
30064780252,30064780255,CDG
30064780252,30064780256,CDG
30064780252,55834578198,CDG
30064780252,68719485458,CDG
30064780252,68719485459,CDG
30064780252,68719485460,CDG
30064780252,68719485461,CDG
30064780261,68719485468,CDG
30064780261,68719485469,CDG
30064780261,68719485470,CDG
30064780261,68719485471,CDG
30064780261,68719485472,CDG
30064780261,90194315312,CDG
30064780261,90194315313,CDG
30064780261,30064780265,CDG
30064780261,30064780266,CDG
30064780261,30064780262,CDG
30064780261,30064780263,CDG
30064780261,30064780264,CDG
30064780261,25769805242,CDG
30064780331,30064780333,CDG
30064780331,30064780334,CDG
30064780331,30064780335,CDG
30064780331,68719485540,CDG
30064780331,68719485541,CDG
30064780331,55834578235,CDG
30064780331,141733921039,CDG
30064780331,90194315319,CDG
30064780331,68719485542,CDG
30064780331,68719485543,CDG
30064780331,68719485544,CDG
30064780347,68719485562,CDG
30064780347,68719485558,CDG
30064780347,90194315323,CDG
30064780347,68719485559,CDG
30064780347,68719485560,CDG
30064780347,68719485561,CDG
30064780347,55834578239,CDG
30064780347,141733921040,CDG
30064780347,30064780350,CDG
30064780347,30064780351,CDG
30064780347,30064780352,CDG
30064780348,90194315322,CDG
30064780355,68719485565,CDG
30064780355,90194315324,CDG
30064780369,90194315327,CDG
30064780369,30064780370,CDG
30064780369,30064780371,CDG
30064780369,30064780372,CDG
30064780369,141733921041,CDG
30064780369,68719485580,CDG
30064780369,68719485581,CDG
30064780369,55834578243,CDG
30064780369,68719485582,CDG
30064780369,68719485583,CDG
30064780369,68719485584,CDG
30064780377,141733921042,CDG
30064780377,30064780378,CDG
30064780377,30064780379,CDG
30064780377,30064780380,CDG
30064780377,90194315328,CDG
30064780377,90194315329,CDG
30064780377,90194315330,CDG
30064780377,55834578247,CDG
30064780377,55834578245,CDG
30064780377,55834578246,CDG
30064780377,68719485594,CDG
30064780377,68719485595,CDG
30064780377,68719485596,CDG
30064780377,68719485597,CDG
30064780377,68719485590,CDG
30064780377,68719485591,CDG
30064780377,68719485592,CDG
30064780377,68719485593,CDG
30064780377,68719485602,CDG
30064780377,68719485603,CDG
30064780377,68719485604,CDG
30064780377,68719485598,CDG
30064780377,68719485599,CDG
30064780377,68719485600,CDG
30064780377,68719485601,CDG
30064780377,25769805257,CDG
30064780377,30064780385,CDG
30064780377,30064780386,CDG
30064780377,30064780387,CDG
30064780377,30064780388,CDG
30064780377,30064780381,CDG
30064780377,30064780382,CDG
30064780377,30064780383,CDG
30064780377,30064780384,CDG
30064780377,30064780389,CDG
30064780377,30064780390,CDG
30064780377,30064780391,CDG
30064780377,30064780392,CDG
30064780392,141733921043,CDG
30064780392,55834578279,CDG
30064780392,55834578275,CDG
30064780392,55834578276,CDG
30064780392,55834578277,CDG
30064780392,55834578278,CDG
30064780392,90194315335,CDG
30064780392,90194315336,CDG
30064780392,90194315337,CDG
30064780392,90194315338,CDG
30064780392,90194315331,CDG
30064780392,90194315332,CDG
30064780392,90194315333,CDG
30064780392,90194315334,CDG
30064780392,68719485642,CDG
30064780392,68719485643,CDG
30064780392,68719485644,CDG
30064780392,68719485638,CDG
30064780392,68719485639,CDG
30064780392,68719485640,CDG
30064780392,68719485641,CDG
30064780392,55834578263,CDG
30064780392,55834578264,CDG
30064780392,55834578265,CDG
30064780392,55834578266,CDG
30064780392,55834578259,CDG
30064780392,55834578260,CDG
30064780392,55834578261,CDG
30064780392,55834578262,CDG
30064780392,55834578271,CDG
30064780392,55834578272,CDG
30064780392,55834578273,CDG
30064780392,55834578274,CDG
30064780392,55834578267,CDG
30064780392,55834578268,CDG
30064780392,55834578269,CDG
30064780392,55834578270,CDG
30064780392,55834578248,CDG
30064780392,55834578249,CDG
30064780392,55834578250,CDG
30064780392,55834578255,CDG
30064780392,55834578256,CDG
30064780392,55834578257,CDG
30064780392,55834578258,CDG
30064780392,55834578251,CDG
30064780392,55834578252,CDG
30064780392,55834578253,CDG
30064780392,55834578254,CDG
30064780392,68719485605,CDG
30064780392,25769805258,CDG
30064780392,25769805259,CDG
30064780392,68719485626,CDG
30064780392,68719485627,CDG
30064780392,68719485628,CDG
30064780392,68719485629,CDG
30064780392,68719485622,CDG
30064780392,68719485623,CDG
30064780392,68719485624,CDG
30064780392,68719485625,CDG
30064780392,68719485634,CDG
30064780392,68719485635,CDG
30064780392,68719485636,CDG
30064780392,68719485637,CDG
30064780392,68719485630,CDG
30064780392,68719485631,CDG
30064780392,68719485632,CDG
30064780392,68719485633,CDG
30064780392,68719485610,CDG
30064780392,68719485611,CDG
30064780392,68719485612,CDG
30064780392,68719485613,CDG
30064780392,68719485606,CDG
30064780392,68719485607,CDG
30064780392,68719485608,CDG
30064780392,68719485609,CDG
30064780392,68719485618,CDG
30064780392,68719485619,CDG
30064780392,68719485620,CDG
30064780392,68719485621,CDG
30064780392,68719485614,CDG
30064780392,68719485615,CDG
30064780392,68719485616,CDG
30064780392,68719485617,CDG
30064780392,30064780401,CDG
30064780392,30064780402,CDG
30064780392,30064780403,CDG
30064780392,30064780404,CDG
30064780392,30064780397,CDG
30064780392,30064780398,CDG
30064780392,30064780399,CDG
30064780392,30064780400,CDG
30064780392,30064780409,CDG
30064780392,30064780410,CDG
30064780392,30064780411,CDG
30064780392,30064780412,CDG
30064780392,30064780405,CDG
30064780392,30064780406,CDG
30064780392,30064780407,CDG
30064780392,30064780408,CDG
30064780392,30064780393,CDG
30064780392,30064780394,CDG
30064780392,30064780395,CDG
30064780392,30064780396,CDG
30064780392,30064780433,CDG
30064780392,30064780434,CDG
30064780392,30064780435,CDG
30064780392,30064780436,CDG
30064780392,30064780429,CDG
30064780392,30064780430,CDG
30064780392,30064780431,CDG
30064780392,30064780432,CDG
30064780392,30064780441,CDG
30064780392,30064780442,CDG
30064780392,30064780443,CDG
30064780392,30064780444,CDG
30064780392,30064780437,CDG
30064780392,30064780438,CDG
30064780392,30064780439,CDG
30064780392,30064780440,CDG
30064780392,30064780417,CDG
30064780392,30064780418,CDG
30064780392,30064780419,CDG
30064780392,30064780420,CDG
30064780392,30064780413,CDG
30064780392,30064780414,CDG
30064780392,30064780415,CDG
30064780392,30064780416,CDG
30064780392,30064780425,CDG
30064780392,30064780426,CDG
30064780392,30064780427,CDG
30064780392,30064780428,CDG
30064780392,30064780421,CDG
30064780392,30064780422,CDG
30064780392,30064780423,CDG
30064780392,30064780424,CDG
30064780448,68719485654,CDG
30064780448,68719485655,CDG
30064780448,68719485656,CDG
30064780448,141733921045,CDG
30064780448,141733921046,CDG
30064780448,30064780449,CDG
30064780448,30064780450,CDG
30064780448,90194315344,CDG
30064780448,30064780451,CDG
30064780448,55834578281,CDG
30064780448,90194315345,CDG
30064780448,30064780452,CDG
30064780448,90194315341,CDG
30064780448,30064780457,CDG
30064780448,68719485651,CDG
30064780448,68719485652,CDG
30064780448,68719485653,CDG
30064780448,30064780453,CDG
30064780448,30064780454,CDG
30064780448,30064780455,CDG
30064780448,30064780456,CDG
30064780450,90194315343,CDG
30064780450,90194315342,CDG
30064780469,68719485674,CDG
30064780469,68719485670,CDG
30064780469,141733921047,CDG
30064780469,68719485671,CDG
30064780469,68719485672,CDG
30064780469,68719485673,CDG
30064780469,90194315347,CDG
30064780469,30064780470,CDG
30064780469,30064780471,CDG
30064780469,55834578285,CDG
30064780469,30064780472,CDG
30064780482,68719485690,CDG
30064780482,68719485691,CDG
30064780482,68719485687,CDG
30064780482,68719485688,CDG
30064780482,68719485689,CDG
30064780482,90194315351,CDG
30064780482,55834578289,CDG
30064780482,30064780485,CDG
30064780482,30064780486,CDG
30064780482,30064780487,CDG
30064780697,90194315423,CDG
30064780697,90194315419,CDG
30064780697,90194315420,CDG
30064780697,90194315421,CDG
30064780697,90194315422,CDG
30064780697,90194315416,CDG
30064780697,90194315417,CDG
30064780697,90194315418,CDG
30064780697,68719485930,CDG
30064780697,68719485931,CDG
30064780697,68719485932,CDG
30064780697,68719485933,CDG
30064780697,68719485927,CDG
30064780697,68719485928,CDG
30064780697,68719485929,CDG
30064780697,68719485938,CDG
30064780697,68719485939,CDG
30064780697,68719485940,CDG
30064780697,68719485934,CDG
30064780697,68719485935,CDG
30064780697,68719485936,CDG
30064780697,68719485937,CDG
30064780697,30064780717,CDG
30064780697,30064780718,CDG
30064780697,30064780719,CDG
30064780697,30064780720,CDG
30064780697,30064780705,CDG
30064780697,30064780706,CDG
30064780697,30064780707,CDG
30064780697,30064780708,CDG
30064780697,30064780701,CDG
30064780697,30064780702,CDG
30064780697,30064780703,CDG
30064780697,30064780704,CDG
30064780697,30064780713,CDG
30064780697,30064780714,CDG
30064780697,30064780715,CDG
30064780697,30064780716,CDG
30064780697,30064780709,CDG
30064780697,30064780710,CDG
30064780697,30064780711,CDG
30064780697,30064780712,CDG
30064780697,25769805291,CDG
30064780697,55834578368,CDG
30064780697,55834578369,CDG
30064780697,55834578370,CDG
30064780697,30064780699,CDG
30064780697,30064780700,CDG
30064780697,55834578375,CDG
30064780697,55834578376,CDG
30064780697,55834578377,CDG
30064780697,55834578378,CDG
30064780697,55834578371,CDG
30064780697,55834578372,CDG
30064780697,55834578373,CDG
30064780697,55834578374,CDG
30064780721,90194315425,CDG
30064780721,90194315426,CDG
30064780721,90194315431,CDG
30064780721,90194315427,CDG
30064780721,90194315428,CDG
30064780721,90194315429,CDG
30064780721,90194315430,CDG
30064780721,68719485946,CDG
30064780721,68719485947,CDG
30064780721,68719485948,CDG
30064780721,68719485949,CDG
30064780721,68719485942,CDG
30064780721,68719485943,CDG
30064780721,68719485944,CDG
30064780721,68719485945,CDG
30064780721,68719485950,CDG
30064780721,68719485951,CDG
30064780721,68719485952,CDG
30064780721,68719485953,CDG
30064780721,30064780723,CDG
30064780721,30064780724,CDG
30064780721,30064780729,CDG
30064780721,30064780730,CDG
30064780721,30064780731,CDG
30064780721,30064780732,CDG
30064780721,30064780725,CDG
30064780721,30064780726,CDG
30064780721,30064780727,CDG
30064780721,30064780728,CDG
30064780721,25769805292,CDG
30064780721,30064780737,CDG
30064780721,30064780738,CDG
30064780721,30064780739,CDG
30064780721,30064780740,CDG
30064780721,30064780733,CDG
30064780721,30064780734,CDG
30064780721,30064780735,CDG
30064780721,30064780736,CDG
30064780721,30064780741,CDG
30064780721,30064780742,CDG
30064780721,55834578387,CDG
30064780721,55834578388,CDG
30064780721,55834578389,CDG
30064780721,55834578383,CDG
30064780721,55834578384,CDG
30064780721,55834578385,CDG
30064780721,55834578386,CDG
30064780721,55834578380,CDG
30064780721,55834578381,CDG
30064780721,55834578382,CDG
30064780796,55834578410,CDG
30064780796,55834578415,CDG
30064780796,55834578416,CDG
30064780796,55834578412,CDG
30064780796,55834578413,CDG
30064780796,55834578414,CDG
30064780796,68719486012,CDG
30064780796,68719486013,CDG
30064780796,68719486018,CDG
30064780796,25769805304,CDG
30064780796,68719486019,CDG
30064780796,68719486020,CDG
30064780796,68719486021,CDG
30064780796,68719486014,CDG
30064780796,25769805300,CDG
30064780796,68719486015,CDG
30064780796,68719486016,CDG
30064780796,68719486017,CDG
30064780796,68719485999,CDG
30064780796,68719486000,CDG
30064780796,68719486001,CDG
30064780796,30064780787,CDG
30064780796,30064780788,CDG
30064780796,30064780796,CDG
30064780796,30064780789,CDG
30064780796,120259084525,CDG
30064780796,68719486026,CDG
30064780796,68719486023,CDG
30064780796,68719486024,CDG
30064780796,68719486025,CDG
30064780796,30064780801,CDG
30064780796,30064780802,CDG
30064780796,30064780803,CDG
30064780796,30064780804,CDG
30064780796,30064780797,CDG
30064780796,30064780798,CDG
30064780796,30064780799,CDG
30064780796,30064780800,CDG
30064780796,30064780809,CDG
30064780796,30064780810,CDG
30064780796,30064780811,CDG
30064780796,30064780805,CDG
30064780796,30064780806,CDG
30064780796,30064780808,CDG
30064780805,68719486022,CDG
30064780805,30064780807,CDG
30064780808,55834578417,CDG
30064780808,55834578418,CDG
30064780808,68719486027,CDG
30064780808,90194315440,CDG
30064780808,68719486028,CDG
30064780808,90194315441,CDG
30064780808,68719486029,CDG
30064780808,68719486030,CDG
30064780808,68719486031,CDG
30064780808,30064780813,CDG
30064780808,30064780814,CDG
30064780808,30064780815,CDG
30064780808,30064780812,CDG
30064780829,30064780849,CDG
30064780829,55834578423,CDG
30064780829,30064780850,CDG
30064780829,55834578424,CDG
30064780829,30064780851,CDG
30064780829,55834578425,CDG
30064780829,30064780852,CDG
30064780829,55834578426,CDG
30064780829,30064780845,CDG
30064780829,55834578421,CDG
30064780829,55834578427,CDG
30064780829,55834578428,CDG
30064780829,55834578429,CDG
30064780829,30064780833,CDG
30064780829,30064780834,CDG
30064780829,30064780835,CDG
30064780829,30064780836,CDG
30064780829,30064780829,CDG
30064780829,30064780830,CDG
30064780829,30064780831,CDG
30064780829,30064780832,CDG
30064780829,30064780841,CDG
30064780829,30064780842,CDG
30064780829,30064780843,CDG
30064780829,30064780844,CDG
30064780829,30064780837,CDG
30064780829,30064780838,CDG
30064780829,30064780839,CDG
30064780829,30064780840,CDG
30064780829,68719486038,CDG
30064780829,68719486039,CDG
30064780829,68719486050,CDG
30064780829,120259084526,CDG
30064780829,68719486051,CDG
30064780829,68719486052,CDG
30064780829,68719486053,CDG
30064780829,25769805314,CDG
30064780829,25769805310,CDG
30064780829,68719486037,CDG
30064780829,90194315444,CDG
30064780829,30064780820,CDG
30064780829,30064780821,CDG
30064780829,30064780822,CDG
30064780829,68719486058,CDG
30064780829,68719486059,CDG
30064780829,68719486060,CDG
30064780829,68719486061,CDG
30064780829,68719486054,CDG
30064780829,68719486055,CDG
30064780829,68719486056,CDG
30064780829,68719486057,CDG
30064780829,68719486066,CDG
30064780829,68719486067,CDG
30064780829,68719486068,CDG
30064780829,68719486062,CDG
30064780829,68719486065,CDG
30064780843,30064780848,CDG
30064780843,68719486064,CDG
30064780844,30064780846,CDG
30064780844,30064780847,CDG
30064780844,55834578430,CDG
30064780844,90194315445,CDG
30064780844,68719486063,CDG
30064780849,55834578431,CDG
30064780849,55834578432,CDG
30064780849,30064780853,CDG
30064780849,30064780854,CDG
30064780849,30064780855,CDG
30064780849,30064780856,CDG
30064780849,90194315447,CDG
30064780849,90194315446,CDG
30064780849,68719486070,CDG
30064780849,68719486071,CDG
30064780849,68719486072,CDG
30064780849,68719486073,CDG
30064780849,68719486069,CDG
30064780875,68719486100,CDG
30064780875,68719486101,CDG
30064780879,68719486104,CDG
30064780879,68719486105,CDG
30064780888,30064780890,CDG
30064780888,30064780891,CDG
30064780888,30064780892,CDG
30064780888,141733921057,CDG
30064780888,141733921058,CDG
30064780888,25769805327,CDG
30064780888,68719486150,CDG
30064780888,25769805322,CDG
30064780888,68719486114,CDG
30064780888,68719486115,CDG
30064780888,68719486116,CDG
30064780888,68719486117,CDG
30064780888,68719486112,CDG
30064780888,68719486113,CDG
30064780888,68719486138,CDG
30064780888,55834578455,CDG
30064780888,68719486139,CDG
30064780888,55834578456,CDG
30064780888,68719486140,CDG
30064780888,55834578457,CDG
30064780888,68719486141,CDG
30064780888,55834578458,CDG
30064780888,68719486134,CDG
30064780888,55834578451,CDG
30064780888,68719486135,CDG
30064780888,55834578452,CDG
30064780888,68719486136,CDG
30064780888,55834578453,CDG
30064780888,68719486137,CDG
30064780888,55834578454,CDG
30064780888,68719486146,CDG
30064780888,55834578463,CDG
30064780888,68719486147,CDG
30064780888,55834578464,CDG
30064780888,68719486148,CDG
30064780888,55834578465,CDG
30064780888,68719486149,CDG
30064780888,55834578466,CDG
30064780888,68719486142,CDG
30064780888,55834578459,CDG
30064780888,68719486143,CDG
30064780888,55834578460,CDG
30064780888,68719486144,CDG
30064780888,55834578461,CDG
30064780888,68719486145,CDG
30064780888,55834578462,CDG
30064780888,68719486122,CDG
30064780888,68719486123,CDG
30064780888,68719486124,CDG
30064780888,68719486125,CDG
30064780888,68719486118,CDG
30064780888,68719486119,CDG
30064780888,68719486120,CDG
30064780888,68719486121,CDG
30064780888,68719486130,CDG
30064780888,55834578447,CDG
30064780888,68719486131,CDG
30064780888,55834578448,CDG
30064780888,68719486132,CDG
30064780888,55834578449,CDG
30064780888,68719486133,CDG
30064780888,55834578450,CDG
30064780888,68719486126,CDG
30064780888,68719486127,CDG
30064780888,55834578444,CDG
30064780888,68719486128,CDG
30064780888,55834578445,CDG
30064780888,68719486129,CDG
30064780888,55834578446,CDG
30064780888,30064780913,CDG
30064780888,30064780914,CDG
30064780888,90194315456,CDG
30064780888,30064780915,CDG
30064780888,90194315457,CDG
30064780888,30064780916,CDG
30064780888,90194315458,CDG
30064780888,30064780909,CDG
30064780888,30064780910,CDG
30064780888,30064780911,CDG
30064780888,30064780912,CDG
30064780888,30064780921,CDG
30064780888,90194315463,CDG
30064780888,30064780922,CDG
30064780888,90194315464,CDG
30064780888,30064780923,CDG
30064780888,90194315465,CDG
30064780888,120259084528,CDG
30064780888,30064780924,CDG
30064780888,120259084529,CDG
30064780888,30064780917,CDG
30064780888,90194315459,CDG
30064780888,30064780918,CDG
30064780888,90194315460,CDG
30064780888,30064780919,CDG
30064780888,90194315461,CDG
30064780888,30064780920,CDG
30064780888,90194315462,CDG
30064780888,30064780897,CDG
30064780888,30064780898,CDG
30064780888,30064780899,CDG
30064780888,30064780900,CDG
30064780888,30064780893,CDG
30064780888,30064780894,CDG
30064780888,30064780895,CDG
30064780888,30064780896,CDG
30064780888,30064780905,CDG
30064780888,30064780906,CDG
30064780888,30064780907,CDG
30064780888,30064780908,CDG
30064780888,30064780901,CDG
30064780888,30064780902,CDG
30064780888,30064780903,CDG
30064780888,30064780904,CDG
30064780888,30064780929,CDG
30064780888,30064780930,CDG
30064780888,30064780931,CDG
30064780888,30064780932,CDG
30064780888,30064780925,CDG
30064780888,120259084530,CDG
30064780888,30064780926,CDG
30064780888,30064780927,CDG
30064780888,30064780928,CDG
30064780888,30064780937,CDG
30064780888,30064780933,CDG
30064780888,30064780934,CDG
30064780888,30064780935,CDG
30064780888,30064780936,CDG
30064781002,55834578491,CDG
30064781002,55834578492,CDG
30064781002,68719486221,CDG
30064781002,68719486222,CDG
30064781002,68719486223,CDG
30064781002,68719486224,CDG
30064781002,30064781009,CDG
30064781002,30064781005,CDG
30064781002,30064781006,CDG
30064781002,30064781007,CDG
30064781002,30064781008,CDG
30064781002,90194315479,CDG
30064781002,141733921060,CDG
30064781002,90194315480,CDG
30064781002,90194315481,CDG
30064781002,90194315482,CDG
30064781008,55834578493,CDG
30064781008,68719486226,CDG
30064781008,68719486227,CDG
30064781008,68719486228,CDG
30064781008,68719486229,CDG
30064781008,68719486225,CDG
30064781008,30064781010,CDG
30064781008,30064781011,CDG
30064781008,30064781012,CDG
30064781008,90194315483,CDG
30064781008,141733921061,CDG
30064781041,68719486266,CDG
30064781041,68719486267,CDG
30064781041,68719486268,CDG
30064781041,68719486269,CDG
30064781041,68719486262,CDG
30064781041,68719486263,CDG
30064781041,68719486264,CDG
30064781041,68719486265,CDG
30064781041,68719486274,CDG
30064781041,68719486275,CDG
30064781041,68719486276,CDG
30064781041,68719486277,CDG
30064781041,68719486270,CDG
30064781041,68719486271,CDG
30064781041,68719486272,CDG
30064781041,68719486273,CDG
30064781041,68719486258,CDG
30064781041,68719486259,CDG
30064781041,68719486260,CDG
30064781041,68719486261,CDG
30064781041,141733921062,CDG
30064781041,68719486256,CDG
30064781041,68719486257,CDG
30064781041,30064781043,CDG
30064781041,30064781044,CDG
30064781041,30064781049,CDG
30064781041,30064781050,CDG
30064781041,30064781051,CDG
30064781041,30064781052,CDG
30064781041,30064781045,CDG
30064781041,30064781046,CDG
30064781041,30064781047,CDG
30064781041,30064781048,CDG
30064781041,30064781073,CDG
30064781041,30064781074,CDG
30064781041,30064781075,CDG
30064781041,30064781076,CDG
30064781041,30064781069,CDG
30064781041,55834578515,CDG
30064781041,30064781070,CDG
30064781041,30064781071,CDG
30064781041,30064781072,CDG
30064781041,30064781077,CDG
30064781041,30064781057,CDG
30064781041,55834578503,CDG
30064781041,30064781058,CDG
30064781041,55834578504,CDG
30064781041,30064781059,CDG
30064781041,55834578505,CDG
30064781041,30064781060,CDG
30064781041,55834578506,CDG
30064781041,30064781053,CDG
30064781041,30064781054,CDG
30064781041,30064781055,CDG
30064781041,30064781056,CDG
30064781041,55834578502,CDG
30064781041,30064781065,CDG
30064781041,55834578511,CDG
30064781041,30064781066,CDG
30064781041,55834578512,CDG
30064781041,30064781067,CDG
30064781041,55834578513,CDG
30064781041,30064781068,CDG
30064781041,55834578514,CDG
30064781041,30064781061,CDG
30064781041,55834578507,CDG
30064781041,30064781062,CDG
30064781041,55834578508,CDG
30064781041,30064781063,CDG
30064781041,55834578509,CDG
30064781041,25769805350,CDG
30064781041,30064781064,CDG
30064781041,55834578510,CDG
30064781041,90194315503,CDG
30064781041,90194315499,CDG
30064781041,90194315500,CDG
30064781041,90194315501,CDG
30064781041,90194315502,CDG
30064781041,68719486282,CDG
30064781041,68719486283,CDG
30064781041,68719486284,CDG
30064781041,68719486285,CDG
30064781041,68719486278,CDG
30064781041,68719486279,CDG
30064781041,68719486280,CDG
30064781041,68719486281,CDG
30064781041,68719486290,CDG
30064781041,68719486291,CDG
30064781041,68719486286,CDG
30064781041,68719486287,CDG
30064781041,68719486288,CDG
30064781041,68719486289,CDG
30064781041,90194315495,CDG
30064781041,90194315496,CDG
30064781041,90194315497,CDG
30064781041,90194315498,CDG
30064781041,90194315493,CDG
30064781041,90194315494,CDG
30064781280,68719486490,CDG
30064781280,68719486491,CDG
30064781280,68719486492,CDG
30064781280,68719486493,CDG
30064781280,68719486498,CDG
30064781280,90194315527,CDG
30064781280,68719486499,CDG
30064781280,90194315528,CDG
30064781280,68719486500,CDG
30064781280,68719486501,CDG
30064781280,68719486494,CDG
30064781280,68719486495,CDG
30064781280,68719486496,CDG
30064781280,68719486497,CDG
30064781280,90194315526,CDG
30064781280,25769805372,CDG
30064781280,68719486506,CDG
30064781280,68719486507,CDG
30064781280,68719486502,CDG
30064781280,68719486503,CDG
30064781280,68719486504,CDG
30064781280,68719486505,CDG
30064781280,30064781297,CDG
30064781280,30064781298,CDG
30064781280,55834578616,CDG
30064781280,30064781299,CDG
30064781280,55834578617,CDG
30064781280,30064781300,CDG
30064781280,55834578618,CDG
30064781280,30064781293,CDG
30064781280,30064781294,CDG
30064781280,30064781295,CDG
30064781280,30064781296,CDG
30064781280,30064781301,CDG
30064781280,55834578619,CDG
30064781280,30064781302,CDG
30064781280,30064781303,CDG
30064781280,30064781283,CDG
30064781280,30064781284,CDG
30064781280,30064781289,CDG
30064781280,30064781290,CDG
30064781280,30064781291,CDG
30064781280,30064781292,CDG
30064781280,30064781285,CDG
30064781280,30064781286,CDG
30064781280,30064781287,CDG
30064781280,30064781288,CDG
30064781280,25769805371,CDG
30064781281,68719486489,CDG
30064781281,55834578615,CDG
30064781281,30064781282,CDG
30064781310,90194315532,CDG
30064781310,30064781311,CDG
30064781310,68719486514,CDG
30064781310,68719486515,CDG
30064781333,90194315538,CDG
30064781333,68719486532,CDG
30064781333,68719486533,CDG
30064781333,30064781334,CDG
30064781346,30064781347,CDG
30064781346,30064781348,CDG
30064781346,68719486544,CDG
30064781346,90194315541,CDG
30064781346,68719486545,CDG
30064781346,90194315542,CDG
30064781358,30064781361,CDG
30064781358,68719486555,CDG
30064781358,30064781362,CDG
30064781358,68719486556,CDG
30064781358,30064781363,CDG
30064781358,68719486557,CDG
30064781358,30064781364,CDG
30064781358,30064781359,CDG
30064781358,30064781360,CDG
30064781358,68719486562,CDG
30064781358,68719486558,CDG
30064781358,68719486559,CDG
30064781358,68719486560,CDG
30064781358,68719486561,CDG
30064781358,55834578637,CDG
30064781358,25769805382,CDG
30064781364,68719486563,CDG
30064781364,30064781365,CDG
30064781380,90194315547,CDG
30064781380,90194315548,CDG
30064781380,68719486578,CDG
30064781380,68719486579,CDG
30064781380,55834578642,CDG
30064781380,30064781382,CDG
30064781380,30064781383,CDG
30064781380,30064781384,CDG
30064781394,90194315551,CDG
30064781394,68719486588,CDG
30064781394,30064781395,CDG
30064781394,68719486589,CDG
30064781405,90194315554,CDG
30064781405,68719486599,CDG
30064781405,30064781406,CDG
30064781405,90194315555,CDG
30064781405,141733921073,CDG
30064781406,141733921075,CDG
30064781406,90194315556,CDG
30064781406,90194315557,CDG
30064781406,141733921074,CDG
30064781407,68719486601,CDG
30064781407,30064781408,CDG
30064781407,90194315559,CDG
30064781407,141733921076,CDG
30064781407,90194315560,CDG
30064781408,141733921077,CDG
30064781408,90194315561,CDG
30064781408,141733921078,CDG
30064781408,90194315562,CDG
30064781409,68719486603,CDG
30064781409,30064781410,CDG
30064781409,141733921079,CDG
30064781409,90194315564,CDG
30064781409,90194315565,CDG
30064781410,90194315567,CDG
30064781410,141733921080,CDG
30064781410,141733921081,CDG
30064781410,90194315566,CDG
30064781411,55834578650,CDG
30064781411,141733921083,CDG
30064781411,90194315569,CDG
30064781411,68719486605,CDG
30064781411,30064781412,CDG
30064781411,90194315570,CDG
30064781411,141733921082,CDG
30064781411,68719486606,CDG
30064781411,30064781413,CDG
30064781411,68719486607,CDG
30064781411,30064781414,CDG
30064781411,68719486608,CDG
30064781411,30064781415,CDG
30064781411,68719486609,CDG
30064781411,30064781416,CDG
30064781417,141733921084,CDG
30064781417,68719486611,CDG
30064781417,30064781418,CDG
30064781417,90194315572,CDG
30064781417,90194315573,CDG
30064781418,141733921085,CDG
30064781418,141733921086,CDG
30064781418,90194315575,CDG
30064781418,90194315574,CDG
30064781530,55834578711,CDG
30064781530,90194315583,CDG
30064781530,68719486726,CDG
30064781530,30064781533,CDG
30064781530,68719486727,CDG
30064781530,30064781534,CDG
30064781530,68719486728,CDG
30064781530,68719486724,CDG
30064781530,68719486725,CDG
30064781530,30064781532,CDG
30064781530,141733921087,CDG
30064781539,90194315584,CDG
30064781539,30064781540,CDG
30064781539,25769805404,CDG
30064781539,68719486734,CDG
30064781539,30064781541,CDG
30064781539,68719486735,CDG
30064781539,30064781542,CDG
30064781539,68719486736,CDG
30064781539,30064781543,CDG
30064781539,68719486737,CDG
30064781608,68719486806,CDG
30064781608,68719486807,CDG
30064781608,68719486808,CDG
30064781608,68719486809,CDG
30064781608,55834578748,CDG
30064781608,90194315590,CDG
30064781608,30064781610,CDG
30064781608,30064781611,CDG
30064781608,68719486805,CDG
30064781608,30064781612,CDG
30064781608,141733921088,CDG
30064781624,55834578752,CDG
30064781624,30064781627,CDG
30064781624,30064781628,CDG
30064781624,90194315594,CDG
30064781624,68719486826,CDG
30064781624,68719486827,CDG
30064781624,30064781629,CDG
30064781624,68719486823,CDG
30064781624,68719486824,CDG
30064781624,68719486825,CDG
30064781624,141733921089,CDG
30064781625,90194315593,CDG
30064781632,90194315595,CDG
30064781632,68719486830,CDG
30064781646,30064781649,CDG
30064781646,68719486845,CDG
30064781646,30064781647,CDG
30064781646,30064781648,CDG
30064781646,68719486846,CDG
30064781646,68719486847,CDG
30064781646,68719486848,CDG
30064781646,68719486849,CDG
30064781646,55834578756,CDG
30064781646,90194315598,CDG
30064781646,141733921090,CDG
30064781654,30064781657,CDG
30064781654,30064781658,CDG
30064781654,30064781659,CDG
30064781654,30064781660,CDG
30064781654,30064781655,CDG
30064781654,30064781656,CDG
30064781654,25769805419,CDG
30064781654,55834578759,CDG
30064781654,90194315599,CDG
30064781654,55834578760,CDG
30064781654,90194315600,CDG
30064781654,90194315601,CDG
30064781654,55834578758,CDG
30064781654,68719486858,CDG
30064781654,68719486859,CDG
30064781654,68719486860,CDG
30064781654,68719486861,CDG
30064781654,68719486855,CDG
30064781654,68719486856,CDG
30064781654,68719486857,CDG
30064781654,68719486866,CDG
30064781654,68719486867,CDG
30064781654,68719486868,CDG
30064781654,68719486869,CDG
30064781654,68719486862,CDG
30064781654,68719486863,CDG
30064781654,68719486864,CDG
30064781654,68719486865,CDG
30064781654,30064781665,CDG
30064781654,30064781666,CDG
30064781654,30064781667,CDG
30064781654,30064781668,CDG
30064781654,30064781661,CDG
30064781654,30064781662,CDG
30064781654,30064781663,CDG
30064781654,30064781664,CDG
30064781654,141733921091,CDG
30064781654,30064781669,CDG
30064781669,25769805420,CDG
30064781669,25769805421,CDG
30064781669,55834578775,CDG
30064781669,55834578776,CDG
30064781669,55834578777,CDG
30064781669,55834578778,CDG
30064781669,55834578771,CDG
30064781669,55834578772,CDG
30064781669,55834578773,CDG
30064781669,55834578774,CDG
30064781669,55834578779,CDG
30064781669,55834578780,CDG
30064781669,55834578781,CDG
30064781669,55834578782,CDG
30064781669,55834578761,CDG
30064781669,55834578762,CDG
30064781669,90194315602,CDG
30064781669,55834578767,CDG
30064781669,90194315607,CDG
30064781669,55834578768,CDG
30064781669,55834578769,CDG
30064781669,55834578770,CDG
30064781669,55834578763,CDG
30064781669,90194315603,CDG
30064781669,55834578764,CDG
30064781669,90194315604,CDG
30064781669,55834578765,CDG
30064781669,90194315605,CDG
30064781669,55834578766,CDG
30064781669,90194315606,CDG
30064781669,68719486874,CDG
30064781669,68719486875,CDG
30064781669,68719486876,CDG
30064781669,68719486877,CDG
30064781669,68719486870,CDG
30064781669,68719486871,CDG
30064781669,68719486872,CDG
30064781669,68719486873,CDG
30064781669,68719486882,CDG
30064781669,68719486883,CDG
30064781669,68719486884,CDG
30064781669,68719486885,CDG
30064781669,68719486878,CDG
30064781669,68719486879,CDG
30064781669,68719486880,CDG
30064781669,68719486881,CDG
30064781669,68719486890,CDG
30064781669,68719486891,CDG
30064781669,68719486892,CDG
30064781669,68719486893,CDG
30064781669,68719486886,CDG
30064781669,68719486887,CDG
30064781669,68719486888,CDG
30064781669,68719486889,CDG
30064781669,68719486894,CDG
30064781669,68719486895,CDG
30064781669,68719486896,CDG
30064781669,68719486897,CDG
30064781669,30064781681,CDG
30064781669,30064781682,CDG
30064781669,30064781683,CDG
30064781669,30064781684,CDG
30064781669,30064781677,CDG
30064781669,30064781678,CDG
30064781669,30064781679,CDG
30064781669,30064781680,CDG
30064781669,30064781689,CDG
30064781669,30064781690,CDG
30064781669,30064781691,CDG
30064781669,30064781692,CDG
30064781669,30064781685,CDG
30064781669,30064781686,CDG
30064781669,30064781687,CDG
30064781669,30064781688,CDG
30064781669,30064781673,CDG
30064781669,30064781674,CDG
30064781669,141733921092,CDG
30064781669,30064781675,CDG
30064781669,30064781676,CDG
30064781669,30064781670,CDG
30064781669,30064781671,CDG
30064781669,30064781672,CDG
30064781669,30064781697,CDG
30064781669,30064781698,CDG
30064781669,30064781699,CDG
30064781669,30064781700,CDG
30064781669,30064781693,CDG
30064781669,30064781694,CDG
30064781669,30064781695,CDG
30064781669,30064781696,CDG
30064781669,30064781705,CDG
30064781669,30064781701,CDG
30064781669,30064781702,CDG
30064781669,30064781703,CDG
30064781669,30064781704,CDG
30064781709,68719486906,CDG
30064781709,30064781713,CDG
30064781709,68719486907,CDG
30064781709,30064781714,CDG
30064781709,68719486908,CDG
30064781709,30064781715,CDG
30064781709,68719486909,CDG
30064781709,30064781716,CDG
30064781709,141733921095,CDG
30064781709,30064781710,CDG
30064781709,68719486904,CDG
30064781709,30064781711,CDG
30064781709,90194315613,CDG
30064781709,68719486905,CDG
30064781709,30064781712,CDG
30064781709,90194315614,CDG
30064781709,55834578784,CDG
30064781709,30064781717,CDG
30064781709,30064781718,CDG
30064781709,141733921094,CDG
30064781709,90194315610,CDG
30064781711,90194315611,CDG
30064781711,90194315612,CDG
30064781730,68719486923,CDG
30064781730,90194315616,CDG
30064781730,68719486924,CDG
30064781730,30064781731,CDG
30064781730,68719486925,CDG
30064781730,30064781732,CDG
30064781730,55834578788,CDG
30064781730,141733921096,CDG
30064781730,68719486926,CDG
30064781730,30064781733,CDG
30064781730,68719486927,CDG
30064781743,30064781746,CDG
30064781743,55834578792,CDG
30064781743,68719486940,CDG
30064781743,30064781747,CDG
30064781743,68719486941,CDG
30064781743,30064781748,CDG
30064781743,68719486942,CDG
30064781743,68719486943,CDG
30064781743,90194315620,CDG
30064781743,68719486944,CDG
30064781957,68719487162,CDG
30064781957,68719487163,CDG
30064781957,68719487164,CDG
30064781957,55834578871,CDG
30064781957,55834578872,CDG
30064781957,55834578873,CDG
30064781957,25769805458,CDG
30064781957,55834578874,CDG
30064781957,68719487190,CDG
30064781957,68719487191,CDG
30064781957,55834578868,CDG
30064781957,25769805454,CDG
30064781957,30064781946,CDG
30064781957,30064781947,CDG
30064781957,30064781948,CDG
30064781957,55834578875,CDG
30064781957,55834578876,CDG
30064781957,68719487178,CDG
30064781957,68719487179,CDG
30064781957,68719487180,CDG
30064781957,68719487181,CDG
30064781957,68719487176,CDG
30064781957,68719487177,CDG
30064781957,68719487186,CDG
30064781957,68719487187,CDG
30064781957,68719487188,CDG
30064781957,68719487189,CDG
30064781957,68719487182,CDG
30064781957,68719487183,CDG
30064781957,68719487184,CDG
30064781957,68719487185,CDG
30064781957,30064781969,CDG
30064781957,30064781970,CDG
30064781957,30064781971,CDG
30064781957,30064781972,CDG
30064781957,30064781965,CDG
30064781957,30064781966,CDG
30064781957,30064781967,CDG
30064781957,30064781968,CDG
30064781957,30064781973,CDG
30064781957,30064781974,CDG
30064781957,30064781961,CDG
30064781957,30064781962,CDG
30064781957,30064781963,CDG
30064781957,30064781964,CDG
30064781957,30064781957,CDG
30064781957,30064781958,CDG
30064781957,120259084539,CDG
30064781957,30064781959,CDG
30064781957,120259084540,CDG
30064781957,30064781960,CDG
30064781971,90194315675,CDG
30064781971,90194315674,CDG
30064781971,68719487194,CDG
30064781971,68719487195,CDG
30064781971,68719487196,CDG
30064781971,68719487192,CDG
30064781971,68719487193,CDG
30064781971,55834578877,CDG
30064781971,55834578878,CDG
30064781971,30064781977,CDG
30064781971,30064781978,CDG
30064781971,30064781975,CDG
30064781971,30064781976,CDG
30064781996,30064782001,CDG
30064781996,30064782002,CDG
30064781996,30064782003,CDG
30064781996,30064782004,CDG
30064781996,30064781997,CDG
30064781996,30064781998,CDG
30064781996,30064781999,CDG
30064781996,30064782000,CDG
30064781996,30064782009,CDG
30064781996,30064782010,CDG
30064781996,30064782011,CDG
30064781996,30064782012,CDG
30064781996,30064782005,CDG
30064781996,30064782006,CDG
30064781996,30064782007,CDG
30064781996,30064782008,CDG
30064781996,30064781985,CDG
30064781996,30064781983,CDG
30064781996,30064781984,CDG
30064781996,30064781996,CDG
30064781996,90194315680,CDG
30064781996,90194315678,CDG
30064781996,30064782017,CDG
30064781996,30064782018,CDG
30064781996,30064782019,CDG
30064781996,30064782020,CDG
30064781996,30064782013,CDG
30064781996,30064782014,CDG
30064781996,30064782015,CDG
30064781996,30064782016,CDG
30064781996,68719487202,CDG
30064781996,68719487203,CDG
30064781996,68719487204,CDG
30064781996,55834578881,CDG
30064781996,25769805462,CDG
30064781996,68719487226,CDG
30064781996,68719487227,CDG
30064781996,68719487228,CDG
30064781996,68719487229,CDG
30064781996,68719487222,CDG
30064781996,68719487223,CDG
30064781996,68719487224,CDG
30064781996,68719487225,CDG
30064781996,55834578887,CDG
30064781996,55834578888,CDG
30064781996,55834578889,CDG
30064781996,55834578890,CDG
30064781996,55834578885,CDG
30064781996,55834578886,CDG
30064781996,68719487218,CDG
30064781996,68719487219,CDG
30064781996,68719487220,CDG
30064781996,68719487221,CDG
30064781996,55834578891,CDG
30064781996,55834578892,CDG
30064781996,68719487216,CDG
30064781996,55834578893,CDG
30064781996,68719487217,CDG
30064781996,55834578894,CDG
30064781996,120259084541,CDG
30064782002,90194315679,CDG
30064782009,90194315681,CDG
30064782016,90194315682,CDG
30064782019,30064782021,CDG
30064782019,68719487232,CDG
30064782020,68719487231,CDG
30064782034,68719487238,CDG
30064782034,68719487239,CDG
30064782034,68719487240,CDG
30064782034,68719487250,CDG
30064782034,68719487251,CDG
30064782034,68719487252,CDG
30064782034,68719487253,CDG
30064782034,68719487248,CDG
30064782034,68719487249,CDG
30064782034,30064782034,CDG
30064782034,30064782035,CDG
30064782034,30064782036,CDG
30064782034,55834578899,CDG
30064782034,55834578900,CDG
30064782034,55834578901,CDG
30064782034,55834578902,CDG
30064782034,30064782041,CDG
30064782034,30064782042,CDG
30064782034,30064782037,CDG
30064782034,30064782038,CDG
30064782034,30064782039,CDG
30064782034,30064782040,CDG
30064782034,25769805469,CDG
30064782034,30064782026,CDG
30064782034,30064782027,CDG
30064782034,55834578897,CDG
30064782034,30064782028,CDG
30064782040,90194315684,CDG
30064782085,68719487292,CDG
30064782085,68719487293,CDG
30064782085,30064782093,CDG
30064782085,30064782094,CDG
30064782085,30064782095,CDG
30064782085,68719487294,CDG
30064782085,141733921105,CDG
30064782085,141733921106,CDG
30064782085,55834578919,CDG
30064782085,90194315695,CDG
30064782085,55834578920,CDG
30064782085,55834578918,CDG
30064782085,30064782091,CDG
30064782085,30064782092,CDG
30064782086,68719487291,CDG
30064782086,55834578916,CDG
30064782086,55834578917,CDG
30064782086,90194315694,CDG
30064782086,30064782089,CDG
30064782086,30064782090,CDG
30064782086,30064782088,CDG
30064782100,141733921107,CDG
30064782100,141733921108,CDG
30064782100,68719487300,CDG
30064782100,68719487301,CDG
30064782100,30064782101,CDG
30064782100,30064782102,CDG
30064782100,30064782103,CDG
30064782100,30064782104,CDG
30064782100,90194315696,CDG
30064782100,90194315697,CDG
30064782100,90194315698,CDG
30064782100,68719487302,CDG
30064782100,68719487303,CDG
30064782100,68719487304,CDG
30064782100,55834578923,CDG
30064782100,55834578924,CDG
30064782109,141733921109,CDG
30064782109,141733921110,CDG
30064782109,30064782113,CDG
30064782109,30064782110,CDG
30064782109,30064782111,CDG
30064782109,30064782112,CDG
30064782109,68719487314,CDG
30064782109,55834578927,CDG
30064782109,55834578928,CDG
30064782109,68719487310,CDG
30064782109,90194315699,CDG
30064782109,68719487311,CDG
30064782109,90194315700,CDG
30064782109,68719487312,CDG
30064782109,90194315701,CDG
30064782109,68719487313,CDG
30064782118,68719487322,CDG
30064782118,68719487323,CDG
30064782118,68719487324,CDG
30064782118,55834578931,CDG
30064782118,55834578932,CDG
30064782118,68719487320,CDG
30064782118,68719487321,CDG
30064782118,141733921111,CDG
30064782118,141733921112,CDG
30064782118,30064782121,CDG
30064782118,90194315703,CDG
30064782118,30064782122,CDG
30064782118,90194315704,CDG
30064782118,30064782119,CDG
30064782118,30064782120,CDG
30064782118,90194315702,CDG
30064782180,68719487386,CDG
30064782180,68719487387,CDG
30064782180,68719487383,CDG
30064782180,68719487384,CDG
30064782180,68719487385,CDG
30064782180,55834578954,CDG
30064782180,55834578955,CDG
30064782180,90194315719,CDG
30064782180,90194315720,CDG
30064782180,90194315718,CDG
30064782180,30064782185,CDG
30064782180,30064782186,CDG
30064782180,30064782187,CDG
30064782180,30064782188,CDG
30064782180,30064782184,CDG
30064782203,68719487398,CDG
30064782304,55834579005,CDG
30064782304,55834579006,CDG
30064782304,30064782305,CDG
30064782304,68719487498,CDG
30064782304,30064782306,CDG
30064782304,68719487499,CDG
30064782304,30064782307,CDG
30064782304,68719487500,CDG
30064782304,30064782308,CDG
30064782304,68719487501,CDG
30064782304,68719487497,CDG
30064782304,30064782313,CDG
30064782304,25769805513,CDG
30064782304,30064782309,CDG
30064782304,68719487502,CDG
30064782304,30064782310,CDG
30064782304,68719487503,CDG
30064782304,30064782311,CDG
30064782304,68719487504,CDG
30064782304,30064782312,CDG
30064782304,68719487505,CDG
30064782304,141733921118,CDG
30064782304,90194315735,CDG
30064782304,90194315736,CDG
30064782304,141733921119,CDG
30064782313,90194315737,CDG
30064782339,90194315744,CDG
30064782339,90194315745,CDG
30064782339,90194315746,CDG
30064782339,68719487531,CDG
30064782339,68719487532,CDG
30064782339,68719487533,CDG
30064782339,55834579011,CDG
30064782339,55834579012,CDG
30064782339,30064782345,CDG
30064782339,68719487534,CDG
30064782339,30064782342,CDG
30064782339,68719487535,CDG
30064782339,141733921120,CDG
30064782339,30064782343,CDG
30064782339,141733921121,CDG
30064782339,30064782344,CDG
30064782346,30064782349,CDG
30064782346,68719487542,CDG
30064782346,30064782350,CDG
30064782346,68719487543,CDG
30064782346,30064782351,CDG
30064782346,30064782352,CDG
30064782346,90194315748,CDG
30064782346,90194315749,CDG
30064782346,90194315750,CDG
30064782346,55834579015,CDG
30064782346,55834579014,CDG
30064782346,141733921123,CDG
30064782346,68719487539,CDG
30064782346,68719487540,CDG
30064782346,68719487541,CDG
30064782346,141733921122,CDG
30064782362,68719487554,CDG
30064782362,68719487555,CDG
30064782362,90194315752,CDG
30064782362,30064782363,CDG
30064782362,68719487556,CDG
30064782362,90194315753,CDG
30064782362,30064782364,CDG
30064782362,68719487557,CDG
30064782362,90194315754,CDG
30064782362,68719487553,CDG
30064782362,30064782365,CDG
30064782362,30064782366,CDG
30064782362,141733921125,CDG
30064782362,141733921126,CDG
30064782362,55834579020,CDG
30064782362,55834579021,CDG
30064782414,90194315764,CDG
30064782414,90194315765,CDG
30064782414,90194315766,CDG
30064782414,30064782418,CDG
30064782414,30064782419,CDG
30064782414,30064782420,CDG
30064782414,68719487606,CDG
30064782414,68719487607,CDG
30064782414,68719487608,CDG
30064782414,68719487609,CDG
30064782414,55834579039,CDG
30064782414,55834579040,CDG
30064782414,30064782421,CDG
30064782414,30064782422,CDG
30064782414,68719487605,CDG
30064782429,68719487614,CDG
30064782477,90194315775,CDG
30064782477,90194315776,CDG
30064782477,90194315771,CDG
30064782477,90194315772,CDG
30064782477,55834579071,CDG
30064782477,55834579072,CDG
30064782477,55834579073,CDG
30064782477,68719487653,CDG
30064782477,55834579067,CDG
30064782477,55834579069,CDG
30064782477,55834579070,CDG
30064782477,30064782505,CDG
30064782477,90194315769,CDG
30064782477,90194315770,CDG
30064782477,30064782502,CDG
30064782477,30064782503,CDG
30064782477,30064782504,CDG
30064782477,68719487682,CDG
30064782477,68719487680,CDG
30064782477,68719487681,CDG
30064782477,68719487658,CDG
30064782477,55834579079,CDG
30064782477,68719487659,CDG
30064782477,68719487660,CDG
30064782477,68719487661,CDG
30064782477,68719487654,CDG
30064782477,68719487655,CDG
30064782477,68719487657,CDG
30064782477,55834579078,CDG
30064782477,68719487666,CDG
30064782477,68719487667,CDG
30064782477,68719487668,CDG
30064782477,68719487669,CDG
30064782477,68719487662,CDG
30064782477,68719487663,CDG
30064782477,68719487664,CDG
30064782477,68719487665,CDG
30064782477,25769805543,CDG
30064782477,30064782481,CDG
30064782477,30064782482,CDG
30064782477,30064782483,CDG
30064782477,30064782484,CDG
30064782477,30064782478,CDG
30064782477,141733921128,CDG
30064782477,30064782479,CDG
30064782477,30064782480,CDG
30064782477,30064782489,CDG
30064782477,30064782490,CDG
30064782477,30064782491,CDG
30064782477,30064782492,CDG
30064782477,30064782485,CDG
30064782477,30064782486,CDG
30064782477,30064782487,CDG
30064782477,30064782488,CDG
30064782477,30064782474,CDG
30064782477,30064782475,CDG
30064782477,30064782476,CDG
30064782491,55834579073,CDG
30064782491,68719487653,CDG
30064782491,55834579074,CDG
30064782491,55834579067,CDG
30064782491,30064782497,CDG
30064782491,30064782493,CDG
30064782491,30064782494,CDG
30064782491,30064782495,CDG
30064782491,30064782496,CDG
30064782491,68719487674,CDG
30064782491,68719487670,CDG
30064782491,68719487671,CDG
30064782491,68719487672,CDG
30064782491,68719487673,CDG
30064782491,68719487654,CDG
30064782491,55834579075,CDG
30064782491,68719487655,CDG
30064782491,25769805547,CDG
30064782491,30064782491,CDG
30064782491,30064782492,CDG
30064782491,30064782474,CDG
30064782491,30064782475,CDG
30064782491,30064782476,CDG
30064782495,90194315773,CDG
30064782495,90194315774,CDG
30064782495,30064782498,CDG
30064782495,30064782499,CDG
30064782495,30064782500,CDG
30064782495,30064782501,CDG
30064782495,68719487675,CDG
30064782495,68719487676,CDG
30064782495,68719487677,CDG
30064782495,68719487678,CDG
30064782495,68719487679,CDG
30064782495,55834579076,CDG
30064782495,55834579077,CDG
30064782504,90194315776,CDG
30064782504,30064782505,CDG
30064782504,30064782504,CDG
30064782504,68719487682,CDG
30064782504,55834579079,CDG
30064782552,68719487766,CDG
30064782552,68719487767,CDG
30064782552,68719487768,CDG
30064782552,68719487769,CDG
30064782552,68719487774,CDG
30064782552,68719487775,CDG
30064782552,68719487754,CDG
30064782552,68719487755,CDG
30064782552,68719487756,CDG
30064782552,68719487757,CDG
30064782552,68719487750,CDG
30064782552,68719487751,CDG
30064782552,68719487752,CDG
30064782552,68719487753,CDG
30064782552,68719487762,CDG
30064782552,68719487763,CDG
30064782552,68719487764,CDG
30064782552,68719487765,CDG
30064782552,68719487758,CDG
30064782552,68719487759,CDG
30064782552,68719487760,CDG
30064782552,68719487761,CDG
30064782552,55834579095,CDG
30064782552,55834579096,CDG
30064782552,55834579097,CDG
30064782552,55834579098,CDG
30064782552,55834579091,CDG
30064782552,55834579092,CDG
30064782552,55834579093,CDG
30064782552,55834579094,CDG
30064782552,55834579103,CDG
30064782552,55834579104,CDG
30064782552,55834579105,CDG
30064782552,55834579106,CDG
30064782552,55834579099,CDG
30064782552,55834579100,CDG
30064782552,55834579101,CDG
30064782552,55834579102,CDG
30064782552,55834579088,CDG
30064782552,55834579089,CDG
30064782552,55834579090,CDG
30064782552,30064782577,CDG
30064782552,30064782578,CDG
30064782552,30064782579,CDG
30064782552,30064782580,CDG
30064782552,30064782573,CDG
30064782552,30064782574,CDG
30064782552,30064782575,CDG
30064782552,30064782576,CDG
30064782552,30064782585,CDG
30064782552,30064782586,CDG
30064782552,30064782587,CDG
30064782552,30064782588,CDG
30064782552,30064782581,CDG
30064782552,30064782582,CDG
30064782552,30064782583,CDG
30064782552,30064782584,CDG
30064782552,30064782561,CDG
30064782552,30064782562,CDG
30064782552,30064782563,CDG
30064782552,30064782557,CDG
30064782552,30064782558,CDG
30064782552,30064782559,CDG
30064782552,30064782560,CDG
30064782552,30064782569,CDG
30064782552,30064782570,CDG
30064782552,30064782571,CDG
30064782552,30064782572,CDG
30064782552,30064782566,CDG
30064782552,30064782567,CDG
30064782552,30064782568,CDG
30064782552,68719487738,CDG
30064782552,68719487739,CDG
30064782552,68719487740,CDG
30064782552,68719487741,CDG
30064782552,30064782605,CDG
30064782552,68719487735,CDG
30064782552,30064782606,CDG
30064782552,68719487736,CDG
30064782552,68719487737,CDG
30064782552,68719487748,CDG
30064782552,68719487749,CDG
30064782552,68719487742,CDG
30064782552,68719487743,CDG
30064782552,68719487744,CDG
30064782552,68719487745,CDG
30064782552,30064782593,CDG
30064782552,30064782594,CDG
30064782552,30064782595,CDG
30064782552,30064782596,CDG
30064782552,30064782589,CDG
30064782552,30064782590,CDG
30064782552,30064782591,CDG
30064782552,30064782592,CDG
30064782552,30064782604,CDG
30064782552,30064782597,CDG
30064782552,30064782598,CDG
30064782552,30064782553,CDG
30064782552,30064782554,CDG
30064782552,30064782555,CDG
30064782552,30064782556,CDG
30064782552,30064782552,CDG
30064782552,25769805559,CDG
30064782552,90194315792,CDG
30064782552,90194315793,CDG
30064782552,90194315794,CDG
30064782552,90194315799,CDG
30064782552,55834579113,CDG
30064782552,55834579107,CDG
30064782552,55834579108,CDG
30064782552,55834579109,CDG
30064782552,55834579110,CDG
30064782559,30064782564,CDG
30064782559,30064782565,CDG
30064782559,68719487746,CDG
30064782559,68719487747,CDG
30064782596,68719487770,CDG
30064782596,68719487771,CDG
30064782596,68719487772,CDG
30064782596,68719487773,CDG
30064782596,30064782601,CDG
30064782596,30064782602,CDG
30064782596,30064782603,CDG
30064782596,30064782599,CDG
30064782596,30064782600,CDG
30064782596,90194315795,CDG
30064782596,90194315796,CDG
30064782596,90194315797,CDG
30064782596,90194315798,CDG
30064782596,55834579111,CDG
30064782596,55834579112,CDG
30064782604,68719487778,CDG
30064782604,68719487779,CDG
30064782604,68719487776,CDG
30064782604,68719487777,CDG
30064782604,30064782609,CDG
30064782604,30064782610,CDG
30064782604,30064782607,CDG
30064782604,30064782608,CDG
30064782604,120259084563,CDG
30064782604,25769805560,CDG
30064782619,30064782621,CDG
30064782619,30064782622,CDG
30064782619,30064782623,CDG
30064782619,30064782624,CDG
30064782619,68719487790,CDG
30064782619,68719487791,CDG
30064782619,68719487792,CDG
30064782619,68719487793,CDG
30064782619,90194315803,CDG
30064782619,90194315804,CDG
30064782619,55834579117,CDG
30064782619,55834579118,CDG
30064782680,90194315805,CDG
30064782680,90194315806,CDG
30064782680,68719487842,CDG
30064782680,68719487843,CDG
30064782680,30064782682,CDG
30064782680,68719487844,CDG
30064782680,30064782683,CDG
30064782680,30064782684,CDG
30064782680,68719487841,CDG
30064782680,55834579145,CDG
30064782680,55834579146,CDG
30064782680,30064782685,CDG
30064782692,90194315807,CDG
30064782692,68719487852,CDG
30064782692,68719487853,CDG
30064782692,68719487854,CDG
30064782692,30064782693,CDG
30064782692,68719487855,CDG
30064782692,30064782694,CDG
30064782692,25769805573,CDG
30064782692,30064782695,CDG
30064782692,30064782696,CDG
30064782738,90194315816,CDG
30064782742,30064782743,CDG
30064782762,90194315817,CDG
30064782766,90194315818,CDG
30064782770,90194315819,CDG
30064782780,90194315820,CDG
30064782784,90194315821,CDG
30064782788,90194315822,CDG
30064782792,90194315823,CDG
30064782796,90194315824,CDG
30064782800,90194315825,CDG
30064782833,55834579212,CDG
30064782833,55834579213,CDG
30064782833,55834579214,CDG
30064782833,30064782835,CDG
30064782833,30064782836,CDG
30064782833,90194315835,CDG
30064782833,90194315836,CDG
30064782833,30064782837,CDG
30064782833,68719487966,CDG
30064782833,30064782838,CDG
30064782833,68719487967,CDG
30064782833,30064782839,CDG
30064782833,68719487968,CDG
30064782833,30064782840,CDG
30064782833,68719487969,CDG
30064782833,90194315833,CDG
30064782833,90194315834,CDG
30064782850,90194315837,CDG
30064782859,90194315840,CDG
30064782870,55834579229,CDG
30064782870,55834579230,CDG
30064782870,90194315842,CDG
30064782870,90194315843,CDG
30064782870,90194315844,CDG
30064782870,90194315845,CDG
30064782870,90194315846,CDG
30064782870,68719487990,CDG
30064782870,68719487991,CDG
30064782870,30064782873,CDG
30064782870,30064782874,CDG
30064782870,30064782875,CDG
30064782870,30064782871,CDG
30064782870,30064782872,CDG
30064782870,68719487989,CDG
30064782876,30064782897,CDG
30064782876,30064782898,CDG
30064782876,30064782899,CDG
30064782876,30064782900,CDG
30064782876,30064782895,CDG
30064782876,30064782896,CDG
30064782876,68719488010,CDG
30064782876,30064782877,CDG
30064782876,30064782878,CDG
30064782876,68719488007,CDG
30064782876,30064782879,CDG
30064782876,68719488008,CDG
30064782876,68719488009,CDG
30064782876,30064782889,CDG
30064782876,30064782890,CDG
30064782876,55834579232,CDG
30064782876,90194315850,CDG
30064782876,55834579235,CDG
30064782876,55834579236,CDG
30064782876,55834579237,CDG
30064782876,55834579238,CDG
30064782876,68719487994,CDG
30064782876,68719488002,CDG
30064782876,141733921137,CDG
30064782876,90194315851,CDG
30064782876,90194315852,CDG
30064782877,30064782885,CDG
30064782877,30064782886,CDG
30064782877,30064782887,CDG
30064782877,30064782888,CDG
30064782877,90194315848,CDG
30064782877,68719487998,CDG
30064782877,68719487999,CDG
30064782877,68719488000,CDG
30064782877,68719488001,CDG
30064782877,25769805596,CDG
30064782878,30064782881,CDG
30064782878,30064782882,CDG
30064782878,30064782883,CDG
30064782878,30064782884,CDG
30064782878,30064782880,CDG
30064782878,55834579233,CDG
30064782878,55834579234,CDG
30064782878,90194315847,CDG
30064782878,68719487995,CDG
30064782878,68719487996,CDG
30064782878,68719487997,CDG
30064782889,30064782893,CDG
30064782889,30064782894,CDG
30064782889,68719488006,CDG
30064782889,30064782891,CDG
30064782889,30064782892,CDG
30064782889,90194315849,CDG
30064782889,68719488003,CDG
30064782889,68719488004,CDG
30064782889,68719488005,CDG
30064782889,25769805597,CDG
30064782958,90194315875,CDG
30064782968,68719488066,CDG
30064782968,68719488067,CDG
30064782968,68719488068,CDG
30064782968,68719488069,CDG
30064782968,30064782969,CDG
30064782968,30064782970,CDG
30064782968,30064782971,CDG
30064782968,30064782972,CDG
30064782968,68719488070,CDG
30064782968,68719488080,CDG
30064782968,141733921139,CDG
30064782968,90194315880,CDG
30064782968,90194315881,CDG
30064782968,55834579269,CDG
30064782968,55834579270,CDG
30064782968,30064782984,CDG
30064782972,90194315883,CDG
30064782972,90194315884,CDG
30064782972,68719488074,CDG
30064782972,68719488075,CDG
30064782972,68719488076,CDG
30064782972,68719488077,CDG
30064782972,68719488071,CDG
30064782972,68719488072,CDG
30064782972,68719488073,CDG
30064782972,68719488078,CDG
30064782972,68719488079,CDG
30064782972,90194315882,CDG
30064782972,30064782977,CDG
30064782972,55834579271,CDG
30064782972,30064782978,CDG
30064782972,55834579272,CDG
30064782972,30064782979,CDG
30064782972,55834579273,CDG
30064782972,30064782980,CDG
30064782972,55834579274,CDG
30064782972,30064782973,CDG
30064782972,30064782974,CDG
30064782972,30064782975,CDG
30064782972,30064782976,CDG
30064782972,30064782981,CDG
30064782972,55834579275,CDG
30064782972,30064782982,CDG
30064782972,55834579276,CDG
30064782972,30064782983,CDG
30064782972,55834579277,CDG
30064782972,55834579278,CDG
30064782999,68719488098,CDG
30064782999,68719488099,CDG
30064782999,68719488100,CDG
30064782999,68719488101,CDG
30064782999,68719488097,CDG
30064782999,30064783005,CDG
30064782999,90194315891,CDG
30064782999,30064783014,CDG
30064782999,90194315892,CDG
30064782999,90194315893,CDG
30064782999,90194315894,CDG
30064782999,55834579287,CDG
30064782999,55834579286,CDG
30064782999,30064783002,CDG
30064782999,141733921140,CDG
30064782999,30064783003,CDG
30064782999,30064783004,CDG
30064782999,68719488102,CDG
30064782999,68719488103,CDG
30064782999,68719488110,CDG
30064783000,90194315890,CDG
30064783005,30064783009,CDG
30064783005,30064783010,CDG
30064783005,30064783011,CDG
30064783005,30064783012,CDG
30064783005,30064783006,CDG
30064783005,30064783007,CDG
30064783005,30064783008,CDG
30064783005,90194315895,CDG
30064783005,90194315896,CDG
30064783005,30064783013,CDG
30064783005,55834579288,CDG
30064783005,55834579289,CDG
30064783005,55834579290,CDG
30064783005,55834579291,CDG
30064783005,55834579292,CDG
30064783005,55834579293,CDG
30064783005,68719488106,CDG
30064783005,68719488107,CDG
30064783005,68719488108,CDG
30064783005,68719488109,CDG
30064783005,68719488104,CDG
30064783005,68719488105,CDG
30064783036,90194315905,CDG
30064783036,90194315906,CDG
30064783036,90194315908,CDG
30064783036,55834579303,CDG
30064783036,55834579304,CDG
30064783036,68719488134,CDG
30064783036,68719488135,CDG
30064783036,68719488131,CDG
30064783036,68719488132,CDG
30064783036,141733921141,CDG
30064783036,68719488133,CDG
30064783036,141733921142,CDG
30064783036,30064783037,CDG
30064783036,30064783038,CDG
30064783036,30064783039,CDG
30064783036,30064783040,CDG
30064783040,90194315907,CDG
30064783040,68719488138,CDG
30064783040,55834579305,CDG
30064783040,55834579306,CDG
30064783040,68719488136,CDG
30064783040,68719488137,CDG
30064783040,55834579307,CDG
30064783040,30064783041,CDG
30064783040,30064783042,CDG
30064783040,30064783043,CDG
30064783040,30064783044,CDG
30064783058,68719488154,CDG
30064783058,68719488155,CDG
30064783058,90194315911,CDG
30064783058,141733921144,CDG
30064783058,55834579312,CDG
30064783058,30064783059,CDG
30064783058,30064783060,CDG
30064783059,68719488156,CDG
30064783059,68719488157,CDG
30064783059,55834579315,CDG
30064783059,68719488158,CDG
30064783059,141733921145,CDG
30064783059,55834579313,CDG
30064783059,55834579314,CDG
30064783059,30064783065,CDG
30064783059,30064783066,CDG
30064783059,30064783061,CDG
30064783059,30064783062,CDG
30064783059,30064783063,CDG
30064783059,30064783064,CDG
30064783062,90194315912,CDG
30064783064,55834579316,CDG
30064783064,55834579317,CDG
30064783064,90194315914,CDG
30064783064,68719488159,CDG
30064783064,141733921147,CDG
30064783064,30064783069,CDG
30064783064,30064783070,CDG
30064783064,141733921146,CDG
30064783064,30064783067,CDG
30064783064,30064783068,CDG
30064783068,90194315913,CDG
30064783073,30064783074,CDG
30064783111,68719488204,CDG
30064783111,141733921149,CDG
30064783111,90194315925,CDG
30064783111,30064783112,CDG
30064783111,90194315926,CDG
30064783112,68719488205,CDG
30064783112,141733921150,CDG
30064783112,30064783113,CDG
30064783112,90194315927,CDG
30064783112,90194315928,CDG
30064783113,30064783114,CDG
30064783113,90194315929,CDG
30064783113,90194315930,CDG
30064783113,68719488206,CDG
30064783113,141733921151,CDG
30064783114,90194315931,CDG
30064783114,90194315932,CDG
30064783114,141733921152,CDG
30064783114,141733921153,CDG
30064783174,90194315938,CDG
30064783174,30064783181,CDG
30064783174,55834579360,CDG
30064783174,55834579361,CDG
30064783174,90194315939,CDG
30064783174,68719488274,CDG
30064783174,30064783177,CDG
30064783174,68719488275,CDG
30064783174,30064783178,CDG
30064783174,30064783179,CDG
30064783174,30064783180,CDG
30064783174,68719488270,CDG
30064783174,68719488271,CDG
30064783174,68719488272,CDG
30064783174,68719488273,CDG
30064783227,55834579386,CDG
30064783227,90194315944,CDG
30064783227,90194315945,CDG
30064783227,55834579387,CDG
30064783227,68719488330,CDG
30064783227,30064783233,CDG
30064783227,68719488331,CDG
30064783227,30064783234,CDG
30064783227,68719488332,CDG
30064783227,68719488327,CDG
30064783227,30064783230,CDG
30064783227,68719488328,CDG
30064783227,30064783231,CDG
30064783227,68719488329,CDG
30064783227,30064783232,CDG
30064783246,68719488348,CDG
30064783246,68719488349,CDG
30064783246,30064783252,CDG
30064783246,55834579393,CDG
30064783246,55834579394,CDG
30064783246,68719488350,CDG
30064783246,30064783253,CDG
30064783246,68719488351,CDG
30064783246,30064783254,CDG
30064783246,68719488352,CDG
30064783246,30064783255,CDG
30064783246,68719488353,CDG
30064783246,30064783256,CDG
30064783246,90194315951,CDG
30064783246,90194315950,CDG
30064783246,141733921154,CDG
30064783247,68719488347,CDG
30064783247,30064783250,CDG
30064783247,30064783251,CDG
30064783247,55834579392,CDG
30064783247,90194315948,CDG
30064783247,90194315949,CDG
30064783259,68719488356,CDG
30064783259,90194315952,CDG
30064783273,68719488374,CDG
30064783273,30064783277,CDG
30064783273,68719488375,CDG
30064783273,30064783278,CDG
30064783273,68719488376,CDG
30064783273,68719488377,CDG
30064783273,55834579399,CDG
30064783273,55834579398,CDG
30064783273,141733921155,CDG
30064783273,30064783274,CDG
30064783273,68719488372,CDG
30064783273,30064783275,CDG
30064783273,68719488373,CDG
30064783273,30064783276,CDG
30064783273,90194315955,CDG
30064783273,90194315956,CDG
30064783290,30064783291,CDG
30064783290,30064783292,CDG
30064783290,68719488394,CDG
30064783290,68719488395,CDG
30064783290,68719488396,CDG
30064783290,68719488397,CDG
30064783290,30064783293,CDG
30064783290,30064783294,CDG
30064783290,68719488392,CDG
30064783290,30064783295,CDG
30064783290,68719488393,CDG
30064783290,90194315959,CDG
30064783290,141733921156,CDG
30064783290,55834579403,CDG
30064783290,55834579404,CDG
30064783290,90194315958,CDG
30064783312,30064783315,CDG
30064783312,30064783316,CDG
30064783312,55834579411,CDG
30064783312,90194315964,CDG
30064783312,90194315965,CDG
30064783312,68719488418,CDG
30064783312,68719488419,CDG
30064783312,68719488420,CDG
30064783312,68719488421,CDG
30064783312,30064783317,CDG
30064783312,30064783318,CDG
30064783312,30064783319,CDG
30064783312,68719488422,CDG
30064783312,68719488423,CDG
30064783312,55834579410,CDG
30064783332,90194315971,CDG
30064783371,68719488474,CDG
30064783371,68719488475,CDG
30064783371,68719488476,CDG
30064783371,68719488477,CDG
30064783371,68719488478,CDG
30064783371,30064783373,CDG
30064783371,30064783374,CDG
30064783371,30064783375,CDG
30064783371,30064783376,CDG
30064783371,90194315979,CDG
30064783371,90194315980,CDG
30064783371,25769805673,CDG
30064783371,30064783372,CDG
30064783428,55834579455,CDG
30064783428,55834579454,CDG
30064783428,68719488530,CDG
30064783428,68719488531,CDG
30064783428,68719488526,CDG
30064783428,68719488527,CDG
30064783428,68719488528,CDG
30064783428,68719488529,CDG
30064783428,90194315986,CDG
30064783428,30064783433,CDG
30064783428,30064783434,CDG
30064783428,30064783435,CDG
30064783428,90194315987,CDG
30064783428,30064783431,CDG
30064783428,30064783432,CDG
30064783470,90194315993,CDG
30064783503,90194315999,CDG
30064783512,90194316002,CDG
30064783515,30064783537,CDG
30064783515,30064783538,CDG
30064783515,30064783539,CDG
30064783515,141733921159,CDG
30064783515,30064783534,CDG
30064783515,30064783535,CDG
30064783515,30064783536,CDG
30064783515,30064783517,CDG
30064783515,30064783518,CDG
30064783515,30064783529,CDG
30064783515,30064783528,CDG
30064783515,68719488605,CDG
30064783515,68719488600,CDG
30064783515,68719488606,CDG
30064783515,68719488607,CDG
30064783515,68719488608,CDG
30064783515,55834579495,CDG
30064783515,55834579496,CDG
30064783515,55834579497,CDG
30064783515,55834579491,CDG
30064783515,55834579494,CDG
30064783515,68719488592,CDG
30064783515,90194316007,CDG
30064783515,90194316008,CDG
30064783515,30064783516,CDG
30064783515,90194316006,CDG
30064783516,30064783524,CDG
30064783516,30064783525,CDG
30064783516,30064783526,CDG
30064783516,30064783527,CDG
30064783516,25769805685,CDG
30064783516,68719488598,CDG
30064783516,68719488599,CDG
30064783516,68719488596,CDG
30064783516,68719488597,CDG
30064783516,90194316004,CDG
30064783517,30064783521,CDG
30064783517,30064783522,CDG
30064783517,30064783523,CDG
30064783517,30064783519,CDG
30064783517,30064783520,CDG
30064783517,55834579492,CDG
30064783517,55834579493,CDG
30064783517,68719488594,CDG
30064783517,68719488595,CDG
30064783517,68719488593,CDG
30064783517,90194316003,CDG
30064783528,30064783533,CDG
30064783528,30064783530,CDG
30064783528,30064783531,CDG
30064783528,30064783532,CDG
30064783528,25769805686,CDG
30064783528,68719488602,CDG
30064783528,68719488603,CDG
30064783528,68719488604,CDG
30064783528,68719488601,CDG
30064783528,90194316005,CDG
30064783584,90194316024,CDG
30064783588,30064783601,CDG
30064783588,90194316027,CDG
30064783588,141733921161,CDG
30064783588,55834579519,CDG
30064783588,55834579518,CDG
30064783588,68719488650,CDG
30064783588,68719488651,CDG
30064783588,68719488652,CDG
30064783588,68719488648,CDG
30064783588,68719488649,CDG
30064783588,68719488659,CDG
30064783588,90194316026,CDG
30064783588,30064783589,CDG
30064783588,30064783590,CDG
30064783588,30064783591,CDG
30064783588,30064783592,CDG
30064783592,30064783597,CDG
30064783592,30064783598,CDG
30064783592,90194316028,CDG
30064783592,30064783599,CDG
30064783592,90194316029,CDG
30064783592,30064783600,CDG
30064783592,55834579520,CDG
30064783592,55834579521,CDG
30064783592,55834579522,CDG
30064783592,68719488653,CDG
30064783592,68719488658,CDG
30064783592,30064783593,CDG
30064783592,30064783594,CDG
30064783592,30064783595,CDG
30064783592,30064783596,CDG
30064783592,68719488654,CDG
30064783592,68719488655,CDG
30064783592,68719488656,CDG
30064783592,68719488657,CDG
30064783592,55834579523,CDG
30064783592,55834579524,CDG
30064783592,55834579525,CDG
30064783616,141733921162,CDG
30064783616,68719488675,CDG
30064783616,68719488676,CDG
30064783616,68719488677,CDG
30064783616,90194316035,CDG
30064783616,90194316036,CDG
30064783616,90194316037,CDG
30064783616,68719488684,CDG
30064783616,30064783619,CDG
30064783616,30064783620,CDG
30064783616,68719488678,CDG
30064783616,68719488679,CDG
30064783616,68719488680,CDG
30064783616,30064783627,CDG
30064783616,30064783621,CDG
30064783616,30064783622,CDG
30064783616,55834579533,CDG
30064783616,55834579534,CDG
30064783617,90194316034,CDG
30064783622,90194316038,CDG
30064783622,68719488682,CDG
30064783622,68719488683,CDG
30064783622,68719488681,CDG
30064783622,30064783625,CDG
30064783622,55834579535,CDG
30064783622,30064783626,CDG
30064783622,55834579536,CDG
30064783622,55834579537,CDG
30064783622,30064783623,CDG
30064783622,30064783624,CDG
30064783640,141733921164,CDG
30064783640,90194316041,CDG
30064783640,68719488700,CDG
30064783640,68719488701,CDG
30064783640,55834579542,CDG
30064783640,30064783641,CDG
30064783640,30064783642,CDG
30064783641,141733921165,CDG
30064783641,30064783645,CDG
30064783641,30064783646,CDG
30064783641,30064783647,CDG
30064783641,30064783648,CDG
30064783641,55834579543,CDG
30064783641,55834579544,CDG
30064783641,55834579545,CDG
30064783641,30064783643,CDG
30064783641,30064783644,CDG
30064783641,68719488702,CDG
30064783641,68719488703,CDG
30064783641,68719488704,CDG
30064783644,90194316042,CDG
30064783646,141733921166,CDG
30064783646,141733921167,CDG
30064783646,30064783649,CDG
30064783646,30064783650,CDG
30064783646,30064783651,CDG
30064783646,30064783652,CDG
30064783646,55834579546,CDG
30064783646,55834579547,CDG
30064783646,68719488705,CDG
30064783646,90194316044,CDG
30064783650,90194316043,CDG
30064783655,30064783656,CDG
30064783681,68719488738,CDG
30064783681,141733921169,CDG
30064783681,30064783682,CDG
30064783681,90194316051,CDG
30064783681,90194316052,CDG
30064783682,68719488739,CDG
30064783682,141733921170,CDG
30064783682,30064783683,CDG
30064783682,90194316053,CDG
30064783682,90194316054,CDG
30064783683,141733921171,CDG
30064783683,68719488740,CDG
30064783683,30064783684,CDG
30064783683,90194316055,CDG
30064783683,90194316056,CDG
30064783684,141733921172,CDG
30064783684,141733921173,CDG
30064783684,90194316057,CDG
30064783684,90194316058,CDG
30064783730,68719488794,CDG
30064783730,90194316063,CDG
30064783730,90194316064,CDG
30064783730,55834579577,CDG
30064783730,55834579578,CDG
30064783730,68719488790,CDG
30064783730,68719488791,CDG
30064783730,68719488792,CDG
30064783730,68719488793,CDG
30064783730,30064783737,CDG
30064783730,30064783733,CDG
30064783730,30064783734,CDG
30064783730,30064783735,CDG
30064783730,30064783736,CDG
30064783730,68719488789,CDG
30064783765,68719488834,CDG
30064783765,30064783769,CDG
30064783765,68719488835,CDG
30064783765,30064783770,CDG
30064783765,30064783771,CDG
30064783765,30064783772,CDG
30064783765,68719488830,CDG
30064783765,68719488831,CDG
30064783765,68719488832,CDG
30064783765,90194316069,CDG
30064783765,68719488833,CDG
30064783765,30064783768,CDG
30064783765,90194316070,CDG
30064783765,55834579591,CDG
30064783765,55834579592,CDG
30064783784,30064783793,CDG
30064783784,30064783794,CDG
30064783784,68719488854,CDG
30064783784,68719488855,CDG
30064783784,30064783790,CDG
30064783784,68719488856,CDG
30064783784,30064783791,CDG
30064783784,30064783792,CDG
30064783784,141733921174,CDG
30064783784,90194316075,CDG
30064783784,90194316076,CDG
30064783784,55834579599,CDG
30064783784,68719488851,CDG
30064783784,68719488852,CDG
30064783784,68719488853,CDG
30064783784,55834579598,CDG
30064783785,30064783789,CDG
30064783785,90194316073,CDG
30064783785,90194316074,CDG
30064783785,68719488850,CDG
30064783785,30064783788,CDG
30064783785,55834579597,CDG
30064783797,68719488859,CDG
30064783797,90194316077,CDG
30064783811,55834579603,CDG
30064783811,55834579604,CDG
30064783811,68719488875,CDG
30064783811,90194316080,CDG
30064783811,68719488876,CDG
30064783811,90194316081,CDG
30064783811,68719488877,CDG
30064783811,30064783812,CDG
30064783811,141733921175,CDG
30064783811,68719488878,CDG
30064783811,30064783813,CDG
30064783811,68719488879,CDG
30064783811,30064783814,CDG
30064783811,68719488880,CDG
30064783811,30064783815,CDG
30064783811,30064783816,CDG
30064783833,55834579610,CDG
30064783833,68719488901,CDG
30064783833,30064783836,CDG
30064783833,55834579611,CDG
30064783833,68719488906,CDG
30064783833,30064783837,CDG
30064783833,68719488902,CDG
30064783833,30064783838,CDG
30064783833,68719488903,CDG
30064783833,30064783839,CDG
30064783833,68719488904,CDG
30064783833,30064783840,CDG
30064783833,68719488905,CDG
30064783833,90194316087,CDG
30064783833,90194316086,CDG
30064783853,90194316093,CDG
30064783892,90194316101,CDG
30064783892,90194316102,CDG
30064783892,68719488957,CDG
30064783892,30064783897,CDG
30064783892,30064783893,CDG
30064783892,68719488958,CDG
30064783892,30064783894,CDG
30064783892,68719488959,CDG
30064783892,30064783895,CDG
30064783892,68719488960,CDG
30064783892,30064783896,CDG
30064783892,68719488961,CDG
30064783892,25769805751,CDG
30064783923,55834579639,CDG
30064783923,55834579640,CDG
30064783923,68719488989,CDG
30064783923,30064783929,CDG
30064783923,68719488994,CDG
30064783923,30064783930,CDG
30064783923,68719488990,CDG
30064783923,30064783926,CDG
30064783923,68719488991,CDG
30064783923,30064783927,CDG
30064783923,68719488992,CDG
30064783923,30064783928,CDG
30064783923,68719488993,CDG
30064783923,90194316107,CDG
30064783923,90194316108,CDG
30064783979,90194316116,CDG
30064783988,90194316119,CDG
30064783991,68719489046,CDG
30064783991,68719489059,CDG
30064783991,68719489060,CDG
30064783991,68719489061,CDG
30064783991,68719489054,CDG
30064783991,68719489062,CDG
30064783991,141733921178,CDG
30064783991,30064783993,CDG
30064783991,30064783994,CDG
30064783991,30064783992,CDG
30064783991,55834579671,CDG
30064783991,55834579672,CDG
30064783991,30064784013,CDG
30064783991,90194316123,CDG
30064783991,30064784014,CDG
30064783991,90194316124,CDG
30064783991,30064784015,CDG
30064783991,90194316125,CDG
30064783991,55834579669,CDG
30064783991,55834579670,CDG
30064783991,30064784004,CDG
30064783991,30064784010,CDG
30064783991,30064784011,CDG
30064783991,30064784012,CDG
30064783991,55834579666,CDG
30064783991,30064784005,CDG
30064783992,68719489050,CDG
30064783992,68719489051,CDG
30064783992,68719489052,CDG
30064783992,68719489053,CDG
30064783992,25769805761,CDG
30064783992,30064784001,CDG
30064783992,30064784002,CDG
30064783992,30064784003,CDG
30064783992,30064784000,CDG
30064783992,90194316121,CDG
30064783993,68719489047,CDG
30064783993,68719489048,CDG
30064783993,68719489049,CDG
30064783993,30064783995,CDG
30064783993,30064783996,CDG
30064783993,55834579667,CDG
30064783993,55834579668,CDG
30064783993,30064783997,CDG
30064783993,30064783998,CDG
30064783993,30064783999,CDG
30064783993,90194316120,CDG
30064784004,68719489058,CDG
30064784004,68719489055,CDG
30064784004,68719489056,CDG
30064784004,68719489057,CDG
30064784004,25769805762,CDG
30064784004,30064784009,CDG
30064784004,90194316122,CDG
30064784004,30064784006,CDG
30064784004,30064784007,CDG
30064784004,30064784008,CDG
30064784066,90194316144,CDG
30064784070,68719489110,CDG
30064784070,68719489111,CDG
30064784070,68719489112,CDG
30064784070,68719489119,CDG
30064784070,90194316146,CDG
30064784070,55834579696,CDG
30064784070,68719489108,CDG
30064784070,55834579697,CDG
30064784070,68719489109,CDG
30064784070,90194316147,CDG
30064784070,30064784083,CDG
30064784070,141733921180,CDG
30064784070,30064784073,CDG
30064784070,30064784074,CDG
30064784070,30064784071,CDG
30064784070,30064784072,CDG
30064784074,68719489114,CDG
30064784074,55834579703,CDG
30064784074,68719489115,CDG
30064784074,68719489116,CDG
30064784074,68719489117,CDG
30064784074,55834579699,CDG
30064784074,55834579700,CDG
30064784074,55834579701,CDG
30064784074,68719489113,CDG
30064784074,55834579702,CDG
30064784074,68719489118,CDG
30064784074,55834579698,CDG
30064784074,90194316148,CDG
30064784074,90194316149,CDG
30064784074,30064784081,CDG
30064784074,30064784082,CDG
30064784074,30064784077,CDG
30064784074,30064784078,CDG
30064784074,30064784079,CDG
30064784074,30064784080,CDG
30064784074,30064784075,CDG
30064784074,30064784076,CDG
30064784096,55834579708,CDG
30064784096,30064784097,CDG
30064784096,30064784098,CDG
30064784096,90194316152,CDG
30064784096,141733921182,CDG
30064784096,68719489135,CDG
30064784096,68719489136,CDG
30064784097,55834579711,CDG
30064784097,55834579709,CDG
30064784097,55834579710,CDG
30064784097,30064784099,CDG
30064784097,30064784100,CDG
30064784097,30064784101,CDG
30064784097,30064784102,CDG
30064784097,30064784103,CDG
30064784097,30064784104,CDG
30064784097,68719489138,CDG
30064784097,68719489139,CDG
30064784097,141733921183,CDG
30064784097,68719489137,CDG
30064784100,90194316153,CDG
30064784102,90194316155,CDG
30064784102,55834579712,CDG
30064784102,55834579713,CDG
30064784102,30064784105,CDG
30064784102,30064784106,CDG
30064784102,30064784107,CDG
30064784102,30064784108,CDG
30064784102,68719489140,CDG
30064784102,141733921184,CDG
30064784102,141733921185,CDG
30064784106,90194316154,CDG
30064784111,30064784112,CDG
30064784146,30064784147,CDG
30064784146,68719489184,CDG
30064784146,90194316165,CDG
30064784146,90194316166,CDG
30064784146,141733921187,CDG
30064784147,30064784148,CDG
30064784147,90194316167,CDG
30064784147,90194316168,CDG
30064784147,68719489185,CDG
30064784147,141733921188,CDG
30064784148,68719489186,CDG
30064784148,90194316169,CDG
30064784148,90194316170,CDG
30064784148,30064784149,CDG
30064784148,141733921189,CDG
30064784149,141733921191,CDG
30064784149,90194316171,CDG
30064784149,90194316172,CDG
30064784149,141733921190,CDG
30064784204,30064784209,CDG
30064784204,30064784210,CDG
30064784204,30064784211,CDG
30064784204,68719489245,CDG
30064784204,30064784207,CDG
30064784204,30064784208,CDG
30064784204,68719489250,CDG
30064784204,68719489246,CDG
30064784204,68719489247,CDG
30064784204,68719489248,CDG
30064784204,68719489249,CDG
30064784204,55834579751,CDG
30064784204,90194316177,CDG
30064784204,90194316178,CDG
30064784204,55834579750,CDG
30064784245,55834579768,CDG
30064784245,55834579769,CDG
30064784245,30064784249,CDG
30064784245,30064784250,CDG
30064784245,30064784251,CDG
30064784245,30064784252,CDG
30064784245,30064784248,CDG
30064784245,68719489291,CDG
30064784245,68719489292,CDG
30064784245,68719489293,CDG
30064784245,90194316183,CDG
30064784245,90194316184,CDG
30064784245,68719489294,CDG
30064784245,68719489295,CDG
30064784245,68719489296,CDG
30064784264,30064784273,CDG
30064784264,30064784274,CDG
30064784264,30064784270,CDG
30064784264,141733921192,CDG
30064784264,30064784271,CDG
30064784264,90194316189,CDG
30064784264,30064784272,CDG
30064784264,90194316190,CDG
30064784264,68719489314,CDG
30064784264,55834579775,CDG
30064784264,68719489315,CDG
30064784264,55834579776,CDG
30064784264,68719489316,CDG
30064784264,68719489317,CDG
30064784264,68719489312,CDG
30064784264,68719489313,CDG
30064784265,30064784269,CDG
30064784265,90194316187,CDG
30064784265,90194316188,CDG
30064784265,68719489311,CDG
30064784265,55834579774,CDG
30064784265,30064784268,CDG
30064784277,90194316191,CDG
30064784277,68719489320,CDG
30064784291,68719489338,CDG
30064784291,68719489339,CDG
30064784291,68719489340,CDG
30064784291,68719489341,CDG
30064784291,90194316194,CDG
30064784291,68719489336,CDG
30064784291,141733921193,CDG
30064784291,68719489337,CDG
30064784291,90194316195,CDG
30064784291,30064784292,CDG
30064784291,55834579780,CDG
30064784291,55834579781,CDG
30064784291,30064784293,CDG
30064784291,30064784294,CDG
30064784291,30064784295,CDG
30064784291,30064784296,CDG
30064784313,68719489366,CDG
30064784313,68719489367,CDG
30064784313,90194316200,CDG
30064784313,90194316201,CDG
30064784313,30064784316,CDG
30064784313,30064784317,CDG
30064784313,30064784318,CDG
30064784313,30064784319,CDG
30064784313,30064784320,CDG
30064784313,68719489362,CDG
30064784313,68719489363,CDG
30064784313,68719489364,CDG
30064784313,68719489365,CDG
30064784313,55834579787,CDG
30064784313,55834579788,CDG
30064784359,90194316220,CDG
30064784359,90194316221,CDG
30064784359,68719489414,CDG
30064784359,25769805822,CDG
30064784359,30064784361,CDG
30064784359,30064784362,CDG
30064784359,30064784363,CDG
30064784359,30064784364,CDG
30064784359,30064784360,CDG
30064784359,68719489410,CDG
30064784359,68719489411,CDG
30064784359,68719489412,CDG
30064784359,68719489413,CDG
30064784388,90194316226,CDG
30064784388,68719489442,CDG
30064784388,68719489443,CDG
30064784388,68719489444,CDG
30064784388,68719489445,CDG
30064784388,90194316227,CDG
30064784388,68719489440,CDG
30064784388,68719489441,CDG
30064784388,55834579809,CDG
30064784388,55834579810,CDG
30064784388,30064784393,CDG
30064784388,30064784394,CDG
30064784388,30064784395,CDG
30064784388,30064784391,CDG
30064784388,30064784392,CDG
30064784433,30064784436,CDG
30064784433,68719489485,CDG
30064784433,55834579826,CDG
30064784433,30064784437,CDG
30064784433,68719489486,CDG
30064784433,30064784438,CDG
30064784433,68719489487,CDG
30064784433,68719489488,CDG
30064784443,68719489498,CDG
30064784443,30064784445,CDG
30064784443,30064784446,CDG
30064784443,68719489496,CDG
30064784443,55834579829,CDG
30064784443,68719489497,CDG
30064784458,90194316234,CDG
30064784465,90194316237,CDG
30064784472,90194316238,CDG
30064784494,68719489538,CDG
30064784494,68719489539,CDG
30064784494,68719489540,CDG
30064784494,68719489535,CDG
30064784494,68719489536,CDG
30064784494,68719489537,CDG
30064784494,55834579847,CDG
30064784494,55834579848,CDG
30064784494,141733921204,CDG
30064784494,30064784497,CDG
30064784494,30064784498,CDG
30064784494,30064784499,CDG
30064784494,30064784500,CDG
30064784494,30064784501,CDG
30064784494,30064784502,CDG
30064784494,90194316253,CDG
30064784494,90194316254,CDG
30064784495,68719489534,CDG
30064784495,30064784496,CDG
30064784502,68719489565,CDG
30064784502,68719489570,CDG
30064784502,68719489571,CDG
30064784502,68719489572,CDG
30064784502,68719489573,CDG
30064784502,68719489566,CDG
30064784502,68719489567,CDG
30064784502,68719489568,CDG
30064784502,68719489569,CDG
30064784502,68719489546,CDG
30064784502,68719489547,CDG
30064784502,68719489548,CDG
30064784502,68719489549,CDG
30064784502,68719489542,CDG
30064784502,68719489543,CDG
30064784502,68719489544,CDG
30064784502,68719489545,CDG
30064784502,68719489555,CDG
30064784502,68719489556,CDG
30064784502,68719489550,CDG
30064784502,68719489551,CDG
30064784502,68719489552,CDG
30064784502,68719489604,CDG
30064784502,68719489605,CDG
30064784502,68719489600,CDG
30064784502,68719489601,CDG
30064784502,68719489581,CDG
30064784502,68719489574,CDG
30064784502,68719489582,CDG
30064784502,68719489583,CDG
30064784502,68719489478,CDG
30064784502,68719489479,CDG
30064784502,68719489480,CDG
30064784502,68719489626,CDG
30064784502,68719489627,CDG
30064784502,68719489628,CDG
30064784502,68719489629,CDG
30064784502,68719489622,CDG
30064784502,68719489623,CDG
30064784502,68719489624,CDG
30064784502,68719489625,CDG
30064784502,68719489630,CDG
30064784502,68719489631,CDG
30064784502,68719489606,CDG
30064784502,68719489619,CDG
30064784502,68719489620,CDG
30064784502,68719489621,CDG
30064784502,30064784429,CDG
30064784502,30064784430,CDG
30064784502,30064784431,CDG
30064784502,55834579824,CDG
30064784502,55834579873,CDG
30064784502,55834579869,CDG
30064784502,55834579849,CDG
30064784502,55834579855,CDG
30064784502,55834579857,CDG
30064784502,55834579858,CDG
30064784502,55834579853,CDG
30064784502,55834579854,CDG
30064784502,25769805840,CDG
30064784502,25769805836,CDG
30064784502,30064784569,CDG
30064784502,30064784567,CDG
30064784502,30064784568,CDG
30064784502,30064784545,CDG
30064784502,30064784546,CDG
30064784502,30064784547,CDG
30064784502,30064784548,CDG
30064784502,30064784593,CDG
30064784502,30064784594,CDG
30064784502,30064784595,CDG
30064784502,30064784596,CDG
30064784502,30064784589,CDG
30064784502,30064784590,CDG
30064784502,30064784591,CDG
30064784502,30064784592,CDG
30064784502,30064784601,CDG
30064784502,30064784602,CDG
30064784502,30064784603,CDG
30064784502,141733921205,CDG
30064784502,30064784604,CDG
30064784502,30064784597,CDG
30064784502,30064784598,CDG
30064784502,30064784599,CDG
30064784502,30064784600,CDG
30064784502,30064784573,CDG
30064784502,30064784574,CDG
30064784502,30064784575,CDG
30064784502,30064784505,CDG
30064784502,30064784506,CDG
30064784502,30064784507,CDG
30064784502,30064784508,CDG
30064784502,30064784504,CDG
30064784502,55834579887,CDG
30064784502,55834579888,CDG
30064784502,55834579889,CDG
30064784502,55834579890,CDG
30064784502,55834579883,CDG
30064784502,55834579884,CDG
30064784502,55834579885,CDG
30064784502,55834579886,CDG
30064784502,30064784529,CDG
30064784502,30064784530,CDG
30064784502,30064784531,CDG
30064784502,30064784532,CDG
30064784502,30064784528,CDG
30064784502,30064784537,CDG
30064784502,30064784538,CDG
30064784502,30064784533,CDG
30064784502,30064784534,CDG
30064784502,30064784535,CDG
30064784502,30064784536,CDG
30064784502,30064784515,CDG
30064784502,30064784516,CDG
30064784502,30064784509,CDG
30064784502,30064784510,CDG
30064784502,30064784511,CDG
30064784502,30064784512,CDG
30064784502,30064784605,CDG
30064784502,90194316273,CDG
30064784502,90194316270,CDG
30064784502,90194316279,CDG
30064784502,90194316280,CDG
30064784502,90194316281,CDG
30064784502,90194316277,CDG
30064784502,90194316278,CDG
30064784502,90194316255,CDG
30064784502,90194316256,CDG
30064784502,90194316257,CDG
30064784502,90194316258,CDG
30064784502,90194316259,CDG
30064784502,90194316260,CDG
30064784502,90194316261,CDG
30064784502,90194316262,CDG
30064784536,68719489578,CDG
30064784536,68719489579,CDG
30064784536,68719489580,CDG
30064784536,68719489577,CDG
30064784536,25769805837,CDG
30064784536,30064784541,CDG
30064784536,30064784542,CDG
30064784536,30064784543,CDG
30064784536,30064784544,CDG
30064784536,90194316272,CDG
30064784537,68719489575,CDG
30064784537,68719489576,CDG
30064784537,55834579856,CDG
30064784537,30064784539,CDG
30064784537,30064784540,CDG
30064784537,90194316271,CDG
30064784547,68719489475,CDG
30064784547,68719489476,CDG
30064784547,68719489477,CDG
30064784547,68719489590,CDG
30064784547,68719489587,CDG
30064784547,68719489588,CDG
30064784547,68719489589,CDG
30064784547,55834579823,CDG
30064784547,30064784426,CDG
30064784547,30064784427,CDG
30064784547,30064784428,CDG
30064784547,55834579861,CDG
30064784547,55834579862,CDG
30064784547,25769805838,CDG
30064784547,30064784553,CDG
30064784547,30064784554,CDG
30064784547,30064784555,CDG
30064784547,30064784556,CDG
30064784547,30064784552,CDG
30064784548,68719489586,CDG
30064784548,68719489584,CDG
30064784548,68719489585,CDG
30064784548,55834579859,CDG
30064784548,55834579860,CDG
30064784548,30064784549,CDG
30064784548,30064784550,CDG
30064784548,30064784551,CDG
30064784555,68719489475,CDG
30064784555,68719489476,CDG
30064784555,68719489477,CDG
30064784555,68719489594,CDG
30064784555,68719489595,CDG
30064784555,68719489596,CDG
30064784555,68719489597,CDG
30064784555,68719489591,CDG
30064784555,68719489592,CDG
30064784555,68719489593,CDG
30064784555,68719489598,CDG
30064784555,68719489599,CDG
30064784555,55834579823,CDG
30064784555,30064784426,CDG
30064784555,30064784427,CDG
30064784555,30064784428,CDG
30064784555,55834579863,CDG
30064784555,55834579864,CDG
30064784555,55834579865,CDG
30064784555,55834579866,CDG
30064784555,55834579862,CDG
30064784555,55834579867,CDG
30064784555,55834579868,CDG
30064784555,25769805839,CDG
30064784555,25769805852,CDG
30064784555,30064784561,CDG
30064784555,30064784562,CDG
30064784555,30064784563,CDG
30064784555,30064784564,CDG
30064784555,30064784557,CDG
30064784555,30064784558,CDG
30064784555,30064784559,CDG
30064784555,30064784560,CDG
30064784555,30064784565,CDG
30064784555,30064784566,CDG
30064784555,30064784555,CDG
30064784555,30064784556,CDG
30064784569,68719489602,CDG
30064784569,68719489603,CDG
30064784569,55834579871,CDG
30064784569,55834579872,CDG
30064784569,55834579870,CDG
30064784569,30064784570,CDG
30064784569,30064784571,CDG
30064784569,30064784572,CDG
30064784574,68719489565,CDG
30064784574,68719489570,CDG
30064784574,68719489571,CDG
30064784574,68719489572,CDG
30064784574,68719489573,CDG
30064784574,68719489566,CDG
30064784574,68719489567,CDG
30064784574,68719489568,CDG
30064784574,68719489569,CDG
30064784574,68719489548,CDG
30064784574,68719489549,CDG
30064784574,68719489555,CDG
30064784574,68719489556,CDG
30064784574,68719489550,CDG
30064784574,68719489551,CDG
30064784574,68719489552,CDG
30064784574,68719489604,CDG
30064784574,68719489605,CDG
30064784574,68719489600,CDG
30064784574,68719489601,CDG
30064784574,68719489581,CDG
30064784574,68719489574,CDG
30064784574,68719489582,CDG
30064784574,68719489583,CDG
30064784574,68719489610,CDG
30064784574,68719489611,CDG
30064784574,68719489606,CDG
30064784574,68719489607,CDG
30064784574,68719489608,CDG
30064784574,68719489609,CDG
30064784574,68719489618,CDG
30064784574,55834579873,CDG
30064784574,55834579874,CDG
30064784574,55834579869,CDG
30064784574,55834579855,CDG
30064784574,55834579857,CDG
30064784574,55834579858,CDG
30064784574,55834579853,CDG
30064784574,55834579854,CDG
30064784574,25769805836,CDG
30064784574,30064784569,CDG
30064784574,30064784567,CDG
30064784574,30064784568,CDG
30064784574,30064784545,CDG
30064784574,30064784546,CDG
30064784574,30064784547,CDG
30064784574,30064784548,CDG
30064784574,30064784577,CDG
30064784574,30064784578,CDG
30064784574,30064784579,CDG
30064784574,30064784573,CDG
30064784574,30064784574,CDG
30064784574,30064784575,CDG
30064784574,30064784576,CDG
30064784574,30064784588,CDG
30064784574,55834579875,CDG
30064784574,55834579876,CDG
30064784574,30064784529,CDG
30064784574,30064784530,CDG
30064784574,30064784531,CDG
30064784574,30064784532,CDG
30064784574,30064784528,CDG
30064784574,30064784537,CDG
30064784574,30064784538,CDG
30064784574,30064784533,CDG
30064784574,30064784534,CDG
30064784574,30064784535,CDG
30064784574,30064784536,CDG
30064784574,30064784515,CDG
30064784574,30064784516,CDG
30064784574,30064784511,CDG
30064784574,30064784512,CDG
30064784574,90194316273,CDG
30064784574,90194316274,CDG
30064784574,90194316270,CDG
30064784574,90194316259,CDG
30064784574,90194316260,CDG
30064784574,90194316261,CDG
30064784574,90194316262,CDG
30064784579,68719489612,CDG
30064784579,68719489613,CDG
30064784579,68719489614,CDG
30064784579,68719489615,CDG
30064784579,68719489616,CDG
30064784579,68719489617,CDG
30064784579,30064784580,CDG
30064784579,30064784585,CDG
30064784579,30064784586,CDG
30064784579,30064784587,CDG
30064784579,30064784581,CDG
30064784579,30064784582,CDG
30064784579,30064784583,CDG
30064784579,30064784584,CDG
30064784579,55834579879,CDG
30064784579,55834579880,CDG
30064784579,55834579881,CDG
30064784579,55834579882,CDG
30064784579,55834579877,CDG
30064784579,55834579878,CDG
30064784579,90194316275,CDG
30064784579,90194316276,CDG
30064784604,68719489478,CDG
30064784604,68719489479,CDG
30064784604,68719489480,CDG
30064784604,120259084592,CDG
30064784604,68719489634,CDG
30064784604,68719489635,CDG
30064784604,68719489636,CDG
30064784604,68719489637,CDG
30064784604,68719489632,CDG
30064784604,68719489633,CDG
30064784604,68719489645,CDG
30064784604,68719489638,CDG
30064784604,68719489639,CDG
30064784604,68719489640,CDG
30064784604,68719489641,CDG
30064784604,30064784429,CDG
30064784604,30064784430,CDG
30064784604,30064784431,CDG
30064784604,55834579824,CDG
30064784604,25769805841,CDG
30064784604,30064784604,CDG
30064784604,55834579891,CDG
30064784604,55834579892,CDG
30064784604,55834579893,CDG
30064784604,55834579890,CDG
30064784604,30064784609,CDG
30064784604,30064784610,CDG
30064784604,30064784611,CDG
30064784604,30064784612,CDG
30064784604,30064784605,CDG
30064784604,30064784606,CDG
30064784604,30064784607,CDG
30064784604,30064784608,CDG
30064784604,30064784613,CDG
30064784604,30064784614,CDG
30064784614,120259084593,CDG
30064784614,68719489642,CDG
30064784614,68719489643,CDG
30064784614,68719489644,CDG
30064784614,55834579894,CDG
30064784614,30064784617,CDG
30064784614,30064784615,CDG
30064784614,30064784616,CDG
30064784648,30064784657,CDG
30064784648,30064784655,CDG
30064784648,30064784656,CDG
30064784648,141733921206,CDG
30064784648,90194316291,CDG
30064784648,90194316292,CDG
30064784648,55834579911,CDG
30064784648,55834579912,CDG
30064784648,68719489676,CDG
30064784648,141733921207,CDG
30064784649,90194316290,CDG
30064784649,30064784653,CDG
30064784649,30064784654,CDG
30064784649,68719489675,CDG
30064784649,55834579909,CDG
30064784649,55834579910,CDG
30064784649,30064784652,CDG
30064784677,90194316295,CDG
30064784686,90194316298,CDG
30064784695,30064784705,CDG
30064784695,30064784706,CDG
30064784695,68719489709,CDG
30064784695,30064784703,CDG
30064784695,90194316301,CDG
30064784695,30064784704,CDG
30064784695,25769805866,CDG
30064784695,68719489710,CDG
30064784695,68719489711,CDG
30064784695,68719489712,CDG
30064784696,30064784698,CDG
30064784696,30064784699,CDG
30064784696,30064784700,CDG
30064784696,55834579929,CDG
30064784696,55834579930,CDG
30064784696,68719489706,CDG
30064784696,68719489707,CDG
30064784696,68719489708,CDG
30064784696,30064784701,CDG
30064784696,30064784702,CDG
30064784696,90194316300,CDG
30064784707,90194316302,CDG
30064784707,68719489714,CDG
30064784707,68719489715,CDG
30064784707,68719489716,CDG
30064784707,68719489717,CDG
30064784707,25769805867,CDG
30064784707,30064784709,CDG
30064784707,30064784710,CDG
30064784707,30064784711,CDG
30064784707,30064784712,CDG
30064784717,55834579939,CDG
30064784717,141733921208,CDG
30064784717,141733921209,CDG
30064784717,30064784721,CDG
30064784717,68719489722,CDG
30064784717,25769805872,CDG
30064784717,30064784722,CDG
30064784717,68719489723,CDG
30064784717,30064784723,CDG
30064784717,68719489724,CDG
30064784717,30064784724,CDG
30064784717,68719489725,CDG
30064784717,30064784718,CDG
30064784717,30064784719,CDG
30064784717,30064784720,CDG
30064784717,25769805871,CDG
30064784717,30064784729,CDG
30064784717,55834579935,CDG
30064784717,30064784730,CDG
30064784717,55834579936,CDG
30064784717,55834579937,CDG
30064784717,55834579938,CDG
30064784717,30064784725,CDG
30064784717,68719489726,CDG
30064784717,30064784726,CDG
30064784717,68719489727,CDG
30064784717,30064784727,CDG
30064784717,68719489728,CDG
30064784717,30064784728,CDG
30064784717,68719489729,CDG
30064784717,90194316305,CDG
30064784717,90194316306,CDG
30064784717,90194316307,CDG
30064784717,90194316308,CDG
30064784717,90194316309,CDG
30064784745,90194316315,CDG
30064784753,55834579960,CDG
30064784753,55834579961,CDG
30064784753,55834579951,CDG
30064784753,55834579952,CDG
30064784753,55834579953,CDG
30064784753,55834579954,CDG
30064784753,55834579949,CDG
30064784753,55834579950,CDG
30064784753,90194316329,CDG
30064784753,90194316324,CDG
30064784753,90194316325,CDG
30064784753,90194316326,CDG
30064784753,30064784754,CDG
30064784753,30064784755,CDG
30064784753,30064784756,CDG
30064784753,68719489762,CDG
30064784753,30064784761,CDG
30064784753,68719489763,CDG
30064784753,30064784762,CDG
30064784753,30064784763,CDG
30064784753,30064784764,CDG
30064784753,68719489758,CDG
30064784753,30064784757,CDG
30064784753,68719489759,CDG
30064784753,30064784758,CDG
30064784753,68719489760,CDG
30064784753,30064784759,CDG
30064784753,68719489761,CDG
30064784753,30064784760,CDG
30064784753,68719489770,CDG
30064784753,30064784772,CDG
30064784753,68719489768,CDG
30064784753,68719489769,CDG
30064784753,30064784773,CDG
30064784753,30064784774,CDG
30064784761,55834579959,CDG
30064784761,55834579955,CDG
30064784761,55834579956,CDG
30064784761,55834579957,CDG
30064784761,55834579958,CDG
30064784761,90194316327,CDG
30064784761,90194316328,CDG
30064784761,68719489764,CDG
30064784761,68719489765,CDG
30064784761,30064784769,CDG
30064784761,30064784770,CDG
30064784761,30064784771,CDG
30064784761,68719489766,CDG
30064784761,30064784765,CDG
30064784761,68719489767,CDG
30064784761,30064784766,CDG
30064784761,30064784767,CDG
30064784761,30064784768,CDG
30064784943,30064784945,CDG
30064784943,30064784946,CDG
30064784943,30064784947,CDG
30064784943,90194316354,CDG
30064784943,55834580033,CDG
30064784943,90194316355,CDG
30064784943,68719489935,CDG
30064784943,68719489936,CDG
30064784946,30064784948,CDG
30064784946,30064784949,CDG
30064784946,30064784950,CDG
30064784946,55834580034,CDG
30064784946,90194316356,CDG
30064784946,90194316357,CDG
30064784946,68719489938,CDG
30064784946,68719489937,CDG
30064784949,30064784953,CDG
30064784949,30064784951,CDG
30064784949,30064784952,CDG
30064784949,90194316359,CDG
30064784949,90194316358,CDG
30064784949,55834580035,CDG
30064784949,68719489939,CDG
30064784949,68719489940,CDG
30064784952,30064784954,CDG
30064784952,30064784955,CDG
30064784952,30064784956,CDG
30064784952,90194316360,CDG
30064784952,90194316361,CDG
30064784952,55834580036,CDG
30064784952,68719489942,CDG
30064784952,68719489941,CDG
30064784955,30064784957,CDG
30064784955,30064784958,CDG
30064784955,90194316362,CDG
30064784955,90194316363,CDG
30064784955,68719489943,CDG
30064784955,68719489944,CDG
30064784960,30064784962,CDG
30064784960,30064784963,CDG
30064784960,30064784964,CDG
30064784960,90194316367,CDG
30064784960,55834580038,CDG
30064784960,90194316366,CDG
30064784960,68719489947,CDG
30064784960,68719489948,CDG
30064784963,30064784965,CDG
30064784963,30064784966,CDG
30064784963,30064784967,CDG
30064784963,55834580039,CDG
30064784963,90194316368,CDG
30064784963,90194316369,CDG
30064784963,68719489949,CDG
30064784963,68719489950,CDG
30064784966,30064784969,CDG
30064784966,30064784970,CDG
30064784966,30064784968,CDG
30064784966,55834580040,CDG
30064784966,90194316370,CDG
30064784966,90194316371,CDG
30064784966,68719489951,CDG
30064784966,68719489952,CDG
30064784969,30064784973,CDG
30064784969,30064784971,CDG
30064784969,30064784972,CDG
30064784969,55834580041,CDG
30064784969,90194316372,CDG
30064784969,90194316373,CDG
30064784969,68719489954,CDG
30064784969,68719489953,CDG
30064784972,30064784974,CDG
30064784972,30064784975,CDG
30064784972,90194316375,CDG
30064784972,90194316374,CDG
30064784972,68719489955,CDG
30064784972,68719489956,CDG
30064784977,30064784979,CDG
30064784977,30064784980,CDG
30064784977,30064784981,CDG
30064784977,90194316379,CDG
30064784977,90194316378,CDG
30064784977,55834580043,CDG
30064784977,68719489959,CDG
30064784977,68719489960,CDG
30064784980,30064784982,CDG
30064784980,30064784983,CDG
30064784980,30064784984,CDG
30064784980,90194316380,CDG
30064784980,90194316381,CDG
30064784980,55834580044,CDG
30064784980,68719489962,CDG
30064784980,68719489961,CDG
30064784983,30064784985,CDG
30064784983,30064784986,CDG
30064784983,30064784987,CDG
30064784983,90194316383,CDG
30064784983,90194316382,CDG
30064784983,55834580045,CDG
30064784983,68719489963,CDG
30064784983,68719489964,CDG
30064784986,30064784988,CDG
30064784986,90194316384,CDG
30064784986,90194316385,CDG
30064784986,55834580046,CDG
30064784986,68719489965,CDG
30064784986,68719489966,CDG
30064784986,30064784989,CDG
30064784986,30064784990,CDG
30064784989,90194316386,CDG
30064784989,90194316387,CDG
30064784989,68719489967,CDG
30064784989,68719489968,CDG
30064784989,30064784991,CDG
30064784989,30064784992,CDG
30064784994,90194316391,CDG
30064784994,90194316390,CDG
30064784994,55834580048,CDG
30064784994,68719489971,CDG
30064784994,68719489972,CDG
30064784994,30064784996,CDG
30064784994,30064784997,CDG
30064784994,30064784998,CDG
30064784997,90194316392,CDG
30064784997,90194316393,CDG
30064784997,55834580049,CDG
30064784997,68719489974,CDG
30064784997,68719489973,CDG
30064784997,30064785001,CDG
30064784997,30064784999,CDG
30064784997,30064785000,CDG
30064785000,90194316395,CDG
30064785000,90194316394,CDG
30064785000,55834580050,CDG
30064785000,68719489975,CDG
30064785000,68719489976,CDG
30064785000,30064785002,CDG
30064785000,30064785003,CDG
30064785000,30064785004,CDG
30064785003,90194316396,CDG
30064785003,90194316397,CDG
30064785003,55834580051,CDG
30064785003,68719489978,CDG
30064785003,68719489977,CDG
30064785003,30064785005,CDG
30064785003,30064785006,CDG
30064785003,30064785007,CDG
30064785006,90194316399,CDG
30064785006,90194316398,CDG
30064785006,68719489979,CDG
30064785006,68719489980,CDG
30064785006,30064785009,CDG
30064785006,30064785008,CDG
30064785023,90194316408,CDG
30064785023,90194316409,CDG
30064785023,68719489991,CDG
30064785023,68719489992,CDG
30064785023,55834580054,CDG
30064785023,30064785025,CDG
30064785023,30064785026,CDG
30064785023,30064785027,CDG
30064785026,90194316411,CDG
30064785026,90194316410,CDG
30064785026,68719489994,CDG
30064785026,68719489993,CDG
30064785026,55834580055,CDG
30064785026,30064785028,CDG
30064785026,30064785029,CDG
30064785026,30064785030,CDG
30064785029,90194316412,CDG
30064785029,90194316413,CDG
30064785029,68719489995,CDG
30064785029,68719489996,CDG
30064785029,55834580056,CDG
30064785029,30064785033,CDG
30064785029,30064785031,CDG
30064785029,30064785032,CDG
30064785032,90194316415,CDG
30064785032,90194316414,CDG
30064785032,68719489997,CDG
30064785032,68719489998,CDG
30064785032,55834580057,CDG
30064785032,30064785034,CDG
30064785032,30064785035,CDG
30064785032,30064785036,CDG
30064785035,90194316416,CDG
30064785035,90194316417,CDG
30064785035,68719489999,CDG
30064785035,68719490000,CDG
30064785035,30064785037,CDG
30064785035,30064785038,CDG
30064785040,90194316420,CDG
30064785040,90194316421,CDG
30064785040,68719490003,CDG
30064785040,68719490004,CDG
30064785040,55834580059,CDG
30064785040,30064785042,CDG
30064785040,30064785043,CDG
30064785040,30064785044,CDG
30064785043,90194316423,CDG
30064785043,90194316422,CDG
30064785043,68719490006,CDG
30064785043,68719490005,CDG
30064785043,55834580060,CDG
30064785043,30064785045,CDG
30064785043,30064785046,CDG
30064785043,30064785047,CDG
30064785046,90194316424,CDG
30064785046,90194316425,CDG
30064785046,68719490007,CDG
30064785046,68719490008,CDG
30064785046,55834580061,CDG
30064785046,30064785049,CDG
30064785046,30064785050,CDG
30064785046,30064785048,CDG
30064785049,90194316426,CDG
30064785049,90194316427,CDG
30064785049,68719490010,CDG
30064785049,68719490009,CDG
30064785049,55834580062,CDG
30064785049,30064785053,CDG
30064785049,30064785051,CDG
30064785049,30064785052,CDG
30064785052,90194316428,CDG
30064785052,90194316429,CDG
30064785052,68719490011,CDG
30064785052,68719490012,CDG
30064785052,30064785054,CDG
30064785052,30064785055,CDG
30064785057,90194316432,CDG
30064785057,90194316433,CDG
30064785057,68719490015,CDG
30064785057,68719490016,CDG
30064785057,55834580064,CDG
30064785057,30064785059,CDG
30064785057,30064785060,CDG
30064785057,30064785061,CDG
30064785060,90194316434,CDG
30064785060,90194316435,CDG
30064785060,68719490018,CDG
30064785060,68719490017,CDG
30064785060,55834580065,CDG
30064785060,30064785062,CDG
30064785060,30064785063,CDG
30064785060,30064785064,CDG
30064785063,90194316436,CDG
30064785063,90194316437,CDG
30064785063,68719490019,CDG
30064785063,68719490020,CDG
30064785063,55834580066,CDG
30064785063,30064785065,CDG
30064785063,30064785066,CDG
30064785063,30064785067,CDG
30064785066,55834580067,CDG
30064785066,90194316439,CDG
30064785066,90194316438,CDG
30064785066,68719490021,CDG
30064785066,68719490022,CDG
30064785066,30064785069,CDG
30064785066,30064785070,CDG
30064785066,30064785068,CDG
30064785069,90194316440,CDG
30064785069,90194316441,CDG
30064785069,68719490023,CDG
30064785069,68719490024,CDG
30064785069,30064785071,CDG
30064785069,30064785072,CDG
30064785074,55834580069,CDG
30064785074,90194316444,CDG
30064785074,90194316445,CDG
30064785074,68719490027,CDG
30064785074,68719490028,CDG
30064785074,30064785076,CDG
30064785074,30064785077,CDG
30064785074,30064785078,CDG
30064785077,55834580070,CDG
30064785077,90194316447,CDG
30064785077,90194316446,CDG
30064785077,68719490029,CDG
30064785077,68719490030,CDG
30064785077,30064785081,CDG
30064785077,30064785079,CDG
30064785077,30064785080,CDG
30064785080,55834580071,CDG
30064785080,90194316448,CDG
30064785080,90194316449,CDG
30064785080,68719490031,CDG
30064785080,68719490032,CDG
30064785080,30064785082,CDG
30064785080,30064785083,CDG
30064785080,30064785084,CDG
30064785083,55834580072,CDG
30064785083,90194316450,CDG
30064785083,90194316451,CDG
30064785083,68719490034,CDG
30064785083,68719490033,CDG
30064785083,30064785085,CDG
30064785083,30064785086,CDG
30064785083,30064785087,CDG
30064785086,90194316452,CDG
30064785086,90194316453,CDG
30064785086,68719490035,CDG
30064785086,68719490036,CDG
30064785086,30064785089,CDG
30064785086,30064785088,CDG
30064785103,55834580075,CDG
30064785103,68719490047,CDG
30064785103,68719490048,CDG
30064785103,30064785105,CDG
30064785103,30064785106,CDG
30064785103,30064785107,CDG
30064785103,90194316463,CDG
30064785103,90194316462,CDG
30064785106,55834580076,CDG
30064785106,68719490050,CDG
30064785106,68719490049,CDG
30064785106,30064785108,CDG
30064785106,30064785109,CDG
30064785106,30064785110,CDG
30064785106,90194316464,CDG
30064785106,90194316465,CDG
30064785109,55834580077,CDG
30064785109,68719490051,CDG
30064785109,68719490052,CDG
30064785109,30064785113,CDG
30064785109,30064785111,CDG
30064785109,30064785112,CDG
30064785109,90194316466,CDG
30064785109,90194316467,CDG
30064785112,68719490054,CDG
30064785112,55834580078,CDG
30064785112,68719490053,CDG
30064785112,30064785114,CDG
30064785112,30064785115,CDG
30064785112,30064785116,CDG
30064785112,90194316468,CDG
30064785112,90194316469,CDG
30064785115,68719490055,CDG
30064785115,68719490056,CDG
30064785115,30064785117,CDG
30064785115,30064785118,CDG
30064785115,90194316471,CDG
30064785115,90194316470,CDG
30064785120,68719490059,CDG
30064785120,68719490060,CDG
30064785120,55834580080,CDG
30064785120,30064785122,CDG
30064785120,30064785123,CDG
30064785120,30064785124,CDG
30064785120,90194316475,CDG
30064785120,90194316474,CDG
30064785123,68719490061,CDG
30064785123,55834580081,CDG
30064785123,68719490062,CDG
30064785123,30064785125,CDG
30064785123,30064785126,CDG
30064785123,30064785127,CDG
30064785123,90194316476,CDG
30064785123,90194316477,CDG
30064785126,55834580082,CDG
30064785126,68719490063,CDG
30064785126,68719490064,CDG
30064785126,30064785129,CDG
30064785126,30064785130,CDG
30064785126,30064785128,CDG
30064785126,90194316479,CDG
30064785126,90194316478,CDG
30064785129,55834580083,CDG
30064785129,68719490066,CDG
30064785129,68719490065,CDG
30064785129,30064785133,CDG
30064785129,30064785131,CDG
30064785129,30064785132,CDG
30064785129,90194316480,CDG
30064785129,90194316481,CDG
30064785132,68719490067,CDG
30064785132,68719490068,CDG
30064785132,30064785134,CDG
30064785132,30064785135,CDG
30064785132,90194316482,CDG
30064785132,90194316483,CDG
30064785137,68719490071,CDG
30064785137,68719490072,CDG
30064785137,55834580085,CDG
30064785137,30064785139,CDG
30064785137,30064785140,CDG
30064785137,30064785141,CDG
30064785137,90194316487,CDG
30064785137,90194316486,CDG
30064785140,68719490074,CDG
30064785140,68719490073,CDG
30064785140,55834580086,CDG
30064785140,30064785142,CDG
30064785140,30064785143,CDG
30064785140,30064785144,CDG
30064785140,90194316488,CDG
30064785140,90194316489,CDG
30064785143,55834580087,CDG
30064785143,68719490075,CDG
30064785143,68719490076,CDG
30064785143,30064785145,CDG
30064785143,30064785146,CDG
30064785143,30064785147,CDG
30064785143,90194316490,CDG
30064785143,90194316491,CDG
30064785146,55834580088,CDG
30064785146,68719490077,CDG
30064785146,68719490078,CDG
30064785146,30064785148,CDG
30064785146,30064785149,CDG
30064785146,30064785150,CDG
30064785146,90194316492,CDG
30064785146,90194316493,CDG
30064785149,68719490079,CDG
30064785149,68719490080,CDG
30064785149,30064785151,CDG
30064785149,30064785152,CDG
30064785149,90194316495,CDG
30064785149,90194316494,CDG
30064785164,55834580091,CDG
30064785164,68719490090,CDG
30064785164,68719490091,CDG
30064785164,30064785166,CDG
30064785164,30064785167,CDG
30064785164,30064785168,CDG
30064785164,90194316503,CDG
30064785164,90194316504,CDG
30064785167,55834580092,CDG
30064785167,68719490092,CDG
30064785167,68719490093,CDG
30064785167,30064785169,CDG
30064785167,30064785170,CDG
30064785167,30064785171,CDG
30064785167,90194316505,CDG
30064785167,90194316506,CDG
30064785170,55834580093,CDG
30064785170,68719490094,CDG
30064785170,68719490095,CDG
30064785170,30064785172,CDG
30064785170,90194316507,CDG
30064785170,90194316508,CDG
30064785170,30064785173,CDG
30064785170,30064785174,CDG
30064785173,55834580094,CDG
30064785173,68719490096,CDG
30064785173,68719490097,CDG
30064785173,90194316509,CDG
30064785173,90194316510,CDG
30064785173,30064785177,CDG
30064785173,30064785175,CDG
30064785173,30064785176,CDG
30064785176,68719490098,CDG
30064785176,68719490099,CDG
30064785176,90194316511,CDG
30064785176,90194316512,CDG
30064785176,30064785178,CDG
30064785176,30064785179,CDG
30064785181,55834580096,CDG
30064785181,30064785185,CDG
30064785181,30064785183,CDG
30064785181,30064785184,CDG
30064785181,68719490102,CDG
30064785181,68719490103,CDG
30064785181,90194316515,CDG
30064785181,90194316516,CDG
30064785184,55834580097,CDG
30064785184,30064785186,CDG
30064785184,30064785187,CDG
30064785184,30064785188,CDG
30064785184,68719490104,CDG
30064785184,68719490105,CDG
30064785184,90194316517,CDG
30064785184,90194316518,CDG
30064785187,55834580098,CDG
30064785187,30064785189,CDG
30064785187,30064785190,CDG
30064785187,30064785191,CDG
30064785187,68719490106,CDG
30064785187,68719490107,CDG
30064785187,90194316519,CDG
30064785187,90194316520,CDG
30064785190,30064785193,CDG
30064785190,30064785194,CDG
30064785190,30064785192,CDG
30064785190,68719490108,CDG
30064785190,68719490109,CDG
30064785190,55834580099,CDG
30064785190,90194316521,CDG
30064785190,90194316522,CDG
30064785193,90194316523,CDG
30064785193,90194316524,CDG
30064785193,30064785195,CDG
30064785193,30064785196,CDG
30064785193,68719490110,CDG
30064785193,68719490111,CDG
30064785206,30064785209,CDG
30064785206,30064785210,CDG
30064785206,30064785208,CDG
30064785206,55834580102,CDG
30064785206,90194316531,CDG
30064785206,90194316532,CDG
30064785206,68719490120,CDG
30064785206,68719490121,CDG
30064785209,30064785211,CDG
30064785209,30064785212,CDG
30064785209,55834580103,CDG
30064785209,30064785213,CDG
30064785209,90194316533,CDG
30064785209,90194316534,CDG
30064785209,68719490122,CDG
30064785209,68719490123,CDG
30064785212,55834580104,CDG
30064785212,30064785214,CDG
30064785212,30064785215,CDG
30064785212,30064785216,CDG
30064785212,90194316535,CDG
30064785212,90194316536,CDG
30064785212,68719490124,CDG
30064785212,68719490125,CDG
30064785215,30064785217,CDG
30064785215,30064785218,CDG
30064785215,30064785219,CDG
30064785215,55834580105,CDG
30064785215,90194316537,CDG
30064785215,90194316538,CDG
30064785215,68719490126,CDG
30064785215,68719490127,CDG
30064785218,30064785220,CDG
30064785218,30064785221,CDG
30064785218,90194316539,CDG
30064785218,90194316540,CDG
30064785218,68719490128,CDG
30064785218,68719490129,CDG
30064785223,30064785225,CDG
30064785223,30064785226,CDG
30064785223,30064785227,CDG
30064785223,55834580107,CDG
30064785223,90194316543,CDG
30064785223,90194316544,CDG
30064785223,68719490132,CDG
30064785223,68719490133,CDG
30064785226,30064785229,CDG
30064785226,30064785230,CDG
30064785226,30064785228,CDG
30064785226,55834580108,CDG
30064785226,90194316545,CDG
30064785226,90194316546,CDG
30064785226,68719490134,CDG
30064785226,68719490135,CDG
30064785229,30064785233,CDG
30064785229,30064785231,CDG
30064785229,30064785232,CDG
30064785229,55834580109,CDG
30064785229,90194316547,CDG
30064785229,90194316548,CDG
30064785229,68719490136,CDG
30064785229,68719490137,CDG
30064785232,30064785234,CDG
30064785232,30064785235,CDG
30064785232,30064785236,CDG
30064785232,55834580110,CDG
30064785232,90194316549,CDG
30064785232,90194316550,CDG
30064785232,68719490138,CDG
30064785232,68719490139,CDG
30064785235,30064785237,CDG
30064785235,30064785238,CDG
30064785235,90194316551,CDG
30064785235,90194316552,CDG
30064785235,68719490140,CDG
30064785235,68719490141,CDG
30064785240,30064785242,CDG
30064785240,30064785243,CDG
30064785240,30064785244,CDG
30064785240,55834580112,CDG
30064785240,90194316555,CDG
30064785240,90194316556,CDG
30064785240,68719490144,CDG
30064785240,68719490145,CDG
30064785243,55834580113,CDG
30064785243,90194316557,CDG
30064785243,90194316558,CDG
30064785243,68719490146,CDG
30064785243,68719490147,CDG
30064785243,30064785245,CDG
30064785243,30064785246,CDG
30064785243,30064785247,CDG
30064785246,55834580114,CDG
30064785246,90194316559,CDG
30064785246,90194316560,CDG
30064785246,68719490148,CDG
30064785246,68719490149,CDG
30064785246,30064785249,CDG
30064785246,30064785250,CDG
30064785246,30064785248,CDG
30064785249,55834580115,CDG
30064785249,90194316561,CDG
30064785249,90194316562,CDG
30064785249,30064785251,CDG
30064785249,30064785252,CDG
30064785249,30064785253,CDG
30064785249,68719490150,CDG
30064785249,68719490151,CDG
30064785252,90194316563,CDG
30064785252,90194316564,CDG
30064785252,30064785254,CDG
30064785252,30064785255,CDG
30064785252,68719490152,CDG
30064785252,68719490153,CDG
30064785257,55834580117,CDG
30064785257,90194316567,CDG
30064785257,90194316568,CDG
30064785257,30064785261,CDG
30064785257,30064785259,CDG
30064785257,30064785260,CDG
30064785257,68719490156,CDG
30064785257,68719490157,CDG
30064785260,55834580118,CDG
30064785260,90194316569,CDG
30064785260,90194316570,CDG
30064785260,30064785262,CDG
30064785260,30064785263,CDG
30064785260,30064785264,CDG
30064785260,68719490158,CDG
30064785260,68719490159,CDG
30064785263,55834580119,CDG
30064785263,90194316571,CDG
30064785263,90194316572,CDG
30064785263,30064785265,CDG
30064785263,30064785266,CDG
30064785263,30064785267,CDG
30064785263,68719490160,CDG
30064785263,68719490161,CDG
30064785266,55834580120,CDG
30064785266,90194316573,CDG
30064785266,90194316574,CDG
30064785266,30064785268,CDG
30064785266,30064785269,CDG
30064785266,30064785270,CDG
30064785266,68719490162,CDG
30064785266,68719490163,CDG
30064785269,90194316575,CDG
30064785269,90194316576,CDG
30064785269,30064785271,CDG
30064785269,30064785272,CDG
30064785269,68719490164,CDG
30064785269,68719490165,CDG
30064785286,55834580123,CDG
30064785286,90194316585,CDG
30064785286,90194316586,CDG
30064785286,68719490176,CDG
30064785286,68719490177,CDG
30064785286,30064785289,CDG
30064785286,30064785290,CDG
30064785286,30064785288,CDG
30064785289,55834580124,CDG
30064785289,90194316587,CDG
30064785289,90194316588,CDG
30064785289,30064785293,CDG
30064785289,68719490178,CDG
30064785289,68719490179,CDG
30064785289,30064785291,CDG
30064785289,30064785292,CDG
30064785292,55834580125,CDG
30064785292,90194316589,CDG
30064785292,90194316590,CDG
30064785292,30064785294,CDG
30064785292,30064785295,CDG
30064785292,30064785296,CDG
30064785292,68719490180,CDG
30064785292,68719490181,CDG
30064785295,55834580126,CDG
30064785295,90194316591,CDG
30064785295,90194316592,CDG
30064785295,68719490182,CDG
30064785295,68719490183,CDG
30064785295,30064785297,CDG
30064785295,30064785298,CDG
30064785295,30064785299,CDG
30064785298,90194316593,CDG
30064785298,90194316594,CDG
30064785298,68719490184,CDG
30064785298,68719490185,CDG
30064785298,30064785300,CDG
30064785298,30064785301,CDG
30064785303,55834580128,CDG
30064785303,90194316597,CDG
30064785303,90194316598,CDG
30064785303,68719490188,CDG
30064785303,68719490189,CDG
30064785303,30064785305,CDG
30064785303,30064785306,CDG
30064785303,30064785307,CDG
30064785306,55834580129,CDG
30064785306,90194316599,CDG
30064785306,90194316600,CDG
30064785306,30064785309,CDG
30064785306,30064785310,CDG
30064785306,68719490190,CDG
30064785306,68719490191,CDG
30064785306,30064785308,CDG
30064785309,55834580130,CDG
30064785309,90194316601,CDG
30064785309,90194316602,CDG
30064785309,30064785313,CDG
30064785309,30064785311,CDG
30064785309,30064785312,CDG
30064785309,68719490192,CDG
30064785309,68719490193,CDG
30064785312,90194316603,CDG
30064785312,90194316604,CDG
30064785312,30064785314,CDG
30064785312,30064785315,CDG
30064785312,30064785316,CDG
30064785312,68719490194,CDG
30064785312,68719490195,CDG
30064785312,55834580131,CDG
30064785315,90194316605,CDG
30064785315,90194316606,CDG
30064785315,68719490196,CDG
30064785315,68719490197,CDG
30064785315,30064785317,CDG
30064785315,30064785318,CDG
30064785320,90194316609,CDG
30064785320,90194316610,CDG
30064785320,68719490200,CDG
30064785320,68719490201,CDG
30064785320,30064785322,CDG
30064785320,30064785323,CDG
30064785320,30064785324,CDG
30064785320,55834580133,CDG
30064785323,90194316611,CDG
30064785323,90194316612,CDG
30064785323,68719490202,CDG
30064785323,68719490203,CDG
30064785323,30064785325,CDG
30064785323,30064785326,CDG
30064785323,30064785327,CDG
30064785323,55834580134,CDG
30064785326,90194316613,CDG
30064785326,90194316614,CDG
30064785326,30064785329,CDG
30064785326,30064785330,CDG
30064785326,68719490204,CDG
30064785326,68719490205,CDG
30064785326,30064785328,CDG
30064785326,55834580135,CDG
30064785329,90194316615,CDG
30064785329,90194316616,CDG
30064785329,30064785331,CDG
30064785329,30064785332,CDG
30064785329,30064785333,CDG
30064785329,68719490206,CDG
30064785329,68719490207,CDG
30064785329,55834580136,CDG
30064785332,90194316617,CDG
30064785332,90194316618,CDG
30064785332,30064785334,CDG
30064785332,30064785335,CDG
30064785332,68719490208,CDG
30064785332,68719490209,CDG
68719476812,30064771161,CDG
68719476812,30064771162,CDG
68719476812,30064771163,CDG
68719476812,30064771164,CDG
68719476812,55834574881,CDG
68719476812,55834574882,CDG
68719476812,68719476822,CDG
68719476812,68719476823,CDG
68719476812,68719476813,CDG
68719476812,30064771165,CDG
68719476812,30064771166,CDG
68719476812,30064771167,CDG
68719476812,30064771168,CDG
68719476812,68719476818,CDG
68719476812,68719476819,CDG
68719476812,68719476820,CDG
68719476812,68719476821,CDG
68719476812,68719476814,CDG
68719476812,68719476815,CDG
68719476812,68719476816,CDG
68719476812,68719476817,CDG
68719477279,90194313320,CDG
68719477423,90194313344,CDG
68719477731,30064772177,CDG
68719477731,30064772178,CDG
68719477731,30064772179,CDG
68719477731,30064772180,CDG
68719477731,30064772173,CDG
68719477731,30064772174,CDG
68719477731,30064772175,CDG
68719477731,30064772176,CDG
68719477731,30064772185,CDG
68719477731,30064772186,CDG
68719477731,30064772181,CDG
68719477731,30064772182,CDG
68719477731,30064772183,CDG
68719477731,30064772184,CDG
68719477731,30064772172,CDG
68719477731,55834575287,CDG
68719477731,90194313410,CDG
68719477731,55834575283,CDG
68719477731,55834575284,CDG
68719477731,55834575285,CDG
68719477731,55834575286,CDG
68719477731,68719477732,CDG
68719477731,68719477733,CDG
68719477731,90194313411,CDG
68719477731,90194313412,CDG
68719477731,90194313413,CDG
68719477731,90194313414,CDG
68719477731,55834575281,CDG
68719477731,55834575282,CDG
68719477731,25769803958,CDG
68719477731,25769803959,CDG
68719477731,68719477738,CDG
68719477731,68719477739,CDG
68719477731,68719477740,CDG
68719477731,68719477741,CDG
68719477731,68719477734,CDG
68719477731,68719477735,CDG
68719477731,68719477736,CDG
68719477731,68719477737,CDG
68719477731,68719477742,CDG
68719477731,68719477743,CDG
68719477767,68719477770,CDG
68719477767,25769803968,CDG
68719477767,68719477771,CDG
68719477767,68719477772,CDG
68719477767,68719477773,CDG
68719477767,68719477768,CDG
68719477767,68719477769,CDG
68719477767,25769803967,CDG
68719477767,68719477778,CDG
68719477767,68719477779,CDG
68719477767,68719477774,CDG
68719477767,68719477775,CDG
68719477767,68719477776,CDG
68719477767,68719477777,CDG
68719477767,30064772209,CDG
68719477767,30064772210,CDG
68719477767,30064772211,CDG
68719477767,30064772212,CDG
68719477767,30064772208,CDG
68719477767,30064772217,CDG
68719477767,30064772218,CDG
68719477767,55834575296,CDG
68719477767,30064772219,CDG
68719477767,55834575297,CDG
68719477767,30064772220,CDG
68719477767,55834575298,CDG
68719477767,30064772213,CDG
68719477767,30064772214,CDG
68719477767,30064772215,CDG
68719477767,30064772216,CDG
68719477767,90194313423,CDG
68719477767,30064772221,CDG
68719477767,90194313419,CDG
68719477767,55834575299,CDG
68719477767,30064772222,CDG
68719477767,90194313420,CDG
68719477767,55834575300,CDG
68719477767,90194313421,CDG
68719477767,55834575301,CDG
68719477767,90194313422,CDG
68719477767,55834575302,CDG
68719477803,30064772257,CDG
68719477803,30064772258,CDG
68719477803,30064772253,CDG
68719477803,30064772254,CDG
68719477803,30064772255,CDG
68719477803,30064772256,CDG
68719477803,25769803976,CDG
68719477803,25769803977,CDG
68719477803,68719477814,CDG
68719477803,68719477815,CDG
68719477803,68719477804,CDG
68719477803,68719477805,CDG
68719477803,68719477810,CDG
68719477803,68719477811,CDG
68719477803,68719477812,CDG
68719477803,68719477813,CDG
68719477803,68719477806,CDG
68719477803,68719477807,CDG
68719477803,68719477808,CDG
68719477803,68719477809,CDG
68719477803,30064772244,CDG
68719477803,55834575315,CDG
68719477803,55834575316,CDG
68719477803,55834575317,CDG
68719477803,30064772249,CDG
68719477803,30064772250,CDG
68719477803,30064772251,CDG
68719477803,30064772252,CDG
68719477803,30064772245,CDG
68719477803,30064772246,CDG
68719477803,30064772247,CDG
68719477803,30064772248,CDG
68719477803,55834575311,CDG
68719477803,90194313431,CDG
68719477803,55834575312,CDG
68719477803,90194313432,CDG
68719477803,55834575313,CDG
68719477803,55834575314,CDG
68719477803,90194313428,CDG
68719477803,90194313429,CDG
68719477803,90194313430,CDG
68719477839,25769803985,CDG
68719477839,25769803986,CDG
68719477839,30064772281,CDG
68719477839,30064772282,CDG
68719477839,30064772283,CDG
68719477839,30064772284,CDG
68719477839,30064772280,CDG
68719477839,55834575331,CDG
68719477839,55834575332,CDG
68719477839,30064772289,CDG
68719477839,30064772290,CDG
68719477839,30064772291,CDG
68719477839,30064772292,CDG
68719477839,30064772285,CDG
68719477839,30064772286,CDG
68719477839,30064772287,CDG
68719477839,30064772288,CDG
68719477839,30064772293,CDG
68719477839,30064772294,CDG
68719477839,68719477850,CDG
68719477839,68719477851,CDG
68719477839,68719477846,CDG
68719477839,68719477847,CDG
68719477839,68719477848,CDG
68719477839,68719477849,CDG
68719477839,68719477842,CDG
68719477839,68719477843,CDG
68719477839,68719477844,CDG
68719477839,68719477845,CDG
68719477839,68719477840,CDG
68719477839,68719477841,CDG
68719477839,90194313439,CDG
68719477839,90194313440,CDG
68719477839,90194313441,CDG
68719477839,90194313437,CDG
68719477839,90194313438,CDG
68719477839,55834575327,CDG
68719477839,55834575328,CDG
68719477839,55834575329,CDG
68719477839,55834575330,CDG
68719477839,55834575326,CDG
68719480001,55834576215,CDG
68719480001,55834576216,CDG
68719480001,68719480002,CDG
68719480001,90194313927,CDG
68719480001,68719480003,CDG
68719480001,90194313928,CDG
68719480001,68719480004,CDG
68719480001,68719480005,CDG
68719480001,68719480006,CDG
68719480001,30064774601,CDG
68719480001,30064774602,CDG
68719480001,30064774603,CDG
68719480001,30064774598,CDG
68719480001,30064774599,CDG
68719480001,30064774600,CDG
68719481425,90194314271,CDG
68719481425,90194314272,CDG
68719481425,90194314273,CDG
68719481425,90194314274,CDG
68719481425,68719481430,CDG
68719481425,68719481431,CDG
68719481425,141733920872,CDG
68719481425,68719481432,CDG
68719481425,141733920873,CDG
68719481425,90194314270,CDG
68719481425,30064775977,CDG
68719481425,68719481426,CDG
68719481425,55834576719,CDG
68719481425,30064775978,CDG
68719481425,68719481427,CDG
68719481425,68719481428,CDG
68719481425,68719481429,CDG
68719481425,30064775973,CDG
68719481425,30064775974,CDG
68719481425,30064775975,CDG
68719481425,30064775976,CDG
68719481425,55834576718,CDG
68719481443,30064775987,CDG
68719481443,30064775988,CDG
68719481443,30064775993,CDG
68719481443,30064775994,CDG
68719481443,30064775995,CDG
68719481443,30064775996,CDG
68719481443,30064775989,CDG
68719481443,30064775990,CDG
68719481443,30064775991,CDG
68719481443,30064775992,CDG
68719481443,55834576743,CDG
68719481443,25769804608,CDG
68719481443,55834576744,CDG
68719481443,25769804609,CDG
68719481443,55834576745,CDG
68719481443,25769804610,CDG
68719481443,55834576746,CDG
68719481443,25769804611,CDG
68719481443,55834576739,CDG
68719481443,55834576740,CDG
68719481443,55834576741,CDG
68719481443,25769804606,CDG
68719481443,55834576742,CDG
68719481443,25769804607,CDG
68719481443,55834576751,CDG
68719481443,55834576752,CDG
68719481443,55834576753,CDG
68719481443,55834576754,CDG
68719481443,55834576747,CDG
68719481443,25769804612,CDG
68719481443,55834576748,CDG
68719481443,55834576749,CDG
68719481443,55834576750,CDG
68719481443,30064776017,CDG
68719481443,30064776018,CDG
68719481443,30064776019,CDG
68719481443,30064776020,CDG
68719481443,30064776013,CDG
68719481443,30064776014,CDG
68719481443,30064776015,CDG
68719481443,30064776016,CDG
68719481443,30064776025,CDG
68719481443,30064776026,CDG
68719481443,30064776027,CDG
68719481443,30064776028,CDG
68719481443,30064776021,CDG
68719481443,30064776022,CDG
68719481443,30064776023,CDG
68719481443,30064776024,CDG
68719481443,30064776001,CDG
68719481443,30064776002,CDG
68719481443,30064776003,CDG
68719481443,30064776004,CDG
68719481443,30064775997,CDG
68719481443,30064775998,CDG
68719481443,30064775999,CDG
68719481443,30064776000,CDG
68719481443,30064776009,CDG
68719481443,30064776010,CDG
68719481443,30064776011,CDG
68719481443,30064776012,CDG
68719481443,30064776005,CDG
68719481443,30064776006,CDG
68719481443,30064776007,CDG
68719481443,30064776008,CDG
68719481443,90194314295,CDG
68719481443,90194314296,CDG
68719481443,90194314292,CDG
68719481443,90194314293,CDG
68719481443,90194314294,CDG
68719481443,55834576727,CDG
68719481443,55834576728,CDG
68719481443,55834576729,CDG
68719481443,55834576730,CDG
68719481443,55834576723,CDG
68719481443,55834576724,CDG
68719481443,55834576725,CDG
68719481443,55834576726,CDG
68719481443,55834576735,CDG
68719481443,55834576736,CDG
68719481443,55834576737,CDG
68719481443,55834576738,CDG
68719481443,55834576731,CDG
68719481443,55834576732,CDG
68719481443,55834576733,CDG
68719481443,55834576734,CDG
68719481443,55834576722,CDG
68719481443,68719481482,CDG
68719481443,68719481483,CDG
68719481443,68719481484,CDG
68719481443,68719481485,CDG
68719481443,68719481478,CDG
68719481443,68719481479,CDG
68719481443,68719481480,CDG
68719481443,68719481481,CDG
68719481443,68719481486,CDG
68719481443,30064776049,CDG
68719481443,30064776050,CDG
68719481443,30064776051,CDG
68719481443,30064776045,CDG
68719481443,30064776046,CDG
68719481443,30064776047,CDG
68719481443,30064776048,CDG
68719481443,68719481444,CDG
68719481443,68719481445,CDG
68719481443,30064776033,CDG
68719481443,30064776034,CDG
68719481443,30064776035,CDG
68719481443,30064776036,CDG
68719481443,30064776029,CDG
68719481443,30064776030,CDG
68719481443,30064776031,CDG
68719481443,30064776032,CDG
68719481443,30064776041,CDG
68719481443,30064776042,CDG
68719481443,30064776043,CDG
68719481443,30064776044,CDG
68719481443,30064776037,CDG
68719481443,30064776038,CDG
68719481443,30064776039,CDG
68719481443,30064776040,CDG
68719481443,68719481466,CDG
68719481443,68719481467,CDG
68719481443,68719481468,CDG
68719481443,68719481469,CDG
68719481443,68719481462,CDG
68719481443,68719481463,CDG
68719481443,68719481464,CDG
68719481443,68719481465,CDG
68719481443,68719481474,CDG
68719481443,68719481475,CDG
68719481443,68719481476,CDG
68719481443,68719481477,CDG
68719481443,68719481470,CDG
68719481443,68719481471,CDG
68719481443,68719481472,CDG
68719481443,68719481473,CDG
68719481443,68719481450,CDG
68719481443,68719481451,CDG
68719481443,68719481452,CDG
68719481443,68719481453,CDG
68719481443,68719481446,CDG
68719481443,68719481447,CDG
68719481443,68719481448,CDG
68719481443,68719481449,CDG
68719481443,68719481458,CDG
68719481443,68719481459,CDG
68719481443,68719481460,CDG
68719481443,68719481461,CDG
68719481443,68719481454,CDG
68719481443,68719481455,CDG
68719481443,68719481456,CDG
68719481443,68719481457,CDG
68719481522,55834576765,CDG
68719481522,55834576766,CDG
68719481522,68719481526,CDG
68719481522,68719481527,CDG
68719481522,68719481528,CDG
68719481522,68719481523,CDG
68719481522,68719481524,CDG
68719481522,68719481525,CDG
68719481522,90194314301,CDG
68719481522,30064776089,CDG
68719481522,30064776090,CDG
68719481522,30064776085,CDG
68719481522,30064776086,CDG
68719481522,30064776087,CDG
68719481522,30064776088,CDG
68719481617,68719481626,CDG
68719481617,30064776178,CDG
68719481617,30064776179,CDG
68719481617,30064776180,CDG
68719481617,68719481622,CDG
68719481617,68719481623,CDG
68719481617,68719481624,CDG
68719481617,68719481625,CDG
68719481617,30064776185,CDG
68719481617,30064776186,CDG
68719481617,30064776181,CDG
68719481617,30064776182,CDG
68719481617,30064776183,CDG
68719481617,30064776184,CDG
68719481617,68719481618,CDG
68719481617,68719481619,CDG
68719481617,68719481620,CDG
68719481617,68719481621,CDG
68719481617,55834576792,CDG
68719481617,55834576793,CDG
68719481617,55834576794,CDG
68719481617,141733920880,CDG
68719481617,25769804637,CDG
68719481617,90194314327,CDG
68719481617,90194314325,CDG
68719481617,90194314326,CDG
68719481647,30064776244,CDG
68719481647,30064776245,CDG
68719481647,30064776246,CDG
68719481647,90194314351,CDG
68719481647,90194314352,CDG
68719481647,90194314353,CDG
68719481647,68719481654,CDG
68719481647,68719481655,CDG
68719481647,68719481656,CDG
68719481647,68719481657,CDG
68719481647,55834576796,CDG
68719481647,55834576797,CDG
68719481647,68719481650,CDG
68719481647,68719481651,CDG
68719481647,68719481652,CDG
68719481647,68719481653,CDG
68719481647,68719481648,CDG
68719481647,68719481649,CDG
68719481647,30064776209,CDG
68719481647,90194314335,CDG
68719481647,90194314336,CDG
68719481647,30064776205,CDG
68719481647,30064776206,CDG
68719481647,30064776207,CDG
68719481647,90194314333,CDG
68719481647,30064776208,CDG
68719481647,90194314334,CDG
68719481647,30064776202,CDG
68719481647,30064776203,CDG
68719481647,30064776204,CDG
68719481647,68719481694,CDG
68719481647,68719481695,CDG
68719481647,68719481696,CDG
68719481647,55834576806,CDG
68719481647,141733920884,CDG
68719481657,68719481658,CDG
68719481657,68719481659,CDG
68719481657,68719481660,CDG
68719481657,68719481661,CDG
68719481657,68719481666,CDG
68719481657,55834576799,CDG
68719481657,68719481667,CDG
68719481657,68719481668,CDG
68719481657,68719481662,CDG
68719481657,68719481663,CDG
68719481657,68719481664,CDG
68719481657,68719481665,CDG
68719481657,55834576798,CDG
68719481657,30064776210,CDG
68719481657,30064776211,CDG
68719481657,90194314337,CDG
68719481657,30064776212,CDG
68719481657,90194314338,CDG
68719481657,30064776217,CDG
68719481657,30064776218,CDG
68719481657,30064776219,CDG
68719481657,30064776213,CDG
68719481657,90194314339,CDG
68719481657,30064776214,CDG
68719481657,90194314340,CDG
68719481657,30064776215,CDG
68719481657,30064776216,CDG
68719481657,141733920881,CDG
68719481668,30064776221,CDG
68719481668,55834576800,CDG
68719481668,68719481669,CDG
68719481668,30064776220,CDG
68719481668,90194314341,CDG
68719481675,30064776237,CDG
68719481675,90194314347,CDG
68719481675,30064776233,CDG
68719481675,30064776234,CDG
68719481675,30064776235,CDG
68719481675,30064776236,CDG
68719481675,30064776229,CDG
68719481675,30064776230,CDG
68719481675,30064776231,CDG
68719481675,30064776232,CDG
68719481675,90194314344,CDG
68719481675,90194314345,CDG
68719481675,90194314346,CDG
68719481675,68719481686,CDG
68719481675,68719481676,CDG
68719481675,68719481677,CDG
68719481675,55834576803,CDG
68719481675,55834576804,CDG
68719481675,68719481682,CDG
68719481675,68719481683,CDG
68719481675,68719481684,CDG
68719481675,68719481685,CDG
68719481675,68719481678,CDG
68719481675,68719481679,CDG
68719481675,68719481680,CDG
68719481675,68719481681,CDG
68719481675,141733920882,CDG
68719481686,30064776241,CDG
68719481686,30064776242,CDG
68719481686,30064776243,CDG
68719481686,30064776244,CDG
68719481686,30064776238,CDG
68719481686,30064776239,CDG
68719481686,30064776240,CDG
68719481686,30064776245,CDG
68719481686,30064776246,CDG
68719481686,90194314351,CDG
68719481686,90194314352,CDG
68719481686,90194314353,CDG
68719481686,90194314348,CDG
68719481686,90194314349,CDG
68719481686,90194314350,CDG
68719481686,68719481690,CDG
68719481686,68719481691,CDG
68719481686,68719481692,CDG
68719481686,68719481693,CDG
68719481686,68719481687,CDG
68719481686,68719481688,CDG
68719481686,68719481689,CDG
68719481686,68719481694,CDG
68719481686,68719481695,CDG
68719481686,68719481696,CDG
68719481686,55834576805,CDG
68719481686,55834576806,CDG
68719481686,141733920883,CDG
68719481686,141733920884,CDG
68719481773,90194314374,CDG
68719481773,68719481774,CDG
68719481773,68719481775,CDG
68719481773,30064776314,CDG
68719481836,90194314399,CDG
68719481836,90194314400,CDG
68719481836,90194314398,CDG
68719481836,30064776377,CDG
68719481836,30064776378,CDG
68719481836,30064776379,CDG
68719481836,30064776380,CDG
68719481836,30064776374,CDG
68719481836,30064776375,CDG
68719481836,30064776376,CDG
68719481836,30064776381,CDG
68719481836,55834576855,CDG
68719481836,55834576854,CDG
68719481836,68719481837,CDG
68719481836,68719481842,CDG
68719481836,68719481843,CDG
68719481836,68719481844,CDG
68719481836,68719481845,CDG
68719481836,68719481838,CDG
68719481836,68719481839,CDG
68719481836,68719481840,CDG
68719481836,68719481841,CDG
68719481845,90194314401,CDG
68719481845,30064776382,CDG
68719481845,30064776383,CDG
68719481845,55834576856,CDG
68719481845,68719481846,CDG
68719481852,90194314404,CDG
68719481852,90194314405,CDG
68719481852,30064776397,CDG
68719481852,30064776393,CDG
68719481852,30064776394,CDG
68719481852,30064776395,CDG
68719481852,30064776396,CDG
68719481852,30064776391,CDG
68719481852,30064776392,CDG
68719481852,55834576859,CDG
68719481852,55834576860,CDG
68719481852,55834576861,CDG
68719481852,68719481853,CDG
68719481852,68719481854,CDG
68719481852,68719481855,CDG
68719481852,68719481856,CDG
68719481852,68719481857,CDG
68719481861,90194314407,CDG
68719481861,90194314408,CDG
68719481861,30064776401,CDG
68719481861,30064776402,CDG
68719481861,30064776403,CDG
68719481861,30064776404,CDG
68719481861,30064776405,CDG
68719481861,30064776406,CDG
68719481861,30064776407,CDG
68719481861,55834576863,CDG
68719481861,55834576864,CDG
68719481861,55834576865,CDG
68719481861,68719481866,CDG
68719481861,68719481862,CDG
68719481861,68719481863,CDG
68719481861,68719481864,CDG
68719481861,68719481865,CDG
68719481875,90194314412,CDG
68719481875,90194314413,CDG
68719481875,55834576871,CDG
68719481875,55834576872,CDG
68719481875,55834576870,CDG
68719481875,68719481878,CDG
68719481875,68719481879,CDG
68719481875,68719481880,CDG
68719481875,68719481876,CDG
68719481875,68719481877,CDG
68719481875,30064776420,CDG
68719481875,30064776425,CDG
68719481875,30064776426,CDG
68719481875,30064776421,CDG
68719481875,30064776422,CDG
68719481875,30064776423,CDG
68719481875,30064776424,CDG
68719481886,90194314415,CDG
68719481886,90194314416,CDG
68719481886,90194314417,CDG
68719481886,55834576874,CDG
68719481886,55834576875,CDG
68719481886,68719481890,CDG
68719481886,68719481891,CDG
68719481886,68719481892,CDG
68719481886,68719481893,CDG
68719481886,68719481887,CDG
68719481886,68719481888,CDG
68719481886,68719481889,CDG
68719481886,68719481894,CDG
68719481886,68719481895,CDG
68719481886,30064776433,CDG
68719481886,30064776434,CDG
68719481886,30064776435,CDG
68719481886,30064776436,CDG
68719481886,30064776431,CDG
68719481886,30064776432,CDG
68719481886,30064776437,CDG
68719481886,30064776438,CDG
68719481895,90194314418,CDG
68719481895,55834576876,CDG
68719481895,68719481896,CDG
68719481895,30064776439,CDG
68719481895,30064776440,CDG
68719481902,90194314421,CDG
68719481902,90194314422,CDG
68719481902,55834576883,CDG
68719481902,55834576884,CDG
68719481902,55834576885,CDG
68719481902,55834576879,CDG
68719481902,55834576881,CDG
68719481902,55834576882,CDG
68719481902,68719481910,CDG
68719481902,68719481906,CDG
68719481902,68719481907,CDG
68719481902,68719481908,CDG
68719481902,68719481909,CDG
68719481902,68719481903,CDG
68719481902,30064776449,CDG
68719481902,30064776452,CDG
68719481902,30064776448,CDG
68719481902,30064776457,CDG
68719481902,30064776458,CDG
68719481902,30064776459,CDG
68719481902,30064776460,CDG
68719481902,30064776453,CDG
68719481902,30064776454,CDG
68719481902,30064776455,CDG
68719481902,30064776456,CDG
68719481914,90194314424,CDG
68719481914,90194314425,CDG
68719481914,55834576887,CDG
68719481914,55834576889,CDG
68719481914,55834576890,CDG
68719481914,55834576891,CDG
68719481914,55834576892,CDG
68719481914,55834576893,CDG
68719481914,68719481915,CDG
68719481914,68719481922,CDG
68719481914,68719481918,CDG
68719481914,68719481919,CDG
68719481914,68719481920,CDG
68719481914,68719481921,CDG
68719481914,30064776465,CDG
68719481914,30064776468,CDG
68719481914,30064776464,CDG
68719481914,30064776473,CDG
68719481914,30064776474,CDG
68719481914,30064776475,CDG
68719481914,30064776476,CDG
68719481914,30064776469,CDG
68719481914,30064776470,CDG
68719481914,30064776471,CDG
68719481914,30064776472,CDG
68719481928,90194314427,CDG
68719481928,90194314428,CDG
68719481928,90194314429,CDG
68719481928,55834576895,CDG
68719481928,55834576896,CDG
68719481928,30064776481,CDG
68719481928,30064776482,CDG
68719481928,30064776483,CDG
68719481928,30064776484,CDG
68719481928,30064776485,CDG
68719481928,30064776486,CDG
68719481928,30064776487,CDG
68719481928,30064776488,CDG
68719481928,68719481930,CDG
68719481928,68719481931,CDG
68719481928,68719481932,CDG
68719481928,68719481933,CDG
68719481928,68719481929,CDG
68719481928,68719481934,CDG
68719481928,68719481935,CDG
68719481928,68719481936,CDG
68719481928,68719481937,CDG
68719481937,90194314430,CDG
68719481937,55834576897,CDG
68719481937,30064776489,CDG
68719481937,30064776490,CDG
68719481937,68719481938,CDG
68719481944,90194314433,CDG
68719481944,90194314434,CDG
68719481944,55834576900,CDG
68719481944,55834576901,CDG
68719481944,55834576902,CDG
68719481944,30064776498,CDG
68719481944,30064776499,CDG
68719481944,30064776500,CDG
68719481944,30064776501,CDG
68719481944,30064776502,CDG
68719481944,30064776503,CDG
68719481944,30064776504,CDG
68719481944,68719481946,CDG
68719481944,68719481947,CDG
68719481944,68719481948,CDG
68719481944,68719481949,CDG
68719481944,68719481945,CDG
68719481953,90194314436,CDG
68719481953,90194314437,CDG
68719481953,55834576904,CDG
68719481953,55834576905,CDG
68719481953,55834576906,CDG
68719481953,30064776508,CDG
68719481953,30064776513,CDG
68719481953,30064776514,CDG
68719481953,30064776509,CDG
68719481953,30064776510,CDG
68719481953,30064776511,CDG
68719481953,30064776512,CDG
68719481953,68719481954,CDG
68719481953,68719481955,CDG
68719481953,68719481956,CDG
68719481953,68719481957,CDG
68719481953,68719481958,CDG
68719481967,90194314441,CDG
68719481967,90194314442,CDG
68719481967,55834576911,CDG
68719481967,55834576912,CDG
68719481967,55834576913,CDG
68719481967,30064776529,CDG
68719481967,30064776530,CDG
68719481967,30064776531,CDG
68719481967,30064776532,CDG
68719481967,30064776527,CDG
68719481967,30064776528,CDG
68719481967,30064776533,CDG
68719481967,68719481970,CDG
68719481967,68719481971,CDG
68719481967,68719481972,CDG
68719481967,68719481968,CDG
68719481967,68719481969,CDG
68719481994,90194314469,CDG
68719481994,90194314470,CDG
68719481994,90194314452,CDG
68719481994,90194314453,CDG
68719481994,141733920888,CDG
68719481994,25769804676,CDG
68719481994,55834576927,CDG
68719481994,55834576928,CDG
68719481994,55834576929,CDG
68719481994,55834576930,CDG
68719481994,55834576943,CDG
68719481994,68719481995,CDG
68719481994,68719481996,CDG
68719481994,68719481997,CDG
68719481994,30064776605,CDG
68719481994,30064776606,CDG
68719481994,30064776607,CDG
68719481994,30064776608,CDG
68719481994,68719481998,CDG
68719481994,68719481999,CDG
68719481994,68719482000,CDG
68719481994,68719482001,CDG
68719481994,68719482042,CDG
68719481994,68719482038,CDG
68719481994,68719482039,CDG
68719481994,68719482040,CDG
68719481994,68719482041,CDG
68719481994,30064776561,CDG
68719481994,30064776562,CDG
68719481994,30064776563,CDG
68719481994,30064776564,CDG
68719481994,30064776558,CDG
68719481994,30064776559,CDG
68719481994,30064776560,CDG
68719481994,30064776603,CDG
68719481994,30064776604,CDG
68719482010,90194314458,CDG
68719482010,68719482011,CDG
68719482010,68719482012,CDG
68719482010,30064776578,CDG
68719482057,30064776628,CDG
68719482057,55834576948,CDG
68719482057,55834576949,CDG
68719482057,30064776633,CDG
68719482057,30064776634,CDG
68719482057,90194314474,CDG
68719482057,30064776629,CDG
68719482057,30064776630,CDG
68719482057,30064776631,CDG
68719482057,30064776632,CDG
68719482057,25769804695,CDG
68719482057,68719482058,CDG
68719482057,68719482059,CDG
68719482057,68719482060,CDG
68719482057,68719482061,CDG
68719482057,90194314475,CDG
68719482057,141733920889,CDG
68719482057,68719482062,CDG
68719482057,68719482063,CDG
68719482057,68719482064,CDG
68719482057,68719482065,CDG
68719482095,55834576956,CDG
68719482095,55834576957,CDG
68719482095,30064776673,CDG
68719482095,30064776674,CDG
68719482095,30064776670,CDG
68719482095,30064776671,CDG
68719482095,30064776672,CDG
68719482095,68719482098,CDG
68719482095,68719482099,CDG
68719482095,68719482096,CDG
68719482095,68719482097,CDG
68719482115,30064776689,CDG
68719482115,30064776690,CDG
68719482115,30064776691,CDG
68719482115,30064776692,CDG
68719482115,55834576962,CDG
68719482115,68719482116,CDG
68719482115,68719482117,CDG
68719482115,90194314495,CDG
68719482115,90194314492,CDG
68719482115,90194314493,CDG
68719482115,90194314494,CDG
68719482118,68719482138,CDG
68719482118,68719482139,CDG
68719482118,68719482140,CDG
68719482118,68719482141,CDG
68719482118,68719482134,CDG
68719482118,30064776749,CDG
68719482118,68719482135,CDG
68719482118,30064776750,CDG
68719482118,68719482136,CDG
68719482118,68719482137,CDG
68719482118,68719482146,CDG
68719482118,68719482147,CDG
68719482118,68719482148,CDG
68719482118,68719482149,CDG
68719482118,68719482142,CDG
68719482118,68719482143,CDG
68719482118,68719482144,CDG
68719482118,68719482145,CDG
68719482118,68719482122,CDG
68719482118,30064776737,CDG
68719482118,68719482123,CDG
68719482118,30064776738,CDG
68719482118,68719482124,CDG
68719482118,30064776739,CDG
68719482118,68719482125,CDG
68719482118,30064776740,CDG
68719482118,30064776733,CDG
68719482118,68719482119,CDG
68719482118,30064776734,CDG
68719482118,68719482120,CDG
68719482118,30064776735,CDG
68719482118,68719482121,CDG
68719482118,30064776736,CDG
68719482118,68719482130,CDG
68719482118,30064776745,CDG
68719482118,68719482131,CDG
68719482118,30064776746,CDG
68719482118,68719482132,CDG
68719482118,30064776747,CDG
68719482118,68719482133,CDG
68719482118,30064776748,CDG
68719482118,68719482126,CDG
68719482118,30064776741,CDG
68719482118,68719482127,CDG
68719482118,30064776742,CDG
68719482118,68719482128,CDG
68719482118,30064776743,CDG
68719482118,68719482129,CDG
68719482118,30064776744,CDG
68719482118,68719482154,CDG
68719482118,68719482150,CDG
68719482118,68719482151,CDG
68719482118,68719482152,CDG
68719482118,68719482153,CDG
68719482118,30064776697,CDG
68719482118,30064776698,CDG
68719482118,30064776699,CDG
68719482118,30064776700,CDG
68719482118,30064776693,CDG
68719482118,30064776694,CDG
68719482118,30064776695,CDG
68719482118,30064776696,CDG
68719482118,30064776721,CDG
68719482118,55834576983,CDG
68719482118,30064776722,CDG
68719482118,55834576984,CDG
68719482118,30064776723,CDG
68719482118,55834576985,CDG
68719482118,30064776724,CDG
68719482118,55834576986,CDG
68719482118,30064776717,CDG
68719482118,55834576979,CDG
68719482118,30064776718,CDG
68719482118,55834576980,CDG
68719482118,30064776719,CDG
68719482118,55834576981,CDG
68719482118,30064776720,CDG
68719482118,55834576982,CDG
68719482118,30064776729,CDG
68719482118,55834576991,CDG
68719482118,30064776730,CDG
68719482118,30064776731,CDG
68719482118,30064776732,CDG
68719482118,30064776725,CDG
68719482118,55834576987,CDG
68719482118,30064776726,CDG
68719482118,55834576988,CDG
68719482118,30064776727,CDG
68719482118,55834576989,CDG
68719482118,30064776728,CDG
68719482118,55834576990,CDG
68719482118,30064776705,CDG
68719482118,55834576967,CDG
68719482118,30064776706,CDG
68719482118,55834576968,CDG
68719482118,30064776707,CDG
68719482118,55834576969,CDG
68719482118,30064776708,CDG
68719482118,55834576970,CDG
68719482118,30064776701,CDG
68719482118,55834576963,CDG
68719482118,30064776702,CDG
68719482118,55834576964,CDG
68719482118,30064776703,CDG
68719482118,55834576965,CDG
68719482118,30064776704,CDG
68719482118,55834576966,CDG
68719482118,30064776713,CDG
68719482118,55834576975,CDG
68719482118,30064776714,CDG
68719482118,55834576976,CDG
68719482118,30064776715,CDG
68719482118,55834576977,CDG
68719482118,30064776716,CDG
68719482118,55834576978,CDG
68719482118,30064776709,CDG
68719482118,55834576971,CDG
68719482118,30064776710,CDG
68719482118,55834576972,CDG
68719482118,30064776711,CDG
68719482118,55834576973,CDG
68719482118,30064776712,CDG
68719482118,55834576974,CDG
68719482118,90194314505,CDG
68719482118,90194314506,CDG
68719482118,90194314507,CDG
68719482118,90194314508,CDG
68719482118,25769804712,CDG
68719482118,25769804709,CDG
68719482118,25769804710,CDG
68719482118,25769804711,CDG
68719482226,30064776817,CDG
68719482226,30064776818,CDG
68719482226,55834577011,CDG
68719482226,55834577012,CDG
68719482226,30064776815,CDG
68719482226,30064776816,CDG
68719482226,141733920893,CDG
68719482226,68719482230,CDG
68719482226,68719482231,CDG
68719482226,68719482227,CDG
68719482226,68719482228,CDG
68719482226,90194314521,CDG
68719482226,68719482229,CDG
68719482716,90194314623,CDG
68719482716,68719482717,CDG
68719482716,90194314622,CDG
68719482716,141733920906,CDG
68719482716,68719482722,CDG
68719482716,30064777307,CDG
68719482716,30064777308,CDG
68719482716,68719482718,CDG
68719482716,68719482719,CDG
68719482716,68719482720,CDG
68719482716,68719482721,CDG
68719482716,30064777309,CDG
68719482716,30064777310,CDG
68719482716,55834577197,CDG
68719482825,68719482826,CDG
68719483393,68719483394,CDG
68719483393,30064778042,CDG
68719483393,68719483395,CDG
68719483393,30064778043,CDG
68719483393,68719483396,CDG
68719483393,30064778044,CDG
68719483393,68719483397,CDG
68719483393,30064778049,CDG
68719483393,30064778050,CDG
68719483393,30064778051,CDG
68719483393,30064778045,CDG
68719483393,30064778046,CDG
68719483393,30064778047,CDG
68719483393,30064778048,CDG
68719483393,55834577423,CDG
68719483393,55834577424,CDG
68719483393,55834577421,CDG
68719483393,55834577422,CDG
68719483402,30064778065,CDG
68719483402,30064778061,CDG
68719483402,55834577427,CDG
68719483402,30064778062,CDG
68719483402,55834577428,CDG
68719483402,30064778063,CDG
68719483402,55834577429,CDG
68719483402,30064778064,CDG
68719483402,55834577430,CDG
68719483402,68719483403,CDG
68719483402,68719483404,CDG
68719483402,68719483405,CDG
68719483402,30064778057,CDG
68719483402,30064778058,CDG
68719483402,30064778059,CDG
68719483402,30064778060,CDG
68719483402,68719483406,CDG
68719483402,30064778056,CDG
68719483411,55834577433,CDG
68719483411,55834577434,CDG
68719483411,68719483414,CDG
68719483411,68719483415,CDG
68719483411,30064778073,CDG
68719483411,30064778074,CDG
68719483411,30064778075,CDG
68719483411,30064778076,CDG
68719483411,55834577435,CDG
68719483411,30064778070,CDG
68719483411,55834577436,CDG
68719483411,30064778071,CDG
68719483411,30064778072,CDG
68719483411,30064778077,CDG
68719483411,30064778078,CDG
68719483411,30064778079,CDG
68719483411,68719483412,CDG
68719483411,68719483413,CDG
68719483420,68719483421,CDG
68719483420,30064778093,CDG
68719483420,55834577439,CDG
68719483420,55834577440,CDG
68719483420,55834577441,CDG
68719483420,55834577442,CDG
68719483420,68719483422,CDG
68719483420,68719483423,CDG
68719483420,68719483424,CDG
68719483420,30064778084,CDG
68719483420,30064778089,CDG
68719483420,30064778090,CDG
68719483420,30064778091,CDG
68719483420,30064778092,CDG
68719483420,30064778085,CDG
68719483420,30064778086,CDG
68719483420,30064778087,CDG
68719483420,30064778088,CDG
68719483464,90194314811,CDG
68719483464,90194314812,CDG
68719483464,90194314799,CDG
68719483464,90194314800,CDG
68719483464,90194314801,CDG
68719483464,47244640615,CDG
68719483464,90194314802,CDG
68719483464,47244640616,CDG
68719483464,90194314795,CDG
68719483464,90194314796,CDG
68719483464,90194314797,CDG
68719483464,90194314798,CDG
68719483464,90194314807,CDG
68719483464,90194314808,CDG
68719483464,90194314809,CDG
68719483464,90194314810,CDG
68719483464,90194314803,CDG
68719483464,47244640617,CDG
68719483464,90194314804,CDG
68719483464,90194314805,CDG
68719483464,90194314806,CDG
68719483464,30064778145,CDG
68719483464,30064778146,CDG
68719483464,30064778147,CDG
68719483464,30064778148,CDG
68719483464,30064778141,CDG
68719483464,30064778142,CDG
68719483464,30064778143,CDG
68719483464,30064778144,CDG
68719483464,30064778153,CDG
68719483464,30064778149,CDG
68719483464,30064778150,CDG
68719483464,30064778151,CDG
68719483464,30064778152,CDG
68719483464,90194314791,CDG
68719483464,90194314792,CDG
68719483464,90194314793,CDG
68719483464,90194314794,CDG
68719483464,90194314789,CDG
68719483464,90194314790,CDG
68719483464,68719483482,CDG
68719483464,68719483483,CDG
68719483464,68719483484,CDG
68719483464,68719483485,CDG
68719483464,81604378624,CDG
68719483464,68719483478,CDG
68719483464,68719483479,CDG
68719483464,68719483480,CDG
68719483464,68719483481,CDG
68719483464,81604378625,CDG
68719483464,81604378626,CDG
68719483464,81604378627,CDG
68719483464,68719483466,CDG
68719483464,68719483467,CDG
68719483464,68719483468,CDG
68719483464,68719483469,CDG
68719483464,68719483465,CDG
68719483464,68719483474,CDG
68719483464,68719483475,CDG
68719483464,68719483476,CDG
68719483464,68719483477,CDG
68719483464,68719483470,CDG
68719483464,68719483471,CDG
68719483464,68719483472,CDG
68719483464,68719483473,CDG
68719483464,30064778130,CDG
68719483464,30064778131,CDG
68719483464,30064778132,CDG
68719483464,30064778137,CDG
68719483464,30064778138,CDG
68719483464,30064778139,CDG
68719483464,30064778140,CDG
68719483464,30064778133,CDG
68719483464,30064778134,CDG
68719483464,30064778135,CDG
68719483464,30064778136,CDG
68719484000,55834577626,CDG
68719484000,68719484002,CDG
68719484000,68719484001,CDG
68719484000,30064778665,CDG
68719484000,30064778666,CDG
68719484040,68719484042,CDG
68719484040,55834577641,CDG
68719484040,68719484041,CDG
68719484040,30064778703,CDG
68719484040,30064778704,CDG
68719484052,90194314939,CDG
68719484052,68719484053,CDG
68719484052,90194314938,CDG
68719484052,30064778716,CDG
68719484115,90194314960,CDG
68719484115,90194314961,CDG
68719484115,30064778784,CDG
68719484115,68719484116,CDG
68719484135,30064778805,CDG
68719484135,30064778806,CDG
68719484135,30064778807,CDG
68719484135,68719484138,CDG
68719484135,68719484139,CDG
68719484135,68719484140,CDG
68719484135,68719484136,CDG
68719484135,68719484137,CDG
68719484135,90194314968,CDG
68719484160,68719484182,CDG
68719484160,68719484183,CDG
68719484160,68719484184,CDG
68719484160,68719484180,CDG
68719484160,68719484181,CDG
68719484160,30064778789,CDG
68719484160,30064778790,CDG
68719484160,30064778791,CDG
68719484160,30064778833,CDG
68719484160,30064778834,CDG
68719484160,30064778835,CDG
68719484160,30064778836,CDG
68719484160,68719484122,CDG
68719484160,68719484123,CDG
68719484160,68719484124,CDG
68719484160,68719484162,CDG
68719484160,68719484163,CDG
68719484160,68719484164,CDG
68719484160,68719484161,CDG
68719484160,55834577684,CDG
68719484160,55834577685,CDG
68719484160,55834577667,CDG
68719484160,55834577679,CDG
68719484160,30064778849,CDG
68719484160,30064778850,CDG
68719484160,30064778851,CDG
68719484160,30064778852,CDG
68719484160,30064778848,CDG
68719484255,30064778930,CDG
68719484255,30064778931,CDG
68719484255,68719484256,CDG
68719484255,68719484257,CDG
68719484255,55834577711,CDG
68719484418,90194315042,CDG
68719484418,68719484419,CDG
68719484418,90194315043,CDG
68719484418,30064779111,CDG
68719484462,55834577781,CDG
68719484462,30064779161,CDG
68719484462,30064779160,CDG
68719484462,68719484463,CDG
68719484462,68719484464,CDG
68719484607,30064779321,CDG
68719484607,30064779322,CDG
68719484607,30064779323,CDG
68719484607,30064779324,CDG
68719484607,30064779320,CDG
68719484607,68719484610,CDG
68719484607,68719484612,CDG
68719484607,68719484613,CDG
68719484607,68719484608,CDG
68719484607,68719484609,CDG
68719484607,30064779325,CDG
68719484607,30064779326,CDG
68719484607,68719484614,CDG
68719484607,55834577837,CDG
68719484607,55834577838,CDG
68719484607,90194315103,CDG
68719484801,55834577919,CDG
68719484801,55834577920,CDG
68719484801,55834577921,CDG
68719484801,55834577918,CDG
68719484801,68719484810,CDG
68719484801,68719484806,CDG
68719484801,30064779549,CDG
68719484801,68719484807,CDG
68719484801,68719484808,CDG
68719484801,68719484809,CDG
68719484801,68719484802,CDG
68719484801,30064779545,CDG
68719484801,68719484803,CDG
68719484801,30064779546,CDG
68719484801,68719484804,CDG
68719484801,30064779547,CDG
68719484801,68719484805,CDG
68719484801,30064779548,CDG
68719484801,30064779541,CDG
68719484801,30064779542,CDG
68719484801,30064779543,CDG
68719484801,68719484801,CDG
68719484801,30064779544,CDG
68719484894,25769805164,CDG
68719484894,25769805165,CDG
68719484894,90194315176,CDG
68719484894,90194315177,CDG
68719484894,90194315178,CDG
68719484894,68719484898,CDG
68719484894,68719484899,CDG
68719484894,68719484900,CDG
68719484894,68719484901,CDG
68719484894,68719484895,CDG
68719484894,68719484896,CDG
68719484894,68719484897,CDG
68719484894,68719484923,CDG
68719484894,68719484924,CDG
68719484894,68719484918,CDG
68719484894,68719484919,CDG
68719484894,68719484920,CDG
68719484894,68719484906,CDG
68719484894,68719484907,CDG
68719484894,68719484908,CDG
68719484894,68719484909,CDG
68719484894,68719484902,CDG
68719484894,68719484903,CDG
68719484894,68719484904,CDG
68719484894,68719484905,CDG
68719484894,68719484914,CDG
68719484894,68719484915,CDG
68719484894,68719484916,CDG
68719484894,68719484917,CDG
68719484894,68719484910,CDG
68719484894,68719484911,CDG
68719484894,68719484912,CDG
68719484894,68719484913,CDG
68719484894,55834577943,CDG
68719484894,55834577944,CDG
68719484894,55834577945,CDG
68719484894,55834577946,CDG
68719484894,55834577942,CDG
68719484894,55834577951,CDG
68719484894,55834577952,CDG
68719484894,55834577953,CDG
68719484894,55834577954,CDG
68719484894,55834577947,CDG
68719484894,55834577948,CDG
68719484894,55834577949,CDG
68719484894,55834577950,CDG
68719484894,30064779633,CDG
68719484894,30064779634,CDG
68719484894,30064779635,CDG
68719484894,30064779636,CDG
68719484894,30064779631,CDG
68719484894,30064779632,CDG
68719484894,30064779641,CDG
68719484894,30064779642,CDG
68719484894,30064779643,CDG
68719484894,30064779644,CDG
68719484894,30064779637,CDG
68719484894,30064779638,CDG
68719484894,30064779639,CDG
68719484894,30064779640,CDG
68719484894,90194315183,CDG
68719484894,90194315184,CDG
68719484894,90194315185,CDG
68719484894,90194315179,CDG
68719484894,90194315180,CDG
68719484894,90194315181,CDG
68719484894,90194315182,CDG
68719484894,90194315188,CDG
68719484894,30064779666,CDG
68719484894,30064779667,CDG
68719484894,30064779661,CDG
68719484894,30064779662,CDG
68719484894,30064779649,CDG
68719484894,30064779650,CDG
68719484894,30064779651,CDG
68719484894,30064779652,CDG
68719484894,30064779645,CDG
68719484894,30064779646,CDG
68719484894,30064779647,CDG
68719484894,30064779648,CDG
68719484894,30064779657,CDG
68719484894,30064779658,CDG
68719484894,30064779659,CDG
68719484894,30064779660,CDG
68719484894,30064779653,CDG
68719484894,30064779654,CDG
68719484894,30064779655,CDG
68719484894,30064779656,CDG
68719484920,68719484921,CDG
68719484920,90194315186,CDG
68719484920,30064779663,CDG
68719484930,68719484938,CDG
68719484930,68719484939,CDG
68719484930,68719484934,CDG
68719484930,68719484935,CDG
68719484930,68719484936,CDG
68719484930,68719484937,CDG
68719484930,25769805166,CDG
68719484930,55834577959,CDG
68719484930,55834577960,CDG
68719484930,55834577961,CDG
68719484930,68719484931,CDG
68719484930,68719484932,CDG
68719484930,68719484933,CDG
68719484930,141733921007,CDG
68719484930,30064779681,CDG
68719484930,30064779682,CDG
68719484930,30064779677,CDG
68719484930,30064779678,CDG
68719484930,30064779679,CDG
68719484930,30064779680,CDG
68719484930,90194315192,CDG
68719484930,90194315193,CDG
68719484930,90194315194,CDG
68719484930,30064779674,CDG
68719484930,30064779675,CDG
68719484930,30064779676,CDG
68719485329,141733921036,CDG
68719485329,141733921037,CDG
68719485329,120259084522,CDG
68719485329,30064780129,CDG
68719485329,30064780125,CDG
68719485329,30064780126,CDG
68719485329,30064780127,CDG
68719485329,30064780128,CDG
68719485329,68719485330,CDG
68719485329,68719485331,CDG
68719485329,68719485332,CDG
68719485329,68719485333,CDG
68719485329,90194315301,CDG
68719485329,90194315302,CDG
68719485329,55834578129,CDG
68719485329,55834578130,CDG
68719485759,68719485762,CDG
68719485759,90194315367,CDG
68719485759,68719485763,CDG
68719485759,90194315368,CDG
68719485759,68719485764,CDG
68719485759,68719485765,CDG
68719485759,68719485760,CDG
68719485759,68719485761,CDG
68719485759,141733921048,CDG
68719485759,30064780553,CDG
68719485759,55834578319,CDG
68719485759,30064780554,CDG
68719485759,30064780551,CDG
68719485759,30064780552,CDG
68719486291,141733921063,CDG
68719486291,55834578516,CDG
68719486291,30064781081,CDG
68719486291,30064781078,CDG
68719486291,30064781079,CDG
68719486291,30064781080,CDG
68719486291,90194315504,CDG
68719486291,90194315505,CDG
68719486291,68719486294,CDG
68719486291,68719486295,CDG
68719486291,68719486296,CDG
68719486291,68719486297,CDG
68719486291,68719486292,CDG
68719486291,68719486293,CDG
68719486301,30064781105,CDG
68719486301,30064781106,CDG
68719486301,30064781101,CDG
68719486301,30064781102,CDG
68719486301,30064781103,CDG
68719486301,30064781104,CDG
68719486301,30064781089,CDG
68719486301,30064781090,CDG
68719486301,30064781091,CDG
68719486301,30064781092,CDG
68719486301,30064781086,CDG
68719486301,30064781087,CDG
68719486301,30064781088,CDG
68719486301,30064781097,CDG
68719486301,30064781098,CDG
68719486301,30064781099,CDG
68719486301,30064781100,CDG
68719486301,30064781093,CDG
68719486301,30064781094,CDG
68719486301,30064781095,CDG
68719486301,30064781096,CDG
68719486301,55834578519,CDG
68719486301,55834578520,CDG
68719486301,55834578521,CDG
68719486301,55834578522,CDG
68719486301,25769805356,CDG
68719486301,25769805357,CDG
68719486301,55834578517,CDG
68719486301,55834578518,CDG
68719486301,55834578523,CDG
68719486301,55834578524,CDG
68719486301,90194315511,CDG
68719486301,90194315512,CDG
68719486301,90194315508,CDG
68719486301,90194315509,CDG
68719486301,90194315510,CDG
68719486301,68719486301,CDG
68719486301,68719486306,CDG
68719486301,68719486307,CDG
68719486301,68719486308,CDG
68719486301,68719486309,CDG
68719486301,68719486302,CDG
68719486301,68719486303,CDG
68719486301,68719486304,CDG
68719486301,68719486305,CDG
68719486301,68719486314,CDG
68719486301,68719486315,CDG
68719486301,68719486316,CDG
68719486301,68719486317,CDG
68719486301,68719486310,CDG
68719486301,68719486311,CDG
68719486301,68719486312,CDG
68719486301,68719486313,CDG
68719486301,68719486318,CDG
68719486301,68719486319,CDG
68719486301,68719486320,CDG
68719486301,68719486321,CDG
68719487010,30064781810,CDG
68719487010,30064781811,CDG
68719487010,30064781812,CDG
68719487010,141733921097,CDG
68719487010,68719487011,CDG
68719487010,68719487012,CDG
68719487010,68719487013,CDG
68719487010,30064781813,CDG
68719487010,68719487014,CDG
68719487010,68719487015,CDG
68719487010,55834578820,CDG
68719487010,68719487016,CDG
68719487010,90194315636,CDG
68719487010,90194315637,CDG
68719487229,68719487230,CDG
68719487369,68719487388,CDG
68719487369,68719487389,CDG
68719487369,68719487382,CDG
68719487369,68719487390,CDG
68719487369,68719487391,CDG
68719487369,68719487370,CDG
68719487369,68719487371,CDG
68719487369,68719487372,CDG
68719487369,68719487373,CDG
68719487369,68719487378,CDG
68719487369,68719487379,CDG
68719487369,68719487380,CDG
68719487369,68719487381,CDG
68719487369,68719487374,CDG
68719487369,68719487375,CDG
68719487369,68719487376,CDG
68719487369,68719487377,CDG
68719487369,30064782172,CDG
68719487369,55834578951,CDG
68719487369,55834578952,CDG
68719487369,55834578953,CDG
68719487369,55834578956,CDG
68719487369,55834578957,CDG
68719487369,55834578958,CDG
68719487369,30064782193,CDG
68719487369,30064782189,CDG
68719487369,30064782190,CDG
68719487369,30064782191,CDG
68719487369,30064782192,CDG
68719487369,90194315721,CDG
68719487369,90194315722,CDG
68719487369,90194315715,CDG
68719487369,90194315716,CDG
68719487369,90194315717,CDG
68719487369,30064782177,CDG
68719487369,30064782178,CDG
68719487369,30064782179,CDG
68719487369,30064782180,CDG
68719487369,30064782173,CDG
68719487369,30064782174,CDG
68719487369,30064782175,CDG
68719487369,30064782176,CDG
68719487369,30064782181,CDG
68719487369,30064782182,CDG
68719487369,30064782183,CDG
68719487369,25769805498,CDG
68719487369,90194315723,CDG
68719487412,68719487413,CDG
68719487415,68719487418,CDG
68719487415,68719487416,CDG
68719487415,68719487417,CDG
68719487415,55834578980,CDG
68719487415,55834578981,CDG
68719487415,30064782229,CDG
68719487415,30064782230,CDG
68719487415,30064782231,CDG
68719487415,90194315724,CDG
68719487415,90194315725,CDG
68719487415,90194315726,CDG
68719487426,68719487427,CDG
68719487595,30064782417,CDG
68719487595,30064782413,CDG
68719487595,30064782414,CDG
68719487595,30064782415,CDG
68719487595,30064782416,CDG
68719487595,55834579038,CDG
68719487595,25769805537,CDG
68719487595,68719487596,CDG
68719487595,68719487597,CDG
68719487595,68719487602,CDG
68719487595,30064782410,CDG
68719487595,68719487603,CDG
68719487595,30064782411,CDG
68719487595,68719487604,CDG
68719487595,30064782412,CDG
68719487595,68719487598,CDG
68719487595,68719487599,CDG
68719487595,68719487600,CDG
68719487595,68719487601,CDG
68719487624,68719487625,CDG
68719487958,55834579205,CDG
68719487958,68719487959,CDG
68719487958,68719487960,CDG
68719487958,68719487961,CDG
68719487958,30064782825,CDG
68719487958,90194315831,CDG
68719487958,90194315832,CDG
68719487958,30064782823,CDG
68719487958,90194315829,CDG
68719487958,30064782824,CDG
68719487958,90194315830,CDG
68719487974,55834579216,CDG
68719487974,55834579217,CDG
68719487974,30064782851,CDG
68719487974,30064782852,CDG
68719487974,68719487975,CDG
68719487980,55834579221,CDG
68719487980,55834579222,CDG
68719487980,30064782861,CDG
68719487980,68719487981,CDG
68719487980,30064782860,CDG
68719488582,30064783505,CDG
68719488582,55834579482,CDG
68719488582,30064783504,CDG
68719488582,55834579483,CDG
68719488582,68719488583,CDG
68719488588,30064783513,CDG
68719488588,55834579487,CDG
68719488588,30064783514,CDG
68719488588,55834579488,CDG
68719488588,68719488589,CDG
68719489036,30064783981,CDG
68719489036,55834579657,CDG
68719489036,68719489037,CDG
68719489036,55834579658,CDG
68719489036,30064783980,CDG
68719489042,30064783989,CDG
68719489042,30064783990,CDG
68719489042,55834579663,CDG
68719489042,68719489043,CDG
68719489042,55834579662,CDG
68719489368,141733921195,CDG
68719489368,141733921196,CDG
68719489368,141733921197,CDG
68719489368,141733921198,CDG
68719489368,141733921194,CDG
68719489368,81604378629,CDG
68719489368,81604378630,CDG
68719489368,81604378631,CDG
68719489368,90194316202,CDG
68719489368,81604378632,CDG
68719489368,141733921199,CDG
68719489368,81604378628,CDG
68719489368,90194316207,CDG
68719489368,90194316208,CDG
68719489368,90194316209,CDG
68719489368,90194316210,CDG
68719489368,90194316203,CDG
68719489368,81604378633,CDG
68719489368,90194316204,CDG
68719489368,90194316205,CDG
68719489368,90194316206,CDG
68719489368,90194316211,CDG
68719489368,90194316212,CDG
68719489524,68719489526,CDG
68719489524,68719489525,CDG
68719489524,55834579843,CDG
68719489524,30064784483,CDG
68719489524,30064784484,CDG
68719489524,30064784485,CDG
68719489524,90194316243,CDG
68719489524,90194316244,CDG
68719489524,90194316245,CDG
68719489524,90194316246,CDG
68719489532,90194316251,CDG
68719489540,68719489541,CDG
68719489540,30064784503,CDG
68719489552,68719489554,CDG
68719489552,68719489553,CDG
68719489552,30064784513,CDG
68719489552,30064784514,CDG
68719489552,90194316263,CDG
68719489552,90194316264,CDG
68719489556,68719489562,CDG
68719489556,68719489563,CDG
68719489556,68719489564,CDG
68719489556,68719489558,CDG
68719489556,68719489559,CDG
68719489556,68719489560,CDG
68719489556,68719489561,CDG
68719489556,68719489557,CDG
68719489556,55834579850,CDG
68719489556,55834579851,CDG
68719489556,55834579852,CDG
68719489556,30064784525,CDG
68719489556,30064784526,CDG
68719489556,30064784527,CDG
68719489556,30064784521,CDG
68719489556,30064784522,CDG
68719489556,30064784523,CDG
68719489556,30064784524,CDG
68719489556,30064784517,CDG
68719489556,30064784518,CDG
68719489556,30064784519,CDG
68719489556,30064784520,CDG
68719489556,90194316267,CDG
68719489556,90194316268,CDG
68719489556,90194316269,CDG
68719489556,90194316265,CDG
68719489556,90194316266,CDG
68719489645,68719489658,CDG
68719489645,68719489659,CDG
68719489645,68719489660,CDG
68719489645,68719489661,CDG
68719489645,68719489654,CDG
68719489645,68719489655,CDG
68719489645,68719489656,CDG
68719489645,68719489657,CDG
68719489645,68719489662,CDG
68719489645,68719489650,CDG
68719489645,68719489651,CDG
68719489645,68719489652,CDG
68719489645,68719489653,CDG
68719489645,68719489646,CDG
68719489645,68719489647,CDG
68719489645,68719489648,CDG
68719489645,68719489649,CDG
68719489645,25769805844,CDG
68719489645,55834579895,CDG
68719489645,55834579896,CDG
68719489645,55834579897,CDG
68719489645,55834579898,CDG
68719489645,55834579903,CDG
68719489645,55834579904,CDG
68719489645,55834579899,CDG
68719489645,55834579900,CDG
68719489645,55834579901,CDG
68719489645,55834579902,CDG
68719489645,30064784625,CDG
68719489645,30064784626,CDG
68719489645,30064784627,CDG
68719489645,30064784628,CDG
68719489645,30064784621,CDG
68719489645,30064784622,CDG
68719489645,30064784623,CDG
68719489645,30064784624,CDG
68719489645,30064784633,CDG
68719489645,30064784634,CDG
68719489645,30064784635,CDG
68719489645,30064784636,CDG
68719489645,30064784629,CDG
68719489645,30064784630,CDG
68719489645,30064784631,CDG
68719489645,30064784632,CDG
68719489645,30064784618,CDG
68719489645,30064784619,CDG
68719489645,30064784620,CDG
68719489645,30064784637,CDG
68719489645,90194316287,CDG
68719489645,90194316283,CDG
68719489645,90194316284,CDG
68719489645,90194316285,CDG
68719489645,90194316286,CDG
68719489645,90194316282,CDG
68719489692,68719489693,CDG
68719489692,30064784678,CDG
68719489692,30064784679,CDG
68719489692,55834579917,CDG
68719489692,55834579918,CDG
68719489698,30064784687,CDG
68719489698,30064784688,CDG
68719489698,68719489699,CDG
68719489698,55834579923,CDG
68719489698,55834579922,CDG
68719489750,55834579947,CDG
68719489750,55834579948,CDG
68719489750,90194316320,CDG
68719489750,90194316321,CDG
68719489750,90194316322,CDG
68719489750,90194316323,CDG
68719489750,68719489754,CDG
68719489750,30064784753,CDG
68719489750,68719489755,CDG
68719489750,68719489756,CDG
68719489750,68719489757,CDG
68719489750,68719489751,CDG
68719489750,30064784750,CDG
68719489750,68719489752,CDG
68719489750,30064784751,CDG
68719489750,68719489753,CDG
68719489750,30064784752,CDG
68719489750,141733921210,CDG
68719489750,68719489771,CDG
68719489750,30064784775,CDG
90194315090,68719484570,CDG
90194315090,68719484566,CDG
90194315090,68719484567,CDG
90194315090,68719484568,CDG
90194315090,68719484569,CDG
90194315090,55834577827,CDG
90194315090,55834577828,CDG
90194315090,30064779281,CDG
90194315090,30064779278,CDG
90194315090,30064779279,CDG
90194315090,30064779280,CDG
90194315090,141733920987,CDG
90194315090,141733920986,CDG
90194315090,90194315091,CDG
90194315090,90194315092,CDG
90194315090,90194315093,CDG
90194315104,30064779329,CDG
90194315104,30064779330,CDG
90194315104,30064779331,CDG
90194315104,30064779332,CDG
90194315104,30064779333,CDG
90194315104,68719484618,CDG
90194315104,68719484619,CDG
90194315104,68719484620,CDG
90194315104,68719484616,CDG
90194315104,68719484617,CDG
90194315104,55834577841,CDG
90194315104,55834577842,CDG
90194315104,90194315105,CDG
90194315104,90194315106,CDG
90194315104,90194315107,CDG
90194315104,90194315108,CDG
90194315104,141733920990,CDG
90194315104,141733920991,CDG
90194315112,30064779373,CDG
90194315112,30064779374,CDG
90194315112,68719484642,CDG
90194315112,55834577855,CDG
90194315112,68719484643,CDG
90194315112,55834577856,CDG
90194315112,68719484644,CDG
90194315112,55834577857,CDG
90194315112,68719484645,CDG
90194315112,55834577858,CDG
90194315112,68719484640,CDG
90194315112,68719484641,CDG
90194315112,55834577854,CDG
90194315112,30064779361,CDG
90194315112,30064779362,CDG
90194315112,30064779363,CDG
90194315112,30064779364,CDG
90194315112,30064779359,CDG
90194315112,30064779360,CDG
90194315112,30064779369,CDG
90194315112,30064779370,CDG
90194315112,30064779371,CDG
90194315112,30064779372,CDG
90194315112,30064779365,CDG
90194315112,30064779366,CDG
90194315112,30064779367,CDG
90194315112,30064779368,CDG
90194315112,90194315113,CDG
90194315112,90194315114,CDG
90194315112,68719484650,CDG
90194315112,68719484651,CDG
90194315112,68719484652,CDG
90194315112,68719484653,CDG
90194315112,68719484646,CDG
90194315112,55834577859,CDG
90194315112,68719484647,CDG
90194315112,68719484648,CDG
90194315112,68719484649,CDG
90194315112,25769805094,CDG
90194315112,25769805095,CDG
90194315123,30064779410,CDG
90194315123,30064779411,CDG
90194315123,30064779412,CDG
90194315123,55834577871,CDG
90194315123,141733920995,CDG
90194315123,55834577872,CDG
90194315123,141733920996,CDG
90194315123,68719484686,CDG
90194315123,68719484687,CDG
90194315123,90194315124,CDG
90194315123,68719484688,CDG
90194315123,90194315125,CDG
90194315123,68719484689,CDG
