21474836480,107374182401,REF
21474836481,107374182403,REF
21474836482,107374182404,REF
21474836483,107374182405,REF
21474836484,107374182406,REF
21474836485,107374182407,REF
21474836486,107374182408,REF
21474836487,107374182409,REF
21474836488,107374182410,REF
21474836489,107374182402,REF
21474836490,107374182400,REF
21474836491,107374182412,REF
21474836492,107374182413,REF
21474836493,107374182414,REF
21474836494,107374182411,REF
21474836495,107374182416,REF
21474836496,107374182417,REF
21474836497,107374182418,REF
21474836498,107374182419,REF
21474836499,107374182420,REF
21474836500,107374182421,REF
21474836501,107374182422,REF
21474836502,107374182423,REF
21474836503,107374182424,REF
21474836504,107374182425,REF
21474836505,107374182426,REF
21474836506,107374182427,REF
21474836507,107374182428,REF
21474836508,107374182429,REF
21474836509,107374182430,REF
21474836510,107374182431,REF
21474836511,107374182432,REF
21474836512,107374182415,REF
21474836513,107374182435,REF
21474836514,107374182434,REF
21474836515,107374182438,REF
21474836516,107374182437,REF
21474836517,107374182439,REF
21474836518,107374182436,REF
21474836519,107374182440,REF
21474836520,107374182433,REF
21474836521,107374182442,REF
21474836522,107374182443,REF
21474836523,107374182444,REF
21474836524,107374182445,REF
21474836525,107374182441,REF
21474836526,107374182447,REF
21474836527,107374182448,REF
21474836528,107374182446,REF
21474836529,107374182450,REF
21474836530,107374182451,REF
21474836531,107374182452,REF
21474836532,107374182453,REF
21474836533,107374182449,REF
21474836534,107374182455,REF
21474836535,107374182457,REF
21474836536,107374182458,REF
21474836537,107374182459,REF
21474836538,107374182460,REF
21474836539,107374182461,REF
21474836540,107374182462,REF
21474836541,107374182463,REF
21474836542,107374182464,REF
21474836543,107374182465,REF
21474836544,107374182466,REF
21474836545,107374182467,REF
21474836546,107374182468,REF
21474836547,107374182469,REF
21474836548,107374182470,REF
21474836549,107374182471,REF
21474836550,107374182472,REF
21474836551,107374182473,REF
21474836552,107374182474,REF
21474836553,107374182476,REF
21474836554,107374182477,REF
21474836555,107374182478,REF
21474836556,107374182475,REF
21474836557,107374182456,REF
21474836558,107374182454,REF
21474836559,107374182480,REF
21474836560,107374182481,REF
21474836561,107374182482,REF
21474836562,107374182479,REF
21474836563,107374182484,REF
21474836564,107374182485,REF
21474836565,107374182486,REF
21474836566,107374182483,REF
21474836567,107374182488,REF
21474836568,107374182489,REF
21474836569,107374182490,REF
21474836570,107374182487,REF
21474836571,107374182492,REF
21474836572,107374182491,REF
21474836573,107374182494,REF
21474836574,107374182493,REF
21474836575,107374182496,REF
21474836576,107374182497,REF
21474836577,107374182498,REF
21474836578,107374182499,REF
21474836579,107374182495,REF
21474836580,107374182501,REF
21474836581,107374182500,REF
21474836582,107374182503,REF
21474836583,107374182504,REF
21474836584,107374182505,REF
21474836585,107374182506,REF
21474836586,107374182507,REF
21474836587,107374182508,REF
21474836588,107374182509,REF
21474836589,107374182510,REF
21474836590,107374182511,REF
21474836591,107374182512,REF
21474836592,107374182513,REF
21474836593,107374182514,REF
21474836594,107374182515,REF
21474836595,107374182516,REF
21474836596,107374182517,REF
21474836597,107374182518,REF
21474836598,107374182519,REF
21474836599,107374182520,REF
21474836600,107374182521,REF
21474836601,107374182522,REF
21474836602,107374182523,REF
21474836603,107374182524,REF
21474836604,107374182525,REF
21474836605,107374182526,REF
21474836606,107374182527,REF
21474836607,107374182528,REF
21474836608,107374182502,REF
21474836609,107374182530,REF
21474836610,107374182531,REF
21474836611,107374182532,REF
21474836612,107374182533,REF
21474836613,107374182529,REF
21474836614,107374182535,REF
21474836615,107374182534,REF
21474836616,107374182536,REF
21474836617,107374182538,REF
21474836618,107374182539,REF
21474836619,107374182537,REF
21474836620,107374182540,REF
21474836621,107374182542,REF
21474836622,107374182543,REF
21474836623,107374182541,REF
21474836624,107374182545,REF
21474836625,107374182546,REF
21474836626,107374182547,REF
21474836627,107374182548,REF
21474836628,107374182549,REF
21474836629,107374182550,REF
21474836630,107374182551,REF
21474836631,107374182552,REF
21474836632,107374182553,REF
21474836633,107374182554,REF
21474836634,107374182555,REF
21474836635,107374182556,REF
21474836636,107374182544,REF
21474836637,107374182558,REF
21474836638,107374182559,REF
21474836639,107374182560,REF
21474836640,107374182557,REF
21474836641,107374182561,REF
21474836642,107374182563,REF
21474836643,107374182564,REF
21474836644,107374182565,REF
21474836645,107374182562,REF
21474836646,107374182567,REF
21474836647,107374182568,REF
21474836648,107374182569,REF
21474836649,107374182570,REF
21474836650,107374182571,REF
21474836651,107374182572,REF
21474836652,107374182566,REF
21474836653,107374182574,REF
21474836654,107374182575,REF
21474836655,107374182576,REF
21474836656,107374182577,REF
21474836657,107374182578,REF
21474836658,107374182579,REF
21474836659,107374182580,REF
21474836660,107374182581,REF
21474836661,107374182583,REF
21474836662,107374182582,REF
21474836663,107374182573,REF
21474836664,107374182585,REF
21474836665,107374182586,REF
21474836666,107374182587,REF
21474836667,107374182588,REF
21474836668,107374182589,REF
21474836669,107374182590,REF
21474836670,107374182591,REF
21474836671,107374182584,REF
21474836672,107374182593,REF
21474836673,107374182594,REF
21474836674,107374182595,REF
21474836675,107374182592,REF
21474836676,107374182597,REF
21474836677,107374182596,REF
21474836678,107374182599,REF
21474836679,107374182600,REF
21474836680,107374182601,REF
21474836681,107374182602,REF
21474836682,107374182603,REF
21474836683,107374182604,REF
21474836684,107374182605,REF
21474836685,107374182606,REF
21474836686,107374182607,REF
21474836687,107374182608,REF
21474836688,107374182609,REF
21474836689,107374182610,REF
21474836690,107374182611,REF
21474836691,107374182598,REF
21474836692,107374182613,REF
21474836693,107374182614,REF
21474836694,107374182615,REF
21474836695,107374182616,REF
21474836696,107374182618,REF
21474836697,107374182619,REF
21474836698,107374182620,REF
21474836699,107374182621,REF
21474836700,107374182622,REF
21474836701,107374182623,REF
21474836702,107374182624,REF
21474836703,107374182625,REF
21474836704,107374182626,REF
21474836705,107374182627,REF
21474836706,107374182628,REF
21474836707,107374182629,REF
21474836708,107374182630,REF
21474836709,107374182631,REF
21474836710,107374182632,REF
21474836711,107374182633,REF
21474836712,107374182634,REF
21474836713,107374182635,REF
21474836714,107374182636,REF
21474836715,107374182637,REF
21474836716,107374182617,REF
21474836717,107374182612,REF
21474836718,107374182639,REF
21474836719,107374182640,REF
21474836720,107374182641,REF
21474836721,107374182642,REF
21474836722,107374182643,REF
21474836723,107374182644,REF
21474836724,107374182645,REF
21474836725,107374182638,REF
21474836726,107374182647,REF
21474836727,107374182649,REF
21474836728,107374182650,REF
21474836729,107374182648,REF
21474836730,107374182646,REF
21474836731,107374182652,REF
21474836732,107374182654,REF
21474836733,107374182655,REF
21474836734,107374182656,REF
21474836735,107374182657,REF
21474836736,107374182658,REF
21474836737,107374182659,REF
21474836738,107374182660,REF
21474836739,107374182661,REF
21474836740,107374182653,REF
21474836741,107374182651,REF
21474836742,107374182663,REF
21474836743,107374182665,REF
21474836744,107374182666,REF
21474836745,107374182667,REF
21474836746,107374182668,REF
21474836747,107374182669,REF
21474836748,107374182670,REF
21474836749,107374182671,REF
21474836750,107374182672,REF
21474836751,107374182664,REF
21474836752,107374182662,REF
21474836753,107374182674,REF
21474836754,107374182676,REF
21474836755,107374182677,REF
21474836756,107374182675,REF
21474836757,107374182673,REF
21474836758,107374182679,REF
21474836759,107374182681,REF
21474836760,107374182680,REF
21474836761,107374182678,REF
21474836762,107374182683,REF
21474836763,107374182685,REF
21474836764,107374182684,REF
21474836765,107374182682,REF
21474836766,107374182687,REF
21474836767,107374182689,REF
21474836768,107374182690,REF
21474836769,107374182688,REF
21474836770,107374182686,REF
21474836771,107374182692,REF
21474836772,107374182693,REF
21474836773,107374182694,REF
21474836774,107374182691,REF
21474836775,107374182696,REF
21474836776,107374182698,REF
21474836777,107374182697,REF
21474836778,107374182695,REF
21474836779,107374182699,REF
21474836780,107374182701,REF
21474836781,107374182702,REF
21474836782,107374182703,REF
21474836783,107374182704,REF
21474836784,107374182705,REF
21474836785,107374182706,REF
21474836786,107374182707,REF
21474836787,107374182708,REF
21474836788,107374182709,REF
21474836789,107374182711,REF
21474836790,107374182712,REF
21474836791,107374182713,REF
21474836792,107374182710,REF
21474836793,107374182714,REF
21474836794,107374182715,REF
21474836795,107374182716,REF
21474836796,107374182717,REF
21474836797,107374182718,REF
21474836798,107374182719,REF
21474836799,107374182720,REF
21474836800,107374182722,REF
21474836801,107374182721,REF
21474836802,107374182700,REF
21474836803,107374182724,REF
21474836804,107374182725,REF
21474836805,107374182726,REF
21474836806,107374182727,REF
21474836807,107374182728,REF
21474836808,107374182729,REF
21474836809,107374182730,REF
21474836810,107374182731,REF
21474836811,107374182732,REF
21474836812,107374182723,REF
21474836813,107374182734,REF
21474836814,107374182735,REF
21474836815,107374182736,REF
21474836816,107374182737,REF
21474836817,107374182738,REF
21474836818,107374182739,REF
21474836819,107374182740,REF
21474836820,107374182733,REF
21474836821,107374182742,REF
21474836822,107374182743,REF
21474836823,107374182745,REF
21474836824,107374182746,REF
21474836825,107374182744,REF
21474836826,107374182741,REF
21474836827,107374182748,REF
21474836828,107374182749,REF
21474836829,107374182750,REF
21474836830,107374182747,REF
21474836831,107374182752,REF
21474836832,107374182753,REF
21474836833,107374182754,REF
21474836834,107374182755,REF
21474836835,107374182756,REF
21474836836,107374182751,REF
21474836837,107374182758,REF
21474836838,107374182759,REF
21474836839,107374182760,REF
21474836840,107374182761,REF
21474836841,107374182762,REF
21474836842,107374182763,REF
21474836843,107374182764,REF
21474836844,107374182765,REF
21474836845,107374182766,REF
21474836846,107374182767,REF
21474836847,107374182768,REF
21474836848,107374182769,REF
21474836849,107374182770,REF
21474836850,107374182771,REF
21474836851,107374182757,REF
21474836852,107374182773,REF
21474836853,107374182774,REF
21474836854,107374182775,REF
21474836855,107374182776,REF
21474836856,107374182777,REF
21474836857,107374182778,REF
21474836858,107374182779,REF
21474836859,107374182780,REF
21474836860,107374182781,REF
21474836861,107374182772,REF
21474836862,107374182783,REF
21474836863,107374182784,REF
21474836864,107374182785,REF
21474836865,107374182786,REF
21474836866,107374182788,REF
21474836867,107374182787,REF
21474836868,107374182789,REF
21474836869,107374182790,REF
21474836870,107374182791,REF
21474836871,107374182782,REF
21474836872,107374182792,REF
21474836873,107374182794,REF
21474836874,107374182795,REF
21474836875,107374182797,REF
21474836876,107374182798,REF
21474836877,107374182799,REF
21474836878,107374182800,REF
21474836879,107374182801,REF
21474836880,107374182802,REF
21474836881,107374182796,REF
21474836882,107374182793,REF
21474836883,107374182804,REF
21474836884,107374182806,REF
21474836885,107374182807,REF
21474836886,107374182805,REF
21474836887,107374182803,REF
21474836888,107374182809,REF
21474836889,107374182810,REF
21474836890,107374182812,REF
21474836891,107374182813,REF
21474836892,107374182814,REF
21474836893,107374182815,REF
21474836894,107374182816,REF
21474836895,107374182817,REF
21474836896,107374182811,REF
21474836897,107374182808,REF
21474836898,107374182819,REF
21474836899,107374182820,REF
21474836900,107374182822,REF
21474836901,107374182824,REF
21474836902,107374182823,REF
21474836903,107374182821,REF
21474836904,107374182818,REF
21474836905,107374182825,REF
21474836906,107374182827,REF
21474836907,107374182829,REF
21474836908,107374182830,REF
21474836909,107374182828,REF
21474836910,107374182826,REF
21474836911,107374182832,REF
21474836912,107374182833,REF
21474836913,107374182834,REF
21474836914,107374182835,REF
21474836915,107374182836,REF
21474836916,107374182837,REF
21474836917,107374182831,REF
21474836918,107374182839,REF
21474836919,107374182841,REF
21474836920,107374182842,REF
21474836921,107374182840,REF
21474836922,107374182843,REF
21474836923,107374182838,REF
21474836924,107374182845,REF
21474836925,107374182846,REF
21474836926,107374182847,REF
21474836927,107374182848,REF
21474836928,107374182849,REF
21474836929,107374182850,REF
21474836930,107374182851,REF
21474836931,107374182852,REF
21474836932,107374182844,REF
21474836933,107374182854,REF
21474836934,107374182855,REF
21474836935,107374182856,REF
21474836936,107374182853,REF
21474836937,107374182858,REF
21474836938,107374182859,REF
21474836939,107374182860,REF
21474836940,107374182861,REF
21474836941,107374182862,REF
21474836942,107374182857,REF
21474836943,107374182864,REF
21474836944,107374182866,REF
21474836945,107374182867,REF
21474836946,107374182865,REF
21474836947,107374182868,REF
21474836948,107374182863,REF
21474836949,107374182870,REF
21474836950,107374182871,REF
21474836951,107374182872,REF
21474836952,107374182873,REF
21474836953,107374182874,REF
21474836954,107374182875,REF
21474836955,107374182876,REF
21474836956,107374182869,REF
21474836957,107374182878,REF
21474836958,107374182879,REF
21474836959,107374182880,REF
21474836960,107374182877,REF
21474836961,107374182882,REF
21474836962,107374182883,REF
21474836963,107374182884,REF
21474836964,107374182885,REF
21474836965,107374182881,REF
21474836966,107374182887,REF
21474836967,107374182889,REF
21474836968,107374182890,REF
21474836969,107374182888,REF
21474836970,107374182891,REF
21474836971,107374182886,REF
21474836972,107374182893,REF
21474836973,107374182894,REF
21474836974,107374182895,REF
21474836975,107374182896,REF
21474836976,107374182897,REF
21474836977,107374182898,REF
21474836978,107374182899,REF
21474836979,107374182892,REF
21474836980,107374182901,REF
21474836981,107374182902,REF
21474836982,107374182903,REF
21474836983,107374182900,REF
21474836984,107374182905,REF
21474836985,107374182907,REF
21474836986,107374182908,REF
21474836987,107374182906,REF
21474836988,107374182909,REF
21474836989,107374182904,REF
21474836990,107374182911,REF
21474836991,107374182912,REF
21474836992,107374182913,REF
21474836993,107374182914,REF
21474836994,107374182915,REF
21474836995,107374182910,REF
21474836996,107374182917,REF
21474836997,107374182918,REF
21474836998,107374182919,REF
21474836999,107374182920,REF
21474837000,107374182921,REF
21474837001,107374182916,REF
21474837002,107374182922,REF
21474837003,107374182923,REF
21474837004,107374182924,REF
21474837005,107374182925,REF
21474837006,107374182926,REF
21474837007,107374182927,REF
21474837008,107374182928,REF
21474837009,107374182929,REF
21474837010,107374182930,REF
21474837011,107374182931,REF
21474837012,107374182932,REF
21474837013,107374182933,REF
21474837014,107374182934,REF
21474837015,107374182935,REF
21474837016,107374182936,REF
21474837017,107374182937,REF
21474837018,107374182938,REF
21474837019,107374182939,REF
21474837020,107374182940,REF
21474837021,107374182941,REF
21474837022,107374182942,REF
21474837023,107374182943,REF
21474837024,107374182944,REF
21474837025,107374182945,REF
21474837026,107374182946,REF
21474837027,107374182947,REF
21474837028,107374182948,REF
21474837029,107374182949,REF
21474837030,107374182950,REF
21474837031,107374182951,REF
21474837032,107374182952,REF
21474837033,107374182953,REF
21474837034,107374182954,REF
21474837035,107374182955,REF
21474837036,107374182957,REF
21474837037,107374182958,REF
21474837038,107374182959,REF
21474837039,107374182960,REF
21474837040,107374182961,REF
21474837041,107374182962,REF
21474837042,107374182956,REF
21474837043,107374182963,REF
21474837044,107374182964,REF
21474837045,107374182965,REF
21474837046,107374182966,REF
21474837047,107374182967,REF
21474837048,107374182968,REF
21474837049,107374182969,REF
21474837050,107374182970,REF
21474837051,107374182971,REF
21474837052,107374182972,REF
21474837053,107374182973,REF
21474837054,107374182974,REF
21474837055,107374182975,REF
21474837056,107374182976,REF
21474837057,107374182977,REF
21474837058,107374182978,REF
21474837059,107374182979,REF
21474837060,107374182980,REF
21474837061,107374182982,REF
21474837062,107374182983,REF
21474837063,107374182984,REF
21474837064,107374182985,REF
21474837065,107374182986,REF
21474837066,107374182981,REF
34359738368,94489280571,REF
34359738369,94489280590,REF
34359738370,94489280520,REF
34359738371,94489280596,REF
34359738372,94489280519,REF
34359738373,94489280603,REF
34359738374,94489280518,REF
34359738375,94489280610,REF
34359738376,94489280517,REF
34359738377,94489280612,REF
34359738378,94489280516,REF
34359738379,94489280614,REF
34359738380,94489280515,REF
34359738381,94489280620,REF
34359738382,94489280514,REF
34359738383,94489280620,REF
34359738384,94489280620,REF
34359738385,94489280637,REF
34359738386,94489280637,REF
34359738387,94489280636,REF
34359738388,94489280692,REF
34359738389,94489280691,REF
34359738390,94489280690,REF
34359738391,94489280687,REF
34359738392,94489280686,REF
34359738393,94489280685,REF
34359738394,94489280684,REF
34359738395,94489280688,REF
34359738396,94489280689,REF
34359738397,94489280683,REF
34359738398,94489280682,REF
34359738399,94489280681,REF
34359738400,94489280680,REF
34359738401,94489280679,REF
34359738402,94489280678,REF
34359738403,94489280677,REF
34359738404,94489280676,REF
34359738405,94489280961,REF
34359738406,94489280993,REF
34359738407,94489280992,REF
34359738408,94489280991,REF
34359738409,94489280990,REF
34359738410,94489280989,REF
34359738411,94489280988,REF
34359738412,94489280986,REF
34359738413,94489281052,REF
34359738414,94489280982,REF
34359738415,94489280961,REF
34359738416,94489281068,REF
34359738417,94489281068,REF
34359738418,94489281068,REF
34359738419,94489281067,REF
34359738420,94489281129,REF
34359738421,94489281128,REF
34359738422,94489281159,REF
34359738423,94489281159,REF
34359738424,94489281159,REF
34359738425,94489281158,REF
34359738426,94489281297,REF
34359738427,94489281216,REF
34359738428,94489281299,REF
34359738429,94489281215,REF
34359738430,94489281301,REF
34359738431,94489281214,REF
34359738432,94489281303,REF
34359738433,94489281213,REF
34359738434,94489281312,REF
34359738435,94489281221,REF
34359738436,94489281318,REF
34359738437,94489281220,REF
34359738438,94489281324,REF
34359738439,94489281212,REF
34359738440,94489281330,REF
34359738441,94489281211,REF
34359738442,94489281336,REF
34359738443,94489281219,REF
34359738444,94489281336,REF
34359738445,94489281346,REF
34359738446,94489281217,REF
34359738447,94489281346,REF
34359738448,94489281356,REF
34359738449,94489281218,REF
34359738450,94489281356,REF
34359738451,94489281356,REF
34359738452,94489281371,REF
34359738453,94489281371,REF
34359738454,94489281371,REF
34359738455,94489281370,REF
34359738456,94489281424,REF
34359738457,94489281424,REF
34359738458,94489281424,REF
34359738459,94489281423,REF
34359738460,94489281477,REF
34359738461,94489281477,REF
34359738462,94489281477,REF
34359738463,94489281476,REF
34359738464,94489281528,REF
34359738465,94489281541,REF
34359738466,94489281542,REF
34359738467,94489281540,REF
34359738468,94489281555,REF
34359738469,94489281556,REF
34359738470,94489281555,REF
34359738471,94489281574,REF
34359738472,94489281554,REF
34359738473,94489281583,REF
34359738474,94489281584,REF
34359738475,94489281582,REF
34359738476,94489281596,REF
34359738477,94489281596,REF
34359738478,94489281596,REF
34359738479,94489281596,REF
34359738480,94489281596,REF
34359738481,94489281596,REF
34359738482,94489281596,REF
34359738483,94489281596,REF
34359738484,94489281596,REF
34359738485,94489281596,REF
34359738486,94489281596,REF
34359738487,94489281596,REF
34359738488,94489281596,REF
34359738489,94489281621,REF
34359738490,94489281596,REF
34359738491,94489281596,REF
34359738492,94489281596,REF
34359738493,94489281596,REF
34359738494,94489281626,REF
34359738495,94489281596,REF
34359738496,94489281596,REF
34359738497,94489281596,REF
34359738498,94489281596,REF
34359738499,94489281603,REF
34359738500,94489281596,REF
34359738501,94489281597,REF
34359738502,94489281598,REF
34359738503,94489281596,REF
34359738504,94489281845,REF
34359738505,94489281833,REF
34359738506,94489281843,REF
34359738507,94489281832,REF
34359738508,94489281830,REF
34359738509,94489281829,REF
34359738510,94489281828,REF
34359738511,94489281827,REF
34359738512,94489281895,REF
34359738513,94489281913,REF
34359738514,94489281917,REF
34359738515,94489281910,REF
34359738516,94489281909,REF
34359738517,94489281989,REF
34359738518,94489281920,REF
34359738519,94489281967,REF
34359738520,94489281965,REF
34359738521,94489281921,REF
34359738522,94489281931,REF
34359738523,94489281919,REF
34359738524,94489282030,REF
34359738525,94489282069,REF
34359738526,94489282118,REF
34359738527,94489282051,REF
34359738528,94489282063,REF
34359738529,94489282128,REF
34359738530,94489282130,REF
34359738531,94489282175,REF
34359738532,94489282131,REF
34359738533,94489282156,REF
34359738534,94489282154,REF
34359738535,94489282129,REF
34359738536,94489282132,REF
34359738537,94489282133,REF
34359738538,94489282225,REF
34359738539,94489282216,REF
34359738540,94489282213,REF
34359738541,94489282212,REF
34359738542,94489282207,REF
34359738543,94489282206,REF
34359738544,94489282246,REF
34359738545,94489282246,REF
34359738546,94489282246,REF
34359738547,94489282246,REF
34359738548,94489282246,REF
34359738549,94489282250,REF
34359738550,94489282246,REF
34359738551,94489282313,REF
34359738552,94489282315,REF
34359738553,94489282314,REF
34359738554,94489282337,REF
34359738555,94489282400,REF
34359738556,94489282400,REF
34359738557,94489282400,REF
34359738558,94489282400,REF
34359738559,94489282400,REF
34359738560,94489282400,REF
34359738561,94489282400,REF
34359738562,94489282400,REF
34359738563,94489282400,REF
34359738564,94489282400,REF
34359738565,94489282400,REF
34359738566,94489282400,REF
34359738567,94489282400,REF
34359738568,94489282522,REF
34359738569,94489282546,REF
34359738570,94489282546,REF
34359738571,94489282546,REF
34359738572,94489282546,REF
34359738573,94489282546,REF
34359738574,94489282548,REF
34359738575,94489282548,REF
34359738576,94489282548,REF
34359738577,94489282548,REF
34359738578,94489282521,REF
34359738579,94489282615,REF
34359738580,94489282640,REF
34359738581,94489282648,REF
34359738582,94489282616,REF
34359738583,94489282615,REF
34359738584,94489282615,REF
34359738585,94489282716,REF
34359738586,94489282693,REF
34359738587,94489282716,REF
34359738588,94489282716,REF
34359738589,94489282788,REF
34359738590,94489282727,REF
34359738591,94489282788,REF
34359738592,94489282788,REF
34359738593,94489282788,REF
34359738594,94489282788,REF
34359738595,94489282788,REF
34359738596,94489282788,REF
34359738597,94489282788,REF
34359738598,94489282788,REF
34359738599,94489282879,REF
34359738600,94489282833,REF
34359738601,94489282879,REF
34359738602,94489282879,REF
34359738603,94489282879,REF
34359738604,94489282879,REF
34359738605,94489282879,REF
34359738606,94489282879,REF
34359738607,94489282879,REF
34359738608,94489282938,REF
34359738609,94489282915,REF
34359738610,94489282938,REF
34359738611,94489282958,REF
34359738612,94489282945,REF
34359738613,94489282958,REF
34359738614,94489282973,REF
34359738615,94489282964,REF
34359738616,94489283003,REF
34359738617,94489282978,REF
34359738618,94489283003,REF
34359738619,94489283018,REF
34359738620,94489283033,REF
34359738621,94489283011,REF
34359738622,94489283058,REF
34359738623,94489283035,REF
34359738624,94489283058,REF
34359738625,94489283121,REF
34359738626,94489283120,REF
34359738627,94489283112,REF
34359738628,94489283110,REF
34359738629,94489283148,REF
34359738630,94489283095,REF
34359738631,94489283094,REF
34359738632,94489283157,REF
34359738633,94489283157,REF
34359738634,94489283157,REF
34359738635,94489283157,REF
34359738636,94489283157,REF
34359738637,94489283157,REF
34359738638,94489283161,REF
34359738639,94489283157,REF
34359738640,94489283234,REF
34359738641,94489283235,REF
34359738642,94489283234,REF
34359738643,94489283234,REF
34359738644,94489283236,REF
34359738645,94489283235,REF
34359738646,94489283341,REF
34359738647,94489283341,REF
34359738648,111669150462,REF
34359738649,94489283372,REF
34359738650,94489283363,REF
34359738651,94489283365,REF
34359738652,94489283364,REF
34359738653,94489283362,REF
34359738654,94489283428,REF
34359738655,94489283426,REF
34359738656,94489283415,REF
34359738657,94489283414,REF
34359738658,94489283452,REF
34359738659,94489283452,REF
34359738660,94489283452,REF
34359738661,94489283452,REF
34359738662,94489283452,REF
34359738663,94489283452,REF
34359738664,94489283456,REF
34359738665,94489283452,REF
34359738666,94489283529,REF
34359738667,94489283529,REF
34359738668,94489283531,REF
34359738669,94489283530,REF
34359738670,94489283650,REF
34359738671,94489283624,REF
34359738672,94489283653,REF
34359738673,94489283625,REF
34359738674,94489283659,REF
34359738675,94489283623,REF
34359738676,94489283664,REF
34359738677,94489283622,REF
34359738678,94489283669,REF
34359738679,94489283621,REF
34359738680,94489283672,REF
34359738681,94489283620,REF
34359738682,94489283690,REF
34359738683,94489283677,REF
34359738684,94489283692,REF
34359738685,94489283676,REF
34359738686,94489283690,REF
34359738687,94489283697,REF
34359738688,94489283675,REF
34359738689,94489283690,REF
34359738690,94489283702,REF
34359738691,94489283674,REF
34359738692,94489283742,REF
34359738693,94489283712,REF
34359738694,94489283746,REF
34359738695,94489283711,REF
34359738696,94489283748,REF
34359738697,94489283705,REF
34359738698,94489283754,REF
34359738699,94489283709,REF
34359738700,94489283757,REF
34359738701,94489283710,REF
34359738702,94489283763,REF
34359738703,94489283708,REF
34359738704,94489283768,REF
34359738705,94489283707,REF
34359738706,94489283773,REF
34359738707,94489283706,REF
34359738708,94489283803,REF
34359738709,94489283779,REF
34359738710,111669150595,REF
34359738711,94489283808,REF
34359738712,94489283781,REF
34359738713,94489283812,REF
34359738714,94489283782,REF
34359738715,94489283815,REF
34359738716,94489283780,REF
34359738717,94489283818,REF
34359738718,94489283777,REF
34359738719,94489283820,REF
34359738720,94489283776,REF
34359738721,94489283803,REF
34359738722,94489283808,REF
34359738723,94489283812,REF
34359738724,94489283815,REF
34359738725,94489283818,REF
34359738726,94489283820,REF
34359738727,94489283841,REF
34359738728,94489283841,REF
34359738729,94489283841,REF
34359738730,111669150625,REF
34359738731,94489283888,REF
34359738732,94489283900,REF
34359738733,94489283900,REF
34359738734,94489283900,REF
34359738735,94489283900,REF
34359738736,94489283904,REF
34359738737,94489283900,REF
34359738738,94489283900,REF
34359738739,94489283964,REF
34359738740,94489283963,REF
34359738741,94489283962,REF
34359738742,94489283961,REF
34359738743,94489283999,REF
34359738744,94489283999,REF
34359738745,111669150673,REF
34359738746,94489284033,REF
34359738747,94489284045,REF
34359738748,94489284045,REF
34359738749,94489284045,REF
34359738750,94489284049,REF
34359738751,94489284045,REF
34359738752,94489284045,REF
34359738753,94489284101,REF
34359738754,94489284100,REF
34359738755,94489284099,REF
34359738756,94489284098,REF
34359738757,94489284131,REF
34359738758,111669150716,REF
34359738759,94489284159,REF
34359738760,94489284173,REF
34359738761,94489284173,REF
34359738762,94489284173,REF
34359738763,94489284177,REF
34359738764,94489284173,REF
34359738765,94489284173,REF
34359738766,94489284228,REF
34359738767,94489284227,REF
34359738768,94489284226,REF
34359738769,94489284225,REF
34359738770,94489284254,REF
34359738771,94489284283,REF
34359738772,94489284257,REF
34359738773,94489284283,REF
34359738774,94489284257,REF
34359738775,94489284255,REF
34359738776,94489284254,REF
34359738777,94489284332,REF
34359738778,111669150764,REF
34359738779,94489284338,REF
34359738780,94489284319,REF
68719476736,94489280632,REF
68719476737,94489280632,REF
68719476738,94489280631,REF
68719476739,111669149698,REF
68719476740,111669149698,REF
68719476741,94489280631,REF
68719476744,111669149698,REF
68719476745,111669149698,REF
68719476749,94489280629,REF
68719476750,94489280630,REF
68719476751,111669149698,REF
68719476752,111669149698,REF
68719476753,94489280630,REF
68719476755,94489280629,REF
68719476757,94489280525,REF
68719476758,111669149700,REF
68719476759,94489280526,REF
68719476762,94489280526,REF
68719476763,94489280627,REF
68719476764,111669149701,REF
68719476765,111669149701,REF
68719476766,94489280627,REF
68719476769,94489280528,REF
68719476770,94489280626,REF
68719476771,94489280626,REF
68719476772,94489280526,REF
68719476773,111669149701,REF
68719476774,111669149701,REF
68719476776,94489280528,REF
68719476778,94489280624,REF
68719476779,94489280625,REF
68719476780,111669149701,REF
68719476781,111669149701,REF
68719476782,94489280625,REF
68719476784,94489280624,REF
68719476786,94489280532,REF
68719476787,111669149703,REF
68719476788,94489280533,REF
68719476790,94489280534,REF
68719476792,94489280535,REF
68719476795,94489280533,REF
68719476796,94489280622,REF
68719476797,111669149704,REF
68719476798,111669149704,REF
68719476799,94489280622,REF
68719476802,94489280534,REF
68719476803,94489280621,REF
68719476804,111669149704,REF
68719476805,111669149704,REF
68719476806,94489280621,REF
68719476809,94489280538,REF
68719476810,94489280535,REF
68719476811,94489280535,REF
68719476812,94489280538,REF
68719476813,94489280539,REF
68719476814,94489280619,REF
68719476815,94489280619,REF
68719476816,94489280533,REF
68719476817,94489280534,REF
68719476818,94489280539,REF
68719476819,94489280619,REF
68719476820,94489280619,REF
68719476821,94489280533,REF
68719476822,94489280534,REF
68719476823,94489280535,REF
68719476824,111669149704,REF
68719476825,111669149704,REF
68719476827,94489280539,REF
68719476829,94489280617,REF
68719476830,94489280618,REF
68719476831,111669149704,REF
68719476832,111669149704,REF
68719476833,94489280618,REF
68719476835,94489280617,REF
68719476837,94489280543,REF
68719476838,111669149706,REF
68719476839,94489280544,REF
68719476842,94489280544,REF
68719476843,94489280615,REF
68719476844,111669149707,REF
68719476845,111669149707,REF
68719476846,94489280615,REF
68719476849,94489280608,REF
68719476850,94489280608,REF
68719476851,94489280544,REF
68719476852,94489280546,REF
68719476853,94489280613,REF
68719476854,94489280613,REF
68719476855,94489280544,REF
68719476856,94489280608,REF
68719476857,94489280608,REF
68719476858,94489280547,REF
68719476859,94489280611,REF
68719476860,111669149705,REF
68719476861,94489280546,REF
68719476862,94489280608,REF
68719476863,94489280608,REF
68719476864,94489280609,REF
68719476865,111669149705,REF
68719476866,94489280544,REF
68719476867,94489280547,REF
68719476868,94489280608,REF
68719476869,94489280608,REF
68719476870,111669149707,REF
68719476871,111669149707,REF
68719476873,94489280544,REF
68719476875,94489280546,REF
68719476877,94489280547,REF
68719476880,94489280606,REF
68719476881,94489280608,REF
68719476882,94489280608,REF
68719476883,94489280606,REF
68719476884,94489280607,REF
68719476885,111669149707,REF
68719476886,111669149707,REF
68719476887,94489280607,REF
68719476889,94489280606,REF
68719476891,94489280551,REF
68719476892,111669149709,REF
68719476893,94489280552,REF
68719476896,94489280552,REF
68719476897,94489280604,REF
68719476898,111669149710,REF
68719476899,111669149710,REF
68719476900,94489280604,REF
68719476903,94489280600,REF
68719476904,94489280600,REF
68719476905,94489280552,REF
68719476906,94489280554,REF
68719476907,94489280602,REF
68719476908,111669149708,REF
68719476909,94489280552,REF
68719476910,94489280554,REF
68719476911,94489280601,REF
68719476912,111669149710,REF
68719476913,111669149710,REF
68719476914,94489280601,REF
68719476918,111669149710,REF
68719476919,111669149710,REF
68719476921,94489280554,REF
68719476923,94489280554,REF
68719476926,94489280554,REF
68719476928,94489280554,REF
68719476930,94489280554,REF
68719476933,94489280554,REF
68719476935,94489280598,REF
68719476936,94489280600,REF
68719476937,94489280600,REF
68719476938,94489280598,REF
68719476939,94489280599,REF
68719476940,111669149710,REF
68719476941,111669149710,REF
68719476942,94489280599,REF
68719476944,94489280598,REF
68719476946,94489280560,REF
68719476947,111669149712,REF
68719476948,94489280561,REF
68719476951,94489280561,REF
68719476952,94489280597,REF
68719476953,111669149713,REF
68719476954,111669149713,REF
68719476955,94489280597,REF
68719476958,94489280594,REF
68719476959,94489280594,REF
68719476960,94489280561,REF
68719476961,94489280563,REF
68719476962,94489280595,REF
68719476963,111669149711,REF
68719476964,94489280561,REF
68719476965,94489280563,REF
68719476966,94489280563,REF
68719476967,111669149713,REF
68719476968,111669149713,REF
68719476972,111669149713,REF
68719476973,111669149713,REF
68719476975,94489280561,REF
68719476977,94489280563,REF
68719476979,94489280592,REF
68719476980,94489280594,REF
68719476981,94489280594,REF
68719476982,94489280592,REF
68719476983,94489280593,REF
68719476984,111669149713,REF
68719476985,111669149713,REF
68719476986,94489280593,REF
68719476988,94489280592,REF
68719476990,94489280573,REF
68719476991,94489280585,REF
68719476992,94489280586,REF
68719476993,111669149715,REF
68719476994,94489280586,REF
68719476995,94489280585,REF
68719476996,94489280584,REF
68719476997,94489280573,REF
68719476998,111669149715,REF
68719476999,94489280570,REF
68719477000,111669149717,REF
68719477001,94489280571,REF
68719477003,94489280570,REF
68719477004,94489280588,REF
68719477005,94489280588,REF
68719477006,94489280570,REF
68719477007,94489280587,REF
68719477008,94489280570,REF
68719477009,94489280587,REF
68719477011,111669149717,REF
68719477013,111669149717,REF
68719477015,111669149717,REF
68719477017,111669149717,REF
68719477018,111669149716,REF
68719477021,94489280571,REF
68719477023,94489280571,REF
68719477025,94489280571,REF
68719477027,94489280571,REF
68719477029,94489280571,REF
68719477031,94489280571,REF
68719477033,94489280571,REF
68719477034,94489280571,REF
68719477035,94489280571,REF
68719477037,111669149717,REF
68719477039,111669149717,REF
68719477042,111669149717,REF
68719477044,94489280583,REF
68719477045,94489280583,REF
68719477046,94489280567,REF
68719477047,94489280589,REF
68719477048,111669149718,REF
68719477049,94489280567,REF
68719477050,94489280567,REF
68719477051,111669149720,REF
68719477052,111669149720,REF
68719477056,94489280569,REF
68719477057,94489280567,REF
68719477058,94489280567,REF
68719477059,111669149720,REF
68719477060,111669149720,REF
68719477062,94489280569,REF
68719477064,94489280569,REF
68719477066,94489280581,REF
68719477067,94489280583,REF
68719477068,94489280583,REF
68719477069,94489280581,REF
68719477070,94489280582,REF
68719477071,111669149720,REF
68719477072,111669149720,REF
68719477073,94489280582,REF
68719477075,94489280581,REF
68719477077,94489280633,REF
68719477078,94489280628,REF
68719477079,94489280623,REF
68719477080,94489280616,REF
68719477081,94489280605,REF
68719477082,94489280596,REF
68719477083,94489280591,REF
68719477084,94489280512,REF
68719477086,111669149722,REF
68719477087,94489280513,REF
68719477089,111669149722,REF
68719477090,94489280514,REF
68719477092,111669149722,REF
68719477093,94489280515,REF
68719477095,111669149722,REF
68719477096,94489280516,REF
68719477098,111669149722,REF
68719477099,94489280517,REF
68719477101,111669149722,REF
68719477102,94489280518,REF
68719477104,111669149722,REF
68719477105,94489280519,REF
68719477107,111669149722,REF
68719477108,94489280520,REF
68719477110,111669149722,REF
68719477111,94489280578,REF
68719477112,94489280580,REF
68719477113,94489280578,REF
68719477117,94489280580,REF
68719477118,94489280639,REF
68719477119,111669149724,REF
68719477120,94489280639,REF
68719477121,94489280673,REF
68719477122,111669149725,REF
68719477123,111669149725,REF
68719477124,94489280673,REF
68719477127,94489280671,REF
68719477128,94489280671,REF
68719477129,94489280639,REF
68719477130,94489280641,REF
68719477131,94489280672,REF
68719477132,94489280672,REF
68719477133,94489280639,REF
68719477134,111669149725,REF
68719477135,111669149725,REF
68719477138,94489280641,REF
68719477140,94489280669,REF
68719477141,94489280671,REF
68719477142,94489280671,REF
68719477143,94489280669,REF
68719477144,94489280671,REF
68719477145,94489280671,REF
68719477146,94489280669,REF
68719477147,94489280670,REF
68719477148,111669149725,REF
68719477149,111669149725,REF
68719477150,94489280670,REF
68719477153,94489280669,REF
68719477155,94489280645,REF
68719477156,111669149727,REF
68719477157,94489280645,REF
68719477158,94489280668,REF
68719477159,111669149728,REF
68719477160,111669149728,REF
68719477161,94489280668,REF
68719477165,94489280647,REF
68719477166,94489280667,REF
68719477167,94489280667,REF
68719477168,94489280645,REF
68719477169,94489280647,REF
68719477170,94489280666,REF
68719477171,111669149728,REF
68719477172,111669149728,REF
68719477173,94489280666,REF
68719477177,111669149728,REF
68719477178,111669149728,REF
68719477181,94489280647,REF
68719477183,94489280662,REF
68719477184,94489280665,REF
68719477185,94489280665,REF
68719477186,94489280662,REF
68719477187,94489280664,REF
68719477188,111669149728,REF
68719477189,111669149728,REF
68719477190,94489280664,REF
68719477193,94489280662,REF
68719477194,94489280663,REF
68719477195,94489280662,REF
68719477197,94489280652,REF
68719477198,111669149730,REF
68719477199,94489280653,REF
68719477200,111669149730,REF
68719477201,94489280652,REF
68719477202,94489280661,REF
68719477203,111669149731,REF
68719477204,111669149731,REF
68719477205,94489280661,REF
68719477208,94489280655,REF
68719477209,94489280660,REF
68719477210,94489280660,REF
68719477211,94489280652,REF
68719477212,94489280653,REF
68719477213,111669149731,REF
68719477214,111669149731,REF
68719477215,94489280655,REF
68719477216,94489280657,REF
68719477217,94489280659,REF
68719477218,94489280659,REF
68719477219,94489280657,REF
68719477220,94489280658,REF
68719477221,111669149731,REF
68719477222,111669149731,REF
68719477223,94489280658,REF
68719477226,94489280657,REF
68719477228,94489280634,REF
68719477230,111669149732,REF
68719477231,94489280635,REF
68719477233,111669149732,REF
68719477234,94489280636,REF
68719477236,111669149732,REF
68719477237,94489280637,REF
68719477239,111669149732,REF
68719477240,94489280638,REF
68719477242,94489280638,REF
68719477243,94489280644,REF
68719477245,94489280644,REF
68719477246,94489280651,REF
68719477248,94489280651,REF
68719477249,94489280694,REF
68719477250,111669149734,REF
68719477251,94489280696,REF
68719477252,111669149734,REF
68719477253,94489280697,REF
68719477255,94489280698,REF
68719477257,94489280699,REF
68719477259,94489280700,REF
68719477262,94489280697,REF
68719477263,94489280700,REF
68719477264,94489280958,REF
68719477265,111669149735,REF
68719477266,111669149735,REF
68719477267,94489280958,REF
68719477271,94489280702,REF
68719477273,94489280694,REF
68719477275,94489280697,REF
68719477277,94489280698,REF
68719477279,94489280699,REF
68719477281,94489280700,REF
68719477283,94489280704,REF
68719477284,94489280957,REF
68719477285,111669149733,REF
68719477286,94489280702,REF
68719477287,94489280956,REF
68719477288,111669149735,REF
68719477289,111669149735,REF
68719477290,94489280956,REF
68719477293,94489280704,REF
68719477296,94489280952,REF
68719477297,94489280955,REF
68719477298,94489280955,REF
68719477299,94489280952,REF
68719477300,94489280954,REF
68719477301,111669149735,REF
68719477302,111669149735,REF
68719477303,94489280954,REF
68719477306,94489280952,REF
68719477307,94489280953,REF
68719477308,94489280952,REF
68719477310,94489280708,REF
68719477311,111669149737,REF
68719477312,94489280710,REF
68719477313,111669149737,REF
68719477314,94489280711,REF
68719477316,94489280712,REF
68719477318,94489280713,REF
68719477321,94489280711,REF
68719477322,94489280712,REF
68719477323,94489280713,REF
68719477324,94489280951,REF
68719477325,111669149738,REF
68719477326,111669149738,REF
68719477327,94489280951,REF
68719477331,94489280715,REF
68719477332,94489280950,REF
68719477333,94489280948,REF
68719477335,94489280712,REF
68719477337,94489280717,REF
68719477338,94489280949,REF
68719477339,94489280948,REF
68719477341,94489280713,REF
68719477343,94489280717,REF
68719477344,94489280715,REF
68719477345,94489280947,REF
68719477346,111669149738,REF
68719477347,111669149738,REF
68719477348,94489280947,REF
68719477352,94489280720,REF
68719477354,94489280708,REF
68719477356,94489280711,REF
68719477358,94489280712,REF
68719477360,94489280713,REF
68719477362,94489280722,REF
68719477363,94489280946,REF
68719477364,111669149736,REF
68719477365,94489280720,REF
68719477366,94489280945,REF
68719477367,111669149738,REF
68719477368,111669149738,REF
68719477369,94489280945,REF
68719477372,94489280722,REF
68719477375,94489280941,REF
68719477376,94489280944,REF
68719477377,94489280944,REF
68719477378,94489280941,REF
68719477379,94489280943,REF
68719477380,111669149738,REF
68719477381,111669149738,REF
68719477382,94489280943,REF
68719477385,94489280941,REF
68719477386,94489280942,REF
68719477387,94489280941,REF
68719477389,94489280726,REF
68719477390,111669149740,REF
68719477391,94489280728,REF
68719477392,111669149740,REF
68719477393,94489280729,REF
68719477395,94489280730,REF
68719477397,94489280731,REF
68719477399,94489280732,REF
68719477402,94489280729,REF
68719477403,94489280730,REF
68719477404,94489280731,REF
68719477405,94489280940,REF
68719477406,94489280939,REF
68719477407,111669149741,REF
68719477408,111669149741,REF
68719477409,94489280939,REF
68719477413,94489280734,REF
68719477415,94489280726,REF
68719477417,94489280729,REF
68719477419,94489280730,REF
68719477421,94489280731,REF
68719477423,94489280732,REF
68719477425,94489280736,REF
68719477426,94489280938,REF
68719477427,111669149739,REF
68719477428,94489280734,REF
68719477429,94489280937,REF
68719477430,111669149741,REF
68719477431,111669149741,REF
68719477432,94489280937,REF
68719477435,94489280736,REF
68719477438,94489280933,REF
68719477439,94489280936,REF
68719477440,94489280936,REF
68719477441,94489280933,REF
68719477442,94489280935,REF
68719477443,111669149741,REF
68719477444,111669149741,REF
68719477445,94489280935,REF
68719477448,94489280933,REF
68719477449,94489280934,REF
68719477450,94489280933,REF
68719477452,94489280740,REF
68719477453,111669149743,REF
68719477454,94489280742,REF
68719477455,111669149743,REF
68719477456,94489280743,REF
68719477458,94489280744,REF
68719477460,94489280745,REF
68719477462,94489280746,REF
68719477465,94489280743,REF
68719477466,94489280744,REF
68719477467,94489280745,REF
68719477468,94489280932,REF
68719477469,111669149744,REF
68719477470,111669149744,REF
68719477471,94489280932,REF
68719477475,94489280748,REF
68719477476,94489280931,REF
68719477477,94489280929,REF
68719477479,94489280744,REF
68719477481,94489280750,REF
68719477482,94489280930,REF
68719477483,94489280929,REF
68719477485,94489280745,REF
68719477487,94489280750,REF
68719477488,94489280748,REF
68719477489,94489280928,REF
68719477490,111669149744,REF
68719477491,111669149744,REF
68719477492,94489280928,REF
68719477496,94489280753,REF
68719477498,94489280740,REF
68719477500,94489280743,REF
68719477502,94489280744,REF
68719477504,94489280745,REF
68719477506,94489280746,REF
68719477508,94489280755,REF
68719477509,94489280927,REF
68719477510,111669149742,REF
68719477511,94489280753,REF
68719477512,94489280926,REF
68719477513,111669149744,REF
68719477514,111669149744,REF
68719477515,94489280926,REF
68719477518,94489280755,REF
68719477521,94489280922,REF
68719477522,94489280925,REF
68719477523,94489280925,REF
68719477524,94489280922,REF
68719477525,94489280924,REF
68719477526,111669149744,REF
68719477527,111669149744,REF
68719477528,94489280924,REF
68719477531,94489280922,REF
68719477532,94489280923,REF
68719477533,94489280922,REF
68719477535,94489280759,REF
68719477536,111669149746,REF
68719477537,94489280760,REF
68719477538,111669149746,REF
68719477539,94489280761,REF
68719477540,94489280921,REF
68719477541,111669149745,REF
68719477542,94489280759,REF
68719477543,94489280760,REF
68719477544,111669149747,REF
68719477545,111669149747,REF
68719477548,94489280761,REF
68719477550,94489280917,REF
68719477551,94489280920,REF
68719477552,94489280920,REF
68719477553,94489280917,REF
68719477554,94489280919,REF
68719477555,111669149747,REF
68719477556,111669149747,REF
68719477557,94489280919,REF
68719477560,94489280917,REF
68719477561,94489280918,REF
68719477562,94489280917,REF
68719477564,94489280765,REF
68719477565,111669149749,REF
68719477566,94489280766,REF
68719477567,111669149749,REF
68719477568,94489280767,REF
68719477569,94489280916,REF
68719477570,111669149748,REF
68719477571,94489280765,REF
68719477572,94489280766,REF
68719477573,111669149750,REF
68719477574,111669149750,REF
68719477577,94489280767,REF
68719477579,94489280912,REF
68719477580,94489280915,REF
68719477581,94489280915,REF
68719477582,94489280912,REF
68719477583,94489280914,REF
68719477584,111669149750,REF
68719477585,111669149750,REF
68719477586,94489280914,REF
68719477589,94489280912,REF
68719477590,94489280913,REF
68719477591,94489280912,REF
68719477593,94489280771,REF
68719477594,111669149752,REF
68719477595,94489280772,REF
68719477596,111669149752,REF
68719477597,94489280773,REF
68719477598,94489280911,REF
68719477599,111669149751,REF
68719477600,94489280771,REF
68719477601,94489280772,REF
68719477602,111669149753,REF
68719477603,111669149753,REF
68719477606,94489280773,REF
68719477608,94489280907,REF
68719477609,94489280910,REF
68719477610,94489280910,REF
68719477611,94489280907,REF
68719477612,94489280909,REF
68719477613,111669149753,REF
68719477614,111669149753,REF
68719477615,94489280909,REF
68719477618,94489280907,REF
68719477619,94489280908,REF
68719477620,94489280907,REF
68719477622,94489280777,REF
68719477623,111669149755,REF
68719477624,94489280778,REF
68719477625,111669149755,REF
68719477626,94489280779,REF
68719477627,94489280906,REF
68719477628,111669149754,REF
68719477629,94489280777,REF
68719477630,94489280778,REF
68719477631,111669149756,REF
68719477632,111669149756,REF
68719477635,94489280779,REF
68719477637,94489280902,REF
68719477638,94489280905,REF
68719477639,94489280905,REF
68719477640,94489280902,REF
68719477641,94489280904,REF
68719477642,111669149756,REF
68719477643,111669149756,REF
68719477644,94489280904,REF
68719477647,94489280902,REF
68719477648,94489280903,REF
68719477649,94489280902,REF
68719477651,94489280783,REF
68719477652,111669149758,REF
68719477653,94489280784,REF
68719477654,111669149758,REF
68719477655,94489280785,REF
68719477656,94489280784,REF
68719477657,94489280901,REF
68719477658,94489280784,REF
68719477659,94489280786,REF
68719477660,94489280900,REF
68719477661,111669149757,REF
68719477662,94489280783,REF
68719477663,94489280785,REF
68719477664,111669149759,REF
68719477665,111669149759,REF
68719477668,94489280786,REF
68719477670,94489280896,REF
68719477671,94489280899,REF
68719477672,94489280899,REF
68719477673,94489280896,REF
68719477674,94489280898,REF
68719477675,111669149759,REF
68719477676,111669149759,REF
68719477677,94489280898,REF
68719477680,94489280896,REF
68719477681,94489280897,REF
68719477682,94489280896,REF
68719477684,94489280790,REF
68719477685,111669149761,REF
68719477686,94489280791,REF
68719477687,111669149761,REF
68719477688,94489280792,REF
68719477689,111669149761,REF
68719477690,94489280791,REF
68719477691,111669149762,REF
68719477692,111669149762,REF
68719477696,94489280794,REF
68719477697,94489280895,REF
68719477698,111669149760,REF
68719477699,94489280790,REF
68719477700,94489280791,REF
68719477701,94489280792,REF
68719477702,111669149762,REF
68719477703,111669149762,REF
68719477706,94489280794,REF
68719477708,94489280891,REF
68719477709,94489280894,REF
68719477710,94489280894,REF
68719477711,94489280891,REF
68719477712,94489280893,REF
68719477713,111669149762,REF
68719477714,111669149762,REF
68719477715,94489280893,REF
68719477718,94489280891,REF
68719477719,94489280892,REF
68719477720,94489280891,REF
68719477722,94489280799,REF
68719477723,111669149764,REF
68719477724,94489280800,REF
68719477727,94489280801,REF
68719477728,94489280890,REF
68719477729,111669149763,REF
68719477730,94489280800,REF
68719477731,94489280801,REF
68719477732,111669149765,REF
68719477733,111669149765,REF
68719477737,94489280889,REF
68719477738,111669149765,REF
68719477739,111669149765,REF
68719477740,94489280889,REF
68719477744,94489280885,REF
68719477745,94489280888,REF
68719477746,94489280888,REF
68719477747,94489280885,REF
68719477748,94489280887,REF
68719477749,111669149765,REF
68719477750,111669149765,REF
68719477751,94489280887,REF
68719477754,94489280885,REF
68719477755,94489280886,REF
68719477756,94489280885,REF
68719477758,94489280807,REF
68719477759,111669149767,REF
68719477760,94489280808,REF
68719477763,94489280809,REF
68719477764,94489280884,REF
68719477765,111669149766,REF
68719477766,94489280808,REF
68719477767,94489280809,REF
68719477768,111669149768,REF
68719477769,111669149768,REF
68719477773,94489280883,REF
68719477774,111669149768,REF
68719477775,111669149768,REF
68719477776,94489280883,REF
68719477780,94489280879,REF
68719477781,94489280882,REF
68719477782,94489280882,REF
68719477783,94489280879,REF
68719477784,94489280881,REF
68719477785,111669149768,REF
68719477786,111669149768,REF
68719477787,94489280881,REF
68719477790,94489280879,REF
68719477791,94489280880,REF
68719477792,94489280879,REF
68719477794,94489280815,REF
68719477795,111669149770,REF
68719477796,94489280816,REF
68719477799,94489280817,REF
68719477800,94489280878,REF
68719477801,111669149769,REF
68719477802,94489280816,REF
68719477803,94489280817,REF
68719477804,111669149771,REF
68719477805,111669149771,REF
68719477809,94489280877,REF
68719477810,111669149771,REF
68719477811,111669149771,REF
68719477812,94489280877,REF
68719477816,94489280873,REF
68719477817,94489280876,REF
68719477818,94489280876,REF
68719477819,94489280873,REF
68719477820,94489280875,REF
68719477821,111669149771,REF
68719477822,111669149771,REF
68719477823,94489280875,REF
68719477826,94489280873,REF
68719477827,94489280874,REF
68719477828,94489280873,REF
68719477830,94489280823,REF
68719477831,111669149773,REF
68719477832,94489280824,REF
68719477835,94489280825,REF
68719477836,94489280872,REF
68719477837,111669149772,REF
68719477838,94489280824,REF
68719477839,94489280825,REF
68719477840,111669149774,REF
68719477841,111669149774,REF
68719477845,94489280871,REF
68719477846,111669149774,REF
68719477847,111669149774,REF
68719477848,94489280871,REF
68719477852,94489280867,REF
68719477853,94489280870,REF
68719477854,94489280870,REF
68719477855,94489280867,REF
68719477856,94489280869,REF
68719477857,111669149774,REF
68719477858,111669149774,REF
68719477859,94489280869,REF
68719477862,94489280867,REF
68719477863,94489280868,REF
68719477864,94489280867,REF
68719477866,94489280830,REF
68719477867,111669149776,REF
68719477868,94489280831,REF
68719477869,111669149776,REF
68719477870,94489280832,REF
68719477871,94489280866,REF
68719477872,111669149775,REF
68719477873,94489280830,REF
68719477874,94489280831,REF
68719477875,111669149777,REF
68719477876,111669149777,REF
68719477879,94489280832,REF
68719477881,94489280862,REF
68719477882,94489280865,REF
68719477883,94489280865,REF
68719477884,94489280862,REF
68719477885,94489280864,REF
68719477886,111669149777,REF
68719477887,111669149777,REF
68719477888,94489280864,REF
68719477891,94489280862,REF
68719477892,94489280863,REF
68719477893,94489280862,REF
68719477895,94489280861,REF
68719477896,111669149778,REF
68719477897,111669149780,REF
68719477898,111669149780,REF
68719477902,94489280857,REF
68719477903,94489280860,REF
68719477904,94489280860,REF
68719477905,94489280857,REF
68719477906,94489280859,REF
68719477907,111669149780,REF
68719477908,111669149780,REF
68719477909,94489280859,REF
68719477912,94489280857,REF
68719477913,94489280858,REF
68719477914,94489280857,REF
68719477916,94489280839,REF
68719477917,111669149782,REF
68719477918,94489280840,REF
68719477919,111669149782,REF
68719477920,94489280841,REF
68719477921,111669149782,REF
68719477922,94489280842,REF
68719477923,111669149782,REF
68719477924,94489280855,REF
68719477925,94489280856,REF
68719477933,94489280855,REF
68719477934,94489280840,REF
68719477935,94489280854,REF
68719477936,111669149783,REF
68719477937,111669149783,REF
68719477938,94489280854,REF
68719477942,94489280852,REF
68719477943,94489280852,REF
68719477944,94489280839,REF
68719477945,94489280840,REF
68719477946,94489280841,REF
68719477947,94489280842,REF
68719477948,94489280845,REF
68719477949,94489280853,REF
68719477950,111669149781,REF
68719477951,94489280839,REF
68719477952,94489280840,REF
68719477953,94489280841,REF
68719477954,94489280842,REF
68719477955,94489280852,REF
68719477956,94489280852,REF
68719477957,94489280845,REF
68719477958,111669149783,REF
68719477959,111669149783,REF
68719477962,94489280845,REF
68719477964,94489280849,REF
68719477965,94489280852,REF
68719477966,94489280852,REF
68719477967,94489280849,REF
68719477968,94489280851,REF
68719477969,111669149783,REF
68719477970,111669149783,REF
68719477971,94489280851,REF
68719477974,94489280849,REF
68719477975,94489280850,REF
68719477976,94489280849,REF
68719477978,94489280849,REF
68719477979,94489280850,REF
68719477980,94489280849,REF
68719477981,94489280848,REF
68719477983,94489280674,REF
68719477985,111669149784,REF
68719477986,94489280675,REF
68719477988,111669149784,REF
68719477989,94489280676,REF
68719477991,111669149784,REF
68719477992,94489280677,REF
68719477994,111669149784,REF
68719477995,94489280678,REF
68719477997,111669149784,REF
68719477998,94489280679,REF
68719478000,111669149784,REF
68719478001,94489280680,REF
68719478003,111669149784,REF
68719478004,94489280681,REF
68719478006,111669149784,REF
68719478007,94489280682,REF
68719478009,111669149784,REF
68719478010,94489280683,REF
68719478012,111669149784,REF
68719478013,94489280684,REF
68719478015,111669149784,REF
68719478016,94489280685,REF
68719478018,111669149784,REF
68719478019,94489280686,REF
68719478021,111669149784,REF
68719478022,94489280687,REF
68719478024,111669149784,REF
68719478025,94489280688,REF
68719478027,111669149784,REF
68719478028,94489280689,REF
68719478030,111669149784,REF
68719478031,94489280690,REF
68719478033,111669149784,REF
68719478034,94489280691,REF
68719478036,111669149784,REF
68719478037,94489280692,REF
68719478039,111669149784,REF
68719478040,94489280693,REF
68719478042,94489280693,REF
68719478043,94489280707,REF
68719478045,94489280707,REF
68719478046,94489280725,REF
68719478048,94489280725,REF
68719478049,94489280739,REF
68719478051,94489280739,REF
68719478052,94489280758,REF
68719478054,94489280758,REF
68719478055,94489280764,REF
68719478057,94489280764,REF
68719478058,94489280770,REF
68719478060,94489280770,REF
68719478061,94489280776,REF
68719478063,94489280776,REF
68719478064,94489280782,REF
68719478066,94489280782,REF
68719478067,94489280789,REF
68719478069,94489280789,REF
68719478070,94489280797,REF
68719478072,94489280797,REF
68719478073,94489280805,REF
68719478075,94489280805,REF
68719478076,94489280813,REF
68719478078,94489280813,REF
68719478079,94489280821,REF
68719478081,94489280821,REF
68719478082,94489280829,REF
68719478084,94489280829,REF
68719478085,94489280835,REF
68719478087,94489280835,REF
68719478088,94489280838,REF
68719478090,94489280838,REF
68719478091,94489281051,REF
68719478092,94489281051,REF
68719478093,111669149786,REF
68719478094,94489281053,REF
68719478095,111669149788,REF
68719478096,94489281053,REF
68719478097,94489281047,REF
68719478098,94489281047,REF
68719478099,111669149790,REF
68719478100,111669149790,REF
68719478101,111669149790,REF
68719478102,94489280986,REF
68719478103,94489281050,REF
68719478104,94489281049,REF
68719478107,94489281048,REF
68719478108,111669149792,REF
68719478109,94489281048,REF
68719478110,94489280986,REF
68719478112,111669149794,REF
68719478114,111669149794,REF
68719478116,94489281043,REF
68719478117,94489281043,REF
68719478118,111669149794,REF
68719478120,94489281042,REF
68719478121,94489281042,REF
68719478122,111669149794,REF
68719478124,94489281041,REF
68719478125,94489281041,REF
68719478126,111669149794,REF
68719478128,94489281040,REF
68719478129,94489281040,REF
68719478130,111669149794,REF
68719478132,94489281039,REF
68719478133,94489281039,REF
68719478134,111669149794,REF
68719478136,94489281038,REF
68719478137,94489281038,REF
68719478138,111669149794,REF
68719478140,94489280963,REF
68719478141,111669149796,REF
68719478142,94489280964,REF
68719478143,111669149796,REF
68719478144,94489280963,REF
68719478145,94489281064,REF
68719478146,111669149797,REF
68719478147,111669149797,REF
68719478148,94489281064,REF
68719478152,94489280966,REF
68719478153,94489281063,REF
68719478154,111669149795,REF
68719478155,94489280975,REF
68719478156,94489281062,REF
68719478159,94489280966,REF
68719478160,94489280966,REF
68719478161,94489280964,REF
68719478162,94489281061,REF
68719478165,94489280963,REF
68719478169,94489280966,REF
68719478170,94489280966,REF
68719478171,94489280964,REF
68719478172,94489281060,REF
68719478175,94489280963,REF
68719478179,94489280966,REF
68719478180,94489280966,REF
68719478181,94489280964,REF
68719478182,94489281059,REF
68719478185,94489280963,REF
68719478189,94489280966,REF
68719478190,94489280966,REF
68719478191,94489280964,REF
68719478192,94489281058,REF
68719478195,94489280963,REF
68719478199,94489280966,REF
68719478200,94489280966,REF
68719478201,94489280964,REF
68719478202,94489281057,REF
68719478205,94489280963,REF
68719478209,94489280966,REF
68719478210,94489280966,REF
68719478211,94489280964,REF
68719478212,94489281056,REF
68719478215,94489280963,REF
68719478218,94489280976,REF
68719478220,94489280977,REF
68719478222,94489280978,REF
68719478224,94489280979,REF
68719478226,94489280980,REF
68719478228,94489280981,REF
68719478231,94489280982,REF
68719478232,94489281055,REF
68719478233,94489281054,REF
68719478236,94489280984,REF
68719478237,94489280984,REF
68719478238,111669149795,REF
68719478239,94489280976,REF
68719478240,94489280984,REF
68719478241,111669149795,REF
68719478242,94489280977,REF
68719478243,94489280984,REF
68719478244,111669149795,REF
68719478245,94489280978,REF
68719478246,94489280984,REF
68719478247,111669149795,REF
68719478248,94489280979,REF
68719478249,94489280984,REF
68719478250,111669149795,REF
68719478251,94489280980,REF
68719478252,94489280984,REF
68719478253,111669149795,REF
68719478254,94489280981,REF
68719478255,94489280985,REF
68719478256,94489280988,REF
68719478257,94489280985,REF
68719478258,111669149795,REF
68719478259,94489280976,REF
68719478260,94489280989,REF
68719478261,94489280985,REF
68719478262,111669149795,REF
68719478263,94489280977,REF
68719478264,94489280990,REF
68719478265,94489280985,REF
68719478266,111669149795,REF
68719478267,94489280978,REF
68719478268,94489280991,REF
68719478269,94489280985,REF
68719478270,111669149795,REF
68719478271,94489280979,REF
68719478272,94489280992,REF
68719478273,94489280985,REF
68719478274,111669149795,REF
68719478275,94489280980,REF
68719478276,94489280993,REF
68719478277,94489280985,REF
68719478278,111669149795,REF
68719478279,94489280981,REF
68719478280,94489280994,REF
68719478281,94489281044,REF
68719478282,94489281045,REF
68719478283,94489281046,REF
68719478284,94489281046,REF
68719478285,94489280982,REF
68719478286,94489281045,REF
68719478287,94489281044,REF
68719478288,111669149797,REF
68719478289,111669149797,REF
68719478292,94489280994,REF
68719478294,94489281034,REF
68719478295,94489281037,REF
68719478296,94489281037,REF
68719478297,94489281034,REF
68719478298,94489281036,REF
68719478299,111669149797,REF
68719478300,111669149797,REF
68719478301,94489281036,REF
68719478304,94489281034,REF
68719478305,94489281035,REF
68719478306,94489281034,REF
68719478308,94489280999,REF
68719478309,111669149799,REF
68719478310,94489280999,REF
68719478311,94489281033,REF
68719478312,111669149800,REF
68719478313,111669149800,REF
68719478314,94489281033,REF
68719478318,94489281001,REF
68719478319,94489281032,REF
68719478320,111669149798,REF
68719478321,94489281010,REF
68719478322,94489281031,REF
68719478325,94489281001,REF
68719478326,94489281001,REF
68719478327,94489281030,REF
68719478330,94489280999,REF
68719478334,94489281001,REF
68719478335,94489281001,REF
68719478336,94489281029,REF
68719478339,94489280999,REF
68719478343,94489281001,REF
68719478344,94489281001,REF
68719478345,94489281028,REF
68719478348,94489280999,REF
68719478352,94489281001,REF
68719478353,94489281001,REF
68719478354,94489281027,REF
68719478357,94489280999,REF
68719478361,94489281001,REF
68719478362,94489281001,REF
68719478363,94489281026,REF
68719478366,94489280999,REF
68719478370,94489281001,REF
68719478371,94489281001,REF
68719478372,94489281025,REF
68719478375,94489280999,REF
68719478378,94489281011,REF
68719478380,94489281012,REF
68719478382,94489281013,REF
68719478384,94489281014,REF
68719478386,94489281015,REF
68719478388,94489281016,REF
68719478391,94489281017,REF
68719478393,94489281011,REF
68719478394,94489281011,REF
68719478396,94489281012,REF
68719478397,94489281012,REF
68719478399,94489281013,REF
68719478400,94489281013,REF
68719478402,94489281014,REF
68719478403,94489281014,REF
68719478405,94489281015,REF
68719478406,94489281015,REF
68719478408,94489281016,REF
68719478409,94489281016,REF
68719478411,94489281011,REF
68719478413,111669149800,REF
68719478414,111669149800,REF
68719478417,94489281017,REF
68719478419,94489281021,REF
68719478420,94489281024,REF
68719478421,94489281024,REF
68719478422,94489281021,REF
68719478423,94489281023,REF
68719478424,111669149800,REF
68719478425,111669149800,REF
68719478426,94489281023,REF
68719478429,94489281021,REF
68719478430,94489281022,REF
68719478431,94489281021,REF
68719478433,94489280959,REF
68719478435,111669149801,REF
68719478436,94489280960,REF
68719478438,111669149801,REF
68719478439,94489280961,REF
68719478441,111669149801,REF
68719478442,94489280962,REF
68719478444,94489280962,REF
68719478445,94489280998,REF
68719478447,94489280998,REF
68719478448,94489281070,REF
68719478449,111669149803,REF
68719478450,94489281070,REF
68719478451,94489281125,REF
68719478452,111669149804,REF
68719478453,111669149804,REF
68719478454,94489281125,REF
68719478458,94489281123,REF
68719478459,94489281123,REF
68719478460,94489281070,REF
68719478461,94489281072,REF
68719478462,94489281124,REF
68719478463,94489281124,REF
68719478464,94489281070,REF
68719478465,111669149804,REF
68719478466,111669149804,REF
68719478470,94489281072,REF
68719478472,94489281120,REF
68719478473,94489281123,REF
68719478474,94489281123,REF
68719478475,94489281120,REF
68719478476,94489281123,REF
68719478477,94489281123,REF
68719478478,94489281120,REF
68719478479,94489281121,REF
68719478480,94489281120,REF
68719478481,94489281122,REF
68719478482,111669149804,REF
68719478483,111669149804,REF
68719478484,94489281122,REF
68719478487,94489281120,REF
68719478488,94489281121,REF
68719478489,94489281120,REF
68719478491,94489281120,REF
68719478492,94489281121,REF
68719478493,94489281120,REF
68719478494,94489281119,REF
68719478496,94489281076,REF
68719478497,111669149806,REF
68719478498,94489281076,REF
68719478499,94489281118,REF
68719478500,111669149807,REF
68719478501,111669149807,REF
68719478502,94489281118,REF
68719478506,94489281078,REF
68719478507,94489281117,REF
68719478508,94489281117,REF
68719478509,94489281076,REF
68719478510,94489281078,REF
68719478511,94489281116,REF
68719478512,111669149807,REF
68719478513,111669149807,REF
68719478514,94489281116,REF
68719478518,111669149807,REF
68719478519,111669149807,REF
68719478522,94489281078,REF
68719478524,94489281112,REF
68719478525,94489281115,REF
68719478526,94489281115,REF
68719478527,94489281112,REF
68719478528,94489281114,REF
68719478529,111669149807,REF
68719478530,111669149807,REF
68719478531,94489281114,REF
68719478534,94489281112,REF
68719478535,94489281113,REF
68719478536,94489281112,REF
68719478538,94489281083,REF
68719478539,111669149809,REF
68719478540,94489281083,REF
68719478541,94489281111,REF
68719478542,111669149810,REF
68719478543,111669149810,REF
68719478544,94489281111,REF
68719478548,94489281085,REF
68719478549,94489281109,REF
68719478550,94489281109,REF
68719478551,94489281083,REF
68719478552,94489281085,REF
68719478553,94489281110,REF
68719478554,111669149810,REF
68719478555,111669149810,REF
68719478556,94489281110,REF
68719478560,94489281087,REF
68719478561,94489281109,REF
68719478562,94489281109,REF
68719478563,94489281083,REF
68719478564,94489281088,REF
68719478565,94489281109,REF
68719478566,94489281109,REF
68719478567,94489281083,REF
68719478568,111669149810,REF
68719478569,111669149810,REF
68719478573,94489281085,REF
68719478575,94489281087,REF
68719478577,94489281088,REF
68719478580,94489281105,REF
68719478581,94489281108,REF
68719478582,94489281108,REF
68719478583,94489281105,REF
68719478584,94489281107,REF
68719478585,111669149810,REF
68719478586,111669149810,REF
68719478587,94489281107,REF
68719478590,94489281105,REF
68719478591,94489281106,REF
68719478592,94489281105,REF
68719478594,94489281093,REF
68719478595,111669149812,REF
68719478596,94489281094,REF
68719478597,111669149812,REF
68719478598,94489281093,REF
68719478599,94489281104,REF
68719478600,111669149813,REF
68719478601,111669149813,REF
68719478602,94489281104,REF
68719478606,94489281096,REF
68719478607,94489281103,REF
68719478608,94489281103,REF
68719478609,94489281093,REF
68719478610,94489281094,REF
68719478611,111669149813,REF
68719478612,111669149813,REF
68719478615,94489281096,REF
68719478617,94489281099,REF
68719478618,94489281102,REF
68719478619,94489281102,REF
68719478620,94489281099,REF
68719478621,94489281101,REF
68719478622,111669149813,REF
68719478623,111669149813,REF
68719478624,94489281101,REF
68719478627,94489281099,REF
68719478628,94489281100,REF
68719478629,94489281099,REF
68719478631,94489281065,REF
68719478633,111669149814,REF
68719478634,94489281066,REF
68719478636,111669149814,REF
68719478637,94489281067,REF
68719478639,111669149814,REF
68719478640,94489281068,REF
68719478642,111669149814,REF
68719478643,94489281069,REF
68719478645,94489281069,REF
68719478646,94489281075,REF
68719478648,94489281075,REF
68719478649,94489281082,REF
68719478651,94489281082,REF
68719478652,94489281092,REF
68719478654,94489281092,REF
68719478655,94489281131,REF
68719478656,111669149816,REF
68719478657,94489281131,REF
68719478658,94489281155,REF
68719478659,111669149817,REF
68719478660,111669149817,REF
68719478661,94489281155,REF
68719478665,94489281153,REF
68719478666,94489281153,REF
68719478667,94489281131,REF
68719478668,94489281133,REF
68719478669,94489281154,REF
68719478670,94489281154,REF
68719478671,94489281131,REF
68719478672,111669149817,REF
68719478673,111669149817,REF
68719478677,94489281133,REF
68719478679,94489281150,REF
68719478680,94489281153,REF
68719478681,94489281153,REF
68719478682,94489281150,REF
68719478683,94489281152,REF
68719478684,111669149817,REF
68719478685,111669149817,REF
68719478686,94489281152,REF
68719478689,94489281150,REF
68719478690,94489281151,REF
68719478691,94489281150,REF
68719478693,94489281137,REF
68719478694,111669149819,REF
68719478695,94489281137,REF
68719478696,94489281149,REF
68719478697,111669149820,REF
68719478698,111669149820,REF
68719478699,94489281149,REF
68719478703,94489281146,REF
68719478704,94489281146,REF
68719478705,94489281137,REF
68719478706,94489281139,REF
68719478707,94489281148,REF
68719478708,94489281148,REF
68719478709,94489281137,REF
68719478710,94489281139,REF
68719478711,94489281147,REF
68719478712,111669149820,REF
68719478713,111669149820,REF
68719478714,94489281147,REF
68719478718,111669149820,REF
68719478719,111669149820,REF
68719478722,94489281139,REF
68719478724,94489281143,REF
68719478725,94489281146,REF
68719478726,94489281146,REF
68719478727,94489281143,REF
68719478728,94489281145,REF
68719478729,111669149820,REF
68719478730,111669149820,REF
68719478731,94489281145,REF
68719478734,94489281143,REF
68719478735,94489281144,REF
68719478736,94489281143,REF
68719478738,94489281126,REF
68719478740,111669149821,REF
68719478741,94489281127,REF
68719478743,111669149821,REF
68719478744,94489281128,REF
68719478746,111669149821,REF
68719478747,94489281129,REF
68719478749,111669149821,REF
68719478750,94489281130,REF
68719478752,94489281130,REF
68719478753,94489281136,REF
68719478755,94489281136,REF
68719478756,94489281161,REF
68719478757,111669149823,REF
68719478758,94489281161,REF
68719478759,94489281208,REF
68719478760,111669149824,REF
68719478761,111669149824,REF
68719478762,94489281208,REF
68719478766,94489281206,REF
68719478767,94489281206,REF
68719478768,94489281161,REF
68719478769,94489281163,REF
68719478770,94489281207,REF
68719478771,94489281207,REF
68719478772,94489281161,REF
68719478773,111669149824,REF
68719478774,111669149824,REF
68719478777,94489281163,REF
68719478780,94489281204,REF
68719478781,94489281206,REF
68719478782,94489281206,REF
68719478783,94489281204,REF
68719478784,94489281206,REF
68719478785,94489281206,REF
68719478786,94489281204,REF
68719478787,94489281205,REF
68719478788,111669149824,REF
68719478789,111669149824,REF
68719478790,94489281205,REF
68719478794,94489281204,REF
68719478796,94489281167,REF
68719478797,111669149826,REF
68719478798,94489281167,REF
68719478799,94489281203,REF
68719478800,111669149827,REF
68719478801,111669149827,REF
68719478802,94489281203,REF
68719478806,94489281169,REF
68719478807,94489281202,REF
68719478808,94489281202,REF
68719478809,94489281167,REF
68719478810,94489281169,REF
68719478811,94489281201,REF
68719478812,111669149827,REF
68719478813,111669149827,REF
68719478814,94489281201,REF
68719478818,111669149827,REF
68719478819,111669149827,REF
68719478822,94489281169,REF
68719478824,94489281198,REF
68719478825,94489281200,REF
68719478826,94489281200,REF
68719478827,94489281198,REF
68719478828,94489281199,REF
68719478829,111669149827,REF
68719478830,111669149827,REF
68719478831,94489281199,REF
68719478835,94489281198,REF
68719478837,94489281174,REF
68719478838,111669149829,REF
68719478839,94489281174,REF
68719478840,94489281197,REF
68719478841,111669149830,REF
68719478842,111669149830,REF
68719478843,94489281197,REF
68719478847,94489281176,REF
68719478848,94489281196,REF
68719478849,94489281196,REF
68719478850,94489281174,REF
68719478851,94489281176,REF
68719478852,94489281195,REF
68719478853,111669149830,REF
68719478854,111669149830,REF
68719478855,94489281195,REF
68719478859,111669149830,REF
68719478860,111669149830,REF
68719478863,94489281176,REF
68719478865,94489281192,REF
68719478866,94489281194,REF
68719478867,94489281194,REF
68719478868,94489281192,REF
68719478869,94489281193,REF
68719478870,111669149830,REF
68719478871,111669149830,REF
68719478872,94489281193,REF
68719478876,94489281192,REF
68719478878,94489281181,REF
68719478879,111669149832,REF
68719478880,94489281182,REF
68719478881,111669149832,REF
68719478882,111669149832,REF
68719478883,94489281181,REF
68719478884,94489281191,REF
68719478885,111669149833,REF
68719478886,111669149833,REF
68719478887,94489281191,REF
68719478891,94489281184,REF
68719478892,94489281190,REF
68719478893,94489281190,REF
68719478894,94489281181,REF
68719478895,94489281182,REF
68719478896,111669149833,REF
68719478897,111669149833,REF
68719478900,94489281184,REF
68719478902,94489281187,REF
68719478903,94489281189,REF
68719478904,94489281189,REF
68719478905,94489281187,REF
68719478906,94489281188,REF
68719478907,111669149833,REF
68719478908,111669149833,REF
68719478909,94489281188,REF
68719478913,94489281187,REF
68719478915,94489281156,REF
68719478917,111669149834,REF
68719478918,94489281157,REF
68719478920,111669149834,REF
68719478921,94489281158,REF
68719478923,111669149834,REF
68719478924,94489281159,REF
68719478926,111669149834,REF
68719478927,94489281160,REF
68719478929,94489281160,REF
68719478930,94489281166,REF
68719478932,94489281166,REF
68719478933,94489281173,REF
68719478935,94489281173,REF
68719478936,94489281180,REF
68719478938,94489281180,REF
68719478939,94489281222,REF
68719478940,94489281366,REF
68719478941,94489281366,REF
68719478942,111669149837,REF
68719478943,111669149837,REF
68719478944,94489281222,REF
68719478945,94489281364,REF
68719478946,94489281365,REF
68719478947,111669149837,REF
68719478948,111669149837,REF
68719478949,94489281365,REF
68719478951,94489281364,REF
68719478953,94489281225,REF
68719478954,111669149839,REF
68719478955,94489281226,REF
68719478958,94489281227,REF
68719478959,94489281226,REF
68719478960,94489281227,REF
68719478961,94489281227,REF
68719478962,94489281362,REF
68719478963,111669149840,REF
68719478964,111669149840,REF
68719478965,94489281362,REF
68719478968,94489281229,REF
68719478969,94489281361,REF
68719478970,94489281361,REF
68719478971,94489281227,REF
68719478972,94489281229,REF
68719478973,94489281360,REF
68719478974,111669149840,REF
68719478975,111669149840,REF
68719478976,94489281360,REF
68719478979,111669149840,REF
68719478980,111669149840,REF
68719478981,94489281229,REF
68719478982,94489281358,REF
68719478983,94489281359,REF
68719478984,111669149840,REF
68719478985,111669149840,REF
68719478986,94489281359,REF
68719478988,94489281358,REF
68719478990,94489281232,REF
68719478991,94489281355,REF
68719478992,94489281355,REF
68719478993,111669149843,REF
68719478994,111669149843,REF
68719478995,94489281232,REF
68719478996,94489281353,REF
68719478997,94489281354,REF
68719478998,111669149843,REF
68719478999,111669149843,REF
68719479000,94489281354,REF
68719479002,94489281353,REF
68719479004,94489281234,REF
68719479005,94489281351,REF
68719479006,94489281351,REF
68719479007,111669149846,REF
68719479008,111669149846,REF
68719479009,94489281234,REF
68719479010,94489281349,REF
68719479011,94489281350,REF
68719479012,111669149846,REF
68719479013,111669149846,REF
68719479014,94489281350,REF
68719479016,94489281349,REF
68719479018,94489281237,REF
68719479019,111669149848,REF
68719479020,94489281238,REF
68719479023,94489281239,REF
68719479024,94489281238,REF
68719479025,94489281239,REF
68719479026,94489281239,REF
68719479027,94489281347,REF
68719479028,111669149849,REF
68719479029,111669149849,REF
68719479030,94489281347,REF
68719479033,94489281241,REF
68719479034,94489281345,REF
68719479035,94489281345,REF
68719479036,94489281239,REF
68719479037,111669149849,REF
68719479038,111669149849,REF
68719479039,94489281241,REF
68719479040,94489281343,REF
68719479041,94489281344,REF
68719479042,111669149849,REF
68719479043,111669149849,REF
68719479044,94489281344,REF
68719479046,94489281343,REF
68719479048,94489281244,REF
68719479049,111669149851,REF
68719479050,94489281245,REF
68719479053,94489281246,REF
68719479054,94489281245,REF
68719479055,94489281246,REF
68719479056,94489281246,REF
68719479057,94489281341,REF
68719479058,111669149852,REF
68719479059,111669149852,REF
68719479060,94489281341,REF
68719479063,94489281340,REF
68719479064,94489281340,REF
68719479065,94489281246,REF
68719479066,111669149852,REF
68719479067,111669149852,REF
68719479070,94489281246,REF
68719479072,94489281338,REF
68719479073,94489281339,REF
68719479074,111669149852,REF
68719479075,111669149852,REF
68719479076,94489281339,REF
68719479078,94489281338,REF
68719479080,94489281335,REF
68719479081,94489281335,REF
68719479082,111669149855,REF
68719479083,111669149855,REF
68719479086,94489281333,REF
68719479087,94489281334,REF
68719479088,111669149855,REF
68719479089,111669149855,REF
68719479090,94489281334,REF
68719479092,94489281333,REF
68719479094,94489281253,REF
68719479095,111669149857,REF
68719479096,94489281254,REF
68719479099,94489281254,REF
68719479100,94489281331,REF
68719479101,111669149858,REF
68719479102,111669149858,REF
68719479103,94489281331,REF
68719479106,94489281256,REF
68719479107,94489281329,REF
68719479108,111669149856,REF
68719479109,94489281254,REF
68719479110,94489281256,REF
68719479111,94489281328,REF
68719479112,111669149858,REF
68719479113,111669149858,REF
68719479114,94489281328,REF
68719479117,111669149858,REF
68719479118,111669149858,REF
68719479119,94489281256,REF
68719479120,94489281326,REF
68719479121,94489281327,REF
68719479122,111669149858,REF
68719479123,111669149858,REF
68719479124,94489281327,REF
68719479126,94489281326,REF
68719479128,94489281260,REF
68719479129,111669149860,REF
68719479130,94489281261,REF
68719479133,94489281262,REF
68719479134,94489281323,REF
68719479135,111669149859,REF
68719479136,94489281261,REF
68719479137,94489281262,REF
68719479138,94489281322,REF
68719479139,111669149861,REF
68719479140,111669149861,REF
68719479141,94489281322,REF
68719479144,111669149861,REF
68719479145,111669149861,REF
68719479147,94489281261,REF
68719479149,94489281320,REF
68719479150,94489281321,REF
68719479151,111669149861,REF
68719479152,111669149861,REF
68719479153,94489281321,REF
68719479155,94489281320,REF
68719479158,111669149863,REF
68719479160,111669149863,REF
68719479162,94489281266,REF
68719479163,94489281317,REF
68719479164,94489281317,REF
68719479165,94489281267,REF
68719479166,94489281266,REF
68719479167,94489281266,REF
68719479168,111669149866,REF
68719479169,111669149866,REF
68719479170,94489281267,REF
68719479171,94489281315,REF
68719479172,94489281316,REF
68719479173,111669149866,REF
68719479174,111669149866,REF
68719479175,94489281316,REF
68719479177,94489281315,REF
68719479179,94489281271,REF
68719479180,111669149868,REF
68719479181,94489281272,REF
68719479184,94489281273,REF
68719479185,94489281272,REF
68719479186,94489281273,REF
68719479187,94489281273,REF
68719479188,94489281313,REF
68719479189,111669149869,REF
68719479190,111669149869,REF
68719479191,94489281313,REF
68719479194,94489281275,REF
68719479195,94489281311,REF
68719479196,94489281311,REF
68719479197,94489281273,REF
68719479198,111669149869,REF
68719479199,111669149869,REF
68719479200,94489281275,REF
68719479201,94489281309,REF
68719479202,94489281310,REF
68719479203,111669149869,REF
68719479204,111669149869,REF
68719479205,94489281310,REF
68719479207,94489281309,REF
68719479209,94489281277,REF
68719479210,111669149870,REF
68719479211,111669149870,REF
68719479212,111669149872,REF
68719479213,111669149872,REF
68719479214,94489281277,REF
68719479215,94489281305,REF
68719479216,94489281307,REF
68719479217,94489281307,REF
68719479218,94489281305,REF
68719479219,94489281306,REF
68719479220,111669149872,REF
68719479221,111669149872,REF
68719479222,94489281306,REF
68719479224,94489281305,REF
68719479226,94489281279,REF
68719479227,94489281302,REF
68719479228,111669149873,REF
68719479229,94489281280,REF
68719479230,94489281300,REF
68719479231,111669149873,REF
68719479232,94489281281,REF
68719479233,94489281298,REF
68719479234,111669149873,REF
68719479235,94489281282,REF
68719479236,111669149873,REF
68719479237,111669149873,REF
68719479238,94489281281,REF
68719479239,94489281283,REF
68719479240,111669149873,REF
68719479241,111669149873,REF
68719479242,94489281281,REF
68719479243,94489281284,REF
68719479244,111669149873,REF
68719479245,111669149873,REF
68719479246,94489281281,REF
68719479247,94489281285,REF
68719479248,94489281296,REF
68719479249,111669149873,REF
68719479251,94489281279,REF
68719479253,94489281280,REF
68719479255,94489281282,REF
68719479257,94489281283,REF
68719479259,94489281284,REF
68719479261,94489281285,REF
68719479263,111669149875,REF
68719479264,111669149876,REF
68719479265,111669149878,REF
68719479266,94489281287,REF
68719479267,111669149878,REF
68719479268,111669149878,REF
68719479269,94489281288,REF
68719479270,94489281287,REF
68719479271,111669149878,REF
68719479272,94489281288,REF
68719479273,94489281288,REF
68719479274,111669149880,REF
68719479275,111669149882,REF
68719479276,111669149882,REF
68719479277,111669149884,REF
68719479278,111669149886,REF
68719479279,111669149886,REF
68719479280,111669149888,REF
68719479281,111669149888,REF
68719479282,111669149890,REF
68719479284,111669149892,REF
68719479285,111669149892,REF
68719479287,111669149892,REF
68719479288,111669149892,REF
68719479290,111669149892,REF
68719479291,111669149892,REF
68719479293,111669149892,REF
68719479294,111669149892,REF
68719479296,94489281367,REF
68719479297,94489281363,REF
68719479298,94489281357,REF
68719479299,94489281352,REF
68719479300,94489281348,REF
68719479301,94489281342,REF
68719479302,94489281337,REF
68719479303,94489281332,REF
68719479304,94489281325,REF
68719479305,94489281319,REF
68719479306,94489281314,REF
68719479307,94489281308,REF
68719479308,94489281304,REF
68719479309,94489281295,REF
68719479310,94489281294,REF
68719479311,94489281293,REF
68719479312,94489281209,REF
68719479314,111669149894,REF
68719479315,94489281210,REF
68719479317,111669149894,REF
68719479318,94489281211,REF
68719479320,111669149894,REF
68719479321,94489281212,REF
68719479323,111669149894,REF
68719479324,94489281213,REF
68719479326,111669149894,REF
68719479327,94489281214,REF
68719479329,111669149894,REF
68719479330,94489281215,REF
68719479332,111669149894,REF
68719479333,94489281216,REF
68719479335,111669149894,REF
68719479336,94489281217,REF
68719479338,111669149894,REF
68719479339,94489281218,REF
68719479341,111669149894,REF
68719479342,94489281219,REF
68719479344,111669149894,REF
68719479345,94489281220,REF
68719479347,111669149894,REF
68719479348,94489281221,REF
68719479350,111669149894,REF
68719479351,94489281290,REF
68719479352,94489281292,REF
68719479353,94489281290,REF
68719479357,94489281292,REF
68719479358,94489281373,REF
68719479359,94489281420,REF
68719479360,94489281419,REF
68719479363,94489281375,REF
68719479364,94489281418,REF
68719479365,94489281417,REF
68719479368,94489281377,REF
68719479369,111669149896,REF
68719479370,94489281377,REF
68719479371,94489281416,REF
68719479372,111669149897,REF
68719479373,111669149897,REF
68719479374,94489281416,REF
68719479378,94489281415,REF
68719479379,94489281415,REF
68719479380,94489281377,REF
68719479381,94489281373,REF
68719479382,94489281373,REF
68719479383,94489281377,REF
68719479384,94489281379,REF
68719479385,94489281375,REF
68719479386,94489281375,REF
68719479387,94489281377,REF
68719479388,111669149897,REF
68719479389,111669149897,REF
68719479392,94489281379,REF
68719479394,94489281413,REF
68719479395,94489281415,REF
68719479396,94489281415,REF
68719479397,94489281413,REF
68719479398,94489281415,REF
68719479399,94489281415,REF
68719479400,94489281413,REF
68719479401,94489281414,REF
68719479402,111669149897,REF
68719479403,111669149897,REF
68719479404,94489281414,REF
68719479408,94489281413,REF
68719479410,94489281383,REF
68719479411,94489281412,REF
68719479412,94489281411,REF
68719479415,94489281385,REF
68719479416,111669149899,REF
68719479417,94489281385,REF
68719479418,94489281410,REF
68719479419,111669149900,REF
68719479420,111669149900,REF
68719479421,94489281410,REF
68719479425,94489281387,REF
68719479426,94489281383,REF
68719479427,94489281383,REF
68719479428,94489281385,REF
68719479429,94489281387,REF
68719479430,94489281409,REF
68719479431,111669149900,REF
68719479432,111669149900,REF
68719479433,94489281409,REF
68719479437,111669149900,REF
68719479438,111669149900,REF
68719479441,94489281387,REF
68719479443,94489281406,REF
68719479444,94489281408,REF
68719479445,94489281408,REF
68719479446,94489281406,REF
68719479447,94489281407,REF
68719479448,111669149900,REF
68719479449,111669149900,REF
68719479450,94489281407,REF
68719479454,94489281406,REF
68719479456,94489281392,REF
68719479457,94489281405,REF
68719479458,94489281404,REF
68719479461,94489281394,REF
68719479462,111669149902,REF
68719479463,94489281395,REF
68719479464,111669149902,REF
68719479465,94489281394,REF
68719479466,94489281403,REF
68719479467,111669149903,REF
68719479468,111669149903,REF
68719479469,94489281403,REF
68719479473,94489281397,REF
68719479474,94489281392,REF
68719479475,94489281392,REF
68719479476,94489281394,REF
68719479477,94489281395,REF
68719479478,111669149903,REF
68719479479,111669149903,REF
68719479482,94489281397,REF
68719479484,94489281400,REF
68719479485,94489281402,REF
68719479486,94489281402,REF
68719479487,94489281400,REF
68719479488,94489281401,REF
68719479489,111669149903,REF
68719479490,111669149903,REF
68719479491,94489281401,REF
68719479495,94489281400,REF
68719479497,94489281368,REF
68719479499,111669149904,REF
68719479500,94489281369,REF
68719479502,111669149904,REF
68719479503,94489281370,REF
68719479505,111669149904,REF
68719479506,94489281371,REF
68719479508,111669149904,REF
68719479509,94489281372,REF
68719479511,94489281372,REF
68719479512,94489281382,REF
68719479514,94489281382,REF
68719479515,94489281391,REF
68719479517,94489281391,REF
68719479518,94489281426,REF
68719479519,94489281473,REF
68719479520,94489281472,REF
68719479523,94489281428,REF
68719479524,94489281471,REF
68719479525,94489281470,REF
68719479528,94489281430,REF
68719479529,111669149906,REF
68719479530,94489281430,REF
68719479531,94489281469,REF
68719479532,111669149907,REF
68719479533,111669149907,REF
68719479534,94489281469,REF
68719479538,94489281468,REF
68719479539,94489281468,REF
68719479540,94489281430,REF
68719479541,94489281426,REF
68719479542,94489281426,REF
68719479543,94489281430,REF
68719479544,94489281432,REF
68719479545,94489281428,REF
68719479546,94489281428,REF
68719479547,94489281430,REF
68719479548,111669149907,REF
68719479549,111669149907,REF
68719479552,94489281432,REF
68719479554,94489281466,REF
68719479555,94489281468,REF
68719479556,94489281468,REF
68719479557,94489281466,REF
68719479558,94489281467,REF
68719479559,111669149907,REF
68719479560,111669149907,REF
68719479561,94489281467,REF
68719479565,94489281466,REF
68719479567,94489281436,REF
68719479568,94489281465,REF
68719479569,94489281464,REF
68719479572,94489281438,REF
68719479573,111669149909,REF
68719479574,94489281438,REF
68719479575,94489281463,REF
68719479576,111669149910,REF
68719479577,111669149910,REF
68719479578,94489281463,REF
68719479582,94489281440,REF
68719479583,94489281436,REF
68719479584,94489281436,REF
68719479585,94489281438,REF
68719479586,94489281440,REF
68719479587,94489281462,REF
68719479588,111669149910,REF
68719479589,111669149910,REF
68719479590,94489281462,REF
68719479594,111669149910,REF
68719479595,111669149910,REF
68719479598,94489281440,REF
68719479600,94489281459,REF
68719479601,94489281461,REF
68719479602,94489281461,REF
68719479603,94489281459,REF
68719479604,94489281460,REF
68719479605,111669149910,REF
68719479606,111669149910,REF
68719479607,94489281460,REF
68719479611,94489281459,REF
68719479613,94489281445,REF
68719479614,94489281458,REF
68719479615,94489281457,REF
68719479618,94489281447,REF
68719479619,111669149912,REF
68719479620,94489281448,REF
68719479621,111669149912,REF
68719479622,94489281447,REF
68719479623,94489281456,REF
68719479624,111669149913,REF
68719479625,111669149913,REF
68719479626,94489281456,REF
68719479630,94489281450,REF
68719479631,94489281445,REF
68719479632,94489281445,REF
68719479633,94489281447,REF
68719479634,94489281448,REF
68719479635,111669149913,REF
68719479636,111669149913,REF
68719479639,94489281450,REF
68719479641,94489281453,REF
68719479642,94489281455,REF
68719479643,94489281455,REF
68719479644,94489281453,REF
68719479645,94489281454,REF
68719479646,111669149913,REF
68719479647,111669149913,REF
68719479648,94489281454,REF
68719479652,94489281453,REF
68719479654,94489281421,REF
68719479656,111669149914,REF
68719479657,94489281422,REF
68719479659,111669149914,REF
68719479660,94489281423,REF
68719479662,111669149914,REF
68719479663,94489281424,REF
68719479665,111669149914,REF
68719479666,94489281425,REF
68719479668,94489281425,REF
68719479669,94489281435,REF
68719479671,94489281435,REF
68719479672,94489281444,REF
68719479674,94489281444,REF
68719479675,94489281479,REF
68719479676,94489281526,REF
68719479677,94489281525,REF
68719479680,94489281481,REF
68719479681,94489281524,REF
68719479682,94489281523,REF
68719479685,94489281483,REF
68719479686,111669149916,REF
68719479687,94489281483,REF
68719479688,94489281522,REF
68719479689,111669149917,REF
68719479690,111669149917,REF
68719479691,94489281522,REF
68719479695,94489281521,REF
68719479696,94489281521,REF
68719479697,94489281483,REF
68719479698,94489281479,REF
68719479699,94489281479,REF
68719479700,94489281483,REF
68719479701,94489281485,REF
68719479702,94489281481,REF
68719479703,94489281481,REF
68719479704,94489281483,REF
68719479705,111669149917,REF
68719479706,111669149917,REF
68719479709,94489281485,REF
68719479711,94489281519,REF
68719479712,94489281521,REF
68719479713,94489281521,REF
68719479714,94489281519,REF
68719479715,94489281520,REF
68719479716,111669149917,REF
68719479717,111669149917,REF
68719479718,94489281520,REF
68719479722,94489281519,REF
68719479724,94489281489,REF
68719479725,94489281518,REF
68719479726,94489281517,REF
68719479729,94489281491,REF
68719479730,111669149919,REF
68719479731,94489281491,REF
68719479732,94489281516,REF
68719479733,111669149920,REF
68719479734,111669149920,REF
68719479735,94489281516,REF
68719479739,94489281493,REF
68719479740,94489281489,REF
68719479741,94489281489,REF
68719479742,94489281491,REF
68719479743,94489281493,REF
68719479744,94489281515,REF
68719479745,111669149920,REF
68719479746,111669149920,REF
68719479747,94489281515,REF
68719479751,111669149920,REF
68719479752,111669149920,REF
68719479755,94489281493,REF
68719479757,94489281512,REF
68719479758,94489281514,REF
68719479759,94489281514,REF
68719479760,94489281512,REF
68719479761,94489281513,REF
68719479762,111669149920,REF
68719479763,111669149920,REF
68719479764,94489281513,REF
68719479768,94489281512,REF
68719479770,94489281498,REF
68719479771,94489281511,REF
68719479772,94489281510,REF
68719479775,94489281500,REF
68719479776,111669149922,REF
68719479777,94489281501,REF
68719479778,111669149922,REF
68719479779,94489281500,REF
68719479780,94489281509,REF
68719479781,111669149923,REF
68719479782,111669149923,REF
68719479783,94489281509,REF
68719479787,94489281503,REF
68719479788,94489281498,REF
68719479789,94489281498,REF
68719479790,94489281500,REF
68719479791,94489281501,REF
68719479792,111669149923,REF
68719479793,111669149923,REF
68719479796,94489281503,REF
68719479798,94489281506,REF
68719479799,94489281508,REF
68719479800,94489281508,REF
68719479801,94489281506,REF
68719479802,94489281507,REF
68719479803,111669149923,REF
68719479804,111669149923,REF
68719479805,94489281507,REF
68719479809,94489281506,REF
68719479811,94489281474,REF
68719479813,111669149924,REF
68719479814,94489281475,REF
68719479816,111669149924,REF
68719479817,94489281476,REF
68719479819,111669149924,REF
68719479820,94489281477,REF
68719479822,111669149924,REF
68719479823,94489281478,REF
68719479825,94489281478,REF
68719479826,94489281488,REF
68719479828,94489281488,REF
68719479829,94489281497,REF
68719479831,94489281497,REF
68719479832,94489281530,REF
68719479833,94489281538,REF
68719479834,111669149925,REF
68719479835,94489281536,REF
68719479836,94489281536,REF
68719479837,94489281536,REF
68719479838,94489281536,REF
68719479839,94489281537,REF
68719479840,94489281537,REF
68719479841,94489281531,REF
68719479842,94489281530,REF
68719479843,94489281530,REF
68719479844,94489281536,REF
68719479845,94489281536,REF
68719479846,94489281536,REF
68719479847,94489281536,REF
68719479848,94489281531,REF
68719479849,94489281536,REF
68719479850,94489281536,REF
68719479851,94489281531,REF
68719479852,94489281536,REF
68719479853,94489281536,REF
68719479854,94489281531,REF
68719479855,94489281536,REF
68719479856,94489281536,REF
68719479857,94489281536,REF
68719479858,94489281536,REF
68719479859,94489281531,REF
68719479860,94489281532,REF
68719479861,94489281530,REF
68719479862,94489281530,REF
68719479863,94489281536,REF
68719479864,94489281536,REF
68719479865,94489281536,REF
68719479866,94489281536,REF
68719479867,94489281532,REF
68719479868,94489281536,REF
68719479869,94489281536,REF
68719479870,94489281532,REF
68719479871,94489281533,REF
68719479872,94489281530,REF
68719479873,94489281530,REF
68719479874,94489281536,REF
68719479875,94489281536,REF
68719479876,94489281536,REF
68719479877,94489281536,REF
68719479878,94489281533,REF
68719479879,94489281536,REF
68719479880,94489281536,REF
68719479881,94489281533,REF
68719479882,94489281534,REF
68719479883,94489281534,REF
68719479884,94489281535,REF
68719479885,94489281536,REF
68719479886,94489281536,REF
68719479887,94489281535,REF
68719479888,94489281534,REF
68719479889,94489281534,REF
68719479890,94489281527,REF
68719479892,111669149926,REF
68719479893,94489281528,REF
68719479895,111669149926,REF
68719479896,94489281529,REF
68719479897,94489281529,REF
68719479898,111669149926,REF
68719479899,94489281544,REF
68719479900,94489281553,REF
68719479901,111669149927,REF
68719479902,94489281549,REF
68719479903,94489281549,REF
68719479904,94489281549,REF
68719479905,94489281549,REF
68719479906,94489281545,REF
68719479907,94489281552,REF
68719479908,94489281552,REF
68719479909,94489281551,REF
68719479910,94489281546,REF
68719479911,94489281550,REF
68719479912,94489281550,REF
68719479913,94489281545,REF
68719479914,94489281544,REF
68719479915,94489281544,REF
68719479916,94489281546,REF
68719479917,94489281549,REF
68719479918,94489281549,REF
68719479919,94489281549,REF
68719479920,94489281549,REF
68719479921,94489281549,REF
68719479922,94489281549,REF
68719479923,94489281549,REF
68719479924,94489281549,REF
68719479925,94489281549,REF
68719479926,94489281549,REF
68719479927,94489281549,REF
68719479928,94489281549,REF
68719479929,94489281547,REF
68719479930,94489281547,REF
68719479931,94489281548,REF
68719479932,94489281549,REF
68719479933,94489281549,REF
68719479934,94489281548,REF
68719479935,94489281547,REF
68719479936,94489281547,REF
68719479937,94489281539,REF
68719479939,111669149928,REF
68719479940,94489281540,REF
68719479942,111669149928,REF
68719479943,94489281541,REF
68719479945,111669149928,REF
68719479946,94489281542,REF
68719479948,111669149928,REF
68719479949,94489281543,REF
68719479950,94489281543,REF
68719479951,111669149928,REF
68719479952,94489281575,REF
68719479953,94489281575,REF
68719479954,111669149930,REF
68719479955,94489281573,REF
68719479956,94489281557,REF
68719479957,94489281580,REF
68719479958,94489281557,REF
68719479959,94489281579,REF
68719479960,94489281578,REF
68719479963,94489281573,REF
68719479964,94489281577,REF
68719479965,94489281576,REF
68719479968,94489281557,REF
68719479977,94489281573,REF
68719479978,94489281573,REF
68719479979,94489281574,REF
68719479980,94489281574,REF
68719479981,94489281573,REF
68719479982,94489281563,REF
68719479983,94489281572,REF
68719479984,111669149932,REF
68719479985,94489281564,REF
68719479986,94489281563,REF
68719479987,94489281563,REF
68719479988,94489281565,REF
68719479989,94489281564,REF
68719479990,94489281564,REF
68719479991,94489281571,REF
68719479992,94489281571,REF
68719479993,94489281565,REF
68719479994,94489281564,REF
68719479995,94489281564,REF
68719479996,94489281570,REF
68719479997,94489281571,REF
68719479998,94489281571,REF
68719479999,94489281570,REF
68719480000,94489281570,REF
68719480001,94489281569,REF
68719480002,94489281569,REF
68719480003,94489281569,REF
68719480004,94489281569,REF
68719480005,94489281568,REF
68719480006,94489281568,REF
68719480007,94489281554,REF
68719480009,111669149934,REF
68719480010,94489281555,REF
68719480011,94489281556,REF
68719480013,94489281556,REF
68719480014,94489281562,REF
68719480016,94489281562,REF
68719480017,94489281566,REF
68719480019,94489281566,REF
68719480021,94489281556,REF
68719480023,94489281562,REF
68719480025,94489281566,REF
68719480028,94489281556,REF
68719480030,94489281562,REF
68719480032,94489281566,REF
68719480033,94489281586,REF
68719480034,94489281595,REF
68719480035,111669149935,REF
68719480036,94489281591,REF
68719480037,94489281591,REF
68719480038,94489281587,REF
68719480039,94489281594,REF
68719480040,94489281594,REF
68719480041,94489281593,REF
68719480042,94489281588,REF
68719480043,94489281592,REF
68719480044,94489281592,REF
68719480045,94489281587,REF
68719480046,94489281586,REF
68719480047,94489281586,REF
68719480048,94489281588,REF
68719480049,94489281591,REF
68719480050,94489281591,REF
68719480051,94489281591,REF
68719480052,94489281591,REF
68719480053,94489281591,REF
68719480054,94489281591,REF
68719480055,94489281591,REF
68719480056,94489281591,REF
68719480057,94489281591,REF
68719480058,94489281591,REF
68719480059,94489281591,REF
68719480060,94489281591,REF
68719480061,94489281589,REF
68719480062,94489281589,REF
68719480063,94489281590,REF
68719480064,94489281591,REF
68719480065,94489281591,REF
68719480066,94489281590,REF
68719480067,94489281589,REF
68719480068,94489281589,REF
68719480069,94489281581,REF
68719480071,111669149936,REF
68719480072,94489281582,REF
68719480074,111669149936,REF
68719480075,94489281583,REF
68719480077,111669149936,REF
68719480078,94489281584,REF
68719480080,111669149936,REF
68719480081,94489281585,REF
68719480082,94489281585,REF
68719480083,111669149936,REF
68719480084,94489281600,REF
68719480085,94489281817,REF
68719480086,111669149937,REF
68719480087,94489281601,REF
68719480088,94489281816,REF
68719480089,94489281816,REF
68719480090,94489281815,REF
68719480091,94489281602,REF
68719480092,94489281814,REF
68719480093,94489281814,REF
68719480094,94489281601,REF
68719480095,94489281600,REF
68719480096,94489281600,REF
68719480097,94489281602,REF
68719480098,94489281813,REF
68719480099,94489281813,REF
68719480100,94489281812,REF
68719480101,94489281813,REF
68719480102,94489281813,REF
68719480103,94489281812,REF
68719480104,94489281812,REF
68719480105,94489281604,REF
68719480106,94489281811,REF
68719480107,111669149938,REF
68719480108,94489281605,REF
68719480109,94489281606,REF
68719480110,94489281604,REF
68719480111,94489281604,REF
68719480112,94489281605,REF
68719480113,94489281810,REF
68719480116,111669149939,REF
68719480119,111669149939,REF
68719480122,111669149939,REF
68719480125,111669149939,REF
68719480128,111669149939,REF
68719480131,111669149939,REF
68719480132,111669149939,REF
68719480135,111669149939,REF
68719480138,111669149939,REF
68719480141,111669149939,REF
68719480143,94489281606,REF
68719480144,94489281808,REF
68719480145,94489281809,REF
68719480146,94489281809,REF
68719480147,94489281808,REF
68719480148,94489281808,REF
68719480152,94489281807,REF
68719480153,111669149941,REF
68719480154,94489281806,REF
68719480155,94489281804,REF
68719480158,94489281805,REF
68719480159,111669149940,REF
68719480160,94489281804,REF
68719480161,94489281803,REF
68719480162,94489281803,REF
68719480163,111669149941,REF
68719480164,94489281802,REF
68719480165,94489281803,REF
68719480166,94489281803,REF
68719480167,94489281802,REF
68719480168,94489281802,REF
68719480169,94489281613,REF
68719480170,94489281801,REF
68719480171,111669149942,REF
68719480172,94489281614,REF
68719480173,94489281615,REF
68719480174,94489281613,REF
68719480175,94489281613,REF
68719480176,94489281614,REF
68719480177,94489281615,REF
68719480178,94489281799,REF
68719480179,94489281800,REF
68719480180,94489281800,REF
68719480181,94489281799,REF
68719480182,94489281799,REF
68719480183,94489281617,REF
68719480184,94489281798,REF
68719480185,111669149943,REF
68719480186,94489281618,REF
68719480187,94489281619,REF
68719480188,94489281617,REF
68719480189,94489281617,REF
68719480190,94489281618,REF
68719480191,94489281797,REF
68719480194,111669149944,REF
68719480196,94489281619,REF
68719480197,94489281795,REF
68719480198,94489281796,REF
68719480199,94489281796,REF
68719480200,94489281795,REF
68719480201,94489281795,REF
68719480202,94489281622,REF
68719480203,94489281794,REF
68719480204,111669149945,REF
68719480205,94489281623,REF
68719480206,94489281624,REF
68719480207,94489281622,REF
68719480208,94489281622,REF
68719480209,94489281623,REF
68719480210,94489281793,REF
68719480213,111669149946,REF
68719480215,94489281624,REF
68719480216,94489281791,REF
68719480217,94489281792,REF
68719480218,94489281792,REF
68719480219,94489281791,REF
68719480220,94489281791,REF
68719480221,94489281788,REF
68719480224,94489281627,REF
68719480225,94489281790,REF
68719480226,111669149947,REF
68719480227,94489281628,REF
68719480228,94489281629,REF
68719480229,94489281627,REF
68719480230,94489281627,REF
68719480231,94489281628,REF
68719480232,94489281789,REF
68719480235,111669149948,REF
68719480238,94489281788,REF
68719480240,94489281629,REF
68719480241,94489281786,REF
68719480242,94489281787,REF
68719480243,94489281787,REF
68719480244,94489281786,REF
68719480245,94489281786,REF
68719480246,94489281785,REF
68719480247,111669149950,REF
68719480248,111669149951,REF
68719480249,94489281633,REF
68719480250,94489281784,REF
68719480251,111669149952,REF
68719480252,94489281634,REF
68719480253,94489281635,REF
68719480254,94489281633,REF
68719480255,94489281633,REF
68719480256,94489281634,REF
68719480257,94489281783,REF
68719480260,111669149953,REF
68719480262,94489281635,REF
68719480263,94489281635,REF
68719480264,94489281781,REF
68719480265,94489281782,REF
68719480266,94489281782,REF
68719480267,94489281781,REF
68719480268,94489281781,REF
68719480269,94489281638,REF
68719480270,94489281780,REF
68719480271,111669149954,REF
68719480272,94489281639,REF
68719480273,94489281640,REF
68719480274,94489281638,REF
68719480275,94489281638,REF
68719480276,94489281639,REF
68719480277,94489281779,REF
68719480280,111669149955,REF
68719480282,94489281640,REF
68719480283,94489281777,REF
68719480284,94489281778,REF
68719480285,94489281778,REF
68719480286,94489281777,REF
68719480287,94489281777,REF
68719480288,111669149957,REF
68719480289,94489281643,REF
68719480290,94489281776,REF
68719480291,111669149958,REF
68719480292,94489281644,REF
68719480293,94489281645,REF
68719480294,94489281643,REF
68719480295,94489281643,REF
68719480296,94489281644,REF
68719480297,94489281775,REF
68719480298,94489281645,REF
68719480299,94489281775,REF
68719480300,94489281773,REF
68719480301,94489281774,REF
68719480302,94489281774,REF
68719480303,94489281773,REF
68719480304,94489281773,REF
68719480305,94489281647,REF
68719480306,94489281772,REF
68719480307,111669149959,REF
68719480308,94489281648,REF
68719480309,94489281771,REF
68719480310,111669149959,REF
68719480311,111669149960,REF
68719480312,94489281648,REF
68719480313,94489281770,REF
68719480314,94489281769,REF
68719480316,111669149960,REF
68719480318,94489281650,REF
68719480319,94489281651,REF
68719480320,94489281647,REF
68719480321,94489281647,REF
68719480322,94489281650,REF
68719480323,94489281768,REF
68719480326,94489281648,REF
68719480329,111669149960,REF
68719480332,111669149960,REF
68719480335,111669149960,REF
68719480338,111669149960,REF
68719480341,111669149960,REF
68719480344,111669149960,REF
68719480347,111669149960,REF
68719480350,111669149960,REF
68719480353,111669149960,REF
68719480356,111669149960,REF
68719480359,111669149960,REF
68719480362,111669149960,REF
68719480364,94489281651,REF
68719480365,94489281766,REF
68719480366,94489281767,REF
68719480367,94489281767,REF
68719480368,94489281766,REF
68719480369,94489281766,REF
68719480370,94489281654,REF
68719480371,94489281765,REF
68719480372,111669149961,REF
68719480373,94489281655,REF
68719480374,94489281656,REF
68719480375,94489281654,REF
68719480376,94489281654,REF
68719480377,94489281655,REF
68719480378,94489281656,REF
68719480379,94489281763,REF
68719480380,94489281764,REF
68719480381,94489281764,REF
68719480382,94489281763,REF
68719480383,94489281763,REF
68719480384,94489281658,REF
68719480385,94489281762,REF
68719480386,111669149962,REF
68719480387,94489281659,REF
68719480388,94489281660,REF
68719480389,94489281658,REF
68719480390,94489281658,REF
68719480391,94489281659,REF
68719480392,94489281761,REF
68719480395,111669149963,REF
68719480397,94489281660,REF
68719480398,94489281759,REF
68719480399,94489281760,REF
68719480400,94489281760,REF
68719480401,94489281759,REF
68719480402,94489281759,REF
68719480403,94489281663,REF
68719480404,94489281758,REF
68719480405,111669149964,REF
68719480406,94489281664,REF
68719480407,94489281665,REF
68719480408,94489281663,REF
68719480409,94489281663,REF
68719480410,94489281664,REF
68719480411,94489281757,REF
68719480414,111669149965,REF
68719480416,94489281665,REF
68719480417,94489281665,REF
68719480418,94489281755,REF
68719480419,94489281756,REF
68719480420,94489281756,REF
68719480421,94489281755,REF
68719480422,94489281755,REF
68719480423,94489281672,REF
68719480424,94489281754,REF
68719480425,111669149966,REF
68719480426,94489281673,REF
68719480427,94489281672,REF
68719480428,94489281672,REF
68719480429,94489281753,REF
68719480432,111669149967,REF
68719480434,94489281673,REF
68719480435,94489281752,REF
68719480436,94489281751,REF
68719480438,111669149967,REF
68719480440,94489281676,REF
68719480441,94489281673,REF
68719480442,94489281672,REF
68719480443,94489281672,REF
68719480444,94489281750,REF
68719480447,94489281676,REF
68719480450,111669149968,REF
68719480453,111669149968,REF
68719480456,111669149968,REF
68719480459,111669149968,REF
68719480461,94489281749,REF
68719480462,94489281749,REF
68719480463,111669149967,REF
68719480464,94489281748,REF
68719480465,94489281749,REF
68719480466,94489281749,REF
68719480467,94489281748,REF
68719480468,94489281748,REF
68719480469,94489281679,REF
68719480470,94489281747,REF
68719480471,111669149969,REF
68719480472,94489281680,REF
68719480473,94489281681,REF
68719480474,94489281679,REF
68719480475,94489281679,REF
68719480476,94489281680,REF
68719480477,94489281746,REF
68719480480,111669149970,REF
68719480482,94489281681,REF
68719480483,94489281681,REF
68719480484,94489281744,REF
68719480485,94489281745,REF
68719480486,94489281745,REF
68719480487,94489281744,REF
68719480488,94489281744,REF
68719480489,94489281684,REF
68719480490,94489281743,REF
68719480491,111669149971,REF
68719480492,94489281685,REF
68719480493,94489281686,REF
68719480494,94489281684,REF
68719480495,94489281684,REF
68719480496,94489281685,REF
68719480497,94489281742,REF
68719480500,111669149972,REF
68719480502,94489281686,REF
68719480503,94489281740,REF
68719480504,94489281741,REF
68719480505,94489281741,REF
68719480506,94489281740,REF
68719480507,94489281740,REF
68719480508,94489281689,REF
68719480509,94489281739,REF
68719480510,111669149973,REF
68719480511,94489281690,REF
68719480512,94489281691,REF
68719480513,94489281689,REF
68719480514,94489281689,REF
68719480515,94489281690,REF
68719480516,94489281738,REF
68719480519,111669149974,REF
68719480521,94489281691,REF
68719480522,94489281736,REF
68719480523,94489281737,REF
68719480524,94489281737,REF
68719480525,94489281736,REF
68719480526,94489281736,REF
68719480527,94489281694,REF
68719480528,94489281735,REF
68719480529,111669149975,REF
68719480530,94489281695,REF
68719480531,94489281696,REF
68719480532,94489281694,REF
68719480533,94489281694,REF
68719480534,94489281695,REF
68719480535,94489281696,REF
68719480536,94489281733,REF
68719480537,94489281734,REF
68719480538,94489281734,REF
68719480539,94489281733,REF
68719480540,94489281733,REF
68719480541,94489281698,REF
68719480542,94489281732,REF
68719480543,111669149976,REF
68719480544,94489281699,REF
68719480545,94489281700,REF
68719480546,94489281698,REF
68719480547,94489281698,REF
68719480548,94489281699,REF
68719480549,94489281700,REF
68719480550,94489281730,REF
68719480551,94489281731,REF
68719480552,94489281731,REF
68719480553,94489281730,REF
68719480554,94489281730,REF
68719480555,94489281702,REF
68719480556,94489281729,REF
68719480557,111669149977,REF
68719480558,94489281703,REF
68719480559,94489281702,REF
68719480560,94489281702,REF
68719480561,94489281703,REF
68719480562,94489281727,REF
68719480563,94489281728,REF
68719480564,94489281728,REF
68719480565,94489281727,REF
68719480566,94489281727,REF
68719480567,94489281705,REF
68719480568,94489281726,REF
68719480569,111669149978,REF
68719480570,94489281706,REF
68719480571,94489281705,REF
68719480572,94489281705,REF
68719480573,94489281706,REF
68719480574,94489281724,REF
68719480575,94489281725,REF
68719480576,94489281725,REF
68719480577,94489281724,REF
68719480578,94489281724,REF
68719480579,94489281708,REF
68719480580,94489281723,REF
68719480581,111669149979,REF
68719480582,94489281709,REF
68719480583,94489281710,REF
68719480584,94489281708,REF
68719480585,94489281708,REF
68719480586,94489281709,REF
68719480587,94489281710,REF
68719480588,94489281721,REF
68719480589,94489281722,REF
68719480590,94489281722,REF
68719480591,94489281721,REF
68719480592,94489281721,REF
68719480593,94489281718,REF
68719480596,94489281712,REF
68719480597,94489281720,REF
68719480598,111669149980,REF
68719480599,94489281713,REF
68719480600,94489281714,REF
68719480601,94489281712,REF
68719480602,94489281712,REF
68719480603,94489281713,REF
68719480604,94489281719,REF
68719480607,94489281718,REF
68719480609,94489281714,REF
68719480610,94489281716,REF
68719480611,94489281717,REF
68719480612,94489281717,REF
68719480613,94489281716,REF
68719480614,94489281716,REF
68719480615,94489281596,REF
68719480617,111669149982,REF
68719480618,94489281597,REF
68719480620,111669149982,REF
68719480621,94489281598,REF
68719480623,111669149982,REF
68719480624,94489281599,REF
68719480626,94489281599,REF
68719480627,94489281603,REF
68719480629,94489281603,REF
68719480630,94489281608,REF
68719480632,94489281608,REF
68719480633,94489281612,REF
68719480635,94489281612,REF
68719480636,94489281616,REF
68719480638,94489281616,REF
68719480639,94489281621,REF
68719480641,94489281621,REF
68719480642,94489281626,REF
68719480644,94489281626,REF
68719480645,94489281631,REF
68719480647,94489281631,REF
68719480648,94489281632,REF
68719480650,94489281632,REF
68719480651,94489281637,REF
68719480653,94489281637,REF
68719480654,94489281642,REF
68719480656,94489281642,REF
68719480657,94489281646,REF
68719480659,94489281646,REF
68719480660,94489281653,REF
68719480662,94489281653,REF
68719480663,94489281657,REF
68719480665,94489281657,REF
68719480666,94489281662,REF
68719480668,94489281662,REF
68719480669,94489281667,REF
68719480670,94489281603,REF
68719480672,94489281667,REF
68719480673,94489281668,REF
68719480674,94489281608,REF
68719480676,94489281668,REF
68719480677,94489281669,REF
68719480678,94489281612,REF
68719480680,94489281669,REF
68719480681,94489281670,REF
68719480682,94489281653,REF
68719480684,94489281670,REF
68719480685,94489281671,REF
68719480687,94489281671,REF
68719480688,94489281678,REF
68719480690,94489281678,REF
68719480691,94489281683,REF
68719480693,94489281683,REF
68719480694,94489281688,REF
68719480696,94489281688,REF
68719480697,94489281693,REF
68719480699,94489281693,REF
68719480700,94489281697,REF
68719480702,94489281697,REF
68719480703,94489281701,REF
68719480705,94489281701,REF
68719480706,94489281704,REF
68719480708,94489281704,REF
68719480709,94489281707,REF
68719480711,94489281707,REF
68719480712,94489281711,REF
68719480714,94489281711,REF
68719480715,111669149985,REF
68719480716,111669149985,REF
68719480721,94489281853,REF
68719480722,111669149988,REF
68719480723,111669149988,REF
68719480724,94489281853,REF
68719480728,111669149987,REF
68719480729,111669149987,REF
68719480731,94489281846,REF
68719480732,94489281846,REF
68719480733,94489281844,REF
68719480734,94489281846,REF
68719480735,94489281846,REF
68719480736,94489281844,REF
68719480737,94489281852,REF
68719480738,111669149990,REF
68719480739,94489281851,REF
68719480740,111669149990,REF
68719480741,94489281843,REF
68719480742,94489281843,REF
68719480743,94489281850,REF
68719480744,111669149990,REF
68719480745,94489281843,REF
68719480746,94489281843,REF
68719480747,94489281849,REF
68719480748,94489281843,REF
68719480749,94489281843,REF
68719480750,94489281849,REF
68719480751,94489281848,REF
68719480752,111669149990,REF
68719480753,94489281847,REF
68719480754,94489281847,REF
68719480755,94489281845,REF
68719480756,94489281842,REF
68719480757,94489281843,REF
68719480758,94489281843,REF
68719480759,94489281842,REF
68719480760,94489281841,REF
68719480761,94489281841,REF
68719480762,94489281818,REF
68719480764,111669149991,REF
68719480765,94489281819,REF
68719480767,111669149991,REF
68719480768,94489281820,REF
68719480770,111669149991,REF
68719480771,94489281821,REF
68719480773,111669149991,REF
68719480774,94489281822,REF
68719480776,111669149991,REF
68719480777,94489281823,REF
68719480779,111669149991,REF
68719480780,94489281824,REF
68719480782,111669149991,REF
68719480783,94489281825,REF
68719480785,111669149991,REF
68719480786,94489281826,REF
68719480788,111669149991,REF
68719480789,94489281827,REF
68719480791,111669149991,REF
68719480792,94489281828,REF
68719480794,111669149991,REF
68719480795,94489281829,REF
68719480797,111669149991,REF
68719480798,94489281830,REF
68719480800,111669149991,REF
68719480801,94489281824,REF
68719480802,94489281824,REF
68719480804,94489281856,REF
68719480806,94489281832,REF
68719480807,94489281818,REF
68719480808,111669149991,REF
68719480809,94489281833,REF
68719480810,94489281856,REF
68719480811,94489281832,REF
68719480812,94489281832,REF
68719480813,94489281823,REF
68719480814,111669149991,REF
68719480816,94489281855,REF
68719480817,94489281857,REF
68719480826,94489281856,REF
68719480828,94489281855,REF
68719480829,94489281854,REF
68719480832,94489281832,REF
68719480833,94489281832,REF
68719480834,94489281818,REF
68719480835,94489281818,REF
68719480838,94489281832,REF
68719480839,94489281832,REF
68719480840,94489281818,REF
68719480841,94489281818,REF
68719480845,94489281832,REF
68719480846,94489281832,REF
68719480847,94489281825,REF
68719480848,94489281832,REF
68719480849,94489281832,REF
68719480850,94489281832,REF
68719480851,94489281832,REF
68719480852,94489281832,REF
68719480853,94489281832,REF
68719480854,94489281826,REF
68719480855,94489281840,REF
68719480856,94489281840,REF
68719480857,111669149991,REF
68719480858,94489281832,REF
68719480860,94489281832,REF
68719480861,94489281864,REF
68719480862,94489281864,REF
68719480863,111669149993,REF
68719480864,94489281863,REF
68719480865,111669149995,REF
68719480866,111669149995,REF
68719480867,94489281863,REF
68719480871,111669149993,REF
68719480873,94489281858,REF
68719480875,111669149997,REF
68719480876,94489281859,REF
68719480878,111669149997,REF
68719480879,94489281860,REF
68719480881,111669149997,REF
68719480882,94489281861,REF
68719480884,94489281861,REF
68719480885,94489281865,REF
68719480887,111669149998,REF
68719480888,94489281866,REF
68719480890,111669149998,REF
68719480891,94489281867,REF
68719480893,111669149998,REF
68719480894,94489281868,REF
68719480896,111669149998,REF
68719480897,94489281869,REF
68719480899,111669149998,REF
68719480900,94489281870,REF
68719480902,111669149998,REF
68719480903,94489281871,REF
68719480905,111669149998,REF
68719480906,94489281872,REF
68719480908,111669149998,REF
68719480909,94489281873,REF
68719480911,111669149998,REF
68719480912,94489281874,REF
68719480914,111669149998,REF
68719480915,94489281875,REF
68719480917,111669149998,REF
68719480918,94489281876,REF
68719480920,111669149998,REF
68719480921,94489281877,REF
68719480923,111669149998,REF
68719480924,94489281878,REF
68719480926,111669149998,REF
68719480927,94489281879,REF
68719480929,111669149998,REF
68719480930,94489281880,REF
68719480932,111669149998,REF
68719480933,94489281881,REF
68719480935,111669149998,REF
68719480936,94489281882,REF
68719480938,111669149998,REF
68719480939,94489281883,REF
68719480940,94489281865,REF
68719480941,111669149998,REF
68719480942,94489281883,REF
68719480943,94489281883,REF
68719480944,94489281866,REF
68719480945,94489281883,REF
68719480946,94489281883,REF
68719480947,94489281867,REF
68719480948,94489281883,REF
68719480949,94489281883,REF
68719480950,94489281868,REF
68719480951,94489281883,REF
68719480952,94489281883,REF
68719480953,94489281869,REF
68719480954,94489281883,REF
68719480955,94489281883,REF
68719480956,94489281879,REF
68719480957,94489281883,REF
68719480958,94489281883,REF
68719480959,94489281870,REF
68719480960,94489281883,REF
68719480961,94489281883,REF
68719480962,94489281871,REF
68719480963,94489281883,REF
68719480964,94489281883,REF
68719480965,94489281872,REF
68719480966,94489281883,REF
68719480967,94489281883,REF
68719480968,94489281873,REF
68719480969,94489281883,REF
68719480970,94489281883,REF
68719480971,94489281874,REF
68719480972,94489281883,REF
68719480973,94489281883,REF
68719480974,94489281882,REF
68719480975,94489281883,REF
68719480976,94489281883,REF
68719480977,94489281880,REF
68719480978,94489281883,REF
68719480979,94489281883,REF
68719480980,94489281881,REF
68719480981,94489281883,REF
68719480982,94489281883,REF
68719480983,94489281875,REF
68719480984,94489281883,REF
68719480985,94489281883,REF
68719480986,94489281876,REF
68719480987,94489281883,REF
68719480988,94489281883,REF
68719480989,94489281877,REF
68719480990,94489281883,REF
68719480991,94489281883,REF
68719480992,94489281878,REF
68719480993,94489281883,REF
68719480995,94489281883,REF
68719480996,111669150001,REF
68719480997,111669150001,REF
68719481000,94489281900,REF
68719481001,94489281905,REF
68719481002,94489281905,REF
68719481003,111669150004,REF
68719481004,111669150004,REF
68719481006,94489281900,REF
68719481008,94489281903,REF
68719481009,94489281904,REF
68719481010,111669150004,REF
68719481011,111669150004,REF
68719481012,94489281904,REF
68719481014,94489281903,REF
68719481016,94489281884,REF
68719481018,111669150005,REF
68719481019,94489281885,REF
68719481021,111669150005,REF
68719481022,94489281886,REF
68719481024,111669150005,REF
68719481025,94489281887,REF
68719481027,111669150005,REF
68719481028,94489281888,REF
68719481030,111669150005,REF
68719481031,94489281889,REF
68719481033,111669150005,REF
68719481034,94489281890,REF
68719481036,111669150005,REF
68719481037,94489281891,REF
68719481039,111669150005,REF
68719481040,94489281892,REF
68719481042,111669150005,REF
68719481043,94489281893,REF
68719481045,111669150005,REF
68719481046,94489281894,REF
68719481048,111669150005,REF
68719481049,94489281895,REF
68719481051,111669150005,REF
68719481052,94489281896,REF
68719481054,111669150005,REF
68719481055,94489281897,REF
68719481057,111669150005,REF
68719481058,94489281898,REF
68719481059,94489281884,REF
68719481060,111669150005,REF
68719481061,94489281898,REF
68719481062,94489281898,REF
68719481063,94489281898,REF
68719481064,94489281898,REF
68719481065,94489281898,REF
68719481066,94489281898,REF
68719481067,94489281885,REF
68719481068,94489281898,REF
68719481069,94489281898,REF
68719481070,94489281885,REF
68719481071,94489281898,REF
68719481072,94489281898,REF
68719481073,94489281885,REF
68719481074,94489281898,REF
68719481075,94489281898,REF
68719481076,94489281885,REF
68719481077,94489281898,REF
68719481078,94489281898,REF
68719481079,94489281885,REF
68719481080,94489281898,REF
68719481081,94489281898,REF
68719481082,94489281885,REF
68719481083,94489281898,REF
68719481084,94489281898,REF
68719481085,94489281885,REF
68719481086,94489281898,REF
68719481087,94489281898,REF
68719481088,94489281885,REF
68719481089,94489281898,REF
68719481090,94489281898,REF
68719481091,94489281885,REF
68719481092,94489281898,REF
68719481093,94489281898,REF
68719481094,94489281885,REF
68719481095,94489281898,REF
68719481096,94489281898,REF
68719481097,94489281885,REF
68719481098,94489281898,REF
68719481099,94489281898,REF
68719481100,94489281896,REF
68719481101,94489281898,REF
68719481102,94489281898,REF
68719481103,94489281897,REF
68719481104,94489281898,REF
68719481105,94489281898,REF
68719481106,94489281887,REF
68719481107,94489281898,REF
68719481108,94489281898,REF
68719481109,94489281887,REF
68719481110,94489281898,REF
68719481111,94489281898,REF
68719481112,94489281887,REF
68719481113,94489281898,REF
68719481114,94489281898,REF
68719481115,94489281887,REF
68719481116,94489281898,REF
68719481117,94489281898,REF
68719481118,94489281888,REF
68719481119,94489281898,REF
68719481120,94489281898,REF
68719481121,94489281888,REF
68719481122,94489281898,REF
68719481123,94489281898,REF
68719481124,94489281888,REF
68719481125,94489281898,REF
68719481126,94489281898,REF
68719481127,94489281888,REF
68719481128,94489281898,REF
68719481129,94489281898,REF
68719481130,94489281889,REF
68719481131,94489281898,REF
68719481132,94489281898,REF
68719481133,94489281889,REF
68719481134,94489281898,REF
68719481135,94489281898,REF
68719481136,94489281889,REF
68719481137,94489281898,REF
68719481138,94489281898,REF
68719481139,94489281890,REF
68719481140,94489281898,REF
68719481141,94489281898,REF
68719481142,94489281890,REF
68719481143,94489281898,REF
68719481144,94489281898,REF
68719481145,94489281890,REF
68719481146,94489281898,REF
68719481147,94489281898,REF
68719481148,94489281891,REF
68719481149,94489281898,REF
68719481150,94489281898,REF
68719481151,94489281891,REF
68719481152,94489281898,REF
68719481153,94489281898,REF
68719481154,94489281891,REF
68719481155,94489281898,REF
68719481156,94489281898,REF
68719481157,94489281892,REF
68719481158,94489281898,REF
68719481159,94489281898,REF
68719481160,94489281892,REF
68719481161,94489281898,REF
68719481162,94489281898,REF
68719481163,94489281892,REF
68719481164,94489281898,REF
68719481165,94489281898,REF
68719481166,94489281893,REF
68719481167,94489281898,REF
68719481168,94489281898,REF
68719481169,94489281893,REF
68719481170,94489281898,REF
68719481171,94489281898,REF
68719481172,94489281894,REF
68719481173,94489281898,REF
68719481174,94489281898,REF
68719481175,94489281894,REF
68719481176,94489281898,REF
68719481177,94489281898,REF
68719481178,94489281886,REF
68719481179,94489281898,REF
68719481180,94489281898,REF
68719481181,94489281886,REF
68719481182,94489281898,REF
68719481183,94489281898,REF
68719481184,94489281886,REF
68719481185,94489281898,REF
68719481186,94489281898,REF
68719481187,94489281886,REF
68719481188,94489281898,REF
68719481189,94489281898,REF
68719481190,94489281886,REF
68719481191,94489281898,REF
68719481192,94489281898,REF
68719481193,94489281886,REF
68719481194,94489281898,REF
68719481195,94489281898,REF
68719481196,94489281886,REF
68719481197,94489281898,REF
68719481199,94489281898,REF
68719481200,94489281906,REF
68719481202,111669150006,REF
68719481203,94489281907,REF
68719481205,111669150006,REF
68719481206,94489281908,REF
68719481207,94489281906,REF
68719481208,111669150006,REF
68719481209,94489281908,REF
68719481210,94489281908,REF
68719481211,94489281907,REF
68719481212,94489281908,REF
68719481213,94489281908,REF
68719481214,94489281907,REF
68719481215,94489281908,REF
68719481216,94489281908,REF
68719481217,94489281907,REF
68719481218,94489281908,REF
68719481220,94489281908,REF
68719481221,94489281915,REF
68719481222,94489281915,REF
68719481223,94489281916,REF
68719481224,111669150007,REF
68719481225,94489281915,REF
68719481226,94489281915,REF
68719481227,94489281914,REF
68719481228,94489281915,REF
68719481229,94489281915,REF
68719481230,94489281914,REF
68719481231,94489281918,REF
68719481232,94489281918,REF
68719481235,94489281913,REF
68719481236,94489281913,REF
68719481237,94489281909,REF
68719481239,111669150009,REF
68719481240,94489281910,REF
68719481242,111669150009,REF
68719481243,94489281911,REF
68719481245,94489281911,REF
68719481246,94489282029,REF
68719481247,94489282028,REF
68719481248,111669150011,REF
68719481249,94489281922,REF
68719481250,94489282027,REF
68719481251,94489281922,REF
68719481252,94489282024,REF
68719481253,94489282024,REF
68719481254,111669150011,REF
68719481255,94489282026,REF
68719481256,94489282025,REF
68719481258,94489281922,REF
68719481260,94489282024,REF
68719481261,94489282024,REF
68719481262,111669150011,REF
68719481263,94489282014,REF
68719481264,111669150012,REF
68719481265,111669150013,REF
68719481266,94489282013,REF
68719481267,94489282010,REF
68719481270,111669150014,REF
68719481271,111669150014,REF
68719481272,111669150014,REF
68719481273,94489282023,REF
68719481274,94489282011,REF
68719481277,94489281926,REF
68719481278,94489281926,REF
68719481279,94489282010,REF
68719481280,94489281926,REF
68719481281,94489282017,REF
68719481282,94489282017,REF
68719481283,94489281926,REF
68719481284,94489282010,REF
68719481285,94489281927,REF
68719481286,94489282022,REF
68719481287,111669150014,REF
68719481288,94489282022,REF
68719481291,94489281929,REF
68719481292,94489281927,REF
68719481293,94489281927,REF
68719481294,111669150015,REF
68719481295,94489281930,REF
68719481296,94489281929,REF
68719481297,94489282017,REF
68719481298,94489282017,REF
68719481299,94489281930,REF
68719481300,94489281930,REF
68719481301,94489282020,REF
68719481302,94489281925,REF
68719481303,94489282020,REF
68719481304,94489282017,REF
68719481305,94489282017,REF
68719481306,94489281926,REF
68719481307,94489282010,REF
68719481308,94489282020,REF
68719481309,94489281926,REF
68719481310,94489282010,REF
68719481311,94489282021,REF
68719481312,94489282020,REF
68719481313,94489282021,REF
68719481314,94489282019,REF
68719481315,94489282020,REF
68719481316,94489282019,REF
68719481317,94489281931,REF
68719481318,94489282018,REF
68719481319,94489282018,REF
68719481320,94489281926,REF
68719481321,94489282017,REF
68719481322,94489282017,REF
68719481323,94489281931,REF
68719481324,94489282016,REF
68719481325,94489282015,REF
68719481328,94489281926,REF
68719481329,94489282010,REF
68719481330,94489282012,REF
68719481331,94489282011,REF
68719481333,94489282010,REF
68719481334,94489281925,REF
68719481336,111669150017,REF
68719481337,111669150017,REF
68719481338,111669150017,REF
68719481339,94489282009,REF
68719481340,94489282004,REF
68719481343,94489281935,REF
68719481344,94489282008,REF
68719481345,111669150017,REF
68719481346,94489282008,REF
68719481349,94489281937,REF
68719481352,111669150019,REF
68719481354,111669150020,REF
68719481357,94489281940,REF
68719481358,94489281935,REF
68719481359,94489281935,REF
68719481360,94489282007,REF
68719481363,111669150018,REF
68719481366,94489281937,REF
68719481368,94489281942,REF
68719481369,94489281940,REF
68719481370,94489281942,REF
68719481371,94489281942,REF
68719481372,94489282003,REF
68719481373,94489282006,REF
68719481374,94489282006,REF
68719481375,94489282003,REF
68719481376,94489282005,REF
68719481377,94489282004,REF
68719481379,94489282003,REF
68719481387,94489282002,REF
68719481388,111669150022,REF
68719481389,94489282001,REF
68719481390,94489282000,REF
68719481393,94489281947,REF
68719481394,111669150022,REF
68719481395,94489282000,REF
68719481396,94489281999,REF
68719481397,94489281947,REF
68719481398,94489281998,REF
68719481399,94489281997,REF
68719481402,94489281997,REF
68719481403,94489281997,REF
68719481404,94489281997,REF
68719481405,94489281997,REF
68719481406,94489281997,REF
68719481407,94489281997,REF
68719481408,94489281997,REF
68719481409,94489281951,REF
68719481410,94489281997,REF
68719481411,94489281997,REF
68719481412,94489281997,REF
68719481413,94489281997,REF
68719481414,94489281997,REF
68719481415,94489281997,REF
68719481416,94489281997,REF
68719481417,94489281951,REF
68719481418,94489281995,REF
68719481419,94489281995,REF
68719481420,111669150024,REF
68719481421,94489281952,REF
68719481422,94489281996,REF
68719481423,111669150023,REF
68719481424,111669150024,REF
68719481425,94489281952,REF
68719481426,94489281995,REF
68719481427,94489281995,REF
68719481428,111669150024,REF
68719481429,94489281952,REF
68719481430,94489281995,REF
68719481431,94489281995,REF
68719481432,111669150024,REF
68719481433,94489281994,REF
68719481434,94489281995,REF
68719481435,94489281995,REF
68719481436,111669150024,REF
68719481437,94489281994,REF
68719481438,94489281953,REF
68719481439,111669150027,REF
68719481440,94489281954,REF
68719481441,111669150026,REF
68719481442,94489281953,REF
68719481443,111669150028,REF
68719481444,94489281955,REF
68719481447,111669150028,REF
68719481449,111669150028,REF
68719481451,111669150028,REF
68719481453,111669150028,REF
68719481457,111669150028,REF
68719481459,111669150028,REF
68719481461,111669150028,REF
68719481466,111669150028,REF
68719481468,111669150028,REF
68719481472,111669150028,REF
68719481474,111669150028,REF
68719481478,111669150028,REF
68719481480,111669150028,REF
68719481484,94489281954,REF
68719481485,94489281955,REF
68719481486,111669150028,REF
68719481487,94489281954,REF
68719481488,94489281969,REF
68719481489,94489281991,REF
68719481490,111669150030,REF
68719481491,94489281990,REF
68719481492,111669150030,REF
68719481493,94489281987,REF
68719481494,94489281988,REF
68719481495,94489281987,REF
68719481496,94489281969,REF
68719481497,111669150031,REF
68719481498,111669150031,REF
68719481499,111669150031,REF
68719481500,94489281993,REF
68719481501,94489281983,REF
68719481504,94489281964,REF
68719481505,111669150033,REF
68719481506,94489281965,REF
68719481507,94489281989,REF
68719481508,94489281989,REF
68719481509,94489281964,REF
68719481512,94489281967,REF
68719481514,94489281992,REF
68719481515,94489281965,REF
68719481516,94489281992,REF
68719481517,94489281970,REF
68719481518,111669150031,REF
68719481519,111669150031,REF
68719481520,94489281967,REF
68719481521,94489281971,REF
68719481522,94489281970,REF
68719481523,94489281971,REF
68719481524,111669150031,REF
68719481525,111669150031,REF
68719481526,94489281970,REF
68719481527,94489281985,REF
68719481528,94489281985,REF
68719481529,94489281972,REF
68719481530,111669150031,REF
68719481531,111669150031,REF
68719481532,111669150032,REF
68719481533,94489281967,REF
68719481534,94489281971,REF
68719481535,94489281973,REF
68719481536,94489281986,REF
68719481537,111669150031,REF
68719481538,94489281986,REF
68719481541,94489281975,REF
68719481542,94489281973,REF
68719481543,94489281973,REF
68719481544,94489281972,REF
68719481545,94489281976,REF
68719481546,94489281975,REF
68719481547,94489281976,REF
68719481548,94489281976,REF
68719481549,94489281982,REF
68719481550,94489281985,REF
68719481551,94489281985,REF
68719481552,94489281982,REF
68719481553,94489281984,REF
68719481554,94489281983,REF
68719481556,94489281982,REF
68719481558,94489281981,REF
68719481561,111669150034,REF
68719481562,111669150034,REF
68719481563,111669150035,REF
68719481564,111669150036,REF
68719481565,94489281981,REF
68719481566,111669150038,REF
68719481567,94489281919,REF
68719481569,111669150039,REF
68719481570,94489281920,REF
68719481572,111669150039,REF
68719481573,94489281921,REF
68719481575,111669150039,REF
68719481576,94489281978,REF
68719481577,94489281980,REF
68719481578,94489281978,REF
68719481582,94489281980,REF
68719481583,94489282031,REF
68719481584,111669150042,REF
68719481585,111669150042,REF
68719481586,94489282031,REF
68719481587,94489282050,REF
68719481588,94489282049,REF
68719481591,94489282031,REF
68719481592,94489282033,REF
68719481593,111669150043,REF
68719481594,111669150043,REF
68719481595,111669150044,REF
68719481596,94489282034,REF
68719481597,94489282033,REF
68719481598,94489282045,REF
68719481599,94489282045,REF
68719481600,94489282033,REF
68719481601,94489282035,REF
68719481602,94489282048,REF
68719481603,94489282048,REF
68719481604,94489282034,REF
68719481608,94489282037,REF
68719481609,94489282047,REF
68719481610,94489282035,REF
68719481611,94489282047,REF
68719481612,94489282045,REF
68719481613,94489282045,REF
68719481614,94489282046,REF
68719481615,94489282037,REF
68719481616,94489282046,REF
68719481617,94489282037,REF
68719481618,94489282042,REF
68719481619,94489282045,REF
68719481620,94489282045,REF
68719481621,94489282042,REF
68719481622,94489282044,REF
68719481623,94489282043,REF
68719481625,94489282042,REF
68719481627,94489282030,REF
68719481629,111669150045,REF
68719481630,94489282039,REF
68719481631,94489282041,REF
68719481632,94489282039,REF
68719481636,94489282041,REF
68719481637,94489282052,REF
68719481638,94489282127,REF
68719481639,94489282126,REF
68719481641,111669150048,REF
68719481643,94489282054,REF
68719481644,111669150047,REF
68719481645,111669150047,REF
68719481646,94489282052,REF
68719481647,94489282054,REF
68719481648,94489282055,REF
68719481649,94489282054,REF
68719481650,94489282124,REF
68719481651,94489282124,REF
68719481652,111669150048,REF
68719481653,94489282055,REF
68719481654,94489282056,REF
68719481655,94489282055,REF
68719481656,94489282055,REF
68719481657,94489282056,REF
68719481658,94489282062,REF
68719481659,94489282056,REF
68719481660,94489282124,REF
68719481661,94489282124,REF
68719481662,111669150048,REF
68719481663,94489282062,REF
68719481664,94489282062,REF
68719481665,94489282058,REF
68719481666,94489282055,REF
68719481667,94489282055,REF
68719481668,94489282058,REF
68719481669,94489282058,REF
68719481670,94489282059,REF
68719481671,94489282125,REF
68719481672,94489282058,REF
68719481673,94489282058,REF
68719481674,94489282125,REF
68719481675,94489282059,REF
68719481676,94489282062,REF
68719481677,94489282059,REF
68719481678,94489282124,REF
68719481679,94489282124,REF
68719481680,111669150048,REF
68719481681,94489282062,REF
68719481682,94489282062,REF
68719481683,94489282061,REF
68719481684,94489282055,REF
68719481685,94489282055,REF
68719481686,94489282061,REF
68719481687,94489282062,REF
68719481688,94489282061,REF
68719481689,94489282124,REF
68719481690,94489282124,REF
68719481691,111669150048,REF
68719481692,94489282062,REF
68719481693,94489282062,REF
68719481694,94489282124,REF
68719481695,94489282124,REF
68719481696,111669150048,REF
68719481697,94489282064,REF
68719481698,111669150050,REF
68719481699,111669150050,REF
68719481700,94489282064,REF
68719481701,94489282070,REF
68719481702,111669150052,REF
68719481703,94489282071,REF
68719481704,94489282119,REF
68719481705,111669150052,REF
68719481706,94489282119,REF
68719481707,94489282071,REF
68719481708,94489282071,REF
68719481709,94489282070,REF
68719481710,94489282117,REF
68719481711,111669150051,REF
68719481712,94489282116,REF
68719481713,111669150052,REF
68719481714,94489282071,REF
68719481715,94489282071,REF
68719481716,94489282070,REF
68719481717,94489282117,REF
68719481718,111669150051,REF
68719481719,94489282116,REF
68719481720,111669150052,REF
68719481721,94489282071,REF
68719481722,94489282071,REF
68719481723,94489282070,REF
68719481724,94489282117,REF
68719481725,111669150051,REF
68719481726,94489282116,REF
68719481727,94489282117,REF
68719481728,111669150051,REF
68719481729,94489282116,REF
68719481730,111669150052,REF
68719481731,94489282071,REF
68719481732,94489282071,REF
68719481733,94489282070,REF
68719481734,94489282117,REF
68719481735,111669150051,REF
68719481736,94489282116,REF
68719481737,111669150052,REF
68719481738,94489282071,REF
68719481739,94489282071,REF
68719481740,94489282070,REF
68719481741,94489282117,REF
68719481742,111669150051,REF
68719481743,94489282116,REF
68719481744,111669150052,REF
68719481745,94489282071,REF
68719481746,94489282071,REF
68719481747,94489282070,REF
68719481748,94489282117,REF
68719481749,111669150051,REF
68719481750,94489282116,REF
68719481751,111669150052,REF
68719481752,94489282071,REF
68719481753,94489282071,REF
68719481754,94489282071,REF
68719481755,94489282071,REF
68719481756,94489282070,REF
68719481757,94489282117,REF
68719481758,111669150051,REF
68719481759,94489282116,REF
68719481760,94489282117,REF
68719481761,111669150051,REF
68719481762,94489282116,REF
68719481763,111669150052,REF
68719481765,111669150052,REF
68719481767,94489282070,REF
68719481769,94489282098,REF
68719481770,111669150054,REF
68719481771,111669150054,REF
68719481772,94489282067,REF
68719481773,94489282098,REF
68719481774,94489282098,REF
68719481775,111669150054,REF
68719481776,94489282108,REF
68719481777,94489282108,REF
68719481778,94489282067,REF
68719481779,94489282067,REF
68719481780,94489282067,REF
68719481781,94489282123,REF
68719481782,111669150053,REF
68719481783,94489282067,REF
68719481784,94489282108,REF
68719481785,94489282108,REF
68719481786,94489282067,REF
68719481787,94489282067,REF
68719481788,94489282108,REF
68719481789,94489282108,REF
68719481790,94489282067,REF
68719481791,94489282068,REF
68719481792,94489282067,REF
68719481793,94489282122,REF
68719481794,94489282108,REF
68719481795,94489282108,REF
68719481796,94489282122,REF
68719481797,94489282108,REF
68719481798,94489282108,REF
68719481799,94489282108,REF
68719481800,94489282108,REF
68719481801,94489282067,REF
68719481802,94489282067,REF
68719481803,94489282067,REF
68719481804,94489282067,REF
68719481805,94489282067,REF
68719481806,94489282067,REF
68719481807,94489282067,REF
68719481808,94489282067,REF
68719481809,94489282108,REF
68719481810,94489282108,REF
68719481811,94489282067,REF
68719481812,94489282067,REF
68719481813,94489282068,REF
68719481814,94489282067,REF
68719481815,94489282068,REF
68719481816,94489282108,REF
68719481817,94489282108,REF
68719481818,94489282068,REF
68719481819,94489282069,REF
68719481820,94489282068,REF
68719481821,94489282108,REF
68719481822,94489282108,REF
68719481823,94489282068,REF
68719481824,94489282121,REF
68719481825,94489282121,REF
68719481826,94489282068,REF
68719481827,94489282068,REF
68719481828,94489282120,REF
68719481829,94489282068,REF
68719481830,94489282120,REF
68719481831,94489282073,REF
68719481832,94489282074,REF
68719481833,94489282069,REF
68719481834,94489282069,REF
68719481835,94489282073,REF
68719481836,94489282074,REF
68719481837,94489282091,REF
68719481838,94489282074,REF
68719481839,94489282108,REF
68719481840,94489282108,REF
68719481841,94489282091,REF
68719481842,94489282092,REF
68719481843,94489282091,REF
68719481844,94489282091,REF
68719481845,94489282092,REF
68719481846,94489282092,REF
68719481847,94489282093,REF
68719481848,94489282115,REF
68719481849,94489282092,REF
68719481850,94489282092,REF
68719481851,94489282115,REF
68719481852,94489282093,REF
68719481853,94489282068,REF
68719481854,94489282093,REF
68719481855,94489282108,REF
68719481856,94489282108,REF
68719481857,94489282068,REF
68719481858,94489282094,REF
68719481859,94489282091,REF
68719481860,94489282091,REF
68719481861,94489282094,REF
68719481862,94489282068,REF
68719481863,94489282094,REF
68719481864,94489282108,REF
68719481865,94489282108,REF
68719481866,94489282068,REF
68719481867,94489282068,REF
68719481868,94489282068,REF
68719481869,94489282068,REF
68719481870,94489282079,REF
68719481871,94489282080,REF
68719481872,94489282069,REF
68719481873,94489282069,REF
68719481874,94489282079,REF
68719481875,94489282080,REF
68719481876,94489282068,REF
68719481877,94489282080,REF
68719481878,94489282108,REF
68719481879,94489282108,REF
68719481880,94489282068,REF
68719481881,94489282081,REF
68719481882,94489282082,REF
68719481883,94489282069,REF
68719481884,94489282069,REF
68719481885,94489282081,REF
68719481886,94489282082,REF
68719481887,94489282091,REF
68719481888,94489282082,REF
68719481889,94489282108,REF
68719481890,94489282108,REF
68719481891,94489282091,REF
68719481892,94489282092,REF
68719481893,94489282091,REF
68719481894,94489282091,REF
68719481895,94489282092,REF
68719481896,94489282092,REF
68719481897,94489282093,REF
68719481898,94489282114,REF
68719481899,94489282092,REF
68719481900,94489282092,REF
68719481901,94489282114,REF
68719481902,94489282093,REF
68719481903,94489282068,REF
68719481904,94489282068,REF
68719481906,94489282068,REF
68719481907,94489282093,REF
68719481908,94489282108,REF
68719481909,94489282108,REF
68719481910,94489282068,REF
68719481911,94489282094,REF
68719481912,94489282091,REF
68719481913,94489282091,REF
68719481914,94489282094,REF
68719481915,94489282068,REF
68719481916,94489282068,REF
68719481918,94489282068,REF
68719481919,94489282094,REF
68719481920,94489282108,REF
68719481921,94489282108,REF
68719481922,94489282068,REF
68719481923,94489282089,REF
68719481924,94489282090,REF
68719481925,94489282069,REF
68719481926,94489282069,REF
68719481927,94489282089,REF
68719481928,94489282090,REF
68719481929,94489282091,REF
68719481930,94489282090,REF
68719481931,94489282108,REF
68719481932,94489282108,REF
68719481933,94489282091,REF
68719481934,94489282092,REF
68719481935,94489282091,REF
68719481936,94489282091,REF
68719481937,94489282092,REF
68719481938,94489282092,REF
68719481939,94489282093,REF
68719481940,94489282113,REF
68719481941,94489282092,REF
68719481942,94489282092,REF
68719481943,94489282113,REF
68719481944,94489282093,REF
68719481945,94489282068,REF
68719481946,94489282093,REF
68719481947,94489282108,REF
68719481948,94489282108,REF
68719481949,94489282068,REF
68719481950,94489282094,REF
68719481951,94489282091,REF
68719481952,94489282091,REF
68719481953,94489282094,REF
68719481954,94489282068,REF
68719481955,94489282094,REF
68719481956,94489282108,REF
68719481957,94489282108,REF
68719481958,94489282068,REF
68719481959,94489282068,REF
68719481960,94489282068,REF
68719481961,94489282068,REF
68719481962,94489282095,REF
68719481963,94489282096,REF
68719481964,94489282069,REF
68719481965,94489282069,REF
68719481966,94489282095,REF
68719481967,94489282096,REF
68719481968,94489282068,REF
68719481969,94489282096,REF
68719481970,94489282108,REF
68719481971,94489282108,REF
68719481972,94489282068,REF
68719481973,94489282108,REF
68719481974,94489282108,REF
68719481975,94489282108,REF
68719481976,94489282108,REF
68719481977,94489282112,REF
68719481978,94489282112,REF
68719481979,94489282108,REF
68719481980,94489282108,REF
68719481981,94489282108,REF
68719481982,94489282108,REF
68719481983,94489282068,REF
68719481984,94489282108,REF
68719481985,94489282108,REF
68719481986,94489282068,REF
68719481987,94489282108,REF
68719481988,94489282108,REF
68719481989,94489282068,REF
68719481990,94489282108,REF
68719481991,94489282108,REF
68719481992,94489282111,REF
68719481993,94489282111,REF
68719481994,94489282068,REF
68719481995,94489282103,REF
68719481996,94489282108,REF
68719481997,94489282108,REF
68719481998,94489282103,REF
68719481999,94489282110,REF
68719482000,94489282103,REF
68719482001,94489282110,REF
68719482002,94489282097,REF
68719482003,94489282109,REF
68719482004,94489282103,REF
68719482005,94489282109,REF
68719482006,94489282098,REF
68719482007,111669150054,REF
68719482008,111669150054,REF
68719482009,94489282099,REF
68719482010,94489282098,REF
68719482011,94489282098,REF
68719482012,111669150054,REF
68719482013,94489282100,REF
68719482014,94489282106,REF
68719482015,94489282106,REF
68719482016,94489282097,REF
68719482017,94489282101,REF
68719482018,94489282106,REF
68719482019,94489282106,REF
68719482020,94489282099,REF
68719482021,94489282097,REF
68719482022,94489282108,REF
68719482023,94489282108,REF
68719482024,94489282108,REF
68719482025,94489282108,REF
68719482026,94489282099,REF
68719482027,94489282099,REF
68719482028,94489282100,REF
68719482029,94489282101,REF
68719482030,94489282108,REF
68719482031,94489282108,REF
68719482032,94489282107,REF
68719482033,94489282107,REF
68719482034,94489282106,REF
68719482035,94489282106,REF
68719482036,94489282097,REF
68719482037,94489282100,REF
68719482038,94489282105,REF
68719482039,94489282104,REF
68719482041,94489282103,REF
68719482043,94489282051,REF
68719482044,94489282063,REF
68719482045,94489282065,REF
68719482047,94489282065,REF
68719482048,94489282195,REF
68719482049,94489282194,REF
68719482050,94489282193,REF
68719482051,94489282193,REF
68719482052,94489282192,REF
68719482053,94489282134,REF
68719482054,94489282191,REF
68719482055,94489282191,REF
68719482056,111669150057,REF
68719482057,94489282134,REF
68719482058,94489282189,REF
68719482059,94489282190,REF
68719482060,94489282190,REF
68719482061,94489282189,REF
68719482062,94489282188,REF
68719482063,94489282187,REF
68719482072,94489282186,REF
68719482073,111669150059,REF
68719482074,94489282185,REF
68719482075,94489282182,REF
68719482078,94489282139,REF
68719482079,111669150059,REF
68719482080,94489282182,REF
68719482081,94489282184,REF
68719482082,94489282139,REF
68719482083,94489282183,REF
68719482084,94489282181,REF
68719482087,94489282143,REF
68719482088,94489282181,REF
68719482089,94489282181,REF
68719482090,94489282181,REF
68719482091,94489282181,REF
68719482092,94489282181,REF
68719482093,94489282181,REF
68719482094,94489282181,REF
68719482095,94489282143,REF
68719482096,94489282143,REF
68719482097,94489282143,REF
68719482098,111669150060,REF
68719482099,111669150060,REF
68719482100,94489282180,REF
68719482101,94489282180,REF
68719482102,111669150060,REF
68719482104,94489282182,REF
68719482106,94489282181,REF
68719482108,94489282180,REF
68719482109,94489282180,REF
68719482110,111669150060,REF
68719482111,94489282145,REF
68719482112,111669150062,REF
68719482113,94489282145,REF
68719482114,111669150063,REF
68719482115,111669150064,REF
68719482116,94489282145,REF
68719482117,111669150064,REF
68719482118,111669150065,REF
68719482119,94489282146,REF
68719482122,111669150065,REF
68719482124,111669150065,REF
68719482126,111669150065,REF
68719482128,111669150065,REF
68719482132,111669150065,REF
68719482134,111669150065,REF
68719482136,111669150065,REF
68719482140,111669150065,REF
68719482142,111669150065,REF
68719482144,111669150065,REF
68719482146,111669150065,REF
68719482148,111669150065,REF
68719482150,111669150065,REF
68719482153,94489282145,REF
68719482154,94489282146,REF
68719482155,94489282145,REF
68719482156,94489282145,REF
68719482157,94489282158,REF
68719482158,94489282177,REF
68719482159,111669150067,REF
68719482160,94489282176,REF
68719482161,111669150067,REF
68719482162,94489282173,REF
68719482163,94489282174,REF
68719482164,94489282173,REF
68719482165,94489282158,REF
68719482166,94489282168,REF
68719482167,94489282168,REF
68719482168,111669150069,REF
68719482169,94489282151,REF
68719482170,111669150068,REF
68719482171,111669150068,REF
68719482172,94489282168,REF
68719482173,94489282168,REF
68719482174,94489282152,REF
68719482175,94489282179,REF
68719482176,94489282179,REF
68719482177,111669150068,REF
68719482178,94489282153,REF
68719482179,94489282152,REF
68719482180,94489282154,REF
68719482181,94489282175,REF
68719482182,94489282175,REF
68719482183,94489282153,REF
68719482186,94489282156,REF
68719482188,94489282178,REF
68719482189,94489282154,REF
68719482190,94489282178,REF
68719482191,94489282159,REF
68719482192,111669150068,REF
68719482193,111669150068,REF
68719482194,94489282156,REF
68719482195,111669150069,REF
68719482196,94489282159,REF
68719482197,94489282172,REF
68719482198,94489282171,REF
68719482200,111669150069,REF
68719482202,94489282168,REF
68719482203,94489282168,REF
68719482204,94489282161,REF
68719482205,94489282170,REF
68719482206,111669150068,REF
68719482207,111669150069,REF
68719482208,94489282161,REF
68719482209,94489282168,REF
68719482210,94489282168,REF
68719482211,94489282162,REF
68719482212,111669150068,REF
68719482213,111669150068,REF
68719482214,94489282151,REF
68719482215,111669150069,REF
68719482216,94489282159,REF
68719482217,94489282161,REF
68719482218,94489282168,REF
68719482219,94489282168,REF
68719482220,94489282163,REF
68719482221,94489282169,REF
68719482222,94489282169,REF
68719482223,94489282162,REF
68719482224,94489282168,REF
68719482225,94489282168,REF
68719482226,94489282163,REF
68719482227,94489282167,REF
68719482228,94489282168,REF
68719482229,94489282168,REF
68719482230,94489282167,REF
68719482231,94489282167,REF
68719482232,94489282128,REF
68719482234,111669150070,REF
68719482235,94489282129,REF
68719482237,111669150070,REF
68719482238,94489282130,REF
68719482240,111669150070,REF
68719482241,94489282131,REF
68719482243,111669150070,REF
68719482244,94489282132,REF
68719482246,111669150070,REF
68719482247,94489282133,REF
68719482249,111669150070,REF
68719482250,94489282164,REF
68719482251,94489282166,REF
68719482252,94489282164,REF
68719482256,94489282166,REF
68719482258,111669150073,REF
68719482259,111669150073,REF
68719482261,111669150073,REF
68719482263,111669150073,REF
68719482265,111669150073,REF
68719482266,111669150073,REF
68719482268,111669150073,REF
68719482269,111669150073,REF
68719482271,94489282245,REF
68719482272,94489282245,REF
68719482273,111669150075,REF
68719482274,94489282245,REF
68719482275,94489282245,REF
68719482276,111669150076,REF
68719482277,94489282199,REF
68719482278,111669150074,REF
68719482279,111669150074,REF
68719482280,111669150076,REF
68719482281,94489282200,REF
68719482282,111669150074,REF
68719482283,111669150074,REF
68719482284,111669150076,REF
68719482285,94489282201,REF
68719482286,111669150076,REF
68719482287,94489282202,REF
68719482288,111669150074,REF
68719482289,111669150074,REF
68719482290,111669150076,REF
68719482291,94489282203,REF
68719482292,94489282244,REF
68719482293,111669150076,REF
68719482294,111669150076,REF
68719482295,94489282244,REF
68719482297,111669150077,REF
68719482299,94489282199,REF
68719482301,94489282199,REF
68719482303,94489282199,REF
68719482305,94489282200,REF
68719482307,94489282200,REF
68719482309,94489282200,REF
68719482311,94489282201,REF
68719482313,94489282202,REF
68719482315,94489282202,REF
68719482317,94489282202,REF
68719482319,94489282203,REF
68719482321,111669150079,REF
68719482322,94489282208,REF
68719482323,111669150079,REF
68719482324,94489282209,REF
68719482325,111669150079,REF
68719482326,94489282243,REF
68719482327,94489282208,REF
68719482328,94489282209,REF
68719482329,94489282242,REF
68719482330,94489282206,REF
68719482331,94489282207,REF
68719482332,111669150081,REF
68719482333,111669150081,REF
68719482334,94489282210,REF
68719482335,94489282207,REF
68719482336,94489282206,REF
68719482337,94489282207,REF
68719482338,94489282241,REF
68719482339,94489282241,REF
68719482340,94489282210,REF
68719482341,94489282210,REF
68719482343,94489282206,REF
68719482345,94489282207,REF
68719482347,94489282210,REF
68719482348,94489282210,REF
68719482350,111669150083,REF
68719482351,94489282240,REF
68719482352,111669150083,REF
68719482353,94489282239,REF
68719482354,111669150083,REF
68719482355,94489282212,REF
68719482356,94489282213,REF
68719482357,111669150085,REF
68719482358,111669150085,REF
68719482359,94489282214,REF
68719482360,94489282213,REF
68719482361,94489282212,REF
68719482362,94489282213,REF
68719482363,94489282238,REF
68719482364,94489282238,REF
68719482365,94489282212,REF
68719482366,94489282213,REF
68719482367,94489282214,REF
68719482368,94489282214,REF
68719482370,94489282212,REF
68719482372,94489282213,REF
68719482374,94489282214,REF
68719482375,94489282214,REF
68719482377,94489282218,REF
68719482378,111669150087,REF
68719482379,94489282219,REF
68719482380,111669150087,REF
68719482381,94489282235,REF
68719482382,94489282235,REF
68719482383,94489282218,REF
68719482384,94489282235,REF
68719482385,94489282235,REF
68719482386,94489282218,REF
68719482387,94489282235,REF
68719482388,94489282235,REF
68719482389,94489282218,REF
68719482391,94489282218,REF
68719482393,94489282219,REF
68719482396,111669150089,REF
68719482397,94489282233,REF
68719482398,94489282216,REF
68719482399,94489282237,REF
68719482400,94489282236,REF
68719482403,111669150091,REF
68719482404,111669150091,REF
68719482405,94489282221,REF
68719482406,94489282234,REF
68719482407,94489282234,REF
68719482408,94489282216,REF
68719482409,94489282216,REF
68719482410,94489282222,REF
68719482411,94489282221,REF
68719482412,94489282223,REF
68719482413,111669150091,REF
68719482414,94489282223,REF
68719482415,94489282222,REF
68719482420,94489282225,REF
68719482421,94489282223,REF
68719482422,94489282226,REF
68719482423,94489282221,REF
68719482424,94489282221,REF
68719482425,94489282227,REF
68719482426,94489282226,REF
68719482427,94489282232,REF
68719482428,94489282232,REF
68719482429,94489282227,REF
68719482430,94489282222,REF
68719482431,94489282225,REF
68719482432,94489282225,REF
68719482434,94489282222,REF
68719482436,94489282226,REF
68719482438,94489282227,REF
68719482440,94489282196,REF
68719482442,111669150092,REF
68719482443,94489282197,REF
68719482445,111669150092,REF
68719482446,94489282198,REF
68719482448,111669150092,REF
68719482449,94489282229,REF
68719482450,94489282231,REF
68719482451,94489282229,REF
68719482455,94489282231,REF
68719482456,94489282251,REF
68719482457,94489282252,REF
68719482458,94489282312,REF
68719482461,111669150095,REF
68719482464,111669150096,REF
68719482467,111669150096,REF
68719482470,111669150096,REF
68719482473,111669150096,REF
68719482476,111669150096,REF
68719482479,111669150096,REF
68719482482,111669150096,REF
68719482485,111669150096,REF
68719482488,111669150096,REF
68719482491,111669150096,REF
68719482494,111669150096,REF
68719482497,111669150096,REF
68719482499,94489282254,REF
68719482500,94489282310,REF
68719482501,94489282311,REF
68719482502,111669150094,REF
68719482503,94489282310,REF
68719482504,94489282251,REF
68719482505,94489282252,REF
68719482506,94489282309,REF
68719482507,94489282309,REF
68719482508,111669150095,REF
68719482509,94489282254,REF
68719482510,94489282308,REF
68719482511,94489282309,REF
68719482512,94489282309,REF
68719482513,94489282308,REF
68719482514,94489282308,REF
68719482515,94489282255,REF
68719482516,111669150097,REF
68719482517,111669150097,REF
68719482518,111669150098,REF
68719482519,94489282255,REF
68719482520,94489282307,REF
68719482521,94489282306,REF
68719482524,94489282257,REF
68719482525,94489282305,REF
68719482526,111669150097,REF
68719482528,94489282255,REF
68719482530,94489282255,REF
68719482532,94489282255,REF
68719482534,94489282259,REF
68719482535,94489282260,REF
68719482536,94489282304,REF
68719482539,111669150098,REF
68719482542,94489282255,REF
68719482545,94489282255,REF
68719482548,94489282255,REF
68719482551,94489282255,REF
68719482554,94489282255,REF
68719482557,94489282257,REF
68719482559,94489282262,REF
68719482560,94489282302,REF
68719482561,94489282303,REF
68719482562,111669150097,REF
68719482563,94489282302,REF
68719482564,94489282259,REF
68719482565,94489282260,REF
68719482566,94489282301,REF
68719482567,94489282301,REF
68719482568,111669150098,REF
68719482569,94489282257,REF
68719482570,94489282262,REF
68719482571,94489282300,REF
68719482572,94489282301,REF
68719482573,94489282301,REF
68719482574,94489282300,REF
68719482575,94489282300,REF
68719482576,94489282263,REF
68719482577,94489282264,REF
68719482578,94489282298,REF
68719482579,94489282299,REF
68719482580,111669150099,REF
68719482581,94489282298,REF
68719482582,94489282263,REF
68719482583,94489282297,REF
68719482586,111669150100,REF
68719482588,94489282264,REF
68719482589,94489282295,REF
68719482590,94489282296,REF
68719482591,94489282296,REF
68719482592,94489282295,REF
68719482593,94489282295,REF
68719482594,94489282266,REF
68719482595,94489282267,REF
68719482596,94489282293,REF
68719482597,94489282294,REF
68719482598,111669150101,REF
68719482599,94489282293,REF
68719482600,94489282266,REF
68719482601,94489282292,REF
68719482604,111669150102,REF
68719482606,94489282267,REF
68719482607,94489282290,REF
68719482608,94489282291,REF
68719482609,94489282291,REF
68719482610,94489282290,REF
68719482611,94489282290,REF
68719482612,94489282289,REF
68719482615,94489282269,REF
68719482616,94489282289,REF
68719482617,94489282270,REF
68719482618,94489282287,REF
68719482619,94489282288,REF
68719482620,111669150103,REF
68719482621,94489282287,REF
68719482622,94489282269,REF
68719482623,94489282286,REF
68719482626,111669150104,REF
68719482628,94489282270,REF
68719482629,94489282284,REF
68719482630,94489282285,REF
68719482631,94489282285,REF
68719482632,94489282284,REF
68719482633,94489282284,REF
68719482634,94489282283,REF
68719482635,94489282281,REF
68719482636,111669150106,REF
68719482637,94489282283,REF
68719482638,94489282282,REF
68719482641,111669150107,REF
68719482643,94489282280,REF
68719482644,94489282281,REF
68719482645,111669150106,REF
68719482646,94489282280,REF
68719482647,94489282279,REF
68719482650,111669150107,REF
68719482652,94489282278,REF
68719482653,94489282278,REF
68719482654,111669150107,REF
68719482655,94489282277,REF
68719482656,94489282278,REF
68719482657,94489282278,REF
68719482658,94489282277,REF
68719482659,94489282277,REF
68719482660,94489282246,REF
68719482662,111669150108,REF
68719482663,94489282247,REF
68719482665,111669150108,REF
68719482666,94489282248,REF
68719482668,111669150108,REF
68719482669,94489282249,REF
68719482671,111669150108,REF
68719482672,94489282250,REF
68719482674,111669150108,REF
68719482675,94489282274,REF
68719482676,94489282276,REF
68719482677,94489282274,REF
68719482681,94489282276,REF
68719482682,94489282334,REF
68719482683,94489282334,REF
68719482684,111669150111,REF
68719482685,94489282334,REF
68719482686,94489282334,REF
68719482687,94489282317,REF
68719482688,111669150110,REF
68719482689,111669150110,REF
68719482690,111669150111,REF
68719482691,94489282334,REF
68719482692,94489282334,REF
68719482693,94489282334,REF
68719482694,94489282334,REF
68719482695,94489282318,REF
68719482696,94489282336,REF
68719482697,94489282336,REF
68719482698,111669150111,REF
68719482699,94489282317,REF
68719482700,94489282317,REF
68719482701,94489282334,REF
68719482702,94489282334,REF
68719482703,94489282319,REF
68719482704,94489282335,REF
68719482705,94489282335,REF
68719482706,111669150111,REF
68719482707,94489282318,REF
68719482708,94489282334,REF
68719482709,94489282334,REF
68719482710,94489282335,REF
68719482711,94489282335,REF
68719482712,111669150111,REF
68719482713,94489282334,REF
68719482714,94489282334,REF
68719482715,111669150111,REF
68719482716,94489282319,REF
68719482717,94489282333,REF
68719482718,94489282334,REF
68719482719,94489282334,REF
68719482720,111669150111,REF
68719482721,94489282333,REF
68719482722,94489282333,REF
68719482723,94489282320,REF
68719482724,94489282332,REF
68719482725,94489282331,REF
68719482728,94489282320,REF
68719482729,94489282320,REF
68719482730,94489282320,REF
68719482731,94489282320,REF
68719482732,94489282322,REF
68719482733,94489282320,REF
68719482734,94489282320,REF
68719482735,94489282329,REF
68719482736,94489282329,REF
68719482737,94489282323,REF
68719482738,94489282330,REF
68719482739,94489282330,REF
68719482740,111669150113,REF
68719482741,94489282322,REF
68719482742,94489282324,REF
68719482743,94489282330,REF
68719482744,94489282330,REF
68719482745,111669150113,REF
68719482746,94489282322,REF
68719482747,94489282329,REF
68719482748,94489282329,REF
68719482749,94489282323,REF
68719482750,94489282324,REF
68719482752,94489282323,REF
68719482754,94489282324,REF
68719482756,94489282313,REF
68719482758,111669150114,REF
68719482759,94489282314,REF
68719482761,111669150114,REF
68719482762,94489282315,REF
68719482764,111669150114,REF
68719482765,94489282316,REF
68719482767,111669150114,REF
68719482768,94489282326,REF
68719482769,94489282328,REF
68719482770,94489282326,REF
68719482774,94489282328,REF
68719482775,94489282397,REF
68719482778,94489282340,REF
68719482779,94489282399,REF
68719482780,111669150115,REF
68719482781,94489282341,REF
68719482782,94489282397,REF
68719482783,94489282397,REF
68719482784,94489282342,REF
68719482785,94489282397,REF
68719482786,94489282397,REF
68719482787,94489282343,REF
68719482788,94489282397,REF
68719482789,94489282397,REF
68719482790,94489282344,REF
68719482791,94489282341,REF
68719482792,94489282345,REF
68719482793,94489282340,REF
68719482794,94489282340,REF
68719482795,94489282344,REF
68719482796,94489282398,REF
68719482799,111669150116,REF
68719482801,94489282347,REF
68719482802,94489282345,REF
68719482803,94489282348,REF
68719482804,94489282349,REF
68719482805,94489282350,REF
68719482806,94489282397,REF
68719482807,94489282397,REF
68719482808,94489282351,REF
68719482809,94489282352,REF
68719482810,94489282340,REF
68719482811,94489282340,REF
68719482812,94489282351,REF
68719482813,94489282396,REF
68719482816,111669150116,REF
68719482818,94489282355,REF
68719482819,94489282352,REF
68719482820,94489282356,REF
68719482822,94489282357,REF
68719482825,94489282356,REF
68719482826,94489282357,REF
68719482827,94489282358,REF
68719482828,94489282395,REF
68719482829,94489282395,REF
68719482830,94489282395,REF
68719482831,94489282395,REF
68719482832,94489282393,REF
68719482833,94489282394,REF
68719482834,94489282391,REF
68719482836,94489282357,REF
68719482838,94489282393,REF
68719482839,94489282390,REF
68719482840,94489282392,REF
68719482841,94489282391,REF
68719482843,94489282356,REF
68719482845,94489282390,REF
68719482846,94489282361,REF
68719482847,94489282347,REF
68719482848,94489282348,REF
68719482849,94489282389,REF
68719482850,94489282361,REF
68719482851,94489282358,REF
68719482852,94489282389,REF
68719482853,94489282349,REF
68719482854,94489282388,REF
68719482855,94489282361,REF
68719482856,94489282358,REF
68719482857,94489282388,REF
68719482858,94489282350,REF
68719482859,94489282387,REF
68719482860,94489282361,REF
68719482861,94489282358,REF
68719482862,94489282387,REF
68719482863,94489282362,REF
68719482864,94489282363,REF
68719482865,94489282340,REF
68719482866,94489282340,REF
68719482867,94489282362,REF
68719482868,94489282386,REF
68719482871,111669150116,REF
68719482873,94489282365,REF
68719482874,94489282363,REF
68719482875,94489282348,REF
68719482876,94489282365,REF
68719482877,94489282349,REF
68719482878,94489282365,REF
68719482879,94489282350,REF
68719482880,94489282365,REF
68719482881,94489282366,REF
68719482882,94489282342,REF
68719482883,94489282367,REF
68719482884,94489282340,REF
68719482885,94489282340,REF
68719482886,94489282366,REF
68719482887,94489282385,REF
68719482890,111669150116,REF
68719482892,94489282369,REF
68719482893,94489282367,REF
68719482894,94489282370,REF
68719482895,94489282341,REF
68719482896,94489282371,REF
68719482897,94489282340,REF
68719482898,94489282340,REF
68719482899,94489282370,REF
68719482900,94489282384,REF
68719482903,111669150116,REF
68719482905,94489282373,REF
68719482906,94489282371,REF
68719482907,94489282374,REF
68719482908,94489282343,REF
68719482909,94489282375,REF
68719482910,94489282340,REF
68719482911,94489282340,REF
68719482912,94489282374,REF
68719482913,94489282383,REF
68719482916,111669150116,REF
68719482918,94489282377,REF
68719482919,94489282375,REF
68719482921,111669150116,REF
68719482924,94489282347,REF
68719482926,94489282347,REF
68719482928,94489282348,REF
68719482930,94489282349,REF
68719482932,94489282350,REF
68719482936,94489282369,REF
68719482938,94489282369,REF
68719482940,94489282369,REF
68719482942,94489282369,REF
68719482944,94489282369,REF
68719482948,94489282373,REF
68719482950,94489282373,REF
68719482952,94489282373,REF
68719482956,94489282377,REF
68719482958,94489282377,REF
68719482960,94489282377,REF
68719482962,94489282377,REF
68719482964,94489282377,REF
68719482967,94489282337,REF
68719482969,111669150118,REF
68719482970,94489282338,REF
68719482972,111669150118,REF
68719482973,94489282339,REF
68719482975,94489282339,REF
68719482976,94489282410,REF
68719482977,94489282520,REF
68719482978,111669150119,REF
68719482979,94489282411,REF
68719482980,94489282412,REF
68719482981,94489282519,REF
68719482984,111669150120,REF
68719482987,111669150120,REF
68719482990,111669150120,REF
68719482993,111669150120,REF
68719482996,111669150120,REF
68719482998,94489282414,REF
68719482999,94489282410,REF
68719483000,94489282410,REF
68719483001,94489282411,REF
68719483002,94489282412,REF
68719483003,94489282414,REF
68719483004,94489282416,REF
68719483005,94489282518,REF
68719483006,111669150121,REF
68719483007,94489282417,REF
68719483008,94489282517,REF
68719483009,94489282515,REF
68719483011,111669150122,REF
68719483013,94489282419,REF
68719483014,94489282516,REF
68719483015,94489282515,REF
68719483017,111669150122,REF
68719483019,94489282421,REF
68719483020,94489282419,REF
68719483021,94489282419,REF
68719483022,94489282417,REF
68719483023,94489282417,REF
68719483024,94489282422,REF
68719483025,94489282423,REF
68719483026,94489282514,REF
68719483029,111669150122,REF
68719483032,111669150122,REF
68719483035,111669150122,REF
68719483038,111669150122,REF
68719483041,94489282421,REF
68719483042,94489282421,REF
68719483044,94489282425,REF
68719483045,94489282416,REF
68719483046,94489282416,REF
68719483047,94489282422,REF
68719483048,94489282423,REF
68719483049,94489282425,REF
68719483050,94489282427,REF
68719483051,94489282513,REF
68719483052,111669150123,REF
68719483053,94489282428,REF
68719483054,94489282429,REF
68719483055,94489282512,REF
68719483058,111669150124,REF
68719483061,111669150124,REF
68719483064,111669150124,REF
68719483067,111669150124,REF
68719483070,111669150124,REF
68719483072,94489282431,REF
68719483073,94489282427,REF
68719483074,94489282427,REF
68719483075,94489282428,REF
68719483076,94489282429,REF
68719483077,94489282431,REF
68719483078,94489282433,REF
68719483079,94489282511,REF
68719483080,111669150125,REF
68719483081,94489282434,REF
68719483082,94489282510,REF
68719483083,94489282508,REF
68719483085,111669150126,REF
68719483087,94489282436,REF
68719483088,94489282509,REF
68719483089,94489282508,REF
68719483091,111669150126,REF
68719483093,94489282438,REF
68719483094,94489282436,REF
68719483095,94489282436,REF
68719483096,94489282434,REF
68719483097,94489282434,REF
68719483098,94489282439,REF
68719483099,94489282440,REF
68719483100,94489282507,REF
68719483103,111669150126,REF
68719483106,111669150126,REF
68719483109,111669150126,REF
68719483112,111669150126,REF
68719483115,94489282438,REF
68719483116,94489282438,REF
68719483119,111669150126,REF
68719483121,94489282442,REF
68719483122,94489282433,REF
68719483123,94489282433,REF
68719483124,94489282439,REF
68719483125,94489282440,REF
68719483126,94489282442,REF
68719483127,94489282505,REF
68719483130,94489282444,REF
68719483131,94489282506,REF
68719483132,111669150127,REF
68719483133,94489282445,REF
68719483134,94489282505,REF
68719483135,94489282446,REF
68719483136,94489282444,REF
68719483137,94489282444,REF
68719483138,94489282445,REF
68719483139,94489282504,REF
68719483142,111669150128,REF
68719483144,94489282446,REF
68719483145,94489282502,REF
68719483148,94489282449,REF
68719483149,94489282503,REF
68719483150,111669150130,REF
68719483151,94489282450,REF
68719483152,94489282502,REF
68719483153,94489282451,REF
68719483154,94489282449,REF
68719483155,94489282449,REF
68719483156,94489282450,REF
68719483157,94489282501,REF
68719483160,111669150131,REF
68719483162,94489282451,REF
68719483163,94489282499,REF
68719483166,94489282454,REF
68719483167,94489282500,REF
68719483168,111669150133,REF
68719483169,94489282455,REF
68719483170,94489282499,REF
68719483171,94489282456,REF
68719483172,94489282454,REF
68719483173,94489282454,REF
68719483174,94489282455,REF
68719483175,94489282498,REF
68719483178,111669150134,REF
68719483180,94489282456,REF
68719483181,94489282496,REF
68719483184,94489282459,REF
68719483185,94489282497,REF
68719483186,111669150136,REF
68719483187,94489282460,REF
68719483188,94489282496,REF
68719483189,94489282461,REF
68719483190,94489282459,REF
68719483191,94489282459,REF
68719483192,94489282460,REF
68719483193,94489282495,REF
68719483196,111669150137,REF
68719483198,94489282461,REF
68719483199,94489282492,REF
68719483202,94489282464,REF
68719483203,94489282494,REF
68719483204,111669150139,REF
68719483205,94489282465,REF
68719483206,94489282466,REF
68719483207,94489282464,REF
68719483208,94489282464,REF
68719483209,94489282465,REF
68719483210,94489282493,REF
68719483213,111669150140,REF
68719483216,111669150141,REF
68719483219,94489282492,REF
68719483221,94489282466,REF
68719483222,94489282469,REF
68719483223,94489282491,REF
68719483224,111669150143,REF
68719483225,94489282470,REF
68719483226,94489282469,REF
68719483227,94489282469,REF
68719483228,94489282490,REF
68719483231,111669150144,REF
68719483233,94489282470,REF
68719483234,94489282470,REF
68719483235,94489282473,REF
68719483236,94489282489,REF
68719483237,111669150145,REF
68719483238,94489282474,REF
68719483239,94489282473,REF
68719483240,94489282473,REF
68719483241,94489282488,REF
68719483244,111669150146,REF
68719483246,94489282474,REF
68719483247,94489282474,REF
68719483248,94489282477,REF
68719483249,94489282487,REF
68719483250,111669150147,REF
68719483251,94489282478,REF
68719483252,94489282477,REF
68719483253,94489282477,REF
68719483254,94489282486,REF
68719483257,111669150148,REF
68719483259,94489282478,REF
68719483260,94489282478,REF
68719483261,94489282481,REF
68719483262,94489282485,REF
68719483263,111669150149,REF
68719483264,94489282482,REF
68719483265,94489282481,REF
68719483266,94489282481,REF
68719483267,94489282484,REF
68719483270,111669150150,REF
68719483272,94489282482,REF
68719483273,94489282482,REF
68719483274,94489282400,REF
68719483276,111669150151,REF
68719483277,94489282401,REF
68719483279,111669150151,REF
68719483280,94489282402,REF
68719483282,111669150151,REF
68719483283,94489282403,REF
68719483285,111669150151,REF
68719483286,94489282404,REF
68719483288,111669150151,REF
68719483289,94489282405,REF
68719483291,111669150151,REF
68719483292,94489282406,REF
68719483294,111669150151,REF
68719483295,94489282407,REF
68719483297,111669150151,REF
68719483298,94489282408,REF
68719483300,111669150151,REF
68719483301,94489282409,REF
68719483303,94489282409,REF
68719483304,94489282415,REF
68719483306,94489282415,REF
68719483307,94489282426,REF
68719483309,94489282426,REF
68719483310,94489282432,REF
68719483312,94489282432,REF
68719483313,94489282443,REF
68719483315,94489282443,REF
68719483316,94489282448,REF
68719483318,94489282448,REF
68719483319,94489282453,REF
68719483321,94489282453,REF
68719483322,94489282458,REF
68719483324,94489282458,REF
68719483325,94489282463,REF
68719483327,94489282463,REF
68719483328,94489282468,REF
68719483330,94489282468,REF
68719483331,94489282472,REF
68719483333,94489282472,REF
68719483334,94489282476,REF
68719483336,94489282476,REF
68719483337,94489282480,REF
68719483339,94489282480,REF
68719483340,94489282614,REF
68719483343,111669150154,REF
68719483347,94489282524,REF
68719483348,111669150153,REF
68719483349,111669150154,REF
68719483350,111669150154,REF
68719483351,94489282613,REF
68719483352,94489282613,REF
68719483353,94489282524,REF
68719483356,94489282524,REF
68719483359,94489282524,REF
68719483361,94489282524,REF
68719483363,94489282596,REF
68719483364,94489282596,REF
68719483365,111669150159,REF
68719483366,94489282594,REF
68719483367,94489282594,REF
68719483368,111669150161,REF
68719483369,94489282592,REF
68719483370,94489282592,REF
68719483371,111669150163,REF
68719483372,94489282590,REF
68719483373,94489282590,REF
68719483374,111669150165,REF
68719483375,94489282589,REF
68719483376,94489282589,REF
68719483377,111669150167,REF
68719483379,111669150167,REF
68719483389,94489282551,REF
68719483390,94489282587,REF
68719483391,94489282587,REF
68719483392,111669150169,REF
68719483393,94489282551,REF
68719483394,94489282551,REF
68719483395,111669150169,REF
68719483396,94489282551,REF
68719483397,111669150169,REF
68719483398,94489282552,REF
68719483399,94489282585,REF
68719483400,94489282585,REF
68719483401,111669150171,REF
68719483402,94489282552,REF
68719483403,94489282552,REF
68719483404,111669150171,REF
68719483405,94489282552,REF
68719483406,111669150171,REF
68719483407,94489282553,REF
68719483408,94489282583,REF
68719483409,94489282583,REF
68719483410,111669150173,REF
68719483411,94489282553,REF
68719483412,94489282553,REF
68719483413,111669150173,REF
68719483414,94489282553,REF
68719483415,111669150173,REF
68719483416,94489282554,REF
68719483417,94489282581,REF
68719483418,94489282581,REF
68719483419,111669150175,REF
68719483420,94489282554,REF
68719483421,94489282554,REF
68719483422,111669150175,REF
68719483423,94489282554,REF
68719483424,111669150175,REF
68719483425,94489282578,REF
68719483426,111669150177,REF
68719483427,94489282578,REF
68719483428,111669150178,REF
68719483429,111669150180,REF
68719483430,111669150182,REF
68719483431,111669150184,REF
68719483432,111669150186,REF
68719483433,111669150188,REF
68719483434,111669150190,REF
68719483435,111669150192,REF
68719483436,111669150194,REF
68719483437,111669150195,REF
68719483438,111669150197,REF
68719483439,111669150198,REF
68719483440,111669150200,REF
68719483441,111669150201,REF
68719483442,111669150203,REF
68719483443,111669150204,REF
68719483444,94489282574,REF
68719483447,94489282603,REF
68719483450,94489282608,REF
68719483453,94489282528,REF
68719483454,94489282610,REF
68719483455,111669150205,REF
68719483456,94489282603,REF
68719483457,94489282609,REF
68719483458,94489282609,REF
68719483459,94489282603,REF
68719483460,94489282608,REF
68719483461,94489282609,REF
68719483462,94489282609,REF
68719483463,94489282608,REF
68719483464,94489282574,REF
68719483465,94489282529,REF
68719483466,94489282530,REF
68719483467,94489282531,REF
68719483468,94489282603,REF
68719483469,94489282532,REF
68719483470,94489282603,REF
68719483471,94489282608,REF
68719483472,94489282529,REF
68719483473,94489282530,REF
68719483474,94489282531,REF
68719483475,94489282603,REF
68719483476,94489282532,REF
68719483477,94489282603,REF
68719483478,94489282608,REF
68719483479,94489282529,REF
68719483480,94489282530,REF
68719483481,94489282531,REF
68719483482,94489282603,REF
68719483483,94489282532,REF
68719483484,94489282603,REF
68719483485,94489282608,REF
68719483486,94489282533,REF
68719483487,94489282608,REF
68719483488,94489282603,REF
68719483489,94489282608,REF
68719483490,94489282574,REF
68719483491,94489282574,REF
68719483492,94489282534,REF
68719483493,94489282529,REF
68719483494,94489282532,REF
68719483495,94489282533,REF
68719483496,94489282529,REF
68719483497,94489282603,REF
68719483498,94489282607,REF
68719483499,94489282607,REF
68719483500,111669150206,REF
68719483501,94489282607,REF
68719483502,94489282607,REF
68719483503,94489282529,REF
68719483504,94489282607,REF
68719483505,94489282607,REF
68719483506,94489282531,REF
68719483507,94489282607,REF
68719483508,94489282607,REF
68719483509,94489282535,REF
68719483510,94489282528,REF
68719483511,94489282528,REF
68719483512,94489282534,REF
68719483513,94489282606,REF
68719483516,111669150206,REF
68719483518,94489282537,REF
68719483519,94489282529,REF
68719483520,94489282532,REF
68719483521,94489282533,REF
68719483522,94489282529,REF
68719483523,94489282603,REF
68719483524,94489282538,REF
68719483525,94489282528,REF
68719483526,94489282528,REF
68719483527,94489282537,REF
68719483528,94489282605,REF
68719483531,111669150206,REF
68719483533,94489282540,REF
68719483534,94489282529,REF
68719483535,94489282532,REF
68719483536,94489282533,REF
68719483537,94489282529,REF
68719483538,94489282603,REF
68719483539,94489282541,REF
68719483540,94489282528,REF
68719483541,94489282528,REF
68719483542,94489282540,REF
68719483543,94489282604,REF
68719483546,111669150206,REF
68719483548,94489282543,REF
68719483549,94489282529,REF
68719483550,94489282532,REF
68719483551,94489282533,REF
68719483552,94489282529,REF
68719483553,94489282603,REF
68719483554,94489282544,REF
68719483555,94489282528,REF
68719483556,94489282528,REF
68719483557,94489282543,REF
68719483558,94489282602,REF
68719483561,111669150206,REF
68719483563,94489282546,REF
68719483564,94489282601,REF
68719483565,94489282600,REF
68719483568,94489282548,REF
68719483569,94489282599,REF
68719483570,94489282598,REF
68719483573,94489282597,REF
68719483574,94489282535,REF
68719483575,94489282597,REF
68719483576,94489282595,REF
68719483577,94489282538,REF
68719483578,94489282595,REF
68719483579,94489282593,REF
68719483580,94489282541,REF
68719483581,94489282593,REF
68719483582,94489282591,REF
68719483583,94489282544,REF
68719483584,94489282591,REF
68719483585,94489282548,REF
68719483586,94489282548,REF
68719483587,94489282588,REF
68719483588,94489282535,REF
68719483589,94489282588,REF
68719483590,94489282586,REF
68719483591,94489282538,REF
68719483592,94489282586,REF
68719483593,94489282584,REF
68719483594,94489282541,REF
68719483595,94489282584,REF
68719483596,94489282582,REF
68719483597,94489282544,REF
68719483598,94489282582,REF
68719483599,94489282555,REF
68719483600,94489282579,REF
68719483601,94489282580,REF
68719483602,94489282580,REF
68719483603,94489282546,REF
68719483604,94489282546,REF
68719483605,94489282579,REF
68719483606,94489282556,REF
68719483607,94489282577,REF
68719483608,94489282555,REF
68719483609,94489282555,REF
68719483610,94489282577,REF
68719483611,94489282557,REF
68719483612,94489282576,REF
68719483613,94489282555,REF
68719483614,94489282555,REF
68719483615,94489282576,REF
68719483616,94489282558,REF
68719483617,94489282555,REF
68719483618,94489282555,REF
68719483619,94489282559,REF
68719483620,94489282575,REF
68719483621,94489282555,REF
68719483622,94489282555,REF
68719483623,94489282575,REF
68719483624,94489282560,REF
68719483625,94489282555,REF
68719483626,94489282555,REF
68719483632,94489282562,REF
68719483633,94489282555,REF
68719483634,94489282555,REF
68719483635,94489282560,REF
68719483636,94489282563,REF
68719483637,94489282556,REF
68719483638,94489282556,REF
68719483639,94489282556,REF
68719483640,94489282556,REF
68719483641,94489282564,REF
68719483642,94489282557,REF
68719483643,94489282557,REF
68719483644,94489282557,REF
68719483645,94489282557,REF
68719483646,94489282565,REF
68719483647,94489282558,REF
68719483648,94489282558,REF
68719483649,94489282558,REF
68719483650,94489282558,REF
68719483651,94489282566,REF
68719483652,94489282559,REF
68719483653,94489282559,REF
68719483654,94489282559,REF
68719483655,94489282559,REF
68719483657,94489282574,REF
68719483659,94489282555,REF
68719483663,94489282560,REF
68719483665,94489282563,REF
68719483667,94489282573,REF
68719483668,111669150205,REF
68719483669,94489282560,REF
68719483670,94489282562,REF
68719483674,94489282560,REF
68719483676,94489282564,REF
68719483678,94489282573,REF
68719483679,111669150205,REF
68719483680,94489282560,REF
68719483681,94489282562,REF
68719483685,94489282560,REF
68719483687,94489282565,REF
68719483689,94489282573,REF
68719483690,111669150205,REF
68719483691,94489282560,REF
68719483692,94489282562,REF
68719483696,94489282560,REF
68719483698,94489282566,REF
68719483700,94489282573,REF
68719483701,111669150205,REF
68719483702,94489282560,REF
68719483703,94489282562,REF
68719483707,94489282521,REF
68719483709,111669150210,REF
68719483710,94489282522,REF
68719483712,94489282612,REF
68719483714,94489282611,REF
68719483715,94489282527,REF
68719483717,94489282527,REF
68719483718,94489282617,REF
68719483719,94489282692,REF
68719483720,111669150212,REF
68719483721,94489282618,REF
68719483722,94489282619,REF
68719483723,94489282620,REF
68719483724,94489282621,REF
68719483725,94489282628,REF
68719483726,94489282691,REF
68719483729,94489282617,REF
68719483730,94489282617,REF
68719483731,94489282618,REF
68719483732,94489282690,REF
68719483735,111669150213,REF
68719483738,111669150214,REF
68719483741,111669150215,REF
68719483745,94489282617,REF
68719483746,94489282617,REF
68719483747,94489282619,REF
68719483748,94489282689,REF
68719483751,111669150213,REF
68719483754,111669150214,REF
68719483757,111669150215,REF
68719483761,94489282617,REF
68719483762,94489282617,REF
68719483763,94489282620,REF
68719483764,94489282688,REF
68719483767,111669150213,REF
68719483770,111669150214,REF
68719483773,111669150215,REF
68719483777,94489282617,REF
68719483778,94489282617,REF
68719483779,94489282621,REF
68719483780,94489282687,REF
68719483783,111669150213,REF
68719483786,111669150214,REF
68719483789,111669150215,REF
68719483792,94489282629,REF
68719483794,94489282630,REF
68719483796,94489282631,REF
68719483798,94489282632,REF
68719483801,94489282633,REF
68719483802,94489282629,REF
68719483803,94489282634,REF
68719483804,94489282630,REF
68719483805,94489282635,REF
68719483806,94489282631,REF
68719483807,94489282636,REF
68719483808,94489282632,REF
68719483809,94489282637,REF
68719483810,94489282638,REF
68719483811,94489282617,REF
68719483812,94489282617,REF
68719483813,94489282637,REF
68719483814,94489282686,REF
68719483817,111669150213,REF
68719483820,111669150214,REF
68719483823,111669150215,REF
68719483826,94489282633,REF
68719483829,94489282633,REF
68719483832,94489282634,REF
68719483835,94489282634,REF
68719483838,94489282635,REF
68719483841,94489282635,REF
68719483842,94489282635,REF
68719483845,94489282636,REF
68719483848,94489282636,REF
68719483849,94489282636,REF
68719483851,94489282638,REF
68719483852,111669150217,REF
68719483856,94489282641,REF
68719483857,94489282685,REF
68719483858,111669150218,REF
68719483859,94489282642,REF
68719483860,94489282643,REF
68719483861,94489282641,REF
68719483862,94489282641,REF
68719483863,94489282642,REF
68719483864,94489282644,REF
68719483865,94489282684,REF
68719483866,94489282643,REF
68719483867,94489282684,REF
68719483868,94489282678,REF
68719483869,94489282678,REF
68719483870,94489282644,REF
68719483871,94489282683,REF
68719483872,94489282644,REF
68719483873,94489282682,REF
68719483874,94489282680,REF
68719483877,94489282681,REF
68719483878,111669150218,REF
68719483879,94489282680,REF
68719483880,111669150219,REF
68719483881,111669150220,REF
68719483882,94489282678,REF
68719483883,94489282678,REF
68719483884,94489282680,REF
68719483885,94489282679,REF
68719483886,94489282678,REF
68719483887,94489282678,REF
68719483888,94489282680,REF
68719483889,94489282679,REF
68719483890,94489282678,REF
68719483891,94489282678,REF
68719483892,94489282649,REF
68719483893,94489282677,REF
68719483894,94489282674,REF
68719483897,94489282651,REF
68719483898,94489282649,REF
68719483899,94489282649,REF
68719483900,94489282652,REF
68719483901,94489282651,REF
68719483902,94489282651,REF
68719483903,94489282653,REF
68719483904,94489282676,REF
68719483905,94489282674,REF
68719483907,94489282649,REF
68719483909,94489282653,REF
68719483910,94489282653,REF
68719483911,94489282649,REF
68719483912,94489282649,REF
68719483913,94489282652,REF
68719483914,94489282653,REF
68719483915,94489282653,REF
68719483916,94489282655,REF
68719483917,94489282675,REF
68719483918,94489282674,REF
68719483920,94489282653,REF
68719483922,94489282655,REF
68719483923,94489282655,REF
68719483924,94489282653,REF
68719483925,94489282653,REF
68719483926,94489282655,REF
68719483927,94489282655,REF
68719483929,94489282653,REF
68719483931,94489282655,REF
68719483933,94489282660,REF
68719483934,94489282673,REF
68719483935,111669150222,REF
68719483936,94489282661,REF
68719483938,94489282662,REF
68719483941,94489282672,REF
68719483942,94489282672,REF
68719483943,94489282661,REF
68719483944,94489282661,REF
68719483945,94489282662,REF
68719483946,94489282662,REF
68719483947,94489282671,REF
68719483948,111669150222,REF
68719483949,94489282661,REF
68719483950,94489282662,REF
68719483951,94489282668,REF
68719483954,94489282664,REF
68719483955,94489282670,REF
68719483956,111669150223,REF
68719483957,94489282665,REF
68719483958,94489282666,REF
68719483959,94489282664,REF
68719483960,94489282664,REF
68719483961,94489282665,REF
68719483962,94489282669,REF
68719483965,111669150224,REF
68719483968,94489282668,REF
68719483970,94489282666,REF
68719483971,94489282615,REF
68719483973,111669150226,REF
68719483974,94489282616,REF
68719483976,94489282616,REF
68719483977,94489282640,REF
68719483979,94489282640,REF
68719483980,94489282648,REF
68719483982,94489282648,REF
68719483983,94489282658,REF
68719483985,94489282658,REF
68719483986,94489282663,REF
68719483988,94489282663,REF
68719483989,94489282724,REF
68719483992,94489282695,REF
68719483993,94489282725,REF
68719483994,94489282725,REF
68719483995,94489282696,REF
68719483997,94489282724,REF
68719484000,111669150229,REF
68719484001,94489282696,REF
68719484002,111669150229,REF
68719484003,94489282698,REF
68719484004,94489282695,REF
68719484005,94489282695,REF
68719484006,111669150228,REF
68719484008,94489282696,REF
68719484010,94489282698,REF
68719484011,94489282722,REF
68719484012,94489282723,REF
68719484013,94489282723,REF
68719484014,111669150228,REF
68719484015,94489282722,REF
68719484016,94489282700,REF
68719484017,94489282720,REF
68719484018,94489282720,REF
68719484019,94489282701,REF
68719484020,94489282700,REF
68719484021,94489282700,REF
68719484022,111669150232,REF
68719484023,111669150233,REF
68719484028,94489282701,REF
68719484029,94489282718,REF
68719484030,94489282719,REF
68719484031,94489282719,REF
68719484032,111669150233,REF
68719484033,94489282718,REF
68719484034,94489282704,REF
68719484035,94489282715,REF
68719484036,94489282715,REF
68719484037,94489282705,REF
68719484040,111669150236,REF
68719484041,94489282705,REF
68719484042,111669150236,REF
68719484043,94489282707,REF
68719484044,94489282704,REF
68719484045,94489282704,REF
68719484046,111669150235,REF
68719484048,94489282705,REF
68719484050,94489282709,REF
68719484051,94489282707,REF
68719484052,94489282709,REF
68719484053,94489282709,REF
68719484054,94489282713,REF
68719484055,94489282714,REF
68719484056,94489282714,REF
68719484057,111669150235,REF
68719484058,94489282713,REF
68719484059,94489282726,REF
68719484060,94489282721,REF
68719484061,94489282717,REF
68719484062,94489282693,REF
68719484064,111669150238,REF
68719484065,94489282694,REF
68719484067,111669150238,REF
68719484068,94489282710,REF
68719484069,94489282712,REF
68719484070,94489282710,REF
68719484074,94489282712,REF
68719484075,94489282731,REF
68719484076,94489282831,REF
68719484077,94489282831,REF
68719484078,94489282732,REF
68719484079,94489282731,REF
68719484080,94489282731,REF
68719484081,111669150240,REF
68719484089,94489282732,REF
68719484090,94489282827,REF
68719484091,94489282830,REF
68719484092,94489282830,REF
68719484093,111669150240,REF
68719484094,94489282827,REF
68719484095,94489282829,REF
68719484096,94489282828,REF
68719484098,94489282827,REF
68719484100,94489282736,REF
68719484101,94489282825,REF
68719484102,94489282825,REF
68719484103,94489282737,REF
68719484104,94489282736,REF
68719484105,94489282736,REF
68719484106,111669150242,REF
68719484109,111669150243,REF
68719484113,94489282740,REF
68719484114,94489282737,REF
68719484115,94489282740,REF
68719484116,94489282740,REF
68719484117,94489282823,REF
68719484118,94489282824,REF
68719484119,94489282824,REF
68719484120,111669150242,REF
68719484121,94489282823,REF
68719484125,94489282814,REF
68719484128,94489282741,REF
68719484129,94489282821,REF
68719484130,94489282821,REF
68719484131,94489282742,REF
68719484132,94489282743,REF
68719484133,94489282744,REF
68719484134,94489282745,REF
68719484135,111669150246,REF
68719484136,94489282820,REF
68719484137,94489282816,REF
68719484139,111669150246,REF
68719484141,94489282742,REF
68719484142,94489282814,REF
68719484143,94489282747,REF
68719484144,94489282741,REF
68719484145,94489282741,REF
68719484146,111669150245,REF
68719484152,94489282744,REF
68719484154,94489282743,REF
68719484157,94489282750,REF
68719484158,94489282747,REF
68719484159,94489282750,REF
68719484160,94489282745,REF
68719484161,94489282819,REF
68719484162,94489282750,REF
68719484163,94489282818,REF
68719484164,94489282815,REF
68719484167,94489282815,REF
68719484168,94489282754,REF
68719484169,94489282817,REF
68719484170,94489282816,REF
68719484172,94489282815,REF
68719484174,94489282754,REF
68719484175,94489282745,REF
68719484176,94489282742,REF
68719484177,94489282742,REF
68719484178,94489282815,REF
68719484179,94489282742,REF
68719484180,94489282742,REF
68719484181,94489282742,REF
68719484182,94489282750,REF
68719484183,94489282750,REF
68719484184,94489282744,REF
68719484185,94489282743,REF
68719484186,94489282743,REF
68719484187,94489282813,REF
68719484188,94489282813,REF
68719484189,111669150245,REF
68719484190,94489282742,REF
68719484191,94489282742,REF
68719484192,94489282814,REF
68719484193,94489282812,REF
68719484194,94489282813,REF
68719484195,94489282813,REF
68719484196,111669150245,REF
68719484197,94489282812,REF
68719484198,94489282809,REF
68719484201,94489282756,REF
68719484202,94489282810,REF
68719484203,94489282810,REF
68719484204,94489282757,REF
68719484205,94489282758,REF
68719484206,94489282759,REF
68719484207,94489282757,REF
68719484208,94489282809,REF
68719484209,94489282760,REF
68719484210,94489282756,REF
68719484211,94489282756,REF
68719484212,111669150249,REF
68719484215,111669150250,REF
68719484219,94489282759,REF
68719484221,94489282758,REF
68719484224,94489282763,REF
68719484225,94489282760,REF
68719484226,94489282763,REF
68719484227,94489282757,REF
68719484228,94489282757,REF
68719484229,94489282763,REF
68719484230,94489282763,REF
68719484231,94489282759,REF
68719484232,94489282758,REF
68719484233,94489282757,REF
68719484234,94489282757,REF
68719484235,94489282809,REF
68719484236,94489282807,REF
68719484237,94489282808,REF
68719484238,94489282808,REF
68719484239,111669150249,REF
68719484240,94489282807,REF
68719484241,94489282804,REF
68719484244,94489282764,REF
68719484245,94489282805,REF
68719484246,94489282805,REF
68719484247,94489282765,REF
68719484249,111669150254,REF
68719484250,111669150254,REF
68719484252,94489282804,REF
68719484255,111669150255,REF
68719484256,94489282765,REF
68719484257,111669150255,REF
68719484258,94489282767,REF
68719484259,94489282764,REF
68719484260,94489282764,REF
68719484261,111669150253,REF
68719484263,94489282765,REF
68719484265,94489282767,REF
68719484266,94489282802,REF
68719484267,94489282803,REF
68719484268,94489282803,REF
68719484269,111669150253,REF
68719484270,94489282802,REF
68719484271,94489282799,REF
68719484274,94489282769,REF
68719484275,94489282800,REF
68719484276,94489282800,REF
68719484277,94489282770,REF
68719484278,94489282771,REF
68719484279,94489282772,REF
68719484280,94489282770,REF
68719484281,94489282799,REF
68719484282,94489282773,REF
68719484283,94489282769,REF
68719484284,94489282769,REF
68719484285,111669150258,REF
68719484291,94489282772,REF
68719484293,94489282771,REF
68719484296,94489282776,REF
68719484297,94489282773,REF
68719484298,94489282776,REF
68719484299,94489282770,REF
68719484300,94489282770,REF
68719484301,94489282776,REF
68719484302,94489282776,REF
68719484303,94489282772,REF
68719484304,94489282771,REF
68719484305,94489282770,REF
68719484306,94489282770,REF
68719484307,94489282799,REF
68719484308,94489282797,REF
68719484309,94489282798,REF
68719484310,94489282798,REF
68719484311,111669150258,REF
68719484312,94489282797,REF
68719484313,94489282777,REF
68719484314,94489282795,REF
68719484315,94489282795,REF
68719484316,94489282778,REF
68719484317,94489282777,REF
68719484318,94489282777,REF
68719484319,111669150261,REF
68719484320,111669150262,REF
68719484321,94489282778,REF
68719484322,94489282793,REF
68719484323,94489282794,REF
68719484324,94489282794,REF
68719484325,111669150262,REF
68719484326,94489282793,REF
68719484327,94489282779,REF
68719484328,94489282791,REF
68719484329,94489282791,REF
68719484330,94489282780,REF
68719484331,94489282779,REF
68719484332,94489282779,REF
68719484333,111669150264,REF
68719484334,111669150265,REF
68719484335,94489282780,REF
68719484336,94489282790,REF
68719484337,94489282781,REF
68719484338,94489282787,REF
68719484339,94489282787,REF
68719484340,94489282782,REF
68719484341,94489282781,REF
68719484342,94489282781,REF
68719484343,111669150267,REF
68719484344,111669150268,REF
68719484345,94489282782,REF
68719484346,94489282786,REF
68719484347,94489282832,REF
68719484348,94489282826,REF
68719484349,94489282822,REF
68719484350,94489282811,REF
68719484351,94489282806,REF
68719484352,94489282801,REF
68719484353,94489282796,REF
68719484354,94489282792,REF
68719484355,94489282789,REF
68719484356,94489282727,REF
68719484358,111669150270,REF
68719484359,94489282728,REF
68719484361,111669150270,REF
68719484362,94489282729,REF
68719484364,111669150270,REF
68719484365,94489282730,REF
68719484367,111669150270,REF
68719484368,94489282783,REF
68719484369,94489282785,REF
68719484370,94489282783,REF
68719484374,94489282785,REF
68719484375,94489282835,REF
68719484376,94489282913,REF
68719484377,94489282913,REF
68719484378,94489282836,REF
68719484379,94489282835,REF
68719484380,94489282835,REF
68719484381,111669150272,REF
68719484389,94489282836,REF
68719484390,94489282909,REF
68719484391,94489282912,REF
68719484392,94489282912,REF
68719484393,111669150272,REF
68719484394,94489282909,REF
68719484395,94489282911,REF
68719484396,94489282910,REF
68719484398,94489282909,REF
68719484400,94489282906,REF
68719484403,94489282840,REF
68719484404,94489282907,REF
68719484405,94489282907,REF
68719484406,94489282841,REF
68719484407,94489282840,REF
68719484408,94489282840,REF
68719484409,111669150274,REF
68719484412,94489282906,REF
68719484416,94489282844,REF
68719484417,94489282841,REF
68719484418,94489282844,REF
68719484419,94489282844,REF
68719484420,94489282904,REF
68719484421,94489282905,REF
68719484422,94489282905,REF
68719484423,111669150274,REF
68719484424,94489282904,REF
68719484425,94489282901,REF
68719484428,94489282845,REF
68719484429,94489282902,REF
68719484430,94489282902,REF
68719484431,94489282846,REF
68719484432,94489282845,REF
68719484433,94489282845,REF
68719484434,111669150277,REF
68719484440,94489282901,REF
68719484443,94489282846,REF
68719484444,94489282899,REF
68719484445,94489282900,REF
68719484446,94489282900,REF
68719484447,111669150277,REF
68719484448,94489282899,REF
68719484449,94489282896,REF
68719484452,94489282849,REF
68719484453,94489282897,REF
68719484454,94489282897,REF
68719484455,94489282850,REF
68719484460,94489282896,REF
68719484462,111669150281,REF
68719484463,94489282850,REF
68719484464,111669150281,REF
68719484465,94489282852,REF
68719484466,94489282849,REF
68719484467,94489282849,REF
68719484468,111669150280,REF
68719484470,94489282850,REF
68719484472,94489282852,REF
68719484473,94489282894,REF
68719484474,94489282895,REF
68719484475,94489282895,REF
68719484476,111669150280,REF
68719484477,94489282894,REF
68719484478,94489282891,REF
68719484481,94489282854,REF
68719484482,94489282892,REF
68719484483,94489282892,REF
68719484484,94489282855,REF
68719484485,94489282854,REF
68719484486,94489282854,REF
68719484487,111669150284,REF
68719484490,111669150285,REF
68719484494,94489282891,REF
68719484497,94489282855,REF
68719484498,94489282889,REF
68719484499,94489282890,REF
68719484500,94489282890,REF
68719484501,111669150284,REF
68719484502,94489282889,REF
68719484503,94489282858,REF
68719484504,94489282887,REF
68719484505,94489282887,REF
68719484506,94489282859,REF
68719484507,94489282858,REF
68719484508,94489282858,REF
68719484509,111669150288,REF
68719484510,111669150289,REF
68719484515,94489282859,REF
68719484516,94489282885,REF
68719484517,94489282886,REF
68719484518,94489282886,REF
68719484519,111669150289,REF
68719484520,94489282885,REF
68719484521,94489282862,REF
68719484522,94489282883,REF
68719484523,94489282883,REF
68719484524,94489282863,REF
68719484525,94489282862,REF
68719484526,94489282862,REF
68719484527,111669150291,REF
68719484528,111669150292,REF
68719484533,94489282863,REF
68719484534,94489282881,REF
68719484535,94489282882,REF
68719484536,94489282882,REF
68719484537,111669150292,REF
68719484538,94489282881,REF
68719484539,94489282874,REF
68719484540,111669150294,REF
68719484541,111669150294,REF
68719484542,94489282874,REF
68719484543,94489282866,REF
68719484544,94489282878,REF
68719484545,94489282878,REF
68719484546,94489282867,REF
68719484547,94489282866,REF
68719484548,94489282866,REF
68719484549,111669150296,REF
68719484550,111669150297,REF
68719484551,94489282868,REF
68719484552,94489282867,REF
68719484553,94489282868,REF
68719484554,94489282876,REF
68719484555,94489282877,REF
68719484556,94489282868,REF
68719484557,94489282877,REF
68719484558,94489282876,REF
68719484559,94489282868,REF
68719484560,111669150295,REF
68719484561,111669150295,REF
68719484562,94489282868,REF
68719484563,94489282875,REF
68719484564,94489282868,REF
68719484565,94489282875,REF
68719484566,94489282872,REF
68719484567,94489282873,REF
68719484568,94489282873,REF
68719484569,111669150297,REF
68719484570,94489282872,REF
68719484571,94489282914,REF
68719484572,94489282908,REF
68719484573,94489282903,REF
68719484574,94489282898,REF
68719484575,94489282893,REF
68719484576,94489282888,REF
68719484577,94489282884,REF
68719484578,94489282880,REF
68719484579,94489282833,REF
68719484581,111669150299,REF
68719484582,94489282834,REF
68719484584,111669150299,REF
68719484585,94489282869,REF
68719484586,94489282871,REF
68719484587,94489282869,REF
68719484591,94489282871,REF
68719484592,94489282916,REF
68719484593,94489282943,REF
68719484594,94489282943,REF
68719484595,94489282917,REF
68719484596,94489282916,REF
68719484597,94489282916,REF
68719484598,111669150301,REF
68719484604,94489282920,REF
68719484605,94489282917,REF
68719484606,94489282917,REF
68719484607,94489282920,REF
68719484608,94489282921,REF
68719484609,94489282920,REF
68719484610,94489282921,REF
68719484611,94489282921,REF
68719484612,94489282942,REF
68719484613,94489282942,REF
68719484614,94489282917,REF
68719484615,94489282917,REF
68719484616,94489282940,REF
68719484617,94489282941,REF
68719484618,94489282941,REF
68719484619,111669150301,REF
68719484620,94489282940,REF
68719484621,94489282940,REF
68719484623,111669150303,REF
68719484625,111669150303,REF
68719484626,111669150303,REF
68719484628,111669150303,REF
68719484630,111669150303,REF
68719484631,111669150303,REF
68719484632,94489282935,REF
68719484634,94489282922,REF
68719484635,94489282937,REF
68719484636,94489282937,REF
68719484637,94489282923,REF
68719484638,94489282924,REF
68719484639,94489282925,REF
68719484640,94489282926,REF
68719484641,94489282922,REF
68719484642,94489282922,REF
68719484643,111669150305,REF
68719484646,94489282923,REF
68719484648,94489282924,REF
68719484651,94489282936,REF
68719484652,94489282936,REF
68719484653,94489282926,REF
68719484654,94489282926,REF
68719484655,94489282925,REF
68719484656,94489282925,REF
68719484657,94489282926,REF
68719484658,94489282926,REF
68719484659,94489282923,REF
68719484660,94489282924,REF
68719484661,94489282925,REF
68719484662,94489282925,REF
68719484663,94489282933,REF
68719484664,94489282934,REF
68719484665,94489282934,REF
68719484666,111669150305,REF
68719484667,94489282933,REF
68719484668,94489282933,REF
68719484669,94489282944,REF
68719484670,94489282939,REF
68719484671,94489282915,REF
68719484673,111669150307,REF
68719484674,94489282930,REF
68719484675,94489282932,REF
68719484676,94489282930,REF
68719484680,94489282932,REF
68719484681,94489282946,REF
68719484682,94489282962,REF
68719484683,94489282962,REF
68719484684,94489282946,REF
68719484685,94489282946,REF
68719484686,94489282960,REF
68719484687,94489282961,REF
68719484688,94489282961,REF
68719484689,94489282960,REF
68719484690,94489282947,REF
68719484691,94489282957,REF
68719484692,94489282957,REF
68719484693,94489282948,REF
68719484694,94489282947,REF
68719484695,94489282947,REF
68719484696,94489282948,REF
68719484697,94489282953,REF
68719484698,94489282956,REF
68719484699,94489282956,REF
68719484700,94489282953,REF
68719484701,94489282955,REF
68719484702,94489282954,REF
68719484704,94489282953,REF
68719484706,94489282963,REF
68719484707,94489282959,REF
68719484708,94489282945,REF
68719484710,111669150311,REF
68719484711,94489282950,REF
68719484712,94489282952,REF
68719484713,94489282950,REF
68719484717,94489282952,REF
68719484718,111669150312,REF
68719484719,111669150312,REF
68719484720,94489282975,REF
68719484721,111669150312,REF
68719484722,94489282975,REF
68719484723,111669150312,REF
68719484724,111669150312,REF
68719484725,94489282974,REF
68719484726,94489282974,REF
68719484727,111669150312,REF
68719484728,94489282972,REF
68719484729,94489282972,REF
68719484731,111669150312,REF
68719484734,111669150312,REF
68719484739,111669150313,REF
68719484740,111669150313,REF
68719484741,111669150313,REF
68719484742,111669150313,REF
68719484743,94489282977,REF
68719484744,94489282976,REF
68719484745,94489282971,REF
68719484746,111669150314,REF
68719484747,111669150314,REF
68719484748,94489282964,REF
68719484750,111669150315,REF
68719484751,94489282965,REF
68719484753,111669150315,REF
68719484754,94489282968,REF
68719484755,94489282970,REF
68719484756,94489282968,REF
68719484760,94489282970,REF
68719484761,94489282980,REF
68719484762,94489283009,REF
68719484763,94489283009,REF
68719484764,94489282981,REF
68719484765,94489282980,REF
68719484766,94489282980,REF
68719484771,94489282981,REF
68719484772,94489283005,REF
68719484773,94489283008,REF
68719484774,94489283008,REF
68719484775,94489283005,REF
68719484776,94489283007,REF
68719484777,94489283006,REF
68719484779,94489283005,REF
68719484781,94489282985,REF
68719484782,94489283002,REF
68719484783,94489283002,REF
68719484784,94489282986,REF
68719484785,94489282985,REF
68719484786,94489282985,REF
68719484787,111669150318,REF
68719484788,94489282986,REF
68719484789,94489282998,REF
68719484790,94489283001,REF
68719484791,94489283001,REF
68719484792,94489282998,REF
68719484793,94489283000,REF
68719484794,94489282999,REF
68719484796,94489282998,REF
68719484798,94489282988,REF
68719484799,94489282989,REF
68719484800,111669150320,REF
68719484801,94489282989,REF
68719484802,94489282990,REF
68719484803,111669150319,REF
68719484804,111669150319,REF
68719484805,94489282989,REF
68719484806,94489282988,REF
68719484807,94489282988,REF
68719484808,94489282990,REF
68719484809,94489282989,REF
68719484810,94489282990,REF
68719484811,94489282996,REF
68719484812,94489282988,REF
68719484813,94489282988,REF
68719484814,94489282996,REF
68719484815,94489282994,REF
68719484816,94489282995,REF
68719484817,94489282995,REF
68719484818,94489282994,REF
68719484819,94489283010,REF
68719484820,94489283004,REF
68719484821,94489282997,REF
68719484822,94489282978,REF
68719484824,111669150322,REF
68719484825,94489282979,REF
68719484827,111669150322,REF
68719484828,94489282991,REF
68719484829,94489282993,REF
68719484830,94489282991,REF
68719484834,94489282993,REF
68719484835,111669150324,REF
68719484836,94489283020,REF
68719484837,94489283029,REF
68719484838,94489283028,REF
68719484840,111669150324,REF
68719484842,94489283020,REF
68719484843,94489283027,REF
68719484844,94489283013,REF
68719484845,94489283032,REF
68719484846,94489283032,REF
68719484847,94489283014,REF
68719484848,94489283013,REF
68719484849,94489283013,REF
68719484850,111669150326,REF
68719484858,94489283017,REF
68719484859,94489283014,REF
68719484860,94489283018,REF
68719484861,94489283031,REF
68719484862,94489283030,REF
68719484865,94489283017,REF
68719484866,94489283017,REF
68719484867,94489283025,REF
68719484868,94489283026,REF
68719484869,94489283026,REF
68719484870,94489283025,REF
68719484871,94489283025,REF
68719484872,94489283034,REF
68719484873,94489283011,REF
68719484875,111669150328,REF
68719484876,94489283012,REF
68719484878,111669150328,REF
68719484879,94489283022,REF
68719484880,94489283024,REF
68719484881,94489283022,REF
68719484885,94489283024,REF
68719484886,94489283037,REF
68719484887,94489283064,REF
68719484888,94489283064,REF
68719484889,94489283038,REF
68719484890,94489283039,REF
68719484891,94489283040,REF
68719484892,94489283063,REF
68719484893,94489283063,REF
68719484894,94489283040,REF
68719484895,94489283041,REF
68719484896,94489283037,REF
68719484897,94489283037,REF
68719484902,94489283039,REF
68719484907,94489283044,REF
68719484908,94489283041,REF
68719484909,94489283038,REF
68719484910,94489283038,REF
68719484911,94489283044,REF
68719484912,94489283063,REF
68719484913,94489283063,REF
68719484914,94489283039,REF
68719484915,94489283044,REF
68719484916,94489283038,REF
68719484917,94489283045,REF
68719484918,94489283041,REF
68719484919,94489283040,REF
68719484920,94489283045,REF
68719484921,94489283045,REF
68719484922,94489283044,REF
68719484923,94489283039,REF
68719484924,94489283039,REF
68719484925,94489283063,REF
68719484926,94489283063,REF
68719484927,94489283063,REF
68719484928,94489283063,REF
68719484929,94489283038,REF
68719484930,94489283038,REF
68719484931,94489283060,REF
68719484932,94489283063,REF
68719484933,94489283063,REF
68719484934,94489283060,REF
68719484935,94489283062,REF
68719484936,94489283061,REF
68719484938,94489283060,REF
68719484940,94489283047,REF
68719484941,94489283057,REF
68719484942,94489283057,REF
68719484943,94489283048,REF
68719484944,94489283047,REF
68719484945,94489283047,REF
68719484946,111669150331,REF
68719484947,94489283048,REF
68719484948,94489283053,REF
68719484949,94489283056,REF
68719484950,94489283056,REF
68719484951,94489283053,REF
68719484952,94489283055,REF
68719484953,94489283054,REF
68719484955,94489283053,REF
68719484957,94489283065,REF
68719484958,94489283059,REF
68719484959,94489283035,REF
68719484961,111669150333,REF
68719484962,94489283036,REF
68719484964,111669150333,REF
68719484965,94489283050,REF
68719484966,94489283052,REF
68719484967,94489283050,REF
68719484971,94489283052,REF
68719484972,94489283066,REF
68719484974,94489283073,REF
68719484975,94489283067,REF
68719484977,94489283073,REF
68719484978,94489283068,REF
68719484980,94489283073,REF
68719484981,94489283069,REF
68719484983,94489283073,REF
68719484984,94489283070,REF
68719484986,94489283073,REF
68719484987,94489283071,REF
68719484989,94489283073,REF
68719484990,94489283072,REF
68719484992,94489283073,REF
68719484993,94489283156,REF
68719484994,94489283156,REF
68719484995,111669150337,REF
68719484996,94489283077,REF
68719484997,111669150339,REF
68719484998,94489283078,REF
68719484999,111669150340,REF
68719485000,94489283156,REF
68719485001,94489283156,REF
68719485002,94489283078,REF
68719485003,94489283079,REF
68719485004,111669150336,REF
68719485005,111669150336,REF
68719485006,111669150340,REF
68719485007,94489283080,REF
68719485008,111669150336,REF
68719485009,111669150336,REF
68719485010,111669150349,REF
68719485011,111669150349,REF
68719485012,94489283081,REF
68719485013,111669150336,REF
68719485014,111669150336,REF
68719485015,111669150343,REF
68719485016,111669150344,REF
68719485017,94489283082,REF
68719485018,111669150341,REF
68719485019,94489283083,REF
68719485020,111669150342,REF
68719485021,94489283084,REF
68719485022,94489283082,REF
68719485023,94489283077,REF
68719485024,94489283085,REF
68719485025,111669150336,REF
68719485026,111669150336,REF
68719485027,111669150338,REF
68719485028,94489283086,REF
68719485029,111669150336,REF
68719485030,111669150336,REF
68719485031,111669150345,REF
68719485032,111669150346,REF
68719485033,94489283087,REF
68719485034,111669150336,REF
68719485035,111669150336,REF
68719485036,111669150350,REF
68719485037,111669150350,REF
68719485038,94489283088,REF
68719485039,111669150336,REF
68719485040,111669150336,REF
68719485041,94489283078,REF
68719485042,94489283083,REF
68719485043,94489283089,REF
68719485044,111669150336,REF
68719485045,111669150336,REF
68719485046,94489283078,REF
68719485047,94489283090,REF
68719485048,111669150336,REF
68719485049,111669150336,REF
68719485050,94489283079,REF
68719485051,94489283091,REF
68719485052,111669150336,REF
68719485053,111669150336,REF
68719485054,94489283080,REF
68719485055,94489283092,REF
68719485056,111669150336,REF
68719485057,111669150336,REF
68719485058,94489283081,REF
68719485060,111669150347,REF
68719485062,111669150348,REF
68719485064,94489283077,REF
68719485066,94489283078,REF
68719485068,94489283079,REF
68719485070,94489283079,REF
68719485072,94489283079,REF
68719485074,94489283079,REF
68719485076,94489283080,REF
68719485078,94489283080,REF
68719485080,94489283080,REF
68719485082,94489283081,REF
68719485084,94489283081,REF
68719485086,94489283081,REF
68719485088,94489283082,REF
68719485090,94489283083,REF
68719485092,94489283084,REF
68719485094,94489283085,REF
68719485096,94489283085,REF
68719485098,94489283086,REF
68719485100,94489283086,REF
68719485102,94489283086,REF
68719485104,94489283087,REF
68719485106,94489283087,REF
68719485108,94489283087,REF
68719485110,94489283088,REF
68719485112,94489283089,REF
68719485114,94489283090,REF
68719485116,94489283091,REF
68719485118,94489283092,REF
68719485120,111669150352,REF
68719485121,111669150352,REF
68719485122,94489283096,REF
68719485123,94489283155,REF
68719485124,94489283153,REF
68719485126,111669150352,REF
68719485128,94489283098,REF
68719485129,94489283154,REF
68719485130,94489283153,REF
68719485132,111669150352,REF
68719485134,94489283100,REF
68719485135,94489283098,REF
68719485136,94489283098,REF
68719485137,94489283096,REF
68719485138,94489283096,REF
68719485139,94489283101,REF
68719485140,94489283100,REF
68719485141,94489283101,REF
68719485142,94489283152,REF
68719485143,94489283101,REF
68719485144,94489283151,REF
68719485145,111669150353,REF
68719485146,94489283149,REF
68719485147,94489283149,REF
68719485148,111669150352,REF
68719485149,94489283101,REF
68719485150,94489283101,REF
68719485151,94489283150,REF
68719485152,94489283101,REF
68719485153,94489283150,REF
68719485154,111669150353,REF
68719485155,94489283149,REF
68719485156,94489283149,REF
68719485157,111669150352,REF
68719485158,111669150352,REF
68719485159,111669150352,REF
68719485160,94489283094,REF
68719485161,94489283095,REF
68719485162,94489283148,REF
68719485163,94489283148,REF
68719485164,111669150355,REF
68719485165,111669150355,REF
68719485166,111669150355,REF
68719485167,94489283102,REF
68719485168,94489283095,REF
68719485169,94489283094,REF
68719485170,94489283095,REF
68719485171,94489283103,REF
68719485172,94489283102,REF
68719485173,94489283148,REF
68719485174,94489283148,REF
68719485175,94489283095,REF
68719485176,94489283103,REF
68719485177,94489283103,REF
68719485179,94489283094,REF
68719485180,94489283094,REF
68719485182,94489283095,REF
68719485184,94489283102,REF
68719485185,94489283102,REF
68719485187,94489283103,REF
68719485188,94489283103,REF
68719485190,94489283105,REF
68719485191,111669150358,REF
68719485192,111669150357,REF
68719485193,111669150358,REF
68719485195,111669150357,REF
68719485197,111669150358,REF
68719485199,94489283105,REF
68719485200,94489283105,REF
68719485202,94489283107,REF
68719485203,111669150360,REF
68719485204,111669150361,REF
68719485205,94489283108,REF
68719485206,94489283107,REF
68719485207,111669150360,REF
68719485208,94489283107,REF
68719485210,111669150360,REF
68719485212,111669150361,REF
68719485214,94489283108,REF
68719485215,94489283108,REF
68719485217,111669150363,REF
68719485218,94489283113,REF
68719485219,94489283145,REF
68719485220,94489283144,REF
68719485222,111669150363,REF
68719485224,94489283113,REF
68719485225,94489283143,REF
68719485226,94489283142,REF
68719485227,94489283110,REF
68719485228,94489283147,REF
68719485229,94489283146,REF
68719485232,94489283110,REF
68719485233,94489283110,REF
68719485234,94489283110,REF
68719485235,94489283110,REF
68719485236,94489283112,REF
68719485237,111669150365,REF
68719485238,111669150365,REF
68719485239,94489283115,REF
68719485240,111669150365,REF
68719485241,94489283112,REF
68719485242,111669150365,REF
68719485244,94489283112,REF
68719485246,94489283115,REF
68719485247,94489283115,REF
68719485249,111669150367,REF
68719485250,111669150369,REF
68719485251,111669150371,REF
68719485252,111669150373,REF
68719485253,111669150373,REF
68719485254,94489283122,REF
68719485255,94489283140,REF
68719485256,94489283141,REF
68719485257,94489283138,REF
68719485259,111669150373,REF
68719485261,94489283140,REF
68719485262,94489283137,REF
68719485263,94489283139,REF
68719485264,94489283138,REF
68719485266,111669150373,REF
68719485268,94489283137,REF
68719485269,94489283136,REF
68719485270,94489283122,REF
68719485271,94489283135,REF
68719485272,94489283117,REF
68719485273,111669150375,REF
68719485274,111669150375,REF
68719485275,94489283118,REF
68719485276,111669150376,REF
68719485277,111669150376,REF
68719485278,94489283119,REF
68719485279,111669150375,REF
68719485280,111669150375,REF
68719485281,94489283120,REF
68719485282,94489283121,REF
68719485283,94489283119,REF
68719485284,94489283119,REF
68719485285,94489283125,REF
68719485286,94489283121,REF
68719485287,94489283120,REF
68719485288,94489283121,REF
68719485290,94489283117,REF
68719485292,94489283118,REF
68719485294,94489283125,REF
68719485295,94489283125,REF
68719485297,94489283127,REF
68719485298,111669150379,REF
68719485299,111669150378,REF
68719485300,111669150379,REF
68719485302,111669150378,REF
68719485304,111669150379,REF
68719485306,94489283127,REF
68719485307,94489283127,REF
68719485309,111669150381,REF
68719485310,111669150381,REF
68719485311,111669150383,REF
68719485312,111669150383,REF
68719485313,111669150385,REF
68719485314,111669150385,REF
68719485315,111669150387,REF
68719485316,111669150387,REF
68719485317,111669150390,REF
68719485318,94489283129,REF
68719485319,111669150389,REF
68719485320,111669150390,REF
68719485321,94489283129,REF
68719485322,94489283129,REF
68719485323,111669150392,REF
68719485324,111669150394,REF
68719485325,111669150396,REF
68719485326,94489283130,REF
68719485327,111669150396,REF
68719485328,111669150396,REF
68719485329,94489283130,REF
68719485330,94489283131,REF
68719485331,111669150396,REF
68719485332,111669150396,REF
68719485333,94489283131,REF
68719485334,94489283074,REF
68719485336,111669150397,REF
68719485337,94489283075,REF
68719485339,111669150397,REF
68719485340,94489283076,REF
68719485342,111669150397,REF
68719485343,94489283132,REF
68719485344,94489283134,REF
68719485345,94489283132,REF
68719485349,94489283134,REF
68719485350,94489283162,REF
68719485351,94489283163,REF
68719485352,94489283233,REF
68719485355,111669150400,REF
68719485358,111669150401,REF
68719485361,111669150401,REF
68719485364,111669150401,REF
68719485367,111669150401,REF
68719485370,111669150401,REF
68719485373,111669150401,REF
68719485376,111669150401,REF
68719485379,111669150401,REF
68719485382,111669150401,REF
68719485385,111669150401,REF
68719485388,111669150401,REF
68719485391,111669150401,REF
68719485394,111669150401,REF
68719485397,111669150401,REF
68719485400,111669150401,REF
68719485403,111669150401,REF
68719485406,111669150401,REF
68719485409,111669150401,REF
68719485412,111669150401,REF
68719485415,111669150401,REF
68719485418,111669150401,REF
68719485421,111669150401,REF
68719485424,111669150401,REF
68719485427,111669150401,REF
68719485430,111669150401,REF
68719485433,111669150401,REF
68719485436,111669150401,REF
68719485439,111669150401,REF
68719485442,111669150401,REF
68719485445,111669150401,REF
68719485447,94489283165,REF
68719485448,94489283231,REF
68719485449,94489283232,REF
68719485450,111669150399,REF
68719485451,94489283231,REF
68719485452,94489283162,REF
68719485453,94489283163,REF
68719485454,94489283230,REF
68719485455,94489283230,REF
68719485456,111669150400,REF
68719485457,94489283165,REF
68719485458,94489283229,REF
68719485459,94489283230,REF
68719485460,94489283230,REF
68719485461,94489283229,REF
68719485462,94489283229,REF
68719485463,94489283166,REF
68719485464,111669150402,REF
68719485465,111669150402,REF
68719485466,111669150403,REF
68719485467,94489283166,REF
68719485468,94489283228,REF
68719485469,94489283227,REF
68719485471,111669150403,REF
68719485473,94489283168,REF
68719485474,94489283226,REF
68719485475,111669150402,REF
68719485477,94489283166,REF
68719485479,94489283166,REF
68719485481,94489283166,REF
68719485483,94489283166,REF
68719485485,94489283170,REF
68719485486,94489283171,REF
68719485487,94489283225,REF
68719485490,111669150403,REF
68719485493,94489283166,REF
68719485496,94489283166,REF
68719485499,94489283166,REF
68719485502,94489283166,REF
68719485505,94489283166,REF
68719485508,94489283166,REF
68719485511,94489283166,REF
68719485514,94489283166,REF
68719485517,94489283166,REF
68719485520,94489283166,REF
68719485523,94489283166,REF
68719485526,94489283168,REF
68719485528,94489283173,REF
68719485529,94489283223,REF
68719485530,94489283224,REF
68719485531,111669150402,REF
68719485532,94489283223,REF
68719485533,94489283170,REF
68719485534,94489283171,REF
68719485535,94489283222,REF
68719485536,94489283222,REF
68719485537,111669150403,REF
68719485538,94489283168,REF
68719485539,94489283173,REF
68719485540,94489283221,REF
68719485541,94489283222,REF
68719485542,94489283222,REF
68719485543,94489283221,REF
68719485544,94489283221,REF
68719485545,94489283174,REF
68719485546,94489283175,REF
68719485547,94489283219,REF
68719485548,94489283220,REF
68719485549,111669150404,REF
68719485550,94489283219,REF
68719485551,94489283174,REF
68719485552,94489283218,REF
68719485555,111669150405,REF
68719485557,94489283175,REF
68719485558,94489283216,REF
68719485559,94489283217,REF
68719485560,94489283217,REF
68719485561,94489283216,REF
68719485562,94489283216,REF
68719485563,94489283215,REF
68719485566,94489283177,REF
68719485567,94489283215,REF
68719485568,94489283178,REF
68719485569,94489283213,REF
68719485570,94489283214,REF
68719485571,111669150406,REF
68719485572,94489283213,REF
68719485573,94489283177,REF
68719485574,94489283212,REF
68719485577,111669150407,REF
68719485579,94489283178,REF
68719485580,94489283210,REF
68719485581,94489283211,REF
68719485582,94489283211,REF
68719485583,94489283210,REF
68719485584,94489283210,REF
68719485585,94489283180,REF
68719485586,111669150409,REF
68719485587,111669150409,REF
68719485588,111669150410,REF
68719485589,94489283180,REF
68719485590,94489283181,REF
68719485591,94489283182,REF
68719485592,94489283208,REF
68719485593,94489283209,REF
68719485594,111669150409,REF
68719485595,94489283208,REF
68719485596,94489283181,REF
68719485597,94489283207,REF
68719485600,111669150410,REF
68719485602,94489283184,REF
68719485603,94489283182,REF
68719485604,94489283184,REF
68719485615,111669150409,REF
68719485616,111669150409,REF
68719485617,94489283180,REF
68719485618,94489283184,REF
68719485620,111669150409,REF
68719485621,111669150409,REF
68719485622,94489283180,REF
68719485623,94489283184,REF
68719485625,111669150409,REF
68719485626,111669150409,REF
68719485627,94489283180,REF
68719485628,94489283184,REF
68719485630,111669150409,REF
68719485631,111669150409,REF
68719485632,94489283180,REF
68719485633,94489283184,REF
68719485635,111669150409,REF
68719485636,111669150409,REF
68719485637,94489283180,REF
68719485638,94489283184,REF
68719485640,111669150409,REF
68719485641,111669150409,REF
68719485642,94489283180,REF
68719485643,94489283184,REF
68719485645,94489283205,REF
68719485646,94489283206,REF
68719485647,94489283206,REF
68719485648,94489283205,REF
68719485649,94489283205,REF
68719485650,111669150413,REF
68719485651,111669150412,REF
68719485652,94489283204,REF
68719485653,111669150412,REF
68719485654,111669150413,REF
68719485655,111669150413,REF
68719485656,94489283204,REF
68719485657,94489283187,REF
68719485658,94489283188,REF
68719485659,94489283202,REF
68719485660,94489283203,REF
68719485661,111669150414,REF
68719485662,94489283202,REF
68719485663,94489283187,REF
68719485664,94489283201,REF
68719485667,111669150415,REF
68719485669,94489283188,REF
68719485670,94489283199,REF
68719485671,94489283200,REF
68719485672,94489283200,REF
68719485673,94489283199,REF
68719485674,94489283199,REF
68719485675,94489283197,REF
68719485676,94489283198,REF
68719485677,111669150416,REF
68719485678,94489283197,REF
68719485679,94489283196,REF
68719485682,111669150417,REF
68719485684,94489283195,REF
68719485685,94489283195,REF
68719485686,111669150417,REF
68719485687,94489283194,REF
68719485688,94489283195,REF
68719485689,94489283195,REF
68719485690,94489283194,REF
68719485691,94489283194,REF
68719485692,94489283157,REF
68719485694,111669150418,REF
68719485695,94489283158,REF
68719485697,111669150418,REF
68719485698,94489283159,REF
68719485700,111669150418,REF
68719485701,94489283160,REF
68719485703,111669150418,REF
68719485704,94489283161,REF
68719485706,111669150418,REF
68719485707,94489283191,REF
68719485708,94489283193,REF
68719485709,94489283191,REF
68719485713,94489283193,REF
68719485714,94489283324,REF
68719485715,94489283324,REF
68719485716,111669150421,REF
68719485717,94489283324,REF
68719485718,94489283324,REF
68719485719,94489283238,REF
68719485720,111669150420,REF
68719485721,111669150420,REF
68719485722,111669150421,REF
68719485723,94489283324,REF
68719485724,94489283324,REF
68719485725,94489283324,REF
68719485726,94489283324,REF
68719485727,94489283239,REF
68719485728,94489283326,REF
68719485729,94489283326,REF
68719485730,111669150421,REF
68719485731,94489283238,REF
68719485732,94489283238,REF
68719485733,94489283238,REF
68719485734,94489283238,REF
68719485735,94489283238,REF
68719485736,94489283238,REF
68719485737,94489283238,REF
68719485738,94489283238,REF
68719485739,94489283238,REF
68719485740,94489283238,REF
68719485741,94489283238,REF
68719485742,94489283238,REF
68719485743,94489283238,REF
68719485744,94489283324,REF
68719485745,94489283324,REF
68719485746,94489283240,REF
68719485747,94489283325,REF
68719485748,94489283325,REF
68719485749,111669150421,REF
68719485750,94489283239,REF
68719485751,94489283324,REF
68719485752,94489283324,REF
68719485753,94489283325,REF
68719485754,94489283325,REF
68719485755,111669150421,REF
68719485756,94489283324,REF
68719485757,94489283324,REF
68719485758,111669150421,REF
68719485759,94489283240,REF
68719485760,94489283323,REF
68719485761,94489283324,REF
68719485762,94489283324,REF
68719485763,111669150421,REF
68719485764,94489283323,REF
68719485765,94489283323,REF
68719485766,94489283241,REF
68719485767,94489283322,REF
68719485768,94489283320,REF
68719485771,94489283241,REF
68719485772,94489283241,REF
68719485773,94489283241,REF
68719485774,94489283241,REF
68719485775,94489283243,REF
68719485776,94489283241,REF
68719485777,94489283241,REF
68719485778,94489283244,REF
68719485779,94489283321,REF
68719485780,94489283320,REF
68719485783,94489283244,REF
68719485784,94489283244,REF
68719485785,94489283244,REF
68719485786,94489283244,REF
68719485787,94489283246,REF
68719485788,94489283244,REF
68719485789,94489283244,REF
68719485790,94489283312,REF
68719485791,94489283312,REF
68719485792,94489283247,REF
68719485793,94489283315,REF
68719485794,94489283315,REF
68719485795,111669150423,REF
68719485796,94489283248,REF
68719485797,94489283315,REF
68719485798,94489283315,REF
68719485799,111669150423,REF
68719485800,94489283312,REF
68719485801,94489283312,REF
68719485802,94489283248,REF
68719485803,94489283247,REF
68719485804,94489283249,REF
68719485805,94489283248,REF
68719485806,94489283250,REF
68719485807,94489283247,REF
68719485808,94489283312,REF
68719485809,94489283312,REF
68719485810,94489283247,REF
68719485811,94489283312,REF
68719485812,94489283312,REF
68719485813,94489283257,REF
68719485814,94489283319,REF
68719485817,94489283315,REF
68719485818,94489283315,REF
68719485819,111669150423,REF
68719485822,94489283315,REF
68719485823,94489283315,REF
68719485824,111669150423,REF
68719485825,94489283243,REF
68719485828,94489283315,REF
68719485829,94489283315,REF
68719485830,111669150423,REF
68719485831,94489283246,REF
68719485834,94489283315,REF
68719485835,94489283315,REF
68719485836,111669150423,REF
68719485837,94489283313,REF
68719485840,94489283315,REF
68719485841,94489283315,REF
68719485842,111669150423,REF
68719485843,94489283243,REF
68719485846,94489283315,REF
68719485847,94489283315,REF
68719485848,111669150423,REF
68719485849,94489283246,REF
68719485852,94489283315,REF
68719485853,94489283315,REF
68719485854,111669150423,REF
68719485855,94489283318,REF
68719485859,94489283313,REF
68719485862,94489283315,REF
68719485863,94489283315,REF
68719485864,111669150423,REF
68719485865,94489283317,REF
68719485869,94489283313,REF
68719485872,94489283315,REF
68719485873,94489283315,REF
68719485874,111669150423,REF
68719485875,94489283316,REF
68719485879,94489283313,REF
68719485882,94489283315,REF
68719485883,94489283315,REF
68719485884,111669150423,REF
68719485885,94489283314,REF
68719485889,94489283313,REF
68719485891,94489283258,REF
68719485893,94489283259,REF
68719485895,94489283260,REF
68719485897,94489283261,REF
68719485899,94489283262,REF
68719485901,94489283263,REF
68719485903,94489283264,REF
68719485905,94489283265,REF
68719485907,94489283266,REF
68719485909,94489283267,REF
68719485912,94489283312,REF
68719485913,94489283312,REF
68719485914,94489283258,REF
68719485915,94489283259,REF
68719485916,94489283260,REF
68719485917,94489283261,REF
68719485918,94489283312,REF
68719485919,94489283312,REF
68719485920,94489283260,REF
68719485921,94489283312,REF
68719485922,94489283312,REF
68719485923,94489283264,REF
68719485924,94489283265,REF
68719485925,94489283266,REF
68719485926,94489283259,REF
68719485927,94489283312,REF
68719485928,94489283312,REF
68719485930,94489283259,REF
68719485932,94489283259,REF
68719485933,111669150422,REF
68719485935,94489283259,REF
68719485937,94489283259,REF
68719485939,94489283312,REF
68719485940,94489283312,REF
68719485941,94489283261,REF
68719485942,94489283312,REF
68719485943,94489283312,REF
68719485945,94489283261,REF
68719485947,94489283261,REF
68719485948,111669150422,REF
68719485950,94489283261,REF
68719485952,94489283261,REF
68719485954,94489283312,REF
68719485955,94489283312,REF
68719485956,94489283270,REF
68719485957,111669150422,REF
68719485958,111669150422,REF
68719485959,111669150423,REF
68719485960,94489283261,REF
68719485961,94489283261,REF
68719485962,94489283312,REF
68719485963,94489283312,REF
68719485964,94489283271,REF
68719485965,111669150422,REF
68719485966,111669150422,REF
68719485967,111669150423,REF
68719485968,94489283261,REF
68719485969,94489283261,REF
68719485971,94489283258,REF
68719485973,94489283259,REF
68719485975,94489283260,REF
68719485977,94489283261,REF
68719485979,94489283262,REF
68719485981,94489283263,REF
68719485983,94489283264,REF
68719485985,94489283265,REF
68719485987,94489283266,REF
68719485989,94489283267,REF
68719485991,94489283249,REF
68719485993,94489283250,REF
68719485995,94489283270,REF
68719485997,94489283271,REF
68719486002,94489283305,REF
68719486003,111669150424,REF
68719486004,111669150425,REF
68719486005,94489283273,REF
68719486006,94489283274,REF
68719486007,111669150428,REF
68719486008,94489283311,REF
68719486009,111669150428,REF
68719486010,94489283310,REF
68719486011,94489283303,REF
68719486014,94489283278,REF
68719486015,94489283309,REF
68719486016,94489283309,REF
68719486017,111669150427,REF
68719486018,94489283303,REF
68719486019,94489283308,REF
68719486020,94489283308,REF
68719486021,94489283278,REF
68719486022,94489283273,REF
68719486023,94489283307,REF
68719486024,94489283306,REF
68719486027,94489283302,REF
68719486028,94489283304,REF
68719486029,94489283304,REF
68719486030,94489283303,REF
68719486031,94489283302,REF
68719486033,94489283273,REF
68719486035,94489283274,REF
68719486040,94489283296,REF
68719486041,111669150429,REF
68719486042,111669150430,REF
68719486043,94489283281,REF
68719486044,94489283282,REF
68719486045,111669150433,REF
68719486046,94489283301,REF
68719486047,111669150433,REF
68719486048,94489283300,REF
68719486049,94489283294,REF
68719486052,94489283286,REF
68719486053,94489283299,REF
68719486054,94489283299,REF
68719486055,111669150432,REF
68719486056,94489283294,REF
68719486057,94489283287,REF
68719486058,94489283299,REF
68719486059,94489283299,REF
68719486060,111669150432,REF
68719486061,94489283294,REF
68719486062,94489283286,REF
68719486063,94489283287,REF
68719486064,94489283281,REF
68719486065,94489283298,REF
68719486066,94489283297,REF
68719486069,94489283293,REF
68719486070,94489283295,REF
68719486071,94489283295,REF
68719486072,94489283294,REF
68719486073,94489283293,REF
68719486075,94489283281,REF
68719486077,94489283282,REF
68719486079,94489283234,REF
68719486081,111669150434,REF
68719486082,94489283235,REF
68719486084,111669150434,REF
68719486085,94489283236,REF
68719486087,111669150434,REF
68719486088,94489283237,REF
68719486090,111669150434,REF
68719486091,94489283290,REF
68719486092,94489283292,REF
68719486093,94489283290,REF
68719486097,94489283292,REF
68719486098,111669150438,REF
68719486099,111669150437,REF
68719486100,111669150438,REF
68719486101,111669150437,REF
68719486102,111669150441,REF
68719486103,111669150440,REF
68719486104,111669150441,REF
68719486105,111669150440,REF
68719486106,111669150443,REF
68719486107,111669150444,REF
68719486108,94489283339,REF
68719486109,94489283339,REF
68719486110,111669150446,REF
68719486111,111669150446,REF
68719486119,94489283330,REF
68719486120,111669150446,REF
68719486121,111669150446,REF
68719486122,94489283331,REF
68719486123,111669150446,REF
68719486124,111669150446,REF
68719486125,94489283332,REF
68719486126,111669150446,REF
68719486127,111669150446,REF
68719486128,94489283333,REF
68719486129,94489283332,REF
68719486130,111669150446,REF
68719486131,94489283334,REF
68719486133,94489283330,REF
68719486135,94489283331,REF
68719486137,94489283340,REF
68719486138,94489283340,REF
68719486139,94489283333,REF
68719486141,111669150446,REF
68719486143,94489283330,REF
68719486145,94489283331,REF
68719486147,94489283339,REF
68719486148,94489283339,REF
68719486149,94489283334,REF
68719486150,94489283334,REF
68719486151,94489283327,REF
68719486153,111669150447,REF
68719486154,94489283328,REF
68719486156,111669150447,REF
68719486157,94489283336,REF
68719486158,94489283338,REF
68719486159,94489283336,REF
68719486163,94489283338,REF
68719486164,94489283343,REF
68719486165,94489283361,REF
68719486166,111669150449,REF
68719486167,94489283359,REF
68719486168,94489283359,REF
68719486169,111669150450,REF
68719486170,94489283344,REF
68719486171,94489283345,REF
68719486172,94489283360,REF
68719486175,111669150450,REF
68719486178,111669150451,REF
68719486181,111669150451,REF
68719486184,111669150451,REF
68719486187,111669150451,REF
68719486190,111669150451,REF
68719486193,111669150451,REF
68719486195,94489283347,REF
68719486196,94489283343,REF
68719486197,94489283343,REF
68719486198,94489283344,REF
68719486199,94489283345,REF
68719486200,94489283359,REF
68719486201,94489283359,REF
68719486202,111669150450,REF
68719486203,94489283347,REF
68719486204,94489283348,REF
68719486205,94489283358,REF
68719486206,111669150452,REF
68719486207,94489283356,REF
68719486208,94489283356,REF
68719486209,111669150453,REF
68719486210,94489283349,REF
68719486211,94489283350,REF
68719486212,94489283348,REF
68719486213,94489283348,REF
68719486214,94489283349,REF
68719486215,94489283357,REF
68719486218,111669150453,REF
68719486220,94489283350,REF
68719486221,94489283356,REF
68719486222,94489283356,REF
68719486223,111669150453,REF
68719486224,94489283350,REF
68719486225,94489283355,REF
68719486226,94489283356,REF
68719486227,94489283356,REF
68719486228,94489283355,REF
68719486229,94489283355,REF
68719486230,94489283341,REF
68719486232,111669150454,REF
68719486233,94489283342,REF
68719486235,111669150454,REF
68719486236,94489283352,REF
68719486237,94489283354,REF
68719486238,94489283352,REF
68719486242,94489283354,REF
68719486243,94489283392,REF
68719486244,94489283392,REF
68719486245,111669150458,REF
68719486246,94489283392,REF
68719486247,94489283392,REF
68719486248,94489283367,REF
68719486249,94489283395,REF
68719486250,94489283395,REF
68719486251,111669150458,REF
68719486252,94489283392,REF
68719486253,94489283392,REF
68719486254,94489283367,REF
68719486255,94489283367,REF
68719486256,94489283368,REF
68719486264,94489283393,REF
68719486265,94489283393,REF
68719486266,111669150458,REF
68719486267,94489283368,REF
68719486268,94489283368,REF
68719486269,94489283392,REF
68719486270,94489283392,REF
68719486271,94489283370,REF
68719486272,111669150457,REF
68719486273,111669150457,REF
68719486274,111669150458,REF
68719486275,94489283367,REF
68719486276,94489283392,REF
68719486277,94489283392,REF
68719486278,94489283371,REF
68719486279,94489283394,REF
68719486280,94489283394,REF
68719486281,94489283370,REF
68719486282,94489283392,REF
68719486283,94489283392,REF
68719486284,94489283393,REF
68719486285,94489283393,REF
68719486286,111669150458,REF
68719486287,94489283371,REF
68719486288,94489283392,REF
68719486289,94489283392,REF
68719486290,111669150458,REF
68719486291,94489283371,REF
68719486292,94489283391,REF
68719486293,94489283392,REF
68719486294,94489283392,REF
68719486295,111669150458,REF
68719486296,94489283391,REF
68719486297,94489283391,REF
68719486298,94489283374,REF
68719486299,94489283375,REF
68719486300,94489283376,REF
68719486301,94489283376,REF
68719486302,94489283377,REF
68719486303,94489283389,REF
68719486304,94489283389,REF
68719486305,94489283388,REF
68719486306,111669150460,REF
68719486310,94489283375,REF
68719486313,94489283380,REF
68719486314,94489283377,REF
68719486315,94489283374,REF
68719486316,94489283374,REF
68719486317,94489283374,REF
68719486318,94489283380,REF
68719486319,94489283376,REF
68719486320,94489283380,REF
68719486321,94489283375,REF
68719486322,94489283387,REF
68719486323,94489283387,REF
68719486324,111669150460,REF
68719486325,111669150460,REF
68719486326,94489283374,REF
68719486328,111669150460,REF
68719486330,111669150460,REF
68719486332,94489283374,REF
68719486334,111669150460,REF
68719486336,94489283386,REF
68719486337,94489283387,REF
68719486338,94489283387,REF
68719486339,111669150460,REF
68719486340,94489283386,REF
68719486342,111669150460,REF
68719486344,111669150460,REF
68719486347,111669150460,REF
68719486349,94489283372,REF
68719486350,94489283390,REF
68719486351,94489283390,REF
68719486352,94489283373,REF
68719486353,111669150463,REF
68719486354,111669150463,REF
68719486355,94489283373,REF
68719486356,94489283362,REF
68719486358,111669150464,REF
68719486359,94489283363,REF
68719486361,111669150464,REF
68719486362,94489283364,REF
68719486364,111669150464,REF
68719486365,94489283365,REF
68719486367,111669150464,REF
68719486368,94489283366,REF
68719486370,111669150464,REF
68719486371,94489283383,REF
68719486372,94489283385,REF
68719486373,94489283383,REF
68719486377,94489283385,REF
68719486378,94489283398,REF
68719486379,111669150469,REF
68719486380,94489283399,REF
68719486381,111669150470,REF
68719486382,94489283400,REF
68719486383,111669150466,REF
68719486384,111669150466,REF
68719486385,111669150470,REF
68719486386,94489283401,REF
68719486387,111669150466,REF
68719486388,111669150466,REF
68719486389,111669150476,REF
68719486390,111669150476,REF
68719486391,94489283402,REF
68719486392,111669150466,REF
68719486393,111669150466,REF
68719486394,111669150477,REF
68719486395,111669150477,REF
68719486396,94489283403,REF
68719486397,111669150472,REF
68719486398,94489283404,REF
68719486399,111669150473,REF
68719486400,94489283405,REF
68719486401,94489283403,REF
68719486402,94489283398,REF
68719486403,94489283406,REF
68719486404,111669150466,REF
68719486405,111669150466,REF
68719486406,111669150468,REF
68719486407,94489283407,REF
68719486408,111669150466,REF
68719486409,111669150466,REF
68719486410,111669150478,REF
68719486411,111669150478,REF
68719486412,94489283408,REF
68719486413,111669150466,REF
68719486414,111669150466,REF
68719486415,94489283399,REF
68719486416,94489283404,REF
68719486417,94489283409,REF
68719486418,111669150466,REF
68719486419,111669150466,REF
68719486420,94489283399,REF
68719486421,94489283410,REF
68719486422,111669150466,REF
68719486423,111669150466,REF
68719486424,94489283400,REF
68719486425,94489283411,REF
68719486426,111669150466,REF
68719486427,111669150466,REF
68719486428,94489283402,REF
68719486429,94489283412,REF
68719486430,111669150466,REF
68719486431,111669150466,REF
68719486432,94489283406,REF
68719486434,111669150474,REF
68719486436,111669150475,REF
68719486438,94489283398,REF
68719486440,94489283399,REF
68719486442,94489283400,REF
68719486444,94489283400,REF
68719486446,94489283400,REF
68719486448,94489283400,REF
68719486450,94489283401,REF
68719486452,94489283401,REF
68719486454,94489283401,REF
68719486456,94489283402,REF
68719486458,94489283402,REF
68719486460,94489283402,REF
68719486462,94489283403,REF
68719486464,94489283404,REF
68719486466,94489283405,REF
68719486468,94489283406,REF
68719486470,94489283406,REF
68719486472,94489283407,REF
68719486474,94489283407,REF
68719486476,94489283407,REF
68719486478,94489283408,REF
68719486480,94489283409,REF
68719486482,94489283410,REF
68719486484,94489283411,REF
68719486486,94489283412,REF
68719486488,111669150480,REF
68719486489,111669150480,REF
68719486490,94489283416,REF
68719486491,94489283450,REF
68719486492,94489283451,REF
68719486493,94489283448,REF
68719486495,111669150480,REF
68719486497,94489283450,REF
68719486498,94489283447,REF
68719486499,94489283449,REF
68719486500,94489283448,REF
68719486502,111669150480,REF
68719486504,94489283447,REF
68719486505,94489283446,REF
68719486506,94489283416,REF
68719486507,94489283445,REF
68719486508,94489283414,REF
68719486509,94489283415,REF
68719486510,111669150482,REF
68719486511,111669150482,REF
68719486512,94489283419,REF
68719486513,94489283415,REF
68719486514,94489283414,REF
68719486515,94489283415,REF
68719486516,94489283420,REF
68719486517,94489283419,REF
68719486519,94489283414,REF
68719486520,94489283414,REF
68719486522,94489283415,REF
68719486524,94489283419,REF
68719486525,94489283419,REF
68719486527,94489283420,REF
68719486528,94489283420,REF
68719486530,94489283422,REF
68719486531,111669150485,REF
68719486532,111669150484,REF
68719486533,111669150485,REF
68719486535,111669150484,REF
68719486537,111669150485,REF
68719486539,94489283422,REF
68719486540,94489283422,REF
68719486542,94489283424,REF
68719486543,111669150488,REF
68719486544,111669150487,REF
68719486545,111669150488,REF
68719486547,111669150487,REF
68719486549,111669150488,REF
68719486551,94489283424,REF
68719486552,94489283424,REF
68719486554,111669150490,REF
68719486555,94489283429,REF
68719486556,94489283442,REF
68719486557,94489283441,REF
68719486559,111669150490,REF
68719486561,94489283429,REF
68719486562,94489283440,REF
68719486563,94489283439,REF
68719486564,94489283426,REF
68719486565,94489283444,REF
68719486566,94489283443,REF
68719486569,94489283426,REF
68719486570,94489283426,REF
68719486571,94489283426,REF
68719486572,94489283426,REF
68719486573,94489283428,REF
68719486574,111669150492,REF
68719486575,111669150492,REF
68719486576,94489283431,REF
68719486577,111669150492,REF
68719486578,94489283428,REF
68719486579,111669150492,REF
68719486581,94489283428,REF
68719486583,94489283431,REF
68719486584,94489283431,REF
68719486586,94489283433,REF
68719486587,111669150495,REF
68719486588,111669150494,REF
68719486589,111669150495,REF
68719486591,111669150494,REF
68719486593,111669150495,REF
68719486595,94489283433,REF
68719486596,94489283433,REF
68719486598,111669150497,REF
68719486599,111669150497,REF
68719486600,111669150499,REF
68719486601,111669150499,REF
68719486602,111669150501,REF
68719486603,111669150501,REF
68719486604,111669150504,REF
68719486605,94489283435,REF
68719486606,111669150503,REF
68719486607,111669150504,REF
68719486608,94489283435,REF
68719486609,94489283435,REF
68719486610,111669150506,REF
68719486611,111669150506,REF
68719486612,94489283396,REF
68719486614,111669150507,REF
68719486615,94489283397,REF
68719486617,111669150507,REF
68719486618,94489283436,REF
68719486619,94489283438,REF
68719486620,94489283436,REF
68719486624,94489283438,REF
68719486625,94489283457,REF
68719486626,94489283458,REF
68719486627,94489283528,REF
68719486630,111669150510,REF
68719486633,111669150511,REF
68719486636,111669150511,REF
68719486639,111669150511,REF
68719486642,111669150511,REF
68719486645,111669150511,REF
68719486648,111669150511,REF
68719486651,111669150511,REF
68719486654,111669150511,REF
68719486657,111669150511,REF
68719486660,111669150511,REF
68719486663,111669150511,REF
68719486666,111669150511,REF
68719486669,111669150511,REF
68719486672,111669150511,REF
68719486675,111669150511,REF
68719486678,111669150511,REF
68719486681,111669150511,REF
68719486684,111669150511,REF
68719486687,111669150511,REF
68719486690,111669150511,REF
68719486693,111669150511,REF
68719486696,111669150511,REF
68719486699,111669150511,REF
68719486702,111669150511,REF
68719486705,111669150511,REF
68719486708,111669150511,REF
68719486711,111669150511,REF
68719486713,94489283460,REF
68719486714,94489283526,REF
68719486715,94489283527,REF
68719486716,111669150509,REF
68719486717,94489283526,REF
68719486718,94489283457,REF
68719486719,94489283458,REF
68719486720,94489283525,REF
68719486721,94489283525,REF
68719486722,111669150510,REF
68719486723,94489283460,REF
68719486724,94489283524,REF
68719486725,94489283525,REF
68719486726,94489283525,REF
68719486727,94489283524,REF
68719486728,94489283524,REF
68719486729,94489283461,REF
68719486730,111669150512,REF
68719486731,111669150512,REF
68719486732,111669150513,REF
68719486733,94489283461,REF
68719486734,94489283523,REF
68719486735,94489283522,REF
68719486738,94489283463,REF
68719486739,94489283521,REF
68719486740,111669150512,REF
68719486742,94489283461,REF
68719486744,94489283461,REF
68719486746,94489283461,REF
68719486748,94489283461,REF
68719486750,94489283465,REF
68719486751,94489283466,REF
68719486752,94489283520,REF
68719486755,111669150513,REF
68719486758,94489283461,REF
68719486761,94489283461,REF
68719486764,94489283461,REF
68719486767,94489283461,REF
68719486770,94489283461,REF
68719486773,94489283461,REF
68719486776,94489283461,REF
68719486779,94489283461,REF
68719486782,94489283461,REF
68719486785,94489283461,REF
68719486788,94489283461,REF
68719486791,94489283463,REF
68719486793,94489283468,REF
68719486794,94489283518,REF
68719486795,94489283519,REF
68719486796,111669150512,REF
68719486797,94489283518,REF
68719486798,94489283465,REF
68719486799,94489283466,REF
68719486800,94489283517,REF
68719486801,94489283517,REF
68719486802,111669150513,REF
68719486803,94489283463,REF
68719486804,94489283468,REF
68719486805,94489283516,REF
68719486806,94489283517,REF
68719486807,94489283517,REF
68719486808,94489283516,REF
68719486809,94489283516,REF
68719486810,94489283469,REF
68719486811,94489283470,REF
68719486812,94489283514,REF
68719486813,94489283515,REF
68719486814,111669150514,REF
68719486815,94489283514,REF
68719486816,94489283469,REF
68719486817,94489283513,REF
68719486820,111669150515,REF
68719486822,94489283470,REF
68719486823,94489283511,REF
68719486824,94489283512,REF
68719486825,94489283512,REF
68719486826,94489283511,REF
68719486827,94489283511,REF
68719486828,94489283510,REF
68719486831,94489283472,REF
68719486832,94489283510,REF
68719486833,94489283473,REF
68719486834,94489283508,REF
68719486835,94489283509,REF
68719486836,111669150516,REF
68719486837,94489283508,REF
68719486838,94489283472,REF
68719486839,94489283507,REF
68719486842,111669150517,REF
68719486844,94489283473,REF
68719486845,94489283505,REF
68719486846,94489283506,REF
68719486847,94489283506,REF
68719486848,94489283505,REF
68719486849,94489283505,REF
68719486850,94489283475,REF
68719486851,111669150519,REF
68719486852,111669150519,REF
68719486853,111669150520,REF
68719486854,94489283475,REF
68719486855,94489283476,REF
68719486856,94489283477,REF
68719486857,94489283503,REF
68719486858,94489283504,REF
68719486859,111669150519,REF
68719486860,94489283503,REF
68719486861,94489283476,REF
68719486862,94489283502,REF
68719486865,111669150520,REF
68719486867,94489283479,REF
68719486868,94489283477,REF
68719486869,94489283479,REF
68719486878,111669150519,REF
68719486879,111669150519,REF
68719486880,94489283475,REF
68719486881,94489283479,REF
68719486883,111669150519,REF
68719486884,111669150519,REF
68719486885,94489283475,REF
68719486886,94489283479,REF
68719486888,111669150519,REF
68719486889,111669150519,REF
68719486890,94489283475,REF
68719486891,94489283479,REF
68719486893,111669150519,REF
68719486894,111669150519,REF
68719486895,94489283475,REF
68719486896,94489283479,REF
68719486898,94489283500,REF
68719486899,94489283501,REF
68719486900,94489283501,REF
68719486901,94489283500,REF
68719486902,94489283500,REF
68719486903,111669150523,REF
68719486904,111669150522,REF
68719486905,94489283499,REF
68719486906,111669150522,REF
68719486907,111669150523,REF
68719486908,111669150523,REF
68719486909,94489283499,REF
68719486910,94489283482,REF
68719486911,94489283483,REF
68719486912,94489283497,REF
68719486913,94489283498,REF
68719486914,111669150524,REF
68719486915,94489283497,REF
68719486916,94489283482,REF
68719486917,94489283496,REF
68719486920,111669150525,REF
68719486922,94489283483,REF
68719486923,94489283494,REF
68719486924,94489283495,REF
68719486925,94489283495,REF
68719486926,94489283494,REF
68719486927,94489283494,REF
68719486928,94489283492,REF
68719486929,94489283493,REF
68719486930,111669150526,REF
68719486931,94489283492,REF
68719486932,94489283491,REF
68719486935,111669150527,REF
68719486937,94489283490,REF
68719486938,94489283490,REF
68719486939,111669150527,REF
68719486940,94489283489,REF
68719486941,94489283490,REF
68719486942,94489283490,REF
68719486943,94489283489,REF
68719486944,94489283489,REF
68719486945,94489283452,REF
68719486947,111669150528,REF
68719486948,94489283453,REF
68719486950,111669150528,REF
68719486951,94489283454,REF
68719486953,111669150528,REF
68719486954,94489283455,REF
68719486956,111669150528,REF
68719486957,94489283456,REF
68719486959,111669150528,REF
68719486960,94489283486,REF
68719486961,94489283488,REF
68719486962,94489283486,REF
68719486966,94489283488,REF
68719486967,94489283611,REF
68719486968,94489283611,REF
68719486969,111669150531,REF
68719486970,94489283611,REF
68719486971,94489283611,REF
68719486972,94489283533,REF
68719486973,111669150530,REF
68719486974,111669150530,REF
68719486975,111669150531,REF
68719486976,94489283611,REF
68719486977,94489283611,REF
68719486978,94489283611,REF
68719486979,94489283611,REF
68719486980,94489283534,REF
68719486981,94489283613,REF
68719486982,94489283613,REF
68719486983,111669150531,REF
68719486984,94489283533,REF
68719486985,94489283533,REF
68719486986,94489283533,REF
68719486987,94489283533,REF
68719486988,94489283533,REF
68719486989,94489283533,REF
68719486990,94489283533,REF
68719486991,94489283533,REF
68719486992,94489283533,REF
68719486993,94489283533,REF
68719486994,94489283533,REF
68719486995,94489283611,REF
68719486996,94489283611,REF
68719486997,94489283535,REF
68719486998,94489283612,REF
68719486999,94489283612,REF
68719487000,111669150531,REF
68719487001,94489283534,REF
68719487002,94489283611,REF
68719487003,94489283611,REF
68719487004,94489283612,REF
68719487005,94489283612,REF
68719487006,111669150531,REF
68719487007,94489283611,REF
68719487008,94489283611,REF
68719487009,111669150531,REF
68719487010,94489283535,REF
68719487011,94489283610,REF
68719487012,94489283611,REF
68719487013,94489283611,REF
68719487014,111669150531,REF
68719487015,94489283610,REF
68719487016,94489283610,REF
68719487017,94489283536,REF
68719487018,94489283609,REF
68719487019,94489283607,REF
68719487022,94489283536,REF
68719487023,94489283536,REF
68719487024,94489283536,REF
68719487025,94489283536,REF
68719487026,94489283538,REF
68719487027,94489283536,REF
68719487028,94489283536,REF
68719487029,94489283539,REF
68719487030,94489283608,REF
68719487031,94489283607,REF
68719487034,94489283539,REF
68719487035,94489283539,REF
68719487036,94489283539,REF
68719487037,94489283539,REF
68719487038,94489283541,REF
68719487039,94489283539,REF
68719487040,94489283539,REF
68719487041,94489283603,REF
68719487042,94489283603,REF
68719487043,94489283542,REF
68719487044,94489283604,REF
68719487045,94489283604,REF
68719487046,111669150533,REF
68719487047,94489283543,REF
68719487048,94489283604,REF
68719487049,94489283604,REF
68719487050,111669150533,REF
68719487051,94489283603,REF
68719487052,94489283603,REF
68719487053,94489283543,REF
68719487054,94489283542,REF
68719487055,94489283544,REF
68719487056,94489283543,REF
68719487057,94489283545,REF
68719487058,94489283542,REF
68719487059,94489283603,REF
68719487060,94489283603,REF
68719487061,94489283548,REF
68719487062,94489283606,REF
68719487065,94489283604,REF
68719487066,94489283604,REF
68719487067,111669150533,REF
68719487070,94489283604,REF
68719487071,94489283604,REF
68719487072,111669150533,REF
68719487073,94489283538,REF
68719487076,94489283604,REF
68719487077,94489283604,REF
68719487078,111669150533,REF
68719487079,94489283541,REF
68719487082,94489283604,REF
68719487083,94489283604,REF
68719487084,111669150533,REF
68719487085,94489283605,REF
68719487088,94489283604,REF
68719487089,94489283604,REF
68719487090,111669150533,REF
68719487091,94489283538,REF
68719487094,94489283604,REF
68719487095,94489283604,REF
68719487096,111669150533,REF
68719487097,94489283541,REF
68719487099,94489283549,REF
68719487101,94489283550,REF
68719487103,94489283551,REF
68719487105,94489283552,REF
68719487107,94489283553,REF
68719487109,94489283554,REF
68719487112,94489283603,REF
68719487113,94489283603,REF
68719487114,94489283549,REF
68719487115,94489283550,REF
68719487116,94489283551,REF
68719487117,94489283603,REF
68719487118,94489283603,REF
68719487119,94489283555,REF
68719487120,111669150532,REF
68719487121,111669150532,REF
68719487122,111669150533,REF
68719487123,94489283551,REF
68719487124,94489283551,REF
68719487125,94489283603,REF
68719487126,94489283603,REF
68719487127,94489283556,REF
68719487128,111669150532,REF
68719487129,111669150532,REF
68719487130,94489283551,REF
68719487131,94489283551,REF
68719487132,94489283603,REF
68719487133,94489283603,REF
68719487134,94489283557,REF
68719487135,111669150532,REF
68719487136,111669150532,REF
68719487137,94489283551,REF
68719487138,94489283551,REF
68719487140,94489283549,REF
68719487142,94489283550,REF
68719487144,94489283551,REF
68719487146,94489283552,REF
68719487148,94489283553,REF
68719487150,94489283554,REF
68719487152,94489283544,REF
68719487154,94489283545,REF
68719487156,94489283555,REF
68719487158,94489283556,REF
68719487160,94489283557,REF
68719487165,111669150535,REF
68719487166,94489283597,REF
68719487167,111669150536,REF
68719487168,111669150537,REF
68719487169,94489283559,REF
68719487170,94489283560,REF
68719487171,111669150540,REF
68719487172,94489283602,REF
68719487173,111669150540,REF
68719487174,94489283601,REF
68719487175,94489283595,REF
68719487178,94489283564,REF
68719487179,94489283600,REF
68719487180,94489283600,REF
68719487181,111669150539,REF
68719487182,94489283595,REF
68719487183,94489283565,REF
68719487184,94489283564,REF
68719487185,94489283564,REF
68719487186,94489283559,REF
68719487187,94489283565,REF
68719487188,94489283599,REF
68719487189,94489283598,REF
68719487192,94489283594,REF
68719487193,94489283596,REF
68719487194,94489283596,REF
68719487195,94489283595,REF
68719487196,94489283594,REF
68719487198,94489283559,REF
68719487200,94489283560,REF
68719487205,94489283590,REF
68719487206,111669150542,REF
68719487207,111669150542,REF
68719487208,94489283590,REF
68719487209,94489283568,REF
68719487210,94489283569,REF
68719487211,111669150544,REF
68719487212,94489283593,REF
68719487213,111669150544,REF
68719487214,94489283592,REF
68719487215,94489283591,REF
68719487218,94489283573,REF
68719487219,94489283591,REF
68719487220,111669150543,REF
68719487221,111669150543,REF
68719487222,94489283574,REF
68719487223,94489283591,REF
68719487224,111669150543,REF
68719487225,111669150543,REF
68719487226,94489283575,REF
68719487227,94489283591,REF
68719487228,111669150543,REF
68719487229,94489283573,REF
68719487230,94489283574,REF
68719487231,94489283575,REF
68719487232,94489283568,REF
68719487234,94489283568,REF
68719487236,94489283569,REF
68719487241,94489283577,REF
68719487242,94489283578,REF
68719487243,111669150546,REF
68719487244,94489283589,REF
68719487245,111669150546,REF
68719487246,94489283588,REF
68719487247,94489283587,REF
68719487250,94489283582,REF
68719487251,94489283587,REF
68719487252,94489283577,REF
68719487253,94489283582,REF
68719487255,94489283577,REF
68719487257,94489283578,REF
68719487259,94489283529,REF
68719487261,111669150547,REF
68719487262,94489283530,REF
68719487264,111669150547,REF
68719487265,94489283531,REF
68719487267,111669150547,REF
68719487268,94489283532,REF
68719487270,111669150547,REF
68719487271,94489283584,REF
68719487272,94489283586,REF
68719487273,94489283584,REF
68719487277,94489283586,REF
68719487278,94489283614,REF
68719487280,94489283618,REF
68719487281,94489283615,REF
68719487283,94489283618,REF
68719487284,94489283616,REF
68719487286,94489283618,REF
68719487287,94489283617,REF
68719487289,94489283618,REF
68719487290,111669150551,REF
68719487291,111669150551,REF
68719487292,94489283671,REF
68719487293,94489283671,REF
68719487294,111669150551,REF
68719487295,94489283626,REF
68719487296,94489283668,REF
68719487297,94489283668,REF
68719487298,111669150553,REF
68719487299,94489283626,REF
68719487300,94489283666,REF
68719487301,94489283667,REF
68719487302,94489283667,REF
68719487303,111669150553,REF
68719487304,94489283666,REF
68719487305,94489283627,REF
68719487306,94489283663,REF
68719487307,94489283663,REF
68719487308,111669150555,REF
68719487309,94489283627,REF
68719487310,94489283661,REF
68719487311,94489283662,REF
68719487312,94489283662,REF
68719487313,111669150555,REF
68719487314,94489283661,REF
68719487315,94489283628,REF
68719487316,94489283658,REF
68719487317,94489283658,REF
68719487318,111669150557,REF
68719487319,94489283628,REF
68719487320,94489283656,REF
68719487321,94489283657,REF
68719487322,94489283657,REF
68719487323,111669150557,REF
68719487324,94489283656,REF
68719487325,94489283631,REF
68719487326,94489283654,REF
68719487329,111669150558,REF
68719487330,111669150558,REF
68719487331,111669150559,REF
68719487334,111669150558,REF
68719487335,111669150558,REF
68719487336,111669150559,REF
68719487339,111669150558,REF
68719487340,111669150558,REF
68719487341,111669150559,REF
68719487344,111669150558,REF
68719487345,111669150558,REF
68719487346,111669150559,REF
68719487348,94489283632,REF
68719487350,94489283633,REF
68719487352,94489283634,REF
68719487354,94489283635,REF
68719487357,94489283636,REF
68719487358,94489283652,REF
68719487359,111669150558,REF
68719487360,111669150559,REF
68719487361,94489283637,REF
68719487369,94489283636,REF
68719487370,94489283639,REF
68719487371,94489283651,REF
68719487372,94489283649,REF
68719487375,94489283637,REF
68719487376,94489283639,REF
68719487377,94489283639,REF
68719487378,94489283636,REF
68719487379,94489283647,REF
68719487380,94489283647,REF
68719487381,111669150559,REF
68719487382,94489283636,REF
68719487383,94489283648,REF
68719487384,94489283647,REF
68719487385,94489283647,REF
68719487386,94489283636,REF
68719487387,94489283648,REF
68719487388,94489283647,REF
68719487389,94489283647,REF
68719487390,111669150559,REF
68719487391,111669150559,REF
68719487393,111669150559,REF
68719487395,111669150559,REF
68719487397,111669150559,REF
68719487398,94489283646,REF
68719487400,111669150559,REF
68719487402,111669150559,REF
68719487404,111669150559,REF
68719487406,111669150559,REF
68719487408,111669150559,REF
68719487410,111669150559,REF
68719487412,94489283632,REF
68719487413,94489283646,REF
68719487415,94489283632,REF
68719487416,111669150559,REF
68719487417,94489283632,REF
68719487418,111669150559,REF
68719487420,94489283633,REF
68719487422,94489283634,REF
68719487424,94489283635,REF
68719487426,94489283636,REF
68719487427,94489283646,REF
68719487429,94489283637,REF
68719487431,94489283637,REF
68719487433,94489283637,REF
68719487435,94489283637,REF
68719487437,94489283637,REF
68719487439,94489283637,REF
68719487441,111669150560,REF
68719487442,111669150560,REF
68719487443,111669150561,REF
68719487444,111669150563,REF
68719487445,111669150563,REF
68719487446,94489283673,REF
68719487447,94489283670,REF
68719487448,94489283665,REF
68719487449,94489283660,REF
68719487450,94489283655,REF
68719487451,94489283645,REF
68719487452,94489283619,REF
68719487454,111669150565,REF
68719487455,94489283620,REF
68719487457,111669150565,REF
68719487458,94489283621,REF
68719487460,111669150565,REF
68719487461,94489283622,REF
68719487463,111669150565,REF
68719487464,94489283623,REF
68719487466,111669150565,REF
68719487467,94489283624,REF
68719487469,111669150565,REF
68719487470,94489283625,REF
68719487472,111669150565,REF
68719487473,94489283642,REF
68719487474,94489283644,REF
68719487475,94489283642,REF
68719487479,94489283644,REF
68719487480,94489283678,REF
68719487481,94489283701,REF
68719487482,111669150566,REF
68719487483,94489283700,REF
68719487484,94489283699,REF
68719487485,94489283678,REF
68719487486,94489283679,REF
68719487487,94489283696,REF
68719487488,111669150567,REF
68719487489,94489283695,REF
68719487490,94489283694,REF
68719487491,94489283679,REF
68719487492,94489283680,REF
68719487493,94489283691,REF
68719487494,111669150568,REF
68719487495,111669150569,REF
68719487496,94489283680,REF
68719487497,94489283681,REF
68719487498,94489283689,REF
68719487499,94489283688,REF
68719487500,94489283687,REF
68719487503,94489283680,REF
68719487505,94489283681,REF
68719487506,94489283703,REF
68719487507,94489283698,REF
68719487508,94489283693,REF
68719487509,94489283674,REF
68719487511,111669150571,REF
68719487512,94489283675,REF
68719487514,111669150571,REF
68719487515,94489283676,REF
68719487517,111669150571,REF
68719487518,94489283677,REF
68719487520,111669150571,REF
68719487521,94489283683,REF
68719487522,94489283685,REF
68719487523,94489283686,REF
68719487527,94489283685,REF
68719487528,94489283772,REF
68719487529,94489283772,REF
68719487530,111669150574,REF
68719487531,94489283770,REF
68719487532,94489283771,REF
68719487533,94489283771,REF
68719487534,111669150574,REF
68719487535,94489283770,REF
68719487536,94489283767,REF
68719487537,94489283767,REF
68719487538,111669150576,REF
68719487539,94489283765,REF
68719487540,94489283766,REF
68719487541,94489283766,REF
68719487542,111669150576,REF
68719487543,94489283765,REF
68719487544,111669150578,REF
68719487545,94489283713,REF
68719487546,94489283762,REF
68719487547,94489283762,REF
68719487548,111669150580,REF
68719487549,94489283714,REF
68719487550,94489283713,REF
68719487551,94489283713,REF
68719487552,94489283714,REF
68719487553,94489283760,REF
68719487554,94489283761,REF
68719487555,94489283761,REF
68719487556,111669150580,REF
68719487557,94489283760,REF
68719487558,94489283717,REF
68719487559,94489283758,REF
68719487562,111669150581,REF
68719487563,111669150581,REF
68719487564,111669150582,REF
68719487567,111669150581,REF
68719487568,111669150581,REF
68719487569,111669150582,REF
68719487572,111669150581,REF
68719487573,111669150581,REF
68719487574,111669150582,REF
68719487576,94489283718,REF
68719487578,94489283719,REF
68719487580,94489283720,REF
68719487583,94489283721,REF
68719487584,94489283756,REF
68719487585,111669150581,REF
68719487586,111669150582,REF
68719487587,94489283722,REF
68719487595,94489283721,REF
68719487596,94489283724,REF
68719487597,94489283755,REF
68719487598,94489283753,REF
68719487601,94489283722,REF
68719487602,94489283724,REF
68719487603,94489283724,REF
68719487604,94489283721,REF
68719487605,94489283751,REF
68719487606,94489283752,REF
68719487607,94489283752,REF
68719487608,94489283721,REF
68719487609,94489283751,REF
68719487611,111669150582,REF
68719487613,111669150582,REF
68719487614,94489283750,REF
68719487616,111669150582,REF
68719487618,94489283718,REF
68719487620,94489283719,REF
68719487622,94489283720,REF
68719487624,94489283721,REF
68719487625,94489283750,REF
68719487627,94489283722,REF
68719487629,94489283722,REF
68719487631,94489283722,REF
68719487633,94489283722,REF
68719487635,94489283722,REF
68719487637,94489283722,REF
68719487639,94489283727,REF
68719487640,94489283747,REF
68719487641,94489283747,REF
68719487642,111669150584,REF
68719487643,94489283728,REF
68719487644,111669150583,REF
68719487645,111669150583,REF
68719487646,94489283727,REF
68719487647,94489283745,REF
68719487648,111669150583,REF
68719487649,94489283728,REF
68719487650,94489283744,REF
68719487651,94489283744,REF
68719487652,94489283727,REF
68719487656,111669150585,REF
68719487657,94489283736,REF
68719487658,94489283736,REF
68719487659,111669150585,REF
68719487660,94489283729,REF
68719487661,94489283741,REF
68719487662,111669150585,REF
68719487663,94489283736,REF
68719487664,94489283736,REF
68719487665,94489283729,REF
68719487666,94489283740,REF
68719487667,94489283729,REF
68719487668,94489283739,REF
68719487669,94489283738,REF
68719487672,111669150585,REF
68719487673,111669150585,REF
68719487674,94489283738,REF
68719487675,94489283737,REF
68719487676,94489283736,REF
68719487677,94489283736,REF
68719487678,94489283738,REF
68719487679,94489283737,REF
68719487680,94489283736,REF
68719487681,94489283736,REF
68719487682,111669150585,REF
68719487683,94489283775,REF
68719487684,94489283774,REF
68719487685,94489283769,REF
68719487686,94489283764,REF
68719487687,94489283759,REF
68719487688,94489283749,REF
68719487689,94489283743,REF
68719487690,94489283704,REF
68719487692,111669150587,REF
68719487693,94489283705,REF
68719487695,111669150587,REF
68719487696,94489283706,REF
68719487698,111669150587,REF
68719487699,94489283707,REF
68719487701,111669150587,REF
68719487702,94489283708,REF
68719487704,111669150587,REF
68719487705,94489283709,REF
68719487707,111669150587,REF
68719487708,94489283710,REF
68719487710,111669150587,REF
68719487711,94489283711,REF
68719487713,111669150587,REF
68719487714,94489283712,REF
68719487716,111669150587,REF
68719487717,94489283733,REF
68719487718,94489283735,REF
68719487719,94489283733,REF
68719487723,94489283735,REF
68719487724,94489283828,REF
68719487725,111669150588,REF
68719487726,111669150589,REF
68719487727,94489283783,REF
68719487728,94489283833,REF
68719487729,94489283833,REF
68719487730,94489283825,REF
68719487731,94489283825,REF
68719487732,94489283783,REF
68719487733,94489283784,REF
68719487734,94489283785,REF
68719487735,94489283785,REF
68719487736,94489283783,REF
68719487737,94489283785,REF
68719487738,94489283786,REF
68719487739,94489283783,REF
68719487740,94489283785,REF
68719487741,94489283787,REF
68719487742,94489283787,REF
68719487743,94489283832,REF
68719487744,94489283832,REF
68719487745,94489283786,REF
68719487746,94489283831,REF
68719487747,94489283787,REF
68719487748,94489283784,REF
68719487749,94489283784,REF
68719487751,94489283786,REF
68719487753,94489283786,REF
68719487755,94489283786,REF
68719487757,94489283786,REF
68719487759,94489283787,REF
68719487761,94489283787,REF
68719487763,94489283786,REF
68719487765,94489283786,REF
68719487767,94489283786,REF
68719487769,94489283785,REF
68719487770,94489283825,REF
68719487771,94489283825,REF
68719487772,94489283785,REF
68719487773,94489283783,REF
68719487774,94489283785,REF
68719487775,94489283783,REF
68719487776,94489283830,REF
68719487777,94489283829,REF
68719487780,94489283825,REF
68719487781,94489283825,REF
68719487782,94489283783,REF
68719487783,94489283827,REF
68719487784,111669150590,REF
68719487785,94489283784,REF
68719487786,94489283826,REF
68719487787,111669150590,REF
68719487788,94489283825,REF
68719487789,94489283825,REF
68719487790,94489283824,REF
68719487791,94489283825,REF
68719487792,94489283825,REF
68719487793,94489283824,REF
68719487794,94489283790,REF
68719487795,94489283823,REF
68719487796,111669150590,REF
68719487797,94489283822,REF
68719487798,94489283822,REF
68719487799,94489283790,REF
68719487800,111669150593,REF
68719487801,94489283806,REF
68719487802,94489283791,REF
68719487803,94489283819,REF
68719487804,94489283819,REF
68719487805,111669150595,REF
68719487806,94489283792,REF
68719487807,94489283816,REF
68719487808,94489283817,REF
68719487809,94489283817,REF
68719487810,94489283791,REF
68719487811,94489283816,REF
68719487812,94489283793,REF
68719487814,94489283791,REF
68719487816,94489283791,REF
68719487818,94489283791,REF
68719487820,94489283791,REF
68719487822,94489283792,REF
68719487824,94489283792,REF
68719487826,94489283791,REF
68719487828,94489283791,REF
68719487830,94489283791,REF
68719487832,94489283814,REF
68719487833,111669150594,REF
68719487834,94489283813,REF
68719487837,94489283793,REF
68719487839,94489283811,REF
68719487840,111669150594,REF
68719487841,94489283809,REF
68719487842,94489283810,REF
68719487843,94489283810,REF
68719487844,94489283809,REF
68719487845,94489283796,REF
68719487846,94489283807,REF
68719487847,111669150594,REF
68719487848,94489283797,REF
68719487849,94489283796,REF
68719487850,94489283796,REF
68719487851,94489283797,REF
68719487852,94489283805,REF
68719487853,94489283804,REF
68719487856,94489283802,REF
68719487857,94489283802,REF
68719487858,94489283797,REF
68719487859,94489283834,REF
68719487860,94489283821,REF
68719487861,94489283776,REF
68719487863,111669150597,REF
68719487864,94489283777,REF
68719487866,111669150597,REF
68719487867,94489283778,REF
68719487869,111669150597,REF
68719487870,94489283779,REF
68719487872,111669150597,REF
68719487873,94489283780,REF
68719487875,111669150597,REF
68719487876,94489283781,REF
68719487878,111669150597,REF
68719487879,94489283782,REF
68719487881,111669150597,REF
68719487882,94489283799,REF
68719487883,94489283801,REF
68719487884,94489283799,REF
68719487888,94489283801,REF
68719487890,111669150600,REF
68719487892,111669150600,REF
68719487894,111669150600,REF
68719487896,111669150600,REF
68719487898,111669150600,REF
68719487900,111669150600,REF
68719487902,111669150600,REF
68719487904,111669150600,REF
68719487906,111669150600,REF
68719487908,111669150600,REF
68719487910,111669150600,REF
68719487912,111669150600,REF
68719487914,111669150600,REF
68719487916,111669150600,REF
68719487918,111669150600,REF
68719487920,111669150600,REF
68719487922,111669150600,REF
68719487924,111669150600,REF
68719487926,111669150600,REF
68719487928,111669150600,REF
68719487930,111669150600,REF
68719487932,111669150600,REF
68719487934,111669150600,REF
68719487936,111669150600,REF
68719487938,111669150601,REF
68719487939,111669150601,REF
68719487940,111669150602,REF
68719487941,111669150604,REF
68719487942,111669150604,REF
68719487943,94489283840,REF
68719487944,94489283839,REF
68719487945,94489283836,REF
68719487946,94489283838,REF
68719487947,94489283836,REF
68719487951,94489283838,REF
68719487952,94489283877,REF
68719487953,94489283879,REF
68719487954,94489283879,REF
68719487956,111669150608,REF
68719487958,111669150609,REF
68719487959,111669150609,REF
68719487960,111669150609,REF
68719487961,94489283884,REF
68719487963,94489283881,REF
68719487965,94489283881,REF
68719487966,94489283885,REF
68719487967,94489283881,REF
68719487968,94489283885,REF
68719487969,94489283884,REF
68719487971,111669150607,REF
68719487972,94489283882,REF
68719487973,94489283883,REF
68719487974,111669150608,REF
68719487975,94489283881,REF
68719487976,94489283883,REF
68719487977,94489283882,REF
68719487978,111669150607,REF
68719487979,94489283880,REF
68719487980,111669150609,REF
68719487981,94489283881,REF
68719487982,94489283880,REF
68719487983,94489283879,REF
68719487984,94489283879,REF
68719487986,111669150607,REF
68719487988,111669150607,REF
68719487989,94489283878,REF
68719487990,111669150607,REF
68719487991,94489283878,REF
68719487993,111669150610,REF
68719487994,111669150610,REF
68719487995,94489283876,REF
68719487996,94489283876,REF
68719487997,111669150610,REF
68719487998,94489283875,REF
68719487999,94489283873,REF
68719488002,111669150610,REF
68719488003,94489283874,REF
68719488004,94489283873,REF
68719488007,111669150610,REF
68719488008,94489283872,REF
68719488009,94489283872,REF
68719488010,111669150610,REF
68719488012,94489283871,REF
68719488013,111669150611,REF
68719488014,94489283871,REF
68719488016,111669150612,REF
68719488017,111669150612,REF
68719488018,94489283848,REF
68719488019,94489283869,REF
68719488020,94489283870,REF
68719488040,94489283869,REF
68719488041,94489283850,REF
68719488042,111669150612,REF
68719488043,111669150613,REF
68719488044,94489283848,REF
68719488045,94489283867,REF
68719488046,94489283867,REF
68719488047,111669150613,REF
68719488048,94489283867,REF
68719488049,94489283867,REF
68719488050,94489283850,REF
68719488051,94489283851,REF
68719488052,94489283868,REF
68719488053,94489283868,REF
68719488054,94489283850,REF
68719488056,111669150612,REF
68719488057,111669150612,REF
68719488059,94489283867,REF
68719488060,94489283867,REF
68719488061,94489283851,REF
68719488062,94489283867,REF
68719488063,94489283867,REF
68719488064,94489283851,REF
68719488065,94489283851,REF
68719488066,94489283866,REF
68719488067,94489283867,REF
68719488068,94489283867,REF
68719488069,111669150613,REF
68719488070,94489283866,REF
68719488071,94489283867,REF
68719488072,94489283867,REF
68719488073,94489283866,REF
68719488074,94489283867,REF
68719488075,94489283867,REF
68719488076,94489283866,REF
68719488077,94489283867,REF
68719488078,94489283867,REF
68719488079,94489283866,REF
68719488080,94489283866,REF
68719488081,111669150614,REF
68719488082,111669150614,REF
68719488083,94489283853,REF
68719488084,111669150614,REF
68719488085,111669150615,REF
68719488086,111669150616,REF
68719488087,111669150617,REF
68719488088,94489283854,REF
68719488089,94489283865,REF
68719488090,94489283865,REF
68719488091,94489283853,REF
68719488093,111669150614,REF
68719488094,111669150614,REF
68719488096,94489283854,REF
68719488097,94489283863,REF
68719488098,94489283864,REF
68719488099,94489283864,REF
68719488100,111669150616,REF
68719488101,111669150617,REF
68719488102,111669150615,REF
68719488103,94489283863,REF
68719488104,94489283864,REF
68719488105,94489283864,REF
68719488106,94489283863,REF
68719488107,94489283864,REF
68719488108,94489283864,REF
68719488109,94489283863,REF
68719488110,94489283863,REF
68719488111,111669150618,REF
68719488112,111669150618,REF
68719488113,94489283856,REF
68719488114,111669150618,REF
68719488115,111669150619,REF
68719488116,94489283861,REF
68719488117,94489283861,REF
68719488118,111669150619,REF
68719488119,94489283857,REF
68719488120,94489283862,REF
68719488121,94489283862,REF
68719488122,94489283856,REF
68719488124,111669150618,REF
68719488125,111669150618,REF
68719488127,94489283861,REF
68719488128,94489283861,REF
68719488129,94489283857,REF
68719488130,94489283857,REF
68719488131,94489283860,REF
68719488132,94489283861,REF
68719488133,94489283861,REF
68719488134,111669150619,REF
68719488135,94489283860,REF
68719488136,94489283861,REF
68719488137,94489283861,REF
68719488138,94489283860,REF
68719488139,94489283841,REF
68719488141,111669150620,REF
68719488142,94489283842,REF
68719488144,111669150620,REF
68719488145,94489283859,REF
68719488147,94489283859,REF
68719488148,111669150623,REF
68719488149,94489283898,REF
68719488150,94489283890,REF
68719488151,94489283899,REF
68719488152,94489283899,REF
68719488153,94489283890,REF
68719488154,94489283890,REF
68719488155,94489283897,REF
68719488156,94489283890,REF
68719488157,94489283890,REF
68719488158,94489283897,REF
68719488159,94489283890,REF
68719488160,94489283888,REF
68719488161,111669150627,REF
68719488162,94489283889,REF
68719488163,94489283891,REF
68719488164,94489283889,REF
68719488165,111669150626,REF
68719488166,94489283892,REF
68719488167,111669150626,REF
68719488168,111669150626,REF
68719488169,94489283891,REF
68719488170,94489283893,REF
68719488172,111669150628,REF
68719488174,111669150629,REF
68719488176,94489283889,REF
68719488177,111669150626,REF
68719488179,94489283892,REF
68719488181,94489283889,REF
68719488182,111669150626,REF
68719488184,94489283889,REF
68719488185,111669150626,REF
68719488187,94489283889,REF
68719488188,111669150626,REF
68719488190,94489283889,REF
68719488191,111669150626,REF
68719488193,94489283889,REF
68719488194,111669150626,REF
68719488196,94489283889,REF
68719488197,111669150626,REF
68719488199,94489283896,REF
68719488200,94489283896,REF
68719488201,94489283893,REF
68719488202,94489283893,REF
68719488203,111669150631,REF
68719488204,111669150631,REF
68719488205,111669150631,REF
68719488206,111669150631,REF
68719488207,94489283886,REF
68719488209,111669150632,REF
68719488210,94489283887,REF
68719488212,111669150632,REF
68719488213,94489283895,REF
68719488215,94489283895,REF
68719488216,94489283905,REF
68719488217,94489283960,REF
68719488218,111669150634,REF
68719488219,94489283906,REF
68719488220,111669150634,REF
68719488221,111669150634,REF
68719488222,111669150636,REF
68719488223,94489283907,REF
68719488224,94489283908,REF
68719488225,94489283959,REF
68719488228,111669150635,REF
68719488231,111669150636,REF
68719488234,111669150636,REF
68719488237,111669150636,REF
68719488240,111669150636,REF
68719488243,94489283906,REF
68719488246,111669150636,REF
68719488249,111669150636,REF
68719488252,111669150636,REF
68719488255,111669150636,REF
68719488258,111669150636,REF
68719488261,111669150636,REF
68719488263,94489283905,REF
68719488264,94489283905,REF
68719488265,94489283907,REF
68719488266,94489283908,REF
68719488267,94489283958,REF
68719488268,94489283958,REF
68719488269,111669150635,REF
68719488270,94489283957,REF
68719488271,94489283958,REF
68719488272,94489283958,REF
68719488273,111669150635,REF
68719488274,94489283957,REF
68719488275,94489283957,REF
68719488276,94489283910,REF
68719488277,94489283956,REF
68719488278,111669150637,REF
68719488279,94489283911,REF
68719488280,94489283955,REF
68719488281,111669150637,REF
68719488283,111669150639,REF
68719488285,111669150639,REF
68719488287,111669150639,REF
68719488289,111669150639,REF
68719488291,94489283913,REF
68719488292,94489283914,REF
68719488293,94489283954,REF
68719488296,111669150638,REF
68719488299,111669150639,REF
68719488302,111669150639,REF
68719488305,111669150639,REF
68719488308,111669150639,REF
68719488311,111669150639,REF
68719488314,111669150639,REF
68719488317,94489283911,REF
68719488319,94489283910,REF
68719488320,94489283910,REF
68719488321,94489283913,REF
68719488322,94489283914,REF
68719488323,94489283953,REF
68719488324,94489283953,REF
68719488325,111669150638,REF
68719488326,94489283911,REF
68719488327,94489283952,REF
68719488328,94489283953,REF
68719488329,94489283953,REF
68719488330,111669150638,REF
68719488331,94489283952,REF
68719488332,94489283952,REF
68719488333,94489283916,REF
68719488334,94489283951,REF
68719488335,111669150640,REF
68719488336,94489283917,REF
68719488337,94489283918,REF
68719488338,94489283916,REF
68719488339,94489283916,REF
68719488340,94489283917,REF
68719488341,94489283950,REF
68719488344,111669150641,REF
68719488346,94489283918,REF
68719488347,94489283918,REF
68719488348,94489283948,REF
68719488349,94489283949,REF
68719488350,94489283949,REF
68719488351,111669150641,REF
68719488352,94489283948,REF
68719488353,94489283948,REF
68719488354,94489283946,REF
68719488357,94489283920,REF
68719488358,94489283947,REF
68719488359,111669150642,REF
68719488360,94489283921,REF
68719488361,94489283946,REF
68719488362,94489283922,REF
68719488363,94489283920,REF
68719488364,94489283920,REF
68719488365,94489283921,REF
68719488366,94489283945,REF
68719488369,111669150643,REF
68719488371,94489283922,REF
68719488372,94489283943,REF
68719488373,94489283944,REF
68719488374,94489283944,REF
68719488375,111669150643,REF
68719488376,94489283943,REF
68719488377,94489283943,REF
68719488378,94489283924,REF
68719488379,94489283942,REF
68719488380,111669150645,REF
68719488381,94489283925,REF
68719488382,94489283926,REF
68719488383,94489283924,REF
68719488384,94489283924,REF
68719488385,94489283925,REF
68719488386,94489283941,REF
68719488389,111669150646,REF
68719488391,94489283926,REF
68719488392,94489283939,REF
68719488393,94489283940,REF
68719488394,94489283940,REF
68719488395,111669150646,REF
68719488396,94489283939,REF
68719488397,94489283939,REF
68719488398,94489283928,REF
68719488399,94489283938,REF
68719488400,111669150647,REF
68719488401,94489283928,REF
68719488402,94489283928,REF
68719488403,94489283937,REF
68719488406,111669150648,REF
68719488408,94489283928,REF
68719488409,94489283928,REF
68719488410,94489283936,REF
68719488413,111669150648,REF
68719488415,94489283935,REF
68719488416,94489283935,REF
68719488417,111669150648,REF
68719488418,94489283934,REF
68719488419,94489283935,REF
68719488420,94489283935,REF
68719488421,111669150648,REF
68719488422,94489283934,REF
68719488423,94489283934,REF
68719488424,94489283931,REF
68719488431,94489283931,REF
68719488432,111669150650,REF
68719488433,94489283900,REF
68719488435,111669150651,REF
68719488436,94489283901,REF
68719488438,111669150651,REF
68719488439,94489283902,REF
68719488441,111669150651,REF
68719488442,94489283903,REF
68719488444,111669150651,REF
68719488445,94489283904,REF
68719488447,111669150651,REF
68719488448,94489283933,REF
68719488450,94489283933,REF
68719488451,111669150652,REF
68719488452,94489283998,REF
68719488453,94489283997,REF
68719488456,111669150652,REF
68719488457,94489283996,REF
68719488458,94489283995,REF
68719488461,111669150652,REF
68719488462,94489283994,REF
68719488463,94489283993,REF
68719488466,94489283985,REF
68719488467,94489283985,REF
68719488468,111669150654,REF
68719488469,94489283968,REF
68719488470,94489283992,REF
68719488471,111669150653,REF
68719488472,111669150654,REF
68719488473,94489283968,REF
68719488474,94489283991,REF
68719488475,94489283990,REF
68719488477,111669150654,REF
68719488479,94489283985,REF
68719488480,94489283985,REF
68719488481,94489283968,REF
68719488482,94489283970,REF
68719488483,94489283989,REF
68719488484,111669150653,REF
68719488485,94489283989,REF
68719488486,94489283968,REF
68719488487,94489283971,REF
68719488488,111669150653,REF
68719488489,111669150653,REF
68719488490,94489283968,REF
68719488491,94489283972,REF
68719488492,94489283988,REF
68719488493,111669150653,REF
68719488494,94489283988,REF
68719488495,94489283971,REF
68719488496,94489283971,REF
68719488497,94489283971,REF
68719488498,94489283985,REF
68719488499,94489283985,REF
68719488501,94489283972,REF
68719488503,94489283972,REF
68719488505,94489283972,REF
68719488507,94489283972,REF
68719488509,94489283972,REF
68719488511,94489283972,REF
68719488513,94489283987,REF
68719488514,111669150653,REF
68719488515,94489283987,REF
68719488516,111669150654,REF
68719488517,94489283972,REF
68719488518,94489283986,REF
68719488519,111669150653,REF
68719488520,94489283986,REF
68719488521,111669150654,REF
68719488522,94489283972,REF
68719488523,94489283985,REF
68719488524,94489283985,REF
68719488525,111669150654,REF
68719488526,94489283984,REF
68719488527,94489283985,REF
68719488528,94489283985,REF
68719488529,111669150654,REF
68719488530,94489283984,REF
68719488531,94489283984,REF
68719488532,94489283974,REF
68719488533,94489283983,REF
68719488534,111669150655,REF
68719488535,94489283983,REF
68719488536,111669150656,REF
68719488537,94489283975,REF
68719488538,94489283982,REF
68719488539,111669150655,REF
68719488540,94489283982,REF
68719488541,111669150656,REF
68719488542,94489283976,REF
68719488543,94489283981,REF
68719488544,111669150655,REF
68719488545,94489283981,REF
68719488546,111669150656,REF
68719488547,94489283980,REF
68719488548,94489283980,REF
68719488550,94489283974,REF
68719488552,94489283974,REF
68719488554,94489283974,REF
68719488557,94489283974,REF
68719488559,94489283975,REF
68719488561,94489283976,REF
68719488563,94489283961,REF
68719488565,111669150657,REF
68719488566,94489283962,REF
68719488568,111669150657,REF
68719488569,94489283963,REF
68719488571,111669150657,REF
68719488572,94489283964,REF
68719488574,111669150657,REF
68719488575,94489283979,REF
68719488577,94489283979,REF
68719488578,94489284027,REF
68719488579,111669150658,REF
68719488580,94489284030,REF
68719488581,94489284031,REF
68719488582,111669150659,REF
68719488583,94489284029,REF
68719488584,94489284031,REF
68719488585,94489284030,REF
68719488586,111669150658,REF
68719488587,94489284028,REF
68719488588,111669150660,REF
68719488589,94489284029,REF
68719488590,94489284028,REF
68719488591,111669150661,REF
68719488592,111669150661,REF
68719488593,94489284026,REF
68719488594,94489284026,REF
68719488595,111669150661,REF
68719488596,94489284025,REF
68719488597,94489284023,REF
68719488600,111669150661,REF
68719488601,94489284024,REF
68719488602,94489284023,REF
68719488605,111669150661,REF
68719488606,94489284022,REF
68719488607,94489284022,REF
68719488608,111669150661,REF
68719488610,94489284021,REF
68719488611,111669150662,REF
68719488612,94489284021,REF
68719488614,111669150663,REF
68719488615,111669150663,REF
68719488616,94489284004,REF
68719488617,94489284019,REF
68719488618,94489284020,REF
68719488628,94489284019,REF
68719488629,94489284006,REF
68719488630,111669150663,REF
68719488631,111669150664,REF
68719488632,94489284004,REF
68719488633,94489284017,REF
68719488634,94489284017,REF
68719488635,111669150664,REF
68719488636,94489284007,REF
68719488637,94489284018,REF
68719488638,94489284018,REF
68719488639,94489284006,REF
68719488641,111669150663,REF
68719488642,111669150663,REF
68719488644,94489284017,REF
68719488645,94489284017,REF
68719488646,94489284007,REF
68719488647,94489284007,REF
68719488648,94489284016,REF
68719488649,94489284017,REF
68719488650,94489284017,REF
68719488651,111669150664,REF
68719488652,94489284016,REF
68719488653,94489284017,REF
68719488654,94489284017,REF
68719488655,94489284016,REF
68719488656,94489284017,REF
68719488657,94489284017,REF
68719488658,94489284016,REF
68719488659,94489284016,REF
68719488660,111669150665,REF
68719488661,111669150665,REF
68719488662,94489284009,REF
68719488663,111669150665,REF
68719488664,111669150666,REF
68719488665,111669150667,REF
68719488666,94489284010,REF
68719488667,94489284015,REF
68719488668,94489284015,REF
68719488669,94489284009,REF
68719488671,111669150665,REF
68719488672,111669150665,REF
68719488674,94489284010,REF
68719488675,94489284013,REF
68719488676,94489284014,REF
68719488677,94489284014,REF
68719488678,111669150667,REF
68719488679,111669150666,REF
68719488680,94489284013,REF
68719488681,94489284014,REF
68719488682,94489284014,REF
68719488683,94489284013,REF
68719488684,94489284013,REF
68719488685,94489283999,REF
68719488687,111669150668,REF
68719488688,94489284000,REF
68719488690,111669150668,REF
68719488691,94489284012,REF
68719488693,94489284012,REF
68719488694,111669150671,REF
68719488695,94489284043,REF
68719488696,94489284035,REF
68719488697,94489284044,REF
68719488698,94489284044,REF
68719488699,94489284035,REF
68719488700,94489284035,REF
68719488701,94489284042,REF
68719488702,94489284035,REF
68719488703,94489284035,REF
68719488704,94489284042,REF
68719488705,94489284035,REF
68719488706,94489284033,REF
68719488707,111669150675,REF
68719488708,94489284034,REF
68719488709,94489284036,REF
68719488710,94489284034,REF
68719488711,111669150674,REF
68719488712,94489284037,REF
68719488713,111669150674,REF
68719488714,111669150674,REF
68719488715,94489284036,REF
68719488716,94489284038,REF
68719488718,94489284034,REF
68719488719,111669150674,REF
68719488721,111669150676,REF
68719488723,111669150677,REF
68719488725,94489284034,REF
68719488726,111669150674,REF
68719488728,94489284037,REF
68719488730,94489284034,REF
68719488731,111669150674,REF
68719488733,94489284041,REF
68719488734,94489284041,REF
68719488735,94489284038,REF
68719488736,94489284038,REF
68719488737,111669150679,REF
68719488738,111669150679,REF
68719488739,111669150679,REF
68719488740,111669150679,REF
68719488741,94489284032,REF
68719488743,111669150680,REF
68719488744,94489284040,REF
68719488746,94489284040,REF
68719488747,94489284050,REF
68719488748,94489284097,REF
68719488749,111669150682,REF
68719488750,94489284051,REF
68719488751,111669150682,REF
68719488752,111669150682,REF
68719488753,111669150684,REF
68719488754,94489284052,REF
68719488755,94489284053,REF
68719488756,94489284096,REF
68719488759,111669150683,REF
68719488762,111669150684,REF
68719488765,111669150684,REF
68719488768,111669150684,REF
68719488771,111669150684,REF
68719488774,111669150684,REF
68719488777,94489284051,REF
68719488780,111669150684,REF
68719488782,94489284050,REF
68719488783,94489284050,REF
68719488784,94489284052,REF
68719488785,94489284053,REF
68719488786,94489284095,REF
68719488787,94489284095,REF
68719488788,111669150683,REF
68719488789,94489284094,REF
68719488790,94489284095,REF
68719488791,94489284095,REF
68719488792,111669150683,REF
68719488793,94489284094,REF
68719488794,94489284094,REF
68719488795,94489284055,REF
68719488796,94489284093,REF
68719488797,111669150685,REF
68719488798,94489284056,REF
68719488799,94489284092,REF
68719488800,111669150685,REF
68719488802,111669150687,REF
68719488804,111669150687,REF
68719488806,94489284058,REF
68719488807,94489284059,REF
68719488808,94489284091,REF
68719488811,111669150686,REF
68719488814,111669150687,REF
68719488817,111669150687,REF
68719488820,94489284056,REF
68719488822,94489284055,REF
68719488823,94489284055,REF
68719488824,94489284058,REF
68719488825,94489284059,REF
68719488826,94489284090,REF
68719488827,94489284090,REF
68719488828,111669150686,REF
68719488829,94489284056,REF
68719488830,94489284089,REF
68719488831,94489284090,REF
68719488832,94489284090,REF
68719488833,111669150686,REF
68719488834,94489284089,REF
68719488835,94489284089,REF
68719488836,94489284061,REF
68719488837,94489284088,REF
68719488838,111669150688,REF
68719488839,94489284062,REF
68719488840,94489284063,REF
68719488841,94489284061,REF
68719488842,94489284061,REF
68719488843,94489284062,REF
68719488844,94489284087,REF
68719488847,111669150689,REF
68719488849,94489284063,REF
68719488850,94489284063,REF
68719488851,94489284085,REF
68719488852,94489284086,REF
68719488853,94489284086,REF
68719488854,111669150689,REF
68719488855,94489284085,REF
68719488856,94489284085,REF
68719488857,94489284083,REF
68719488860,94489284065,REF
68719488861,94489284084,REF
68719488862,111669150690,REF
68719488863,94489284066,REF
68719488864,94489284083,REF
68719488865,94489284067,REF
68719488866,94489284065,REF
68719488867,94489284065,REF
68719488868,94489284066,REF
68719488869,94489284082,REF
68719488872,111669150691,REF
68719488874,94489284067,REF
68719488875,94489284080,REF
68719488876,94489284081,REF
68719488877,94489284081,REF
68719488878,111669150691,REF
68719488879,94489284080,REF
68719488880,94489284080,REF
68719488881,94489284069,REF
68719488882,94489284079,REF
68719488883,111669150693,REF
68719488884,94489284069,REF
68719488885,94489284069,REF
68719488886,94489284078,REF
68719488889,111669150694,REF
68719488891,94489284069,REF
68719488892,94489284069,REF
68719488893,94489284077,REF
68719488896,111669150694,REF
68719488898,94489284076,REF
68719488899,94489284076,REF
68719488900,111669150694,REF
68719488901,94489284075,REF
68719488902,94489284076,REF
68719488903,94489284076,REF
68719488904,111669150694,REF
68719488905,94489284075,REF
68719488906,94489284075,REF
68719488907,94489284072,REF
68719488914,94489284072,REF
68719488915,111669150696,REF
68719488916,94489284045,REF
68719488918,111669150697,REF
68719488919,94489284046,REF
68719488921,111669150697,REF
68719488922,94489284047,REF
68719488924,111669150697,REF
68719488925,94489284048,REF
68719488927,111669150697,REF
68719488928,94489284049,REF
68719488930,111669150697,REF
68719488931,94489284074,REF
68719488933,94489284074,REF
68719488934,111669150698,REF
68719488935,94489284130,REF
68719488936,94489284129,REF
68719488939,111669150698,REF
68719488940,94489284128,REF
68719488941,94489284127,REF
68719488944,111669150698,REF
68719488945,94489284126,REF
68719488946,94489284125,REF
68719488949,94489284118,REF
68719488950,94489284118,REF
68719488951,111669150700,REF
68719488952,94489284105,REF
68719488953,94489284124,REF
68719488954,111669150699,REF
68719488955,111669150700,REF
68719488956,94489284105,REF
68719488957,94489284123,REF
68719488958,94489284122,REF
68719488960,111669150700,REF
68719488962,94489284118,REF
68719488963,94489284118,REF
68719488964,94489284105,REF
68719488965,94489284107,REF
68719488966,111669150699,REF
68719488967,111669150699,REF
68719488968,94489284105,REF
68719488969,94489284108,REF
68719488970,94489284121,REF
68719488971,111669150699,REF
68719488972,94489284121,REF
68719488973,94489284107,REF
68719488974,94489284107,REF
68719488975,94489284107,REF
68719488976,94489284120,REF
68719488977,111669150699,REF
68719488978,94489284120,REF
68719488979,111669150700,REF
68719488980,94489284108,REF
68719488981,94489284119,REF
68719488982,111669150699,REF
68719488983,94489284119,REF
68719488984,111669150700,REF
68719488985,94489284108,REF
68719488986,94489284118,REF
68719488987,94489284118,REF
68719488988,111669150700,REF
68719488989,94489284117,REF
68719488990,94489284118,REF
68719488991,94489284118,REF
68719488992,111669150700,REF
68719488993,94489284117,REF
68719488994,94489284117,REF
68719488995,94489284109,REF
68719488996,94489284116,REF
68719488997,111669150701,REF
68719488998,94489284116,REF
68719488999,111669150702,REF
68719489000,94489284110,REF
68719489001,94489284115,REF
68719489002,111669150701,REF
68719489003,94489284115,REF
68719489004,111669150702,REF
68719489005,94489284111,REF
68719489006,94489284114,REF
68719489007,111669150701,REF
68719489008,94489284114,REF
68719489009,111669150702,REF
68719489011,94489284109,REF
68719489013,94489284110,REF
68719489015,94489284111,REF
68719489017,94489284098,REF
68719489019,111669150703,REF
68719489020,94489284099,REF
68719489022,111669150703,REF
68719489023,94489284100,REF
68719489025,111669150703,REF
68719489026,94489284101,REF
68719489028,111669150703,REF
68719489029,94489284113,REF
68719489031,94489284113,REF
68719489032,94489284153,REF
68719489033,111669150704,REF
68719489034,94489284156,REF
68719489035,94489284157,REF
68719489036,111669150705,REF
68719489037,94489284155,REF
68719489038,94489284157,REF
68719489039,94489284156,REF
68719489040,111669150704,REF
68719489041,94489284154,REF
68719489042,111669150706,REF
68719489043,94489284155,REF
68719489044,94489284154,REF
68719489045,111669150707,REF
68719489046,111669150707,REF
68719489047,94489284152,REF
68719489048,94489284152,REF
68719489049,111669150707,REF
68719489050,94489284151,REF
68719489051,94489284149,REF
68719489054,111669150707,REF
68719489055,94489284150,REF
68719489056,94489284149,REF
68719489059,111669150707,REF
68719489060,94489284148,REF
68719489061,94489284148,REF
68719489062,111669150707,REF
68719489064,94489284147,REF
68719489065,111669150708,REF
68719489066,94489284147,REF
68719489068,111669150709,REF
68719489069,111669150709,REF
68719489070,94489284136,REF
68719489071,94489284145,REF
68719489072,94489284146,REF
68719489088,94489284145,REF
68719489089,94489284138,REF
68719489090,111669150709,REF
68719489091,111669150710,REF
68719489092,94489284136,REF
68719489093,94489284143,REF
68719489094,94489284143,REF
68719489095,111669150710,REF
68719489096,94489284139,REF
68719489097,94489284144,REF
68719489098,94489284144,REF
68719489099,94489284138,REF
68719489101,111669150709,REF
68719489102,111669150709,REF
68719489104,94489284143,REF
68719489105,94489284143,REF
68719489106,94489284139,REF
68719489107,94489284139,REF
68719489108,94489284142,REF
68719489109,94489284143,REF
68719489110,94489284143,REF
68719489111,111669150710,REF
68719489112,94489284142,REF
68719489113,94489284143,REF
68719489114,94489284143,REF
68719489115,94489284142,REF
68719489116,94489284143,REF
68719489117,94489284143,REF
68719489118,94489284142,REF
68719489119,94489284142,REF
68719489120,94489284131,REF
68719489122,111669150711,REF
68719489123,94489284132,REF
68719489125,111669150711,REF
68719489126,94489284141,REF
68719489128,94489284141,REF
68719489129,111669150714,REF
68719489130,94489284171,REF
68719489131,94489284161,REF
68719489132,94489284172,REF
68719489133,94489284172,REF
68719489134,94489284161,REF
68719489135,94489284161,REF
68719489136,94489284170,REF
68719489137,94489284161,REF
68719489138,94489284161,REF
68719489139,94489284170,REF
68719489140,94489284161,REF
68719489141,94489284159,REF
68719489142,111669150718,REF
68719489143,94489284160,REF
68719489144,94489284162,REF
68719489145,94489284160,REF
68719489146,111669150717,REF
68719489147,94489284163,REF
68719489148,111669150717,REF
68719489149,111669150717,REF
68719489150,94489284162,REF
68719489151,94489284164,REF
68719489152,94489284160,REF
68719489153,111669150717,REF
68719489154,94489284165,REF
68719489155,111669150717,REF
68719489156,111669150717,REF
68719489157,94489284164,REF
68719489158,94489284166,REF
68719489160,94489284160,REF
68719489161,111669150717,REF
68719489163,94489284160,REF
68719489164,111669150717,REF
68719489166,94489284163,REF
68719489168,94489284160,REF
68719489169,111669150717,REF
68719489171,94489284160,REF
68719489172,111669150717,REF
68719489174,94489284165,REF
68719489176,94489284160,REF
68719489177,111669150717,REF
68719489179,94489284169,REF
68719489180,94489284169,REF
68719489181,94489284166,REF
68719489182,94489284166,REF
68719489183,111669150720,REF
68719489184,111669150720,REF
68719489185,111669150720,REF
68719489186,111669150720,REF
68719489187,94489284158,REF
68719489189,111669150721,REF
68719489190,94489284168,REF
68719489192,94489284168,REF
68719489193,94489284178,REF
68719489194,94489284224,REF
68719489195,111669150723,REF
68719489196,94489284179,REF
68719489197,111669150723,REF
68719489198,111669150723,REF
68719489199,111669150725,REF
68719489200,94489284180,REF
68719489201,111669150723,REF
68719489202,111669150723,REF
68719489203,111669150725,REF
68719489204,94489284181,REF
68719489205,94489284182,REF
68719489206,94489284223,REF
68719489209,111669150724,REF
68719489212,111669150725,REF
68719489215,111669150725,REF
68719489218,111669150725,REF
68719489221,94489284179,REF
68719489224,111669150725,REF
68719489227,111669150725,REF
68719489230,111669150725,REF
68719489233,94489284180,REF
68719489236,111669150725,REF
68719489238,94489284178,REF
68719489239,94489284178,REF
68719489240,94489284181,REF
68719489241,94489284182,REF
68719489242,94489284222,REF
68719489243,94489284222,REF
68719489244,111669150724,REF
68719489245,94489284221,REF
68719489246,94489284222,REF
68719489247,94489284222,REF
68719489248,111669150724,REF
68719489249,94489284221,REF
68719489250,94489284221,REF
68719489251,94489284184,REF
68719489252,94489284220,REF
68719489253,111669150726,REF
68719489254,94489284185,REF
68719489255,94489284219,REF
68719489256,111669150726,REF
68719489258,111669150728,REF
68719489260,111669150728,REF
68719489262,111669150728,REF
68719489264,94489284187,REF
68719489265,94489284188,REF
68719489266,94489284218,REF
68719489269,111669150727,REF
68719489272,111669150728,REF
68719489275,111669150728,REF
68719489278,111669150728,REF
68719489281,94489284185,REF
68719489283,94489284184,REF
68719489284,94489284184,REF
68719489285,94489284187,REF
68719489286,94489284188,REF
68719489287,94489284217,REF
68719489288,94489284217,REF
68719489289,111669150727,REF
68719489290,94489284185,REF
68719489291,94489284216,REF
68719489292,94489284217,REF
68719489293,94489284217,REF
68719489294,111669150727,REF
68719489295,94489284216,REF
68719489296,94489284216,REF
68719489297,94489284190,REF
68719489298,94489284215,REF
68719489299,111669150729,REF
68719489300,94489284191,REF
68719489301,94489284192,REF
68719489302,94489284190,REF
68719489303,94489284190,REF
68719489304,94489284191,REF
68719489305,94489284214,REF
68719489308,111669150730,REF
68719489310,94489284192,REF
68719489311,94489284192,REF
68719489312,94489284212,REF
68719489313,94489284213,REF
68719489314,94489284213,REF
68719489315,111669150730,REF
68719489316,94489284212,REF
68719489317,94489284212,REF
68719489318,94489284210,REF
68719489321,94489284194,REF
68719489322,94489284211,REF
68719489323,111669150731,REF
68719489324,94489284195,REF
68719489325,94489284210,REF
68719489326,94489284196,REF
68719489327,94489284194,REF
68719489328,94489284194,REF
68719489329,94489284195,REF
68719489330,94489284209,REF
68719489333,111669150732,REF
68719489335,94489284196,REF
68719489336,94489284207,REF
68719489337,94489284208,REF
68719489338,94489284208,REF
68719489339,111669150732,REF
68719489340,94489284207,REF
68719489341,94489284207,REF
68719489342,94489284198,REF
68719489343,94489284206,REF
68719489344,111669150734,REF
68719489345,94489284198,REF
68719489346,94489284198,REF
68719489347,94489284205,REF
68719489350,111669150735,REF
68719489352,94489284198,REF
68719489353,94489284198,REF
68719489354,94489284204,REF
68719489357,111669150735,REF
68719489359,94489284203,REF
68719489360,94489284203,REF
68719489361,111669150735,REF
68719489362,94489284202,REF
68719489363,94489284203,REF
68719489364,94489284203,REF
68719489365,111669150735,REF
68719489366,94489284202,REF
68719489367,94489284202,REF
68719489368,111669150737,REF
68719489369,94489284173,REF
68719489371,111669150738,REF
68719489372,94489284174,REF
68719489374,111669150738,REF
68719489375,94489284175,REF
68719489377,111669150738,REF
68719489378,94489284176,REF
68719489380,111669150738,REF
68719489381,94489284177,REF
68719489383,111669150738,REF
68719489384,94489284201,REF
68719489386,94489284201,REF
68719489387,111669150739,REF
68719489388,94489284253,REF
68719489389,94489284252,REF
68719489392,111669150739,REF
68719489393,94489284251,REF
68719489394,94489284250,REF
68719489397,111669150739,REF
68719489398,94489284249,REF
68719489399,94489284248,REF
68719489402,94489284241,REF
68719489403,94489284241,REF
68719489404,111669150741,REF
68719489405,94489284232,REF
68719489406,94489284247,REF
68719489407,111669150740,REF
68719489408,111669150741,REF
68719489409,94489284232,REF
68719489410,94489284246,REF
68719489411,94489284245,REF
68719489413,111669150741,REF
68719489415,94489284241,REF
68719489416,94489284241,REF
68719489417,94489284232,REF
68719489418,94489284234,REF
68719489419,111669150740,REF
68719489420,111669150740,REF
68719489421,94489284232,REF
68719489422,94489284235,REF
68719489423,94489284244,REF
68719489424,111669150740,REF
68719489425,94489284244,REF
68719489426,94489284234,REF
68719489427,94489284243,REF
68719489428,111669150740,REF
68719489429,94489284243,REF
68719489430,111669150741,REF
68719489431,94489284235,REF
68719489432,94489284242,REF
68719489433,111669150740,REF
68719489434,94489284242,REF
68719489435,111669150741,REF
68719489436,94489284235,REF
68719489437,94489284241,REF
68719489438,94489284241,REF
68719489439,111669150741,REF
68719489440,94489284240,REF
68719489441,94489284241,REF
68719489442,94489284241,REF
68719489443,111669150741,REF
68719489444,94489284240,REF
68719489445,94489284240,REF
68719489446,94489284236,REF
68719489447,94489284239,REF
68719489448,111669150742,REF
68719489449,94489284239,REF
68719489450,111669150743,REF
68719489452,94489284236,REF
68719489454,94489284225,REF
68719489456,111669150744,REF
68719489457,94489284226,REF
68719489459,111669150744,REF
68719489460,94489284227,REF
68719489462,111669150744,REF
68719489463,94489284228,REF
68719489465,111669150744,REF
68719489466,94489284238,REF
68719489468,94489284238,REF
68719489469,94489284317,REF
68719489470,94489284318,REF
68719489471,111669150746,REF
68719489472,111669150746,REF
68719489473,94489284318,REF
68719489474,94489284317,REF
68719489481,94489284299,REF
68719489482,111669150747,REF
68719489483,111669150748,REF
68719489484,94489284298,REF
68719489485,94489284299,REF
68719489486,111669150747,REF
68719489487,111669150748,REF
68719489488,94489284298,REF
68719489489,94489284285,REF
68719489490,94489284297,REF
68719489491,111669150749,REF
68719489492,111669150750,REF
68719489493,94489284285,REF
68719489494,94489284285,REF
68719489495,94489284296,REF
68719489496,94489284285,REF
68719489497,94489284285,REF
68719489498,94489284296,REF
68719489499,94489284257,REF
68719489500,94489284258,REF
68719489501,94489284316,REF
68719489502,111669150751,REF
68719489503,94489284259,REF
68719489504,94489284314,REF
68719489505,94489284315,REF
68719489506,94489284312,REF
68719489507,94489284315,REF
68719489508,94489284314,REF
68719489509,94489284260,REF
68719489510,94489284313,REF
68719489511,94489284312,REF
68719489512,94489284313,REF
68719489513,94489284261,REF
68719489514,94489284311,REF
68719489515,94489284312,REF
68719489516,94489284311,REF
68719489517,94489284294,REF
68719489518,94489284294,REF
68719489519,94489284294,REF
68719489520,94489284294,REF
68719489521,94489284259,REF
68719489522,94489284294,REF
68719489523,94489284294,REF
68719489524,94489284260,REF
68719489525,94489284260,REF
68719489526,94489284260,REF
68719489527,94489284294,REF
68719489528,94489284294,REF
68719489529,94489284260,REF
68719489530,94489284294,REF
68719489531,94489284294,REF
68719489532,94489284261,REF
68719489533,94489284259,REF
68719489534,94489284260,REF
68719489535,94489284294,REF
68719489536,94489284294,REF
68719489537,94489284262,REF
68719489538,94489284259,REF
68719489539,94489284259,REF
68719489540,94489284262,REF
68719489541,94489284261,REF
68719489542,94489284294,REF
68719489543,94489284294,REF
68719489544,94489284263,REF
68719489545,94489284264,REF
68719489546,94489284265,REF
68719489547,94489284266,REF
68719489548,94489284267,REF
68719489549,94489284259,REF
68719489550,94489284264,REF
68719489551,94489284265,REF
68719489552,94489284261,REF
68719489553,94489284267,REF
68719489554,94489284261,REF
68719489555,94489284268,REF
68719489556,94489284262,REF
68719489558,94489284260,REF
68719489561,94489284310,REF
68719489562,94489284260,REF
68719489563,94489284310,REF
68719489565,94489284271,REF
68719489566,94489284309,REF
68719489567,94489284309,REF
68719489568,94489284267,REF
68719489570,94489284268,REF
68719489572,94489284273,REF
68719489573,94489284271,REF
68719489574,94489284273,REF
68719489575,94489284273,REF
68719489576,94489284273,REF
68719489577,94489284308,REF
68719489578,94489284307,REF
68719489581,94489284294,REF
68719489582,94489284294,REF
68719489583,94489284273,REF
68719489584,94489284306,REF
68719489585,94489284306,REF
68719489586,94489284273,REF
68719489587,94489284305,REF
68719489588,94489284273,REF
68719489589,94489284304,REF
68719489590,94489284303,REF
68719489593,94489284263,REF
68719489594,94489284263,REF
68719489596,94489284303,REF
68719489598,94489284303,REF
68719489600,94489284266,REF
68719489601,94489284273,REF
68719489602,94489284273,REF
68719489603,94489284263,REF
68719489604,94489284264,REF
68719489605,94489284263,REF
68719489606,94489284266,REF
68719489607,94489284302,REF
68719489608,94489284294,REF
68719489609,94489284294,REF
68719489610,94489284302,REF
68719489611,94489284302,REF
68719489612,94489284294,REF
68719489613,94489284294,REF
68719489614,94489284302,REF
68719489615,94489284294,REF
68719489616,94489284294,REF
68719489617,94489284302,REF
68719489618,94489284302,REF
68719489619,94489284279,REF
68719489620,94489284258,REF
68719489621,94489284258,REF
68719489622,94489284294,REF
68719489623,94489284294,REF
68719489624,94489284263,REF
68719489625,94489284279,REF
68719489626,94489284294,REF
68719489627,94489284294,REF
68719489628,94489284301,REF
68719489629,94489284279,REF
68719489630,94489284300,REF
68719489631,94489284293,REF
68719489634,94489284283,REF
68719489635,94489284257,REF
68719489636,111669150751,REF
68719489637,94489284293,REF
68719489638,94489284284,REF
68719489639,94489284263,REF
68719489640,94489284263,REF
68719489641,94489284284,REF
68719489642,94489284284,REF
68719489643,94489284263,REF
68719489644,94489284263,REF
68719489645,94489284284,REF
68719489646,94489284258,REF
68719489647,94489284258,REF
68719489648,94489284295,REF
68719489651,94489284284,REF
68719489654,94489284293,REF
68719489656,94489284294,REF
68719489657,94489284294,REF
68719489658,94489284293,REF
68719489659,94489284284,REF
68719489660,94489284294,REF
68719489661,94489284294,REF
68719489662,94489284293,REF
68719489663,94489284288,REF
68719489664,94489284292,REF
68719489665,111669150752,REF
68719489666,94489284289,REF
68719489667,94489284288,REF
68719489668,94489284288,REF
68719489669,94489284291,REF
68719489672,111669150753,REF
68719489674,94489284289,REF
68719489675,94489284289,REF
68719489676,94489284289,REF
68719489677,94489284254,REF
68719489679,111669150754,REF
68719489680,94489284255,REF
68719489682,111669150754,REF
68719489683,94489284256,REF
68719489685,94489284256,REF
68719489686,94489284287,REF
68719489688,94489284287,REF
68719489689,111669150756,REF
68719489690,94489284348,REF
68719489691,94489284349,REF
68719489692,111669150757,REF
68719489693,94489284347,REF
68719489694,94489284349,REF
68719489695,94489284348,REF
68719489696,111669150756,REF
68719489697,94489284346,REF
68719489698,111669150758,REF
68719489699,94489284347,REF
68719489700,94489284346,REF
68719489701,111669150756,REF
68719489702,94489284345,REF
68719489703,111669150756,REF
68719489704,94489284345,REF
68719489705,111669150756,REF
68719489706,94489284344,REF
68719489707,94489284344,REF
68719489708,111669150756,REF
68719489709,94489284343,REF
68719489710,94489284341,REF
68719489713,111669150756,REF
68719489714,94489284342,REF
68719489715,94489284341,REF
68719489718,94489284340,REF
68719489719,94489284340,REF
68719489720,111669150756,REF
68719489721,111669150759,REF
68719489723,111669150759,REF
68719489726,94489284339,REF
68719489727,111669150759,REF
68719489728,94489284339,REF
68719489730,94489284325,REF
68719489731,111669150760,REF
68719489732,94489284336,REF
68719489733,111669150761,REF
68719489734,111669150762,REF
68719489735,94489284326,REF
68719489736,94489284337,REF
68719489737,94489284337,REF
68719489738,94489284325,REF
68719489740,111669150760,REF
68719489741,111669150760,REF
68719489743,94489284328,REF
68719489744,94489284326,REF
68719489745,94489284334,REF
68719489746,94489284334,REF
68719489747,111669150761,REF
68719489748,111669150762,REF
68719489749,94489284328,REF
68719489750,94489284328,REF
68719489751,94489284333,REF
68719489752,94489284334,REF
68719489753,94489284334,REF
68719489754,94489284336,REF
68719489755,111669150761,REF
68719489756,111669150762,REF
68719489757,94489284333,REF
68719489758,94489284334,REF
68719489759,94489284334,REF
68719489760,94489284333,REF
68719489761,94489284334,REF
68719489762,94489284334,REF
68719489763,94489284333,REF
68719489764,94489284335,REF
68719489765,94489284333,REF
68719489766,94489284335,REF
68719489767,94489284333,REF
68719489768,94489284334,REF
68719489769,94489284334,REF
68719489770,94489284333,REF
68719489771,94489284333,REF
68719489772,94489284332,REF
68719489773,94489284332,REF
68719489774,111669150764,REF
68719489775,94489284324,REF
68719489776,94489284329,REF
68719489778,94489284324,REF
68719489779,111669150763,REF
68719489781,94489284324,REF
68719489782,111669150763,REF
68719489784,94489284324,REF
68719489785,111669150763,REF
68719489787,94489284324,REF
68719489788,111669150763,REF
68719489790,94489284324,REF
68719489791,111669150763,REF
68719489793,94489284324,REF
68719489794,111669150763,REF
68719489796,94489284332,REF
68719489797,94489284332,REF
68719489798,111669150764,REF
68719489799,94489284329,REF
68719489800,94489284319,REF
68719489802,111669150765,REF
68719489804,94489284350,REF
68719489805,94489284331,REF
68719489807,94489284331,REF
68719489808,94489284351,REF
68719489810,111669150771,REF
68719489812,94489284356,REF
68719489814,94489284355,REF
68719489816,94489284354,REF
68719489818,94489284353,REF
68719489820,94489284352,REF
68719489822,94489284365,REF
68719489824,94489284364,REF
68719489826,94489284363,REF
68719489828,94489284362,REF
68719489830,94489284361,REF
68719489832,94489284360,REF
68719489834,94489284359,REF
68719489836,94489284358,REF
68719489838,94489284357,REF
68719489840,94489284374,REF
68719489842,94489284373,REF
68719489844,94489284372,REF
68719489846,94489284371,REF
68719489848,94489284370,REF
68719489850,94489284369,REF
68719489852,94489284368,REF
68719489854,94489284367,REF
68719489856,94489284366,REF
68719489857,94489284375,REF
68719489859,94489284375,REF
68719489860,94489284376,REF
68719489862,94489284376,REF
68719489863,94489284377,REF
68719489865,94489284377,REF
68719489867,94489284386,REF
68719489869,94489284385,REF
68719489871,94489284384,REF
68719489873,94489284383,REF
68719489875,94489284382,REF
68719489877,94489284381,REF
68719489879,94489284380,REF
68719489881,94489284379,REF
68719489883,94489284378,REF
68719489885,94489284388,REF
68719489887,94489284387,REF
68719489888,94489284389,REF
68719489890,111669150812,REF
68719489892,94489284395,REF
68719489894,94489284394,REF
68719489896,94489284393,REF
68719489898,94489284392,REF
68719489900,94489284391,REF
68719489902,94489284390,REF
68719489904,94489284399,REF
68719489906,94489284398,REF
68719489908,94489284397,REF
68719489910,94489284396,REF
68719489912,94489284410,REF
68719489914,94489284409,REF
68719489916,94489284408,REF
68719489918,94489284407,REF
68719489920,94489284406,REF
68719489922,94489284405,REF
68719489924,94489284404,REF
68719489926,94489284403,REF
68719489928,94489284402,REF
68719489930,94489284401,REF
68719489932,94489284400,REF
68719489933,94489284412,REF
68719489934,111669150831,REF
68719489935,94489284412,REF
68719489936,111669150831,REF
68719489937,94489284412,REF
68719489938,111669150831,REF
68719489939,94489284412,REF
68719489940,111669150831,REF
68719489941,94489284412,REF
68719489942,111669150831,REF
68719489943,94489284412,REF
68719489944,94489284412,REF
68719489945,94489284413,REF
68719489946,111669150831,REF
68719489947,94489284413,REF
68719489948,111669150831,REF
68719489949,94489284413,REF
68719489950,111669150831,REF
68719489951,94489284413,REF
68719489952,111669150831,REF
68719489953,94489284413,REF
68719489954,111669150831,REF
68719489955,94489284413,REF
68719489956,94489284413,REF
68719489957,94489284414,REF
68719489958,111669150831,REF
68719489959,94489284414,REF
68719489960,111669150831,REF
68719489961,94489284414,REF
68719489962,111669150831,REF
68719489963,94489284414,REF
68719489964,111669150831,REF
68719489965,94489284414,REF
68719489966,111669150831,REF
68719489967,94489284414,REF
68719489968,94489284414,REF
68719489969,94489284415,REF
68719489970,111669150831,REF
68719489971,94489284415,REF
68719489972,111669150831,REF
68719489973,94489284415,REF
68719489974,111669150831,REF
68719489975,94489284415,REF
68719489976,111669150831,REF
68719489977,94489284415,REF
68719489978,111669150831,REF
68719489979,94489284415,REF
68719489980,94489284415,REF
68719489981,94489284416,REF
68719489982,94489284412,REF
68719489983,94489284413,REF
68719489984,94489284414,REF
68719489985,94489284415,REF
68719489986,94489284448,REF
68719489987,94489284448,REF
68719489988,94489284416,REF
68719489989,94489284418,REF
68719489990,111669150833,REF
68719489991,94489284418,REF
68719489992,111669150833,REF
68719489993,94489284418,REF
68719489994,111669150833,REF
68719489995,94489284418,REF
68719489996,111669150833,REF
68719489997,94489284418,REF
68719489998,111669150833,REF
68719489999,94489284418,REF
68719490000,94489284418,REF
68719490001,94489284419,REF
68719490002,111669150833,REF
68719490003,94489284419,REF
68719490004,111669150833,REF
68719490005,94489284419,REF
68719490006,111669150833,REF
68719490007,94489284419,REF
68719490008,111669150833,REF
68719490009,94489284419,REF
68719490010,111669150833,REF
68719490011,94489284419,REF
68719490012,94489284419,REF
68719490013,94489284420,REF
68719490014,111669150833,REF
68719490015,94489284420,REF
68719490016,111669150833,REF
68719490017,94489284420,REF
68719490018,111669150833,REF
68719490019,94489284420,REF
68719490020,111669150833,REF
68719490021,94489284420,REF
68719490022,111669150833,REF
68719490023,94489284420,REF
68719490024,94489284420,REF
68719490025,94489284421,REF
68719490026,111669150833,REF
68719490027,94489284421,REF
68719490028,111669150833,REF
68719490029,94489284421,REF
68719490030,111669150833,REF
68719490031,94489284421,REF
68719490032,111669150833,REF
68719490033,94489284421,REF
68719490034,111669150833,REF
68719490035,94489284421,REF
68719490036,94489284421,REF
68719490037,94489284422,REF
68719490038,94489284418,REF
68719490039,94489284419,REF
68719490040,94489284420,REF
68719490041,94489284421,REF
68719490042,94489284447,REF
68719490043,94489284447,REF
68719490044,94489284422,REF
68719490045,94489284424,REF
68719490046,111669150835,REF
68719490047,94489284424,REF
68719490048,111669150835,REF
68719490049,94489284424,REF
68719490050,111669150835,REF
68719490051,94489284424,REF
68719490052,111669150835,REF
68719490053,94489284424,REF
68719490054,111669150835,REF
68719490055,94489284424,REF
68719490056,94489284424,REF
68719490057,94489284425,REF
68719490058,111669150835,REF
68719490059,94489284425,REF
68719490060,111669150835,REF
68719490061,94489284425,REF
68719490062,111669150835,REF
68719490063,94489284425,REF
68719490064,111669150835,REF
68719490065,94489284425,REF
68719490066,111669150835,REF
68719490067,94489284425,REF
68719490068,94489284425,REF
68719490069,94489284426,REF
68719490070,111669150835,REF
68719490071,94489284426,REF
68719490072,111669150835,REF
68719490073,94489284426,REF
68719490074,111669150835,REF
68719490075,94489284426,REF
68719490076,111669150835,REF
68719490077,94489284426,REF
68719490078,111669150835,REF
68719490079,94489284426,REF
68719490080,94489284426,REF
68719490081,94489284427,REF
68719490082,94489284424,REF
68719490083,94489284425,REF
68719490084,94489284426,REF
68719490085,94489284446,REF
68719490086,94489284446,REF
68719490087,94489284427,REF
68719490088,94489284429,REF
68719490089,111669150837,REF
68719490090,94489284429,REF
68719490091,111669150837,REF
68719490092,94489284429,REF
68719490093,111669150837,REF
68719490094,94489284429,REF
68719490095,111669150837,REF
68719490096,94489284429,REF
68719490097,111669150837,REF
68719490098,94489284429,REF
68719490099,94489284429,REF
68719490100,94489284430,REF
68719490101,111669150837,REF
68719490102,94489284430,REF
68719490103,111669150837,REF
68719490104,94489284430,REF
68719490105,111669150837,REF
68719490106,94489284430,REF
68719490107,111669150837,REF
68719490108,94489284430,REF
68719490109,111669150837,REF
68719490110,94489284430,REF
68719490111,94489284430,REF
68719490112,94489284431,REF
68719490113,94489284429,REF
68719490114,94489284430,REF
68719490115,94489284445,REF
68719490116,94489284445,REF
68719490117,94489284431,REF
68719490118,94489284433,REF
68719490119,111669150839,REF
68719490120,94489284433,REF
68719490121,111669150839,REF
68719490122,94489284433,REF
68719490123,111669150839,REF
68719490124,94489284433,REF
68719490125,111669150839,REF
68719490126,94489284433,REF
68719490127,111669150839,REF
68719490128,94489284433,REF
68719490129,94489284433,REF
68719490130,94489284434,REF
68719490131,111669150839,REF
68719490132,94489284434,REF
68719490133,111669150839,REF
68719490134,94489284434,REF
68719490135,111669150839,REF
68719490136,94489284434,REF
68719490137,111669150839,REF
68719490138,94489284434,REF
68719490139,111669150839,REF
68719490140,94489284434,REF
68719490141,94489284434,REF
68719490142,94489284435,REF
68719490143,111669150839,REF
68719490144,94489284435,REF
68719490145,111669150839,REF
68719490146,94489284435,REF
68719490147,111669150839,REF
68719490148,94489284435,REF
68719490149,111669150839,REF
68719490150,94489284435,REF
68719490151,111669150839,REF
68719490152,94489284435,REF
68719490153,94489284435,REF
68719490154,94489284436,REF
68719490155,111669150839,REF
68719490156,94489284436,REF
68719490157,111669150839,REF
68719490158,94489284436,REF
68719490159,111669150839,REF
68719490160,94489284436,REF
68719490161,111669150839,REF
68719490162,94489284436,REF
68719490163,111669150839,REF
68719490164,94489284436,REF
68719490165,94489284436,REF
68719490166,94489284437,REF
68719490167,94489284433,REF
68719490168,94489284434,REF
68719490169,94489284435,REF
68719490170,94489284436,REF
68719490171,94489284444,REF
68719490172,94489284444,REF
68719490173,94489284437,REF
68719490174,94489284439,REF
68719490175,111669150841,REF
68719490176,94489284439,REF
68719490177,111669150841,REF
68719490178,94489284439,REF
68719490179,111669150841,REF
68719490180,94489284439,REF
68719490181,111669150841,REF
68719490182,94489284439,REF
68719490183,111669150841,REF
68719490184,94489284439,REF
68719490185,94489284439,REF
68719490186,94489284440,REF
68719490187,111669150841,REF
68719490188,94489284440,REF
68719490189,111669150841,REF
68719490190,94489284440,REF
68719490191,111669150841,REF
68719490192,94489284440,REF
68719490193,111669150841,REF
68719490194,94489284440,REF
68719490195,111669150841,REF
68719490196,94489284440,REF
68719490197,94489284440,REF
68719490198,94489284441,REF
68719490199,111669150841,REF
68719490200,94489284441,REF
68719490201,111669150841,REF
68719490202,94489284441,REF
68719490203,111669150841,REF
68719490204,94489284441,REF
68719490205,111669150841,REF
68719490206,94489284441,REF
68719490207,111669150841,REF
68719490208,94489284441,REF
68719490209,94489284441,REF
68719490210,94489284442,REF
68719490211,94489284439,REF
68719490212,94489284440,REF
68719490213,94489284441,REF
68719490214,94489284443,REF
68719490215,94489284443,REF
68719490216,94489284442,REF
68719490217,94489284411,REF
68719490219,94489284411,REF
68719490220,94489284417,REF
68719490222,94489284417,REF
68719490223,94489284423,REF
68719490225,94489284423,REF
68719490226,94489284428,REF
68719490228,94489284428,REF
68719490229,94489284432,REF
68719490231,94489284432,REF
68719490232,94489284438,REF
68719490234,94489284438,REF
120259084288,107374182408,REF
120259084289,107374182409,REF
120259084290,107374182401,REF
120259084291,107374182403,REF
120259084292,107374182404,REF
120259084293,107374182405,REF
120259084294,107374182406,REF
120259084295,107374182407,REF
120259084296,107374182410,REF
120259084297,107374182402,REF
120259084298,107374182412,REF
120259084299,107374182413,REF
120259084300,107374182414,REF
120259084301,107374182416,REF
120259084302,107374182417,REF
120259084303,107374182418,REF
120259084304,107374182419,REF
120259084305,107374182420,REF
120259084306,107374182421,REF
120259084307,107374182422,REF
120259084308,107374182423,REF
120259084309,107374182424,REF
120259084310,107374182425,REF
120259084311,107374182426,REF
120259084312,107374182427,REF
120259084313,107374182428,REF
120259084314,107374182429,REF
120259084315,107374182430,REF
120259084316,107374182431,REF
120259084317,107374182432,REF
120259084318,107374182435,REF
120259084319,107374182438,REF
120259084320,107374182434,REF
120259084321,107374182437,REF
120259084322,107374182439,REF
120259084323,107374182436,REF
120259084324,107374182440,REF
120259084325,107374182442,REF
120259084326,107374182443,REF
120259084327,107374182444,REF
120259084328,107374182445,REF
120259084329,107374182447,REF
120259084330,107374182448,REF
120259084331,107374182450,REF
120259084332,107374182451,REF
120259084333,107374182452,REF
120259084334,107374182453,REF
120259084335,107374182465,REF
120259084336,107374182470,REF
120259084337,107374182472,REF
120259084338,107374182474,REF
120259084339,107374182476,REF
120259084340,107374182477,REF
120259084341,107374182478,REF
120259084342,107374182455,REF
120259084343,107374182457,REF
120259084344,107374182458,REF
120259084345,107374182459,REF
120259084346,107374182460,REF
120259084347,107374182461,REF
120259084348,107374182462,REF
120259084349,107374182463,REF
120259084350,107374182464,REF
120259084351,107374182466,REF
120259084352,107374182467,REF
120259084353,107374182468,REF
120259084354,107374182469,REF
120259084355,107374182471,REF
120259084356,107374182473,REF
120259084357,107374182475,REF
120259084358,107374182456,REF
120259084359,107374182480,REF
120259084360,107374182481,REF
120259084361,107374182482,REF
120259084362,107374182484,REF
120259084363,107374182485,REF
120259084364,107374182486,REF
120259084365,107374182488,REF
120259084366,107374182489,REF
120259084367,107374182490,REF
120259084368,107374182492,REF
120259084369,107374182494,REF
120259084370,107374182496,REF
120259084371,107374182497,REF
120259084372,107374182498,REF
120259084373,107374182499,REF
120259084374,107374182501,REF
120259084375,107374182513,REF
120259084376,107374182503,REF
120259084377,107374182504,REF
120259084378,107374182505,REF
120259084379,107374182506,REF
120259084380,107374182507,REF
120259084381,107374182508,REF
120259084382,107374182509,REF
120259084383,107374182510,REF
120259084384,107374182511,REF
120259084385,107374182512,REF
120259084386,107374182514,REF
120259084387,107374182515,REF
120259084388,107374182516,REF
120259084389,107374182517,REF
120259084390,107374182518,REF
120259084391,107374182519,REF
120259084392,107374182520,REF
120259084393,107374182521,REF
120259084394,107374182522,REF
120259084395,107374182523,REF
120259084396,107374182524,REF
120259084397,107374182525,REF
120259084398,107374182526,REF
120259084399,107374182527,REF
120259084400,107374182528,REF
120259084401,107374182532,REF
120259084402,107374182530,REF
120259084403,107374182531,REF
120259084404,107374182533,REF
120259084405,107374182535,REF
120259084406,107374182538,REF
120259084407,107374182539,REF
120259084408,107374182542,REF
120259084409,107374182543,REF
120259084410,107374182547,REF
120259084411,107374182553,REF
120259084412,107374182545,REF
120259084413,107374182558,REF
120259084414,107374182564,REF
120259084415,107374182561,REF
120259084416,107374182563,REF
120259084417,107374182565,REF
120259084418,107374182571,REF
120259084419,107374182567,REF
120259084420,107374182575,REF
120259084421,107374182577,REF
120259084422,107374182579,REF
120259084423,107374182581,REF
120259084424,107374182583,REF
120259084425,107374182574,REF
120259084426,107374182585,REF
120259084427,107374182593,REF
120259084428,107374182597,REF
120259084429,107374182599,REF
120259084430,107374182600,REF
120259084431,107374182601,REF
120259084432,107374182602,REF
120259084433,107374182603,REF
120259084434,107374182604,REF
120259084435,107374182605,REF
120259084436,107374182606,REF
120259084437,107374182607,REF
120259084438,107374182608,REF
120259084439,107374182609,REF
120259084440,107374182610,REF
120259084441,107374182611,REF
120259084442,107374182616,REF
120259084443,107374182618,REF
120259084444,107374182619,REF
120259084445,107374182620,REF
120259084446,107374182621,REF
120259084447,107374182622,REF
120259084448,107374182623,REF
120259084449,107374182624,REF
120259084450,107374182625,REF
120259084451,107374182626,REF
120259084452,107374182627,REF
120259084453,107374182628,REF
120259084454,107374182629,REF
120259084455,107374182630,REF
120259084456,107374182631,REF
120259084457,107374182632,REF
120259084458,107374182633,REF
120259084459,107374182634,REF
120259084460,107374182635,REF
120259084461,107374182636,REF
120259084462,107374182637,REF
120259084463,107374182613,REF
120259084464,107374182617,REF
120259084465,107374182641,REF
120259084466,107374182640,REF
120259084467,107374182642,REF
120259084468,107374182643,REF
120259084469,107374182644,REF
120259084470,107374182645,REF
120259084471,107374182647,REF
120259084472,107374182649,REF
120259084473,107374182650,REF
120259084474,107374182648,REF
120259084475,107374182652,REF
120259084476,107374182654,REF
120259084477,107374182655,REF
120259084478,107374182656,REF
120259084479,107374182657,REF
120259084480,107374182658,REF
120259084481,107374182659,REF
120259084482,107374182660,REF
120259084483,107374182661,REF
120259084484,107374182653,REF
120259084485,107374182671,REF
120259084486,107374182663,REF
120259084487,107374182665,REF
120259084488,107374182666,REF
120259084489,107374182667,REF
120259084490,107374182668,REF
120259084491,107374182669,REF
120259084492,107374182670,REF
120259084493,107374182672,REF
120259084494,107374182664,REF
120259084495,107374182676,REF
120259084496,107374182674,REF
120259084497,107374182677,REF
120259084498,107374182675,REF
120259084499,107374182679,REF
120259084500,107374182681,REF
120259084501,107374182680,REF
120259084502,107374182683,REF
120259084503,107374182685,REF
120259084504,107374182684,REF
120259084505,107374182687,REF
120259084506,107374182689,REF
120259084507,107374182690,REF
120259084508,107374182688,REF
120259084509,107374182692,REF
120259084510,107374182693,REF
120259084511,107374182694,REF
120259084512,107374182696,REF
120259084513,107374182698,REF
120259084514,107374182697,REF
120259084515,107374182703,REF
120259084516,107374182707,REF
120259084517,107374182709,REF
120259084518,107374182711,REF
120259084519,107374182712,REF
120259084520,107374182713,REF
120259084521,107374182720,REF
120259084522,107374182722,REF
120259084523,107374182701,REF
120259084524,107374182724,REF
120259084525,107374182737,REF
120259084526,107374182739,REF
120259084527,107374182734,REF
120259084528,107374182743,REF
120259084529,107374182745,REF
120259084530,107374182746,REF
120259084531,107374182742,REF
120259084532,107374182748,REF
120259084533,107374182755,REF
120259084534,107374182753,REF
120259084535,107374182760,REF
120259084536,107374182764,REF
120259084537,107374182758,REF
120259084538,107374182773,REF
120259084539,107374182786,REF
120259084540,107374182788,REF
120259084541,107374182789,REF
120259084542,107374182783,REF
120259084543,107374182801,REF
120259084544,107374182795,REF
120259084545,107374182797,REF
120259084546,107374182798,REF
120259084547,107374182799,REF
120259084548,107374182800,REF
120259084549,107374182802,REF
120259084550,107374182796,REF
120259084551,107374182804,REF
120259084552,107374182806,REF
120259084553,107374182807,REF
120259084554,107374182805,REF
120259084555,107374182813,REF
120259084556,107374182810,REF
120259084557,107374182812,REF
120259084558,107374182814,REF
120259084559,107374182815,REF
120259084560,107374182816,REF
120259084561,107374182817,REF
120259084562,107374182811,REF
120259084563,107374182819,REF
120259084564,107374182822,REF
120259084565,107374182824,REF
120259084566,107374182820,REF
120259084567,107374182823,REF
120259084568,107374182821,REF
120259084569,107374182829,REF
120259084570,107374182827,REF
120259084571,107374182830,REF
120259084572,107374182828,REF
120259084573,107374182832,REF
120259084574,107374182841,REF
120259084575,107374182842,REF
120259084576,107374182839,REF
120259084577,107374182845,REF
120259084578,107374182854,REF
120259084579,107374182858,REF
120259084580,107374182866,REF
120259084581,107374182867,REF
120259084582,107374182864,REF
120259084583,107374182870,REF
120259084584,107374182878,REF
120259084585,107374182882,REF
120259084586,107374182889,REF
120259084587,107374182890,REF
120259084588,107374182887,REF
120259084589,107374182893,REF
120259084590,107374182901,REF
120259084591,107374182905,REF
120259084592,107374182907,REF
120259084593,107374182908,REF
120259084594,107374182906,REF
120259084595,107374182909,REF
120259084596,107374182914,REF
120259084597,107374182912,REF
120259084598,107374182980,REF
120259084599,107374182982,REF
120259084600,107374182983,REF
120259084601,107374182984,REF
120259084602,107374182985,REF
120259084603,107374182986,REF
137438953472,133143986176,REF
137438953473,133143986176,REF
137438953474,133143986176,REF
137438953475,133143986176,REF
137438953476,133143986176,REF
137438953477,133143986176,REF
137438953478,133143986176,REF
137438953479,133143986176,REF
137438953480,133143986176,REF
137438953481,133143986176,REF
137438953482,133143986176,REF
137438953483,133143986176,REF
137438953484,133143986176,REF
137438953485,133143986176,REF
137438953486,133143986176,REF
137438953487,133143986176,REF
137438953488,133143986176,REF
137438953489,133143986176,REF
137438953490,133143986176,REF
137438953491,133143986176,REF
137438953492,133143986176,REF
137438953493,133143986176,REF
137438953494,133143986176,REF
137438953495,133143986176,REF
137438953496,133143986176,REF
137438953497,133143986176,REF
137438953498,133143986176,REF
137438953499,133143986176,REF
137438953500,133143986176,REF
137438953501,133143986176,REF
137438953502,133143986176,REF
137438953503,133143986176,REF
137438953504,133143986176,REF
137438953505,133143986176,REF
137438953506,133143986176,REF
137438953507,133143986176,REF
137438953508,133143986176,REF
137438953509,133143986176,REF
137438953510,133143986176,REF
137438953511,133143986176,REF
137438953512,133143986176,REF
137438953513,133143986176,REF
137438953514,133143986176,REF
137438953515,133143986176,REF
137438953516,133143986176,REF
137438953517,133143986176,REF
137438953518,133143986176,REF
137438953519,133143986176,REF
137438953520,133143986176,REF
137438953521,133143986176,REF
137438953522,133143986176,REF
137438953523,133143986176,REF
137438953524,133143986176,REF
137438953525,133143986176,REF
137438953526,133143986176,REF
137438953527,133143986176,REF
137438953528,133143986176,REF
137438953529,133143986176,REF
137438953530,133143986176,REF
137438953531,133143986176,REF
137438953532,133143986176,REF
137438953533,133143986176,REF
137438953534,133143986176,REF
137438953535,133143986176,REF
137438953536,133143986176,REF
137438953537,133143986176,REF
137438953538,133143986176,REF
137438953539,133143986176,REF
137438953540,133143986176,REF
137438953541,133143986176,REF
137438953542,133143986176,REF
137438953543,133143986176,REF
137438953544,133143986176,REF
137438953545,133143986176,REF
137438953546,133143986176,REF
137438953547,133143986176,REF
137438953548,133143986176,REF
137438953549,133143986176,REF
137438953550,133143986176,REF
137438953551,133143986176,REF
137438953552,133143986176,REF
137438953553,133143986176,REF
158913789952,167503725280,REF
158913789953,167503725281,REF
158913789954,167503725282,REF
158913789955,167503725283,REF
158913789956,167503725284,REF
158913789957,167503725285,REF
158913789958,167503725286,REF
158913789959,167503725287,REF
158913789960,167503725288,REF
158913789961,167503725289,REF
158913789962,167503725290,REF
158913789963,167503725291,REF
158913789964,167503725292,REF
158913789965,167503725293,REF
158913789966,167503725294,REF
158913789967,167503725295,REF
158913789968,167503725296,REF
158913789969,167503725297,REF
158913789970,167503725298,REF
158913789971,167503725299,REF
158913789972,167503725300,REF
158913789973,167503725301,REF
158913789974,167503725302,REF
158913789975,167503725303,REF
158913789976,167503725304,REF
158913789977,167503725305,REF
158913789978,167503725306,REF
158913789979,167503725307,REF
158913789980,167503725308,REF
158913789981,167503725309,REF
158913789982,167503725310,REF
158913789983,167503725311,REF
158913789984,167503725312,REF
158913789985,167503725313,REF
158913789986,167503725314,REF
158913789987,167503725315,REF
158913789988,167503725316,REF
158913789989,167503725317,REF
158913789990,167503725318,REF
158913789991,167503725319,REF
158913789992,167503725320,REF
158913789993,167503725321,REF
158913789994,167503725322,REF
158913789995,167503725323,REF
158913789996,167503725324,REF
158913789997,167503725325,REF
158913789998,167503725326,REF
158913789999,167503725327,REF
158913790000,167503725328,REF
158913790001,167503725329,REF
158913790002,167503725330,REF
158913790003,167503725331,REF
158913790004,167503725332,REF
158913790005,167503725333,REF
158913790006,167503725334,REF
158913790007,167503725335,REF
158913790008,167503725336,REF
158913790009,167503725337,REF
158913790010,167503725338,REF
158913790011,167503725339,REF
158913790012,167503725340,REF
158913790013,167503725341,REF
158913790014,167503725342,REF
158913790015,167503725343,REF
158913790016,167503725344,REF
158913790017,167503725345,REF
158913790018,167503725346,REF
158913790019,167503725347,REF
158913790020,167503725348,REF
158913790021,167503725349,REF
158913790022,167503725350,REF
158913790023,167503725351,REF
158913790024,167503725352,REF
158913790025,167503725353,REF
158913790026,167503725354,REF
158913790027,167503725355,REF
158913790028,167503725356,REF
158913790029,167503725357,REF
158913790030,167503725358,REF
158913790031,167503725359,REF
158913790032,167503725360,REF
158913790033,167503725361,REF
158913790034,167503725362,REF
158913790035,167503725363,REF
158913790036,167503725364,REF
158913790037,167503725365,REF
158913790038,167503725366,REF
158913790039,167503725367,REF
158913790040,167503725368,REF
158913790041,167503725369,REF
158913790042,167503725370,REF
158913790043,167503725371,REF
158913790044,167503725372,REF
158913790045,167503725373,REF
158913790046,167503725374,REF
158913790047,167503725375,REF
158913790048,167503725376,REF
158913790049,167503725377,REF
158913790050,167503725378,REF
158913790051,167503725379,REF
158913790052,167503725380,REF
158913790053,167503725381,REF
158913790054,167503725382,REF
158913790055,167503725383,REF
158913790056,167503725384,REF
158913790057,167503725385,REF
158913790058,167503725386,REF
158913790059,167503725387,REF
158913790060,167503725388,REF
158913790061,167503725389,REF
158913790062,167503725390,REF
158913790063,167503725391,REF
158913790064,167503725392,REF
158913790065,167503725393,REF
158913790066,167503725394,REF
158913790067,167503725395,REF
158913790068,167503725396,REF
158913790069,167503725397,REF
158913790070,167503725398,REF
158913790071,167503725399,REF
158913790072,167503725400,REF
158913790073,167503725401,REF
158913790074,167503725402,REF
158913790075,167503725403,REF
158913790076,167503725404,REF
158913790077,167503725405,REF
158913790078,167503725406,REF
158913790079,167503725407,REF
158913790080,167503725408,REF
158913790081,167503725409,REF
158913790082,167503725410,REF
158913790083,167503725411,REF
158913790084,167503725412,REF
158913790085,167503725413,REF
158913790086,167503725414,REF
158913790087,167503725415,REF
158913790088,167503725416,REF
158913790089,167503725417,REF
158913790090,167503725418,REF
158913790091,167503725419,REF
158913790092,167503725420,REF
158913790093,167503725421,REF
158913790094,167503725422,REF
158913790095,167503725423,REF
158913790096,167503725424,REF
158913790097,167503725425,REF
158913790098,167503725426,REF
158913790099,167503725427,REF
158913790100,167503725428,REF
158913790101,167503725429,REF
158913790102,167503725430,REF
158913790103,167503725431,REF
158913790104,167503725432,REF
158913790105,167503725433,REF
158913790106,167503725434,REF
158913790107,167503725435,REF
158913790108,167503725436,REF
158913790109,167503725437,REF
158913790110,167503725438,REF
158913790111,167503725439,REF
158913790112,167503725440,REF
158913790113,167503725441,REF
158913790114,167503725442,REF
158913790115,167503725443,REF
158913790116,167503725444,REF
158913790117,167503725445,REF
158913790118,167503725446,REF
158913790119,167503725447,REF
158913790120,167503725448,REF
158913790121,167503725449,REF
158913790122,167503725450,REF
158913790123,167503725451,REF
158913790124,167503725452,REF
158913790125,167503725453,REF
158913790126,167503725454,REF
158913790127,167503725455,REF
158913790128,167503725456,REF
158913790129,167503725457,REF
158913790130,167503725458,REF
158913790131,167503725459,REF
158913790132,167503725460,REF
158913790133,167503725461,REF
158913790134,167503725462,REF
158913790135,167503725463,REF
158913790136,167503725464,REF
158913790137,167503725465,REF
158913790138,167503725466,REF
158913790139,167503725467,REF
158913790140,167503725468,REF
158913790141,167503725469,REF
158913790142,167503725470,REF
158913790143,167503725471,REF
158913790144,167503725472,REF
158913790145,167503725473,REF
158913790146,167503725474,REF
158913790147,167503725475,REF
158913790148,167503725476,REF
158913790149,167503725477,REF
158913790150,167503725478,REF
158913790151,167503725479,REF
158913790152,167503725480,REF
158913790153,167503725481,REF
158913790154,167503725482,REF
158913790155,167503725483,REF
158913790156,167503725484,REF
158913790157,167503725485,REF
158913790158,167503725486,REF
158913790159,167503725487,REF
158913790160,167503725488,REF
158913790161,167503725489,REF
158913790162,167503725490,REF
158913790163,167503725491,REF
158913790164,167503725492,REF
158913790165,167503725493,REF
158913790166,167503725494,REF
158913790167,167503725495,REF
158913790168,167503724555,REF
158913790169,167503724544,REF
158913790170,167503724554,REF
158913790171,167503724545,REF
158913790172,167503724546,REF
158913790173,167503724547,REF
158913790174,167503724548,REF
158913790175,167503724549,REF
158913790176,167503724550,REF
158913790177,167503724553,REF
158913790178,167503724552,REF
158913790179,167503724551,REF
158913790180,167503724559,REF
158913790181,167503724556,REF
158913790182,167503724557,REF
158913790183,167503724558,REF
158913790184,167503724577,REF
158913790185,167503724560,REF
158913790186,167503724561,REF
158913790187,167503724570,REF
158913790188,167503724571,REF
158913790189,167503724572,REF
158913790190,167503724573,REF
158913790191,167503724574,REF
158913790192,167503724575,REF
158913790193,167503724576,REF
158913790194,167503724562,REF
158913790195,167503724563,REF
158913790196,167503724564,REF
158913790197,167503724565,REF
158913790198,167503724566,REF
158913790199,167503724567,REF
158913790200,167503724568,REF
158913790201,167503724569,REF
158913790202,167503724589,REF
158913790203,167503724587,REF
158913790204,167503724581,REF
158913790205,167503724579,REF
158913790206,167503724578,REF
158913790207,167503724580,REF
158913790208,167503724585,REF
158913790209,167503724583,REF
158913790210,167503724582,REF
158913790211,167503724584,REF
158913790212,167503724586,REF
158913790213,167503724588,REF
158913790214,167503724594,REF
158913790215,167503724590,REF
158913790216,167503724591,REF
158913790217,167503724592,REF
158913790218,167503724593,REF
158913790219,167503724597,REF
158913790220,167503724595,REF
158913790221,167503724596,REF
158913790222,167503724602,REF
158913790223,167503724598,REF
158913790224,167503724599,REF
158913790225,167503724600,REF
158913790226,167503724601,REF
158913790227,167503724628,REF
158913790228,167503724603,REF
158913790229,167503724627,REF
158913790230,167503724604,REF
158913790231,167503724605,REF
158913790232,167503724615,REF
158913790233,167503724616,REF
158913790234,167503724617,REF
158913790235,167503724619,REF
158913790236,167503724618,REF
158913790237,167503724621,REF
158913790238,167503724620,REF
158913790239,167503724626,REF
158913790240,167503724622,REF
158913790241,167503724623,REF
158913790242,167503724624,REF
158913790243,167503724625,REF
158913790244,167503724606,REF
158913790245,167503724607,REF
158913790246,167503724608,REF
158913790247,167503724609,REF
158913790248,167503724610,REF
158913790249,167503724611,REF
158913790250,167503724612,REF
158913790251,167503724614,REF
158913790252,167503724613,REF
158913790253,167503724632,REF
158913790254,167503724629,REF
158913790255,167503724630,REF
158913790256,167503724631,REF
158913790257,167503724636,REF
158913790258,167503724633,REF
158913790259,167503724634,REF
158913790260,167503724635,REF
158913790261,167503724640,REF
158913790262,167503724637,REF
158913790263,167503724638,REF
158913790264,167503724639,REF
158913790265,167503724642,REF
158913790266,167503724641,REF
158913790267,167503724644,REF
158913790268,167503724643,REF
158913790269,167503724649,REF
158913790270,167503724646,REF
158913790271,167503724645,REF
158913790272,167503724647,REF
158913790273,167503724648,REF
158913790274,167503724651,REF
158913790275,167503724650,REF
158913790276,167503724682,REF
158913790277,167503724652,REF
158913790278,167503724655,REF
158913790279,167503724665,REF
158913790280,167503724664,REF
158913790281,167503724668,REF
158913790282,167503724667,REF
158913790283,167503724666,REF
158913790284,167503724669,REF
158913790285,167503724670,REF
158913790286,167503724671,REF
158913790287,167503724672,REF
158913790288,167503724673,REF
158913790289,167503724674,REF
158913790290,167503724675,REF
158913790291,167503724654,REF
158913790292,167503724653,REF
158913790293,167503724656,REF
158913790294,167503724676,REF
158913790295,167503724677,REF
158913790296,167503724678,REF
158913790297,167503724679,REF
158913790298,167503724680,REF
158913790299,167503724681,REF
158913790300,167503724657,REF
158913790301,167503724658,REF
158913790302,167503724659,REF
158913790303,167503724660,REF
158913790304,167503724661,REF
158913790305,167503724662,REF
158913790306,167503724663,REF
158913790307,167503725496,REF
158913790308,167503724687,REF
158913790309,167503724683,REF
158913790310,167503724684,REF
158913790311,167503724686,REF
158913790312,167503724685,REF
158913790313,167503724689,REF
158913790314,167503724688,REF
158913790315,167503725497,REF
158913790316,167503724690,REF
158913790317,167503724693,REF
158913790318,167503724691,REF
158913790319,167503724692,REF
158913790320,167503724694,REF
158913790321,167503724697,REF
158913790322,167503724696,REF
158913790323,167503724695,REF
158913790324,167503724715,REF
158913790325,167503724698,REF
158913790326,167503724699,REF
158913790327,167503724710,REF
158913790328,167503724709,REF
158913790329,167503724708,REF
158913790330,167503724706,REF
158913790331,167503724705,REF
158913790332,167503724704,REF
158913790333,167503724707,REF
158913790334,167503724712,REF
158913790335,167503724711,REF
158913790336,167503724703,REF
158913790337,167503724713,REF
158913790338,167503724702,REF
158913790339,167503724701,REF
158913790340,167503724700,REF
158913790341,167503724714,REF
158913790342,167503724720,REF
158913790343,167503724716,REF
158913790344,167503724717,REF
158913790345,167503724719,REF
158913790346,167503724718,REF
158913790347,167503724725,REF
158913790348,167503724721,REF
158913790349,167503724722,REF
158913790350,167503724724,REF
158913790351,167503724723,REF
158913790352,167503724735,REF
158913790353,167503724726,REF
158913790354,167503724727,REF
158913790355,167503724732,REF
158913790356,167503724731,REF
158913790357,167503724730,REF
158913790358,167503724729,REF
158913790359,167503724734,REF
158913790360,167503724733,REF
158913790361,167503724728,REF
158913790362,167503724747,REF
158913790363,167503724736,REF
158913790364,167503724737,REF
158913790365,167503724741,REF
158913790366,167503724740,REF
158913790367,167503724746,REF
158913790368,167503724744,REF
158913790369,167503724745,REF
158913790370,167503724743,REF
158913790371,167503724742,REF
158913790372,167503724739,REF
158913790373,167503724738,REF
158913790374,167503724756,REF
158913790375,167503724748,REF
158913790376,167503724749,REF
158913790377,167503724755,REF
158913790378,167503724753,REF
158913790379,167503724752,REF
158913790380,167503724754,REF
158913790381,167503724751,REF
158913790382,167503724750,REF
158913790383,167503724761,REF
158913790384,167503724757,REF
158913790385,167503724758,REF
158913790386,167503724760,REF
158913790387,167503724759,REF
158913790388,167503724763,REF
158913790389,167503724762,REF
158913790390,167503724777,REF
158913790391,167503724764,REF
158913790392,167503724765,REF
158913790393,167503724774,REF
158913790394,167503724775,REF
158913790395,167503724776,REF
158913790396,167503724766,REF
158913790397,167503724767,REF
158913790398,167503724768,REF
158913790399,167503724769,REF
158913790400,167503724770,REF
158913790401,167503724771,REF
158913790402,167503724772,REF
158913790403,167503724773,REF
158913790404,167503724805,REF
158913790405,167503724804,REF
158913790406,167503724783,REF
158913790407,167503724792,REF
158913790408,167503724793,REF
158913790409,167503724794,REF
158913790410,167503724795,REF
158913790411,167503724796,REF
158913790412,167503724797,REF
158913790413,167503724798,REF
158913790414,167503724799,REF
158913790415,167503724800,REF
158913790416,167503724801,REF
158913790417,167503724784,REF
158913790418,167503724802,REF
158913790419,167503724803,REF
158913790420,167503724785,REF
158913790421,167503724786,REF
158913790422,167503724787,REF
158913790423,167503724788,REF
158913790424,167503724789,REF
158913790425,167503724790,REF
158913790426,167503724791,REF
158913790427,167503724780,REF
158913790428,167503724779,REF
158913790429,167503724782,REF
158913790430,167503724781,REF
158913790431,167503724778,REF
158913790432,167503724814,REF
158913790433,167503724808,REF
158913790434,167503724810,REF
158913790435,167503724809,REF
158913790436,167503724811,REF
158913790437,167503724812,REF
158913790438,167503724813,REF
158913790439,167503724807,REF
158913790440,167503724806,REF
158913790441,167503724820,REF
158913790442,167503724815,REF
158913790443,167503724819,REF
158913790444,167503724816,REF
158913790445,167503724817,REF
158913790446,167503724818,REF
158913790447,167503724832,REF
158913790448,167503724821,REF
158913790449,167503724831,REF
158913790450,167503724822,REF
158913790451,167503724823,REF
158913790452,167503724824,REF
158913790453,167503724825,REF
158913790454,167503724826,REF
158913790455,167503724827,REF
158913790456,167503724828,REF
158913790457,167503724829,REF
158913790458,167503724830,REF
158913790459,167503724844,REF
158913790460,167503724833,REF
158913790461,167503724843,REF
158913790462,167503724834,REF
158913790463,167503724835,REF
158913790464,167503724836,REF
158913790465,167503724837,REF
158913790466,167503724838,REF
158913790467,167503724839,REF
158913790468,167503724840,REF
158913790469,167503724842,REF
158913790470,167503724841,REF
158913790471,167503724850,REF
158913790472,167503724845,REF
158913790473,167503724849,REF
158913790474,167503724846,REF
158913790475,167503724848,REF
158913790476,167503724847,REF
158913790477,167503724855,REF
158913790478,167503724851,REF
158913790479,167503724854,REF
158913790480,167503724852,REF
158913790481,167503724853,REF
158913790482,167503724860,REF
158913790483,167503724856,REF
158913790484,167503724859,REF
158913790485,167503724857,REF
158913790486,167503724858,REF
158913790487,167503724866,REF
158913790488,167503724861,REF
158913790489,167503724865,REF
158913790490,167503724862,REF
158913790491,167503724863,REF
158913790492,167503724864,REF
158913790493,167503724871,REF
158913790494,167503724867,REF
158913790495,167503724870,REF
158913790496,167503724869,REF
158913790497,167503724868,REF
158913790498,167503724876,REF
158913790499,167503724872,REF
158913790500,167503724875,REF
158913790501,167503724873,REF
158913790502,167503724874,REF
158913790503,167503724877,REF
158913790504,167503724905,REF
158913790505,167503724878,REF
158913790506,167503724879,REF
158913790507,167503724888,REF
158913790508,167503724901,REF
158913790509,167503724895,REF
158913790510,167503724891,REF
158913790511,167503724892,REF
158913790512,167503724893,REF
158913790513,167503724894,REF
158913790514,167503724886,REF
158913790515,167503724885,REF
158913790516,167503724896,REF
158913790517,167503724884,REF
158913790518,167503724881,REF
158913790519,167503724880,REF
158913790520,167503724883,REF
158913790521,167503724882,REF
158913790522,167503724887,REF
158913790523,167503724890,REF
158913790524,167503724889,REF
158913790525,167503724900,REF
158913790526,167503724898,REF
158913790527,167503724899,REF
158913790528,167503724897,REF
158913790529,167503724904,REF
158913790530,167503724902,REF
158913790531,167503724903,REF
158913790532,167503724916,REF
158913790533,167503724906,REF
158913790534,167503724907,REF
158913790535,167503724913,REF
158913790536,167503724915,REF
158913790537,167503724914,REF
158913790538,167503724910,REF
158913790539,167503724911,REF
158913790540,167503724912,REF
158913790541,167503724909,REF
158913790542,167503724908,REF
158913790543,167503724925,REF
158913790544,167503724917,REF
158913790545,167503724918,REF
158913790546,167503724924,REF
158913790547,167503724923,REF
158913790548,167503724922,REF
158913790549,167503724921,REF
158913790550,167503724920,REF
158913790551,167503724919,REF
158913790552,167503724932,REF
158913790553,167503724926,REF
158913790554,167503724927,REF
158913790555,167503724931,REF
158913790556,167503724928,REF
158913790557,167503724929,REF
158913790558,167503724930,REF
158913790559,167503724937,REF
158913790560,167503724933,REF
158913790561,167503724934,REF
158913790562,167503724936,REF
158913790563,167503724935,REF
158913790564,167503724945,REF
158913790565,167503724939,REF
158913790566,167503724938,REF
158913790567,167503724940,REF
158913790568,167503724941,REF
158913790569,167503724944,REF
158913790570,167503724943,REF
158913790571,167503724942,REF
158913790572,167503724967,REF
158913790573,167503724946,REF
158913790574,167503724947,REF
158913790575,167503724957,REF
158913790576,167503724961,REF
158913790577,167503724965,REF
158913790578,167503724956,REF
158913790579,167503724955,REF
158913790580,167503724954,REF
158913790581,167503724949,REF
158913790582,167503724948,REF
158913790583,167503724951,REF
158913790584,167503724950,REF
158913790585,167503724953,REF
158913790586,167503724952,REF
158913790587,167503724958,REF
158913790588,167503724960,REF
158913790589,167503724959,REF
158913790590,167503724963,REF
158913790591,167503724962,REF
158913790592,167503724964,REF
158913790593,167503724966,REF
158913790594,167503724978,REF
158913790595,167503724968,REF
158913790596,167503724969,REF
158913790597,167503724975,REF
158913790598,167503724977,REF
158913790599,167503724976,REF
158913790600,167503724972,REF
158913790601,167503724973,REF
158913790602,167503724974,REF
158913790603,167503724971,REF
158913790604,167503724970,REF
158913790605,167503724989,REF
158913790606,167503724979,REF
158913790607,167503724980,REF
158913790608,167503724988,REF
158913790609,167503724987,REF
158913790610,167503724986,REF
158913790611,167503724985,REF
158913790612,167503724983,REF
158913790613,167503724984,REF
158913790614,167503724982,REF
158913790615,167503724981,REF
158913790616,167503724990,REF
158913790617,167503725002,REF
158913790618,167503724992,REF
158913790619,167503724991,REF
158913790620,167503724993,REF
158913790621,167503725001,REF
158913790622,167503724994,REF
158913790623,167503724995,REF
158913790624,167503724996,REF
158913790625,167503724997,REF
158913790626,167503724998,REF
158913790627,167503725000,REF
158913790628,167503724999,REF
158913790629,167503725008,REF
158913790630,167503725003,REF
158913790631,167503725007,REF
158913790632,167503725004,REF
158913790633,167503725005,REF
158913790634,167503725006,REF
158913790635,167503725020,REF
158913790636,167503725011,REF
158913790637,167503725019,REF
158913790638,167503725012,REF
158913790639,167503725013,REF
158913790640,167503725015,REF
158913790641,167503725014,REF
158913790642,167503725016,REF
158913790643,167503725017,REF
158913790644,167503725018,REF
158913790645,167503725010,REF
158913790646,167503725009,REF
158913790647,167503725028,REF
158913790648,167503725021,REF
158913790649,167503725027,REF
158913790650,167503725023,REF
158913790651,167503725022,REF
158913790652,167503725026,REF
158913790653,167503725024,REF
158913790654,167503725025,REF
158913790655,167503725036,REF
158913790656,167503725030,REF
158913790657,167503725029,REF
158913790658,167503725031,REF
158913790659,167503725035,REF
158913790660,167503725032,REF
158913790661,167503725034,REF
158913790662,167503725033,REF
158913790663,167503725044,REF
158913790664,167503725037,REF
158913790665,167503725038,REF
158913790666,167503725039,REF
158913790667,167503725040,REF
158913790668,167503725042,REF
158913790669,167503725041,REF
158913790670,167503725043,REF
158913790671,167503725053,REF
158913790672,167503725045,REF
158913790673,167503725046,REF
158913790674,167503725051,REF
158913790675,167503725048,REF
158913790676,167503725047,REF
158913790677,167503725050,REF
158913790678,167503725049,REF
158913790679,167503725052,REF
158913790680,167503725063,REF
158913790681,167503725054,REF
158913790682,167503725055,REF
158913790683,167503725061,REF
158913790684,167503725060,REF
158913790685,167503725058,REF
158913790686,167503725059,REF
158913790687,167503725062,REF
158913790688,167503725057,REF
158913790689,167503725056,REF
158913790690,167503725068,REF
158913790691,167503725064,REF
158913790692,167503725065,REF
158913790693,167503725067,REF
158913790694,167503725066,REF
158913790695,167503725075,REF
158913790696,167503725069,REF
158913790697,167503725070,REF
158913790698,167503725071,REF
158913790699,167503725072,REF
158913790700,167503725074,REF
158913790701,167503725073,REF
158913790702,167503725084,REF
158913790703,167503725076,REF
158913790704,167503725077,REF
158913790705,167503725082,REF
158913790706,167503725079,REF
158913790707,167503725078,REF
158913790708,167503725081,REF
158913790709,167503725080,REF
158913790710,167503725083,REF
158913790711,167503725093,REF
158913790712,167503725085,REF
158913790713,167503725086,REF
158913790714,167503725091,REF
158913790715,167503725089,REF
158913790716,167503725090,REF
158913790717,167503725092,REF
158913790718,167503725088,REF
158913790719,167503725087,REF
158913790720,167503725098,REF
158913790721,167503725094,REF
158913790722,167503725095,REF
158913790723,167503725097,REF
158913790724,167503725096,REF
158913790725,167503725104,REF
158913790726,167503725099,REF
158913790727,167503725100,REF
158913790728,167503725101,REF
158913790729,167503725102,REF
158913790730,167503725103,REF
158913790731,167503725113,REF
158913790732,167503725105,REF
158913790733,167503725106,REF
158913790734,167503725111,REF
158913790735,167503725108,REF
158913790736,167503725107,REF
158913790737,167503725110,REF
158913790738,167503725109,REF
158913790739,167503725112,REF
158913790740,167503725122,REF
158913790741,167503725114,REF
158913790742,167503725115,REF
158913790743,167503725120,REF
158913790744,167503725118,REF
158913790745,167503725119,REF
158913790746,167503725121,REF
158913790747,167503725117,REF
158913790748,167503725116,REF
158913790749,167503725127,REF
158913790750,167503725123,REF
158913790751,167503725124,REF
158913790752,167503725126,REF
158913790753,167503725125,REF
158913790754,167503725133,REF
158913790755,167503725131,REF
158913790756,167503725129,REF
158913790757,167503725130,REF
158913790758,167503725128,REF
158913790759,167503725132,REF
158913790760,167503725141,REF
158913790761,167503725135,REF
158913790762,167503725134,REF
158913790763,167503725136,REF
158913790764,167503725137,REF
158913790765,167503725140,REF
158913790766,167503725139,REF
158913790767,167503725138,REF
158913790768,167503725498,REF
158913790769,167503725499,REF
158913790770,167503725500,REF
158913790771,167503725501,REF
158913790772,167503725502,REF
158913790773,167503725152,REF
158913790774,167503725143,REF
158913790775,167503725142,REF
158913790776,167503725147,REF
158913790777,167503725146,REF
158913790778,167503725145,REF
158913790779,167503725144,REF
158913790780,167503725151,REF
158913790781,167503725150,REF
158913790782,167503725149,REF
158913790783,167503725148,REF
158913790784,167503725171,REF
158913790785,167503725162,REF
158913790786,167503725161,REF
158913790787,167503725164,REF
158913790788,167503725163,REF
158913790789,167503725154,REF
158913790790,167503725153,REF
158913790791,167503725156,REF
158913790792,167503725155,REF
158913790793,167503725170,REF
158913790794,167503725169,REF
158913790795,167503725158,REF
158913790796,167503725157,REF
158913790797,167503725160,REF
158913790798,167503725159,REF
158913790799,167503725166,REF
158913790800,167503725165,REF
158913790801,167503725168,REF
158913790802,167503725167,REF
158913790803,167503725190,REF
158913790804,167503725181,REF
158913790805,167503725180,REF
158913790806,167503725179,REF
158913790807,167503725178,REF
158913790808,167503725183,REF
158913790809,167503725182,REF
158913790810,167503725185,REF
158913790811,167503725184,REF
158913790812,167503725187,REF
158913790813,167503725186,REF
158913790814,167503725189,REF
158913790815,167503725188,REF
158913790816,167503725175,REF
158913790817,167503725174,REF
158913790818,167503725173,REF
158913790819,167503725172,REF
158913790820,167503725177,REF
158913790821,167503725176,REF
158913790822,167503725191,REF
158913790823,167503725210,REF
158913790824,167503725199,REF
158913790825,167503725198,REF
158913790826,167503725201,REF
158913790827,167503725200,REF
158913790828,167503725197,REF
158913790829,167503725196,REF
158913790830,167503725193,REF
158913790831,167503725192,REF
158913790832,167503725203,REF
158913790833,167503725202,REF
158913790834,167503725205,REF
158913790835,167503725204,REF
158913790836,167503725195,REF
158913790837,167503725194,REF
158913790838,167503725209,REF
158913790839,167503725208,REF
158913790840,167503725207,REF
158913790841,167503725206,REF
158913790842,167503725215,REF
158913790843,167503725212,REF
158913790844,167503725211,REF
158913790845,167503725214,REF
158913790846,167503725213,REF
158913790847,167503725228,REF
158913790848,167503725223,REF
158913790849,167503725222,REF
158913790850,167503725225,REF
158913790851,167503725224,REF
158913790852,167503725227,REF
158913790853,167503725226,REF
158913790854,167503725217,REF
158913790855,167503725216,REF
158913790856,167503725219,REF
158913790857,167503725218,REF
158913790858,167503725221,REF
158913790859,167503725220,REF
158913790860,167503725237,REF
158913790861,167503725230,REF
158913790862,167503725229,REF
158913790863,167503725232,REF
158913790864,167503725231,REF
158913790865,167503725234,REF
158913790866,167503725233,REF
158913790867,167503725236,REF
158913790868,167503725235,REF
158913790869,167503725260,REF
158913790870,167503725247,REF
158913790871,167503725246,REF
158913790872,167503725243,REF
158913790873,167503725242,REF
158913790874,167503725241,REF
158913790875,167503725240,REF
158913790876,167503725239,REF
158913790877,167503725238,REF
158913790878,167503725245,REF
158913790879,167503725244,REF
158913790880,167503725253,REF
158913790881,167503725252,REF
158913790882,167503725251,REF
158913790883,167503725250,REF
158913790884,167503725249,REF
158913790885,167503725248,REF
158913790886,167503725259,REF
158913790887,167503725258,REF
158913790888,167503725257,REF
158913790889,167503725256,REF
158913790890,167503725255,REF
158913790891,167503725254,REF
158913790892,167503725503,REF
158913790893,167503725279,REF
158913790894,167503725269,REF
158913790895,167503725268,REF
158913790896,167503725267,REF
158913790897,167503725263,REF
158913790898,167503725262,REF
158913790899,167503725261,REF
158913790900,167503725266,REF
158913790901,167503725265,REF
158913790902,167503725264,REF
158913790903,167503725275,REF
158913790904,167503725274,REF
158913790905,167503725273,REF
158913790906,167503725272,REF
158913790907,167503725271,REF
158913790908,167503725270,REF
158913790909,167503725278,REF
158913790910,167503725277,REF
158913790911,167503725276,REF
158913790912,167503725504,REF
