111669149696,METHOD_PARAMETER_IN,,this,19,controllers/aiController.ts::program:AIController,BY_VALUE,0,false,12,this,,,0,,controllers/aiController.ts::program:AIController
111669149697,METHOD_PARAMETER_IN,,req: Request,26,express:Request;Request,BY_VALUE,1,false,12,req,,,1,Request,express:Request
111669149698,METHOD_PARAMETER_IN,,res: Response,40,express:Response;Response,BY_VALUE,2,false,12,res,,,2,Response,express:Response
111669149699,METHOD_PARAMETER_IN,,this,17,controllers/aiController.ts::program:AIController,BY_VALUE,0,false,32,this,,,0,,controllers/aiController.ts::program:AIController
111669149700,METHOD_PARAMETER_IN,,req: Request,24,express:Request;Request,BY_VALUE,1,false,32,req,,,1,Request,express:Request
111669149701,METHOD_PARAMETER_IN,,res: Response,38,express:Response;Response,BY_VALUE,2,false,32,res,,,2,Response,express:Response
111669149702,METHOD_PARAMETER_IN,,this,20,controllers/aiController.ts::program:AIController,BY_VALUE,0,false,50,this,,,0,,controllers/aiController.ts::program:AIController
111669149703,METHOD_PARAMETER_IN,,req: Request,27,express:Request;Request,BY_VALUE,1,false,50,req,,,1,Request,express:Request
111669149704,METHOD_PARAMETER_IN,,res: Response,41,express:Response;Response,BY_VALUE,2,false,50,res,,,2,Response,express:Response
111669149705,METHOD_PARAMETER_IN,,this,28,controllers/aiController.ts::program:AIController,BY_VALUE,0,false,85,this,,,0,,controllers/aiController.ts::program:AIController
111669149706,METHOD_PARAMETER_IN,,req: Request,35,express:Request;Request,BY_VALUE,1,false,85,req,,,1,Request,express:Request
111669149707,METHOD_PARAMETER_IN,,res: Response,49,express:Response;Response,BY_VALUE,2,false,85,res,,,2,Response,express:Response
111669149708,METHOD_PARAMETER_IN,,this,23,controllers/aiController.ts::program:AIController,BY_VALUE,0,false,123,this,,,0,,controllers/aiController.ts::program:AIController
111669149709,METHOD_PARAMETER_IN,,req: Request,30,express:Request;Request,BY_VALUE,1,false,123,req,,,1,Request,express:Request
111669149710,METHOD_PARAMETER_IN,,res: Response,44,express:Response;Response,BY_VALUE,2,false,123,res,,,2,Response,express:Response
111669149711,METHOD_PARAMETER_IN,,this,34,controllers/aiController.ts::program:AIController,BY_VALUE,0,false,160,this,,,0,,controllers/aiController.ts::program:AIController
111669149712,METHOD_PARAMETER_IN,,req: Request,41,express:Request;Request,BY_VALUE,1,false,160,req,,,1,Request,express:Request
111669149713,METHOD_PARAMETER_IN,,res: Response,55,express:Response;Response,BY_VALUE,2,false,160,res,,,2,Response,express:Response
111669149714,METHOD_PARAMETER_IN,,this,46,controllers/aiController.ts::program:AIController,BY_VALUE,0,false,210,this,,,0,,controllers/aiController.ts::program:AIController
111669149715,METHOD_PARAMETER_IN,,section: any,47,,BY_VALUE,1,false,210,section,,,1,ANY,ANY
111669149716,METHOD_PARAMETER_IN,,this,48,controllers/aiController.ts::program:AIController,BY_VALUE,0,false,204,this,,,0,,controllers/aiController.ts::program:AIController
111669149717,METHOD_PARAMETER_IN,,project: any,49,,BY_VALUE,1,false,204,project,,,1,ANY,ANY
111669149718,METHOD_PARAMETER_IN,,this,26,controllers/aiController.ts::program:AIController,BY_VALUE,0,false,191,this,,,0,,controllers/aiController.ts::program:AIController
111669149719,METHOD_PARAMETER_IN,,req: Request,33,express:Request;Request,BY_VALUE,1,false,191,req,,,1,Request,express:Request
111669149720,METHOD_PARAMETER_IN,,res: Response,47,express:Response;Response,BY_VALUE,2,false,191,res,,,2,Response,express:Response
111669149721,METHOD_PARAMETER_IN,,this,0,controllers/aiController.ts::program:AIController,BY_VALUE,0,false,8,this,,,0,,controllers/aiController.ts::program:AIController
111669149722,METHOD_PARAMETER_IN,,this,0,controllers/aiController.ts::program,BY_VALUE,0,false,1,this,,,0,,controllers/aiController.ts::program
111669149723,METHOD_PARAMETER_IN,,this,36,controllers/commitMetricsController.ts::program,BY_VALUE,0,false,13,this,,,0,,controllers/commitMetricsController.ts::program
111669149724,METHOD_PARAMETER_IN,,req: Request,43,express:Request;Request,BY_VALUE,1,false,13,req,,,1,Request,express:Request
111669149725,METHOD_PARAMETER_IN,,res: Response,57,express:Response;Response,BY_VALUE,2,false,13,res,,,2,Response,express:Response
111669149726,METHOD_PARAMETER_IN,,this,32,controllers/commitMetricsController.ts::program,BY_VALUE,0,false,43,this,,,0,,controllers/commitMetricsController.ts::program
111669149727,METHOD_PARAMETER_IN,,req: Request,39,express:Request;Request,BY_VALUE,1,false,43,req,,,1,Request,express:Request
111669149728,METHOD_PARAMETER_IN,,res: Response,53,express:Response;Response,BY_VALUE,2,false,43,res,,,2,Response,express:Response
111669149729,METHOD_PARAMETER_IN,,this,39,controllers/commitMetricsController.ts::program,BY_VALUE,0,false,80,this,,,0,,controllers/commitMetricsController.ts::program
111669149730,METHOD_PARAMETER_IN,,req: Request,46,express:Request;Request,BY_VALUE,1,false,80,req,,,1,Request,express:Request
111669149731,METHOD_PARAMETER_IN,,res: Response,60,express:Response;Response,BY_VALUE,2,false,80,res,,,2,Response,express:Response
111669149732,METHOD_PARAMETER_IN,,this,0,controllers/commitMetricsController.ts::program,BY_VALUE,0,false,1,this,,,0,,controllers/commitMetricsController.ts::program
111669149733,METHOD_PARAMETER_IN,,this,41,controllers/doraMetricsController.ts::program,BY_VALUE,0,false,31,this,,,0,,controllers/doraMetricsController.ts::program
111669149734,METHOD_PARAMETER_IN,,req: Request,48,express:Request;Request,BY_VALUE,1,false,31,req,,,1,Request,express:Request
111669149735,METHOD_PARAMETER_IN,,res: Response,62,express:Response;Response,BY_VALUE,2,false,31,res,,,2,Response,express:Response
111669149736,METHOD_PARAMETER_IN,,this,36,controllers/doraMetricsController.ts::program,BY_VALUE,0,false,72,this,,,0,,controllers/doraMetricsController.ts::program
111669149737,METHOD_PARAMETER_IN,,req: Request,43,express:Request;Request,BY_VALUE,1,false,72,req,,,1,Request,express:Request
111669149738,METHOD_PARAMETER_IN,,res: Response,57,express:Response;Response,BY_VALUE,2,false,72,res,,,2,Response,express:Response
111669149739,METHOD_PARAMETER_IN,,this,39,controllers/doraMetricsController.ts::program,BY_VALUE,0,false,123,this,,,0,,controllers/doraMetricsController.ts::program
111669149740,METHOD_PARAMETER_IN,,req: Request,46,express:Request;Request,BY_VALUE,1,false,123,req,,,1,Request,express:Request
111669149741,METHOD_PARAMETER_IN,,res: Response,60,express:Response;Response,BY_VALUE,2,false,123,res,,,2,Response,express:Response
111669149742,METHOD_PARAMETER_IN,,this,42,controllers/doraMetricsController.ts::program,BY_VALUE,0,false,164,this,,,0,,controllers/doraMetricsController.ts::program
111669149743,METHOD_PARAMETER_IN,,req: Request,49,express:Request;Request,BY_VALUE,1,false,164,req,,,1,Request,express:Request
111669149744,METHOD_PARAMETER_IN,,res: Response,63,express:Response;Response,BY_VALUE,2,false,164,res,,,2,Response,express:Response
111669149745,METHOD_PARAMETER_IN,,this,38,controllers/doraMetricsController.ts::program,BY_VALUE,0,false,216,this,,,0,,controllers/doraMetricsController.ts::program
111669149746,METHOD_PARAMETER_IN,,req: Request,45,express:Request;Request,BY_VALUE,1,false,216,req,,,1,Request,express:Request
111669149747,METHOD_PARAMETER_IN,,res: Response,59,express:Response;Response,BY_VALUE,2,false,216,res,,,2,Response,express:Response
111669149748,METHOD_PARAMETER_IN,,this,34,controllers/doraMetricsController.ts::program,BY_VALUE,0,false,240,this,,,0,,controllers/doraMetricsController.ts::program
111669149749,METHOD_PARAMETER_IN,,req: Request,41,express:Request;Request,BY_VALUE,1,false,240,req,,,1,Request,express:Request
111669149750,METHOD_PARAMETER_IN,,res: Response,55,express:Response;Response,BY_VALUE,2,false,240,res,,,2,Response,express:Response
111669149751,METHOD_PARAMETER_IN,,this,37,controllers/doraMetricsController.ts::program,BY_VALUE,0,false,264,this,,,0,,controllers/doraMetricsController.ts::program
111669149752,METHOD_PARAMETER_IN,,req: Request,44,express:Request;Request,BY_VALUE,1,false,264,req,,,1,Request,express:Request
111669149753,METHOD_PARAMETER_IN,,res: Response,58,express:Response;Response,BY_VALUE,2,false,264,res,,,2,Response,express:Response
111669149754,METHOD_PARAMETER_IN,,this,40,controllers/doraMetricsController.ts::program,BY_VALUE,0,false,288,this,,,0,,controllers/doraMetricsController.ts::program
111669149755,METHOD_PARAMETER_IN,,req: Request,47,express:Request;Request,BY_VALUE,1,false,288,req,,,1,Request,express:Request
111669149756,METHOD_PARAMETER_IN,,res: Response,61,express:Response;Response,BY_VALUE,2,false,288,res,,,2,Response,express:Response
111669149757,METHOD_PARAMETER_IN,,this,37,controllers/doraMetricsController.ts::program,BY_VALUE,0,false,312,this,,,0,,controllers/doraMetricsController.ts::program
111669149758,METHOD_PARAMETER_IN,,req: Request,44,express:Request;Request,BY_VALUE,1,false,312,req,,,1,Request,express:Request
111669149759,METHOD_PARAMETER_IN,,res: Response,58,express:Response;Response,BY_VALUE,2,false,312,res,,,2,Response,express:Response
111669149760,METHOD_PARAMETER_IN,,this,33,controllers/doraMetricsController.ts::program,BY_VALUE,0,false,338,this,,,0,,controllers/doraMetricsController.ts::program
111669149761,METHOD_PARAMETER_IN,,req: Request,40,express:Request;Request,BY_VALUE,1,false,338,req,,,1,Request,express:Request
111669149762,METHOD_PARAMETER_IN,,res: Response,54,express:Response;Response,BY_VALUE,2,false,338,res,,,2,Response,express:Response
111669149763,METHOD_PARAMETER_IN,,this,47,controllers/doraMetricsController.ts::program,BY_VALUE,0,false,370,this,,,0,,controllers/doraMetricsController.ts::program
111669149764,METHOD_PARAMETER_IN,,req: Request,54,express:Request;Request,BY_VALUE,1,false,370,req,,,1,Request,express:Request
111669149765,METHOD_PARAMETER_IN,,res: Response,68,express:Response;Response,BY_VALUE,2,false,370,res,,,2,Response,express:Response
111669149766,METHOD_PARAMETER_IN,,this,42,controllers/doraMetricsController.ts::program,BY_VALUE,0,false,399,this,,,0,,controllers/doraMetricsController.ts::program
111669149767,METHOD_PARAMETER_IN,,req: Request,49,express:Request;Request,BY_VALUE,1,false,399,req,,,1,Request,express:Request
111669149768,METHOD_PARAMETER_IN,,res: Response,63,express:Response;Response,BY_VALUE,2,false,399,res,,,2,Response,express:Response
111669149769,METHOD_PARAMETER_IN,,this,45,controllers/doraMetricsController.ts::program,BY_VALUE,0,false,428,this,,,0,,controllers/doraMetricsController.ts::program
111669149770,METHOD_PARAMETER_IN,,req: Request,52,express:Request;Request,BY_VALUE,1,false,428,req,,,1,Request,express:Request
111669149771,METHOD_PARAMETER_IN,,res: Response,66,express:Response;Response,BY_VALUE,2,false,428,res,,,2,Response,express:Response
111669149772,METHOD_PARAMETER_IN,,this,48,controllers/doraMetricsController.ts::program,BY_VALUE,0,false,457,this,,,0,,controllers/doraMetricsController.ts::program
111669149773,METHOD_PARAMETER_IN,,req: Request,55,express:Request;Request,BY_VALUE,1,false,457,req,,,1,Request,express:Request
111669149774,METHOD_PARAMETER_IN,,res: Response,69,express:Response;Response,BY_VALUE,2,false,457,res,,,2,Response,express:Response
111669149775,METHOD_PARAMETER_IN,,this,34,controllers/doraMetricsController.ts::program,BY_VALUE,0,false,486,this,,,0,,controllers/doraMetricsController.ts::program
111669149776,METHOD_PARAMETER_IN,,req: Request,41,express:Request;Request,BY_VALUE,1,false,486,req,,,1,Request,express:Request
111669149777,METHOD_PARAMETER_IN,,res: Response,55,express:Response;Response,BY_VALUE,2,false,486,res,,,2,Response,express:Response
111669149778,METHOD_PARAMETER_IN,,this,37,controllers/doraMetricsController.ts::program,BY_VALUE,0,false,510,this,,,0,,controllers/doraMetricsController.ts::program
111669149779,METHOD_PARAMETER_IN,,req: Request,44,express:Request;Request,BY_VALUE,1,false,510,req,,,1,Request,express:Request
111669149780,METHOD_PARAMETER_IN,,res: Response,58,express:Response;Response,BY_VALUE,2,false,510,res,,,2,Response,express:Response
111669149781,METHOD_PARAMETER_IN,,this,39,controllers/doraMetricsController.ts::program,BY_VALUE,0,false,531,this,,,0,,controllers/doraMetricsController.ts::program
111669149782,METHOD_PARAMETER_IN,,req: Request,46,express:Request;Request,BY_VALUE,1,false,531,req,,,1,Request,express:Request
111669149783,METHOD_PARAMETER_IN,,res: Response,60,express:Response;Response,BY_VALUE,2,false,531,res,,,2,Response,express:Response
111669149784,METHOD_PARAMETER_IN,,this,0,controllers/doraMetricsController.ts::program,BY_VALUE,0,false,1,this,,,0,,controllers/doraMetricsController.ts::program
111669149785,METHOD_PARAMETER_IN,,this,27,controllers/healthScoreController.ts::program,BY_VALUE,0,false,110,this,,,0,,controllers/healthScoreController.ts::program
111669149786,METHOD_PARAMETER_IN,,row: any,28,,BY_VALUE,1,false,110,row,,,1,ANY,ANY
111669149787,METHOD_PARAMETER_IN,,this,21,controllers/healthScoreController.ts::program,BY_VALUE,0,false,109,this,,,0,,controllers/healthScoreController.ts::program
111669149788,METHOD_PARAMETER_IN,,history: { rows: any[] },22,,BY_VALUE,1,false,109,history,,,1,controllers/healthScoreController.ts::program:<lambda>0:<lambda>1:<anon-class>0,controllers/healthScoreController.ts::program:<lambda>0:<lambda>1:<anon-class>0
111669149789,METHOD_PARAMETER_IN,,this,27,controllers/healthScoreController.ts::program,BY_VALUE,0,false,125,this,,,0,,controllers/healthScoreController.ts::program
111669149790,METHOD_PARAMETER_IN,,row: any,28,,BY_VALUE,1,false,125,row,,,1,ANY,ANY
111669149791,METHOD_PARAMETER_IN,,this,26,controllers/healthScoreController.ts::program,BY_VALUE,0,false,123,this,,,0,,controllers/healthScoreController.ts::program
111669149792,METHOD_PARAMETER_IN,,history: { rows: any[] },27,,BY_VALUE,1,false,123,history,,,1,controllers/healthScoreController.ts::program:<lambda>0:<lambda>3:<anon-class>2,controllers/healthScoreController.ts::program:<lambda>0:<lambda>3:<anon-class>2
111669149793,METHOD_PARAMETER_IN,,this,11,controllers/healthScoreController.ts::program,BY_VALUE,0,false,141,this,,,0,,controllers/healthScoreController.ts::program
111669149794,METHOD_PARAMETER_IN,,date,11,,BY_VALUE,1,false,141,date,,,1,__ecma.String,__ecma.String
111669149795,METHOD_PARAMETER_IN,,this,37,controllers/healthScoreController.ts::program,BY_VALUE,0,false,11,this,,,0,,controllers/healthScoreController.ts::program
111669149796,METHOD_PARAMETER_IN,,req: Request,44,express:Request;Request,BY_VALUE,1,false,11,req,,,1,Request,express:Request
111669149797,METHOD_PARAMETER_IN,,res: Response,58,express:Response;Response,BY_VALUE,2,false,11,res,,,2,Response,express:Response
111669149798,METHOD_PARAMETER_IN,,this,37,controllers/healthScoreController.ts::program,BY_VALUE,0,false,169,this,,,0,,controllers/healthScoreController.ts::program
111669149799,METHOD_PARAMETER_IN,,req: Request,44,express:Request;Request,BY_VALUE,1,false,169,req,,,1,Request,express:Request
111669149800,METHOD_PARAMETER_IN,,res: Response,58,express:Response;Response,BY_VALUE,2,false,169,res,,,2,Response,express:Response
111669149801,METHOD_PARAMETER_IN,,this,0,controllers/healthScoreController.ts::program,BY_VALUE,0,false,1,this,,,0,,controllers/healthScoreController.ts::program
111669149802,METHOD_PARAMETER_IN,,this,35,controllers/issueMetricsController.ts::program,BY_VALUE,0,false,12,this,,,0,,controllers/issueMetricsController.ts::program
111669149803,METHOD_PARAMETER_IN,,req: Request,42,express:Request;Request,BY_VALUE,1,false,12,req,,,1,Request,express:Request
111669149804,METHOD_PARAMETER_IN,,res: Response,56,express:Response;Response,BY_VALUE,2,false,12,res,,,2,Response,express:Response
111669149805,METHOD_PARAMETER_IN,,this,31,controllers/issueMetricsController.ts::program,BY_VALUE,0,false,48,this,,,0,,controllers/issueMetricsController.ts::program
111669149806,METHOD_PARAMETER_IN,,req: Request,38,express:Request;Request,BY_VALUE,1,false,48,req,,,1,Request,express:Request
111669149807,METHOD_PARAMETER_IN,,res: Response,52,express:Response;Response,BY_VALUE,2,false,48,res,,,2,Response,express:Response
111669149808,METHOD_PARAMETER_IN,,this,37,controllers/issueMetricsController.ts::program,BY_VALUE,0,false,85,this,,,0,,controllers/issueMetricsController.ts::program
111669149809,METHOD_PARAMETER_IN,,req: Request,44,express:Request;Request,BY_VALUE,1,false,85,req,,,1,Request,express:Request
111669149810,METHOD_PARAMETER_IN,,res: Response,58,express:Response;Response,BY_VALUE,2,false,85,res,,,2,Response,express:Response
111669149811,METHOD_PARAMETER_IN,,this,38,controllers/issueMetricsController.ts::program,BY_VALUE,0,false,133,this,,,0,,controllers/issueMetricsController.ts::program
111669149812,METHOD_PARAMETER_IN,,req: Request,45,express:Request;Request,BY_VALUE,1,false,133,req,,,1,Request,express:Request
111669149813,METHOD_PARAMETER_IN,,res: Response,59,express:Response;Response,BY_VALUE,2,false,133,res,,,2,Response,express:Response
111669149814,METHOD_PARAMETER_IN,,this,0,controllers/issueMetricsController.ts::program,BY_VALUE,0,false,1,this,,,0,,controllers/issueMetricsController.ts::program
111669149815,METHOD_PARAMETER_IN,,this,39,controllers/milestoneMetricsController.ts::program,BY_VALUE,0,false,12,this,,,0,,controllers/milestoneMetricsController.ts::program
111669149816,METHOD_PARAMETER_IN,,req: Request,46,express:Request;Request,BY_VALUE,1,false,12,req,,,1,Request,express:Request
111669149817,METHOD_PARAMETER_IN,,res: Response,60,express:Response;Response,BY_VALUE,2,false,12,res,,,2,Response,express:Response
111669149818,METHOD_PARAMETER_IN,,this,35,controllers/milestoneMetricsController.ts::program,BY_VALUE,0,false,46,this,,,0,,controllers/milestoneMetricsController.ts::program
111669149819,METHOD_PARAMETER_IN,,req: Request,42,express:Request;Request,BY_VALUE,1,false,46,req,,,1,Request,express:Request
111669149820,METHOD_PARAMETER_IN,,res: Response,56,express:Response;Response,BY_VALUE,2,false,46,res,,,2,Response,express:Response
111669149821,METHOD_PARAMETER_IN,,this,0,controllers/milestoneMetricsController.ts::program,BY_VALUE,0,false,1,this,,,0,,controllers/milestoneMetricsController.ts::program
111669149822,METHOD_PARAMETER_IN,,this,32,controllers/mrMetricsController.ts::program,BY_VALUE,0,false,13,this,,,0,,controllers/mrMetricsController.ts::program
111669149823,METHOD_PARAMETER_IN,,req: Request,39,express:Request;Request,BY_VALUE,1,false,13,req,,,1,Request,express:Request
111669149824,METHOD_PARAMETER_IN,,res: Response,53,express:Response;Response,BY_VALUE,2,false,13,res,,,2,Response,express:Response
111669149825,METHOD_PARAMETER_IN,,this,28,controllers/mrMetricsController.ts::program,BY_VALUE,0,false,48,this,,,0,,controllers/mrMetricsController.ts::program
111669149826,METHOD_PARAMETER_IN,,req: Request,35,express:Request;Request,BY_VALUE,1,false,48,req,,,1,Request,express:Request
111669149827,METHOD_PARAMETER_IN,,res: Response,49,express:Response;Response,BY_VALUE,2,false,48,res,,,2,Response,express:Response
111669149828,METHOD_PARAMETER_IN,,this,34,controllers/mrMetricsController.ts::program,BY_VALUE,0,false,86,this,,,0,,controllers/mrMetricsController.ts::program
111669149829,METHOD_PARAMETER_IN,,req: Request,41,express:Request;Request,BY_VALUE,1,false,86,req,,,1,Request,express:Request
111669149830,METHOD_PARAMETER_IN,,res: Response,55,express:Response;Response,BY_VALUE,2,false,86,res,,,2,Response,express:Response
111669149831,METHOD_PARAMETER_IN,,this,35,controllers/mrMetricsController.ts::program,BY_VALUE,0,false,124,this,,,0,,controllers/mrMetricsController.ts::program
111669149832,METHOD_PARAMETER_IN,,req: Request,42,express:Request;Request,BY_VALUE,1,false,124,req,,,1,Request,express:Request
111669149833,METHOD_PARAMETER_IN,,res: Response,56,express:Response;Response,BY_VALUE,2,false,124,res,,,2,Response,express:Response
111669149834,METHOD_PARAMETER_IN,,this,0,controllers/mrMetricsController.ts::program,BY_VALUE,0,false,1,this,,,0,,controllers/mrMetricsController.ts::program
111669149835,METHOD_PARAMETER_IN,,this,22,controllers/projectController.ts::program:ProjectController,BY_VALUE,0,false,16,this,,,0,,controllers/projectController.ts::program:ProjectController
111669149836,METHOD_PARAMETER_IN,,req: Request,29,express:Request;Request,BY_VALUE,1,false,16,req,,,1,Request,express:Request
111669149837,METHOD_PARAMETER_IN,,res: Response,43,express:Response;Response,BY_VALUE,2,false,16,res,,,2,Response,express:Response
111669149838,METHOD_PARAMETER_IN,,this,25,controllers/projectController.ts::program:ProjectController,BY_VALUE,0,false,29,this,,,0,,controllers/projectController.ts::program:ProjectController
111669149839,METHOD_PARAMETER_IN,,req: Request,32,express:Request;Request,BY_VALUE,1,false,29,req,,,1,Request,express:Request
111669149840,METHOD_PARAMETER_IN,,res: Response,46,express:Response;Response,BY_VALUE,2,false,29,res,,,2,Response,express:Response
111669149841,METHOD_PARAMETER_IN,,this,29,controllers/projectController.ts::program:ProjectController,BY_VALUE,0,false,54,this,,,0,,controllers/projectController.ts::program:ProjectController
111669149842,METHOD_PARAMETER_IN,,req: Request,36,express:Request;Request,BY_VALUE,1,false,54,req,,,1,Request,express:Request
111669149843,METHOD_PARAMETER_IN,,res: Response,50,express:Response;Response,BY_VALUE,2,false,54,res,,,2,Response,express:Response
111669149844,METHOD_PARAMETER_IN,,this,27,controllers/projectController.ts::program:ProjectController,BY_VALUE,0,false,67,this,,,0,,controllers/projectController.ts::program:ProjectController
111669149845,METHOD_PARAMETER_IN,,req: Request,34,express:Request;Request,BY_VALUE,1,false,67,req,,,1,Request,express:Request
111669149846,METHOD_PARAMETER_IN,,res: Response,48,express:Response;Response,BY_VALUE,2,false,67,res,,,2,Response,express:Response
111669149847,METHOD_PARAMETER_IN,,this,22,controllers/projectController.ts::program:ProjectController,BY_VALUE,0,false,80,this,,,0,,controllers/projectController.ts::program:ProjectController
111669149848,METHOD_PARAMETER_IN,,req: Request,29,express:Request;Request,BY_VALUE,1,false,80,req,,,1,Request,express:Request
111669149849,METHOD_PARAMETER_IN,,res: Response,43,express:Response;Response,BY_VALUE,2,false,80,res,,,2,Response,express:Response
111669149850,METHOD_PARAMETER_IN,,this,25,controllers/projectController.ts::program:ProjectController,BY_VALUE,0,false,100,this,,,0,,controllers/projectController.ts::program:ProjectController
111669149851,METHOD_PARAMETER_IN,,req: Request,32,express:Request;Request,BY_VALUE,1,false,100,req,,,1,Request,express:Request
111669149852,METHOD_PARAMETER_IN,,res: Response,46,express:Response;Response,BY_VALUE,2,false,100,res,,,2,Response,express:Response
111669149853,METHOD_PARAMETER_IN,,this,30,controllers/projectController.ts::program:ProjectController,BY_VALUE,0,false,120,this,,,0,,controllers/projectController.ts::program:ProjectController
111669149854,METHOD_PARAMETER_IN,,req: Request,37,express:Request;Request,BY_VALUE,1,false,120,req,,,1,Request,express:Request
111669149855,METHOD_PARAMETER_IN,,res: Response,51,express:Response;Response,BY_VALUE,2,false,120,res,,,2,Response,express:Response
111669149856,METHOD_PARAMETER_IN,,this,24,controllers/projectController.ts::program:ProjectController,BY_VALUE,0,false,131,this,,,0,,controllers/projectController.ts::program:ProjectController
111669149857,METHOD_PARAMETER_IN,,req: Request,31,express:Request;Request,BY_VALUE,1,false,131,req,,,1,Request,express:Request
111669149858,METHOD_PARAMETER_IN,,res: Response,45,express:Response;Response,BY_VALUE,2,false,131,res,,,2,Response,express:Response
111669149859,METHOD_PARAMETER_IN,,this,26,controllers/projectController.ts::program:ProjectController,BY_VALUE,0,false,151,this,,,0,,controllers/projectController.ts::program:ProjectController
111669149860,METHOD_PARAMETER_IN,,req: Request,33,express:Request;Request,BY_VALUE,1,false,151,req,,,1,Request,express:Request
111669149861,METHOD_PARAMETER_IN,,res: Response,47,express:Response;Response,BY_VALUE,2,false,151,res,,,2,Response,express:Response
111669149862,METHOD_PARAMETER_IN,,this,48,controllers/projectController.ts::program:ProjectController,BY_VALUE,0,false,172,this,,,0,,controllers/projectController.ts::program:ProjectController
111669149863,METHOD_PARAMETER_IN,,group,48,,BY_VALUE,1,false,172,group,,,1,GitLabGroup,GitLabGroup
111669149864,METHOD_PARAMETER_IN,,this,26,controllers/projectController.ts::program:ProjectController,BY_VALUE,0,false,167,this,,,0,,controllers/projectController.ts::program:ProjectController
111669149865,METHOD_PARAMETER_IN,,req: Request,33,express:Request;Request,BY_VALUE,1,false,167,req,,,1,Request,express:Request
111669149866,METHOD_PARAMETER_IN,,res: Response,47,express:Response;Response,BY_VALUE,2,false,167,res,,,2,Response,express:Response
111669149867,METHOD_PARAMETER_IN,,this,29,controllers/projectController.ts::program:ProjectController,BY_VALUE,0,false,187,this,,,0,,controllers/projectController.ts::program:ProjectController
111669149868,METHOD_PARAMETER_IN,,req: Request,36,express:Request;Request,BY_VALUE,1,false,187,req,,,1,Request,express:Request
111669149869,METHOD_PARAMETER_IN,,res: Response,50,express:Response;Response,BY_VALUE,2,false,187,res,,,2,Response,express:Response
111669149870,METHOD_PARAMETER_IN,,this,29,controllers/projectController.ts::program:ProjectController,BY_VALUE,0,false,206,this,,,0,,controllers/projectController.ts::program:ProjectController
111669149871,METHOD_PARAMETER_IN,,req: Request,36,express:Request;Request,BY_VALUE,1,false,206,req,,,1,Request,express:Request
111669149872,METHOD_PARAMETER_IN,,res: Response,50,express:Response;Response,BY_VALUE,2,false,206,res,,,2,Response,express:Response
111669149873,METHOD_PARAMETER_IN,,this,36,controllers/projectController.ts::program:ProjectController,BY_VALUE,0,false,219,this,,,0,,controllers/projectController.ts::program:ProjectController
111669149874,METHOD_PARAMETER_IN,,this,32,controllers/projectController.ts::program:ProjectController,BY_VALUE,0,false,245,this,,,0,,controllers/projectController.ts::program:ProjectController
111669149875,METHOD_PARAMETER_IN,,acc,33,,BY_VALUE,1,false,245,acc,,,1,ANY,ANY
111669149876,METHOD_PARAMETER_IN,,p,38,,BY_VALUE,2,false,245,p,,,2,ANY,ANY
111669149877,METHOD_PARAMETER_IN,,this,36,controllers/projectController.ts::program:ProjectController,BY_VALUE,0,false,242,this,,,0,,controllers/projectController.ts::program:ProjectController
111669149878,METHOD_PARAMETER_IN,,projects: any[],37,,BY_VALUE,1,false,242,projects,,,1,__ecma.Array,__ecma.Array
111669149879,METHOD_PARAMETER_IN,,this,27,controllers/projectController.ts::program:ProjectController,BY_VALUE,0,false,254,this,,,0,,controllers/projectController.ts::program:ProjectController
111669149880,METHOD_PARAMETER_IN,,p,27,,BY_VALUE,1,false,254,p,,,1,ANY,ANY
111669149881,METHOD_PARAMETER_IN,,this,42,controllers/projectController.ts::program:ProjectController,BY_VALUE,0,false,253,this,,,0,,controllers/projectController.ts::program:ProjectController
111669149882,METHOD_PARAMETER_IN,,projects: any[],43,,BY_VALUE,1,false,253,projects,,,1,__ecma.Array,__ecma.Array
111669149883,METHOD_PARAMETER_IN,,this,32,controllers/projectController.ts::program:ProjectController,BY_VALUE,0,false,262,this,,,0,,controllers/projectController.ts::program:ProjectController
111669149884,METHOD_PARAMETER_IN,,p,32,,BY_VALUE,1,false,262,p,,,1,ANY,ANY
111669149885,METHOD_PARAMETER_IN,,this,31,controllers/projectController.ts::program:ProjectController,BY_VALUE,0,false,263,this,,,0,,controllers/projectController.ts::program:ProjectController
111669149886,METHOD_PARAMETER_IN,,p,31,,BY_VALUE,1,false,263,p,,,1,ANY,ANY
111669149887,METHOD_PARAMETER_IN,,this,28,controllers/projectController.ts::program:ProjectController,BY_VALUE,0,false,264,this,,,0,,controllers/projectController.ts::program:ProjectController
111669149888,METHOD_PARAMETER_IN,,p,28,,BY_VALUE,1,false,264,p,,,1,ANY,ANY
111669149889,METHOD_PARAMETER_IN,,this,33,controllers/projectController.ts::program:ProjectController,BY_VALUE,0,false,265,this,,,0,,controllers/projectController.ts::program:ProjectController
111669149890,METHOD_PARAMETER_IN,,p,33,,BY_VALUE,1,false,265,p,,,1,ANY,ANY
111669149891,METHOD_PARAMETER_IN,,this,41,controllers/projectController.ts::program:ProjectController,BY_VALUE,0,false,260,this,,,0,,controllers/projectController.ts::program:ProjectController
111669149892,METHOD_PARAMETER_IN,,projects: any[],42,,BY_VALUE,1,false,260,projects,,,1,__ecma.Array,__ecma.Array
111669149893,METHOD_PARAMETER_IN,,this,0,controllers/projectController.ts::program:ProjectController,BY_VALUE,0,false,10,this,,,0,,controllers/projectController.ts::program:ProjectController
111669149894,METHOD_PARAMETER_IN,,this,0,controllers/projectController.ts::program,BY_VALUE,0,false,1,this,,,0,,controllers/projectController.ts::program
111669149895,METHOD_PARAMETER_IN,,this,45,controllers/sonarQubeMaintainabilityController.ts::program,BY_VALUE,0,false,13,this,,,0,,controllers/sonarQubeMaintainabilityController.ts::program
111669149896,METHOD_PARAMETER_IN,,req: Request,52,express:Request;Request,BY_VALUE,1,false,13,req,,,1,Request,express:Request
111669149897,METHOD_PARAMETER_IN,,res: Response,66,express:Response;Response,BY_VALUE,2,false,13,res,,,2,Response,express:Response
111669149898,METHOD_PARAMETER_IN,,this,41,controllers/sonarQubeMaintainabilityController.ts::program,BY_VALUE,0,false,50,this,,,0,,controllers/sonarQubeMaintainabilityController.ts::program
111669149899,METHOD_PARAMETER_IN,,req: Request,48,express:Request;Request,BY_VALUE,1,false,50,req,,,1,Request,express:Request
111669149900,METHOD_PARAMETER_IN,,res: Response,62,express:Response;Response,BY_VALUE,2,false,50,res,,,2,Response,express:Response
111669149901,METHOD_PARAMETER_IN,,this,48,controllers/sonarQubeMaintainabilityController.ts::program,BY_VALUE,0,false,90,this,,,0,,controllers/sonarQubeMaintainabilityController.ts::program
111669149902,METHOD_PARAMETER_IN,,req: Request,55,express:Request;Request,BY_VALUE,1,false,90,req,,,1,Request,express:Request
111669149903,METHOD_PARAMETER_IN,,res: Response,69,express:Response;Response,BY_VALUE,2,false,90,res,,,2,Response,express:Response
111669149904,METHOD_PARAMETER_IN,,this,0,controllers/sonarQubeMaintainabilityController.ts::program,BY_VALUE,0,false,1,this,,,0,,controllers/sonarQubeMaintainabilityController.ts::program
111669149905,METHOD_PARAMETER_IN,,this,41,controllers/sonarQubeReliabilityController.ts::program,BY_VALUE,0,false,12,this,,,0,,controllers/sonarQubeReliabilityController.ts::program
111669149906,METHOD_PARAMETER_IN,,req: Request,48,express:Request;Request,BY_VALUE,1,false,12,req,,,1,Request,express:Request
111669149907,METHOD_PARAMETER_IN,,res: Response,62,express:Response;Response,BY_VALUE,2,false,12,res,,,2,Response,express:Response
111669149908,METHOD_PARAMETER_IN,,this,37,controllers/sonarQubeReliabilityController.ts::program,BY_VALUE,0,false,48,this,,,0,,controllers/sonarQubeReliabilityController.ts::program
111669149909,METHOD_PARAMETER_IN,,req: Request,44,express:Request;Request,BY_VALUE,1,false,48,req,,,1,Request,express:Request
111669149910,METHOD_PARAMETER_IN,,res: Response,58,express:Response;Response,BY_VALUE,2,false,48,res,,,2,Response,express:Response
111669149911,METHOD_PARAMETER_IN,,this,44,controllers/sonarQubeReliabilityController.ts::program,BY_VALUE,0,false,88,this,,,0,,controllers/sonarQubeReliabilityController.ts::program
111669149912,METHOD_PARAMETER_IN,,req: Request,51,express:Request;Request,BY_VALUE,1,false,88,req,,,1,Request,express:Request
111669149913,METHOD_PARAMETER_IN,,res: Response,65,express:Response;Response,BY_VALUE,2,false,88,res,,,2,Response,express:Response
111669149914,METHOD_PARAMETER_IN,,this,0,controllers/sonarQubeReliabilityController.ts::program,BY_VALUE,0,false,1,this,,,0,,controllers/sonarQubeReliabilityController.ts::program
111669149915,METHOD_PARAMETER_IN,,this,38,controllers/sonarQubeSecurityController.ts::program,BY_VALUE,0,false,12,this,,,0,,controllers/sonarQubeSecurityController.ts::program
111669149916,METHOD_PARAMETER_IN,,req: Request,45,express:Request;Request,BY_VALUE,1,false,12,req,,,1,Request,express:Request
111669149917,METHOD_PARAMETER_IN,,res: Response,59,express:Response;Response,BY_VALUE,2,false,12,res,,,2,Response,express:Response
111669149918,METHOD_PARAMETER_IN,,this,34,controllers/sonarQubeSecurityController.ts::program,BY_VALUE,0,false,48,this,,,0,,controllers/sonarQubeSecurityController.ts::program
111669149919,METHOD_PARAMETER_IN,,req: Request,41,express:Request;Request,BY_VALUE,1,false,48,req,,,1,Request,express:Request
111669149920,METHOD_PARAMETER_IN,,res: Response,55,express:Response;Response,BY_VALUE,2,false,48,res,,,2,Response,express:Response
111669149921,METHOD_PARAMETER_IN,,this,41,controllers/sonarQubeSecurityController.ts::program,BY_VALUE,0,false,88,this,,,0,,controllers/sonarQubeSecurityController.ts::program
111669149922,METHOD_PARAMETER_IN,,req: Request,48,express:Request;Request,BY_VALUE,1,false,88,req,,,1,Request,express:Request
111669149923,METHOD_PARAMETER_IN,,res: Response,62,express:Response;Response,BY_VALUE,2,false,88,res,,,2,Response,express:Response
111669149924,METHOD_PARAMETER_IN,,this,0,controllers/sonarQubeSecurityController.ts::program,BY_VALUE,0,false,1,this,,,0,,controllers/sonarQubeSecurityController.ts::program
111669149925,METHOD_PARAMETER_IN,,this,0,db/check-monthly-data.ts::program,BY_VALUE,0,false,5,this,,,0,,db/check-monthly-data.ts::program
111669149926,METHOD_PARAMETER_IN,,this,0,db/check-monthly-data.ts::program,BY_VALUE,0,false,1,this,,,0,,db/check-monthly-data.ts::program
111669149927,METHOD_PARAMETER_IN,,this,0,db/clear-and-repopulate-dora.ts::program,BY_VALUE,0,false,7,this,,,0,,db/clear-and-repopulate-dora.ts::program
111669149928,METHOD_PARAMETER_IN,,this,0,db/clear-and-repopulate-dora.ts::program,BY_VALUE,0,false,1,this,,,0,,db/clear-and-repopulate-dora.ts::program
111669149929,METHOD_PARAMETER_IN,,this,21,db/connection.ts::program,BY_VALUE,0,false,28,this,,,0,,db/connection.ts::program
111669149930,METHOD_PARAMETER_IN,,err,22,ErrorConstructor;Error,BY_VALUE,1,false,28,err,,,1,Error,ErrorConstructor
111669149931,METHOD_PARAMETER_IN,,this,23,db/connection.ts::program,BY_VALUE,0,false,9,this,,,0,,db/connection.ts::program
111669149932,METHOD_PARAMETER_IN,,this,25,db/connection.ts::program,BY_VALUE,0,false,41,this,,,0,,db/connection.ts::program
111669149933,METHOD_PARAMETER_IN,,this,23,db/connection.ts::program,BY_VALUE,0,false,60,this,,,0,,db/connection.ts::program
111669149934,METHOD_PARAMETER_IN,,this,0,db/connection.ts::program,BY_VALUE,0,false,1,this,,,0,,db/connection.ts::program
111669149935,METHOD_PARAMETER_IN,,this,0,db/populate-dora-metrics.ts::program,BY_VALUE,0,false,7,this,,,0,,db/populate-dora-metrics.ts::program
111669149936,METHOD_PARAMETER_IN,,this,0,db/populate-dora-metrics.ts::program,BY_VALUE,0,false,1,this,,,0,,db/populate-dora-metrics.ts::program
111669149937,METHOD_PARAMETER_IN,,this,32,db/queries.ts::program,BY_VALUE,0,false,11,this,,,0,,db/queries.ts::program
111669149938,METHOD_PARAMETER_IN,,this,37,db/queries.ts::program,BY_VALUE,0,false,35,this,,,0,,db/queries.ts::program
111669149939,METHOD_PARAMETER_IN,,"projectData: {
  id: number;
  name: string;
  full_path?: string;
  group_path?: string;
  members_count?: number;
  members?: any[];
  last_activity_at?: string;
  parent_id?: number;
  visibility?: string;
}",44,,BY_VALUE,1,false,35,projectData,,,1,db/queries.ts::program:<lambda>1:<anon-class>0,db/queries.ts::program:<lambda>1:<anon-class>0
111669149940,METHOD_PARAMETER_IN,,this,38,db/queries.ts::program,BY_VALUE,0,false,92,this,,,0,,db/queries.ts::program
111669149941,METHOD_PARAMETER_IN,,"projects: Array<{
  id: number;
  name: string;
  full_path?: string;
  group_path?: string;
  members_count?: number;
  members?: any[];
  last_activity_at?: string;
  parent_id?: number;
  visibility?: string;
}>",45,,BY_VALUE,1,false,92,projects,,,1,"Array<{
  id: __ecma.Number;
  name: __ecma.String;
  full_path?: __ecma.String;
  group_path?: __ecma.String;
  members_count?: __ecma.Number;
  members?: __ecma.Array;
  last_activity_at?: __ecma.String;
  parent_id?: __ecma.Number;
  visibility?: __ecma.String;
}>","Array<{
  id: __ecma.Number;
  name: __ecma.String;
  full_path?: __ecma.String;
  group_path?: __ecma.String;
  members_count?: __ecma.Number;
  members?: __ecma.Array;
  last_activity_at?: __ecma.String;
  parent_id?: __ecma.Number;
  visibility?: __ecma.String;
}>"
111669149942,METHOD_PARAMETER_IN,,this,42,db/queries.ts::program,BY_VALUE,0,false,117,this,,,0,,db/queries.ts::program
111669149943,METHOD_PARAMETER_IN,,this,30,db/queries.ts::program,BY_VALUE,0,false,141,this,,,0,,db/queries.ts::program
111669149944,METHOD_PARAMETER_IN,,projectId: number,37,,BY_VALUE,1,false,141,projectId,,,1,__ecma.Number,__ecma.Number
111669149945,METHOD_PARAMETER_IN,,this,30,db/queries.ts::program,BY_VALUE,0,false,165,this,,,0,,db/queries.ts::program
111669149946,METHOD_PARAMETER_IN,,projectId: number,37,,BY_VALUE,1,false,165,projectId,,,1,__ecma.Number,__ecma.Number
111669149947,METHOD_PARAMETER_IN,,this,33,db/queries.ts::program,BY_VALUE,0,false,183,this,,,0,,db/queries.ts::program
111669149948,METHOD_PARAMETER_IN,,id: number,40,,BY_VALUE,1,false,183,id,,,1,__ecma.Number,__ecma.Number
111669149949,METHOD_PARAMETER_IN,,tracked: boolean = true,52,,BY_VALUE,2,false,183,tracked: boolean,,,2,__ecma.Boolean,__ecma.Boolean
111669149950,METHOD_PARAMETER_IN,,this,28,db/queries.ts::program,BY_VALUE,0,false,205,this,,,0,,db/queries.ts::program
111669149951,METHOD_PARAMETER_IN,,id: number,35,,BY_VALUE,1,false,205,id,,,1,__ecma.Number,__ecma.Number
111669149952,METHOD_PARAMETER_IN,,this,30,db/queries.ts::program,BY_VALUE,0,false,212,this,,,0,,db/queries.ts::program
111669149953,METHOD_PARAMETER_IN,,id: number,37,,BY_VALUE,1,false,212,id,,,1,__ecma.Number,__ecma.Number
111669149954,METHOD_PARAMETER_IN,,this,32,db/queries.ts::program,BY_VALUE,0,false,234,this,,,0,,db/queries.ts::program
111669149955,METHOD_PARAMETER_IN,,id: number,39,,BY_VALUE,1,false,234,id,,,1,__ecma.Number,__ecma.Number
111669149956,METHOD_PARAMETER_IN,,this,27,db/queries.ts::program,BY_VALUE,0,false,258,this,,,0,,db/queries.ts::program
111669149957,METHOD_PARAMETER_IN,,row,27,,BY_VALUE,1,false,258,row,,,1,ANY,ANY
111669149958,METHOD_PARAMETER_IN,,this,36,db/queries.ts::program,BY_VALUE,0,false,251,this,,,0,,db/queries.ts::program
111669149959,METHOD_PARAMETER_IN,,this,37,db/queries.ts::program,BY_VALUE,0,false,273,this,,,0,,db/queries.ts::program
111669149960,METHOD_PARAMETER_IN,,"snapshotData: {
  project_id: number;  // GitLab project ID
  description?: string;
  web_url?: string;
  open_issues?: number;
  open_mrs?: number;
  open_milestones_count?: number;
  sonar_project_key?: string;
  sonar_security_high?: number;
  sonar_security_blocker?: number;
  sonar_reliability_high?: number;
  sonar_reliability_blocker?: number;
  sonar_maintainability_high?: number;
  sonar_maintainability_blocker?: number;
}",44,,BY_VALUE,1,false,273,snapshotData,,,1,db/queries.ts::program:<lambda>12:<anon-class>2,db/queries.ts::program:<lambda>12:<anon-class>2
111669149961,METHOD_PARAMETER_IN,,this,52,db/queries.ts::program,BY_VALUE,0,false,336,this,,,0,,db/queries.ts::program
111669149962,METHOD_PARAMETER_IN,,this,35,db/queries.ts::program,BY_VALUE,0,false,385,this,,,0,,db/queries.ts::program
111669149963,METHOD_PARAMETER_IN,,projectId: number,42,,BY_VALUE,1,false,385,projectId,,,1,__ecma.Number,__ecma.Number
111669149964,METHOD_PARAMETER_IN,,this,46,db/queries.ts::program,BY_VALUE,0,false,425,this,,,0,,db/queries.ts::program
111669149965,METHOD_PARAMETER_IN,,projectName: string,53,,BY_VALUE,1,false,425,projectName,,,1,__ecma.String,__ecma.String
111669149966,METHOD_PARAMETER_IN,,this,35,db/queries.ts::program,BY_VALUE,0,false,493,this,,,0,,db/queries.ts::program
111669149967,METHOD_PARAMETER_IN,,projectName: string,2,,BY_VALUE,1,false,494,projectName,,,1,__ecma.String,__ecma.String
111669149968,METHOD_PARAMETER_IN,,insightsData: any,2,,BY_VALUE,2,false,495,insightsData,,,2,ANY,ANY
111669149969,METHOD_PARAMETER_IN,,this,40,db/queries.ts::program,BY_VALUE,0,false,536,this,,,0,,db/queries.ts::program
111669149970,METHOD_PARAMETER_IN,,projectName: string,47,,BY_VALUE,1,false,536,projectName,,,1,__ecma.String,__ecma.String
111669149971,METHOD_PARAMETER_IN,,this,41,db/queries.ts::program,BY_VALUE,0,false,568,this,,,0,,db/queries.ts::program
111669149972,METHOD_PARAMETER_IN,,projectName: string,48,,BY_VALUE,1,false,568,projectName,,,1,__ecma.String,__ecma.String
111669149973,METHOD_PARAMETER_IN,,this,45,db/queries.ts::program,BY_VALUE,0,false,598,this,,,0,,db/queries.ts::program
111669149974,METHOD_PARAMETER_IN,,projectId: number,52,,BY_VALUE,1,false,598,projectId,,,1,__ecma.Number,__ecma.Number
111669149975,METHOD_PARAMETER_IN,,this,42,db/queries.ts::program,BY_VALUE,0,false,628,this,,,0,,db/queries.ts::program
111669149976,METHOD_PARAMETER_IN,,this,43,db/queries.ts::program,BY_VALUE,0,false,662,this,,,0,,db/queries.ts::program
111669149977,METHOD_PARAMETER_IN,,this,37,db/queries.ts::program,BY_VALUE,0,false,699,this,,,0,,db/queries.ts::program
111669149978,METHOD_PARAMETER_IN,,this,39,db/queries.ts::program,BY_VALUE,0,false,714,this,,,0,,db/queries.ts::program
111669149979,METHOD_PARAMETER_IN,,this,39,db/queries.ts::program,BY_VALUE,0,false,729,this,,,0,,db/queries.ts::program
111669149980,METHOD_PARAMETER_IN,,this,43,db/queries.ts::program,BY_VALUE,0,false,764,this,,,0,,db/queries.ts::program
111669149981,METHOD_PARAMETER_IN,,limit: number = 6,50,,BY_VALUE,1,false,764,limit: number,,,1,__ecma.Number,__ecma.Number
111669149982,METHOD_PARAMETER_IN,,this,0,db/queries.ts::program,BY_VALUE,0,false,1,this,,,0,,db/queries.ts::program
111669149983,METHOD_PARAMETER_IN,,this,13,index.ts::program,BY_VALUE,0,false,39,this,,,0,,index.ts::program
111669149984,METHOD_PARAMETER_IN,,req: Request,14,express:Request;Request,BY_VALUE,1,false,39,req,,,1,Request,express:Request
111669149985,METHOD_PARAMETER_IN,,res: Response,28,express:Response;Response,BY_VALUE,2,false,39,res,,,2,Response,express:Response
111669149986,METHOD_PARAMETER_IN,,this,8,index.ts::program,BY_VALUE,0,false,48,this,,,0,,index.ts::program
111669149987,METHOD_PARAMETER_IN,,req: Request,9,express:Request;Request,BY_VALUE,1,false,48,req,,,1,Request,express:Request
111669149988,METHOD_PARAMETER_IN,,res: Response,23,express:Response;Response,BY_VALUE,2,false,48,res,,,2,Response,express:Response
111669149989,METHOD_PARAMETER_IN,,this,21,index.ts::program,BY_VALUE,0,false,81,this,,,0,,index.ts::program
111669149990,METHOD_PARAMETER_IN,,this,20,index.ts::program,BY_VALUE,0,false,60,this,,,0,,index.ts::program
111669149991,METHOD_PARAMETER_IN,,this,0,index.ts::program,BY_VALUE,0,false,1,this,,,0,,index.ts::program
111669149992,METHOD_PARAMETER_IN,,this,28,middleware/errorHandler.ts::program,BY_VALUE,0,false,4,this,,,0,,middleware/errorHandler.ts::program
111669149993,METHOD_PARAMETER_IN,,err: Error,29,,BY_VALUE,1,false,4,err,,,1,Error,Error
111669149994,METHOD_PARAMETER_IN,,req: Request,41,express:Request;Request,BY_VALUE,2,false,4,req,,,2,Request,express:Request
111669149995,METHOD_PARAMETER_IN,,res: Response,55,express:Response;Response,BY_VALUE,3,false,4,res,,,3,Response,express:Response
111669149996,METHOD_PARAMETER_IN,,next: NextFunction,70,express:NextFunction;NextFunction,BY_VALUE,4,false,4,next,,,4,NextFunction,express:NextFunction
111669149997,METHOD_PARAMETER_IN,,this,0,middleware/errorHandler.ts::program,BY_VALUE,0,false,1,this,,,0,,middleware/errorHandler.ts::program
111669149998,METHOD_PARAMETER_IN,,this,0,routes/doraMetricsRoutes.ts::program,BY_VALUE,0,false,1,this,,,0,,routes/doraMetricsRoutes.ts::program
111669149999,METHOD_PARAMETER_IN,,this,22,routes/index.ts::program,BY_VALUE,0,false,19,this,,,0,,routes/index.ts::program
111669150000,METHOD_PARAMETER_IN,,req,23,,BY_VALUE,1,false,19,req,,,1,"Request<__ecma.Object, ANY, ANY, ParsedQs, Record<string, ANY>>","Request<__ecma.Object, ANY, ANY, ParsedQs, Record<string, ANY>>"
111669150001,METHOD_PARAMETER_IN,,res,28,,BY_VALUE,2,false,19,res,,,2,"Response<any, Record<string, ANY>, __ecma.Number>","Response<any, Record<string, ANY>, __ecma.Number>"
111669150002,METHOD_PARAMETER_IN,,this,29,routes/index.ts::program,BY_VALUE,0,false,24,this,,,0,,routes/index.ts::program
111669150003,METHOD_PARAMETER_IN,,req,36,,BY_VALUE,1,false,24,req,,,1,"Request<__ecma.Object, ANY, ANY, ParsedQs, Record<string, ANY>>","Request<__ecma.Object, ANY, ANY, ParsedQs, Record<string, ANY>>"
111669150004,METHOD_PARAMETER_IN,,res,41,,BY_VALUE,2,false,24,res,,,2,"Response<any, Record<string, ANY>, __ecma.Number>","Response<any, Record<string, ANY>, __ecma.Number>"
111669150005,METHOD_PARAMETER_IN,,this,0,routes/index.ts::program,BY_VALUE,0,false,1,this,,,0,,routes/index.ts::program
111669150006,METHOD_PARAMETER_IN,,this,0,routes/trackingRoutes.ts::program,BY_VALUE,0,false,1,this,,,0,,routes/trackingRoutes.ts::program
111669150007,METHOD_PARAMETER_IN,,this,31,schedulers/weeklyDoraSnapshotScheduler.ts::program,BY_VALUE,0,false,20,this,,,0,,schedulers/weeklyDoraSnapshotScheduler.ts::program
111669150008,METHOD_PARAMETER_IN,,this,47,schedulers/weeklyDoraSnapshotScheduler.ts::program,BY_VALUE,0,false,11,this,,,0,,schedulers/weeklyDoraSnapshotScheduler.ts::program
111669150009,METHOD_PARAMETER_IN,,this,0,schedulers/weeklyDoraSnapshotScheduler.ts::program,BY_VALUE,0,false,1,this,,,0,,schedulers/weeklyDoraSnapshotScheduler.ts::program
111669150010,METHOD_PARAMETER_IN,,this,0,services/ai/geminiService.ts::program:GeminiService,BY_VALUE,0,false,6,this,,,0,,services/ai/geminiService.ts::program:GeminiService
111669150011,METHOD_PARAMETER_IN,,this,2,services/ai/geminiService.ts::program:GeminiService,BY_VALUE,0,false,13,this,,,0,,services/ai/geminiService.ts::program:GeminiService
111669150012,METHOD_PARAMETER_IN,,this,28,services/ai/geminiService.ts::program:GeminiService,BY_VALUE,0,false,53,this,,,0,,services/ai/geminiService.ts::program:GeminiService
111669150013,METHOD_PARAMETER_IN,,resolve,28,,BY_VALUE,1,false,53,resolve,,,1,(value: ANY) => ANY,(value: ANY) => ANY
111669150014,METHOD_PARAMETER_IN,,this,2,services/ai/geminiService.ts::program:GeminiService,BY_VALUE,0,false,29,this,,,0,,services/ai/geminiService.ts::program:GeminiService
111669150015,METHOD_PARAMETER_IN,,prompt: string,29,,BY_VALUE,1,false,29,prompt,,,1,__ecma.String,__ecma.String
111669150016,METHOD_PARAMETER_IN,,maxRetries: number = 3,45,,BY_VALUE,2,false,29,maxRetries: number,,,2,__ecma.Number,__ecma.Number
111669150017,METHOD_PARAMETER_IN,,this,2,services/ai/geminiService.ts::program:GeminiService,BY_VALUE,0,false,70,this,,,0,,services/ai/geminiService.ts::program:GeminiService
111669150018,METHOD_PARAMETER_IN,,prompt: string,4,,BY_VALUE,1,false,71,prompt,,,1,__ecma.String,__ecma.String
111669150019,METHOD_PARAMETER_IN,,fileBase64: string,4,,BY_VALUE,2,false,72,fileBase64,,,2,__ecma.String,__ecma.String
111669150020,METHOD_PARAMETER_IN,,mimeType: string,4,,BY_VALUE,3,false,73,mimeType,,,3,__ecma.String,__ecma.String
111669150021,METHOD_PARAMETER_IN,,this,2,services/ai/geminiService.ts::program:GeminiService,BY_VALUE,0,false,105,this,,,0,,services/ai/geminiService.ts::program:GeminiService
111669150022,METHOD_PARAMETER_IN,,sheets: { [key: string]: any[] },38,,BY_VALUE,1,false,105,sheets,,,1,services/ai/geminiService.ts::program:GeminiService:extractProjectNameFromExcel:<anon-class>0,services/ai/geminiService.ts::program:GeminiService:extractProjectNameFromExcel:<anon-class>0
111669150023,METHOD_PARAMETER_IN,,this,2,services/ai/geminiService.ts::program:GeminiService,BY_VALUE,0,false,127,this,,,0,,services/ai/geminiService.ts::program:GeminiService
111669150024,METHOD_PARAMETER_IN,,projectName: string,37,,BY_VALUE,1,false,127,projectName,,,1,__ecma.String,__ecma.String
111669150025,METHOD_PARAMETER_IN,,this,2,services/ai/geminiService.ts::program:GeminiService,BY_VALUE,0,false,151,this,,,0,,services/ai/geminiService.ts::program:GeminiService
111669150026,METHOD_PARAMETER_IN,,userPrompt: string,4,,BY_VALUE,1,false,152,userPrompt,,,1,__ecma.String,__ecma.String
111669150027,METHOD_PARAMETER_IN,,sheets: { [key: string]: any[] },4,,BY_VALUE,2,false,153,sheets,,,2,services/ai/geminiService.ts::program:GeminiService:buildEnhancedPrompt:<anon-class>2,services/ai/geminiService.ts::program:GeminiService:buildEnhancedPrompt:<anon-class>2
111669150028,METHOD_PARAMETER_IN,,projectSnapshot: any | null,4,,BY_VALUE,3,false,154,projectSnapshot,,,3,ANY,ANY
111669150029,METHOD_PARAMETER_IN,,this,34,services/ai/geminiService.ts::program:GeminiService,BY_VALUE,0,false,216,this,,,0,,services/ai/geminiService.ts::program:GeminiService
111669150030,METHOD_PARAMETER_IN,,sheetName,35,,BY_VALUE,1,false,216,sheetName,,,1,__ecma.String,__ecma.String
111669150031,METHOD_PARAMETER_IN,,this,2,services/ai/geminiService.ts::program:GeminiService,BY_VALUE,0,false,199,this,,,0,,services/ai/geminiService.ts::program:GeminiService
111669150032,METHOD_PARAMETER_IN,,prompt: string,4,,BY_VALUE,1,false,200,prompt,,,1,__ecma.String,__ecma.String
111669150033,METHOD_PARAMETER_IN,,excelBase64: string,4,,BY_VALUE,2,false,201,excelBase64,,,2,__ecma.String,__ecma.String
111669150034,METHOD_PARAMETER_IN,,this,2,services/ai/geminiService.ts::program:GeminiService,BY_VALUE,0,false,250,this,,,0,,services/ai/geminiService.ts::program:GeminiService
111669150035,METHOD_PARAMETER_IN,,prompt: string,4,,BY_VALUE,1,false,251,prompt,,,1,__ecma.String,__ecma.String
111669150036,METHOD_PARAMETER_IN,,pdfBase64: string,4,,BY_VALUE,2,false,252,pdfBase64,,,2,__ecma.String,__ecma.String
111669150037,METHOD_PARAMETER_IN,,mimeType: string = 'application/pdf',4,,BY_VALUE,3,false,253,mimeType: string,,,3,__ecma.String,__ecma.String
111669150038,METHOD_PARAMETER_IN,,this,2,services/ai/geminiService.ts::program:GeminiService,BY_VALUE,0,false,261,this,,,0,,services/ai/geminiService.ts::program:GeminiService
111669150039,METHOD_PARAMETER_IN,,this,0,services/ai/geminiService.ts::program,BY_VALUE,0,false,1,this,,,0,,services/ai/geminiService.ts::program
111669150040,METHOD_PARAMETER_IN,,this,0,services/ai/googleSheetsService.ts::program:GoogleSheetsService,BY_VALUE,0,false,4,this,,,0,,services/ai/googleSheetsService.ts::program:GoogleSheetsService
111669150041,METHOD_PARAMETER_IN,,this,2,services/ai/googleSheetsService.ts::program:GoogleSheetsService,BY_VALUE,0,false,10,this,,,0,,services/ai/googleSheetsService.ts::program:GoogleSheetsService
111669150042,METHOD_PARAMETER_IN,,url: string,23,,BY_VALUE,1,false,10,url,,,1,__ecma.String,__ecma.String
111669150043,METHOD_PARAMETER_IN,,this,2,services/ai/googleSheetsService.ts::program:GoogleSheetsService,BY_VALUE,0,false,23,this,,,0,,services/ai/googleSheetsService.ts::program:GoogleSheetsService
111669150044,METHOD_PARAMETER_IN,,spreadsheetUrl: string,24,,BY_VALUE,1,false,23,spreadsheetUrl,,,1,__ecma.String,__ecma.String
111669150045,METHOD_PARAMETER_IN,,this,0,services/ai/googleSheetsService.ts::program,BY_VALUE,0,false,1,this,,,0,,services/ai/googleSheetsService.ts::program
111669150046,METHOD_PARAMETER_IN,,this,28,services/ai/insightsParser.ts::program,BY_VALUE,0,false,6,this,,,0,,services/ai/insightsParser.ts::program
111669150047,METHOD_PARAMETER_IN,,detailedCalc: string,29,,BY_VALUE,1,false,6,detailedCalc,,,1,__ecma.String,__ecma.String
111669150048,METHOD_PARAMETER_IN,,sectionName: string,51,,BY_VALUE,2,false,6,sectionName,,,2,__ecma.String,__ecma.String
111669150049,METHOD_PARAMETER_IN,,this,24,services/ai/insightsParser.ts::program,BY_VALUE,0,false,50,this,,,0,,services/ai/insightsParser.ts::program
111669150050,METHOD_PARAMETER_IN,,jsonStr: string,25,,BY_VALUE,1,false,50,jsonStr,,,1,__ecma.String,__ecma.String
111669150051,METHOD_PARAMETER_IN,,this,56,services/ai/insightsParser.ts::program,BY_VALUE,0,false,110,this,,,0,,services/ai/insightsParser.ts::program
111669150052,METHOD_PARAMETER_IN,,section: any,57,,BY_VALUE,1,false,110,section,,,1,ANY,ANY
111669150053,METHOD_PARAMETER_IN,,this,39,services/ai/insightsParser.ts::program,BY_VALUE,0,false,63,this,,,0,,services/ai/insightsParser.ts::program
111669150054,METHOD_PARAMETER_IN,,rawResponse: string,40,,BY_VALUE,1,false,63,rawResponse,,,1,__ecma.String,__ecma.String
111669150055,METHOD_PARAMETER_IN,,this,0,services/ai/insightsParser.ts::program,BY_VALUE,0,false,1,this,,,0,,services/ai/insightsParser.ts::program
111669150056,METHOD_PARAMETER_IN,,this,0,services/ai/projectInsightsService.ts::program:ProjectInsightsService,BY_VALUE,0,false,9,this,,,0,,services/ai/projectInsightsService.ts::program:ProjectInsightsService
111669150057,METHOD_PARAMETER_IN,,this,2,services/ai/projectInsightsService.ts::program:ProjectInsightsService,BY_VALUE,0,false,16,this,,,0,,services/ai/projectInsightsService.ts::program:ProjectInsightsService
111669150058,METHOD_PARAMETER_IN,,this,2,services/ai/projectInsightsService.ts::program:ProjectInsightsService,BY_VALUE,0,false,32,this,,,0,,services/ai/projectInsightsService.ts::program:ProjectInsightsService
111669150059,METHOD_PARAMETER_IN,,sheets: { [key: string]: any[] },4,,BY_VALUE,1,false,33,sheets,,,1,services/ai/projectInsightsService.ts::program:ProjectInsightsService:extractProjectRow:<anon-class>0,services/ai/projectInsightsService.ts::program:ProjectInsightsService:extractProjectRow:<anon-class>0
111669150060,METHOD_PARAMETER_IN,,projectName: string,4,,BY_VALUE,2,false,34,projectName,,,2,__ecma.String,__ecma.String
111669150061,METHOD_PARAMETER_IN,,this,2,services/ai/projectInsightsService.ts::program:ProjectInsightsService,BY_VALUE,0,false,67,this,,,0,,services/ai/projectInsightsService.ts::program:ProjectInsightsService
111669150062,METHOD_PARAMETER_IN,,basePrompt: string,4,,BY_VALUE,1,false,68,basePrompt,,,1,__ecma.String,__ecma.String
111669150063,METHOD_PARAMETER_IN,,projectName: string,4,,BY_VALUE,2,false,69,projectName,,,2,__ecma.String,__ecma.String
111669150064,METHOD_PARAMETER_IN,,projectRow: any,4,,BY_VALUE,3,false,70,projectRow,,,3,ANY,ANY
111669150065,METHOD_PARAMETER_IN,,projectSnapshot: any,4,,BY_VALUE,4,false,71,projectSnapshot,,,4,ANY,ANY
111669150066,METHOD_PARAMETER_IN,,this,34,services/ai/projectInsightsService.ts::program:ProjectInsightsService,BY_VALUE,0,false,133,this,,,0,,services/ai/projectInsightsService.ts::program:ProjectInsightsService
111669150067,METHOD_PARAMETER_IN,,sheetName,35,,BY_VALUE,1,false,133,sheetName,,,1,__ecma.String,__ecma.String
111669150068,METHOD_PARAMETER_IN,,this,2,services/ai/projectInsightsService.ts::program:ProjectInsightsService,BY_VALUE,0,false,118,this,,,0,,services/ai/projectInsightsService.ts::program:ProjectInsightsService
111669150069,METHOD_PARAMETER_IN,,projectName: string,25,,BY_VALUE,1,false,118,projectName,,,1,__ecma.String,__ecma.String
111669150070,METHOD_PARAMETER_IN,,this,0,services/ai/projectInsightsService.ts::program,BY_VALUE,0,false,1,this,,,0,,services/ai/projectInsightsService.ts::program
111669150071,METHOD_PARAMETER_IN,,this,0,services/commitMetrics/commitMetricsCalculationService.ts::program:CommitMetricsCalculationService,BY_VALUE,0,false,7,this,,,0,,services/commitMetrics/commitMetricsCalculationService.ts::program:CommitMetricsCalculationService
111669150072,METHOD_PARAMETER_IN,,this,59,services/commitMetrics/commitMetricsCalculationService.ts::program:CommitMetricsCalculationService,BY_VALUE,0,false,34,this,,,0,,services/commitMetrics/commitMetricsCalculationService.ts::program:CommitMetricsCalculationService
111669150073,METHOD_PARAMETER_IN,,commit: any,60,,BY_VALUE,1,false,34,commit,,,1,ANY,ANY
111669150074,METHOD_PARAMETER_IN,,this,2,services/commitMetrics/commitMetricsCalculationService.ts::program:CommitMetricsCalculationService,BY_VALUE,0,false,12,this,,,0,,services/commitMetrics/commitMetricsCalculationService.ts::program:CommitMetricsCalculationService
111669150075,METHOD_PARAMETER_IN,,projectId: number,4,,BY_VALUE,1,false,13,projectId,,,1,__ecma.Number,__ecma.Number
111669150076,METHOD_PARAMETER_IN,,commitsLast7d: GitLabCommit[],4,,BY_VALUE,2,false,14,commitsLast7d,,,2,__ecma.Array,__ecma.Array
111669150077,METHOD_PARAMETER_IN,,totalCommitCount: number,4,,BY_VALUE,3,false,15,totalCommitCount,,,3,__ecma.Number,__ecma.Number
111669150078,METHOD_PARAMETER_IN,,this,20,services/commitMetrics/commitMetricsCalculationService.ts::program:CommitMetricsCalculationService,BY_VALUE,0,false,65,this,,,0,,services/commitMetrics/commitMetricsCalculationService.ts::program:CommitMetricsCalculationService
111669150079,METHOD_PARAMETER_IN,,commit: any,21,,BY_VALUE,1,false,65,commit,,,1,ANY,ANY
111669150080,METHOD_PARAMETER_IN,,this,2,services/commitMetrics/commitMetricsCalculationService.ts::program:CommitMetricsCalculationService,BY_VALUE,0,false,61,this,,,0,,services/commitMetrics/commitMetricsCalculationService.ts::program:CommitMetricsCalculationService
111669150081,METHOD_PARAMETER_IN,,commits: GitLabCommit[],33,,BY_VALUE,1,false,61,commits,,,1,__ecma.Array,__ecma.Array
111669150082,METHOD_PARAMETER_IN,,this,20,services/commitMetrics/commitMetricsCalculationService.ts::program:CommitMetricsCalculationService,BY_VALUE,0,false,94,this,,,0,,services/commitMetrics/commitMetricsCalculationService.ts::program:CommitMetricsCalculationService
111669150083,METHOD_PARAMETER_IN,,commit: any,21,,BY_VALUE,1,false,94,commit,,,1,ANY,ANY
111669150084,METHOD_PARAMETER_IN,,this,2,services/commitMetrics/commitMetricsCalculationService.ts::program:CommitMetricsCalculationService,BY_VALUE,0,false,90,this,,,0,,services/commitMetrics/commitMetricsCalculationService.ts::program:CommitMetricsCalculationService
111669150085,METHOD_PARAMETER_IN,,commits: GitLabCommit[],37,,BY_VALUE,1,false,90,commits,,,1,__ecma.Array,__ecma.Array
111669150086,METHOD_PARAMETER_IN,,this,20,services/commitMetrics/commitMetricsCalculationService.ts::program:CommitMetricsCalculationService,BY_VALUE,0,false,121,this,,,0,,services/commitMetrics/commitMetricsCalculationService.ts::program:CommitMetricsCalculationService
111669150087,METHOD_PARAMETER_IN,,commit,21,,BY_VALUE,1,false,121,commit,,,1,GitLabCommit,GitLabCommit
111669150088,METHOD_PARAMETER_IN,,this,6,services/commitMetrics/commitMetricsCalculationService.ts::program:CommitMetricsCalculationService,BY_VALUE,0,false,151,this,,,0,,services/commitMetrics/commitMetricsCalculationService.ts::program:CommitMetricsCalculationService
111669150089,METHOD_PARAMETER_IN,,c,6,,BY_VALUE,1,false,151,c,,,1,ContributorCommitData,ContributorCommitData
111669150090,METHOD_PARAMETER_IN,,this,2,services/commitMetrics/commitMetricsCalculationService.ts::program:CommitMetricsCalculationService,BY_VALUE,0,false,117,this,,,0,,services/commitMetrics/commitMetricsCalculationService.ts::program:CommitMetricsCalculationService
111669150091,METHOD_PARAMETER_IN,,commits: GitLabCommit[],29,,BY_VALUE,1,false,117,commits,,,1,__ecma.Array,__ecma.Array
111669150092,METHOD_PARAMETER_IN,,this,0,services/commitMetrics/commitMetricsCalculationService.ts::program,BY_VALUE,0,false,1,this,,,0,,services/commitMetrics/commitMetricsCalculationService.ts::program
111669150093,METHOD_PARAMETER_IN,,this,0,services/commitMetrics/commitMetricsDbService.ts::program:CommitMetricsDbService,BY_VALUE,0,false,9,this,,,0,,services/commitMetrics/commitMetricsDbService.ts::program:CommitMetricsDbService
111669150094,METHOD_PARAMETER_IN,,this,2,services/commitMetrics/commitMetricsDbService.ts::program:CommitMetricsDbService,BY_VALUE,0,false,14,this,,,0,,services/commitMetrics/commitMetricsDbService.ts::program:CommitMetricsDbService
111669150095,METHOD_PARAMETER_IN,,projectId: number,4,,BY_VALUE,1,false,15,projectId,,,1,__ecma.Number,__ecma.Number
111669150096,METHOD_PARAMETER_IN,,metrics: CommitMetricsCalculationResult,4,,BY_VALUE,2,false,16,metrics,,,2,CommitMetricsCalculationResult,CommitMetricsCalculationResult
111669150097,METHOD_PARAMETER_IN,,this,2,services/commitMetrics/commitMetricsDbService.ts::program:CommitMetricsDbService,BY_VALUE,0,false,72,this,,,0,,services/commitMetrics/commitMetricsDbService.ts::program:CommitMetricsDbService
111669150098,METHOD_PARAMETER_IN,,projectId: number,31,,BY_VALUE,1,false,72,projectId,,,1,__ecma.Number,__ecma.Number
111669150099,METHOD_PARAMETER_IN,,this,2,services/commitMetrics/commitMetricsDbService.ts::program:CommitMetricsDbService,BY_VALUE,0,false,128,this,,,0,,services/commitMetrics/commitMetricsDbService.ts::program:CommitMetricsDbService
111669150100,METHOD_PARAMETER_IN,,projectId: number,19,,BY_VALUE,1,false,128,projectId,,,1,__ecma.Number,__ecma.Number
111669150101,METHOD_PARAMETER_IN,,this,2,services/commitMetrics/commitMetricsDbService.ts::program:CommitMetricsDbService,BY_VALUE,0,false,148,this,,,0,,services/commitMetrics/commitMetricsDbService.ts::program:CommitMetricsDbService
111669150102,METHOD_PARAMETER_IN,,projectId: number,22,,BY_VALUE,1,false,148,projectId,,,1,__ecma.Number,__ecma.Number
111669150103,METHOD_PARAMETER_IN,,this,2,services/commitMetrics/commitMetricsDbService.ts::program:CommitMetricsDbService,BY_VALUE,0,false,167,this,,,0,,services/commitMetrics/commitMetricsDbService.ts::program:CommitMetricsDbService
111669150104,METHOD_PARAMETER_IN,,projectId: number,4,,BY_VALUE,1,false,168,projectId,,,1,__ecma.Number,__ecma.Number
111669150105,METHOD_PARAMETER_IN,,days: number = 30,4,,BY_VALUE,2,false,169,days: number,,,2,__ecma.Number,__ecma.Number
111669150106,METHOD_PARAMETER_IN,,this,2,services/commitMetrics/commitMetricsDbService.ts::program:CommitMetricsDbService,BY_VALUE,0,false,190,this,,,0,,services/commitMetrics/commitMetricsDbService.ts::program:CommitMetricsDbService
111669150107,METHOD_PARAMETER_IN,,projectId: number,22,,BY_VALUE,1,false,190,projectId,,,1,__ecma.Number,__ecma.Number
111669150108,METHOD_PARAMETER_IN,,this,0,services/commitMetrics/commitMetricsDbService.ts::program,BY_VALUE,0,false,1,this,,,0,,services/commitMetrics/commitMetricsDbService.ts::program
111669150109,METHOD_PARAMETER_IN,,this,0,services/commitMetrics/commitMetricsSyncService.ts::program:CommitMetricsSyncService,BY_VALUE,0,false,10,this,,,0,,services/commitMetrics/commitMetricsSyncService.ts::program:CommitMetricsSyncService
111669150110,METHOD_PARAMETER_IN,,this,2,services/commitMetrics/commitMetricsSyncService.ts::program:CommitMetricsSyncService,BY_VALUE,0,false,15,this,,,0,,services/commitMetrics/commitMetricsSyncService.ts::program:CommitMetricsSyncService
111669150111,METHOD_PARAMETER_IN,,projectId: number,26,,BY_VALUE,1,false,15,projectId,,,1,__ecma.Number,__ecma.Number
111669150112,METHOD_PARAMETER_IN,,this,2,services/commitMetrics/commitMetricsSyncService.ts::program:CommitMetricsSyncService,BY_VALUE,0,false,55,this,,,0,,services/commitMetrics/commitMetricsSyncService.ts::program:CommitMetricsSyncService
111669150113,METHOD_PARAMETER_IN,,projectId: number,32,,BY_VALUE,1,false,55,projectId,,,1,__ecma.Number,__ecma.Number
111669150114,METHOD_PARAMETER_IN,,this,0,services/commitMetrics/commitMetricsSyncService.ts::program,BY_VALUE,0,false,1,this,,,0,,services/commitMetrics/commitMetricsSyncService.ts::program
111669150115,METHOD_PARAMETER_IN,,this,43,services/doraMetrics/doraMetricsCalculationService.ts::program,BY_VALUE,0,false,12,this,,,0,,services/doraMetrics/doraMetricsCalculationService.ts::program
111669150116,METHOD_PARAMETER_IN,,projectId: number,2,,BY_VALUE,1,false,13,projectId,,,1,__ecma.Number,__ecma.Number
111669150117,METHOD_PARAMETER_IN,,days: number = 30,2,,BY_VALUE,2,false,14,days: number,,,2,__ecma.Number,__ecma.Number
111669150118,METHOD_PARAMETER_IN,,this,0,services/doraMetrics/doraMetricsCalculationService.ts::program,BY_VALUE,0,false,1,this,,,0,,services/doraMetrics/doraMetricsCalculationService.ts::program
111669150119,METHOD_PARAMETER_IN,,this,39,services/doraMetrics/doraMetricsDbService.ts::program,BY_VALUE,0,false,19,this,,,0,,services/doraMetrics/doraMetricsDbService.ts::program
111669150120,METHOD_PARAMETER_IN,,data: DeploymentFrequencyInput,2,,BY_VALUE,1,false,20,data,,,1,DeploymentFrequencyInput,DeploymentFrequencyInput
111669150121,METHOD_PARAMETER_IN,,this,34,services/doraMetrics/doraMetricsDbService.ts::program,BY_VALUE,0,false,51,this,,,0,,services/doraMetrics/doraMetricsDbService.ts::program
111669150122,METHOD_PARAMETER_IN,,data: LeadTimeChangeInput,2,,BY_VALUE,1,false,52,data,,,1,LeadTimeChangeInput,LeadTimeChangeInput
111669150123,METHOD_PARAMETER_IN,,this,37,services/doraMetrics/doraMetricsDbService.ts::program,BY_VALUE,0,false,87,this,,,0,,services/doraMetrics/doraMetricsDbService.ts::program
111669150124,METHOD_PARAMETER_IN,,data: ChangeFailureRateInput,2,,BY_VALUE,1,false,88,data,,,1,ChangeFailureRateInput,ChangeFailureRateInput
111669150125,METHOD_PARAMETER_IN,,this,40,services/doraMetrics/doraMetricsDbService.ts::program,BY_VALUE,0,false,119,this,,,0,,services/doraMetrics/doraMetricsDbService.ts::program
111669150126,METHOD_PARAMETER_IN,,data: TimeToRestoreServiceInput,2,,BY_VALUE,1,false,120,data,,,1,TimeToRestoreServiceInput,TimeToRestoreServiceInput
111669150127,METHOD_PARAMETER_IN,,this,47,services/doraMetrics/doraMetricsDbService.ts::program,BY_VALUE,0,false,157,this,,,0,,services/doraMetrics/doraMetricsDbService.ts::program
111669150128,METHOD_PARAMETER_IN,,projectId: number,2,,BY_VALUE,1,false,158,projectId,,,1,__ecma.Number,__ecma.Number
111669150129,METHOD_PARAMETER_IN,,days: number = 30,2,,BY_VALUE,2,false,159,days: number,,,2,__ecma.Number,__ecma.Number
111669150130,METHOD_PARAMETER_IN,,this,43,services/doraMetrics/doraMetricsDbService.ts::program,BY_VALUE,0,false,177,this,,,0,,services/doraMetrics/doraMetricsDbService.ts::program
111669150131,METHOD_PARAMETER_IN,,projectId: number,2,,BY_VALUE,1,false,178,projectId,,,1,__ecma.Number,__ecma.Number
111669150132,METHOD_PARAMETER_IN,,days: number = 30,2,,BY_VALUE,2,false,179,days: number,,,2,__ecma.Number,__ecma.Number
111669150133,METHOD_PARAMETER_IN,,this,45,services/doraMetrics/doraMetricsDbService.ts::program,BY_VALUE,0,false,197,this,,,0,,services/doraMetrics/doraMetricsDbService.ts::program
111669150134,METHOD_PARAMETER_IN,,projectId: number,2,,BY_VALUE,1,false,198,projectId,,,1,__ecma.Number,__ecma.Number
111669150135,METHOD_PARAMETER_IN,,days: number = 30,2,,BY_VALUE,2,false,199,days: number,,,2,__ecma.Number,__ecma.Number
111669150136,METHOD_PARAMETER_IN,,this,48,services/doraMetrics/doraMetricsDbService.ts::program,BY_VALUE,0,false,217,this,,,0,,services/doraMetrics/doraMetricsDbService.ts::program
111669150137,METHOD_PARAMETER_IN,,projectId: number,2,,BY_VALUE,1,false,218,projectId,,,1,__ecma.Number,__ecma.Number
111669150138,METHOD_PARAMETER_IN,,days: number = 30,2,,BY_VALUE,2,false,219,days: number,,,2,__ecma.Number,__ecma.Number
111669150139,METHOD_PARAMETER_IN,,this,43,services/doraMetrics/doraMetricsDbService.ts::program,BY_VALUE,0,false,237,this,,,0,,services/doraMetrics/doraMetricsDbService.ts::program
111669150140,METHOD_PARAMETER_IN,,projectId: number,2,,BY_VALUE,1,false,238,projectId,,,1,__ecma.Number,__ecma.Number
111669150141,METHOD_PARAMETER_IN,,searchTerm: string,2,,BY_VALUE,2,false,239,searchTerm,,,2,__ecma.String,__ecma.String
111669150142,METHOD_PARAMETER_IN,,limit: number = 10,2,,BY_VALUE,3,false,240,limit: number,,,3,__ecma.Number,__ecma.Number
111669150143,METHOD_PARAMETER_IN,,this,41,services/doraMetrics/doraMetricsDbService.ts::program,BY_VALUE,0,false,259,this,,,0,,services/doraMetrics/doraMetricsDbService.ts::program
111669150144,METHOD_PARAMETER_IN,,uuid: string,48,,BY_VALUE,1,false,259,uuid,,,1,__ecma.String,__ecma.String
111669150145,METHOD_PARAMETER_IN,,this,36,services/doraMetrics/doraMetricsDbService.ts::program,BY_VALUE,0,false,268,this,,,0,,services/doraMetrics/doraMetricsDbService.ts::program
111669150146,METHOD_PARAMETER_IN,,uuid: string,43,,BY_VALUE,1,false,268,uuid,,,1,__ecma.String,__ecma.String
111669150147,METHOD_PARAMETER_IN,,this,39,services/doraMetrics/doraMetricsDbService.ts::program,BY_VALUE,0,false,277,this,,,0,,services/doraMetrics/doraMetricsDbService.ts::program
111669150148,METHOD_PARAMETER_IN,,uuid: string,46,,BY_VALUE,1,false,277,uuid,,,1,__ecma.String,__ecma.String
111669150149,METHOD_PARAMETER_IN,,this,42,services/doraMetrics/doraMetricsDbService.ts::program,BY_VALUE,0,false,286,this,,,0,,services/doraMetrics/doraMetricsDbService.ts::program
111669150150,METHOD_PARAMETER_IN,,uuid: string,49,,BY_VALUE,1,false,286,uuid,,,1,__ecma.String,__ecma.String
111669150151,METHOD_PARAMETER_IN,,this,0,services/doraMetrics/doraMetricsDbService.ts::program,BY_VALUE,0,false,1,this,,,0,,services/doraMetrics/doraMetricsDbService.ts::program
111669150152,METHOD_PARAMETER_IN,,this,0,services/doraMetrics/doraTrendsService.ts::program,BY_VALUE,0,false,52,this,,,0,,services/doraMetrics/doraTrendsService.ts::program
111669150153,METHOD_PARAMETER_IN,,current: number,24,,BY_VALUE,1,false,52,current,,,1,__ecma.Number,__ecma.Number
111669150154,METHOD_PARAMETER_IN,,previous: number,41,,BY_VALUE,2,false,52,previous,,,2,__ecma.Number,__ecma.Number
111669150155,METHOD_PARAMETER_IN,,lowerIsBetter: boolean = false,59,,BY_VALUE,3,false,52,lowerIsBetter: boolean,,,3,__ecma.Boolean,__ecma.Boolean
111669150156,METHOD_PARAMETER_IN,,this,7,services/doraMetrics/doraTrendsService.ts::program:DoraTrendDataPoint,BY_VALUE,0,false,6,this,,,0,,services/doraMetrics/doraTrendsService.ts::program:DoraTrendDataPoint
111669150157,METHOD_PARAMETER_IN,,this,7,services/doraMetrics/doraTrendsService.ts::program:DoraTrendResponse,BY_VALUE,0,false,18,this,,,0,,services/doraMetrics/doraTrendsService.ts::program:DoraTrendResponse
111669150158,METHOD_PARAMETER_IN,,this,32,services/doraMetrics/doraTrendsService.ts::program,BY_VALUE,0,false,205,this,,,0,,services/doraMetrics/doraTrendsService.ts::program
111669150159,METHOD_PARAMETER_IN,,row,32,,BY_VALUE,1,false,205,row,,,1,ANY,ANY
111669150160,METHOD_PARAMETER_IN,,this,30,services/doraMetrics/doraTrendsService.ts::program,BY_VALUE,0,false,206,this,,,0,,services/doraMetrics/doraTrendsService.ts::program
111669150161,METHOD_PARAMETER_IN,,row,30,,BY_VALUE,1,false,206,row,,,1,ANY,ANY
111669150162,METHOD_PARAMETER_IN,,this,29,services/doraMetrics/doraTrendsService.ts::program,BY_VALUE,0,false,207,this,,,0,,services/doraMetrics/doraTrendsService.ts::program
111669150163,METHOD_PARAMETER_IN,,row,29,,BY_VALUE,1,false,207,row,,,1,ANY,ANY
111669150164,METHOD_PARAMETER_IN,,this,29,services/doraMetrics/doraTrendsService.ts::program,BY_VALUE,0,false,208,this,,,0,,services/doraMetrics/doraTrendsService.ts::program
111669150165,METHOD_PARAMETER_IN,,row,29,,BY_VALUE,1,false,208,row,,,1,ANY,ANY
111669150166,METHOD_PARAMETER_IN,,this,21,services/doraMetrics/doraTrendsService.ts::program,BY_VALUE,0,false,211,this,,,0,,services/doraMetrics/doraTrendsService.ts::program
111669150167,METHOD_PARAMETER_IN,,period,21,,BY_VALUE,1,false,211,period,,,1,__ecma.String,__ecma.String
111669150168,METHOD_PARAMETER_IN,,this,32,services/doraMetrics/doraTrendsService.ts::program,BY_VALUE,0,false,226,this,,,0,,services/doraMetrics/doraTrendsService.ts::program
111669150169,METHOD_PARAMETER_IN,,row,32,,BY_VALUE,1,false,226,row,,,1,ANY,ANY
111669150170,METHOD_PARAMETER_IN,,this,30,services/doraMetrics/doraTrendsService.ts::program,BY_VALUE,0,false,235,this,,,0,,services/doraMetrics/doraTrendsService.ts::program
111669150171,METHOD_PARAMETER_IN,,row,30,,BY_VALUE,1,false,235,row,,,1,ANY,ANY
111669150172,METHOD_PARAMETER_IN,,this,29,services/doraMetrics/doraTrendsService.ts::program,BY_VALUE,0,false,244,this,,,0,,services/doraMetrics/doraTrendsService.ts::program
111669150173,METHOD_PARAMETER_IN,,row,29,,BY_VALUE,1,false,244,row,,,1,ANY,ANY
111669150174,METHOD_PARAMETER_IN,,this,29,services/doraMetrics/doraTrendsService.ts::program,BY_VALUE,0,false,253,this,,,0,,services/doraMetrics/doraTrendsService.ts::program
111669150175,METHOD_PARAMETER_IN,,row,29,,BY_VALUE,1,false,253,row,,,1,ANY,ANY
111669150176,METHOD_PARAMETER_IN,,this,51,services/doraMetrics/doraTrendsService.ts::program,BY_VALUE,0,false,261,this,,,0,,services/doraMetrics/doraTrendsService.ts::program
111669150177,METHOD_PARAMETER_IN,,a,52,,BY_VALUE,1,false,261,a,,,1,DoraTrendDataPoint,DoraTrendDataPoint
111669150178,METHOD_PARAMETER_IN,,b,55,,BY_VALUE,2,false,261,b,,,2,DoraTrendDataPoint,DoraTrendDataPoint
111669150179,METHOD_PARAMETER_IN,,this,35,services/doraMetrics/doraTrendsService.ts::program,BY_VALUE,0,false,266,this,,,0,,services/doraMetrics/doraTrendsService.ts::program
111669150180,METHOD_PARAMETER_IN,,d,35,,BY_VALUE,1,false,266,d,,,1,DoraTrendDataPoint,DoraTrendDataPoint
111669150181,METHOD_PARAMETER_IN,,this,71,services/doraMetrics/doraTrendsService.ts::program,BY_VALUE,0,false,266,this,,,0,,services/doraMetrics/doraTrendsService.ts::program
111669150182,METHOD_PARAMETER_IN,,d,71,,BY_VALUE,1,false,266,d,,,1,__ecma.Number,__ecma.Number
111669150183,METHOD_PARAMETER_IN,,this,29,services/doraMetrics/doraTrendsService.ts::program,BY_VALUE,0,false,267,this,,,0,,services/doraMetrics/doraTrendsService.ts::program
111669150184,METHOD_PARAMETER_IN,,d,29,,BY_VALUE,1,false,267,d,,,1,DoraTrendDataPoint,DoraTrendDataPoint
111669150185,METHOD_PARAMETER_IN,,this,64,services/doraMetrics/doraTrendsService.ts::program,BY_VALUE,0,false,267,this,,,0,,services/doraMetrics/doraTrendsService.ts::program
111669150186,METHOD_PARAMETER_IN,,d,64,,BY_VALUE,1,false,267,d,,,1,__ecma.Number,__ecma.Number
111669150187,METHOD_PARAMETER_IN,,this,32,services/doraMetrics/doraTrendsService.ts::program,BY_VALUE,0,false,268,this,,,0,,services/doraMetrics/doraTrendsService.ts::program
111669150188,METHOD_PARAMETER_IN,,d,32,,BY_VALUE,1,false,268,d,,,1,DoraTrendDataPoint,DoraTrendDataPoint
111669150189,METHOD_PARAMETER_IN,,this,32,services/doraMetrics/doraTrendsService.ts::program,BY_VALUE,0,false,269,this,,,0,,services/doraMetrics/doraTrendsService.ts::program
111669150190,METHOD_PARAMETER_IN,,d,32,,BY_VALUE,1,false,269,d,,,1,DoraTrendDataPoint,DoraTrendDataPoint
111669150191,METHOD_PARAMETER_IN,,this,70,services/doraMetrics/doraTrendsService.ts::program,BY_VALUE,0,false,269,this,,,0,,services/doraMetrics/doraTrendsService.ts::program
111669150192,METHOD_PARAMETER_IN,,d,70,,BY_VALUE,1,false,269,d,,,1,__ecma.Number,__ecma.Number
111669150193,METHOD_PARAMETER_IN,,this,29,services/doraMetrics/doraTrendsService.ts::program,BY_VALUE,0,false,281,this,,,0,,services/doraMetrics/doraTrendsService.ts::program
111669150194,METHOD_PARAMETER_IN,,a,30,,BY_VALUE,1,false,281,a,,,1,__ecma.Number,__ecma.Number
111669150195,METHOD_PARAMETER_IN,,b,33,,BY_VALUE,2,false,281,b,,,2,__ecma.Number,__ecma.Number
111669150196,METHOD_PARAMETER_IN,,this,23,services/doraMetrics/doraTrendsService.ts::program,BY_VALUE,0,false,284,this,,,0,,services/doraMetrics/doraTrendsService.ts::program
111669150197,METHOD_PARAMETER_IN,,a,24,,BY_VALUE,1,false,284,a,,,1,__ecma.Number,__ecma.Number
111669150198,METHOD_PARAMETER_IN,,b,27,,BY_VALUE,2,false,284,b,,,2,__ecma.Number,__ecma.Number
111669150199,METHOD_PARAMETER_IN,,this,26,services/doraMetrics/doraTrendsService.ts::program,BY_VALUE,0,false,287,this,,,0,,services/doraMetrics/doraTrendsService.ts::program
111669150200,METHOD_PARAMETER_IN,,a,27,,BY_VALUE,1,false,287,a,,,1,__ecma.Number,__ecma.Number
111669150201,METHOD_PARAMETER_IN,,b,30,,BY_VALUE,2,false,287,b,,,2,__ecma.Number,__ecma.Number
111669150202,METHOD_PARAMETER_IN,,this,26,services/doraMetrics/doraTrendsService.ts::program,BY_VALUE,0,false,290,this,,,0,,services/doraMetrics/doraTrendsService.ts::program
111669150203,METHOD_PARAMETER_IN,,a,27,,BY_VALUE,1,false,290,a,,,1,__ecma.Number,__ecma.Number
111669150204,METHOD_PARAMETER_IN,,b,30,,BY_VALUE,2,false,290,b,,,2,__ecma.Number,__ecma.Number
111669150205,METHOD_PARAMETER_IN,,this,29,services/doraMetrics/doraTrendsService.ts::program,BY_VALUE,0,false,82,this,,,0,,services/doraMetrics/doraTrendsService.ts::program
111669150206,METHOD_PARAMETER_IN,,projectId: number,2,,BY_VALUE,1,false,83,projectId,,,1,__ecma.Number,__ecma.Number
111669150207,METHOD_PARAMETER_IN,,granularity: 'weekly' | 'monthly' | 'yearly' = 'monthly',2,,BY_VALUE,2,false,84,granularity: 'weekly' | 'monthly' | 'yearly',,,2,ANY,ANY
111669150208,METHOD_PARAMETER_IN,,periods: number = 12,2,,BY_VALUE,3,false,85,periods: number,,,3,__ecma.Number,__ecma.Number
111669150209,METHOD_PARAMETER_IN,,offset: number = 0,2,,BY_VALUE,4,false,86,offset: number,,,4,__ecma.Number,__ecma.Number
111669150210,METHOD_PARAMETER_IN,,this,0,services/doraMetrics/doraTrendsService.ts::program,BY_VALUE,0,false,1,this,,,0,,services/doraMetrics/doraTrendsService.ts::program
111669150211,METHOD_PARAMETER_IN,,this,0,services/doraMetrics/weeklyDoraSnapshotService.ts::program:WeeklyDoraSnapshot,BY_VALUE,0,false,6,this,,,0,,services/doraMetrics/weeklyDoraSnapshotService.ts::program:WeeklyDoraSnapshot
111669150212,METHOD_PARAMETER_IN,,this,38,services/doraMetrics/weeklyDoraSnapshotService.ts::program,BY_VALUE,0,false,24,this,,,0,,services/doraMetrics/weeklyDoraSnapshotService.ts::program
111669150213,METHOD_PARAMETER_IN,,projectId: number,2,,BY_VALUE,1,false,25,projectId,,,1,__ecma.Number,__ecma.Number
111669150214,METHOD_PARAMETER_IN,,weekStartDate: Date,2,DateConstructor;Date,BY_VALUE,2,false,26,weekStartDate,,,2,Date,DateConstructor
111669150215,METHOD_PARAMETER_IN,,weekEndDate: Date,2,DateConstructor;Date,BY_VALUE,3,false,27,weekEndDate,,,3,Date,DateConstructor
111669150216,METHOD_PARAMETER_IN,,this,45,services/doraMetrics/weeklyDoraSnapshotService.ts::program,BY_VALUE,0,false,149,this,,,0,,services/doraMetrics/weeklyDoraSnapshotService.ts::program
111669150217,METHOD_PARAMETER_IN,,row,45,,BY_VALUE,1,false,149,row,,,1,ANY,ANY
111669150218,METHOD_PARAMETER_IN,,this,49,services/doraMetrics/weeklyDoraSnapshotService.ts::program,BY_VALUE,0,false,138,this,,,0,,services/doraMetrics/weeklyDoraSnapshotService.ts::program
111669150219,METHOD_PARAMETER_IN,,weekStartDate: Date,2,DateConstructor;Date,BY_VALUE,1,false,139,weekStartDate,,,1,Date,DateConstructor
111669150220,METHOD_PARAMETER_IN,,weekEndDate: Date,2,DateConstructor;Date,BY_VALUE,2,false,140,weekEndDate,,,2,Date,DateConstructor
111669150221,METHOD_PARAMETER_IN,,this,36,services/doraMetrics/weeklyDoraSnapshotService.ts::program,BY_VALUE,0,false,168,this,,,0,,services/doraMetrics/weeklyDoraSnapshotService.ts::program
111669150222,METHOD_PARAMETER_IN,,this,40,services/doraMetrics/weeklyDoraSnapshotService.ts::program,BY_VALUE,0,false,192,this,,,0,,services/doraMetrics/weeklyDoraSnapshotService.ts::program
111669150223,METHOD_PARAMETER_IN,,this,44,services/doraMetrics/weeklyDoraSnapshotService.ts::program,BY_VALUE,0,false,203,this,,,0,,services/doraMetrics/weeklyDoraSnapshotService.ts::program
111669150224,METHOD_PARAMETER_IN,,projectId: number,2,,BY_VALUE,1,false,204,projectId,,,1,__ecma.Number,__ecma.Number
111669150225,METHOD_PARAMETER_IN,,limit: number = 12,2,,BY_VALUE,2,false,205,limit: number,,,2,__ecma.Number,__ecma.Number
111669150226,METHOD_PARAMETER_IN,,this,0,services/doraMetrics/weeklyDoraSnapshotService.ts::program,BY_VALUE,0,false,1,this,,,0,,services/doraMetrics/weeklyDoraSnapshotService.ts::program
111669150227,METHOD_PARAMETER_IN,,this,15,services/gitlab/gitLabCommitService.ts::program:GitLabCommitService,BY_VALUE,0,false,9,this,,,0,,services/gitlab/gitLabCommitService.ts::program:GitLabCommitService
111669150228,METHOD_PARAMETER_IN,,projectId: number,4,,BY_VALUE,1,false,10,projectId,,,1,__ecma.Number,__ecma.Number
111669150229,METHOD_PARAMETER_IN,,since?: string,4,,BY_VALUE,2,false,11,since,,,2,__ecma.String,__ecma.String
111669150230,METHOD_PARAMETER_IN,,perPage: number = 100,4,,BY_VALUE,3,false,12,perPage: number,,,3,__ecma.Number,__ecma.Number
111669150231,METHOD_PARAMETER_IN,,this,14,services/gitlab/gitLabCommitService.ts::program:GitLabCommitService,BY_VALUE,0,false,39,this,,,0,,services/gitlab/gitLabCommitService.ts::program:GitLabCommitService
111669150232,METHOD_PARAMETER_IN,,projectId: number,21,,BY_VALUE,1,false,39,projectId,,,1,__ecma.Number,__ecma.Number
111669150233,METHOD_PARAMETER_IN,,sha: string,40,,BY_VALUE,2,false,39,sha,,,2,__ecma.String,__ecma.String
111669150234,METHOD_PARAMETER_IN,,this,19,services/gitlab/gitLabCommitService.ts::program:GitLabCommitService,BY_VALUE,0,false,61,this,,,0,,services/gitlab/gitLabCommitService.ts::program:GitLabCommitService
111669150235,METHOD_PARAMETER_IN,,projectId: number,4,,BY_VALUE,1,false,62,projectId,,,1,__ecma.Number,__ecma.Number
111669150236,METHOD_PARAMETER_IN,,since?: string,4,,BY_VALUE,2,false,63,since,,,2,__ecma.String,__ecma.String
111669150237,METHOD_PARAMETER_IN,,this,0,services/gitlab/gitLabCommitService.ts::program:GitLabCommitService,BY_VALUE,0,false,5,this,,,0,,services/gitlab/gitLabCommitService.ts::program:GitLabCommitService
111669150238,METHOD_PARAMETER_IN,,this,0,services/gitlab/gitLabCommitService.ts::program,BY_VALUE,0,false,1,this,,,0,,services/gitlab/gitLabCommitService.ts::program
111669150239,METHOD_PARAMETER_IN,,this,21,services/gitlab/gitLabIssueService.ts::program:GitLabIssueService,BY_VALUE,0,false,10,this,,,0,,services/gitlab/gitLabIssueService.ts::program:GitLabIssueService
111669150240,METHOD_PARAMETER_IN,,projectId: number,28,,BY_VALUE,1,false,10,projectId,,,1,__ecma.Number,__ecma.Number
111669150241,METHOD_PARAMETER_IN,,this,18,services/gitlab/gitLabIssueService.ts::program:GitLabIssueService,BY_VALUE,0,false,36,this,,,0,,services/gitlab/gitLabIssueService.ts::program:GitLabIssueService
111669150242,METHOD_PARAMETER_IN,,projectId: number,25,,BY_VALUE,1,false,36,projectId,,,1,__ecma.Number,__ecma.Number
111669150243,METHOD_PARAMETER_IN,,state: 'opened' | 'closed' | 'all',44,,BY_VALUE,2,false,36,state,,,2,ANY,ANY
111669150244,METHOD_PARAMETER_IN,,this,20,services/gitlab/gitLabIssueService.ts::program:GitLabIssueService,BY_VALUE,0,false,58,this,,,0,,services/gitlab/gitLabIssueService.ts::program:GitLabIssueService
111669150245,METHOD_PARAMETER_IN,,projectId: number,4,,BY_VALUE,1,false,59,projectId,,,1,__ecma.Number,__ecma.Number
111669150246,METHOD_PARAMETER_IN,,closedAfter?: string,4,,BY_VALUE,2,false,60,closedAfter,,,2,__ecma.String,__ecma.String
111669150247,METHOD_PARAMETER_IN,,maxResults: number = 10000,4,,BY_VALUE,3,false,61,maxResults: number,,,3,__ecma.Number,__ecma.Number
111669150248,METHOD_PARAMETER_IN,,this,20,services/gitlab/gitLabIssueService.ts::program:GitLabIssueService,BY_VALUE,0,false,131,this,,,0,,services/gitlab/gitLabIssueService.ts::program:GitLabIssueService
111669150249,METHOD_PARAMETER_IN,,projectId: number,4,,BY_VALUE,1,false,132,projectId,,,1,__ecma.Number,__ecma.Number
111669150250,METHOD_PARAMETER_IN,,createdAfter: string,4,,BY_VALUE,2,false,133,createdAfter,,,2,__ecma.String,__ecma.String
111669150251,METHOD_PARAMETER_IN,,maxResults: number = 10000,4,,BY_VALUE,3,false,134,maxResults: number,,,3,__ecma.Number,__ecma.Number
111669150252,METHOD_PARAMETER_IN,,this,21,services/gitlab/gitLabIssueService.ts::program:GitLabIssueService,BY_VALUE,0,false,179,this,,,0,,services/gitlab/gitLabIssueService.ts::program:GitLabIssueService
111669150253,METHOD_PARAMETER_IN,,projectId: number,4,,BY_VALUE,1,false,180,projectId,,,1,__ecma.Number,__ecma.Number
111669150254,METHOD_PARAMETER_IN,,labels: string[],4,,BY_VALUE,2,false,181,labels,,,2,__ecma.Array,__ecma.Array
111669150255,METHOD_PARAMETER_IN,,createdAfter?: string,4,,BY_VALUE,3,false,182,createdAfter,,,3,__ecma.String,__ecma.String
111669150256,METHOD_PARAMETER_IN,,state: 'opened' | 'closed' | 'all' = 'all',4,,BY_VALUE,4,false,183,state: 'opened' | 'closed' | 'all',,,4,ANY,ANY
111669150257,METHOD_PARAMETER_IN,,this,18,services/gitlab/gitLabIssueService.ts::program:GitLabIssueService,BY_VALUE,0,false,209,this,,,0,,services/gitlab/gitLabIssueService.ts::program:GitLabIssueService
111669150258,METHOD_PARAMETER_IN,,projectId: number,25,,BY_VALUE,1,false,209,projectId,,,1,__ecma.Number,__ecma.Number
111669150259,METHOD_PARAMETER_IN,,maxResults: number = 10000,44,,BY_VALUE,2,false,209,maxResults: number,,,2,__ecma.Number,__ecma.Number
111669150260,METHOD_PARAMETER_IN,,this,24,services/gitlab/gitLabIssueService.ts::program:GitLabIssueService,BY_VALUE,0,false,253,this,,,0,,services/gitlab/gitLabIssueService.ts::program:GitLabIssueService
111669150261,METHOD_PARAMETER_IN,,projectId: number,31,,BY_VALUE,1,false,253,projectId,,,1,__ecma.Number,__ecma.Number
111669150262,METHOD_PARAMETER_IN,,issueIid: number,50,,BY_VALUE,2,false,253,issueIid,,,2,__ecma.Number,__ecma.Number
111669150263,METHOD_PARAMETER_IN,,this,21,services/gitlab/gitLabIssueService.ts::program:GitLabIssueService,BY_VALUE,0,false,270,this,,,0,,services/gitlab/gitLabIssueService.ts::program:GitLabIssueService
111669150264,METHOD_PARAMETER_IN,,projectId: number,28,,BY_VALUE,1,false,270,projectId,,,1,__ecma.Number,__ecma.Number
111669150265,METHOD_PARAMETER_IN,,issueIid: number,47,,BY_VALUE,2,false,270,issueIid,,,2,__ecma.Number,__ecma.Number
111669150266,METHOD_PARAMETER_IN,,this,18,services/gitlab/gitLabIssueService.ts::program:GitLabIssueService,BY_VALUE,0,false,287,this,,,0,,services/gitlab/gitLabIssueService.ts::program:GitLabIssueService
111669150267,METHOD_PARAMETER_IN,,projectId: number,25,,BY_VALUE,1,false,287,projectId,,,1,__ecma.Number,__ecma.Number
111669150268,METHOD_PARAMETER_IN,,issueIid: number,44,,BY_VALUE,2,false,287,issueIid,,,2,__ecma.Number,__ecma.Number
111669150269,METHOD_PARAMETER_IN,,this,0,services/gitlab/gitLabIssueService.ts::program:GitLabIssueService,BY_VALUE,0,false,6,this,,,0,,services/gitlab/gitLabIssueService.ts::program:GitLabIssueService
111669150270,METHOD_PARAMETER_IN,,this,0,services/gitlab/gitLabIssueService.ts::program,BY_VALUE,0,false,1,this,,,0,,services/gitlab/gitLabIssueService.ts::program
111669150271,METHOD_PARAMETER_IN,,this,28,services/gitlab/gitLabMRService.ts::program:GitLabMRService,BY_VALUE,0,false,9,this,,,0,,services/gitlab/gitLabMRService.ts::program:GitLabMRService
111669150272,METHOD_PARAMETER_IN,,projectId: number,35,,BY_VALUE,1,false,9,projectId,,,1,__ecma.Number,__ecma.Number
111669150273,METHOD_PARAMETER_IN,,this,15,services/gitlab/gitLabMRService.ts::program:GitLabMRService,BY_VALUE,0,false,31,this,,,0,,services/gitlab/gitLabMRService.ts::program:GitLabMRService
111669150274,METHOD_PARAMETER_IN,,projectId: number,22,,BY_VALUE,1,false,31,projectId,,,1,__ecma.Number,__ecma.Number
111669150275,METHOD_PARAMETER_IN,,state: 'opened' | 'closed' | 'merged' | 'all' = 'opened',41,,BY_VALUE,2,false,31,state: 'opened' | 'closed' | 'merged' | 'all',,,2,ANY,ANY
111669150276,METHOD_PARAMETER_IN,,this,15,services/gitlab/gitLabMRService.ts::program:GitLabMRService,BY_VALUE,0,false,56,this,,,0,,services/gitlab/gitLabMRService.ts::program:GitLabMRService
111669150277,METHOD_PARAMETER_IN,,projectId: number,22,,BY_VALUE,1,false,56,projectId,,,1,__ecma.Number,__ecma.Number
111669150278,METHOD_PARAMETER_IN,,perPage: number = 500,41,,BY_VALUE,2,false,56,perPage: number,,,2,__ecma.Number,__ecma.Number
111669150279,METHOD_PARAMETER_IN,,this,17,services/gitlab/gitLabMRService.ts::program:GitLabMRService,BY_VALUE,0,false,78,this,,,0,,services/gitlab/gitLabMRService.ts::program:GitLabMRService
111669150280,METHOD_PARAMETER_IN,,projectId: number,4,,BY_VALUE,1,false,79,projectId,,,1,__ecma.Number,__ecma.Number
111669150281,METHOD_PARAMETER_IN,,mergedAfter?: string,4,,BY_VALUE,2,false,80,mergedAfter,,,2,__ecma.String,__ecma.String
111669150282,METHOD_PARAMETER_IN,,perPage: number = 500,4,,BY_VALUE,3,false,81,perPage: number,,,3,__ecma.Number,__ecma.Number
111669150283,METHOD_PARAMETER_IN,,this,17,services/gitlab/gitLabMRService.ts::program:GitLabMRService,BY_VALUE,0,false,110,this,,,0,,services/gitlab/gitLabMRService.ts::program:GitLabMRService
111669150284,METHOD_PARAMETER_IN,,projectId: number,4,,BY_VALUE,1,false,111,projectId,,,1,__ecma.Number,__ecma.Number
111669150285,METHOD_PARAMETER_IN,,createdAfter: string,4,,BY_VALUE,2,false,112,createdAfter,,,2,__ecma.String,__ecma.String
111669150286,METHOD_PARAMETER_IN,,perPage: number = 500,4,,BY_VALUE,3,false,113,perPage: number,,,3,__ecma.Number,__ecma.Number
111669150287,METHOD_PARAMETER_IN,,this,15,services/gitlab/gitLabMRService.ts::program:GitLabMRService,BY_VALUE,0,false,136,this,,,0,,services/gitlab/gitLabMRService.ts::program:GitLabMRService
111669150288,METHOD_PARAMETER_IN,,projectId: number,22,,BY_VALUE,1,false,136,projectId,,,1,__ecma.Number,__ecma.Number
111669150289,METHOD_PARAMETER_IN,,mrIid: number,41,,BY_VALUE,2,false,136,mrIid,,,2,__ecma.Number,__ecma.Number
111669150290,METHOD_PARAMETER_IN,,this,19,services/gitlab/gitLabMRService.ts::program:GitLabMRService,BY_VALUE,0,false,158,this,,,0,,services/gitlab/gitLabMRService.ts::program:GitLabMRService
111669150291,METHOD_PARAMETER_IN,,projectId: number,26,,BY_VALUE,1,false,158,projectId,,,1,__ecma.Number,__ecma.Number
111669150292,METHOD_PARAMETER_IN,,mrIid: number,45,,BY_VALUE,2,false,158,mrIid,,,2,__ecma.Number,__ecma.Number
111669150293,METHOD_PARAMETER_IN,,this,38,services/gitlab/gitLabMRService.ts::program:GitLabMRService,BY_VALUE,0,false,201,this,,,0,,services/gitlab/gitLabMRService.ts::program:GitLabMRService
111669150294,METHOD_PARAMETER_IN,,label: string,39,,BY_VALUE,1,false,201,label,,,1,__ecma.String,__ecma.String
111669150295,METHOD_PARAMETER_IN,,this,20,services/gitlab/gitLabMRService.ts::program:GitLabMRService,BY_VALUE,0,false,181,this,,,0,,services/gitlab/gitLabMRService.ts::program:GitLabMRService
111669150296,METHOD_PARAMETER_IN,,projectId: number,27,,BY_VALUE,1,false,181,projectId,,,1,__ecma.Number,__ecma.Number
111669150297,METHOD_PARAMETER_IN,,mrIid: number,46,,BY_VALUE,2,false,181,mrIid,,,2,__ecma.Number,__ecma.Number
111669150298,METHOD_PARAMETER_IN,,this,0,services/gitlab/gitLabMRService.ts::program:GitLabMRService,BY_VALUE,0,false,5,this,,,0,,services/gitlab/gitLabMRService.ts::program:GitLabMRService
111669150299,METHOD_PARAMETER_IN,,this,0,services/gitlab/gitLabMRService.ts::program,BY_VALUE,0,false,1,this,,,0,,services/gitlab/gitLabMRService.ts::program
111669150300,METHOD_PARAMETER_IN,,this,26,services/gitlab/gitLabMemberService.ts::program:GitLabMemberService,BY_VALUE,0,false,10,this,,,0,,services/gitlab/gitLabMemberService.ts::program:GitLabMemberService
111669150301,METHOD_PARAMETER_IN,,projectId: number | string,33,,BY_VALUE,1,false,10,projectId,,,1,ANY,ANY
111669150302,METHOD_PARAMETER_IN,,this,25,services/gitlab/gitLabMemberService.ts::program:GitLabMemberService,BY_VALUE,0,false,61,this,,,0,,services/gitlab/gitLabMemberService.ts::program:GitLabMemberService
111669150303,METHOD_PARAMETER_IN,,m: any,26,,BY_VALUE,1,false,61,m,,,1,ANY,ANY
111669150304,METHOD_PARAMETER_IN,,this,22,services/gitlab/gitLabMemberService.ts::program:GitLabMemberService,BY_VALUE,0,false,39,this,,,0,,services/gitlab/gitLabMemberService.ts::program:GitLabMemberService
111669150305,METHOD_PARAMETER_IN,,projectId: number | string,29,,BY_VALUE,1,false,39,projectId,,,1,ANY,ANY
111669150306,METHOD_PARAMETER_IN,,this,0,services/gitlab/gitLabMemberService.ts::program:GitLabMemberService,BY_VALUE,0,false,4,this,,,0,,services/gitlab/gitLabMemberService.ts::program:GitLabMemberService
111669150307,METHOD_PARAMETER_IN,,this,0,services/gitlab/gitLabMemberService.ts::program,BY_VALUE,0,false,1,this,,,0,,services/gitlab/gitLabMemberService.ts::program
111669150308,METHOD_PARAMETER_IN,,this,21,services/gitlab/gitlabAuthService.ts::program:GitLabAuthService,BY_VALUE,0,false,8,this,,,0,,services/gitlab/gitlabAuthService.ts::program:GitLabAuthService
111669150309,METHOD_PARAMETER_IN,,this,19,services/gitlab/gitlabAuthService.ts::program:GitLabAuthService,BY_VALUE,0,false,22,this,,,0,,services/gitlab/gitlabAuthService.ts::program:GitLabAuthService
111669150310,METHOD_PARAMETER_IN,,this,0,services/gitlab/gitlabAuthService.ts::program:GitLabAuthService,BY_VALUE,0,false,4,this,,,0,,services/gitlab/gitlabAuthService.ts::program:GitLabAuthService
111669150311,METHOD_PARAMETER_IN,,this,0,services/gitlab/gitlabAuthService.ts::program,BY_VALUE,0,false,1,this,,,0,,services/gitlab/gitlabAuthService.ts::program
111669150312,METHOD_PARAMETER_IN,,this,29,services/gitlab/gitlabClient.ts::program:GitLabClient,BY_VALUE,0,false,14,this,,,0,,services/gitlab/gitlabClient.ts::program:GitLabClient
111669150313,METHOD_PARAMETER_IN,,this,14,services/gitlab/gitlabClient.ts::program:GitLabClient,BY_VALUE,0,false,34,this,,,0,,services/gitlab/gitlabClient.ts::program:GitLabClient
111669150314,METHOD_PARAMETER_IN,,this,2,services/gitlab/gitlabClient.ts::program:GitLabClient,BY_VALUE,0,false,9,this,,,0,,services/gitlab/gitlabClient.ts::program:GitLabClient
111669150315,METHOD_PARAMETER_IN,,this,0,services/gitlab/gitlabClient.ts::program,BY_VALUE,0,false,1,this,,,0,,services/gitlab/gitlabClient.ts::program
111669150316,METHOD_PARAMETER_IN,,this,17,services/gitlab/gitlabGroupService.ts::program:GitLabGroupService,BY_VALUE,0,false,9,this,,,0,,services/gitlab/gitlabGroupService.ts::program:GitLabGroupService
111669150317,METHOD_PARAMETER_IN,,this,17,services/gitlab/gitlabGroupService.ts::program:GitLabGroupService,BY_VALUE,0,false,27,this,,,0,,services/gitlab/gitlabGroupService.ts::program:GitLabGroupService
111669150318,METHOD_PARAMETER_IN,,groupId: number,24,,BY_VALUE,1,false,27,groupId,,,1,__ecma.Number,__ecma.Number
111669150319,METHOD_PARAMETER_IN,,this,19,services/gitlab/gitlabGroupService.ts::program:GitLabGroupService,BY_VALUE,0,false,41,this,,,0,,services/gitlab/gitlabGroupService.ts::program:GitLabGroupService
111669150320,METHOD_PARAMETER_IN,,groupId: number,26,,BY_VALUE,1,false,41,groupId,,,1,__ecma.Number,__ecma.Number
111669150321,METHOD_PARAMETER_IN,,this,0,services/gitlab/gitlabGroupService.ts::program:GitLabGroupService,BY_VALUE,0,false,5,this,,,0,,services/gitlab/gitlabGroupService.ts::program:GitLabGroupService
111669150322,METHOD_PARAMETER_IN,,this,0,services/gitlab/gitlabGroupService.ts::program,BY_VALUE,0,false,1,this,,,0,,services/gitlab/gitlabGroupService.ts::program
111669150323,METHOD_PARAMETER_IN,,this,37,services/gitlab/gitlabMilestoneService.ts::program:GitLabMilestoneService,BY_VALUE,0,false,25,this,,,0,,services/gitlab/gitlabMilestoneService.ts::program:GitLabMilestoneService
111669150324,METHOD_PARAMETER_IN,,milestone,37,,BY_VALUE,1,false,25,milestone,,,1,GitLabMilestone,GitLabMilestone
111669150325,METHOD_PARAMETER_IN,,this,27,services/gitlab/gitlabMilestoneService.ts::program:GitLabMilestoneService,BY_VALUE,0,false,9,this,,,0,,services/gitlab/gitlabMilestoneService.ts::program:GitLabMilestoneService
111669150326,METHOD_PARAMETER_IN,,projectId: number,34,,BY_VALUE,1,false,9,projectId,,,1,__ecma.Number,__ecma.Number
111669150327,METHOD_PARAMETER_IN,,this,0,services/gitlab/gitlabMilestoneService.ts::program:GitLabMilestoneService,BY_VALUE,0,false,4,this,,,0,,services/gitlab/gitlabMilestoneService.ts::program:GitLabMilestoneService
111669150328,METHOD_PARAMETER_IN,,this,0,services/gitlab/gitlabMilestoneService.ts::program,BY_VALUE,0,false,1,this,,,0,,services/gitlab/gitlabMilestoneService.ts::program
111669150329,METHOD_PARAMETER_IN,,this,20,services/gitlab/gitlabProjectService.ts::program:GitLabProjectService,BY_VALUE,0,false,9,this,,,0,,services/gitlab/gitlabProjectService.ts::program:GitLabProjectService
111669150330,METHOD_PARAMETER_IN,,this,19,services/gitlab/gitlabProjectService.ts::program:GitLabProjectService,BY_VALUE,0,false,59,this,,,0,,services/gitlab/gitlabProjectService.ts::program:GitLabProjectService
111669150331,METHOD_PARAMETER_IN,,projectId: string | number,26,,BY_VALUE,1,false,59,projectId,,,1,ANY,ANY
111669150332,METHOD_PARAMETER_IN,,this,0,services/gitlab/gitlabProjectService.ts::program:GitLabProjectService,BY_VALUE,0,false,5,this,,,0,,services/gitlab/gitlabProjectService.ts::program:GitLabProjectService
111669150333,METHOD_PARAMETER_IN,,this,0,services/gitlab/gitlabProjectService.ts::program,BY_VALUE,0,false,1,this,,,0,,services/gitlab/gitlabProjectService.ts::program
111669150334,METHOD_PARAMETER_IN,,this,0,services/gitlab/index.ts::program,BY_VALUE,0,false,1,this,,,0,,services/gitlab/index.ts::program
111669150335,METHOD_PARAMETER_IN,,this,0,services/issueMetrics/issueMetricsCalculationService.ts::program:IssueMetricsCalculationService,BY_VALUE,0,false,10,this,,,0,,services/issueMetrics/issueMetricsCalculationService.ts::program:IssueMetricsCalculationService
111669150336,METHOD_PARAMETER_IN,,this,2,services/issueMetrics/issueMetricsCalculationService.ts::program:IssueMetricsCalculationService,BY_VALUE,0,false,15,this,,,0,,services/issueMetrics/issueMetricsCalculationService.ts::program:IssueMetricsCalculationService
111669150337,METHOD_PARAMETER_IN,,projectId: number,4,,BY_VALUE,1,false,16,projectId,,,1,__ecma.Number,__ecma.Number
111669150338,METHOD_PARAMETER_IN,,openIssues: GitLabIssues[],4,,BY_VALUE,2,false,17,openIssues,,,2,__ecma.Array,__ecma.Array
111669150339,METHOD_PARAMETER_IN,,closedIssuesLast7d: GitLabIssues[],4,,BY_VALUE,3,false,18,closedIssuesLast7d,,,3,__ecma.Array,__ecma.Array
111669150340,METHOD_PARAMETER_IN,,closedIssuesLast30d: GitLabIssues[],4,,BY_VALUE,4,false,19,closedIssuesLast30d,,,4,__ecma.Array,__ecma.Array
111669150341,METHOD_PARAMETER_IN,,openedIssuesLast7d: GitLabIssues[],4,,BY_VALUE,5,false,20,openedIssuesLast7d,,,5,__ecma.Array,__ecma.Array
111669150342,METHOD_PARAMETER_IN,,openedIssuesLast30d: GitLabIssues[],4,,BY_VALUE,6,false,21,openedIssuesLast30d,,,6,__ecma.Array,__ecma.Array
111669150343,METHOD_PARAMETER_IN,,bugIssues: GitLabIssues[],4,,BY_VALUE,7,false,22,bugIssues,,,7,__ecma.Array,__ecma.Array
111669150344,METHOD_PARAMETER_IN,,featureIssues: GitLabIssues[],4,,BY_VALUE,8,false,23,featureIssues,,,8,__ecma.Array,__ecma.Array
111669150345,METHOD_PARAMETER_IN,,criticalIssues: GitLabIssues[],4,,BY_VALUE,9,false,24,criticalIssues,,,9,__ecma.Array,__ecma.Array
111669150346,METHOD_PARAMETER_IN,,blockerIssues: GitLabIssues[],4,,BY_VALUE,10,false,25,blockerIssues,,,10,__ecma.Array,__ecma.Array
111669150347,METHOD_PARAMETER_IN,,totalOpenCount: number,4,,BY_VALUE,11,false,26,totalOpenCount,,,11,__ecma.Number,__ecma.Number
111669150348,METHOD_PARAMETER_IN,,totalClosedCount: number,4,,BY_VALUE,12,false,27,totalClosedCount,,,12,__ecma.Number,__ecma.Number
111669150349,METHOD_PARAMETER_IN,,reopenData: { reopened: number; checked: number },4,,BY_VALUE,13,false,28,reopenData,,,13,services/issueMetrics/issueMetricsCalculationService.ts::program:IssueMetricsCalculationService:calculateMetrics:<anon-class>0,services/issueMetrics/issueMetricsCalculationService.ts::program:IssueMetricsCalculationService:calculateMetrics:<anon-class>0
111669150350,METHOD_PARAMETER_IN,,mrLinkData: { withLinks: number; checked: number },4,,BY_VALUE,14,false,29,mrLinkData,,,14,services/issueMetrics/issueMetricsCalculationService.ts::program:IssueMetricsCalculationService:calculateMetrics:<anon-class>2,services/issueMetrics/issueMetricsCalculationService.ts::program:IssueMetricsCalculationService:calculateMetrics:<anon-class>2
111669150351,METHOD_PARAMETER_IN,,this,25,services/issueMetrics/issueMetricsCalculationService.ts::program:IssueMetricsCalculationService,BY_VALUE,0,false,143,this,,,0,,services/issueMetrics/issueMetricsCalculationService.ts::program:IssueMetricsCalculationService
111669150352,METHOD_PARAMETER_IN,,issue,26,,BY_VALUE,1,false,143,issue,,,1,GitLabIssues,GitLabIssues
111669150353,METHOD_PARAMETER_IN,,index,33,,BY_VALUE,2,false,143,index,,,2,__ecma.Number,__ecma.Number
111669150354,METHOD_PARAMETER_IN,,this,2,services/issueMetrics/issueMetricsCalculationService.ts::program:IssueMetricsCalculationService,BY_VALUE,0,false,137,this,,,0,,services/issueMetrics/issueMetricsCalculationService.ts::program:IssueMetricsCalculationService
111669150355,METHOD_PARAMETER_IN,,closedIssues: GitLabIssues[],29,,BY_VALUE,1,false,137,closedIssues,,,1,__ecma.Array,__ecma.Array
111669150356,METHOD_PARAMETER_IN,,this,2,services/issueMetrics/issueMetricsCalculationService.ts::program:IssueMetricsCalculationService,BY_VALUE,0,false,187,this,,,0,,services/issueMetrics/issueMetricsCalculationService.ts::program:IssueMetricsCalculationService
111669150357,METHOD_PARAMETER_IN,,reopenedCount: number,30,,BY_VALUE,1,false,187,reopenedCount,,,1,__ecma.Number,__ecma.Number
111669150358,METHOD_PARAMETER_IN,,checkedCount: number,53,,BY_VALUE,2,false,187,checkedCount,,,2,__ecma.Number,__ecma.Number
111669150359,METHOD_PARAMETER_IN,,this,2,services/issueMetrics/issueMetricsCalculationService.ts::program:IssueMetricsCalculationService,BY_VALUE,0,false,201,this,,,0,,services/issueMetrics/issueMetricsCalculationService.ts::program:IssueMetricsCalculationService
111669150360,METHOD_PARAMETER_IN,,bugCount: number,28,,BY_VALUE,1,false,201,bugCount,,,1,__ecma.Number,__ecma.Number
111669150361,METHOD_PARAMETER_IN,,featureCount: number,46,,BY_VALUE,2,false,201,featureCount,,,2,__ecma.Number,__ecma.Number
111669150362,METHOD_PARAMETER_IN,,this,23,services/issueMetrics/issueMetricsCalculationService.ts::program:IssueMetricsCalculationService,BY_VALUE,0,false,221,this,,,0,,services/issueMetrics/issueMetricsCalculationService.ts::program:IssueMetricsCalculationService
111669150363,METHOD_PARAMETER_IN,,issue,24,,BY_VALUE,1,false,221,issue,,,1,GitLabIssues,GitLabIssues
111669150364,METHOD_PARAMETER_IN,,this,2,services/issueMetrics/issueMetricsCalculationService.ts::program:IssueMetricsCalculationService,BY_VALUE,0,false,215,this,,,0,,services/issueMetrics/issueMetricsCalculationService.ts::program:IssueMetricsCalculationService
111669150365,METHOD_PARAMETER_IN,,openIssues: GitLabIssues[],31,,BY_VALUE,1,false,215,openIssues,,,1,__ecma.Array,__ecma.Array
111669150366,METHOD_PARAMETER_IN,,this,6,services/issueMetrics/issueMetricsCalculationService.ts::program:IssueMetricsCalculationService,BY_VALUE,0,false,247,this,,,0,,services/issueMetrics/issueMetricsCalculationService.ts::program:IssueMetricsCalculationService
111669150367,METHOD_PARAMETER_IN,,i,7,,BY_VALUE,1,false,247,i,,,1,GitLabIssues,GitLabIssues
111669150368,METHOD_PARAMETER_IN,,this,6,services/issueMetrics/issueMetricsCalculationService.ts::program:IssueMetricsCalculationService,BY_VALUE,0,false,250,this,,,0,,services/issueMetrics/issueMetricsCalculationService.ts::program:IssueMetricsCalculationService
111669150369,METHOD_PARAMETER_IN,,i,7,,BY_VALUE,1,false,250,i,,,1,GitLabIssues,GitLabIssues
111669150370,METHOD_PARAMETER_IN,,this,49,services/issueMetrics/issueMetricsCalculationService.ts::program:IssueMetricsCalculationService,BY_VALUE,0,false,254,this,,,0,,services/issueMetrics/issueMetricsCalculationService.ts::program:IssueMetricsCalculationService
111669150371,METHOD_PARAMETER_IN,,i,50,,BY_VALUE,1,false,254,i,,,1,GitLabIssues,GitLabIssues
111669150372,METHOD_PARAMETER_IN,,this,27,services/issueMetrics/issueMetricsCalculationService.ts::program:IssueMetricsCalculationService,BY_VALUE,0,false,258,this,,,0,,services/issueMetrics/issueMetricsCalculationService.ts::program:IssueMetricsCalculationService
111669150373,METHOD_PARAMETER_IN,,issue,28,,BY_VALUE,1,false,258,issue,,,1,GitLabIssues,GitLabIssues
111669150374,METHOD_PARAMETER_IN,,this,2,services/issueMetrics/issueMetricsCalculationService.ts::program:IssueMetricsCalculationService,BY_VALUE,0,false,242,this,,,0,,services/issueMetrics/issueMetricsCalculationService.ts::program:IssueMetricsCalculationService
111669150375,METHOD_PARAMETER_IN,,criticalIssues: GitLabIssues[],4,,BY_VALUE,1,false,243,criticalIssues,,,1,__ecma.Array,__ecma.Array
111669150376,METHOD_PARAMETER_IN,,blockerIssues: GitLabIssues[],4,,BY_VALUE,2,false,244,blockerIssues,,,2,__ecma.Array,__ecma.Array
111669150377,METHOD_PARAMETER_IN,,this,2,services/issueMetrics/issueMetricsCalculationService.ts::program:IssueMetricsCalculationService,BY_VALUE,0,false,282,this,,,0,,services/issueMetrics/issueMetricsCalculationService.ts::program:IssueMetricsCalculationService
111669150378,METHOD_PARAMETER_IN,,withLinks: number,30,,BY_VALUE,1,false,282,withLinks,,,1,__ecma.Number,__ecma.Number
111669150379,METHOD_PARAMETER_IN,,checked: number,49,,BY_VALUE,2,false,282,checked,,,2,__ecma.Number,__ecma.Number
111669150380,METHOD_PARAMETER_IN,,this,2,services/issueMetrics/issueMetricsCalculationService.ts::program:IssueMetricsCalculationService,BY_VALUE,0,false,297,this,,,0,,services/issueMetrics/issueMetricsCalculationService.ts::program:IssueMetricsCalculationService
111669150381,METHOD_PARAMETER_IN,,velocity: number,32,,BY_VALUE,1,false,297,velocity,,,1,__ecma.Number,__ecma.Number
111669150382,METHOD_PARAMETER_IN,,this,2,services/issueMetrics/issueMetricsCalculationService.ts::program:IssueMetricsCalculationService,BY_VALUE,0,false,304,this,,,0,,services/issueMetrics/issueMetricsCalculationService.ts::program:IssueMetricsCalculationService
111669150383,METHOD_PARAMETER_IN,,avgDays: number,33,,BY_VALUE,1,false,304,avgDays,,,1,__ecma.Number,__ecma.Number
111669150384,METHOD_PARAMETER_IN,,this,2,services/issueMetrics/issueMetricsCalculationService.ts::program:IssueMetricsCalculationService,BY_VALUE,0,false,310,this,,,0,,services/issueMetrics/issueMetricsCalculationService.ts::program:IssueMetricsCalculationService
111669150385,METHOD_PARAMETER_IN,,reopenRate: number,34,,BY_VALUE,1,false,310,reopenRate,,,1,__ecma.Number,__ecma.Number
111669150386,METHOD_PARAMETER_IN,,this,2,services/issueMetrics/issueMetricsCalculationService.ts::program:IssueMetricsCalculationService,BY_VALUE,0,false,316,this,,,0,,services/issueMetrics/issueMetricsCalculationService.ts::program:IssueMetricsCalculationService
111669150387,METHOD_PARAMETER_IN,,bugRatio: number,32,,BY_VALUE,1,false,316,bugRatio,,,1,__ecma.Number,__ecma.Number
111669150388,METHOD_PARAMETER_IN,,this,2,services/issueMetrics/issueMetricsCalculationService.ts::program:IssueMetricsCalculationService,BY_VALUE,0,false,325,this,,,0,,services/issueMetrics/issueMetricsCalculationService.ts::program:IssueMetricsCalculationService
111669150389,METHOD_PARAMETER_IN,,closedLast30d: number,31,,BY_VALUE,1,false,325,closedLast30d,,,1,__ecma.Number,__ecma.Number
111669150390,METHOD_PARAMETER_IN,,openedLast30d: number,54,,BY_VALUE,2,false,325,openedLast30d,,,2,__ecma.Number,__ecma.Number
111669150391,METHOD_PARAMETER_IN,,this,46,services/issueMetrics/issueMetricsCalculationService.ts::program:IssueMetricsCalculationService,BY_VALUE,0,false,340,this,,,0,,services/issueMetrics/issueMetricsCalculationService.ts::program:IssueMetricsCalculationService
111669150392,METHOD_PARAMETER_IN,,event,47,,BY_VALUE,1,false,340,event,,,1,GitLabIssueStateEvent,GitLabIssueStateEvent
111669150393,METHOD_PARAMETER_IN,,this,43,services/issueMetrics/issueMetricsCalculationService.ts::program:IssueMetricsCalculationService,BY_VALUE,0,false,344,this,,,0,,services/issueMetrics/issueMetricsCalculationService.ts::program:IssueMetricsCalculationService
111669150394,METHOD_PARAMETER_IN,,e,44,,BY_VALUE,1,false,344,e,,,1,GitLabIssueStateEvent,GitLabIssueStateEvent
111669150395,METHOD_PARAMETER_IN,,this,2,services/issueMetrics/issueMetricsCalculationService.ts::program:IssueMetricsCalculationService,BY_VALUE,0,false,336,this,,,0,,services/issueMetrics/issueMetricsCalculationService.ts::program:IssueMetricsCalculationService
111669150396,METHOD_PARAMETER_IN,,stateEvents: GitLabIssueStateEvent[],18,,BY_VALUE,1,false,336,stateEvents,,,1,__ecma.Array,__ecma.Array
111669150397,METHOD_PARAMETER_IN,,this,0,services/issueMetrics/issueMetricsCalculationService.ts::program,BY_VALUE,0,false,1,this,,,0,,services/issueMetrics/issueMetricsCalculationService.ts::program
111669150398,METHOD_PARAMETER_IN,,this,0,services/issueMetrics/issueMetricsDbService.ts::program:IssueMetricsDbService,BY_VALUE,0,false,12,this,,,0,,services/issueMetrics/issueMetricsDbService.ts::program:IssueMetricsDbService
111669150399,METHOD_PARAMETER_IN,,this,2,services/issueMetrics/issueMetricsDbService.ts::program:IssueMetricsDbService,BY_VALUE,0,false,17,this,,,0,,services/issueMetrics/issueMetricsDbService.ts::program:IssueMetricsDbService
111669150400,METHOD_PARAMETER_IN,,projectId: number,4,,BY_VALUE,1,false,18,projectId,,,1,__ecma.Number,__ecma.Number
111669150401,METHOD_PARAMETER_IN,,"metrics: Omit<IssueHealthMetrics, 'uuid' | 'row_id' | 'project_id' | 'calculated_at'>",4,,BY_VALUE,2,false,19,metrics,,,2,"Omit<IssueHealthMetrics, 'uuid' | 'row_id' | 'project_id' | 'calculated_at'>","Omit<IssueHealthMetrics, 'uuid' | 'row_id' | 'project_id' | 'calculated_at'>"
111669150402,METHOD_PARAMETER_IN,,this,2,services/issueMetrics/issueMetricsDbService.ts::program:IssueMetricsDbService,BY_VALUE,0,false,112,this,,,0,,services/issueMetrics/issueMetricsDbService.ts::program:IssueMetricsDbService
111669150403,METHOD_PARAMETER_IN,,projectId: number,31,,BY_VALUE,1,false,112,projectId,,,1,__ecma.Number,__ecma.Number
111669150404,METHOD_PARAMETER_IN,,this,2,services/issueMetrics/issueMetricsDbService.ts::program:IssueMetricsDbService,BY_VALUE,0,false,181,this,,,0,,services/issueMetrics/issueMetricsDbService.ts::program:IssueMetricsDbService
111669150405,METHOD_PARAMETER_IN,,projectId: number,19,,BY_VALUE,1,false,181,projectId,,,1,__ecma.Number,__ecma.Number
111669150406,METHOD_PARAMETER_IN,,this,2,services/issueMetrics/issueMetricsDbService.ts::program:IssueMetricsDbService,BY_VALUE,0,false,201,this,,,0,,services/issueMetrics/issueMetricsDbService.ts::program:IssueMetricsDbService
111669150407,METHOD_PARAMETER_IN,,projectId: number,4,,BY_VALUE,1,false,202,projectId,,,1,__ecma.Number,__ecma.Number
111669150408,METHOD_PARAMETER_IN,,days: number = 30,4,,BY_VALUE,2,false,203,days: number,,,2,__ecma.Number,__ecma.Number
111669150409,METHOD_PARAMETER_IN,,this,2,services/issueMetrics/issueMetricsDbService.ts::program:IssueMetricsDbService,BY_VALUE,0,false,224,this,,,0,,services/issueMetrics/issueMetricsDbService.ts::program:IssueMetricsDbService
111669150410,METHOD_PARAMETER_IN,,projectId: number,30,,BY_VALUE,1,false,224,projectId,,,1,__ecma.Number,__ecma.Number
111669150411,METHOD_PARAMETER_IN,,this,2,services/issueMetrics/issueMetricsDbService.ts::program:IssueMetricsDbService,BY_VALUE,0,false,292,this,,,0,,services/issueMetrics/issueMetricsDbService.ts::program:IssueMetricsDbService
111669150412,METHOD_PARAMETER_IN,,current: number,26,,BY_VALUE,1,false,292,current,,,1,__ecma.Number,__ecma.Number
111669150413,METHOD_PARAMETER_IN,,previous: number,43,,BY_VALUE,2,false,292,previous,,,2,__ecma.Number,__ecma.Number
111669150414,METHOD_PARAMETER_IN,,this,2,services/issueMetrics/issueMetricsDbService.ts::program:IssueMetricsDbService,BY_VALUE,0,false,300,this,,,0,,services/issueMetrics/issueMetricsDbService.ts::program:IssueMetricsDbService
111669150415,METHOD_PARAMETER_IN,,projectId: number,22,,BY_VALUE,1,false,300,projectId,,,1,__ecma.Number,__ecma.Number
111669150416,METHOD_PARAMETER_IN,,this,2,services/issueMetrics/issueMetricsDbService.ts::program:IssueMetricsDbService,BY_VALUE,0,false,319,this,,,0,,services/issueMetrics/issueMetricsDbService.ts::program:IssueMetricsDbService
111669150417,METHOD_PARAMETER_IN,,projectId: number,22,,BY_VALUE,1,false,319,projectId,,,1,__ecma.Number,__ecma.Number
111669150418,METHOD_PARAMETER_IN,,this,0,services/issueMetrics/issueMetricsDbService.ts::program,BY_VALUE,0,false,1,this,,,0,,services/issueMetrics/issueMetricsDbService.ts::program
111669150419,METHOD_PARAMETER_IN,,this,0,services/issueMetrics/issueMetricsSyncService.ts::program:IssueMetricsSyncService,BY_VALUE,0,false,9,this,,,0,,services/issueMetrics/issueMetricsSyncService.ts::program:IssueMetricsSyncService
111669150420,METHOD_PARAMETER_IN,,this,2,services/issueMetrics/issueMetricsSyncService.ts::program:IssueMetricsSyncService,BY_VALUE,0,false,14,this,,,0,,services/issueMetrics/issueMetricsSyncService.ts::program:IssueMetricsSyncService
111669150421,METHOD_PARAMETER_IN,,projectId: number,25,,BY_VALUE,1,false,14,projectId,,,1,__ecma.Number,__ecma.Number
111669150422,METHOD_PARAMETER_IN,,this,2,services/issueMetrics/issueMetricsSyncService.ts::program:IssueMetricsSyncService,BY_VALUE,0,false,65,this,,,0,,services/issueMetrics/issueMetricsSyncService.ts::program:IssueMetricsSyncService
111669150423,METHOD_PARAMETER_IN,,projectId: number,32,,BY_VALUE,1,false,65,projectId,,,1,__ecma.Number,__ecma.Number
111669150424,METHOD_PARAMETER_IN,,this,26,services/issueMetrics/issueMetricsSyncService.ts::program:IssueMetricsSyncService,BY_VALUE,0,false,207,this,,,0,,services/issueMetrics/issueMetricsSyncService.ts::program:IssueMetricsSyncService
111669150425,METHOD_PARAMETER_IN,,resolve,26,,BY_VALUE,1,false,207,resolve,,,1,(value: ANY) => ANY,(value: ANY) => ANY
111669150426,METHOD_PARAMETER_IN,,this,2,services/issueMetrics/issueMetricsSyncService.ts::program:IssueMetricsSyncService,BY_VALUE,0,false,190,this,,,0,,services/issueMetrics/issueMetricsSyncService.ts::program:IssueMetricsSyncService
111669150427,METHOD_PARAMETER_IN,,projectId: number,36,,BY_VALUE,1,false,190,projectId,,,1,__ecma.Number,__ecma.Number
111669150428,METHOD_PARAMETER_IN,,closedIssuesSample: any[],55,,BY_VALUE,2,false,190,closedIssuesSample,,,2,__ecma.Array,__ecma.Array
111669150429,METHOD_PARAMETER_IN,,this,26,services/issueMetrics/issueMetricsSyncService.ts::program:IssueMetricsSyncService,BY_VALUE,0,false,244,this,,,0,,services/issueMetrics/issueMetricsSyncService.ts::program:IssueMetricsSyncService
111669150430,METHOD_PARAMETER_IN,,resolve,26,,BY_VALUE,1,false,244,resolve,,,1,(value: ANY) => ANY,(value: ANY) => ANY
111669150431,METHOD_PARAMETER_IN,,this,2,services/issueMetrics/issueMetricsSyncService.ts::program:IssueMetricsSyncService,BY_VALUE,0,false,223,this,,,0,,services/issueMetrics/issueMetricsSyncService.ts::program:IssueMetricsSyncService
111669150432,METHOD_PARAMETER_IN,,projectId: number,36,,BY_VALUE,1,false,223,projectId,,,1,__ecma.Number,__ecma.Number
111669150433,METHOD_PARAMETER_IN,,closedIssuesSample: any[],55,,BY_VALUE,2,false,223,closedIssuesSample,,,2,__ecma.Array,__ecma.Array
111669150434,METHOD_PARAMETER_IN,,this,0,services/issueMetrics/issueMetricsSyncService.ts::program,BY_VALUE,0,false,1,this,,,0,,services/issueMetrics/issueMetricsSyncService.ts::program
111669150435,METHOD_PARAMETER_IN,,this,0,services/milestoneMetrics/milestoneMetricsCalculationService.ts::program:MilestoneMetricsCalculationService,BY_VALUE,0,false,6,this,,,0,,services/milestoneMetrics/milestoneMetricsCalculationService.ts::program:MilestoneMetricsCalculationService
111669150436,METHOD_PARAMETER_IN,,this,53,services/milestoneMetrics/milestoneMetricsCalculationService.ts::program:MilestoneMetricsCalculationService,BY_VALUE,0,false,28,this,,,0,,services/milestoneMetrics/milestoneMetricsCalculationService.ts::program:MilestoneMetricsCalculationService
111669150437,METHOD_PARAMETER_IN,,max,54,,BY_VALUE,1,false,28,max,,,1,MilestoneWithIssueCount,MilestoneWithIssueCount
111669150438,METHOD_PARAMETER_IN,,current,59,,BY_VALUE,2,false,28,current,,,2,MilestoneWithIssueCount,MilestoneWithIssueCount
111669150439,METHOD_PARAMETER_IN,,this,53,services/milestoneMetrics/milestoneMetricsCalculationService.ts::program:MilestoneMetricsCalculationService,BY_VALUE,0,false,33,this,,,0,,services/milestoneMetrics/milestoneMetricsCalculationService.ts::program:MilestoneMetricsCalculationService
111669150440,METHOD_PARAMETER_IN,,min,54,,BY_VALUE,1,false,33,min,,,1,MilestoneWithIssueCount,MilestoneWithIssueCount
111669150441,METHOD_PARAMETER_IN,,current,59,,BY_VALUE,2,false,33,current,,,2,MilestoneWithIssueCount,MilestoneWithIssueCount
111669150442,METHOD_PARAMETER_IN,,this,6,services/milestoneMetrics/milestoneMetricsCalculationService.ts::program:MilestoneMetricsCalculationService,BY_VALUE,0,false,39,this,,,0,,services/milestoneMetrics/milestoneMetricsCalculationService.ts::program:MilestoneMetricsCalculationService
111669150443,METHOD_PARAMETER_IN,,sum,7,,BY_VALUE,1,false,39,sum,,,1,__ecma.Number,__ecma.Number
111669150444,METHOD_PARAMETER_IN,,milestone,12,,BY_VALUE,2,false,39,milestone,,,2,MilestoneWithIssueCount,MilestoneWithIssueCount
111669150445,METHOD_PARAMETER_IN,,this,2,services/milestoneMetrics/milestoneMetricsCalculationService.ts::program:MilestoneMetricsCalculationService,BY_VALUE,0,false,10,this,,,0,,services/milestoneMetrics/milestoneMetricsCalculationService.ts::program:MilestoneMetricsCalculationService
111669150446,METHOD_PARAMETER_IN,,milestonesWithCounts: MilestoneWithIssueCount[],19,,BY_VALUE,1,false,10,milestonesWithCounts,,,1,__ecma.Array,__ecma.Array
111669150447,METHOD_PARAMETER_IN,,this,0,services/milestoneMetrics/milestoneMetricsCalculationService.ts::program,BY_VALUE,0,false,1,this,,,0,,services/milestoneMetrics/milestoneMetricsCalculationService.ts::program
111669150448,METHOD_PARAMETER_IN,,this,0,services/milestoneMetrics/milestoneMetricsDbService.ts::program:MilestoneMetricsDbService,BY_VALUE,0,false,7,this,,,0,,services/milestoneMetrics/milestoneMetricsDbService.ts::program:MilestoneMetricsDbService
111669150449,METHOD_PARAMETER_IN,,this,2,services/milestoneMetrics/milestoneMetricsDbService.ts::program:MilestoneMetricsDbService,BY_VALUE,0,false,11,this,,,0,,services/milestoneMetrics/milestoneMetricsDbService.ts::program:MilestoneMetricsDbService
111669150450,METHOD_PARAMETER_IN,,projectId: number,20,,BY_VALUE,1,false,11,projectId,,,1,__ecma.Number,__ecma.Number
111669150451,METHOD_PARAMETER_IN,,metrics: MilestoneMetrics,39,,BY_VALUE,2,false,11,metrics,,,2,MilestoneMetrics,MilestoneMetrics
111669150452,METHOD_PARAMETER_IN,,this,2,services/milestoneMetrics/milestoneMetricsDbService.ts::program:MilestoneMetricsDbService,BY_VALUE,0,false,48,this,,,0,,services/milestoneMetrics/milestoneMetricsDbService.ts::program:MilestoneMetricsDbService
111669150453,METHOD_PARAMETER_IN,,projectId: number,19,,BY_VALUE,1,false,48,projectId,,,1,__ecma.Number,__ecma.Number
111669150454,METHOD_PARAMETER_IN,,this,0,services/milestoneMetrics/milestoneMetricsDbService.ts::program,BY_VALUE,0,false,1,this,,,0,,services/milestoneMetrics/milestoneMetricsDbService.ts::program
111669150455,METHOD_PARAMETER_IN,,this,0,services/milestoneMetrics/milestoneMetricsSyncService.ts::program:GitLabMilestone,BY_VALUE,0,false,10,this,,,0,,services/milestoneMetrics/milestoneMetricsSyncService.ts::program:GitLabMilestone
111669150456,METHOD_PARAMETER_IN,,this,0,services/milestoneMetrics/milestoneMetricsSyncService.ts::program:MilestoneMetricsSyncService,BY_VALUE,0,false,22,this,,,0,,services/milestoneMetrics/milestoneMetricsSyncService.ts::program:MilestoneMetricsSyncService
111669150457,METHOD_PARAMETER_IN,,this,2,services/milestoneMetrics/milestoneMetricsSyncService.ts::program:MilestoneMetricsSyncService,BY_VALUE,0,false,26,this,,,0,,services/milestoneMetrics/milestoneMetricsSyncService.ts::program:MilestoneMetricsSyncService
111669150458,METHOD_PARAMETER_IN,,projectId: number,29,,BY_VALUE,1,false,26,projectId,,,1,__ecma.Number,__ecma.Number
111669150459,METHOD_PARAMETER_IN,,this,21,services/milestoneMetrics/milestoneMetricsSyncService.ts::program:MilestoneMetricsSyncService,BY_VALUE,0,false,81,this,,,0,,services/milestoneMetrics/milestoneMetricsSyncService.ts::program:MilestoneMetricsSyncService
111669150460,METHOD_PARAMETER_IN,,milestone,28,,BY_VALUE,1,false,81,milestone,,,1,ANY,ANY
111669150461,METHOD_PARAMETER_IN,,this,2,services/milestoneMetrics/milestoneMetricsSyncService.ts::program:MilestoneMetricsSyncService,BY_VALUE,0,false,77,this,,,0,,services/milestoneMetrics/milestoneMetricsSyncService.ts::program:MilestoneMetricsSyncService
111669150462,METHOD_PARAMETER_IN,,projectId: number,33,,BY_VALUE,1,false,77,projectId,,,1,__ecma.Number,__ecma.Number
111669150463,METHOD_PARAMETER_IN,,milestones: any[],52,,BY_VALUE,2,false,77,milestones,,,2,__ecma.Array,__ecma.Array
111669150464,METHOD_PARAMETER_IN,,this,0,services/milestoneMetrics/milestoneMetricsSyncService.ts::program,BY_VALUE,0,false,1,this,,,0,,services/milestoneMetrics/milestoneMetricsSyncService.ts::program
111669150465,METHOD_PARAMETER_IN,,this,0,services/mrMetrics/mrMetricsCalculationService.ts::program:MRMetricsCalculationService,BY_VALUE,0,false,8,this,,,0,,services/mrMetrics/mrMetricsCalculationService.ts::program:MRMetricsCalculationService
111669150466,METHOD_PARAMETER_IN,,this,2,services/mrMetrics/mrMetricsCalculationService.ts::program:MRMetricsCalculationService,BY_VALUE,0,false,13,this,,,0,,services/mrMetrics/mrMetricsCalculationService.ts::program:MRMetricsCalculationService
111669150467,METHOD_PARAMETER_IN,,projectId: number,4,,BY_VALUE,1,false,14,projectId,,,1,__ecma.Number,__ecma.Number
111669150468,METHOD_PARAMETER_IN,,openMRs: GitLabMergeRequest[],4,,BY_VALUE,2,false,15,openMRs,,,2,__ecma.Array,__ecma.Array
111669150469,METHOD_PARAMETER_IN,,mergedMRsLast7d: GitLabMergeRequest[],4,,BY_VALUE,3,false,16,mergedMRsLast7d,,,3,__ecma.Array,__ecma.Array
111669150470,METHOD_PARAMETER_IN,,mergedMRsLast30d: GitLabMergeRequest[],4,,BY_VALUE,4,false,17,mergedMRsLast30d,,,4,__ecma.Array,__ecma.Array
111669150471,METHOD_PARAMETER_IN,,allRecentMergedMRs: GitLabMergeRequest[],4,,BY_VALUE,5,false,18,allRecentMergedMRs,,,5,__ecma.Array,__ecma.Array
111669150472,METHOD_PARAMETER_IN,,openedMRsLast7d: GitLabMergeRequest[],4,,BY_VALUE,6,false,19,openedMRsLast7d,,,6,__ecma.Array,__ecma.Array
111669150473,METHOD_PARAMETER_IN,,openedMRsLast30d: GitLabMergeRequest[],4,,BY_VALUE,7,false,20,openedMRsLast30d,,,7,__ecma.Array,__ecma.Array
111669150474,METHOD_PARAMETER_IN,,totalOpenCount: number,4,,BY_VALUE,8,false,21,totalOpenCount,,,8,__ecma.Number,__ecma.Number
111669150475,METHOD_PARAMETER_IN,,totalMergedCount: number,4,,BY_VALUE,9,false,22,totalMergedCount,,,9,__ecma.Number,__ecma.Number
111669150476,METHOD_PARAMETER_IN,,commentsData: { totalComments: number; checked: number },4,,BY_VALUE,10,false,23,commentsData,,,10,services/mrMetrics/mrMetricsCalculationService.ts::program:MRMetricsCalculationService:calculateMetrics:<anon-class>0,services/mrMetrics/mrMetricsCalculationService.ts::program:MRMetricsCalculationService:calculateMetrics:<anon-class>0
111669150477,METHOD_PARAMETER_IN,,revertData: { reverted: number; checked: number },4,,BY_VALUE,11,false,24,revertData,,,11,services/mrMetrics/mrMetricsCalculationService.ts::program:MRMetricsCalculationService:calculateMetrics:<anon-class>2,services/mrMetrics/mrMetricsCalculationService.ts::program:MRMetricsCalculationService:calculateMetrics:<anon-class>2
111669150478,METHOD_PARAMETER_IN,,reviewersData: { totalReviewers: number; checked: number },4,,BY_VALUE,12,false,25,reviewersData,,,12,services/mrMetrics/mrMetricsCalculationService.ts::program:MRMetricsCalculationService:calculateMetrics:<anon-class>4,services/mrMetrics/mrMetricsCalculationService.ts::program:MRMetricsCalculationService:calculateMetrics:<anon-class>4
111669150479,METHOD_PARAMETER_IN,,this,22,services/mrMetrics/mrMetricsCalculationService.ts::program:MRMetricsCalculationService,BY_VALUE,0,false,129,this,,,0,,services/mrMetrics/mrMetricsCalculationService.ts::program:MRMetricsCalculationService
111669150480,METHOD_PARAMETER_IN,,mr,23,,BY_VALUE,1,false,129,mr,,,1,GitLabMergeRequest,GitLabMergeRequest
111669150481,METHOD_PARAMETER_IN,,this,2,services/mrMetrics/mrMetricsCalculationService.ts::program:MRMetricsCalculationService,BY_VALUE,0,false,125,this,,,0,,services/mrMetrics/mrMetricsCalculationService.ts::program:MRMetricsCalculationService
111669150482,METHOD_PARAMETER_IN,,mergedMRs: GitLabMergeRequest[],29,,BY_VALUE,1,false,125,mergedMRs,,,1,__ecma.Array,__ecma.Array
111669150483,METHOD_PARAMETER_IN,,this,2,services/mrMetrics/mrMetricsCalculationService.ts::program:MRMetricsCalculationService,BY_VALUE,0,false,153,this,,,0,,services/mrMetrics/mrMetricsCalculationService.ts::program:MRMetricsCalculationService
111669150484,METHOD_PARAMETER_IN,,totalComments: number,31,,BY_VALUE,1,false,153,totalComments,,,1,__ecma.Number,__ecma.Number
111669150485,METHOD_PARAMETER_IN,,checked: number,54,,BY_VALUE,2,false,153,checked,,,2,__ecma.Number,__ecma.Number
111669150486,METHOD_PARAMETER_IN,,this,2,services/mrMetrics/mrMetricsCalculationService.ts::program:MRMetricsCalculationService,BY_VALUE,0,false,166,this,,,0,,services/mrMetrics/mrMetricsCalculationService.ts::program:MRMetricsCalculationService
111669150487,METHOD_PARAMETER_IN,,reverted: number,30,,BY_VALUE,1,false,166,reverted,,,1,__ecma.Number,__ecma.Number
111669150488,METHOD_PARAMETER_IN,,checked: number,48,,BY_VALUE,2,false,166,checked,,,2,__ecma.Number,__ecma.Number
111669150489,METHOD_PARAMETER_IN,,this,20,services/mrMetrics/mrMetricsCalculationService.ts::program:MRMetricsCalculationService,BY_VALUE,0,false,185,this,,,0,,services/mrMetrics/mrMetricsCalculationService.ts::program:MRMetricsCalculationService
111669150490,METHOD_PARAMETER_IN,,mr,21,,BY_VALUE,1,false,185,mr,,,1,GitLabMergeRequest,GitLabMergeRequest
111669150491,METHOD_PARAMETER_IN,,this,2,services/mrMetrics/mrMetricsCalculationService.ts::program:MRMetricsCalculationService,BY_VALUE,0,false,179,this,,,0,,services/mrMetrics/mrMetricsCalculationService.ts::program:MRMetricsCalculationService
111669150492,METHOD_PARAMETER_IN,,openMRs: GitLabMergeRequest[],28,,BY_VALUE,1,false,179,openMRs,,,1,__ecma.Array,__ecma.Array
111669150493,METHOD_PARAMETER_IN,,this,2,services/mrMetrics/mrMetricsCalculationService.ts::program:MRMetricsCalculationService,BY_VALUE,0,false,206,this,,,0,,services/mrMetrics/mrMetricsCalculationService.ts::program:MRMetricsCalculationService
111669150494,METHOD_PARAMETER_IN,,totalReviewers: number,32,,BY_VALUE,1,false,206,totalReviewers,,,1,__ecma.Number,__ecma.Number
111669150495,METHOD_PARAMETER_IN,,checked: number,56,,BY_VALUE,2,false,206,checked,,,2,__ecma.Number,__ecma.Number
111669150496,METHOD_PARAMETER_IN,,this,2,services/mrMetrics/mrMetricsCalculationService.ts::program:MRMetricsCalculationService,BY_VALUE,0,false,223,this,,,0,,services/mrMetrics/mrMetricsCalculationService.ts::program:MRMetricsCalculationService
111669150497,METHOD_PARAMETER_IN,,mergedLast30d: number,37,,BY_VALUE,1,false,223,mergedLast30d,,,1,__ecma.Number,__ecma.Number
111669150498,METHOD_PARAMETER_IN,,this,2,services/mrMetrics/mrMetricsCalculationService.ts::program:MRMetricsCalculationService,BY_VALUE,0,false,232,this,,,0,,services/mrMetrics/mrMetricsCalculationService.ts::program:MRMetricsCalculationService
111669150499,METHOD_PARAMETER_IN,,avgMergeTimeDays: number,33,,BY_VALUE,1,false,232,avgMergeTimeDays,,,1,__ecma.Number,__ecma.Number
111669150500,METHOD_PARAMETER_IN,,this,2,services/mrMetrics/mrMetricsCalculationService.ts::program:MRMetricsCalculationService,BY_VALUE,0,false,241,this,,,0,,services/mrMetrics/mrMetricsCalculationService.ts::program:MRMetricsCalculationService
111669150501,METHOD_PARAMETER_IN,,revertRatePercent: number,34,,BY_VALUE,1,false,241,revertRatePercent,,,1,__ecma.Number,__ecma.Number
111669150502,METHOD_PARAMETER_IN,,this,2,services/mrMetrics/mrMetricsCalculationService.ts::program:MRMetricsCalculationService,BY_VALUE,0,false,250,this,,,0,,services/mrMetrics/mrMetricsCalculationService.ts::program:MRMetricsCalculationService
111669150503,METHOD_PARAMETER_IN,,mergedLast30d: number,31,,BY_VALUE,1,false,250,mergedLast30d,,,1,__ecma.Number,__ecma.Number
111669150504,METHOD_PARAMETER_IN,,openedLast30d: number,54,,BY_VALUE,2,false,250,openedLast30d,,,2,__ecma.Number,__ecma.Number
111669150505,METHOD_PARAMETER_IN,,this,2,services/mrMetrics/mrMetricsCalculationService.ts::program:MRMetricsCalculationService,BY_VALUE,0,false,261,this,,,0,,services/mrMetrics/mrMetricsCalculationService.ts::program:MRMetricsCalculationService
111669150506,METHOD_PARAMETER_IN,,staleMRsCount: number,32,,BY_VALUE,1,false,261,staleMRsCount,,,1,__ecma.Number,__ecma.Number
111669150507,METHOD_PARAMETER_IN,,this,0,services/mrMetrics/mrMetricsCalculationService.ts::program,BY_VALUE,0,false,1,this,,,0,,services/mrMetrics/mrMetricsCalculationService.ts::program
111669150508,METHOD_PARAMETER_IN,,this,0,services/mrMetrics/mrMetricsDbService.ts::program:MRMetricsDbService,BY_VALUE,0,false,13,this,,,0,,services/mrMetrics/mrMetricsDbService.ts::program:MRMetricsDbService
111669150509,METHOD_PARAMETER_IN,,this,2,services/mrMetrics/mrMetricsDbService.ts::program:MRMetricsDbService,BY_VALUE,0,false,18,this,,,0,,services/mrMetrics/mrMetricsDbService.ts::program:MRMetricsDbService
111669150510,METHOD_PARAMETER_IN,,projectId: number,4,,BY_VALUE,1,false,19,projectId,,,1,__ecma.Number,__ecma.Number
111669150511,METHOD_PARAMETER_IN,,"metrics: Omit<MRHealthMetrics, 'uuid' | 'row_id' | 'project_id' | 'calculated_at'>",4,,BY_VALUE,2,false,20,metrics,,,2,"Omit<MRHealthMetrics, 'uuid' | 'row_id' | 'project_id' | 'calculated_at'>","Omit<MRHealthMetrics, 'uuid' | 'row_id' | 'project_id' | 'calculated_at'>"
111669150512,METHOD_PARAMETER_IN,,this,2,services/mrMetrics/mrMetricsDbService.ts::program:MRMetricsDbService,BY_VALUE,0,false,107,this,,,0,,services/mrMetrics/mrMetricsDbService.ts::program:MRMetricsDbService
111669150513,METHOD_PARAMETER_IN,,projectId: number,31,,BY_VALUE,1,false,107,projectId,,,1,__ecma.Number,__ecma.Number
111669150514,METHOD_PARAMETER_IN,,this,2,services/mrMetrics/mrMetricsDbService.ts::program:MRMetricsDbService,BY_VALUE,0,false,176,this,,,0,,services/mrMetrics/mrMetricsDbService.ts::program:MRMetricsDbService
111669150515,METHOD_PARAMETER_IN,,projectId: number,19,,BY_VALUE,1,false,176,projectId,,,1,__ecma.Number,__ecma.Number
111669150516,METHOD_PARAMETER_IN,,this,2,services/mrMetrics/mrMetricsDbService.ts::program:MRMetricsDbService,BY_VALUE,0,false,196,this,,,0,,services/mrMetrics/mrMetricsDbService.ts::program:MRMetricsDbService
111669150517,METHOD_PARAMETER_IN,,projectId: number,4,,BY_VALUE,1,false,197,projectId,,,1,__ecma.Number,__ecma.Number
111669150518,METHOD_PARAMETER_IN,,days: number = 30,4,,BY_VALUE,2,false,198,days: number,,,2,__ecma.Number,__ecma.Number
111669150519,METHOD_PARAMETER_IN,,this,2,services/mrMetrics/mrMetricsDbService.ts::program:MRMetricsDbService,BY_VALUE,0,false,219,this,,,0,,services/mrMetrics/mrMetricsDbService.ts::program:MRMetricsDbService
111669150520,METHOD_PARAMETER_IN,,projectId: number,30,,BY_VALUE,1,false,219,projectId,,,1,__ecma.Number,__ecma.Number
111669150521,METHOD_PARAMETER_IN,,this,2,services/mrMetrics/mrMetricsDbService.ts::program:MRMetricsDbService,BY_VALUE,0,false,277,this,,,0,,services/mrMetrics/mrMetricsDbService.ts::program:MRMetricsDbService
111669150522,METHOD_PARAMETER_IN,,current: number,26,,BY_VALUE,1,false,277,current,,,1,__ecma.Number,__ecma.Number
111669150523,METHOD_PARAMETER_IN,,previous: number,43,,BY_VALUE,2,false,277,previous,,,2,__ecma.Number,__ecma.Number
111669150524,METHOD_PARAMETER_IN,,this,2,services/mrMetrics/mrMetricsDbService.ts::program:MRMetricsDbService,BY_VALUE,0,false,285,this,,,0,,services/mrMetrics/mrMetricsDbService.ts::program:MRMetricsDbService
111669150525,METHOD_PARAMETER_IN,,projectId: number,22,,BY_VALUE,1,false,285,projectId,,,1,__ecma.Number,__ecma.Number
111669150526,METHOD_PARAMETER_IN,,this,2,services/mrMetrics/mrMetricsDbService.ts::program:MRMetricsDbService,BY_VALUE,0,false,304,this,,,0,,services/mrMetrics/mrMetricsDbService.ts::program:MRMetricsDbService
111669150527,METHOD_PARAMETER_IN,,projectId: number,22,,BY_VALUE,1,false,304,projectId,,,1,__ecma.Number,__ecma.Number
111669150528,METHOD_PARAMETER_IN,,this,0,services/mrMetrics/mrMetricsDbService.ts::program,BY_VALUE,0,false,1,this,,,0,,services/mrMetrics/mrMetricsDbService.ts::program
111669150529,METHOD_PARAMETER_IN,,this,0,services/mrMetrics/mrMetricsSyncService.ts::program:MRMetricsSyncService,BY_VALUE,0,false,10,this,,,0,,services/mrMetrics/mrMetricsSyncService.ts::program:MRMetricsSyncService
111669150530,METHOD_PARAMETER_IN,,this,2,services/mrMetrics/mrMetricsSyncService.ts::program:MRMetricsSyncService,BY_VALUE,0,false,15,this,,,0,,services/mrMetrics/mrMetricsSyncService.ts::program:MRMetricsSyncService
111669150531,METHOD_PARAMETER_IN,,projectId: number,22,,BY_VALUE,1,false,15,projectId,,,1,__ecma.Number,__ecma.Number
111669150532,METHOD_PARAMETER_IN,,this,2,services/mrMetrics/mrMetricsSyncService.ts::program:MRMetricsSyncService,BY_VALUE,0,false,64,this,,,0,,services/mrMetrics/mrMetricsSyncService.ts::program:MRMetricsSyncService
111669150533,METHOD_PARAMETER_IN,,projectId: number,32,,BY_VALUE,1,false,64,projectId,,,1,__ecma.Number,__ecma.Number
111669150534,METHOD_PARAMETER_IN,,this,44,services/mrMetrics/mrMetricsSyncService.ts::program:MRMetricsSyncService,BY_VALUE,0,false,160,this,,,0,,services/mrMetrics/mrMetricsSyncService.ts::program:MRMetricsSyncService
111669150535,METHOD_PARAMETER_IN,,note: any,45,,BY_VALUE,1,false,160,note,,,1,ANY,ANY
111669150536,METHOD_PARAMETER_IN,,this,26,services/mrMetrics/mrMetricsSyncService.ts::program:MRMetricsSyncService,BY_VALUE,0,false,164,this,,,0,,services/mrMetrics/mrMetricsSyncService.ts::program:MRMetricsSyncService
111669150537,METHOD_PARAMETER_IN,,resolve,26,,BY_VALUE,1,false,164,resolve,,,1,(value: ANY) => ANY,(value: ANY) => ANY
111669150538,METHOD_PARAMETER_IN,,this,2,services/mrMetrics/mrMetricsSyncService.ts::program:MRMetricsSyncService,BY_VALUE,0,false,150,this,,,0,,services/mrMetrics/mrMetricsSyncService.ts::program:MRMetricsSyncService
111669150539,METHOD_PARAMETER_IN,,projectId: number,40,,BY_VALUE,1,false,150,projectId,,,1,__ecma.Number,__ecma.Number
111669150540,METHOD_PARAMETER_IN,,mergedMRsSample: any[],59,,BY_VALUE,2,false,150,mergedMRsSample,,,2,__ecma.Array,__ecma.Array
111669150541,METHOD_PARAMETER_IN,,this,45,services/mrMetrics/mrMetricsSyncService.ts::program:MRMetricsSyncService,BY_VALUE,0,false,191,this,,,0,,services/mrMetrics/mrMetricsSyncService.ts::program:MRMetricsSyncService
111669150542,METHOD_PARAMETER_IN,,label: string,46,,BY_VALUE,1,false,191,label,,,1,__ecma.String,__ecma.String
111669150543,METHOD_PARAMETER_IN,,this,2,services/mrMetrics/mrMetricsSyncService.ts::program:MRMetricsSyncService,BY_VALUE,0,false,180,this,,,0,,services/mrMetrics/mrMetricsSyncService.ts::program:MRMetricsSyncService
111669150544,METHOD_PARAMETER_IN,,mergedMRsSample: any[],38,,BY_VALUE,1,false,180,mergedMRsSample,,,1,__ecma.Array,__ecma.Array
111669150545,METHOD_PARAMETER_IN,,this,2,services/mrMetrics/mrMetricsSyncService.ts::program:MRMetricsSyncService,BY_VALUE,0,false,209,this,,,0,,services/mrMetrics/mrMetricsSyncService.ts::program:MRMetricsSyncService
111669150546,METHOD_PARAMETER_IN,,mergedMRsSample: any[],40,,BY_VALUE,1,false,209,mergedMRsSample,,,1,__ecma.Array,__ecma.Array
111669150547,METHOD_PARAMETER_IN,,this,0,services/mrMetrics/mrMetricsSyncService.ts::program,BY_VALUE,0,false,1,this,,,0,,services/mrMetrics/mrMetricsSyncService.ts::program
111669150548,METHOD_PARAMETER_IN,,this,0,services/project/index.ts::program,BY_VALUE,0,false,1,this,,,0,,services/project/index.ts::program
111669150549,METHOD_PARAMETER_IN,,this,0,services/project/projectEnrichmentService.ts::program:EnrichedProject,BY_VALUE,0,false,10,this,,,0,,services/project/projectEnrichmentService.ts::program:EnrichedProject
111669150550,METHOD_PARAMETER_IN,,this,25,services/project/projectEnrichmentService.ts::program:ProjectEnrichmentService,BY_VALUE,0,false,39,this,,,0,,services/project/projectEnrichmentService.ts::program:ProjectEnrichmentService
111669150551,METHOD_PARAMETER_IN,,project: GitLabProject,32,,BY_VALUE,1,false,39,project,,,1,GitLabProject,GitLabProject
111669150552,METHOD_PARAMETER_IN,,this,27,services/project/projectEnrichmentService.ts::program:ProjectEnrichmentService,BY_VALUE,0,false,49,this,,,0,,services/project/projectEnrichmentService.ts::program:ProjectEnrichmentService
111669150553,METHOD_PARAMETER_IN,,projectId: number,34,,BY_VALUE,1,false,49,projectId,,,1,__ecma.Number,__ecma.Number
111669150554,METHOD_PARAMETER_IN,,this,24,services/project/projectEnrichmentService.ts::program:ProjectEnrichmentService,BY_VALUE,0,false,62,this,,,0,,services/project/projectEnrichmentService.ts::program:ProjectEnrichmentService
111669150555,METHOD_PARAMETER_IN,,projectId: number,31,,BY_VALUE,1,false,62,projectId,,,1,__ecma.Number,__ecma.Number
111669150556,METHOD_PARAMETER_IN,,this,31,services/project/projectEnrichmentService.ts::program:ProjectEnrichmentService,BY_VALUE,0,false,72,this,,,0,,services/project/projectEnrichmentService.ts::program:ProjectEnrichmentService
111669150557,METHOD_PARAMETER_IN,,projectId: number,38,,BY_VALUE,1,false,72,projectId,,,1,__ecma.Number,__ecma.Number
111669150558,METHOD_PARAMETER_IN,,this,18,services/project/projectEnrichmentService.ts::program:ProjectEnrichmentService,BY_VALUE,0,false,85,this,,,0,,services/project/projectEnrichmentService.ts::program:ProjectEnrichmentService
111669150559,METHOD_PARAMETER_IN,,project: GitLabProject,25,,BY_VALUE,1,false,85,project,,,1,GitLabProject,GitLabProject
111669150560,METHOD_PARAMETER_IN,,this,42,services/project/projectEnrichmentService.ts::program:ProjectEnrichmentService,BY_VALUE,0,false,145,this,,,0,,services/project/projectEnrichmentService.ts::program:ProjectEnrichmentService
111669150561,METHOD_PARAMETER_IN,,p,42,,BY_VALUE,1,false,145,p,,,1,GitLabProject,GitLabProject
111669150562,METHOD_PARAMETER_IN,,this,19,services/project/projectEnrichmentService.ts::program:ProjectEnrichmentService,BY_VALUE,0,false,144,this,,,0,,services/project/projectEnrichmentService.ts::program:ProjectEnrichmentService
111669150563,METHOD_PARAMETER_IN,,projects: GitLabProject[],26,,BY_VALUE,1,false,144,projects,,,1,__ecma.Array,__ecma.Array
111669150564,METHOD_PARAMETER_IN,,this,0,services/project/projectEnrichmentService.ts::program:ProjectEnrichmentService,BY_VALUE,0,false,35,this,,,0,,services/project/projectEnrichmentService.ts::program:ProjectEnrichmentService
111669150565,METHOD_PARAMETER_IN,,this,0,services/project/projectEnrichmentService.ts::program,BY_VALUE,0,false,1,this,,,0,,services/project/projectEnrichmentService.ts::program
111669150566,METHOD_PARAMETER_IN,,this,26,services/project/projectFetchService.ts::program:rojectFetchService,BY_VALUE,0,false,12,this,,,0,,services/project/projectFetchService.ts::program:rojectFetchService
111669150567,METHOD_PARAMETER_IN,,this,30,services/project/projectFetchService.ts::program:rojectFetchService,BY_VALUE,0,false,23,this,,,0,,services/project/projectFetchService.ts::program:rojectFetchService
111669150568,METHOD_PARAMETER_IN,,this,26,services/project/projectFetchService.ts::program:rojectFetchService,BY_VALUE,0,false,33,this,,,0,,services/project/projectFetchService.ts::program:rojectFetchService
111669150569,METHOD_PARAMETER_IN,,rojectId: number),33,,BY_VALUE,1,false,33,projectId,,,1,__ecma.Number,__ecma.Number
111669150570,METHOD_PARAMETER_IN,,this,1,services/project/projectFetchService.ts::program:rojectFetchService,BY_VALUE,0,false,6,this,,,0,,services/project/projectFetchService.ts::program:rojectFetchService
111669150571,METHOD_PARAMETER_IN,,this,0,services/project/projectFetchService.ts::program,BY_VALUE,0,false,1,this,,,0,,services/project/projectFetchService.ts::program
111669150572,METHOD_PARAMETER_IN,,this,0,services/project/projectRefreshService.ts::program:SnapshotData,BY_VALUE,0,false,11,this,,,0,,services/project/projectRefreshService.ts::program:SnapshotData
111669150573,METHOD_PARAMETER_IN,,this,31,services/project/projectRefreshService.ts::program:ProjectRefreshService,BY_VALUE,0,false,33,this,,,0,,services/project/projectRefreshService.ts::program:ProjectRefreshService
111669150574,METHOD_PARAMETER_IN,,projectId: number,38,,BY_VALUE,1,false,33,projectId,,,1,__ecma.Number,__ecma.Number
111669150575,METHOD_PARAMETER_IN,,this,28,services/project/projectRefreshService.ts::program:ProjectRefreshService,BY_VALUE,0,false,46,this,,,0,,services/project/projectRefreshService.ts::program:ProjectRefreshService
111669150576,METHOD_PARAMETER_IN,,projectId: number,35,,BY_VALUE,1,false,46,projectId,,,1,__ecma.Number,__ecma.Number
111669150577,METHOD_PARAMETER_IN,,this,47,services/project/projectRefreshService.ts::program:ProjectRefreshService,BY_VALUE,0,false,63,this,,,0,,services/project/projectRefreshService.ts::program:ProjectRefreshService
111669150578,METHOD_PARAMETER_IN,,m,47,,BY_VALUE,1,false,63,m,,,1,GitLabMilestone,GitLabMilestone
111669150579,METHOD_PARAMETER_IN,,this,35,services/project/projectRefreshService.ts::program:ProjectRefreshService,BY_VALUE,0,false,59,this,,,0,,services/project/projectRefreshService.ts::program:ProjectRefreshService
111669150580,METHOD_PARAMETER_IN,,projectId: number,42,,BY_VALUE,1,false,59,projectId,,,1,__ecma.Number,__ecma.Number
111669150581,METHOD_PARAMETER_IN,,this,31,services/project/projectRefreshService.ts::program:ProjectRefreshService,BY_VALUE,0,false,74,this,,,0,,services/project/projectRefreshService.ts::program:ProjectRefreshService
111669150582,METHOD_PARAMETER_IN,,project: GitLabProject,38,,BY_VALUE,1,false,74,project,,,1,GitLabProject,GitLabProject
111669150583,METHOD_PARAMETER_IN,,this,19,services/project/projectRefreshService.ts::program:ProjectRefreshService,BY_VALUE,0,false,122,this,,,0,,services/project/projectRefreshService.ts::program:ProjectRefreshService
111669150584,METHOD_PARAMETER_IN,,projectId: number,26,,BY_VALUE,1,false,122,projectId,,,1,__ecma.Number,__ecma.Number
111669150585,METHOD_PARAMETER_IN,,this,30,services/project/projectRefreshService.ts::program:ProjectRefreshService,BY_VALUE,0,false,137,this,,,0,,services/project/projectRefreshService.ts::program:ProjectRefreshService
111669150586,METHOD_PARAMETER_IN,,this,0,services/project/projectRefreshService.ts::program:ProjectRefreshService,BY_VALUE,0,false,27,this,,,0,,services/project/projectRefreshService.ts::program:ProjectRefreshService
111669150587,METHOD_PARAMETER_IN,,this,0,services/project/projectRefreshService.ts::program,BY_VALUE,0,false,1,this,,,0,,services/project/projectRefreshService.ts::program
111669150588,METHOD_PARAMETER_IN,,this,26,services/project/projectSyncService.ts::program:ProjectSyncService,BY_VALUE,0,false,57,this,,,0,,services/project/projectSyncService.ts::program:ProjectSyncService
111669150589,METHOD_PARAMETER_IN,,resolve,26,,BY_VALUE,1,false,57,resolve,,,1,(value: ANY) => ANY,(value: ANY) => ANY
111669150590,METHOD_PARAMETER_IN,,this,20,services/project/projectSyncService.ts::program:ProjectSyncService,BY_VALUE,0,false,15,this,,,0,,services/project/projectSyncService.ts::program:ProjectSyncService
111669150591,METHOD_PARAMETER_IN,,this,88,services/project/projectSyncService.ts::program:ProjectSyncService,BY_VALUE,0,false,89,this,,,0,,services/project/projectSyncService.ts::program:ProjectSyncService
111669150592,METHOD_PARAMETER_IN,,this,43,services/project/projectSyncService.ts::program:ProjectSyncService,BY_VALUE,0,false,115,this,,,0,,services/project/projectSyncService.ts::program:ProjectSyncService
111669150593,METHOD_PARAMETER_IN,,p,43,,BY_VALUE,1,false,115,p,,,1,ANY,ANY
111669150594,METHOD_PARAMETER_IN,,this,16,services/project/projectSyncService.ts::program:ProjectSyncService,BY_VALUE,0,false,84,this,,,0,,services/project/projectSyncService.ts::program:ProjectSyncService
111669150595,METHOD_PARAMETER_IN,,projectId: number,23,,BY_VALUE,1,false,84,projectId,,,1,__ecma.Number,__ecma.Number
111669150596,METHOD_PARAMETER_IN,,this,0,services/project/projectSyncService.ts::program:ProjectSyncService,BY_VALUE,0,false,9,this,,,0,,services/project/projectSyncService.ts::program:ProjectSyncService
111669150597,METHOD_PARAMETER_IN,,this,0,services/project/projectSyncService.ts::program,BY_VALUE,0,false,1,this,,,0,,services/project/projectSyncService.ts::program
111669150598,METHOD_PARAMETER_IN,,this,0,services/project/projectTransformService.ts::program:DbProject,BY_VALUE,0,false,2,this,,,0,,services/project/projectTransformService.ts::program:DbProject
111669150599,METHOD_PARAMETER_IN,,this,18,services/project/projectTransformService.ts::program:ProjectTransformService,BY_VALUE,0,false,38,this,,,0,,services/project/projectTransformService.ts::program:ProjectTransformService
111669150600,METHOD_PARAMETER_IN,,dbProject: DbProject,19,,BY_VALUE,1,false,38,dbProject,,,1,DbProject,DbProject
111669150601,METHOD_PARAMETER_IN,,this,26,services/project/projectTransformService.ts::program:ProjectTransformService,BY_VALUE,0,false,75,this,,,0,,services/project/projectTransformService.ts::program:ProjectTransformService
111669150602,METHOD_PARAMETER_IN,,p,26,,BY_VALUE,1,false,75,p,,,1,DbProject,DbProject
111669150603,METHOD_PARAMETER_IN,,this,22,services/project/projectTransformService.ts::program:ProjectTransformService,BY_VALUE,0,false,74,this,,,0,,services/project/projectTransformService.ts::program:ProjectTransformService
111669150604,METHOD_PARAMETER_IN,,dbProjects: DbProject[],23,,BY_VALUE,1,false,74,dbProjects,,,1,__ecma.Array,__ecma.Array
111669150605,METHOD_PARAMETER_IN,,this,0,services/project/projectTransformService.ts::program:ProjectTransformService,BY_VALUE,0,false,34,this,,,0,,services/project/projectTransformService.ts::program:ProjectTransformService
111669150606,METHOD_PARAMETER_IN,,this,0,services/project/projectTransformService.ts::program,BY_VALUE,0,false,1,this,,,0,,services/project/projectTransformService.ts::program
111669150607,METHOD_PARAMETER_IN,,this,2,services/sonarMaintainability/sonarMaintainabilityApiService.ts::program:SonarMaintainabilityApiService,BY_VALUE,0,false,9,this,,,0,,services/sonarMaintainability/sonarMaintainabilityApiService.ts::program:SonarMaintainabilityApiService
111669150608,METHOD_PARAMETER_IN,,baseUrl?: string,14,,BY_VALUE,1,false,9,baseUrl,,,1,__ecma.String,__ecma.String
111669150609,METHOD_PARAMETER_IN,,token?: string,32,,BY_VALUE,2,false,9,token,,,2,__ecma.String,__ecma.String
111669150610,METHOD_PARAMETER_IN,,this,2,services/sonarMaintainability/sonarMaintainabilityApiService.ts::program:SonarMaintainabilityApiService,BY_VALUE,0,false,24,this,,,0,,services/sonarMaintainability/sonarMaintainabilityApiService.ts::program:SonarMaintainabilityApiService
111669150611,METHOD_PARAMETER_IN,,this,2,services/sonarMaintainability/sonarMaintainabilityApiService.ts::program:SonarMaintainabilityApiService,BY_VALUE,0,false,38,this,,,0,,services/sonarMaintainability/sonarMaintainabilityApiService.ts::program:SonarMaintainabilityApiService
111669150612,METHOD_PARAMETER_IN,,this,2,services/sonarMaintainability/sonarMaintainabilityApiService.ts::program:SonarMaintainabilityApiService,BY_VALUE,0,false,47,this,,,0,,services/sonarMaintainability/sonarMaintainabilityApiService.ts::program:SonarMaintainabilityApiService
111669150613,METHOD_PARAMETER_IN,,projectKey: string,34,,BY_VALUE,1,false,47,projectKey,,,1,__ecma.String,__ecma.String
111669150614,METHOD_PARAMETER_IN,,this,2,services/sonarMaintainability/sonarMaintainabilityApiService.ts::program:SonarMaintainabilityApiService,BY_VALUE,0,false,86,this,,,0,,services/sonarMaintainability/sonarMaintainabilityApiService.ts::program:SonarMaintainabilityApiService
111669150615,METHOD_PARAMETER_IN,,projectKey: string,22,,BY_VALUE,1,false,86,projectKey,,,1,__ecma.String,__ecma.String
111669150616,METHOD_PARAMETER_IN,,type: string,42,,BY_VALUE,2,false,86,type,,,2,__ecma.String,__ecma.String
111669150617,METHOD_PARAMETER_IN,,severity: string,56,,BY_VALUE,3,false,86,severity,,,3,__ecma.String,__ecma.String
111669150618,METHOD_PARAMETER_IN,,this,2,services/sonarMaintainability/sonarMaintainabilityApiService.ts::program:SonarMaintainabilityApiService,BY_VALUE,0,false,107,this,,,0,,services/sonarMaintainability/sonarMaintainabilityApiService.ts::program:SonarMaintainabilityApiService
111669150619,METHOD_PARAMETER_IN,,projectKey: string,25,,BY_VALUE,1,false,107,projectKey,,,1,__ecma.String,__ecma.String
111669150620,METHOD_PARAMETER_IN,,this,0,services/sonarMaintainability/sonarMaintainabilityApiService.ts::program,BY_VALUE,0,false,1,this,,,0,,services/sonarMaintainability/sonarMaintainabilityApiService.ts::program
111669150621,METHOD_PARAMETER_IN,,this,7,services/sonarMaintainability/sonarMaintainabilityCalculationService.ts::program:SonarMaintainabilityCalculationService,BY_VALUE,0,false,6,this,,,0,,services/sonarMaintainability/sonarMaintainabilityCalculationService.ts::program:SonarMaintainabilityCalculationService
111669150622,METHOD_PARAMETER_IN,,this,36,services/sonarMaintainability/sonarMaintainabilityCalculationService.ts::program:SonarMaintainabilityCalculationService,BY_VALUE,0,false,20,this,,,0,,services/sonarMaintainability/sonarMaintainabilityCalculationService.ts::program:SonarMaintainabilityCalculationService
111669150623,METHOD_PARAMETER_IN,,m,36,,BY_VALUE,1,false,20,m,,,1,ANY,ANY
111669150624,METHOD_PARAMETER_IN,,this,23,services/sonarMaintainability/sonarMaintainabilityCalculationService.ts::program:SonarMaintainabilityCalculationService,BY_VALUE,0,false,19,this,,,0,,services/sonarMaintainability/sonarMaintainabilityCalculationService.ts::program:SonarMaintainabilityCalculationService
111669150625,METHOD_PARAMETER_IN,,key: string,24,,BY_VALUE,1,false,19,key,,,1,__ecma.String,__ecma.String
111669150626,METHOD_PARAMETER_IN,,this,2,services/sonarMaintainability/sonarMaintainabilityCalculationService.ts::program:SonarMaintainabilityCalculationService,BY_VALUE,0,false,11,this,,,0,,services/sonarMaintainability/sonarMaintainabilityCalculationService.ts::program:SonarMaintainabilityCalculationService
111669150627,METHOD_PARAMETER_IN,,component: { key: string; name: string; qualifier: string; measures: any[] },4,,BY_VALUE,1,false,12,component,,,1,services/sonarMaintainability/sonarMaintainabilityCalculationService.ts::program:SonarMaintainabilityCalculationService:calculateMetrics:<anon-class>0,services/sonarMaintainability/sonarMaintainabilityCalculationService.ts::program:SonarMaintainabilityCalculationService:calculateMetrics:<anon-class>0
111669150628,METHOD_PARAMETER_IN,,highCount: number,4,,BY_VALUE,2,false,13,highCount,,,2,__ecma.Number,__ecma.Number
111669150629,METHOD_PARAMETER_IN,,blockerCount: number,4,,BY_VALUE,3,false,14,blockerCount,,,3,__ecma.Number,__ecma.Number
111669150630,METHOD_PARAMETER_IN,,this,2,services/sonarMaintainability/sonarMaintainabilityCalculationService.ts::program:SonarMaintainabilityCalculationService,BY_VALUE,0,false,61,this,,,0,,services/sonarMaintainability/sonarMaintainabilityCalculationService.ts::program:SonarMaintainabilityCalculationService
111669150631,METHOD_PARAMETER_IN,,rating: number,26,,BY_VALUE,1,false,61,rating,,,1,__ecma.Number,__ecma.Number
111669150632,METHOD_PARAMETER_IN,,this,0,services/sonarMaintainability/sonarMaintainabilityCalculationService.ts::program,BY_VALUE,0,false,1,this,,,0,,services/sonarMaintainability/sonarMaintainabilityCalculationService.ts::program
111669150633,METHOD_PARAMETER_IN,,this,7,services/sonarMaintainability/sonarMaintainabilityDbService.ts::program:SonarMaintainabilityDbService,BY_VALUE,0,false,9,this,,,0,,services/sonarMaintainability/sonarMaintainabilityDbService.ts::program:SonarMaintainabilityDbService
111669150634,METHOD_PARAMETER_IN,,this,2,services/sonarMaintainability/sonarMaintainabilityDbService.ts::program:SonarMaintainabilityDbService,BY_VALUE,0,false,14,this,,,0,,services/sonarMaintainability/sonarMaintainabilityDbService.ts::program:SonarMaintainabilityDbService
111669150635,METHOD_PARAMETER_IN,,projectId: number,4,,BY_VALUE,1,false,15,projectId,,,1,__ecma.Number,__ecma.Number
111669150636,METHOD_PARAMETER_IN,,metrics: SonarQubeMaintainabilityCalculationResult,4,,BY_VALUE,2,false,16,metrics,,,2,SonarQubeMaintainabilityCalculationResult,SonarQubeMaintainabilityCalculationResult
111669150637,METHOD_PARAMETER_IN,,this,2,services/sonarMaintainability/sonarMaintainabilityDbService.ts::program:SonarMaintainabilityDbService,BY_VALUE,0,false,68,this,,,0,,services/sonarMaintainability/sonarMaintainabilityDbService.ts::program:SonarMaintainabilityDbService
111669150638,METHOD_PARAMETER_IN,,projectId: number,4,,BY_VALUE,1,false,69,projectId,,,1,__ecma.Number,__ecma.Number
111669150639,METHOD_PARAMETER_IN,,metrics: SonarQubeMaintainabilityCalculationResult,4,,BY_VALUE,2,false,70,metrics,,,2,SonarQubeMaintainabilityCalculationResult,SonarQubeMaintainabilityCalculationResult
111669150640,METHOD_PARAMETER_IN,,this,2,services/sonarMaintainability/sonarMaintainabilityDbService.ts::program:SonarMaintainabilityDbService,BY_VALUE,0,false,120,this,,,0,,services/sonarMaintainability/sonarMaintainabilityDbService.ts::program:SonarMaintainabilityDbService
111669150641,METHOD_PARAMETER_IN,,projectId: number,19,,BY_VALUE,1,false,120,projectId,,,1,__ecma.Number,__ecma.Number
111669150642,METHOD_PARAMETER_IN,,this,2,services/sonarMaintainability/sonarMaintainabilityDbService.ts::program:SonarMaintainabilityDbService,BY_VALUE,0,false,142,this,,,0,,services/sonarMaintainability/sonarMaintainabilityDbService.ts::program:SonarMaintainabilityDbService
111669150643,METHOD_PARAMETER_IN,,projectId: number,26,,BY_VALUE,1,false,142,projectId,,,1,__ecma.Number,__ecma.Number
111669150644,METHOD_PARAMETER_IN,,days: number = 30,45,,BY_VALUE,2,false,142,days: number,,,2,__ecma.Number,__ecma.Number
111669150645,METHOD_PARAMETER_IN,,this,2,services/sonarMaintainability/sonarMaintainabilityDbService.ts::program:SonarMaintainabilityDbService,BY_VALUE,0,false,164,this,,,0,,services/sonarMaintainability/sonarMaintainabilityDbService.ts::program:SonarMaintainabilityDbService
111669150646,METHOD_PARAMETER_IN,,projectId: number,22,,BY_VALUE,1,false,164,projectId,,,1,__ecma.Number,__ecma.Number
111669150647,METHOD_PARAMETER_IN,,this,2,services/sonarMaintainability/sonarMaintainabilityDbService.ts::program:SonarMaintainabilityDbService,BY_VALUE,0,false,185,this,,,0,,services/sonarMaintainability/sonarMaintainabilityDbService.ts::program:SonarMaintainabilityDbService
111669150648,METHOD_PARAMETER_IN,,projectId: number,22,,BY_VALUE,1,false,185,projectId,,,1,__ecma.Number,__ecma.Number
111669150649,METHOD_PARAMETER_IN,,this,2,services/sonarMaintainability/sonarMaintainabilityDbService.ts::program:SonarMaintainabilityDbService,BY_VALUE,0,false,201,this,,,0,,services/sonarMaintainability/sonarMaintainabilityDbService.ts::program:SonarMaintainabilityDbService
111669150650,METHOD_PARAMETER_IN,,rating: string,25,,BY_VALUE,1,false,201,rating,,,1,__ecma.String,__ecma.String
111669150651,METHOD_PARAMETER_IN,,this,0,services/sonarMaintainability/sonarMaintainabilityDbService.ts::program,BY_VALUE,0,false,1,this,,,0,,services/sonarMaintainability/sonarMaintainabilityDbService.ts::program
111669150652,METHOD_PARAMETER_IN,,this,2,services/sonarMaintainability/sonarMaintainabilitySyncService.ts::program:SonarMaintainabilitySyncService,BY_VALUE,0,false,11,this,,,0,,services/sonarMaintainability/sonarMaintainabilitySyncService.ts::program:SonarMaintainabilitySyncService
111669150653,METHOD_PARAMETER_IN,,this,2,services/sonarMaintainability/sonarMaintainabilitySyncService.ts::program:SonarMaintainabilitySyncService,BY_VALUE,0,false,20,this,,,0,,services/sonarMaintainability/sonarMaintainabilitySyncService.ts::program:SonarMaintainabilitySyncService
111669150654,METHOD_PARAMETER_IN,,projectId: number,35,,BY_VALUE,1,false,20,projectId,,,1,__ecma.Number,__ecma.Number
111669150655,METHOD_PARAMETER_IN,,this,2,services/sonarMaintainability/sonarMaintainabilitySyncService.ts::program:SonarMaintainabilitySyncService,BY_VALUE,0,false,70,this,,,0,,services/sonarMaintainability/sonarMaintainabilitySyncService.ts::program:SonarMaintainabilitySyncService
111669150656,METHOD_PARAMETER_IN,,projectKey: string,35,,BY_VALUE,1,false,70,projectKey,,,1,__ecma.String,__ecma.String
111669150657,METHOD_PARAMETER_IN,,this,0,services/sonarMaintainability/sonarMaintainabilitySyncService.ts::program,BY_VALUE,0,false,1,this,,,0,,services/sonarMaintainability/sonarMaintainabilitySyncService.ts::program
111669150658,METHOD_PARAMETER_IN,,this,2,services/sonarReliability/sonarReliabilityApiService.ts::program:SonarReliabilityApiService,BY_VALUE,0,false,9,this,,,0,,services/sonarReliability/sonarReliabilityApiService.ts::program:SonarReliabilityApiService
111669150659,METHOD_PARAMETER_IN,,baseUrl?: string,14,,BY_VALUE,1,false,9,baseUrl,,,1,__ecma.String,__ecma.String
111669150660,METHOD_PARAMETER_IN,,token?: string,32,,BY_VALUE,2,false,9,token,,,2,__ecma.String,__ecma.String
111669150661,METHOD_PARAMETER_IN,,this,2,services/sonarReliability/sonarReliabilityApiService.ts::program:SonarReliabilityApiService,BY_VALUE,0,false,14,this,,,0,,services/sonarReliability/sonarReliabilityApiService.ts::program:SonarReliabilityApiService
111669150662,METHOD_PARAMETER_IN,,this,2,services/sonarReliability/sonarReliabilityApiService.ts::program:SonarReliabilityApiService,BY_VALUE,0,false,28,this,,,0,,services/sonarReliability/sonarReliabilityApiService.ts::program:SonarReliabilityApiService
111669150663,METHOD_PARAMETER_IN,,this,2,services/sonarReliability/sonarReliabilityApiService.ts::program:SonarReliabilityApiService,BY_VALUE,0,false,37,this,,,0,,services/sonarReliability/sonarReliabilityApiService.ts::program:SonarReliabilityApiService
111669150664,METHOD_PARAMETER_IN,,projectKey: string,30,,BY_VALUE,1,false,37,projectKey,,,1,__ecma.String,__ecma.String
111669150665,METHOD_PARAMETER_IN,,this,2,services/sonarReliability/sonarReliabilityApiService.ts::program:SonarReliabilityApiService,BY_VALUE,0,false,67,this,,,0,,services/sonarReliability/sonarReliabilityApiService.ts::program:SonarReliabilityApiService
111669150666,METHOD_PARAMETER_IN,,projectKey: string,20,,BY_VALUE,1,false,67,projectKey,,,1,__ecma.String,__ecma.String
111669150667,METHOD_PARAMETER_IN,,severity: string,40,,BY_VALUE,2,false,67,severity,,,2,__ecma.String,__ecma.String
111669150668,METHOD_PARAMETER_IN,,this,0,services/sonarReliability/sonarReliabilityApiService.ts::program,BY_VALUE,0,false,1,this,,,0,,services/sonarReliability/sonarReliabilityApiService.ts::program
111669150669,METHOD_PARAMETER_IN,,this,7,services/sonarReliability/sonarReliabilityCalculationService.ts::program:SonarReliabilityCalculationService,BY_VALUE,0,false,3,this,,,0,,services/sonarReliability/sonarReliabilityCalculationService.ts::program:SonarReliabilityCalculationService
111669150670,METHOD_PARAMETER_IN,,this,36,services/sonarReliability/sonarReliabilityCalculationService.ts::program:SonarReliabilityCalculationService,BY_VALUE,0,false,17,this,,,0,,services/sonarReliability/sonarReliabilityCalculationService.ts::program:SonarReliabilityCalculationService
111669150671,METHOD_PARAMETER_IN,,m,36,,BY_VALUE,1,false,17,m,,,1,ANY,ANY
111669150672,METHOD_PARAMETER_IN,,this,23,services/sonarReliability/sonarReliabilityCalculationService.ts::program:SonarReliabilityCalculationService,BY_VALUE,0,false,16,this,,,0,,services/sonarReliability/sonarReliabilityCalculationService.ts::program:SonarReliabilityCalculationService
111669150673,METHOD_PARAMETER_IN,,key: string,24,,BY_VALUE,1,false,16,key,,,1,__ecma.String,__ecma.String
111669150674,METHOD_PARAMETER_IN,,this,2,services/sonarReliability/sonarReliabilityCalculationService.ts::program:SonarReliabilityCalculationService,BY_VALUE,0,false,8,this,,,0,,services/sonarReliability/sonarReliabilityCalculationService.ts::program:SonarReliabilityCalculationService
111669150675,METHOD_PARAMETER_IN,,component: { key: string; name: string; qualifier: string; measures: any[] },4,,BY_VALUE,1,false,9,component,,,1,services/sonarReliability/sonarReliabilityCalculationService.ts::program:SonarReliabilityCalculationService:calculateMetrics:<anon-class>0,services/sonarReliability/sonarReliabilityCalculationService.ts::program:SonarReliabilityCalculationService:calculateMetrics:<anon-class>0
111669150676,METHOD_PARAMETER_IN,,criticalCount: number,4,,BY_VALUE,2,false,10,criticalCount,,,2,__ecma.Number,__ecma.Number
111669150677,METHOD_PARAMETER_IN,,blockerCount: number,4,,BY_VALUE,3,false,11,blockerCount,,,3,__ecma.Number,__ecma.Number
111669150678,METHOD_PARAMETER_IN,,this,2,services/sonarReliability/sonarReliabilityCalculationService.ts::program:SonarReliabilityCalculationService,BY_VALUE,0,false,54,this,,,0,,services/sonarReliability/sonarReliabilityCalculationService.ts::program:SonarReliabilityCalculationService
111669150679,METHOD_PARAMETER_IN,,rating: number,26,,BY_VALUE,1,false,54,rating,,,1,__ecma.Number,__ecma.Number
111669150680,METHOD_PARAMETER_IN,,this,0,services/sonarReliability/sonarReliabilityCalculationService.ts::program,BY_VALUE,0,false,1,this,,,0,,services/sonarReliability/sonarReliabilityCalculationService.ts::program
111669150681,METHOD_PARAMETER_IN,,this,7,services/sonarReliability/sonarReliabilityDbService.ts::program:SonarReliabilityDbService,BY_VALUE,0,false,9,this,,,0,,services/sonarReliability/sonarReliabilityDbService.ts::program:SonarReliabilityDbService
111669150682,METHOD_PARAMETER_IN,,this,2,services/sonarReliability/sonarReliabilityDbService.ts::program:SonarReliabilityDbService,BY_VALUE,0,false,14,this,,,0,,services/sonarReliability/sonarReliabilityDbService.ts::program:SonarReliabilityDbService
111669150683,METHOD_PARAMETER_IN,,projectId: number,4,,BY_VALUE,1,false,15,projectId,,,1,__ecma.Number,__ecma.Number
111669150684,METHOD_PARAMETER_IN,,metrics: SonarQubeReliabilityCalculationResult,4,,BY_VALUE,2,false,16,metrics,,,2,SonarQubeReliabilityCalculationResult,SonarQubeReliabilityCalculationResult
111669150685,METHOD_PARAMETER_IN,,this,2,services/sonarReliability/sonarReliabilityDbService.ts::program:SonarReliabilityDbService,BY_VALUE,0,false,60,this,,,0,,services/sonarReliability/sonarReliabilityDbService.ts::program:SonarReliabilityDbService
111669150686,METHOD_PARAMETER_IN,,projectId: number,4,,BY_VALUE,1,false,61,projectId,,,1,__ecma.Number,__ecma.Number
111669150687,METHOD_PARAMETER_IN,,metrics: SonarQubeReliabilityCalculationResult,4,,BY_VALUE,2,false,62,metrics,,,2,SonarQubeReliabilityCalculationResult,SonarQubeReliabilityCalculationResult
111669150688,METHOD_PARAMETER_IN,,this,2,services/sonarReliability/sonarReliabilityDbService.ts::program:SonarReliabilityDbService,BY_VALUE,0,false,102,this,,,0,,services/sonarReliability/sonarReliabilityDbService.ts::program:SonarReliabilityDbService
111669150689,METHOD_PARAMETER_IN,,projectId: number,19,,BY_VALUE,1,false,102,projectId,,,1,__ecma.Number,__ecma.Number
111669150690,METHOD_PARAMETER_IN,,this,2,services/sonarReliability/sonarReliabilityDbService.ts::program:SonarReliabilityDbService,BY_VALUE,0,false,124,this,,,0,,services/sonarReliability/sonarReliabilityDbService.ts::program:SonarReliabilityDbService
111669150691,METHOD_PARAMETER_IN,,projectId: number,26,,BY_VALUE,1,false,124,projectId,,,1,__ecma.Number,__ecma.Number
111669150692,METHOD_PARAMETER_IN,,days: number = 30,45,,BY_VALUE,2,false,124,days: number,,,2,__ecma.Number,__ecma.Number
111669150693,METHOD_PARAMETER_IN,,this,2,services/sonarReliability/sonarReliabilityDbService.ts::program:SonarReliabilityDbService,BY_VALUE,0,false,146,this,,,0,,services/sonarReliability/sonarReliabilityDbService.ts::program:SonarReliabilityDbService
111669150694,METHOD_PARAMETER_IN,,projectId: number,22,,BY_VALUE,1,false,146,projectId,,,1,__ecma.Number,__ecma.Number
111669150695,METHOD_PARAMETER_IN,,this,2,services/sonarReliability/sonarReliabilityDbService.ts::program:SonarReliabilityDbService,BY_VALUE,0,false,162,this,,,0,,services/sonarReliability/sonarReliabilityDbService.ts::program:SonarReliabilityDbService
111669150696,METHOD_PARAMETER_IN,,rating: string,25,,BY_VALUE,1,false,162,rating,,,1,__ecma.String,__ecma.String
111669150697,METHOD_PARAMETER_IN,,this,0,services/sonarReliability/sonarReliabilityDbService.ts::program,BY_VALUE,0,false,1,this,,,0,,services/sonarReliability/sonarReliabilityDbService.ts::program
111669150698,METHOD_PARAMETER_IN,,this,2,services/sonarReliability/sonarReliabilitySyncService.ts::program:SonarReliabilitySyncService,BY_VALUE,0,false,11,this,,,0,,services/sonarReliability/sonarReliabilitySyncService.ts::program:SonarReliabilitySyncService
111669150699,METHOD_PARAMETER_IN,,this,2,services/sonarReliability/sonarReliabilitySyncService.ts::program:SonarReliabilitySyncService,BY_VALUE,0,false,20,this,,,0,,services/sonarReliability/sonarReliabilitySyncService.ts::program:SonarReliabilitySyncService
111669150700,METHOD_PARAMETER_IN,,projectId: number,31,,BY_VALUE,1,false,20,projectId,,,1,__ecma.Number,__ecma.Number
111669150701,METHOD_PARAMETER_IN,,this,2,services/sonarReliability/sonarReliabilitySyncService.ts::program:SonarReliabilitySyncService,BY_VALUE,0,false,58,this,,,0,,services/sonarReliability/sonarReliabilitySyncService.ts::program:SonarReliabilitySyncService
111669150702,METHOD_PARAMETER_IN,,projectKey: string,35,,BY_VALUE,1,false,58,projectKey,,,1,__ecma.String,__ecma.String
111669150703,METHOD_PARAMETER_IN,,this,0,services/sonarReliability/sonarReliabilitySyncService.ts::program,BY_VALUE,0,false,1,this,,,0,,services/sonarReliability/sonarReliabilitySyncService.ts::program
111669150704,METHOD_PARAMETER_IN,,this,2,services/sonarSecurity/sonarSecurityApiService.ts::program:SonarSecurityApiService,BY_VALUE,0,false,9,this,,,0,,services/sonarSecurity/sonarSecurityApiService.ts::program:SonarSecurityApiService
111669150705,METHOD_PARAMETER_IN,,baseUrl?: string,14,,BY_VALUE,1,false,9,baseUrl,,,1,__ecma.String,__ecma.String
111669150706,METHOD_PARAMETER_IN,,token?: string,32,,BY_VALUE,2,false,9,token,,,2,__ecma.String,__ecma.String
111669150707,METHOD_PARAMETER_IN,,this,2,services/sonarSecurity/sonarSecurityApiService.ts::program:SonarSecurityApiService,BY_VALUE,0,false,14,this,,,0,,services/sonarSecurity/sonarSecurityApiService.ts::program:SonarSecurityApiService
111669150708,METHOD_PARAMETER_IN,,this,2,services/sonarSecurity/sonarSecurityApiService.ts::program:SonarSecurityApiService,BY_VALUE,0,false,28,this,,,0,,services/sonarSecurity/sonarSecurityApiService.ts::program:SonarSecurityApiService
111669150709,METHOD_PARAMETER_IN,,this,2,services/sonarSecurity/sonarSecurityApiService.ts::program:SonarSecurityApiService,BY_VALUE,0,false,37,this,,,0,,services/sonarSecurity/sonarSecurityApiService.ts::program:SonarSecurityApiService
111669150710,METHOD_PARAMETER_IN,,projectKey: string,27,,BY_VALUE,1,false,37,projectKey,,,1,__ecma.String,__ecma.String
111669150711,METHOD_PARAMETER_IN,,this,0,services/sonarSecurity/sonarSecurityApiService.ts::program,BY_VALUE,0,false,1,this,,,0,,services/sonarSecurity/sonarSecurityApiService.ts::program
111669150712,METHOD_PARAMETER_IN,,this,7,services/sonarSecurity/sonarSecurityCalculationService.ts::program:SonarSecurityCalculationService,BY_VALUE,0,false,3,this,,,0,,services/sonarSecurity/sonarSecurityCalculationService.ts::program:SonarSecurityCalculationService
111669150713,METHOD_PARAMETER_IN,,this,36,services/sonarSecurity/sonarSecurityCalculationService.ts::program:SonarSecurityCalculationService,BY_VALUE,0,false,15,this,,,0,,services/sonarSecurity/sonarSecurityCalculationService.ts::program:SonarSecurityCalculationService
111669150714,METHOD_PARAMETER_IN,,m,36,,BY_VALUE,1,false,15,m,,,1,ANY,ANY
111669150715,METHOD_PARAMETER_IN,,this,23,services/sonarSecurity/sonarSecurityCalculationService.ts::program:SonarSecurityCalculationService,BY_VALUE,0,false,14,this,,,0,,services/sonarSecurity/sonarSecurityCalculationService.ts::program:SonarSecurityCalculationService
111669150716,METHOD_PARAMETER_IN,,key: string,24,,BY_VALUE,1,false,14,key,,,1,__ecma.String,__ecma.String
111669150717,METHOD_PARAMETER_IN,,this,2,services/sonarSecurity/sonarSecurityCalculationService.ts::program:SonarSecurityCalculationService,BY_VALUE,0,false,8,this,,,0,,services/sonarSecurity/sonarSecurityCalculationService.ts::program:SonarSecurityCalculationService
111669150718,METHOD_PARAMETER_IN,,component: { key: string; name: string; qualifier: string; measures: any[] },4,,BY_VALUE,1,false,9,component,,,1,services/sonarSecurity/sonarSecurityCalculationService.ts::program:SonarSecurityCalculationService:calculateMetrics:<anon-class>0,services/sonarSecurity/sonarSecurityCalculationService.ts::program:SonarSecurityCalculationService:calculateMetrics:<anon-class>0
111669150719,METHOD_PARAMETER_IN,,this,2,services/sonarSecurity/sonarSecurityCalculationService.ts::program:SonarSecurityCalculationService,BY_VALUE,0,false,57,this,,,0,,services/sonarSecurity/sonarSecurityCalculationService.ts::program:SonarSecurityCalculationService
111669150720,METHOD_PARAMETER_IN,,rating: number,26,,BY_VALUE,1,false,57,rating,,,1,__ecma.Number,__ecma.Number
111669150721,METHOD_PARAMETER_IN,,this,0,services/sonarSecurity/sonarSecurityCalculationService.ts::program,BY_VALUE,0,false,1,this,,,0,,services/sonarSecurity/sonarSecurityCalculationService.ts::program
111669150722,METHOD_PARAMETER_IN,,this,7,services/sonarSecurity/sonarSecurityDbService.ts::program:SonarSecurityDbService,BY_VALUE,0,false,9,this,,,0,,services/sonarSecurity/sonarSecurityDbService.ts::program:SonarSecurityDbService
111669150723,METHOD_PARAMETER_IN,,this,2,services/sonarSecurity/sonarSecurityDbService.ts::program:SonarSecurityDbService,BY_VALUE,0,false,14,this,,,0,,services/sonarSecurity/sonarSecurityDbService.ts::program:SonarSecurityDbService
111669150724,METHOD_PARAMETER_IN,,projectId: number,4,,BY_VALUE,1,false,15,projectId,,,1,__ecma.Number,__ecma.Number
111669150725,METHOD_PARAMETER_IN,,metrics: SonarQubeSecurityCalculationResult,4,,BY_VALUE,2,false,16,metrics,,,2,SonarQubeSecurityCalculationResult,SonarQubeSecurityCalculationResult
111669150726,METHOD_PARAMETER_IN,,this,2,services/sonarSecurity/sonarSecurityDbService.ts::program:SonarSecurityDbService,BY_VALUE,0,false,65,this,,,0,,services/sonarSecurity/sonarSecurityDbService.ts::program:SonarSecurityDbService
111669150727,METHOD_PARAMETER_IN,,projectId: number,4,,BY_VALUE,1,false,66,projectId,,,1,__ecma.Number,__ecma.Number
111669150728,METHOD_PARAMETER_IN,,metrics: SonarQubeSecurityCalculationResult,4,,BY_VALUE,2,false,67,metrics,,,2,SonarQubeSecurityCalculationResult,SonarQubeSecurityCalculationResult
111669150729,METHOD_PARAMETER_IN,,this,2,services/sonarSecurity/sonarSecurityDbService.ts::program:SonarSecurityDbService,BY_VALUE,0,false,110,this,,,0,,services/sonarSecurity/sonarSecurityDbService.ts::program:SonarSecurityDbService
111669150730,METHOD_PARAMETER_IN,,projectId: number,19,,BY_VALUE,1,false,110,projectId,,,1,__ecma.Number,__ecma.Number
111669150731,METHOD_PARAMETER_IN,,this,2,services/sonarSecurity/sonarSecurityDbService.ts::program:SonarSecurityDbService,BY_VALUE,0,false,132,this,,,0,,services/sonarSecurity/sonarSecurityDbService.ts::program:SonarSecurityDbService
111669150732,METHOD_PARAMETER_IN,,projectId: number,26,,BY_VALUE,1,false,132,projectId,,,1,__ecma.Number,__ecma.Number
111669150733,METHOD_PARAMETER_IN,,days: number = 30,45,,BY_VALUE,2,false,132,days: number,,,2,__ecma.Number,__ecma.Number
111669150734,METHOD_PARAMETER_IN,,this,2,services/sonarSecurity/sonarSecurityDbService.ts::program:SonarSecurityDbService,BY_VALUE,0,false,154,this,,,0,,services/sonarSecurity/sonarSecurityDbService.ts::program:SonarSecurityDbService
111669150735,METHOD_PARAMETER_IN,,projectId: number,22,,BY_VALUE,1,false,154,projectId,,,1,__ecma.Number,__ecma.Number
111669150736,METHOD_PARAMETER_IN,,this,2,services/sonarSecurity/sonarSecurityDbService.ts::program:SonarSecurityDbService,BY_VALUE,0,false,170,this,,,0,,services/sonarSecurity/sonarSecurityDbService.ts::program:SonarSecurityDbService
111669150737,METHOD_PARAMETER_IN,,rating: string,25,,BY_VALUE,1,false,170,rating,,,1,__ecma.String,__ecma.String
111669150738,METHOD_PARAMETER_IN,,this,0,services/sonarSecurity/sonarSecurityDbService.ts::program,BY_VALUE,0,false,1,this,,,0,,services/sonarSecurity/sonarSecurityDbService.ts::program
111669150739,METHOD_PARAMETER_IN,,this,2,services/sonarSecurity/sonarSecuritySyncService.ts::program:SonarSecuritySyncService,BY_VALUE,0,false,11,this,,,0,,services/sonarSecurity/sonarSecuritySyncService.ts::program:SonarSecuritySyncService
111669150740,METHOD_PARAMETER_IN,,this,2,services/sonarSecurity/sonarSecuritySyncService.ts::program:SonarSecuritySyncService,BY_VALUE,0,false,20,this,,,0,,services/sonarSecurity/sonarSecuritySyncService.ts::program:SonarSecuritySyncService
111669150741,METHOD_PARAMETER_IN,,projectId: number,28,,BY_VALUE,1,false,20,projectId,,,1,__ecma.Number,__ecma.Number
111669150742,METHOD_PARAMETER_IN,,this,2,services/sonarSecurity/sonarSecuritySyncService.ts::program:SonarSecuritySyncService,BY_VALUE,0,false,54,this,,,0,,services/sonarSecurity/sonarSecuritySyncService.ts::program:SonarSecuritySyncService
111669150743,METHOD_PARAMETER_IN,,projectKey: string,35,,BY_VALUE,1,false,54,projectKey,,,1,__ecma.String,__ecma.String
111669150744,METHOD_PARAMETER_IN,,this,0,services/sonarSecurity/sonarSecuritySyncService.ts::program,BY_VALUE,0,false,1,this,,,0,,services/sonarSecurity/sonarSecuritySyncService.ts::program
111669150745,METHOD_PARAMETER_IN,,this,2,services/sonarqube/autoMapSonarProjectKeys.ts::program,BY_VALUE,0,false,83,this,,,0,,services/sonarqube/autoMapSonarProjectKeys.ts::program
111669150746,METHOD_PARAMETER_IN,,str: string,21,,BY_VALUE,1,false,83,str,,,1,__ecma.String,__ecma.String
111669150747,METHOD_PARAMETER_IN,,this,6,services/sonarqube/autoMapSonarProjectKeys.ts::program,BY_VALUE,0,false,94,this,,,0,,services/sonarqube/autoMapSonarProjectKeys.ts::program
111669150748,METHOD_PARAMETER_IN,,p,6,,BY_VALUE,1,false,94,p,,,1,{ key: __ecma.String; name: __ecma.String; },{ key: __ecma.String; name: __ecma.String; }
111669150749,METHOD_PARAMETER_IN,,this,28,services/sonarqube/autoMapSonarProjectKeys.ts::program,BY_VALUE,0,false,99,this,,,0,,services/sonarqube/autoMapSonarProjectKeys.ts::program
111669150750,METHOD_PARAMETER_IN,,p,28,,BY_VALUE,1,false,99,p,,,1,{ key: __ecma.String; name: __ecma.String; },{ key: __ecma.String; name: __ecma.String; }
111669150751,METHOD_PARAMETER_IN,,this,7,services/sonarqube/autoMapSonarProjectKeys.ts::program,BY_VALUE,0,false,4,this,,,0,,services/sonarqube/autoMapSonarProjectKeys.ts::program
111669150752,METHOD_PARAMETER_IN,,this,7,services/sonarqube/autoMapSonarProjectKeys.ts::program,BY_VALUE,0,false,118,this,,,0,,services/sonarqube/autoMapSonarProjectKeys.ts::program
111669150753,METHOD_PARAMETER_IN,,projectId: number,41,,BY_VALUE,1,false,118,projectId,,,1,__ecma.Number,__ecma.Number
111669150754,METHOD_PARAMETER_IN,,this,0,services/sonarqube/autoMapSonarProjectKeys.ts::program,BY_VALUE,0,false,1,this,,,0,,services/sonarqube/autoMapSonarProjectKeys.ts::program
111669150755,METHOD_PARAMETER_IN,,this,7,services/sonarqube/sonarQubeService.ts::program:SonarIssueCounts,BY_VALUE,0,false,3,this,,,0,,services/sonarqube/sonarQubeService.ts::program:SonarIssueCounts
111669150756,METHOD_PARAMETER_IN,,this,2,services/sonarqube/sonarQubeService.ts::program:SonarQubeService,BY_VALUE,0,false,17,this,,,0,,services/sonarqube/sonarQubeService.ts::program:SonarQubeService
111669150757,METHOD_PARAMETER_IN,,baseUrl?: string,14,,BY_VALUE,1,false,17,baseUrl,,,1,__ecma.String,__ecma.String
111669150758,METHOD_PARAMETER_IN,,token?: string,32,,BY_VALUE,2,false,17,token,,,2,__ecma.String,__ecma.String
111669150759,METHOD_PARAMETER_IN,,this,2,services/sonarqube/sonarQubeService.ts::program:SonarQubeService,BY_VALUE,0,false,33,this,,,0,,services/sonarqube/sonarQubeService.ts::program:SonarQubeService
111669150760,METHOD_PARAMETER_IN,,this,23,services/sonarqube/sonarQubeService.ts::program:SonarQubeService,BY_VALUE,0,false,48,this,,,0,,services/sonarqube/sonarQubeService.ts::program:SonarQubeService
111669150761,METHOD_PARAMETER_IN,,type: string,30,,BY_VALUE,1,false,48,type,,,1,__ecma.String,__ecma.String
111669150762,METHOD_PARAMETER_IN,,severity: string,44,,BY_VALUE,2,false,48,severity,,,2,__ecma.String,__ecma.String
111669150763,METHOD_PARAMETER_IN,,this,2,services/sonarqube/sonarQubeService.ts::program:SonarQubeService,BY_VALUE,0,false,44,this,,,0,,services/sonarqube/sonarQubeService.ts::program:SonarQubeService
111669150764,METHOD_PARAMETER_IN,,projectKey: string,25,,BY_VALUE,1,false,44,projectKey,,,1,__ecma.String,__ecma.String
111669150765,METHOD_PARAMETER_IN,,this,0,services/sonarqube/sonarQubeService.ts::program,BY_VALUE,0,false,1,this,,,0,,services/sonarqube/sonarQubeService.ts::program
111669150766,METHOD_PARAMETER_IN,,this,7,types/commitMetrics.types.ts::program:CommitHealthMetrics,BY_VALUE,0,false,10,this,,,0,,types/commitMetrics.types.ts::program:CommitHealthMetrics
111669150767,METHOD_PARAMETER_IN,,this,7,types/commitMetrics.types.ts::program:CommitMetricsHistory,BY_VALUE,0,false,47,this,,,0,,types/commitMetrics.types.ts::program:CommitMetricsHistory
111669150768,METHOD_PARAMETER_IN,,this,7,types/commitMetrics.types.ts::program:CommitMetricsCalculationResult,BY_VALUE,0,false,65,this,,,0,,types/commitMetrics.types.ts::program:CommitMetricsCalculationResult
111669150769,METHOD_PARAMETER_IN,,this,7,types/commitMetrics.types.ts::program:GitLabCommitWithStats,BY_VALUE,0,false,83,this,,,0,,types/commitMetrics.types.ts::program:GitLabCommitWithStats
111669150770,METHOD_PARAMETER_IN,,this,7,types/commitMetrics.types.ts::program:ContributorCommitData,BY_VALUE,0,false,94,this,,,0,,types/commitMetrics.types.ts::program:ContributorCommitData
111669150771,METHOD_PARAMETER_IN,,this,0,types/commitMetrics.types.ts::program,BY_VALUE,0,false,1,this,,,0,,types/commitMetrics.types.ts::program
111669150772,METHOD_PARAMETER_IN,,this,7,types/doraMetrics.types.ts::program:DeploymentFrequency,BY_VALUE,0,false,3,this,,,0,,types/doraMetrics.types.ts::program:DeploymentFrequency
111669150773,METHOD_PARAMETER_IN,,this,7,types/doraMetrics.types.ts::program:DeploymentFrequencyInput,BY_VALUE,0,false,15,this,,,0,,types/doraMetrics.types.ts::program:DeploymentFrequencyInput
111669150774,METHOD_PARAMETER_IN,,this,7,types/doraMetrics.types.ts::program:LeadTimeChange,BY_VALUE,0,false,23,this,,,0,,types/doraMetrics.types.ts::program:LeadTimeChange
111669150775,METHOD_PARAMETER_IN,,this,7,types/doraMetrics.types.ts::program:LeadTimeChangeInput,BY_VALUE,0,false,35,this,,,0,,types/doraMetrics.types.ts::program:LeadTimeChangeInput
111669150776,METHOD_PARAMETER_IN,,this,7,types/doraMetrics.types.ts::program:ChangeFailureRate,BY_VALUE,0,false,42,this,,,0,,types/doraMetrics.types.ts::program:ChangeFailureRate
111669150777,METHOD_PARAMETER_IN,,this,7,types/doraMetrics.types.ts::program:ChangeFailureRateInput,BY_VALUE,0,false,55,this,,,0,,types/doraMetrics.types.ts::program:ChangeFailureRateInput
111669150778,METHOD_PARAMETER_IN,,this,7,types/doraMetrics.types.ts::program:TimeToRestoreService,BY_VALUE,0,false,63,this,,,0,,types/doraMetrics.types.ts::program:TimeToRestoreService
111669150779,METHOD_PARAMETER_IN,,this,7,types/doraMetrics.types.ts::program:TimeToRestoreServiceInput,BY_VALUE,0,false,76,this,,,0,,types/doraMetrics.types.ts::program:TimeToRestoreServiceInput
111669150780,METHOD_PARAMETER_IN,,this,7,types/doraMetrics.types.ts::program:DoraMetricsSummary,BY_VALUE,0,false,85,this,,,0,,types/doraMetrics.types.ts::program:DoraMetricsSummary
111669150781,METHOD_PARAMETER_IN,,this,0,types/doraMetrics.types.ts::program,BY_VALUE,0,false,1,this,,,0,,types/doraMetrics.types.ts::program
111669150782,METHOD_PARAMETER_IN,,this,7,types/gitlab.types.ts::program:GitLabProject,BY_VALUE,0,false,2,this,,,0,,types/gitlab.types.ts::program:GitLabProject
111669150783,METHOD_PARAMETER_IN,,this,7,types/gitlab.types.ts::program:GitLabNamespace,BY_VALUE,0,false,23,this,,,0,,types/gitlab.types.ts::program:GitLabNamespace
111669150784,METHOD_PARAMETER_IN,,this,7,types/gitlab.types.ts::program:GitLabUser,BY_VALUE,0,false,32,this,,,0,,types/gitlab.types.ts::program:GitLabUser
111669150785,METHOD_PARAMETER_IN,,this,7,types/gitlab.types.ts::program:GitLabCommit,BY_VALUE,0,false,41,this,,,0,,types/gitlab.types.ts::program:GitLabCommit
111669150786,METHOD_PARAMETER_IN,,this,7,types/gitlab.types.ts::program:GitLabBranch,BY_VALUE,0,false,55,this,,,0,,types/gitlab.types.ts::program:GitLabBranch
111669150787,METHOD_PARAMETER_IN,,this,7,types/gitlab.types.ts::program:GitLabGroup,BY_VALUE,0,false,67,this,,,0,,types/gitlab.types.ts::program:GitLabGroup
111669150788,METHOD_PARAMETER_IN,,this,7,types/gitlab.types.ts::program:GitLabIssues,BY_VALUE,0,false,80,this,,,0,,types/gitlab.types.ts::program:GitLabIssues
111669150789,METHOD_PARAMETER_IN,,this,7,types/gitlab.types.ts::program:GitLabMergeRequest,BY_VALUE,0,false,96,this,,,0,,types/gitlab.types.ts::program:GitLabMergeRequest
111669150790,METHOD_PARAMETER_IN,,this,7,types/gitlab.types.ts::program:GitLabMilestone,BY_VALUE,0,false,115,this,,,0,,types/gitlab.types.ts::program:GitLabMilestone
111669150791,METHOD_PARAMETER_IN,,this,0,types/gitlab.types.ts::program,BY_VALUE,0,false,1,this,,,0,,types/gitlab.types.ts::program
111669150792,METHOD_PARAMETER_IN,,this,0,types/index.ts::program,BY_VALUE,0,false,1,this,,,0,,types/index.ts::program
111669150793,METHOD_PARAMETER_IN,,this,7,types/issueMetrics.types.ts::program:IssueHealthMetrics,BY_VALUE,0,false,3,this,,,0,,types/issueMetrics.types.ts::program:IssueHealthMetrics
111669150794,METHOD_PARAMETER_IN,,this,7,types/issueMetrics.types.ts::program:IssueMetricsHistory,BY_VALUE,0,false,52,this,,,0,,types/issueMetrics.types.ts::program:IssueMetricsHistory
111669150795,METHOD_PARAMETER_IN,,this,7,types/issueMetrics.types.ts::program:GitLabIssueStateEvent,BY_VALUE,0,false,72,this,,,0,,types/issueMetrics.types.ts::program:GitLabIssueStateEvent
111669150796,METHOD_PARAMETER_IN,,this,7,types/issueMetrics.types.ts::program:GitLabIssueLink,BY_VALUE,0,false,85,this,,,0,,types/issueMetrics.types.ts::program:GitLabIssueLink
111669150797,METHOD_PARAMETER_IN,,this,7,types/issueMetrics.types.ts::program:GitLabIssueMRReference,BY_VALUE,0,false,97,this,,,0,,types/issueMetrics.types.ts::program:GitLabIssueMRReference
111669150798,METHOD_PARAMETER_IN,,this,7,types/issueMetrics.types.ts::program:IssueMetricsCalculationInput,BY_VALUE,0,false,108,this,,,0,,types/issueMetrics.types.ts::program:IssueMetricsCalculationInput
111669150799,METHOD_PARAMETER_IN,,this,7,types/issueMetrics.types.ts::program:IssueMetricsCalculationResult,BY_VALUE,0,false,121,this,,,0,,types/issueMetrics.types.ts::program:IssueMetricsCalculationResult
111669150800,METHOD_PARAMETER_IN,,this,7,types/issueMetrics.types.ts::program:WeekOverWeekComparison,BY_VALUE,0,false,163,this,,,0,,types/issueMetrics.types.ts::program:WeekOverWeekComparison
111669150801,METHOD_PARAMETER_IN,,this,7,types/issueMetrics.types.ts::program:IssueMetricsTrends,BY_VALUE,0,false,173,this,,,0,,types/issueMetrics.types.ts::program:IssueMetricsTrends
111669150802,METHOD_PARAMETER_IN,,this,0,types/issueMetrics.types.ts::program,BY_VALUE,0,false,1,this,,,0,,types/issueMetrics.types.ts::program
111669150803,METHOD_PARAMETER_IN,,this,7,types/milestoneMetrics.types.ts::program:MilestoneMetrics,BY_VALUE,0,false,4,this,,,0,,types/milestoneMetrics.types.ts::program:MilestoneMetrics
111669150804,METHOD_PARAMETER_IN,,this,7,types/milestoneMetrics.types.ts::program:MilestoneWithIssueCount,BY_VALUE,0,false,14,this,,,0,,types/milestoneMetrics.types.ts::program:MilestoneWithIssueCount
111669150805,METHOD_PARAMETER_IN,,this,0,types/milestoneMetrics.types.ts::program,BY_VALUE,0,false,1,this,,,0,,types/milestoneMetrics.types.ts::program
111669150806,METHOD_PARAMETER_IN,,this,7,types/mrMetrics.types.ts::program:MRHealthMetrics,BY_VALUE,0,false,10,this,,,0,,types/mrMetrics.types.ts::program:MRHealthMetrics
111669150807,METHOD_PARAMETER_IN,,this,7,types/mrMetrics.types.ts::program:MRMetricsHistory,BY_VALUE,0,false,74,this,,,0,,types/mrMetrics.types.ts::program:MRMetricsHistory
111669150808,METHOD_PARAMETER_IN,,this,7,types/mrMetrics.types.ts::program:MRWeekOverWeekComparison,BY_VALUE,0,false,97,this,,,0,,types/mrMetrics.types.ts::program:MRWeekOverWeekComparison
111669150809,METHOD_PARAMETER_IN,,this,7,types/mrMetrics.types.ts::program:GitLabMRNote,BY_VALUE,0,false,108,this,,,0,,types/mrMetrics.types.ts::program:GitLabMRNote
111669150810,METHOD_PARAMETER_IN,,this,7,types/mrMetrics.types.ts::program:GitLabMRReviewer,BY_VALUE,0,false,127,this,,,0,,types/mrMetrics.types.ts::program:GitLabMRReviewer
111669150811,METHOD_PARAMETER_IN,,this,7,types/mrMetrics.types.ts::program:MRFetchData,BY_VALUE,0,false,138,this,,,0,,types/mrMetrics.types.ts::program:MRFetchData
111669150812,METHOD_PARAMETER_IN,,this,0,types/mrMetrics.types.ts::program,BY_VALUE,0,false,1,this,,,0,,types/mrMetrics.types.ts::program
111669150813,METHOD_PARAMETER_IN,,this,7,types/project.types.ts::program:Project,BY_VALUE,0,false,2,this,,,0,,types/project.types.ts::program:Project
111669150814,METHOD_PARAMETER_IN,,this,7,types/project.types.ts::program:ProjectNamespace,BY_VALUE,0,false,18,this,,,0,,types/project.types.ts::program:ProjectNamespace
111669150815,METHOD_PARAMETER_IN,,this,7,types/project.types.ts::program:ProjectStatistics,BY_VALUE,0,false,26,this,,,0,,types/project.types.ts::program:ProjectStatistics
111669150816,METHOD_PARAMETER_IN,,this,7,types/project.types.ts::program:ProjectWithStats,BY_VALUE,0,false,38,this,,,0,,types/project.types.ts::program:ProjectWithStats
111669150817,METHOD_PARAMETER_IN,,this,0,types/project.types.ts::program,BY_VALUE,0,false,1,this,,,0,,types/project.types.ts::program
111669150818,METHOD_PARAMETER_IN,,this,7,types/sonarQubeMetrics.types.ts::program:SonarQubeMaintainabilityMetrics,BY_VALUE,0,false,1,this,,,0,,types/sonarQubeMetrics.types.ts::program:SonarQubeMaintainabilityMetrics
111669150819,METHOD_PARAMETER_IN,,this,7,types/sonarQubeMetrics.types.ts::program:SonarQubeMaintainabilityHistory,BY_VALUE,0,false,16,this,,,0,,types/sonarQubeMetrics.types.ts::program:SonarQubeMaintainabilityHistory
111669150820,METHOD_PARAMETER_IN,,this,7,types/sonarQubeMetrics.types.ts::program:SonarQubeMaintainabilityCalculationResult,BY_VALUE,0,false,27,this,,,0,,types/sonarQubeMetrics.types.ts::program:SonarQubeMaintainabilityCalculationResult
111669150821,METHOD_PARAMETER_IN,,this,7,types/sonarQubeMetrics.types.ts::program:SonarQubeMeasure,BY_VALUE,0,false,41,this,,,0,,types/sonarQubeMetrics.types.ts::program:SonarQubeMeasure
111669150822,METHOD_PARAMETER_IN,,this,7,types/sonarQubeMetrics.types.ts::program:SonarQubeComponentMeasures,BY_VALUE,0,false,52,this,,,0,,types/sonarQubeMetrics.types.ts::program:SonarQubeComponentMeasures
111669150823,METHOD_PARAMETER_IN,,this,7,types/sonarQubeMetrics.types.ts::program:SonarQubeReliabilityMetrics,BY_VALUE,0,false,62,this,,,0,,types/sonarQubeMetrics.types.ts::program:SonarQubeReliabilityMetrics
111669150824,METHOD_PARAMETER_IN,,this,7,types/sonarQubeMetrics.types.ts::program:SonarQubeReliabilityHistory,BY_VALUE,0,false,73,this,,,0,,types/sonarQubeMetrics.types.ts::program:SonarQubeReliabilityHistory
111669150825,METHOD_PARAMETER_IN,,this,7,types/sonarQubeMetrics.types.ts::program:SonarQubeReliabilityCalculationResult,BY_VALUE,0,false,80,this,,,0,,types/sonarQubeMetrics.types.ts::program:SonarQubeReliabilityCalculationResult
111669150826,METHOD_PARAMETER_IN,,this,7,types/sonarQubeMetrics.types.ts::program:SonarQubeSecurityMetrics,BY_VALUE,0,false,90,this,,,0,,types/sonarQubeMetrics.types.ts::program:SonarQubeSecurityMetrics
111669150827,METHOD_PARAMETER_IN,,this,7,types/sonarQubeMetrics.types.ts::program:SonarQubeSecurityHistory,BY_VALUE,0,false,102,this,,,0,,types/sonarQubeMetrics.types.ts::program:SonarQubeSecurityHistory
111669150828,METHOD_PARAMETER_IN,,this,7,types/sonarQubeMetrics.types.ts::program:SonarQubeSecurityCalculationResult,BY_VALUE,0,false,110,this,,,0,,types/sonarQubeMetrics.types.ts::program:SonarQubeSecurityCalculationResult
111669150829,METHOD_PARAMETER_IN,,this,0,types/sonarQubeMetrics.types.ts::program,BY_VALUE,0,false,1,this,,,0,,types/sonarQubeMetrics.types.ts::program
111669150830,METHOD_PARAMETER_IN,,this,7,utils/healthScoreCalculator.ts::program,BY_VALUE,0,false,7,this,,,0,,utils/healthScoreCalculator.ts::program
111669150831,METHOD_PARAMETER_IN,,"metrics: {
  avg_cycle_time_days: number;
  reopen_rate_percent: number;
  issues_closed_last_7d: number;
  critical_issues_open: number;
}",42,,BY_VALUE,1,false,7,metrics,,,1,utils/healthScoreCalculator.ts::program:calculateIssueHealthScore:<anon-class>0,utils/healthScoreCalculator.ts::program:calculateIssueHealthScore:<anon-class>0
111669150832,METHOD_PARAMETER_IN,,this,7,utils/healthScoreCalculator.ts::program,BY_VALUE,0,false,61,this,,,0,,utils/healthScoreCalculator.ts::program
111669150833,METHOD_PARAMETER_IN,,"metrics: {
  avg_merge_time_days: number;
  revert_rate_percent: number;
  mrs_merged_last_7d: number;
  avg_review_comments_per_mr: number;
}",39,,BY_VALUE,1,false,61,metrics,,,1,utils/healthScoreCalculator.ts::program:calculateMRHealthScore:<anon-class>2,utils/healthScoreCalculator.ts::program:calculateMRHealthScore:<anon-class>2
111669150834,METHOD_PARAMETER_IN,,this,7,utils/healthScoreCalculator.ts::program,BY_VALUE,0,false,115,this,,,0,,utils/healthScoreCalculator.ts::program
111669150835,METHOD_PARAMETER_IN,,"metrics: {
  total_commits_last_7d: number;
  avg_commit_size: number;
  bus_factor: number;
}",43,,BY_VALUE,1,false,115,metrics,,,1,utils/healthScoreCalculator.ts::program:calculateCommitHealthScore:<anon-class>4,utils/healthScoreCalculator.ts::program:calculateCommitHealthScore:<anon-class>4
111669150836,METHOD_PARAMETER_IN,,this,7,utils/healthScoreCalculator.ts::program,BY_VALUE,0,false,160,this,,,0,,utils/healthScoreCalculator.ts::program
111669150837,METHOD_PARAMETER_IN,,"metrics: {
  reliability_rating: string;
  bugs_total: number;
}",48,,BY_VALUE,1,false,160,metrics,,,1,utils/healthScoreCalculator.ts::program:calculateReliabilityHealthScore:<anon-class>6,utils/healthScoreCalculator.ts::program:calculateReliabilityHealthScore:<anon-class>6
111669150838,METHOD_PARAMETER_IN,,this,7,utils/healthScoreCalculator.ts::program,BY_VALUE,0,false,192,this,,,0,,utils/healthScoreCalculator.ts::program
111669150839,METHOD_PARAMETER_IN,,"metrics: {
  maintainability_rating: string;
  technical_debt_ratio: number;
  code_smells_total: number;
  duplicated_code_percentage: number;
}",52,,BY_VALUE,1,false,192,metrics,,,1,utils/healthScoreCalculator.ts::program:calculateMaintainabilityHealthScore:<anon-class>8,utils/healthScoreCalculator.ts::program:calculateMaintainabilityHealthScore:<anon-class>8
111669150840,METHOD_PARAMETER_IN,,this,7,utils/healthScoreCalculator.ts::program,BY_VALUE,0,false,246,this,,,0,,utils/healthScoreCalculator.ts::program
111669150841,METHOD_PARAMETER_IN,,"metrics: {
  security_rating: string;
  vulnerabilities_total: number;
  security_hotspots_total: number;
}",45,,BY_VALUE,1,false,246,metrics,,,1,utils/healthScoreCalculator.ts::program:calculateSecurityHealthScore:<anon-class>10,utils/healthScoreCalculator.ts::program:calculateSecurityHealthScore:<anon-class>10
111669150842,METHOD_PARAMETER_IN,,this,0,utils/healthScoreCalculator.ts::program,BY_VALUE,0,false,1,this,,,0,,utils/healthScoreCalculator.ts::program
111669150843,METHOD_PARAMETER_IN,,p1,,,BY_VALUE,1,false,,p1,,,1,,ANY
111669150844,METHOD_PARAMETER_IN,,p1,,,BY_VALUE,1,false,,p1,,,1,,ANY
111669150845,METHOD_PARAMETER_IN,,p2,,,BY_VALUE,2,false,,p2,,,2,,ANY
111669150846,METHOD_PARAMETER_IN,,p1,,,BY_VALUE,1,false,,p1,,,1,,ANY
111669150847,METHOD_PARAMETER_IN,,p1,,,BY_VALUE,1,false,,p1,,,1,,ANY
111669150848,METHOD_PARAMETER_IN,,p2,,,BY_VALUE,2,false,,p2,,,2,,ANY
111669150849,METHOD_PARAMETER_IN,,p1,,,BY_VALUE,1,false,,p1,,,1,,ANY
111669150850,METHOD_PARAMETER_IN,,p2,,,BY_VALUE,2,false,,p2,,,2,,ANY
111669150851,METHOD_PARAMETER_IN,,p3,,,BY_VALUE,3,false,,p3,,,3,,ANY
111669150852,METHOD_PARAMETER_IN,,p0,,,BY_VALUE,0,false,,p0,,,0,,ANY
111669150853,METHOD_PARAMETER_IN,,p1,,,BY_VALUE,1,false,,p1,,,1,,ANY
111669150854,METHOD_PARAMETER_IN,,p1,,,BY_VALUE,1,false,,p1,,,1,,ANY
111669150855,METHOD_PARAMETER_IN,,p1,,,BY_VALUE,1,false,,p1,,,1,,ANY
111669150856,METHOD_PARAMETER_IN,,p2,,,BY_VALUE,2,false,,p2,,,2,,ANY
111669150857,METHOD_PARAMETER_IN,,p1,,,BY_VALUE,1,false,,p1,,,1,,ANY
111669150858,METHOD_PARAMETER_IN,,p2,,,BY_VALUE,2,false,,p2,,,2,,ANY
111669150859,METHOD_PARAMETER_IN,,p1,,,BY_VALUE,1,false,,p1,,,1,,ANY
111669150860,METHOD_PARAMETER_IN,,p1,,,BY_VALUE,1,false,,p1,,,1,,ANY
111669150861,METHOD_PARAMETER_IN,,p2,,,BY_VALUE,2,false,,p2,,,2,,ANY
111669150862,METHOD_PARAMETER_IN,,p1,,,BY_VALUE,1,false,,p1,,,1,,ANY
111669150863,METHOD_PARAMETER_IN,,p2,,,BY_VALUE,2,false,,p2,,,2,,ANY
111669150864,METHOD_PARAMETER_IN,,p1,,,BY_VALUE,1,false,,p1,,,1,,ANY
111669150865,METHOD_PARAMETER_IN,,p2,,,BY_VALUE,2,false,,p2,,,2,,ANY
111669150866,METHOD_PARAMETER_IN,,p1,,,BY_VALUE,1,false,,p1,,,1,,ANY
111669150867,METHOD_PARAMETER_IN,,p1,,,BY_VALUE,1,false,,p1,,,1,,ANY
111669150868,METHOD_PARAMETER_IN,,p2,,,BY_VALUE,2,false,,p2,,,2,,ANY
111669150869,METHOD_PARAMETER_IN,,p1,,,BY_VALUE,1,false,,p1,,,1,,ANY
111669150870,METHOD_PARAMETER_IN,,p2,,,BY_VALUE,2,false,,p2,,,2,,ANY
111669150871,METHOD_PARAMETER_IN,,p1,,,BY_VALUE,1,false,,p1,,,1,,ANY
111669150872,METHOD_PARAMETER_IN,,p2,,,BY_VALUE,2,false,,p2,,,2,,ANY
111669150873,METHOD_PARAMETER_IN,,p1,,,BY_VALUE,1,false,,p1,,,1,,ANY
111669150874,METHOD_PARAMETER_IN,,p2,,,BY_VALUE,2,false,,p2,,,2,,ANY
111669150875,METHOD_PARAMETER_IN,,p1,,,BY_VALUE,1,false,,p1,,,1,,ANY
111669150876,METHOD_PARAMETER_IN,,p2,,,BY_VALUE,2,false,,p2,,,2,,ANY
111669150877,METHOD_PARAMETER_IN,,p1,,,BY_VALUE,1,false,,p1,,,1,,ANY
111669150878,METHOD_PARAMETER_IN,,p2,,,BY_VALUE,2,false,,p2,,,2,,ANY
111669150879,METHOD_PARAMETER_IN,,p3,,,BY_VALUE,3,false,,p3,,,3,,ANY
111669150880,METHOD_PARAMETER_IN,,p1,,,BY_VALUE,1,false,,p1,,,1,,ANY
111669150881,METHOD_PARAMETER_IN,,p1,,,BY_VALUE,1,false,,p1,,,1,,ANY
111669150882,METHOD_PARAMETER_IN,,p2,,,BY_VALUE,2,false,,p2,,,2,,ANY
111669150883,METHOD_PARAMETER_IN,,p1,,,BY_VALUE,1,false,,p1,,,1,,ANY
111669150884,METHOD_PARAMETER_IN,,p0,,,BY_VALUE,0,false,,p0,,,0,,ANY
111669150885,METHOD_PARAMETER_IN,,p1,,,BY_VALUE,1,false,,p1,,,1,,ANY
111669150886,METHOD_PARAMETER_IN,,p2,,,BY_VALUE,2,false,,p2,,,2,,ANY
111669150887,METHOD_PARAMETER_IN,,p1,,,BY_VALUE,1,false,,p1,,,1,,ANY
111669150888,METHOD_PARAMETER_IN,,p2,,,BY_VALUE,2,false,,p2,,,2,,ANY
111669150889,METHOD_PARAMETER_IN,,p1,,,BY_VALUE,1,false,,p1,,,1,,ANY
111669150890,METHOD_PARAMETER_IN,,p2,,,BY_VALUE,2,false,,p2,,,2,,ANY
111669150891,METHOD_PARAMETER_IN,,p1,,,BY_VALUE,1,false,,p1,,,1,,ANY
111669150892,METHOD_PARAMETER_IN,,p2,,,BY_VALUE,2,false,,p2,,,2,,ANY
111669150893,METHOD_PARAMETER_IN,,p1,,,BY_VALUE,1,false,,p1,,,1,,ANY
111669150894,METHOD_PARAMETER_IN,,p1,,,BY_VALUE,1,false,,p1,,,1,,ANY
111669150895,METHOD_PARAMETER_IN,,p1,,,BY_VALUE,1,false,,p1,,,1,,ANY
111669150896,METHOD_PARAMETER_IN,,p2,,,BY_VALUE,2,false,,p2,,,2,,ANY
111669150897,METHOD_PARAMETER_IN,,p3,,,BY_VALUE,3,false,,p3,,,3,,ANY
111669150898,METHOD_PARAMETER_IN,,p4,,,BY_VALUE,4,false,,p4,,,4,,ANY
111669150899,METHOD_PARAMETER_IN,,p5,,,BY_VALUE,5,false,,p5,,,5,,ANY
111669150900,METHOD_PARAMETER_IN,,p6,,,BY_VALUE,6,false,,p6,,,6,,ANY
111669150901,METHOD_PARAMETER_IN,,p7,,,BY_VALUE,7,false,,p7,,,7,,ANY
111669150902,METHOD_PARAMETER_IN,,p8,,,BY_VALUE,8,false,,p8,,,8,,ANY
111669150903,METHOD_PARAMETER_IN,,p9,,,BY_VALUE,9,false,,p9,,,9,,ANY
111669150904,METHOD_PARAMETER_IN,,p10,,,BY_VALUE,10,false,,p10,,,10,,ANY
111669150905,METHOD_PARAMETER_IN,,p11,,,BY_VALUE,11,false,,p11,,,11,,ANY
111669150906,METHOD_PARAMETER_IN,,p1,,,BY_VALUE,1,false,,p1,,,1,,ANY
111669150907,METHOD_PARAMETER_IN,,p1,,,BY_VALUE,1,false,,p1,,,1,,ANY
111669150908,METHOD_PARAMETER_IN,,p1,,,BY_VALUE,1,false,,p1,,,1,,ANY
111669150909,METHOD_PARAMETER_IN,,p2,,,BY_VALUE,2,false,,p2,,,2,,ANY
111669150910,METHOD_PARAMETER_IN,,p1,,,BY_VALUE,1,false,,p1,,,1,,ANY
111669150911,METHOD_PARAMETER_IN,,p2,,,BY_VALUE,2,false,,p2,,,2,,ANY
111669150912,METHOD_PARAMETER_IN,,p1,,,BY_VALUE,1,false,,p1,,,1,,ANY
111669150913,METHOD_PARAMETER_IN,,p1,,,BY_VALUE,1,false,,p1,,,1,,ANY
111669150914,METHOD_PARAMETER_IN,,p2,,,BY_VALUE,2,false,,p2,,,2,,ANY
111669150915,METHOD_PARAMETER_IN,,p1,,,BY_VALUE,1,false,,p1,,,1,,ANY
111669150916,METHOD_PARAMETER_IN,,p2,,,BY_VALUE,2,false,,p2,,,2,,ANY
111669150917,METHOD_PARAMETER_IN,,p0,,,BY_VALUE,0,false,,p0,,,0,,ANY
111669150918,METHOD_PARAMETER_IN,,p1,,,BY_VALUE,1,false,,p1,,,1,,ANY
111669150919,METHOD_PARAMETER_IN,,p2,,,BY_VALUE,2,false,,p2,,,2,,ANY
111669150920,METHOD_PARAMETER_IN,,p1,,,BY_VALUE,1,false,,p1,,,1,,ANY
111669150921,METHOD_PARAMETER_IN,,p0,,,BY_VALUE,1,false,,p0,,,0,,ANY
111669150922,METHOD_PARAMETER_IN,,p1,,,BY_VALUE,2,false,,p1,,,1,,ANY
111669150923,METHOD_PARAMETER_IN,,p2,,,BY_VALUE,3,false,,p2,,,2,,ANY
111669150924,METHOD_PARAMETER_IN,,p0,,,BY_VALUE,1,false,,p0,,,0,,ANY
111669150925,METHOD_PARAMETER_IN,,p1,,,BY_VALUE,2,false,,p1,,,1,,ANY
111669150926,METHOD_PARAMETER_IN,,p2,,,BY_VALUE,3,false,,p2,,,2,,ANY
111669150927,METHOD_PARAMETER_IN,,p0,,,BY_VALUE,1,false,,p0,,,0,,ANY
111669150928,METHOD_PARAMETER_IN,,p1,,,BY_VALUE,2,false,,p1,,,1,,ANY
111669150929,METHOD_PARAMETER_IN,,p2,,,BY_VALUE,3,false,,p2,,,2,,ANY
111669150930,METHOD_PARAMETER_IN,,p0,,,BY_VALUE,1,false,,p0,,,0,,ANY
111669150931,METHOD_PARAMETER_IN,,p1,,,BY_VALUE,2,false,,p1,,,1,,ANY
111669150932,METHOD_PARAMETER_IN,,p2,,,BY_VALUE,3,false,,p2,,,2,,ANY
111669150933,METHOD_PARAMETER_IN,,p0,,,BY_VALUE,1,false,,p0,,,0,,ANY
111669150934,METHOD_PARAMETER_IN,,p1,,,BY_VALUE,2,false,,p1,,,1,,ANY
111669150935,METHOD_PARAMETER_IN,,p2,,,BY_VALUE,3,false,,p2,,,2,,ANY
111669150936,METHOD_PARAMETER_IN,,p0,,,BY_VALUE,1,false,,p0,,,0,,ANY
111669150937,METHOD_PARAMETER_IN,,p1,,,BY_VALUE,2,false,,p1,,,1,,ANY
111669150938,METHOD_PARAMETER_IN,,p2,,,BY_VALUE,3,false,,p2,,,2,,ANY
111669150939,METHOD_PARAMETER_IN,,p3,,,BY_VALUE,4,false,,p3,,,3,,ANY
111669150940,METHOD_PARAMETER_IN,,p0,,,BY_VALUE,1,false,,p0,,,0,,ANY
111669150941,METHOD_PARAMETER_IN,,p1,,,BY_VALUE,2,false,,p1,,,1,,ANY
111669150942,METHOD_PARAMETER_IN,,p0,,,BY_VALUE,1,false,,p0,,,0,,ANY
111669150943,METHOD_PARAMETER_IN,,p1,,,BY_VALUE,2,false,,p1,,,1,,ANY
111669150944,METHOD_PARAMETER_IN,,p2,,,BY_VALUE,3,false,,p2,,,2,,ANY
111669150945,METHOD_PARAMETER_IN,,p0,,,BY_VALUE,1,false,,p0,,,0,,ANY
111669150946,METHOD_PARAMETER_IN,,p1,,,BY_VALUE,2,false,,p1,,,1,,ANY
111669150947,METHOD_PARAMETER_IN,,p2,,,BY_VALUE,3,false,,p2,,,2,,ANY
111669150948,METHOD_PARAMETER_IN,,p0,,,BY_VALUE,1,false,,p0,,,0,,ANY
111669150949,METHOD_PARAMETER_IN,,p1,,,BY_VALUE,2,false,,p1,,,1,,ANY
111669150950,METHOD_PARAMETER_IN,,p2,,,BY_VALUE,3,false,,p2,,,2,,ANY
111669150951,METHOD_PARAMETER_IN,,p0,,,BY_VALUE,1,false,,p0,,,0,,ANY
111669150952,METHOD_PARAMETER_IN,,p1,,,BY_VALUE,2,false,,p1,,,1,,ANY
111669150953,METHOD_PARAMETER_IN,,p2,,,BY_VALUE,3,false,,p2,,,2,,ANY
111669150954,METHOD_PARAMETER_IN,,p0,,,BY_VALUE,1,false,,p0,,,0,,ANY
111669150955,METHOD_PARAMETER_IN,,p1,,,BY_VALUE,2,false,,p1,,,1,,ANY
111669150956,METHOD_PARAMETER_IN,,p2,,,BY_VALUE,3,false,,p2,,,2,,ANY
111669150957,METHOD_PARAMETER_IN,,p0,,,BY_VALUE,1,false,,p0,,,0,,ANY
111669150958,METHOD_PARAMETER_IN,,p1,,,BY_VALUE,2,false,,p1,,,1,,ANY
111669150959,METHOD_PARAMETER_IN,,p2,,,BY_VALUE,3,false,,p2,,,2,,ANY
111669150960,METHOD_PARAMETER_IN,,p0,,,BY_VALUE,1,false,,p0,,,0,,ANY
111669150961,METHOD_PARAMETER_IN,,p1,,,BY_VALUE,2,false,,p1,,,1,,ANY
111669150962,METHOD_PARAMETER_IN,,p2,,,BY_VALUE,3,false,,p2,,,2,,ANY
111669150963,METHOD_PARAMETER_IN,,p0,,,BY_VALUE,1,false,,p0,,,0,,ANY
111669150964,METHOD_PARAMETER_IN,,p1,,,BY_VALUE,2,false,,p1,,,1,,ANY
111669150965,METHOD_PARAMETER_IN,,p2,,,BY_VALUE,3,false,,p2,,,2,,ANY
111669150966,METHOD_PARAMETER_IN,,p0,,,BY_VALUE,1,false,,p0,,,0,,ANY
111669150967,METHOD_PARAMETER_IN,,p1,,,BY_VALUE,2,false,,p1,,,1,,ANY
111669150968,METHOD_PARAMETER_IN,,p2,,,BY_VALUE,3,false,,p2,,,2,,ANY
111669150969,METHOD_PARAMETER_IN,,p0,,,BY_VALUE,1,false,,p0,,,0,,ANY
111669150970,METHOD_PARAMETER_IN,,p1,,,BY_VALUE,2,false,,p1,,,1,,ANY
111669150971,METHOD_PARAMETER_IN,,p2,,,BY_VALUE,3,false,,p2,,,2,,ANY
111669150972,METHOD_PARAMETER_IN,,p0,,,BY_VALUE,1,false,,p0,,,0,,ANY
111669150973,METHOD_PARAMETER_IN,,p1,,,BY_VALUE,2,false,,p1,,,1,,ANY
111669150974,METHOD_PARAMETER_IN,,p2,,,BY_VALUE,3,false,,p2,,,2,,ANY
111669150975,METHOD_PARAMETER_IN,,p0,,,BY_VALUE,1,false,,p0,,,0,,ANY
111669150976,METHOD_PARAMETER_IN,,p1,,,BY_VALUE,2,false,,p1,,,1,,ANY
111669150977,METHOD_PARAMETER_IN,,p2,,,BY_VALUE,3,false,,p2,,,2,,ANY
111669150978,METHOD_PARAMETER_IN,,p0,,,BY_VALUE,1,false,,p0,,,0,,ANY
111669150979,METHOD_PARAMETER_IN,,p1,,,BY_VALUE,2,false,,p1,,,1,,ANY
111669150980,METHOD_PARAMETER_IN,,p2,,,BY_VALUE,3,false,,p2,,,2,,ANY
111669150981,METHOD_PARAMETER_IN,,p3,,,BY_VALUE,4,false,,p3,,,3,,ANY
111669150982,METHOD_PARAMETER_IN,,p0,,,BY_VALUE,1,false,,p0,,,0,,ANY
111669150983,METHOD_PARAMETER_IN,,p1,,,BY_VALUE,2,false,,p1,,,1,,ANY
111669150984,METHOD_PARAMETER_IN,,p2,,,BY_VALUE,3,false,,p2,,,2,,ANY
111669150985,METHOD_PARAMETER_IN,,p3,,,BY_VALUE,4,false,,p3,,,3,,ANY
111669150986,METHOD_PARAMETER_IN,,p0,,,BY_VALUE,1,false,,p0,,,0,,ANY
111669150987,METHOD_PARAMETER_IN,,p1,,,BY_VALUE,2,false,,p1,,,1,,ANY
111669150988,METHOD_PARAMETER_IN,,p2,,,BY_VALUE,3,false,,p2,,,2,,ANY
111669150989,METHOD_PARAMETER_IN,,p0,,,BY_VALUE,1,false,,p0,,,0,,ANY
111669150990,METHOD_PARAMETER_IN,,p1,,,BY_VALUE,2,false,,p1,,,1,,ANY
111669150991,METHOD_PARAMETER_IN,,p2,,,BY_VALUE,3,false,,p2,,,2,,ANY
111669150992,METHOD_PARAMETER_IN,,p0,,,BY_VALUE,1,false,,p0,,,0,,ANY
111669150993,METHOD_PARAMETER_IN,,p1,,,BY_VALUE,2,false,,p1,,,1,,ANY
111669150994,METHOD_PARAMETER_IN,,p2,,,BY_VALUE,3,false,,p2,,,2,,ANY
111669150995,METHOD_PARAMETER_IN,,p3,,,BY_VALUE,4,false,,p3,,,3,,ANY
111669150996,METHOD_PARAMETER_IN,,p0,,,BY_VALUE,1,false,,p0,,,0,,ANY
111669150997,METHOD_PARAMETER_IN,,p1,,,BY_VALUE,2,false,,p1,,,1,,ANY
111669150998,METHOD_PARAMETER_IN,,p2,,,BY_VALUE,3,false,,p2,,,2,,ANY
111669150999,METHOD_PARAMETER_IN,,p3,,,BY_VALUE,4,false,,p3,,,3,,ANY
111669151000,METHOD_PARAMETER_IN,,p0,,,BY_VALUE,1,false,,p0,,,0,,ANY
111669151001,METHOD_PARAMETER_IN,,p1,,,BY_VALUE,2,false,,p1,,,1,,ANY
111669151002,METHOD_PARAMETER_IN,,p2,,,BY_VALUE,3,false,,p2,,,2,,ANY
111669151003,METHOD_PARAMETER_IN,,p3,,,BY_VALUE,4,false,,p3,,,3,,ANY
111669151004,METHOD_PARAMETER_IN,,p0,,,BY_VALUE,1,false,,p0,,,0,,ANY
111669151005,METHOD_PARAMETER_IN,,p1,,,BY_VALUE,2,false,,p1,,,1,,ANY
111669151006,METHOD_PARAMETER_IN,,p2,,,BY_VALUE,3,false,,p2,,,2,,ANY
111669151007,METHOD_PARAMETER_IN,,p3,,,BY_VALUE,4,false,,p3,,,3,,ANY
111669151008,METHOD_PARAMETER_IN,,p0,,,BY_VALUE,1,false,,p0,,,0,,ANY
111669151009,METHOD_PARAMETER_IN,,p1,,,BY_VALUE,2,false,,p1,,,1,,ANY
111669151010,METHOD_PARAMETER_IN,,p0,,,BY_VALUE,1,false,,p0,,,0,,ANY
111669151011,METHOD_PARAMETER_IN,,p1,,,BY_VALUE,2,false,,p1,,,1,,ANY
111669151012,METHOD_PARAMETER_IN,,p2,,,BY_VALUE,3,false,,p2,,,2,,ANY
111669151013,METHOD_PARAMETER_IN,,p0,,,BY_VALUE,1,false,,p0,,,0,,ANY
111669151014,METHOD_PARAMETER_IN,,p1,,,BY_VALUE,2,false,,p1,,,1,,ANY
111669151015,METHOD_PARAMETER_IN,,p2,,,BY_VALUE,3,false,,p2,,,2,,ANY
111669151016,METHOD_PARAMETER_IN,,p0,,,BY_VALUE,1,false,,p0,,,0,,ANY
111669151017,METHOD_PARAMETER_IN,,p1,,,BY_VALUE,2,false,,p1,,,1,,ANY
111669151018,METHOD_PARAMETER_IN,,p2,,,BY_VALUE,3,false,,p2,,,2,,ANY
111669151019,METHOD_PARAMETER_IN,,p0,,,BY_VALUE,1,false,,p0,,,0,,ANY
111669151020,METHOD_PARAMETER_IN,,p1,,,BY_VALUE,2,false,,p1,,,1,,ANY
111669151021,METHOD_PARAMETER_IN,,p2,,,BY_VALUE,3,false,,p2,,,2,,ANY
111669151022,METHOD_PARAMETER_IN,,p0,,,BY_VALUE,1,false,,p0,,,0,,ANY
111669151023,METHOD_PARAMETER_IN,,p1,,,BY_VALUE,2,false,,p1,,,1,,ANY
111669151024,METHOD_PARAMETER_IN,,p2,,,BY_VALUE,3,false,,p2,,,2,,ANY
111669151025,METHOD_PARAMETER_IN,,p0,,,BY_VALUE,1,false,,p0,,,0,,ANY
111669151026,METHOD_PARAMETER_IN,,p1,,,BY_VALUE,2,false,,p1,,,1,,ANY
111669151027,METHOD_PARAMETER_IN,,p0,,,BY_VALUE,1,false,,p0,,,0,,ANY
111669151028,METHOD_PARAMETER_IN,,p1,,,BY_VALUE,2,false,,p1,,,1,,ANY
111669151029,METHOD_PARAMETER_IN,,p2,,,BY_VALUE,3,false,,p2,,,2,,ANY
111669151030,METHOD_PARAMETER_IN,,p0,,,BY_VALUE,1,false,,p0,,,0,,ANY
111669151031,METHOD_PARAMETER_IN,,p1,,,BY_VALUE,2,false,,p1,,,1,,ANY
111669151032,METHOD_PARAMETER_IN,,p0,,,BY_VALUE,1,false,,p0,,,0,,ANY
111669151033,METHOD_PARAMETER_IN,,p1,,,BY_VALUE,2,false,,p1,,,1,,ANY
111669151034,METHOD_PARAMETER_IN,,p0,,,BY_VALUE,1,false,,p0,,,0,,ANY
111669151035,METHOD_PARAMETER_IN,,p1,,,BY_VALUE,2,false,,p1,,,1,,ANY
111669151036,METHOD_PARAMETER_IN,,p0,,,BY_VALUE,1,false,,p0,,,0,,ANY
111669151037,METHOD_PARAMETER_IN,,p1,,,BY_VALUE,2,false,,p1,,,1,,ANY
111669151038,METHOD_PARAMETER_IN,,p2,,,BY_VALUE,3,false,,p2,,,2,,ANY
111669151039,METHOD_PARAMETER_IN,,p0,,,BY_VALUE,1,false,,p0,,,0,,ANY
111669151040,METHOD_PARAMETER_IN,,p1,,,BY_VALUE,2,false,,p1,,,1,,ANY
111669151041,METHOD_PARAMETER_IN,,p2,,,BY_VALUE,3,false,,p2,,,2,,ANY
111669151042,METHOD_PARAMETER_IN,,p0,,,BY_VALUE,1,false,,p0,,,0,,ANY
111669151043,METHOD_PARAMETER_IN,,p1,,,BY_VALUE,2,false,,p1,,,1,,ANY
111669151044,METHOD_PARAMETER_IN,,p2,,,BY_VALUE,3,false,,p2,,,2,,ANY
111669151045,METHOD_PARAMETER_IN,,p0,,,BY_VALUE,1,false,,p0,,,0,,ANY
111669151046,METHOD_PARAMETER_IN,,p1,,,BY_VALUE,2,false,,p1,,,1,,ANY
111669151047,METHOD_PARAMETER_IN,,p2,,,BY_VALUE,3,false,,p2,,,2,,ANY
111669151048,METHOD_PARAMETER_IN,,p0,,,BY_VALUE,1,false,,p0,,,0,,ANY
111669151049,METHOD_PARAMETER_IN,,p1,,,BY_VALUE,2,false,,p1,,,1,,ANY
111669151050,METHOD_PARAMETER_IN,,p0,,,BY_VALUE,1,false,,p0,,,0,,ANY
111669151051,METHOD_PARAMETER_IN,,p1,,,BY_VALUE,2,false,,p1,,,1,,ANY
111669151052,METHOD_PARAMETER_IN,,p0,,,BY_VALUE,1,false,,p0,,,0,,ANY
111669151053,METHOD_PARAMETER_IN,,p1,,,BY_VALUE,2,false,,p1,,,1,,ANY
111669151054,METHOD_PARAMETER_IN,,p0,,,BY_VALUE,1,false,,p0,,,0,,ANY
111669151055,METHOD_PARAMETER_IN,,p1,,,BY_VALUE,2,false,,p1,,,1,,ANY
111669151056,METHOD_PARAMETER_IN,,p0,,,BY_VALUE,1,false,,p0,,,0,,ANY
111669151057,METHOD_PARAMETER_IN,,p1,,,BY_VALUE,2,false,,p1,,,1,,ANY
111669151058,METHOD_PARAMETER_IN,,p2,,,BY_VALUE,3,false,,p2,,,2,,ANY
111669151059,METHOD_PARAMETER_IN,,p0,,,BY_VALUE,1,false,,p0,,,0,,ANY
111669151060,METHOD_PARAMETER_IN,,p1,,,BY_VALUE,2,false,,p1,,,1,,ANY
111669151061,METHOD_PARAMETER_IN,,p2,,,BY_VALUE,3,false,,p2,,,2,,ANY
111669151062,METHOD_PARAMETER_IN,,p0,,,BY_VALUE,1,false,,p0,,,0,,ANY
111669151063,METHOD_PARAMETER_IN,,p1,,,BY_VALUE,2,false,,p1,,,1,,ANY
111669151064,METHOD_PARAMETER_IN,,p2,,,BY_VALUE,3,false,,p2,,,2,,ANY
111669151065,METHOD_PARAMETER_IN,,p3,,,BY_VALUE,4,false,,p3,,,3,,ANY
111669151066,METHOD_PARAMETER_IN,,p0,,,BY_VALUE,1,false,,p0,,,0,,ANY
111669151067,METHOD_PARAMETER_IN,,p1,,,BY_VALUE,2,false,,p1,,,1,,ANY
111669151068,METHOD_PARAMETER_IN,,p2,,,BY_VALUE,3,false,,p2,,,2,,ANY
111669151069,METHOD_PARAMETER_IN,,p0,,,BY_VALUE,1,false,,p0,,,0,,ANY
111669151070,METHOD_PARAMETER_IN,,p1,,,BY_VALUE,2,false,,p1,,,1,,ANY
111669151071,METHOD_PARAMETER_IN,,p2,,,BY_VALUE,3,false,,p2,,,2,,ANY
111669151072,METHOD_PARAMETER_IN,,p0,,,BY_VALUE,1,false,,p0,,,0,,ANY
111669151073,METHOD_PARAMETER_IN,,p1,,,BY_VALUE,2,false,,p1,,,1,,ANY
111669151074,METHOD_PARAMETER_IN,,p2,,,BY_VALUE,3,false,,p2,,,2,,ANY
111669151075,METHOD_PARAMETER_IN,,p0,,,BY_VALUE,1,false,,p0,,,0,,ANY
111669151076,METHOD_PARAMETER_IN,,p1,,,BY_VALUE,2,false,,p1,,,1,,ANY
111669151077,METHOD_PARAMETER_IN,,p2,,,BY_VALUE,3,false,,p2,,,2,,ANY
111669151078,METHOD_PARAMETER_IN,,p0,,,BY_VALUE,1,false,,p0,,,0,,ANY
111669151079,METHOD_PARAMETER_IN,,p1,,,BY_VALUE,2,false,,p1,,,1,,ANY
111669151080,METHOD_PARAMETER_IN,,p2,,,BY_VALUE,3,false,,p2,,,2,,ANY
111669151081,METHOD_PARAMETER_IN,,p0,,,BY_VALUE,1,false,,p0,,,0,,ANY
111669151082,METHOD_PARAMETER_IN,,p1,,,BY_VALUE,2,false,,p1,,,1,,ANY
111669151083,METHOD_PARAMETER_IN,,p2,,,BY_VALUE,3,false,,p2,,,2,,ANY
111669151084,METHOD_PARAMETER_IN,,p0,,,BY_VALUE,1,false,,p0,,,0,,ANY
111669151085,METHOD_PARAMETER_IN,,p1,,,BY_VALUE,2,false,,p1,,,1,,ANY
111669151086,METHOD_PARAMETER_IN,,p2,,,BY_VALUE,3,false,,p2,,,2,,ANY
111669151087,METHOD_PARAMETER_IN,,p0,,,BY_VALUE,1,false,,p0,,,0,,ANY
111669151088,METHOD_PARAMETER_IN,,p1,,,BY_VALUE,2,false,,p1,,,1,,ANY
111669151089,METHOD_PARAMETER_IN,,p2,,,BY_VALUE,3,false,,p2,,,2,,ANY
111669151090,METHOD_PARAMETER_IN,,p0,,,BY_VALUE,1,false,,p0,,,0,,ANY
111669151091,METHOD_PARAMETER_IN,,p1,,,BY_VALUE,2,false,,p1,,,1,,ANY
111669151092,METHOD_PARAMETER_IN,,p2,,,BY_VALUE,3,false,,p2,,,2,,ANY
111669151093,METHOD_PARAMETER_IN,,p0,,,BY_VALUE,1,false,,p0,,,0,,ANY
111669151094,METHOD_PARAMETER_IN,,p1,,,BY_VALUE,2,false,,p1,,,1,,ANY
111669151095,METHOD_PARAMETER_IN,,p2,,,BY_VALUE,3,false,,p2,,,2,,ANY
111669151096,METHOD_PARAMETER_IN,,p0,,,BY_VALUE,1,false,,p0,,,0,,ANY
111669151097,METHOD_PARAMETER_IN,,p1,,,BY_VALUE,2,false,,p1,,,1,,ANY
111669151098,METHOD_PARAMETER_IN,,p2,,,BY_VALUE,3,false,,p2,,,2,,ANY
111669151099,METHOD_PARAMETER_IN,,p3,,,BY_VALUE,4,false,,p3,,,3,,ANY
111669151100,METHOD_PARAMETER_IN,,p4,,,BY_VALUE,5,false,,p4,,,4,,ANY
111669151101,METHOD_PARAMETER_IN,,p0,,,BY_VALUE,1,false,,p0,,,0,,ANY
111669151102,METHOD_PARAMETER_IN,,p1,,,BY_VALUE,2,false,,p1,,,1,,ANY
111669151103,METHOD_PARAMETER_IN,,p2,,,BY_VALUE,3,false,,p2,,,2,,ANY
111669151104,METHOD_PARAMETER_IN,,p3,,,BY_VALUE,4,false,,p3,,,3,,ANY
111669151105,METHOD_PARAMETER_IN,,p0,,,BY_VALUE,1,false,,p0,,,0,,ANY
111669151106,METHOD_PARAMETER_IN,,p1,,,BY_VALUE,2,false,,p1,,,1,,ANY
111669151107,METHOD_PARAMETER_IN,,p2,,,BY_VALUE,3,false,,p2,,,2,,ANY
111669151108,METHOD_PARAMETER_IN,,p0,,,BY_VALUE,1,false,,p0,,,0,,ANY
111669151109,METHOD_PARAMETER_IN,,p1,,,BY_VALUE,2,false,,p1,,,1,,ANY
111669151110,METHOD_PARAMETER_IN,,p2,,,BY_VALUE,3,false,,p2,,,2,,ANY
111669151111,METHOD_PARAMETER_IN,,p0,,,BY_VALUE,1,false,,p0,,,0,,ANY
111669151112,METHOD_PARAMETER_IN,,p1,,,BY_VALUE,2,false,,p1,,,1,,ANY
111669151113,METHOD_PARAMETER_IN,,p2,,,BY_VALUE,3,false,,p2,,,2,,ANY
111669151114,METHOD_PARAMETER_IN,,p3,,,BY_VALUE,4,false,,p3,,,3,,ANY
111669151115,METHOD_PARAMETER_IN,,p0,,,BY_VALUE,1,false,,p0,,,0,,ANY
111669151116,METHOD_PARAMETER_IN,,p1,,,BY_VALUE,2,false,,p1,,,1,,ANY
111669151117,METHOD_PARAMETER_IN,,p2,,,BY_VALUE,3,false,,p2,,,2,,ANY
111669151118,METHOD_PARAMETER_IN,,p3,,,BY_VALUE,4,false,,p3,,,3,,ANY
111669151119,METHOD_PARAMETER_IN,,p0,,,BY_VALUE,1,false,,p0,,,0,,ANY
111669151120,METHOD_PARAMETER_IN,,p1,,,BY_VALUE,2,false,,p1,,,1,,ANY
111669151121,METHOD_PARAMETER_IN,,p2,,,BY_VALUE,3,false,,p2,,,2,,ANY
111669151122,METHOD_PARAMETER_IN,,p3,,,BY_VALUE,4,false,,p3,,,3,,ANY
111669151123,METHOD_PARAMETER_IN,,p0,,,BY_VALUE,1,false,,p0,,,0,,ANY
111669151124,METHOD_PARAMETER_IN,,p1,,,BY_VALUE,2,false,,p1,,,1,,ANY
111669151125,METHOD_PARAMETER_IN,,p2,,,BY_VALUE,3,false,,p2,,,2,,ANY
111669151126,METHOD_PARAMETER_IN,,p3,,,BY_VALUE,4,false,,p3,,,3,,ANY
111669151127,METHOD_PARAMETER_IN,,p0,,,BY_VALUE,1,false,,p0,,,0,,ANY
111669151128,METHOD_PARAMETER_IN,,p1,,,BY_VALUE,2,false,,p1,,,1,,ANY
111669151129,METHOD_PARAMETER_IN,,p0,,,BY_VALUE,1,false,,p0,,,0,,ANY
111669151130,METHOD_PARAMETER_IN,,p1,,,BY_VALUE,2,false,,p1,,,1,,ANY
111669151131,METHOD_PARAMETER_IN,,p0,,,BY_VALUE,1,false,,p0,,,0,,ANY
111669151132,METHOD_PARAMETER_IN,,p1,,,BY_VALUE,2,false,,p1,,,1,,ANY
111669151133,METHOD_PARAMETER_IN,,p0,,,BY_VALUE,1,false,,p0,,,0,,ANY
111669151134,METHOD_PARAMETER_IN,,p1,,,BY_VALUE,2,false,,p1,,,1,,ANY
111669151135,METHOD_PARAMETER_IN,,p0,,,BY_VALUE,1,false,,p0,,,0,,ANY
111669151136,METHOD_PARAMETER_IN,,p1,,,BY_VALUE,2,false,,p1,,,1,,ANY
111669151137,METHOD_PARAMETER_IN,,p2,,,BY_VALUE,3,false,,p2,,,2,,ANY
111669151138,METHOD_PARAMETER_IN,,p0,,,BY_VALUE,1,false,,p0,,,0,,ANY
111669151139,METHOD_PARAMETER_IN,,p1,,,BY_VALUE,2,false,,p1,,,1,,ANY
111669151140,METHOD_PARAMETER_IN,,p0,,,BY_VALUE,1,false,,p0,,,0,,ANY
111669151141,METHOD_PARAMETER_IN,,p1,,,BY_VALUE,2,false,,p1,,,1,,ANY
111669151142,METHOD_PARAMETER_IN,,p0,,,BY_VALUE,1,false,,p0,,,0,,ANY
111669151143,METHOD_PARAMETER_IN,,p1,,,BY_VALUE,2,false,,p1,,,1,,ANY
111669151144,METHOD_PARAMETER_IN,,p0,,,BY_VALUE,1,false,,p0,,,0,,ANY
111669151145,METHOD_PARAMETER_IN,,p1,,,BY_VALUE,2,false,,p1,,,1,,ANY
111669151146,METHOD_PARAMETER_IN,,p0,,,BY_VALUE,1,false,,p0,,,0,,ANY
111669151147,METHOD_PARAMETER_IN,,p1,,,BY_VALUE,2,false,,p1,,,1,,ANY
111669151148,METHOD_PARAMETER_IN,,p0,,,BY_VALUE,1,false,,p0,,,0,,ANY
111669151149,METHOD_PARAMETER_IN,,p1,,,BY_VALUE,2,false,,p1,,,1,,ANY
111669151150,METHOD_PARAMETER_IN,,p2,,,BY_VALUE,3,false,,p2,,,2,,ANY
111669151151,METHOD_PARAMETER_IN,,p0,,,BY_VALUE,1,false,,p0,,,0,,ANY
111669151152,METHOD_PARAMETER_IN,,p1,,,BY_VALUE,2,false,,p1,,,1,,ANY
111669151153,METHOD_PARAMETER_IN,,p2,,,BY_VALUE,3,false,,p2,,,2,,ANY
111669151154,METHOD_PARAMETER_IN,,p3,,,BY_VALUE,4,false,,p3,,,3,,ANY
111669151155,METHOD_PARAMETER_IN,,p0,,,BY_VALUE,1,false,,p0,,,0,,ANY
111669151156,METHOD_PARAMETER_IN,,p1,,,BY_VALUE,2,false,,p1,,,1,,ANY
111669151157,METHOD_PARAMETER_IN,,p2,,,BY_VALUE,3,false,,p2,,,2,,ANY
111669151158,METHOD_PARAMETER_IN,,p0,,,BY_VALUE,1,false,,p0,,,0,,ANY
111669151159,METHOD_PARAMETER_IN,,p1,,,BY_VALUE,2,false,,p1,,,1,,ANY
111669151160,METHOD_PARAMETER_IN,,p2,,,BY_VALUE,3,false,,p2,,,2,,ANY
111669151161,METHOD_PARAMETER_IN,,p3,,,BY_VALUE,4,false,,p3,,,3,,ANY
111669151162,METHOD_PARAMETER_IN,,p0,,,BY_VALUE,1,false,,p0,,,0,,ANY
111669151163,METHOD_PARAMETER_IN,,p1,,,BY_VALUE,2,false,,p1,,,1,,ANY
111669151164,METHOD_PARAMETER_IN,,p2,,,BY_VALUE,3,false,,p2,,,2,,ANY
111669151165,METHOD_PARAMETER_IN,,p0,,,BY_VALUE,1,false,,p0,,,0,,ANY
111669151166,METHOD_PARAMETER_IN,,p1,,,BY_VALUE,2,false,,p1,,,1,,ANY
111669151167,METHOD_PARAMETER_IN,,p2,,,BY_VALUE,3,false,,p2,,,2,,ANY
111669151168,METHOD_PARAMETER_IN,,p0,,,BY_VALUE,1,false,,p0,,,0,,ANY
111669151169,METHOD_PARAMETER_IN,,p1,,,BY_VALUE,2,false,,p1,,,1,,ANY
111669151170,METHOD_PARAMETER_IN,,p2,,,BY_VALUE,3,false,,p2,,,2,,ANY
111669151171,METHOD_PARAMETER_IN,,p3,,,BY_VALUE,4,false,,p3,,,3,,ANY
111669151172,METHOD_PARAMETER_IN,,p0,,,BY_VALUE,1,false,,p0,,,0,,ANY
111669151173,METHOD_PARAMETER_IN,,p1,,,BY_VALUE,2,false,,p1,,,1,,ANY
111669151174,METHOD_PARAMETER_IN,,p2,,,BY_VALUE,3,false,,p2,,,2,,ANY
111669151175,METHOD_PARAMETER_IN,,p3,,,BY_VALUE,4,false,,p3,,,3,,ANY
111669151176,METHOD_PARAMETER_IN,,p0,,,BY_VALUE,1,false,,p0,,,0,,ANY
111669151177,METHOD_PARAMETER_IN,,p1,,,BY_VALUE,2,false,,p1,,,1,,ANY
111669151178,METHOD_PARAMETER_IN,,p2,,,BY_VALUE,3,false,,p2,,,2,,ANY
111669151179,METHOD_PARAMETER_IN,,p3,,,BY_VALUE,4,false,,p3,,,3,,ANY
111669151180,METHOD_PARAMETER_IN,,p0,,,BY_VALUE,1,false,,p0,,,0,,ANY
111669151181,METHOD_PARAMETER_IN,,p1,,,BY_VALUE,2,false,,p1,,,1,,ANY
111669151182,METHOD_PARAMETER_IN,,p2,,,BY_VALUE,3,false,,p2,,,2,,ANY
111669151183,METHOD_PARAMETER_IN,,p3,,,BY_VALUE,4,false,,p3,,,3,,ANY
111669151184,METHOD_PARAMETER_IN,,p0,,,BY_VALUE,1,false,,p0,,,0,,ANY
111669151185,METHOD_PARAMETER_IN,,p1,,,BY_VALUE,2,false,,p1,,,1,,ANY
111669151186,METHOD_PARAMETER_IN,,p2,,,BY_VALUE,3,false,,p2,,,2,,ANY
111669151187,METHOD_PARAMETER_IN,,p0,,,BY_VALUE,1,false,,p0,,,0,,ANY
111669151188,METHOD_PARAMETER_IN,,p1,,,BY_VALUE,2,false,,p1,,,1,,ANY
111669151189,METHOD_PARAMETER_IN,,p0,,,BY_VALUE,1,false,,p0,,,0,,ANY
111669151190,METHOD_PARAMETER_IN,,p1,,,BY_VALUE,2,false,,p1,,,1,,ANY
111669151191,METHOD_PARAMETER_IN,,p2,,,BY_VALUE,3,false,,p2,,,2,,ANY
111669151192,METHOD_PARAMETER_IN,,p0,,,BY_VALUE,1,false,,p0,,,0,,ANY
111669151193,METHOD_PARAMETER_IN,,p1,,,BY_VALUE,2,false,,p1,,,1,,ANY
111669151194,METHOD_PARAMETER_IN,,p2,,,BY_VALUE,3,false,,p2,,,2,,ANY
111669151195,METHOD_PARAMETER_IN,,p0,,,BY_VALUE,1,false,,p0,,,0,,ANY
111669151196,METHOD_PARAMETER_IN,,p1,,,BY_VALUE,2,false,,p1,,,1,,ANY
111669151197,METHOD_PARAMETER_IN,,p2,,,BY_VALUE,3,false,,p2,,,2,,ANY
111669151198,METHOD_PARAMETER_IN,,p0,,,BY_VALUE,1,false,,p0,,,0,,ANY
111669151199,METHOD_PARAMETER_IN,,p1,,,BY_VALUE,2,false,,p1,,,1,,ANY
111669151200,METHOD_PARAMETER_IN,,p2,,,BY_VALUE,3,false,,p2,,,2,,ANY
111669151201,METHOD_PARAMETER_IN,,p0,,,BY_VALUE,1,false,,p0,,,0,,ANY
111669151202,METHOD_PARAMETER_IN,,p1,,,BY_VALUE,2,false,,p1,,,1,,ANY
111669151203,METHOD_PARAMETER_IN,,p2,,,BY_VALUE,3,false,,p2,,,2,,ANY
111669151204,METHOD_PARAMETER_IN,,p0,,,BY_VALUE,1,false,,p0,,,0,,ANY
111669151205,METHOD_PARAMETER_IN,,p1,,,BY_VALUE,2,false,,p1,,,1,,ANY
111669151206,METHOD_PARAMETER_IN,,p2,,,BY_VALUE,3,false,,p2,,,2,,ANY
111669151207,METHOD_PARAMETER_IN,,p0,,,BY_VALUE,1,false,,p0,,,0,,ANY
111669151208,METHOD_PARAMETER_IN,,p1,,,BY_VALUE,2,false,,p1,,,1,,ANY
111669151209,METHOD_PARAMETER_IN,,p2,,,BY_VALUE,3,false,,p2,,,2,,ANY
111669151210,METHOD_PARAMETER_IN,,p3,,,BY_VALUE,4,false,,p3,,,3,,ANY
111669151211,METHOD_PARAMETER_IN,,p0,,,BY_VALUE,1,false,,p0,,,0,,ANY
111669151212,METHOD_PARAMETER_IN,,p1,,,BY_VALUE,2,false,,p1,,,1,,ANY
111669151213,METHOD_PARAMETER_IN,,p2,,,BY_VALUE,3,false,,p2,,,2,,ANY
111669151214,METHOD_PARAMETER_IN,,p3,,,BY_VALUE,4,false,,p3,,,3,,ANY
111669151215,METHOD_PARAMETER_IN,,p0,,,BY_VALUE,1,false,,p0,,,0,,ANY
111669151216,METHOD_PARAMETER_IN,,p1,,,BY_VALUE,2,false,,p1,,,1,,ANY
111669151217,METHOD_PARAMETER_IN,,p2,,,BY_VALUE,3,false,,p2,,,2,,ANY
111669151218,METHOD_PARAMETER_IN,,p3,,,BY_VALUE,4,false,,p3,,,3,,ANY
111669151219,METHOD_PARAMETER_IN,,p0,,,BY_VALUE,1,false,,p0,,,0,,ANY
111669151220,METHOD_PARAMETER_IN,,p1,,,BY_VALUE,2,false,,p1,,,1,,ANY
111669151221,METHOD_PARAMETER_IN,,p2,,,BY_VALUE,3,false,,p2,,,2,,ANY
111669151222,METHOD_PARAMETER_IN,,p0,,,BY_VALUE,1,false,,p0,,,0,,ANY
111669151223,METHOD_PARAMETER_IN,,p1,,,BY_VALUE,2,false,,p1,,,1,,ANY
111669151224,METHOD_PARAMETER_IN,,p2,,,BY_VALUE,3,false,,p2,,,2,,ANY
111669151225,METHOD_PARAMETER_IN,,p0,,,BY_VALUE,1,false,,p0,,,0,,ANY
111669151226,METHOD_PARAMETER_IN,,p1,,,BY_VALUE,2,false,,p1,,,1,,ANY
111669151227,METHOD_PARAMETER_IN,,p0,,,BY_VALUE,1,false,,p0,,,0,,ANY
111669151228,METHOD_PARAMETER_IN,,p1,,,BY_VALUE,2,false,,p1,,,1,,ANY
111669151229,METHOD_PARAMETER_IN,,p2,,,BY_VALUE,3,false,,p2,,,2,,ANY
111669151230,METHOD_PARAMETER_IN,,p3,,,BY_VALUE,4,false,,p3,,,3,,ANY
111669151231,METHOD_PARAMETER_IN,,p0,,,BY_VALUE,1,false,,p0,,,0,,ANY
111669151232,METHOD_PARAMETER_IN,,p1,,,BY_VALUE,2,false,,p1,,,1,,ANY
111669151233,METHOD_PARAMETER_IN,,p2,,,BY_VALUE,3,false,,p2,,,2,,ANY
111669151234,METHOD_PARAMETER_IN,,p3,,,BY_VALUE,4,false,,p3,,,3,,ANY
111669151235,METHOD_PARAMETER_IN,,p0,,,BY_VALUE,1,false,,p0,,,0,,ANY
111669151236,METHOD_PARAMETER_IN,,p1,,,BY_VALUE,2,false,,p1,,,1,,ANY
111669151237,METHOD_PARAMETER_IN,,p2,,,BY_VALUE,3,false,,p2,,,2,,ANY
111669151238,METHOD_PARAMETER_IN,,p3,,,BY_VALUE,4,false,,p3,,,3,,ANY
111669151239,METHOD_PARAMETER_IN,,p0,,,BY_VALUE,1,false,,p0,,,0,,ANY
111669151240,METHOD_PARAMETER_IN,,p1,,,BY_VALUE,2,false,,p1,,,1,,ANY
111669151241,METHOD_PARAMETER_IN,,p2,,,BY_VALUE,3,false,,p2,,,2,,ANY
111669151242,METHOD_PARAMETER_IN,,p3,,,BY_VALUE,4,false,,p3,,,3,,ANY
111669151243,METHOD_PARAMETER_IN,,p0,,,BY_VALUE,1,false,,p0,,,0,,ANY
111669151244,METHOD_PARAMETER_IN,,p1,,,BY_VALUE,2,false,,p1,,,1,,ANY
111669151245,METHOD_PARAMETER_IN,,p2,,,BY_VALUE,3,false,,p2,,,2,,ANY
111669151246,METHOD_PARAMETER_IN,,p3,,,BY_VALUE,4,false,,p3,,,3,,ANY
111669151247,METHOD_PARAMETER_IN,,p0,,,BY_VALUE,1,false,,p0,,,0,,ANY
111669151248,METHOD_PARAMETER_IN,,p1,,,BY_VALUE,2,false,,p1,,,1,,ANY
111669151249,METHOD_PARAMETER_IN,,p2,,,BY_VALUE,3,false,,p2,,,2,,ANY
111669151250,METHOD_PARAMETER_IN,,p3,,,BY_VALUE,4,false,,p3,,,3,,ANY
111669151251,METHOD_PARAMETER_IN,,p0,,,BY_VALUE,1,false,,p0,,,0,,ANY
111669151252,METHOD_PARAMETER_IN,,p1,,,BY_VALUE,2,false,,p1,,,1,,ANY
111669151253,METHOD_PARAMETER_IN,,p2,,,BY_VALUE,3,false,,p2,,,2,,ANY
111669151254,METHOD_PARAMETER_IN,,p3,,,BY_VALUE,4,false,,p3,,,3,,ANY
111669151255,METHOD_PARAMETER_IN,,p0,,,BY_VALUE,1,false,,p0,,,0,,ANY
111669151256,METHOD_PARAMETER_IN,,p1,,,BY_VALUE,2,false,,p1,,,1,,ANY
111669151257,METHOD_PARAMETER_IN,,p2,,,BY_VALUE,3,false,,p2,,,2,,ANY
111669151258,METHOD_PARAMETER_IN,,p3,,,BY_VALUE,4,false,,p3,,,3,,ANY
111669151259,METHOD_PARAMETER_IN,,p0,,,BY_VALUE,1,false,,p0,,,0,,ANY
111669151260,METHOD_PARAMETER_IN,,p1,,,BY_VALUE,2,false,,p1,,,1,,ANY
111669151261,METHOD_PARAMETER_IN,,p2,,,BY_VALUE,3,false,,p2,,,2,,ANY
111669151262,METHOD_PARAMETER_IN,,p3,,,BY_VALUE,4,false,,p3,,,3,,ANY
111669151263,METHOD_PARAMETER_IN,,p0,,,BY_VALUE,1,false,,p0,,,0,,ANY
111669151264,METHOD_PARAMETER_IN,,p1,,,BY_VALUE,2,false,,p1,,,1,,ANY
111669151265,METHOD_PARAMETER_IN,,p2,,,BY_VALUE,3,false,,p2,,,2,,ANY
111669151266,METHOD_PARAMETER_IN,,p0,,,BY_VALUE,1,false,,p0,,,0,,ANY
111669151267,METHOD_PARAMETER_IN,,p1,,,BY_VALUE,2,false,,p1,,,1,,ANY
111669151268,METHOD_PARAMETER_IN,,p2,,,BY_VALUE,3,false,,p2,,,2,,ANY
111669151269,METHOD_PARAMETER_IN,,p0,,,BY_VALUE,1,false,,p0,,,0,,ANY
111669151270,METHOD_PARAMETER_IN,,p1,,,BY_VALUE,2,false,,p1,,,1,,ANY
111669151271,METHOD_PARAMETER_IN,,p0,,,BY_VALUE,1,false,,p0,,,0,,ANY
111669151272,METHOD_PARAMETER_IN,,p1,,,BY_VALUE,2,false,,p1,,,1,,ANY
111669151273,METHOD_PARAMETER_IN,,p0,,,BY_VALUE,1,false,,p0,,,0,,ANY
111669151274,METHOD_PARAMETER_IN,,p1,,,BY_VALUE,2,false,,p1,,,1,,ANY
111669151275,METHOD_PARAMETER_IN,,p2,,,BY_VALUE,3,false,,p2,,,2,,ANY
111669151276,METHOD_PARAMETER_IN,,p0,,,BY_VALUE,1,false,,p0,,,0,,ANY
111669151277,METHOD_PARAMETER_IN,,p1,,,BY_VALUE,2,false,,p1,,,1,,ANY
111669151278,METHOD_PARAMETER_IN,,p2,,,BY_VALUE,3,false,,p2,,,2,,ANY
111669151279,METHOD_PARAMETER_IN,,p0,,,BY_VALUE,1,false,,p0,,,0,,ANY
111669151280,METHOD_PARAMETER_IN,,p1,,,BY_VALUE,2,false,,p1,,,1,,ANY
111669151281,METHOD_PARAMETER_IN,,p2,,,BY_VALUE,3,false,,p2,,,2,,ANY
111669151282,METHOD_PARAMETER_IN,,p3,,,BY_VALUE,4,false,,p3,,,3,,ANY
111669151283,METHOD_PARAMETER_IN,,p0,,,BY_VALUE,1,false,,p0,,,0,,ANY
111669151284,METHOD_PARAMETER_IN,,p1,,,BY_VALUE,2,false,,p1,,,1,,ANY
111669151285,METHOD_PARAMETER_IN,,p2,,,BY_VALUE,3,false,,p2,,,2,,ANY
111669151286,METHOD_PARAMETER_IN,,p3,,,BY_VALUE,4,false,,p3,,,3,,ANY
111669151287,METHOD_PARAMETER_IN,,p0,,,BY_VALUE,1,false,,p0,,,0,,ANY
111669151288,METHOD_PARAMETER_IN,,p1,,,BY_VALUE,2,false,,p1,,,1,,ANY
111669151289,METHOD_PARAMETER_IN,,p2,,,BY_VALUE,3,false,,p2,,,2,,ANY
111669151290,METHOD_PARAMETER_IN,,p3,,,BY_VALUE,4,false,,p3,,,3,,ANY
111669151291,METHOD_PARAMETER_IN,,p0,,,BY_VALUE,1,false,,p0,,,0,,ANY
111669151292,METHOD_PARAMETER_IN,,p1,,,BY_VALUE,2,false,,p1,,,1,,ANY
111669151293,METHOD_PARAMETER_IN,,p2,,,BY_VALUE,3,false,,p2,,,2,,ANY
111669151294,METHOD_PARAMETER_IN,,p3,,,BY_VALUE,4,false,,p3,,,3,,ANY
111669151295,METHOD_PARAMETER_IN,,p0,,,BY_VALUE,1,false,,p0,,,0,,ANY
111669151296,METHOD_PARAMETER_IN,,p1,,,BY_VALUE,2,false,,p1,,,1,,ANY
111669151297,METHOD_PARAMETER_IN,,p2,,,BY_VALUE,3,false,,p2,,,2,,ANY
111669151298,METHOD_PARAMETER_IN,,p3,,,BY_VALUE,4,false,,p3,,,3,,ANY
111669151299,METHOD_PARAMETER_IN,,p0,,,BY_VALUE,1,false,,p0,,,0,,ANY
111669151300,METHOD_PARAMETER_IN,,p1,,,BY_VALUE,2,false,,p1,,,1,,ANY
111669151301,METHOD_PARAMETER_IN,,p2,,,BY_VALUE,3,false,,p2,,,2,,ANY
111669151302,METHOD_PARAMETER_IN,,p3,,,BY_VALUE,4,false,,p3,,,3,,ANY
111669151303,METHOD_PARAMETER_IN,,p0,,,BY_VALUE,1,false,,p0,,,0,,ANY
111669151304,METHOD_PARAMETER_IN,,p1,,,BY_VALUE,2,false,,p1,,,1,,ANY
111669151305,METHOD_PARAMETER_IN,,p2,,,BY_VALUE,3,false,,p2,,,2,,ANY
111669151306,METHOD_PARAMETER_IN,,p0,,,BY_VALUE,1,false,,p0,,,0,,ANY
111669151307,METHOD_PARAMETER_IN,,p1,,,BY_VALUE,2,false,,p1,,,1,,ANY
111669151308,METHOD_PARAMETER_IN,,p2,,,BY_VALUE,3,false,,p2,,,2,,ANY
111669151309,METHOD_PARAMETER_IN,,p0,,,BY_VALUE,1,false,,p0,,,0,,ANY
111669151310,METHOD_PARAMETER_IN,,p1,,,BY_VALUE,2,false,,p1,,,1,,ANY
111669151311,METHOD_PARAMETER_IN,,p2,,,BY_VALUE,3,false,,p2,,,2,,ANY
111669151312,METHOD_PARAMETER_IN,,p3,,,BY_VALUE,4,false,,p3,,,3,,ANY
111669151313,METHOD_PARAMETER_IN,,p4,,,BY_VALUE,5,false,,p4,,,4,,ANY
111669151314,METHOD_PARAMETER_IN,,p0,,,BY_VALUE,1,false,,p0,,,0,,ANY
111669151315,METHOD_PARAMETER_IN,,p1,,,BY_VALUE,2,false,,p1,,,1,,ANY
111669151316,METHOD_PARAMETER_IN,,p2,,,BY_VALUE,3,false,,p2,,,2,,ANY
111669151317,METHOD_PARAMETER_IN,,p0,,,BY_VALUE,1,false,,p0,,,0,,ANY
111669151318,METHOD_PARAMETER_IN,,p1,,,BY_VALUE,2,false,,p1,,,1,,ANY
111669151319,METHOD_PARAMETER_IN,,p2,,,BY_VALUE,3,false,,p2,,,2,,ANY
111669151320,METHOD_PARAMETER_IN,,p0,,,BY_VALUE,1,false,,p0,,,0,,ANY
111669151321,METHOD_PARAMETER_IN,,p1,,,BY_VALUE,2,false,,p1,,,1,,ANY
111669151322,METHOD_PARAMETER_IN,,p2,,,BY_VALUE,3,false,,p2,,,2,,ANY
111669151323,METHOD_PARAMETER_IN,,p3,,,BY_VALUE,4,false,,p3,,,3,,ANY
111669151324,METHOD_PARAMETER_IN,,p0,,,BY_VALUE,1,false,,p0,,,0,,ANY
111669151325,METHOD_PARAMETER_IN,,p1,,,BY_VALUE,2,false,,p1,,,1,,ANY
111669151326,METHOD_PARAMETER_IN,,p2,,,BY_VALUE,3,false,,p2,,,2,,ANY
111669151327,METHOD_PARAMETER_IN,,p0,,,BY_VALUE,1,false,,p0,,,0,,ANY
111669151328,METHOD_PARAMETER_IN,,p1,,,BY_VALUE,2,false,,p1,,,1,,ANY
111669151329,METHOD_PARAMETER_IN,,p2,,,BY_VALUE,3,false,,p2,,,2,,ANY
111669151330,METHOD_PARAMETER_IN,,p0,,,BY_VALUE,1,false,,p0,,,0,,ANY
111669151331,METHOD_PARAMETER_IN,,p1,,,BY_VALUE,2,false,,p1,,,1,,ANY
111669151332,METHOD_PARAMETER_IN,,p2,,,BY_VALUE,3,false,,p2,,,2,,ANY
111669151333,METHOD_PARAMETER_IN,,p0,,,BY_VALUE,1,false,,p0,,,0,,ANY
111669151334,METHOD_PARAMETER_IN,,p1,,,BY_VALUE,2,false,,p1,,,1,,ANY
111669151335,METHOD_PARAMETER_IN,,p2,,,BY_VALUE,3,false,,p2,,,2,,ANY
111669151336,METHOD_PARAMETER_IN,,p0,,,BY_VALUE,1,false,,p0,,,0,,ANY
111669151337,METHOD_PARAMETER_IN,,p1,,,BY_VALUE,2,false,,p1,,,1,,ANY
111669151338,METHOD_PARAMETER_IN,,p2,,,BY_VALUE,3,false,,p2,,,2,,ANY
111669151339,METHOD_PARAMETER_IN,,p0,,,BY_VALUE,1,false,,p0,,,0,,ANY
111669151340,METHOD_PARAMETER_IN,,p1,,,BY_VALUE,2,false,,p1,,,1,,ANY
111669151341,METHOD_PARAMETER_IN,,p2,,,BY_VALUE,3,false,,p2,,,2,,ANY
111669151342,METHOD_PARAMETER_IN,,p0,,,BY_VALUE,1,false,,p0,,,0,,ANY
111669151343,METHOD_PARAMETER_IN,,p1,,,BY_VALUE,2,false,,p1,,,1,,ANY
111669151344,METHOD_PARAMETER_IN,,p2,,,BY_VALUE,3,false,,p2,,,2,,ANY
111669151345,METHOD_PARAMETER_IN,,p0,,,BY_VALUE,1,false,,p0,,,0,,ANY
111669151346,METHOD_PARAMETER_IN,,p1,,,BY_VALUE,2,false,,p1,,,1,,ANY
111669151347,METHOD_PARAMETER_IN,,p0,,,BY_VALUE,1,false,,p0,,,0,,ANY
111669151348,METHOD_PARAMETER_IN,,p1,,,BY_VALUE,2,false,,p1,,,1,,ANY
111669151349,METHOD_PARAMETER_IN,,p2,,,BY_VALUE,3,false,,p2,,,2,,ANY
111669151350,METHOD_PARAMETER_IN,,p0,,,BY_VALUE,1,false,,p0,,,0,,ANY
111669151351,METHOD_PARAMETER_IN,,p1,,,BY_VALUE,2,false,,p1,,,1,,ANY
111669151352,METHOD_PARAMETER_IN,,p2,,,BY_VALUE,3,false,,p2,,,2,,ANY
111669151353,METHOD_PARAMETER_IN,,p3,,,BY_VALUE,4,false,,p3,,,3,,ANY
111669151354,METHOD_PARAMETER_IN,,p0,,,BY_VALUE,1,false,,p0,,,0,,ANY
111669151355,METHOD_PARAMETER_IN,,p1,,,BY_VALUE,2,false,,p1,,,1,,ANY
111669151356,METHOD_PARAMETER_IN,,p2,,,BY_VALUE,3,false,,p2,,,2,,ANY
111669151357,METHOD_PARAMETER_IN,,p0,,,BY_VALUE,1,false,,p0,,,0,,ANY
111669151358,METHOD_PARAMETER_IN,,p1,,,BY_VALUE,2,false,,p1,,,1,,ANY
111669151359,METHOD_PARAMETER_IN,,p2,,,BY_VALUE,3,false,,p2,,,2,,ANY
111669151360,METHOD_PARAMETER_IN,,p3,,,BY_VALUE,4,false,,p3,,,3,,ANY
111669151361,METHOD_PARAMETER_IN,,p0,,,BY_VALUE,1,false,,p0,,,0,,ANY
111669151362,METHOD_PARAMETER_IN,,p1,,,BY_VALUE,2,false,,p1,,,1,,ANY
111669151363,METHOD_PARAMETER_IN,,p2,,,BY_VALUE,3,false,,p2,,,2,,ANY
111669151364,METHOD_PARAMETER_IN,,p0,,,BY_VALUE,1,false,,p0,,,0,,ANY
111669151365,METHOD_PARAMETER_IN,,p1,,,BY_VALUE,2,false,,p1,,,1,,ANY
111669151366,METHOD_PARAMETER_IN,,p2,,,BY_VALUE,3,false,,p2,,,2,,ANY
111669151367,METHOD_PARAMETER_IN,,p0,,,BY_VALUE,1,false,,p0,,,0,,ANY
111669151368,METHOD_PARAMETER_IN,,p1,,,BY_VALUE,2,false,,p1,,,1,,ANY
111669151369,METHOD_PARAMETER_IN,,p2,,,BY_VALUE,3,false,,p2,,,2,,ANY
111669151370,METHOD_PARAMETER_IN,,p0,,,BY_VALUE,1,false,,p0,,,0,,ANY
111669151371,METHOD_PARAMETER_IN,,p1,,,BY_VALUE,2,false,,p1,,,1,,ANY
111669151372,METHOD_PARAMETER_IN,,p2,,,BY_VALUE,3,false,,p2,,,2,,ANY
111669151373,METHOD_PARAMETER_IN,,p0,,,BY_VALUE,1,false,,p0,,,0,,ANY
111669151374,METHOD_PARAMETER_IN,,p1,,,BY_VALUE,2,false,,p1,,,1,,ANY
111669151375,METHOD_PARAMETER_IN,,p2,,,BY_VALUE,3,false,,p2,,,2,,ANY
111669151376,METHOD_PARAMETER_IN,,p3,,,BY_VALUE,4,false,,p3,,,3,,ANY
111669151377,METHOD_PARAMETER_IN,,p0,,,BY_VALUE,1,false,,p0,,,0,,ANY
111669151378,METHOD_PARAMETER_IN,,p1,,,BY_VALUE,2,false,,p1,,,1,,ANY
111669151379,METHOD_PARAMETER_IN,,p2,,,BY_VALUE,3,false,,p2,,,2,,ANY
111669151380,METHOD_PARAMETER_IN,,p0,,,BY_VALUE,1,false,,p0,,,0,,ANY
111669151381,METHOD_PARAMETER_IN,,p1,,,BY_VALUE,2,false,,p1,,,1,,ANY
111669151382,METHOD_PARAMETER_IN,,p2,,,BY_VALUE,3,false,,p2,,,2,,ANY
111669151383,METHOD_PARAMETER_IN,,p0,,,BY_VALUE,1,false,,p0,,,0,,ANY
111669151384,METHOD_PARAMETER_IN,,p1,,,BY_VALUE,2,false,,p1,,,1,,ANY
111669151385,METHOD_PARAMETER_IN,,p2,,,BY_VALUE,3,false,,p2,,,2,,ANY
111669151386,METHOD_PARAMETER_IN,,p0,,,BY_VALUE,1,false,,p0,,,0,,ANY
111669151387,METHOD_PARAMETER_IN,,p1,,,BY_VALUE,2,false,,p1,,,1,,ANY
111669151388,METHOD_PARAMETER_IN,,p2,,,BY_VALUE,3,false,,p2,,,2,,ANY
111669151389,METHOD_PARAMETER_IN,,p3,,,BY_VALUE,4,false,,p3,,,3,,ANY
111669151390,METHOD_PARAMETER_IN,,p0,,,BY_VALUE,1,false,,p0,,,0,,ANY
111669151391,METHOD_PARAMETER_IN,,p1,,,BY_VALUE,2,false,,p1,,,1,,ANY
111669151392,METHOD_PARAMETER_IN,,p2,,,BY_VALUE,3,false,,p2,,,2,,ANY
111669151393,METHOD_PARAMETER_IN,,p0,,,BY_VALUE,1,false,,p0,,,0,,ANY
111669151394,METHOD_PARAMETER_IN,,p1,,,BY_VALUE,2,false,,p1,,,1,,ANY
111669151395,METHOD_PARAMETER_IN,,p2,,,BY_VALUE,3,false,,p2,,,2,,ANY
111669151396,METHOD_PARAMETER_IN,,p3,,,BY_VALUE,4,false,,p3,,,3,,ANY
111669151397,METHOD_PARAMETER_IN,,p0,,,BY_VALUE,1,false,,p0,,,0,,ANY
111669151398,METHOD_PARAMETER_IN,,p1,,,BY_VALUE,2,false,,p1,,,1,,ANY
111669151399,METHOD_PARAMETER_IN,,p2,,,BY_VALUE,3,false,,p2,,,2,,ANY
111669151400,METHOD_PARAMETER_IN,,p3,,,BY_VALUE,4,false,,p3,,,3,,ANY
111669151401,METHOD_PARAMETER_IN,,p0,,,BY_VALUE,1,false,,p0,,,0,,ANY
111669151402,METHOD_PARAMETER_IN,,p1,,,BY_VALUE,2,false,,p1,,,1,,ANY
111669151403,METHOD_PARAMETER_IN,,p2,,,BY_VALUE,3,false,,p2,,,2,,ANY
111669151404,METHOD_PARAMETER_IN,,p3,,,BY_VALUE,4,false,,p3,,,3,,ANY
111669151405,METHOD_PARAMETER_IN,,p0,,,BY_VALUE,1,false,,p0,,,0,,ANY
111669151406,METHOD_PARAMETER_IN,,p1,,,BY_VALUE,2,false,,p1,,,1,,ANY
111669151407,METHOD_PARAMETER_IN,,p2,,,BY_VALUE,3,false,,p2,,,2,,ANY
111669151408,METHOD_PARAMETER_IN,,p3,,,BY_VALUE,4,false,,p3,,,3,,ANY
111669151409,METHOD_PARAMETER_IN,,p0,,,BY_VALUE,1,false,,p0,,,0,,ANY
111669151410,METHOD_PARAMETER_IN,,p1,,,BY_VALUE,2,false,,p1,,,1,,ANY
111669151411,METHOD_PARAMETER_IN,,p2,,,BY_VALUE,3,false,,p2,,,2,,ANY
111669151412,METHOD_PARAMETER_IN,,p0,,,BY_VALUE,1,false,,p0,,,0,,ANY
111669151413,METHOD_PARAMETER_IN,,p1,,,BY_VALUE,2,false,,p1,,,1,,ANY
111669151414,METHOD_PARAMETER_IN,,p2,,,BY_VALUE,3,false,,p2,,,2,,ANY
111669151415,METHOD_PARAMETER_IN,,p0,,,BY_VALUE,1,false,,p0,,,0,,ANY
111669151416,METHOD_PARAMETER_IN,,p1,,,BY_VALUE,2,false,,p1,,,1,,ANY
111669151417,METHOD_PARAMETER_IN,,p2,,,BY_VALUE,3,false,,p2,,,2,,ANY
111669151418,METHOD_PARAMETER_IN,,p3,,,BY_VALUE,4,false,,p3,,,3,,ANY
111669151419,METHOD_PARAMETER_IN,,p0,,,BY_VALUE,1,false,,p0,,,0,,ANY
111669151420,METHOD_PARAMETER_IN,,p1,,,BY_VALUE,2,false,,p1,,,1,,ANY
111669151421,METHOD_PARAMETER_IN,,p2,,,BY_VALUE,3,false,,p2,,,2,,ANY
111669151422,METHOD_PARAMETER_IN,,p3,,,BY_VALUE,4,false,,p3,,,3,,ANY
111669151423,METHOD_PARAMETER_IN,,p0,,,BY_VALUE,1,false,,p0,,,0,,ANY
111669151424,METHOD_PARAMETER_IN,,p1,,,BY_VALUE,2,false,,p1,,,1,,ANY
111669151425,METHOD_PARAMETER_IN,,p2,,,BY_VALUE,3,false,,p2,,,2,,ANY
111669151426,METHOD_PARAMETER_IN,,p0,,,BY_VALUE,1,false,,p0,,,0,,ANY
111669151427,METHOD_PARAMETER_IN,,p1,,,BY_VALUE,2,false,,p1,,,1,,ANY
111669151428,METHOD_PARAMETER_IN,,p2,,,BY_VALUE,3,false,,p2,,,2,,ANY
111669151429,METHOD_PARAMETER_IN,,p3,,,BY_VALUE,4,false,,p3,,,3,,ANY
111669151430,METHOD_PARAMETER_IN,,p0,,,BY_VALUE,1,false,,p0,,,0,,ANY
111669151431,METHOD_PARAMETER_IN,,p1,,,BY_VALUE,2,false,,p1,,,1,,ANY
111669151432,METHOD_PARAMETER_IN,,p0,,,BY_VALUE,1,false,,p0,,,0,,ANY
111669151433,METHOD_PARAMETER_IN,,p1,,,BY_VALUE,2,false,,p1,,,1,,ANY
111669151434,METHOD_PARAMETER_IN,,p2,,,BY_VALUE,3,false,,p2,,,2,,ANY
111669151435,METHOD_PARAMETER_IN,,p0,,,BY_VALUE,1,false,,p0,,,0,,ANY
111669151436,METHOD_PARAMETER_IN,,p1,,,BY_VALUE,2,false,,p1,,,1,,ANY
111669151437,METHOD_PARAMETER_IN,,p2,,,BY_VALUE,3,false,,p2,,,2,,ANY
111669151438,METHOD_PARAMETER_IN,,p3,,,BY_VALUE,4,false,,p3,,,3,,ANY
111669151439,METHOD_PARAMETER_IN,,p0,,,BY_VALUE,1,false,,p0,,,0,,ANY
111669151440,METHOD_PARAMETER_IN,,p1,,,BY_VALUE,2,false,,p1,,,1,,ANY
111669151441,METHOD_PARAMETER_IN,,p2,,,BY_VALUE,3,false,,p2,,,2,,ANY
111669151442,METHOD_PARAMETER_IN,,p0,,,BY_VALUE,1,false,,p0,,,0,,ANY
111669151443,METHOD_PARAMETER_IN,,p1,,,BY_VALUE,2,false,,p1,,,1,,ANY
111669151444,METHOD_PARAMETER_IN,,p2,,,BY_VALUE,3,false,,p2,,,2,,ANY
111669151445,METHOD_PARAMETER_IN,,p0,,,BY_VALUE,1,false,,p0,,,0,,ANY
111669151446,METHOD_PARAMETER_IN,,p1,,,BY_VALUE,2,false,,p1,,,1,,ANY
111669151447,METHOD_PARAMETER_IN,,p2,,,BY_VALUE,3,false,,p2,,,2,,ANY
111669151448,METHOD_PARAMETER_IN,,p0,,,BY_VALUE,1,false,,p0,,,0,,ANY
111669151449,METHOD_PARAMETER_IN,,p1,,,BY_VALUE,2,false,,p1,,,1,,ANY
111669151450,METHOD_PARAMETER_IN,,p2,,,BY_VALUE,3,false,,p2,,,2,,ANY
111669151451,METHOD_PARAMETER_IN,,p3,,,BY_VALUE,4,false,,p3,,,3,,ANY
111669151452,METHOD_PARAMETER_IN,,p0,,,BY_VALUE,1,false,,p0,,,0,,ANY
111669151453,METHOD_PARAMETER_IN,,p1,,,BY_VALUE,2,false,,p1,,,1,,ANY
111669151454,METHOD_PARAMETER_IN,,p2,,,BY_VALUE,3,false,,p2,,,2,,ANY
111669151455,METHOD_PARAMETER_IN,,p0,,,BY_VALUE,1,false,,p0,,,0,,ANY
111669151456,METHOD_PARAMETER_IN,,p1,,,BY_VALUE,2,false,,p1,,,1,,ANY
111669151457,METHOD_PARAMETER_IN,,p2,,,BY_VALUE,3,false,,p2,,,2,,ANY
111669151458,METHOD_PARAMETER_IN,,p0,,,BY_VALUE,1,false,,p0,,,0,,ANY
111669151459,METHOD_PARAMETER_IN,,p1,,,BY_VALUE,2,false,,p1,,,1,,ANY
111669151460,METHOD_PARAMETER_IN,,p2,,,BY_VALUE,3,false,,p2,,,2,,ANY
111669151461,METHOD_PARAMETER_IN,,p0,,,BY_VALUE,1,false,,p0,,,0,,ANY
111669151462,METHOD_PARAMETER_IN,,p1,,,BY_VALUE,2,false,,p1,,,1,,ANY
111669151463,METHOD_PARAMETER_IN,,p2,,,BY_VALUE,3,false,,p2,,,2,,ANY
111669151464,METHOD_PARAMETER_IN,,p3,,,BY_VALUE,4,false,,p3,,,3,,ANY
111669151465,METHOD_PARAMETER_IN,,p0,,,BY_VALUE,1,false,,p0,,,0,,ANY
111669151466,METHOD_PARAMETER_IN,,p1,,,BY_VALUE,2,false,,p1,,,1,,ANY
111669151467,METHOD_PARAMETER_IN,,p0,,,BY_VALUE,1,false,,p0,,,0,,ANY
111669151468,METHOD_PARAMETER_IN,,p1,,,BY_VALUE,2,false,,p1,,,1,,ANY
111669151469,METHOD_PARAMETER_IN,,p0,,,BY_VALUE,1,false,,p0,,,0,,ANY
111669151470,METHOD_PARAMETER_IN,,p1,,,BY_VALUE,2,false,,p1,,,1,,ANY
111669151471,METHOD_PARAMETER_IN,,p2,,,BY_VALUE,3,false,,p2,,,2,,ANY
111669151472,METHOD_PARAMETER_IN,,p0,,,BY_VALUE,1,false,,p0,,,0,,ANY
111669151473,METHOD_PARAMETER_IN,,p1,,,BY_VALUE,2,false,,p1,,,1,,ANY
111669151474,METHOD_PARAMETER_IN,,p2,,,BY_VALUE,3,false,,p2,,,2,,ANY
111669151475,METHOD_PARAMETER_IN,,p0,,,BY_VALUE,1,false,,p0,,,0,,ANY
111669151476,METHOD_PARAMETER_IN,,p1,,,BY_VALUE,2,false,,p1,,,1,,ANY
111669151477,METHOD_PARAMETER_IN,,p2,,,BY_VALUE,3,false,,p2,,,2,,ANY
111669151478,METHOD_PARAMETER_IN,,p0,,,BY_VALUE,1,false,,p0,,,0,,ANY
111669151479,METHOD_PARAMETER_IN,,p1,,,BY_VALUE,2,false,,p1,,,1,,ANY
111669151480,METHOD_PARAMETER_IN,,p2,,,BY_VALUE,3,false,,p2,,,2,,ANY
111669151481,METHOD_PARAMETER_IN,,p0,,,BY_VALUE,1,false,,p0,,,0,,ANY
111669151482,METHOD_PARAMETER_IN,,p1,,,BY_VALUE,2,false,,p1,,,1,,ANY
111669151483,METHOD_PARAMETER_IN,,p2,,,BY_VALUE,3,false,,p2,,,2,,ANY
111669151484,METHOD_PARAMETER_IN,,p0,,,BY_VALUE,1,false,,p0,,,0,,ANY
111669151485,METHOD_PARAMETER_IN,,p1,,,BY_VALUE,2,false,,p1,,,1,,ANY
111669151486,METHOD_PARAMETER_IN,,p0,,,BY_VALUE,1,false,,p0,,,0,,ANY
111669151487,METHOD_PARAMETER_IN,,p1,,,BY_VALUE,2,false,,p1,,,1,,ANY
111669151488,METHOD_PARAMETER_IN,,p0,,,BY_VALUE,1,false,,p0,,,0,,ANY
111669151489,METHOD_PARAMETER_IN,,p1,,,BY_VALUE,2,false,,p1,,,1,,ANY
111669151490,METHOD_PARAMETER_IN,,p0,,,BY_VALUE,1,false,,p0,,,0,,ANY
111669151491,METHOD_PARAMETER_IN,,p1,,,BY_VALUE,2,false,,p1,,,1,,ANY
111669151492,METHOD_PARAMETER_IN,,p0,,,BY_VALUE,1,false,,p0,,,0,,ANY
111669151493,METHOD_PARAMETER_IN,,p1,,,BY_VALUE,2,false,,p1,,,1,,ANY
111669151494,METHOD_PARAMETER_IN,,p2,,,BY_VALUE,3,false,,p2,,,2,,ANY
111669151495,METHOD_PARAMETER_IN,,p3,,,BY_VALUE,4,false,,p3,,,3,,ANY
111669151496,METHOD_PARAMETER_IN,,p4,,,BY_VALUE,5,false,,p4,,,4,,ANY
111669151497,METHOD_PARAMETER_IN,,p0,,,BY_VALUE,1,false,,p0,,,0,,ANY
111669151498,METHOD_PARAMETER_IN,,p1,,,BY_VALUE,2,false,,p1,,,1,,ANY
111669151499,METHOD_PARAMETER_IN,,p2,,,BY_VALUE,3,false,,p2,,,2,,ANY
111669151500,METHOD_PARAMETER_IN,,p3,,,BY_VALUE,4,false,,p3,,,3,,ANY
111669151501,METHOD_PARAMETER_IN,,p4,,,BY_VALUE,5,false,,p4,,,4,,ANY
111669151502,METHOD_PARAMETER_IN,,p0,,,BY_VALUE,1,false,,p0,,,0,,ANY
111669151503,METHOD_PARAMETER_IN,,p1,,,BY_VALUE,2,false,,p1,,,1,,ANY
111669151504,METHOD_PARAMETER_IN,,p2,,,BY_VALUE,3,false,,p2,,,2,,ANY
111669151505,METHOD_PARAMETER_IN,,p3,,,BY_VALUE,4,false,,p3,,,3,,ANY
111669151506,METHOD_PARAMETER_IN,,p0,,,BY_VALUE,1,false,,p0,,,0,,ANY
111669151507,METHOD_PARAMETER_IN,,p1,,,BY_VALUE,2,false,,p1,,,1,,ANY
111669151508,METHOD_PARAMETER_IN,,p2,,,BY_VALUE,3,false,,p2,,,2,,ANY
111669151509,METHOD_PARAMETER_IN,,p3,,,BY_VALUE,4,false,,p3,,,3,,ANY
111669151510,METHOD_PARAMETER_IN,,p0,,,BY_VALUE,1,false,,p0,,,0,,ANY
111669151511,METHOD_PARAMETER_IN,,p1,,,BY_VALUE,2,false,,p1,,,1,,ANY
111669151512,METHOD_PARAMETER_IN,,p2,,,BY_VALUE,3,false,,p2,,,2,,ANY
111669151513,METHOD_PARAMETER_IN,,p0,,,BY_VALUE,1,false,,p0,,,0,,ANY
111669151514,METHOD_PARAMETER_IN,,p1,,,BY_VALUE,2,false,,p1,,,1,,ANY
111669151515,METHOD_PARAMETER_IN,,p2,,,BY_VALUE,3,false,,p2,,,2,,ANY
111669151516,METHOD_PARAMETER_IN,,p0,,,BY_VALUE,1,false,,p0,,,0,,ANY
111669151517,METHOD_PARAMETER_IN,,p1,,,BY_VALUE,2,false,,p1,,,1,,ANY
111669151518,METHOD_PARAMETER_IN,,p0,,,BY_VALUE,1,false,,p0,,,0,,ANY
111669151519,METHOD_PARAMETER_IN,,p1,,,BY_VALUE,2,false,,p1,,,1,,ANY
111669151520,METHOD_PARAMETER_IN,,p2,,,BY_VALUE,3,false,,p2,,,2,,ANY
111669151521,METHOD_PARAMETER_IN,,p0,,,BY_VALUE,1,false,,p0,,,0,,ANY
111669151522,METHOD_PARAMETER_IN,,p1,,,BY_VALUE,2,false,,p1,,,1,,ANY
111669151523,METHOD_PARAMETER_IN,,p0,,,BY_VALUE,1,false,,p0,,,0,,ANY
111669151524,METHOD_PARAMETER_IN,,p1,,,BY_VALUE,2,false,,p1,,,1,,ANY
111669151525,METHOD_PARAMETER_IN,,p2,,,BY_VALUE,3,false,,p2,,,2,,ANY
111669151526,METHOD_PARAMETER_IN,,p0,,,BY_VALUE,1,false,,p0,,,0,,ANY
111669151527,METHOD_PARAMETER_IN,,p1,,,BY_VALUE,2,false,,p1,,,1,,ANY
111669151528,METHOD_PARAMETER_IN,,p2,,,BY_VALUE,3,false,,p2,,,2,,ANY
111669151529,METHOD_PARAMETER_IN,,p0,,,BY_VALUE,1,false,,p0,,,0,,ANY
111669151530,METHOD_PARAMETER_IN,,p1,,,BY_VALUE,2,false,,p1,,,1,,ANY
111669151531,METHOD_PARAMETER_IN,,p2,,,BY_VALUE,3,false,,p2,,,2,,ANY
111669151532,METHOD_PARAMETER_IN,,p3,,,BY_VALUE,4,false,,p3,,,3,,ANY
111669151533,METHOD_PARAMETER_IN,,p0,,,BY_VALUE,1,false,,p0,,,0,,ANY
111669151534,METHOD_PARAMETER_IN,,p1,,,BY_VALUE,2,false,,p1,,,1,,ANY
111669151535,METHOD_PARAMETER_IN,,p2,,,BY_VALUE,3,false,,p2,,,2,,ANY
111669151536,METHOD_PARAMETER_IN,,p0,,,BY_VALUE,1,false,,p0,,,0,,ANY
111669151537,METHOD_PARAMETER_IN,,p1,,,BY_VALUE,2,false,,p1,,,1,,ANY
111669151538,METHOD_PARAMETER_IN,,p2,,,BY_VALUE,3,false,,p2,,,2,,ANY
111669151539,METHOD_PARAMETER_IN,,p0,,,BY_VALUE,1,false,,p0,,,0,,ANY
111669151540,METHOD_PARAMETER_IN,,p1,,,BY_VALUE,2,false,,p1,,,1,,ANY
111669151541,METHOD_PARAMETER_IN,,p2,,,BY_VALUE,3,false,,p2,,,2,,ANY
111669151542,METHOD_PARAMETER_IN,,p0,,,BY_VALUE,1,false,,p0,,,0,,ANY
111669151543,METHOD_PARAMETER_IN,,p1,,,BY_VALUE,2,false,,p1,,,1,,ANY
111669151544,METHOD_PARAMETER_IN,,p2,,,BY_VALUE,3,false,,p2,,,2,,ANY
111669151545,METHOD_PARAMETER_IN,,p0,,,BY_VALUE,1,false,,p0,,,0,,ANY
111669151546,METHOD_PARAMETER_IN,,p1,,,BY_VALUE,2,false,,p1,,,1,,ANY
111669151547,METHOD_PARAMETER_IN,,p2,,,BY_VALUE,3,false,,p2,,,2,,ANY
111669151548,METHOD_PARAMETER_IN,,p0,,,BY_VALUE,1,false,,p0,,,0,,ANY
111669151549,METHOD_PARAMETER_IN,,p1,,,BY_VALUE,2,false,,p1,,,1,,ANY
111669151550,METHOD_PARAMETER_IN,,p0,,,BY_VALUE,1,false,,p0,,,0,,ANY
111669151551,METHOD_PARAMETER_IN,,p1,,,BY_VALUE,2,false,,p1,,,1,,ANY
111669151552,METHOD_PARAMETER_IN,,p2,,,BY_VALUE,3,false,,p2,,,2,,ANY
111669151553,METHOD_PARAMETER_IN,,p0,,,BY_VALUE,1,false,,p0,,,0,,ANY
111669151554,METHOD_PARAMETER_IN,,p1,,,BY_VALUE,2,false,,p1,,,1,,ANY
111669151555,METHOD_PARAMETER_IN,,p2,,,BY_VALUE,3,false,,p2,,,2,,ANY
111669151556,METHOD_PARAMETER_IN,,p3,,,BY_VALUE,4,false,,p3,,,3,,ANY
111669151557,METHOD_PARAMETER_IN,,p0,,,BY_VALUE,1,false,,p0,,,0,,ANY
111669151558,METHOD_PARAMETER_IN,,p1,,,BY_VALUE,2,false,,p1,,,1,,ANY
111669151559,METHOD_PARAMETER_IN,,p2,,,BY_VALUE,3,false,,p2,,,2,,ANY
111669151560,METHOD_PARAMETER_IN,,p0,,,BY_VALUE,1,false,,p0,,,0,,ANY
111669151561,METHOD_PARAMETER_IN,,p1,,,BY_VALUE,2,false,,p1,,,1,,ANY
111669151562,METHOD_PARAMETER_IN,,p0,,,BY_VALUE,1,false,,p0,,,0,,ANY
111669151563,METHOD_PARAMETER_IN,,p1,,,BY_VALUE,2,false,,p1,,,1,,ANY
111669151564,METHOD_PARAMETER_IN,,p0,,,BY_VALUE,1,false,,p0,,,0,,ANY
111669151565,METHOD_PARAMETER_IN,,p1,,,BY_VALUE,2,false,,p1,,,1,,ANY
111669151566,METHOD_PARAMETER_IN,,p2,,,BY_VALUE,3,false,,p2,,,2,,ANY
111669151567,METHOD_PARAMETER_IN,,p3,,,BY_VALUE,4,false,,p3,,,3,,ANY
111669151568,METHOD_PARAMETER_IN,,p4,,,BY_VALUE,5,false,,p4,,,4,,ANY
111669151569,METHOD_PARAMETER_IN,,p5,,,BY_VALUE,6,false,,p5,,,5,,ANY
111669151570,METHOD_PARAMETER_IN,,p0,,,BY_VALUE,1,false,,p0,,,0,,ANY
111669151571,METHOD_PARAMETER_IN,,p1,,,BY_VALUE,2,false,,p1,,,1,,ANY
111669151572,METHOD_PARAMETER_IN,,p2,,,BY_VALUE,3,false,,p2,,,2,,ANY
111669151573,METHOD_PARAMETER_IN,,p3,,,BY_VALUE,4,false,,p3,,,3,,ANY
111669151574,METHOD_PARAMETER_IN,,p4,,,BY_VALUE,5,false,,p4,,,4,,ANY
111669151575,METHOD_PARAMETER_IN,,p5,,,BY_VALUE,6,false,,p5,,,5,,ANY
111669151576,METHOD_PARAMETER_IN,,p0,,,BY_VALUE,1,false,,p0,,,0,,ANY
111669151577,METHOD_PARAMETER_IN,,p1,,,BY_VALUE,2,false,,p1,,,1,,ANY
111669151578,METHOD_PARAMETER_IN,,p2,,,BY_VALUE,3,false,,p2,,,2,,ANY
111669151579,METHOD_PARAMETER_IN,,p0,,,BY_VALUE,1,false,,p0,,,0,,ANY
111669151580,METHOD_PARAMETER_IN,,p1,,,BY_VALUE,2,false,,p1,,,1,,ANY
111669151581,METHOD_PARAMETER_IN,,p0,,,BY_VALUE,1,false,,p0,,,0,,ANY
111669151582,METHOD_PARAMETER_IN,,p1,,,BY_VALUE,2,false,,p1,,,1,,ANY
111669151583,METHOD_PARAMETER_IN,,p0,,,BY_VALUE,1,false,,p0,,,0,,ANY
111669151584,METHOD_PARAMETER_IN,,p1,,,BY_VALUE,2,false,,p1,,,1,,ANY
111669151585,METHOD_PARAMETER_IN,,p2,,,BY_VALUE,3,false,,p2,,,2,,ANY
111669151586,METHOD_PARAMETER_IN,,p3,,,BY_VALUE,4,false,,p3,,,3,,ANY
111669151587,METHOD_PARAMETER_IN,,p0,,,BY_VALUE,1,false,,p0,,,0,,ANY
111669151588,METHOD_PARAMETER_IN,,p1,,,BY_VALUE,2,false,,p1,,,1,,ANY
111669151589,METHOD_PARAMETER_IN,,p2,,,BY_VALUE,3,false,,p2,,,2,,ANY
111669151590,METHOD_PARAMETER_IN,,p3,,,BY_VALUE,4,false,,p3,,,3,,ANY
111669151591,METHOD_PARAMETER_IN,,p0,,,BY_VALUE,1,false,,p0,,,0,,ANY
111669151592,METHOD_PARAMETER_IN,,p1,,,BY_VALUE,2,false,,p1,,,1,,ANY
111669151593,METHOD_PARAMETER_IN,,p2,,,BY_VALUE,3,false,,p2,,,2,,ANY
111669151594,METHOD_PARAMETER_IN,,p3,,,BY_VALUE,4,false,,p3,,,3,,ANY
111669151595,METHOD_PARAMETER_IN,,p0,,,BY_VALUE,1,false,,p0,,,0,,ANY
111669151596,METHOD_PARAMETER_IN,,p1,,,BY_VALUE,2,false,,p1,,,1,,ANY
111669151597,METHOD_PARAMETER_IN,,p2,,,BY_VALUE,3,false,,p2,,,2,,ANY
111669151598,METHOD_PARAMETER_IN,,p0,,,BY_VALUE,1,false,,p0,,,0,,ANY
111669151599,METHOD_PARAMETER_IN,,p1,,,BY_VALUE,2,false,,p1,,,1,,ANY
111669151600,METHOD_PARAMETER_IN,,p2,,,BY_VALUE,3,false,,p2,,,2,,ANY
111669151601,METHOD_PARAMETER_IN,,p0,,,BY_VALUE,1,false,,p0,,,0,,ANY
111669151602,METHOD_PARAMETER_IN,,p1,,,BY_VALUE,2,false,,p1,,,1,,ANY
111669151603,METHOD_PARAMETER_IN,,p2,,,BY_VALUE,3,false,,p2,,,2,,ANY
111669151604,METHOD_PARAMETER_IN,,p0,,,BY_VALUE,1,false,,p0,,,0,,ANY
111669151605,METHOD_PARAMETER_IN,,p1,,,BY_VALUE,2,false,,p1,,,1,,ANY
111669151606,METHOD_PARAMETER_IN,,p2,,,BY_VALUE,3,false,,p2,,,2,,ANY
111669151607,METHOD_PARAMETER_IN,,p0,,,BY_VALUE,1,false,,p0,,,0,,ANY
111669151608,METHOD_PARAMETER_IN,,p1,,,BY_VALUE,2,false,,p1,,,1,,ANY
111669151609,METHOD_PARAMETER_IN,,p2,,,BY_VALUE,3,false,,p2,,,2,,ANY
111669151610,METHOD_PARAMETER_IN,,p0,,,BY_VALUE,1,false,,p0,,,0,,ANY
111669151611,METHOD_PARAMETER_IN,,p1,,,BY_VALUE,2,false,,p1,,,1,,ANY
111669151612,METHOD_PARAMETER_IN,,p0,,,BY_VALUE,1,false,,p0,,,0,,ANY
111669151613,METHOD_PARAMETER_IN,,p1,,,BY_VALUE,2,false,,p1,,,1,,ANY
111669151614,METHOD_PARAMETER_IN,,p2,,,BY_VALUE,3,false,,p2,,,2,,ANY
111669151615,METHOD_PARAMETER_IN,,p0,,,BY_VALUE,1,false,,p0,,,0,,ANY
111669151616,METHOD_PARAMETER_IN,,p1,,,BY_VALUE,2,false,,p1,,,1,,ANY
111669151617,METHOD_PARAMETER_IN,,p0,,,BY_VALUE,1,false,,p0,,,0,,ANY
111669151618,METHOD_PARAMETER_IN,,p1,,,BY_VALUE,2,false,,p1,,,1,,ANY
111669151619,METHOD_PARAMETER_IN,,p2,,,BY_VALUE,3,false,,p2,,,2,,ANY
111669151620,METHOD_PARAMETER_IN,,p0,,,BY_VALUE,1,false,,p0,,,0,,ANY
111669151621,METHOD_PARAMETER_IN,,p1,,,BY_VALUE,2,false,,p1,,,1,,ANY
111669151622,METHOD_PARAMETER_IN,,p2,,,BY_VALUE,3,false,,p2,,,2,,ANY
111669151623,METHOD_PARAMETER_IN,,p0,,,BY_VALUE,1,false,,p0,,,0,,ANY
111669151624,METHOD_PARAMETER_IN,,p1,,,BY_VALUE,2,false,,p1,,,1,,ANY
111669151625,METHOD_PARAMETER_IN,,p2,,,BY_VALUE,3,false,,p2,,,2,,ANY
111669151626,METHOD_PARAMETER_IN,,p0,,,BY_VALUE,1,false,,p0,,,0,,ANY
111669151627,METHOD_PARAMETER_IN,,p1,,,BY_VALUE,2,false,,p1,,,1,,ANY
111669151628,METHOD_PARAMETER_IN,,p2,,,BY_VALUE,3,false,,p2,,,2,,ANY
111669151629,METHOD_PARAMETER_IN,,p0,,,BY_VALUE,1,false,,p0,,,0,,ANY
111669151630,METHOD_PARAMETER_IN,,p1,,,BY_VALUE,2,false,,p1,,,1,,ANY
111669151631,METHOD_PARAMETER_IN,,p0,,,BY_VALUE,1,false,,p0,,,0,,ANY
111669151632,METHOD_PARAMETER_IN,,p1,,,BY_VALUE,2,false,,p1,,,1,,ANY
111669151633,METHOD_PARAMETER_IN,,p2,,,BY_VALUE,3,false,,p2,,,2,,ANY
111669151634,METHOD_PARAMETER_IN,,p0,,,BY_VALUE,1,false,,p0,,,0,,ANY
111669151635,METHOD_PARAMETER_IN,,p1,,,BY_VALUE,2,false,,p1,,,1,,ANY
111669151636,METHOD_PARAMETER_IN,,p2,,,BY_VALUE,3,false,,p2,,,2,,ANY
111669151637,METHOD_PARAMETER_IN,,p0,,,BY_VALUE,1,false,,p0,,,0,,ANY
111669151638,METHOD_PARAMETER_IN,,p1,,,BY_VALUE,2,false,,p1,,,1,,ANY
111669151639,METHOD_PARAMETER_IN,,p2,,,BY_VALUE,3,false,,p2,,,2,,ANY
111669151640,METHOD_PARAMETER_IN,,p0,,,BY_VALUE,1,false,,p0,,,0,,ANY
111669151641,METHOD_PARAMETER_IN,,p1,,,BY_VALUE,2,false,,p1,,,1,,ANY
111669151642,METHOD_PARAMETER_IN,,p0,,,BY_VALUE,1,false,,p0,,,0,,ANY
111669151643,METHOD_PARAMETER_IN,,p1,,,BY_VALUE,2,false,,p1,,,1,,ANY
111669151644,METHOD_PARAMETER_IN,,p2,,,BY_VALUE,3,false,,p2,,,2,,ANY
111669151645,METHOD_PARAMETER_IN,,p0,,,BY_VALUE,1,false,,p0,,,0,,ANY
111669151646,METHOD_PARAMETER_IN,,p1,,,BY_VALUE,2,false,,p1,,,1,,ANY
111669151647,METHOD_PARAMETER_IN,,p2,,,BY_VALUE,3,false,,p2,,,2,,ANY
111669151648,METHOD_PARAMETER_IN,,p0,,,BY_VALUE,1,false,,p0,,,0,,ANY
111669151649,METHOD_PARAMETER_IN,,p1,,,BY_VALUE,2,false,,p1,,,1,,ANY
111669151650,METHOD_PARAMETER_IN,,p2,,,BY_VALUE,3,false,,p2,,,2,,ANY
111669151651,METHOD_PARAMETER_IN,,p0,,,BY_VALUE,1,false,,p0,,,0,,ANY
111669151652,METHOD_PARAMETER_IN,,p1,,,BY_VALUE,2,false,,p1,,,1,,ANY
111669151653,METHOD_PARAMETER_IN,,p2,,,BY_VALUE,3,false,,p2,,,2,,ANY
111669151654,METHOD_PARAMETER_IN,,p0,,,BY_VALUE,1,false,,p0,,,0,,ANY
111669151655,METHOD_PARAMETER_IN,,p1,,,BY_VALUE,2,false,,p1,,,1,,ANY
111669151656,METHOD_PARAMETER_IN,,p2,,,BY_VALUE,3,false,,p2,,,2,,ANY
111669151657,METHOD_PARAMETER_IN,,p0,,,BY_VALUE,1,false,,p0,,,0,,ANY
111669151658,METHOD_PARAMETER_IN,,p1,,,BY_VALUE,2,false,,p1,,,1,,ANY
111669151659,METHOD_PARAMETER_IN,,p2,,,BY_VALUE,3,false,,p2,,,2,,ANY
111669151660,METHOD_PARAMETER_IN,,p0,,,BY_VALUE,1,false,,p0,,,0,,ANY
111669151661,METHOD_PARAMETER_IN,,p1,,,BY_VALUE,2,false,,p1,,,1,,ANY
111669151662,METHOD_PARAMETER_IN,,p2,,,BY_VALUE,3,false,,p2,,,2,,ANY
111669151663,METHOD_PARAMETER_IN,,p0,,,BY_VALUE,1,false,,p0,,,0,,ANY
111669151664,METHOD_PARAMETER_IN,,p1,,,BY_VALUE,2,false,,p1,,,1,,ANY
111669151665,METHOD_PARAMETER_IN,,p2,,,BY_VALUE,3,false,,p2,,,2,,ANY
111669151666,METHOD_PARAMETER_IN,,p0,,,BY_VALUE,1,false,,p0,,,0,,ANY
111669151667,METHOD_PARAMETER_IN,,p1,,,BY_VALUE,2,false,,p1,,,1,,ANY
111669151668,METHOD_PARAMETER_IN,,p2,,,BY_VALUE,3,false,,p2,,,2,,ANY
111669151669,METHOD_PARAMETER_IN,,p3,,,BY_VALUE,4,false,,p3,,,3,,ANY
111669151670,METHOD_PARAMETER_IN,,p0,,,BY_VALUE,1,false,,p0,,,0,,ANY
111669151671,METHOD_PARAMETER_IN,,p1,,,BY_VALUE,2,false,,p1,,,1,,ANY
111669151672,METHOD_PARAMETER_IN,,p2,,,BY_VALUE,3,false,,p2,,,2,,ANY
111669151673,METHOD_PARAMETER_IN,,p3,,,BY_VALUE,4,false,,p3,,,3,,ANY
111669151674,METHOD_PARAMETER_IN,,p0,,,BY_VALUE,1,false,,p0,,,0,,ANY
111669151675,METHOD_PARAMETER_IN,,p1,,,BY_VALUE,2,false,,p1,,,1,,ANY
111669151676,METHOD_PARAMETER_IN,,p2,,,BY_VALUE,3,false,,p2,,,2,,ANY
111669151677,METHOD_PARAMETER_IN,,p3,,,BY_VALUE,4,false,,p3,,,3,,ANY
111669151678,METHOD_PARAMETER_IN,,p0,,,BY_VALUE,1,false,,p0,,,0,,ANY
111669151679,METHOD_PARAMETER_IN,,p1,,,BY_VALUE,2,false,,p1,,,1,,ANY
111669151680,METHOD_PARAMETER_IN,,p2,,,BY_VALUE,3,false,,p2,,,2,,ANY
111669151681,METHOD_PARAMETER_IN,,p3,,,BY_VALUE,4,false,,p3,,,3,,ANY
111669151682,METHOD_PARAMETER_IN,,p0,,,BY_VALUE,1,false,,p0,,,0,,ANY
111669151683,METHOD_PARAMETER_IN,,p1,,,BY_VALUE,2,false,,p1,,,1,,ANY
111669151684,METHOD_PARAMETER_IN,,p2,,,BY_VALUE,3,false,,p2,,,2,,ANY
111669151685,METHOD_PARAMETER_IN,,p3,,,BY_VALUE,4,false,,p3,,,3,,ANY
111669151686,METHOD_PARAMETER_IN,,p4,,,BY_VALUE,5,false,,p4,,,4,,ANY
111669151687,METHOD_PARAMETER_IN,,p0,,,BY_VALUE,1,false,,p0,,,0,,ANY
111669151688,METHOD_PARAMETER_IN,,p1,,,BY_VALUE,2,false,,p1,,,1,,ANY
111669151689,METHOD_PARAMETER_IN,,p2,,,BY_VALUE,3,false,,p2,,,2,,ANY
111669151690,METHOD_PARAMETER_IN,,p3,,,BY_VALUE,4,false,,p3,,,3,,ANY
111669151691,METHOD_PARAMETER_IN,,p4,,,BY_VALUE,5,false,,p4,,,4,,ANY
111669151692,METHOD_PARAMETER_IN,,p0,,,BY_VALUE,1,false,,p0,,,0,,ANY
111669151693,METHOD_PARAMETER_IN,,p1,,,BY_VALUE,2,false,,p1,,,1,,ANY
111669151694,METHOD_PARAMETER_IN,,p2,,,BY_VALUE,3,false,,p2,,,2,,ANY
111669151695,METHOD_PARAMETER_IN,,p3,,,BY_VALUE,4,false,,p3,,,3,,ANY
111669151696,METHOD_PARAMETER_IN,,p4,,,BY_VALUE,5,false,,p4,,,4,,ANY
111669151697,METHOD_PARAMETER_IN,,p0,,,BY_VALUE,1,false,,p0,,,0,,ANY
111669151698,METHOD_PARAMETER_IN,,p1,,,BY_VALUE,2,false,,p1,,,1,,ANY
111669151699,METHOD_PARAMETER_IN,,p2,,,BY_VALUE,3,false,,p2,,,2,,ANY
111669151700,METHOD_PARAMETER_IN,,p3,,,BY_VALUE,4,false,,p3,,,3,,ANY
111669151701,METHOD_PARAMETER_IN,,p4,,,BY_VALUE,5,false,,p4,,,4,,ANY
111669151702,METHOD_PARAMETER_IN,,p0,,,BY_VALUE,1,false,,p0,,,0,,ANY
111669151703,METHOD_PARAMETER_IN,,p1,,,BY_VALUE,2,false,,p1,,,1,,ANY
111669151704,METHOD_PARAMETER_IN,,p2,,,BY_VALUE,3,false,,p2,,,2,,ANY
111669151705,METHOD_PARAMETER_IN,,p3,,,BY_VALUE,4,false,,p3,,,3,,ANY
111669151706,METHOD_PARAMETER_IN,,p4,,,BY_VALUE,5,false,,p4,,,4,,ANY
111669151707,METHOD_PARAMETER_IN,,p5,,,BY_VALUE,6,false,,p5,,,5,,ANY
111669151708,METHOD_PARAMETER_IN,,p0,,,BY_VALUE,1,false,,p0,,,0,,ANY
111669151709,METHOD_PARAMETER_IN,,p1,,,BY_VALUE,2,false,,p1,,,1,,ANY
111669151710,METHOD_PARAMETER_IN,,p2,,,BY_VALUE,3,false,,p2,,,2,,ANY
111669151711,METHOD_PARAMETER_IN,,p3,,,BY_VALUE,4,false,,p3,,,3,,ANY
111669151712,METHOD_PARAMETER_IN,,p4,,,BY_VALUE,5,false,,p4,,,4,,ANY
111669151713,METHOD_PARAMETER_IN,,p5,,,BY_VALUE,6,false,,p5,,,5,,ANY
111669151714,METHOD_PARAMETER_IN,,p0,,,BY_VALUE,1,false,,p0,,,0,,ANY
111669151715,METHOD_PARAMETER_IN,,p1,,,BY_VALUE,2,false,,p1,,,1,,ANY
111669151716,METHOD_PARAMETER_IN,,p2,,,BY_VALUE,3,false,,p2,,,2,,ANY
111669151717,METHOD_PARAMETER_IN,,p3,,,BY_VALUE,4,false,,p3,,,3,,ANY
111669151718,METHOD_PARAMETER_IN,,p0,,,BY_VALUE,1,false,,p0,,,0,,ANY
111669151719,METHOD_PARAMETER_IN,,p1,,,BY_VALUE,2,false,,p1,,,1,,ANY
111669151720,METHOD_PARAMETER_IN,,p2,,,BY_VALUE,3,false,,p2,,,2,,ANY
111669151721,METHOD_PARAMETER_IN,,p3,,,BY_VALUE,4,false,,p3,,,3,,ANY
111669151722,METHOD_PARAMETER_IN,,p0,,,BY_VALUE,1,false,,p0,,,0,,ANY
111669151723,METHOD_PARAMETER_IN,,p1,,,BY_VALUE,2,false,,p1,,,1,,ANY
111669151724,METHOD_PARAMETER_IN,,p2,,,BY_VALUE,3,false,,p2,,,2,,ANY
111669151725,METHOD_PARAMETER_IN,,p3,,,BY_VALUE,4,false,,p3,,,3,,ANY
111669151726,METHOD_PARAMETER_IN,,p0,,,BY_VALUE,1,false,,p0,,,0,,ANY
111669151727,METHOD_PARAMETER_IN,,p1,,,BY_VALUE,2,false,,p1,,,1,,ANY
111669151728,METHOD_PARAMETER_IN,,p2,,,BY_VALUE,3,false,,p2,,,2,,ANY
111669151729,METHOD_PARAMETER_IN,,p3,,,BY_VALUE,4,false,,p3,,,3,,ANY
111669151730,METHOD_PARAMETER_IN,,p0,,,BY_VALUE,1,false,,p0,,,0,,ANY
111669151731,METHOD_PARAMETER_IN,,p1,,,BY_VALUE,2,false,,p1,,,1,,ANY
111669151732,METHOD_PARAMETER_IN,,p2,,,BY_VALUE,3,false,,p2,,,2,,ANY
111669151733,METHOD_PARAMETER_IN,,p3,,,BY_VALUE,4,false,,p3,,,3,,ANY
111669151734,METHOD_PARAMETER_IN,,p0,,,BY_VALUE,1,false,,p0,,,0,,ANY
111669151735,METHOD_PARAMETER_IN,,p1,,,BY_VALUE,2,false,,p1,,,1,,ANY
111669151736,METHOD_PARAMETER_IN,,p2,,,BY_VALUE,3,false,,p2,,,2,,ANY
111669151737,METHOD_PARAMETER_IN,,p3,,,BY_VALUE,4,false,,p3,,,3,,ANY
111669151738,METHOD_PARAMETER_IN,,p0,,,BY_VALUE,1,false,,p0,,,0,,ANY
111669151739,METHOD_PARAMETER_IN,,p1,,,BY_VALUE,2,false,,p1,,,1,,ANY
111669151740,METHOD_PARAMETER_IN,,p2,,,BY_VALUE,3,false,,p2,,,2,,ANY
111669151741,METHOD_PARAMETER_IN,,p3,,,BY_VALUE,4,false,,p3,,,3,,ANY
111669151742,METHOD_PARAMETER_IN,,p0,,,BY_VALUE,1,false,,p0,,,0,,ANY
111669151743,METHOD_PARAMETER_IN,,p1,,,BY_VALUE,2,false,,p1,,,1,,ANY
111669151744,METHOD_PARAMETER_IN,,p2,,,BY_VALUE,3,false,,p2,,,2,,ANY
111669151745,METHOD_PARAMETER_IN,,p3,,,BY_VALUE,4,false,,p3,,,3,,ANY
111669151746,METHOD_PARAMETER_IN,,p0,,,BY_VALUE,1,false,,p0,,,0,,ANY
111669151747,METHOD_PARAMETER_IN,,p1,,,BY_VALUE,2,false,,p1,,,1,,ANY
111669151748,METHOD_PARAMETER_IN,,p2,,,BY_VALUE,3,false,,p2,,,2,,ANY
111669151749,METHOD_PARAMETER_IN,,p3,,,BY_VALUE,4,false,,p3,,,3,,ANY
111669151750,METHOD_PARAMETER_IN,,p0,,,BY_VALUE,1,false,,p0,,,0,,ANY
111669151751,METHOD_PARAMETER_IN,,p1,,,BY_VALUE,2,false,,p1,,,1,,ANY
111669151752,METHOD_PARAMETER_IN,,p2,,,BY_VALUE,3,false,,p2,,,2,,ANY
111669151753,METHOD_PARAMETER_IN,,p0,,,BY_VALUE,1,false,,p0,,,0,,ANY
111669151754,METHOD_PARAMETER_IN,,p1,,,BY_VALUE,2,false,,p1,,,1,,ANY
111669151755,METHOD_PARAMETER_IN,,p2,,,BY_VALUE,3,false,,p2,,,2,,ANY
111669151756,METHOD_PARAMETER_IN,,p0,,,BY_VALUE,1,false,,p0,,,0,,ANY
111669151757,METHOD_PARAMETER_IN,,p1,,,BY_VALUE,2,false,,p1,,,1,,ANY
111669151758,METHOD_PARAMETER_IN,,p2,,,BY_VALUE,3,false,,p2,,,2,,ANY
111669151759,METHOD_PARAMETER_IN,,p0,,,BY_VALUE,1,false,,p0,,,0,,ANY
111669151760,METHOD_PARAMETER_IN,,p1,,,BY_VALUE,2,false,,p1,,,1,,ANY
111669151761,METHOD_PARAMETER_IN,,p2,,,BY_VALUE,3,false,,p2,,,2,,ANY
111669151762,METHOD_PARAMETER_IN,,p0,,,BY_VALUE,1,false,,p0,,,0,,ANY
111669151763,METHOD_PARAMETER_IN,,p1,,,BY_VALUE,2,false,,p1,,,1,,ANY
111669151764,METHOD_PARAMETER_IN,,p2,,,BY_VALUE,3,false,,p2,,,2,,ANY
111669151765,METHOD_PARAMETER_IN,,p0,,,BY_VALUE,1,false,,p0,,,0,,ANY
111669151766,METHOD_PARAMETER_IN,,p1,,,BY_VALUE,2,false,,p1,,,1,,ANY
111669151767,METHOD_PARAMETER_IN,,p2,,,BY_VALUE,3,false,,p2,,,2,,ANY
111669151768,METHOD_PARAMETER_IN,,p0,,,BY_VALUE,1,false,,p0,,,0,,ANY
111669151769,METHOD_PARAMETER_IN,,p1,,,BY_VALUE,2,false,,p1,,,1,,ANY
111669151770,METHOD_PARAMETER_IN,,p2,,,BY_VALUE,3,false,,p2,,,2,,ANY
111669151771,METHOD_PARAMETER_IN,,p0,,,BY_VALUE,1,false,,p0,,,0,,ANY
111669151772,METHOD_PARAMETER_IN,,p1,,,BY_VALUE,2,false,,p1,,,1,,ANY
111669151773,METHOD_PARAMETER_IN,,p2,,,BY_VALUE,3,false,,p2,,,2,,ANY
111669151774,METHOD_PARAMETER_IN,,p0,,,BY_VALUE,1,false,,p0,,,0,,ANY
111669151775,METHOD_PARAMETER_IN,,p1,,,BY_VALUE,2,false,,p1,,,1,,ANY
111669151776,METHOD_PARAMETER_IN,,p2,,,BY_VALUE,3,false,,p2,,,2,,ANY
111669151777,METHOD_PARAMETER_IN,,p0,,,BY_VALUE,1,false,,p0,,,0,,ANY
111669151778,METHOD_PARAMETER_IN,,p1,,,BY_VALUE,2,false,,p1,,,1,,ANY
111669151779,METHOD_PARAMETER_IN,,p2,,,BY_VALUE,3,false,,p2,,,2,,ANY
111669151780,METHOD_PARAMETER_IN,,p0,,,BY_VALUE,1,false,,p0,,,0,,ANY
111669151781,METHOD_PARAMETER_IN,,p1,,,BY_VALUE,2,false,,p1,,,1,,ANY
111669151782,METHOD_PARAMETER_IN,,p2,,,BY_VALUE,3,false,,p2,,,2,,ANY
111669151783,METHOD_PARAMETER_IN,,p3,,,BY_VALUE,4,false,,p3,,,3,,ANY
111669151784,METHOD_PARAMETER_IN,,p0,,,BY_VALUE,1,false,,p0,,,0,,ANY
111669151785,METHOD_PARAMETER_IN,,p1,,,BY_VALUE,2,false,,p1,,,1,,ANY
111669151786,METHOD_PARAMETER_IN,,p2,,,BY_VALUE,3,false,,p2,,,2,,ANY
111669151787,METHOD_PARAMETER_IN,,p3,,,BY_VALUE,4,false,,p3,,,3,,ANY
111669151788,METHOD_PARAMETER_IN,,p0,,,BY_VALUE,1,false,,p0,,,0,,ANY
111669151789,METHOD_PARAMETER_IN,,p1,,,BY_VALUE,2,false,,p1,,,1,,ANY
111669151790,METHOD_PARAMETER_IN,,p2,,,BY_VALUE,3,false,,p2,,,2,,ANY
111669151791,METHOD_PARAMETER_IN,,p3,,,BY_VALUE,4,false,,p3,,,3,,ANY
111669151792,METHOD_PARAMETER_IN,,p0,,,BY_VALUE,1,false,,p0,,,0,,ANY
111669151793,METHOD_PARAMETER_IN,,p1,,,BY_VALUE,2,false,,p1,,,1,,ANY
111669151794,METHOD_PARAMETER_IN,,p2,,,BY_VALUE,3,false,,p2,,,2,,ANY
111669151795,METHOD_PARAMETER_IN,,p3,,,BY_VALUE,4,false,,p3,,,3,,ANY
111669151796,METHOD_PARAMETER_IN,,p0,,,BY_VALUE,1,false,,p0,,,0,,ANY
111669151797,METHOD_PARAMETER_IN,,p1,,,BY_VALUE,2,false,,p1,,,1,,ANY
111669151798,METHOD_PARAMETER_IN,,p2,,,BY_VALUE,3,false,,p2,,,2,,ANY
111669151799,METHOD_PARAMETER_IN,,p3,,,BY_VALUE,4,false,,p3,,,3,,ANY
111669151800,METHOD_PARAMETER_IN,,p4,,,BY_VALUE,5,false,,p4,,,4,,ANY
111669151801,METHOD_PARAMETER_IN,,p0,,,BY_VALUE,1,false,,p0,,,0,,ANY
111669151802,METHOD_PARAMETER_IN,,p1,,,BY_VALUE,2,false,,p1,,,1,,ANY
111669151803,METHOD_PARAMETER_IN,,p2,,,BY_VALUE,3,false,,p2,,,2,,ANY
111669151804,METHOD_PARAMETER_IN,,p3,,,BY_VALUE,4,false,,p3,,,3,,ANY
111669151805,METHOD_PARAMETER_IN,,p4,,,BY_VALUE,5,false,,p4,,,4,,ANY
111669151806,METHOD_PARAMETER_IN,,p0,,,BY_VALUE,1,false,,p0,,,0,,ANY
111669151807,METHOD_PARAMETER_IN,,p1,,,BY_VALUE,2,false,,p1,,,1,,ANY
111669151808,METHOD_PARAMETER_IN,,p2,,,BY_VALUE,3,false,,p2,,,2,,ANY
111669151809,METHOD_PARAMETER_IN,,p3,,,BY_VALUE,4,false,,p3,,,3,,ANY
111669151810,METHOD_PARAMETER_IN,,p4,,,BY_VALUE,5,false,,p4,,,4,,ANY
111669151811,METHOD_PARAMETER_IN,,p0,,,BY_VALUE,1,false,,p0,,,0,,ANY
111669151812,METHOD_PARAMETER_IN,,p1,,,BY_VALUE,2,false,,p1,,,1,,ANY
111669151813,METHOD_PARAMETER_IN,,p2,,,BY_VALUE,3,false,,p2,,,2,,ANY
111669151814,METHOD_PARAMETER_IN,,p3,,,BY_VALUE,4,false,,p3,,,3,,ANY
111669151815,METHOD_PARAMETER_IN,,p4,,,BY_VALUE,5,false,,p4,,,4,,ANY
111669151816,METHOD_PARAMETER_IN,,p0,,,BY_VALUE,1,false,,p0,,,0,,ANY
111669151817,METHOD_PARAMETER_IN,,p1,,,BY_VALUE,2,false,,p1,,,1,,ANY
111669151818,METHOD_PARAMETER_IN,,p2,,,BY_VALUE,3,false,,p2,,,2,,ANY
111669151819,METHOD_PARAMETER_IN,,p3,,,BY_VALUE,4,false,,p3,,,3,,ANY
111669151820,METHOD_PARAMETER_IN,,p0,,,BY_VALUE,1,false,,p0,,,0,,ANY
111669151821,METHOD_PARAMETER_IN,,p1,,,BY_VALUE,2,false,,p1,,,1,,ANY
111669151822,METHOD_PARAMETER_IN,,p2,,,BY_VALUE,3,false,,p2,,,2,,ANY
111669151823,METHOD_PARAMETER_IN,,p3,,,BY_VALUE,4,false,,p3,,,3,,ANY
111669151824,METHOD_PARAMETER_IN,,p0,,,BY_VALUE,1,false,,p0,,,0,,ANY
111669151825,METHOD_PARAMETER_IN,,p1,,,BY_VALUE,2,false,,p1,,,1,,ANY
111669151826,METHOD_PARAMETER_IN,,p2,,,BY_VALUE,3,false,,p2,,,2,,ANY
111669151827,METHOD_PARAMETER_IN,,p3,,,BY_VALUE,4,false,,p3,,,3,,ANY
111669151828,METHOD_PARAMETER_IN,,p0,,,BY_VALUE,1,false,,p0,,,0,,ANY
111669151829,METHOD_PARAMETER_IN,,p1,,,BY_VALUE,2,false,,p1,,,1,,ANY
111669151830,METHOD_PARAMETER_IN,,p2,,,BY_VALUE,3,false,,p2,,,2,,ANY
111669151831,METHOD_PARAMETER_IN,,p0,,,BY_VALUE,1,false,,p0,,,0,,ANY
111669151832,METHOD_PARAMETER_IN,,p1,,,BY_VALUE,2,false,,p1,,,1,,ANY
111669151833,METHOD_PARAMETER_IN,,p0,,,BY_VALUE,1,false,,p0,,,0,,ANY
111669151834,METHOD_PARAMETER_IN,,p1,,,BY_VALUE,2,false,,p1,,,1,,ANY
111669151835,METHOD_PARAMETER_IN,,p2,,,BY_VALUE,3,false,,p2,,,2,,ANY
111669151836,METHOD_PARAMETER_IN,,p0,,,BY_VALUE,1,false,,p0,,,0,,ANY
111669151837,METHOD_PARAMETER_IN,,p1,,,BY_VALUE,2,false,,p1,,,1,,ANY
111669151838,METHOD_PARAMETER_IN,,p0,,,BY_VALUE,1,false,,p0,,,0,,ANY
111669151839,METHOD_PARAMETER_IN,,p1,,,BY_VALUE,2,false,,p1,,,1,,ANY
111669151840,METHOD_PARAMETER_IN,,p2,,,BY_VALUE,3,false,,p2,,,2,,ANY
111669151841,METHOD_PARAMETER_IN,,p0,,,BY_VALUE,1,false,,p0,,,0,,ANY
111669151842,METHOD_PARAMETER_IN,,p1,,,BY_VALUE,2,false,,p1,,,1,,ANY
111669151843,METHOD_PARAMETER_IN,,p2,,,BY_VALUE,3,false,,p2,,,2,,ANY
111669151844,METHOD_PARAMETER_IN,,p0,,,BY_VALUE,1,false,,p0,,,0,,ANY
111669151845,METHOD_PARAMETER_IN,,p1,,,BY_VALUE,2,false,,p1,,,1,,ANY
111669151846,METHOD_PARAMETER_IN,,p2,,,BY_VALUE,3,false,,p2,,,2,,ANY
111669151847,METHOD_PARAMETER_IN,,p0,,,BY_VALUE,1,false,,p0,,,0,,ANY
111669151848,METHOD_PARAMETER_IN,,p1,,,BY_VALUE,2,false,,p1,,,1,,ANY
111669151849,METHOD_PARAMETER_IN,,p2,,,BY_VALUE,3,false,,p2,,,2,,ANY
111669151850,METHOD_PARAMETER_IN,,p0,,,BY_VALUE,1,false,,p0,,,0,,ANY
111669151851,METHOD_PARAMETER_IN,,p1,,,BY_VALUE,2,false,,p1,,,1,,ANY
111669151852,METHOD_PARAMETER_IN,,p2,,,BY_VALUE,3,false,,p2,,,2,,ANY
111669151853,METHOD_PARAMETER_IN,,p0,,,BY_VALUE,1,false,,p0,,,0,,ANY
111669151854,METHOD_PARAMETER_IN,,p1,,,BY_VALUE,2,false,,p1,,,1,,ANY
111669151855,METHOD_PARAMETER_IN,,p2,,,BY_VALUE,3,false,,p2,,,2,,ANY
111669151856,METHOD_PARAMETER_IN,,p0,,,BY_VALUE,1,false,,p0,,,0,,ANY
111669151857,METHOD_PARAMETER_IN,,p1,,,BY_VALUE,2,false,,p1,,,1,,ANY
111669151858,METHOD_PARAMETER_IN,,p2,,,BY_VALUE,3,false,,p2,,,2,,ANY
111669151859,METHOD_PARAMETER_IN,,p0,,,BY_VALUE,1,false,,p0,,,0,,ANY
111669151860,METHOD_PARAMETER_IN,,p1,,,BY_VALUE,2,false,,p1,,,1,,ANY
111669151861,METHOD_PARAMETER_IN,,p2,,,BY_VALUE,3,false,,p2,,,2,,ANY
111669151862,METHOD_PARAMETER_IN,,p0,,,BY_VALUE,1,false,,p0,,,0,,ANY
111669151863,METHOD_PARAMETER_IN,,p1,,,BY_VALUE,2,false,,p1,,,1,,ANY
111669151864,METHOD_PARAMETER_IN,,p2,,,BY_VALUE,3,false,,p2,,,2,,ANY
111669151865,METHOD_PARAMETER_IN,,p0,,,BY_VALUE,1,false,,p0,,,0,,ANY
111669151866,METHOD_PARAMETER_IN,,p1,,,BY_VALUE,2,false,,p1,,,1,,ANY
111669151867,METHOD_PARAMETER_IN,,p0,,,BY_VALUE,1,false,,p0,,,0,,ANY
111669151868,METHOD_PARAMETER_IN,,p1,,,BY_VALUE,2,false,,p1,,,1,,ANY
111669151869,METHOD_PARAMETER_IN,,p0,,,BY_VALUE,1,false,,p0,,,0,,ANY
111669151870,METHOD_PARAMETER_IN,,p1,,,BY_VALUE,2,false,,p1,,,1,,ANY
111669151871,METHOD_PARAMETER_IN,,p2,,,BY_VALUE,3,false,,p2,,,2,,ANY
111669151872,METHOD_PARAMETER_IN,,p0,,,BY_VALUE,1,false,,p0,,,0,,ANY
111669151873,METHOD_PARAMETER_IN,,p1,,,BY_VALUE,2,false,,p1,,,1,,ANY
111669151874,METHOD_PARAMETER_IN,,p2,,,BY_VALUE,3,false,,p2,,,2,,ANY
111669151875,METHOD_PARAMETER_IN,,p0,,,BY_VALUE,1,false,,p0,,,0,,ANY
111669151876,METHOD_PARAMETER_IN,,p1,,,BY_VALUE,2,false,,p1,,,1,,ANY
111669151877,METHOD_PARAMETER_IN,,p2,,,BY_VALUE,3,false,,p2,,,2,,ANY
111669151878,METHOD_PARAMETER_IN,,p0,,,BY_VALUE,1,false,,p0,,,0,,ANY
111669151879,METHOD_PARAMETER_IN,,p1,,,BY_VALUE,2,false,,p1,,,1,,ANY
111669151880,METHOD_PARAMETER_IN,,p2,,,BY_VALUE,3,false,,p2,,,2,,ANY
111669151881,METHOD_PARAMETER_IN,,p0,,,BY_VALUE,1,false,,p0,,,0,,ANY
111669151882,METHOD_PARAMETER_IN,,p1,,,BY_VALUE,2,false,,p1,,,1,,ANY
111669151883,METHOD_PARAMETER_IN,,p2,,,BY_VALUE,3,false,,p2,,,2,,ANY
111669151884,METHOD_PARAMETER_IN,,p0,,,BY_VALUE,1,false,,p0,,,0,,ANY
111669151885,METHOD_PARAMETER_IN,,p1,,,BY_VALUE,2,false,,p1,,,1,,ANY
111669151886,METHOD_PARAMETER_IN,,p2,,,BY_VALUE,3,false,,p2,,,2,,ANY
111669151887,METHOD_PARAMETER_IN,,p3,,,BY_VALUE,4,false,,p3,,,3,,ANY
111669151888,METHOD_PARAMETER_IN,,p0,,,BY_VALUE,1,false,,p0,,,0,,ANY
111669151889,METHOD_PARAMETER_IN,,p1,,,BY_VALUE,2,false,,p1,,,1,,ANY
111669151890,METHOD_PARAMETER_IN,,p0,,,BY_VALUE,1,false,,p0,,,0,,ANY
111669151891,METHOD_PARAMETER_IN,,p1,,,BY_VALUE,2,false,,p1,,,1,,ANY
111669151892,METHOD_PARAMETER_IN,,p0,,,BY_VALUE,1,false,,p0,,,0,,ANY
111669151893,METHOD_PARAMETER_IN,,p1,,,BY_VALUE,2,false,,p1,,,1,,ANY
111669151894,METHOD_PARAMETER_IN,,p2,,,BY_VALUE,3,false,,p2,,,2,,ANY
111669151895,METHOD_PARAMETER_IN,,p0,,,BY_VALUE,1,false,,p0,,,0,,ANY
111669151896,METHOD_PARAMETER_IN,,p1,,,BY_VALUE,2,false,,p1,,,1,,ANY
111669151897,METHOD_PARAMETER_IN,,p2,,,BY_VALUE,3,false,,p2,,,2,,ANY
111669151898,METHOD_PARAMETER_IN,,p0,,,BY_VALUE,1,false,,p0,,,0,,ANY
111669151899,METHOD_PARAMETER_IN,,p1,,,BY_VALUE,2,false,,p1,,,1,,ANY
111669151900,METHOD_PARAMETER_IN,,p2,,,BY_VALUE,3,false,,p2,,,2,,ANY
111669151901,METHOD_PARAMETER_IN,,p0,,,BY_VALUE,1,false,,p0,,,0,,ANY
111669151902,METHOD_PARAMETER_IN,,p1,,,BY_VALUE,2,false,,p1,,,1,,ANY
111669151903,METHOD_PARAMETER_IN,,p2,,,BY_VALUE,3,false,,p2,,,2,,ANY
111669151904,METHOD_PARAMETER_IN,,p0,,,BY_VALUE,1,false,,p0,,,0,,ANY
111669151905,METHOD_PARAMETER_IN,,p1,,,BY_VALUE,2,false,,p1,,,1,,ANY
111669151906,METHOD_PARAMETER_IN,,p2,,,BY_VALUE,3,false,,p2,,,2,,ANY
111669151907,METHOD_PARAMETER_IN,,p0,,,BY_VALUE,1,false,,p0,,,0,,ANY
111669151908,METHOD_PARAMETER_IN,,p1,,,BY_VALUE,2,false,,p1,,,1,,ANY
111669151909,METHOD_PARAMETER_IN,,p2,,,BY_VALUE,3,false,,p2,,,2,,ANY
111669151910,METHOD_PARAMETER_IN,,p0,,,BY_VALUE,1,false,,p0,,,0,,ANY
111669151911,METHOD_PARAMETER_IN,,p1,,,BY_VALUE,2,false,,p1,,,1,,ANY
111669151912,METHOD_PARAMETER_IN,,p2,,,BY_VALUE,3,false,,p2,,,2,,ANY
111669151913,METHOD_PARAMETER_IN,,p0,,,BY_VALUE,1,false,,p0,,,0,,ANY
111669151914,METHOD_PARAMETER_IN,,p1,,,BY_VALUE,2,false,,p1,,,1,,ANY
111669151915,METHOD_PARAMETER_IN,,p2,,,BY_VALUE,3,false,,p2,,,2,,ANY
111669151916,METHOD_PARAMETER_IN,,p0,,,BY_VALUE,1,false,,p0,,,0,,ANY
111669151917,METHOD_PARAMETER_IN,,p1,,,BY_VALUE,2,false,,p1,,,1,,ANY
111669151918,METHOD_PARAMETER_IN,,p2,,,BY_VALUE,3,false,,p2,,,2,,ANY
111669151919,METHOD_PARAMETER_IN,,p0,,,BY_VALUE,1,false,,p0,,,0,,ANY
111669151920,METHOD_PARAMETER_IN,,p1,,,BY_VALUE,2,false,,p1,,,1,,ANY
111669151921,METHOD_PARAMETER_IN,,p2,,,BY_VALUE,3,false,,p2,,,2,,ANY
111669151922,METHOD_PARAMETER_IN,,p3,,,BY_VALUE,4,false,,p3,,,3,,ANY
111669151923,METHOD_PARAMETER_IN,,p0,,,BY_VALUE,1,false,,p0,,,0,,ANY
111669151924,METHOD_PARAMETER_IN,,p1,,,BY_VALUE,2,false,,p1,,,1,,ANY
111669151925,METHOD_PARAMETER_IN,,p2,,,BY_VALUE,3,false,,p2,,,2,,ANY
111669151926,METHOD_PARAMETER_IN,,p0,,,BY_VALUE,1,false,,p0,,,0,,ANY
111669151927,METHOD_PARAMETER_IN,,p1,,,BY_VALUE,2,false,,p1,,,1,,ANY
111669151928,METHOD_PARAMETER_IN,,p2,,,BY_VALUE,3,false,,p2,,,2,,ANY
111669151929,METHOD_PARAMETER_IN,,p0,,,BY_VALUE,1,false,,p0,,,0,,ANY
111669151930,METHOD_PARAMETER_IN,,p1,,,BY_VALUE,2,false,,p1,,,1,,ANY
111669151931,METHOD_PARAMETER_IN,,p2,,,BY_VALUE,3,false,,p2,,,2,,ANY
111669151932,METHOD_PARAMETER_IN,,p0,,,BY_VALUE,1,false,,p0,,,0,,ANY
111669151933,METHOD_PARAMETER_IN,,p1,,,BY_VALUE,2,false,,p1,,,1,,ANY
111669151934,METHOD_PARAMETER_IN,,p2,,,BY_VALUE,3,false,,p2,,,2,,ANY
111669151935,METHOD_PARAMETER_IN,,p0,,,BY_VALUE,1,false,,p0,,,0,,ANY
111669151936,METHOD_PARAMETER_IN,,p1,,,BY_VALUE,2,false,,p1,,,1,,ANY
111669151937,METHOD_PARAMETER_IN,,p0,,,BY_VALUE,1,false,,p0,,,0,,ANY
111669151938,METHOD_PARAMETER_IN,,p1,,,BY_VALUE,2,false,,p1,,,1,,ANY
111669151939,METHOD_PARAMETER_IN,,p0,,,BY_VALUE,1,false,,p0,,,0,,ANY
111669151940,METHOD_PARAMETER_IN,,p1,,,BY_VALUE,2,false,,p1,,,1,,ANY
111669151941,METHOD_PARAMETER_IN,,p0,,,BY_VALUE,1,false,,p0,,,0,,ANY
111669151942,METHOD_PARAMETER_IN,,p1,,,BY_VALUE,2,false,,p1,,,1,,ANY
111669151943,METHOD_PARAMETER_IN,,p0,,,BY_VALUE,1,false,,p0,,,0,,ANY
111669151944,METHOD_PARAMETER_IN,,p1,,,BY_VALUE,2,false,,p1,,,1,,ANY
111669151945,METHOD_PARAMETER_IN,,p0,,,BY_VALUE,1,false,,p0,,,0,,ANY
111669151946,METHOD_PARAMETER_IN,,p1,,,BY_VALUE,2,false,,p1,,,1,,ANY
111669151947,METHOD_PARAMETER_IN,,p0,,,BY_VALUE,1,false,,p0,,,0,,ANY
111669151948,METHOD_PARAMETER_IN,,p1,,,BY_VALUE,2,false,,p1,,,1,,ANY
111669151949,METHOD_PARAMETER_IN,,p2,,,BY_VALUE,3,false,,p2,,,2,,ANY
111669151950,METHOD_PARAMETER_IN,,p0,,,BY_VALUE,1,false,,p0,,,0,,ANY
111669151951,METHOD_PARAMETER_IN,,p1,,,BY_VALUE,2,false,,p1,,,1,,ANY
111669151952,METHOD_PARAMETER_IN,,p2,,,BY_VALUE,3,false,,p2,,,2,,ANY
111669151953,METHOD_PARAMETER_IN,,p0,,,BY_VALUE,1,false,,p0,,,0,,ANY
111669151954,METHOD_PARAMETER_IN,,p1,,,BY_VALUE,2,false,,p1,,,1,,ANY
111669151955,METHOD_PARAMETER_IN,,p2,,,BY_VALUE,3,false,,p2,,,2,,ANY
111669151956,METHOD_PARAMETER_IN,,p0,,,BY_VALUE,1,false,,p0,,,0,,ANY
111669151957,METHOD_PARAMETER_IN,,p1,,,BY_VALUE,2,false,,p1,,,1,,ANY
111669151958,METHOD_PARAMETER_IN,,p2,,,BY_VALUE,3,false,,p2,,,2,,ANY
111669151959,METHOD_PARAMETER_IN,,p0,,,BY_VALUE,1,false,,p0,,,0,,ANY
111669151960,METHOD_PARAMETER_IN,,p1,,,BY_VALUE,2,false,,p1,,,1,,ANY
111669151961,METHOD_PARAMETER_IN,,p0,,,BY_VALUE,1,false,,p0,,,0,,ANY
111669151962,METHOD_PARAMETER_IN,,p1,,,BY_VALUE,2,false,,p1,,,1,,ANY
111669151963,METHOD_PARAMETER_IN,,p0,,,BY_VALUE,1,false,,p0,,,0,,ANY
111669151964,METHOD_PARAMETER_IN,,p1,,,BY_VALUE,2,false,,p1,,,1,,ANY
111669151965,METHOD_PARAMETER_IN,,p0,,,BY_VALUE,1,false,,p0,,,0,,ANY
111669151966,METHOD_PARAMETER_IN,,p1,,,BY_VALUE,2,false,,p1,,,1,,ANY
111669151967,METHOD_PARAMETER_IN,,p0,,,BY_VALUE,1,false,,p0,,,0,,ANY
111669151968,METHOD_PARAMETER_IN,,p1,,,BY_VALUE,2,false,,p1,,,1,,ANY
111669151969,METHOD_PARAMETER_IN,,p0,,,BY_VALUE,1,false,,p0,,,0,,ANY
111669151970,METHOD_PARAMETER_IN,,p1,,,BY_VALUE,2,false,,p1,,,1,,ANY
111669151971,METHOD_PARAMETER_IN,,p0,,,BY_VALUE,1,false,,p0,,,0,,ANY
111669151972,METHOD_PARAMETER_IN,,p1,,,BY_VALUE,2,false,,p1,,,1,,ANY
111669151973,METHOD_PARAMETER_IN,,p2,,,BY_VALUE,3,false,,p2,,,2,,ANY
111669151974,METHOD_PARAMETER_IN,,p0,,,BY_VALUE,1,false,,p0,,,0,,ANY
111669151975,METHOD_PARAMETER_IN,,p1,,,BY_VALUE,2,false,,p1,,,1,,ANY
111669151976,METHOD_PARAMETER_IN,,p2,,,BY_VALUE,3,false,,p2,,,2,,ANY
111669151977,METHOD_PARAMETER_IN,,p0,,,BY_VALUE,1,false,,p0,,,0,,ANY
111669151978,METHOD_PARAMETER_IN,,p1,,,BY_VALUE,2,false,,p1,,,1,,ANY
111669151979,METHOD_PARAMETER_IN,,p2,,,BY_VALUE,3,false,,p2,,,2,,ANY
111669151980,METHOD_PARAMETER_IN,,p0,,,BY_VALUE,1,false,,p0,,,0,,ANY
111669151981,METHOD_PARAMETER_IN,,p1,,,BY_VALUE,2,false,,p1,,,1,,ANY
111669151982,METHOD_PARAMETER_IN,,p2,,,BY_VALUE,3,false,,p2,,,2,,ANY
111669151983,METHOD_PARAMETER_IN,,p0,,,BY_VALUE,1,false,,p0,,,0,,ANY
111669151984,METHOD_PARAMETER_IN,,p1,,,BY_VALUE,2,false,,p1,,,1,,ANY
111669151985,METHOD_PARAMETER_IN,,p0,,,BY_VALUE,1,false,,p0,,,0,,ANY
111669151986,METHOD_PARAMETER_IN,,p1,,,BY_VALUE,2,false,,p1,,,1,,ANY
111669151987,METHOD_PARAMETER_IN,,p0,,,BY_VALUE,1,false,,p0,,,0,,ANY
111669151988,METHOD_PARAMETER_IN,,p1,,,BY_VALUE,2,false,,p1,,,1,,ANY
111669151989,METHOD_PARAMETER_IN,,p0,,,BY_VALUE,1,false,,p0,,,0,,ANY
111669151990,METHOD_PARAMETER_IN,,p1,,,BY_VALUE,2,false,,p1,,,1,,ANY
111669151991,METHOD_PARAMETER_IN,,p0,,,BY_VALUE,1,false,,p0,,,0,,ANY
111669151992,METHOD_PARAMETER_IN,,p1,,,BY_VALUE,2,false,,p1,,,1,,ANY
111669151993,METHOD_PARAMETER_IN,,p0,,,BY_VALUE,1,false,,p0,,,0,,ANY
111669151994,METHOD_PARAMETER_IN,,p1,,,BY_VALUE,2,false,,p1,,,1,,ANY
111669151995,METHOD_PARAMETER_IN,,p0,,,BY_VALUE,1,false,,p0,,,0,,ANY
111669151996,METHOD_PARAMETER_IN,,p1,,,BY_VALUE,2,false,,p1,,,1,,ANY
111669151997,METHOD_PARAMETER_IN,,p2,,,BY_VALUE,3,false,,p2,,,2,,ANY
111669151998,METHOD_PARAMETER_IN,,p0,,,BY_VALUE,1,false,,p0,,,0,,ANY
111669151999,METHOD_PARAMETER_IN,,p1,,,BY_VALUE,2,false,,p1,,,1,,ANY
111669152000,METHOD_PARAMETER_IN,,p0,,,BY_VALUE,1,false,,p0,,,0,,ANY
111669152001,METHOD_PARAMETER_IN,,p1,,,BY_VALUE,2,false,,p1,,,1,,ANY
111669152002,METHOD_PARAMETER_IN,,p2,,,BY_VALUE,3,false,,p2,,,2,,ANY
111669152003,METHOD_PARAMETER_IN,,p0,,,BY_VALUE,1,false,,p0,,,0,,ANY
111669152004,METHOD_PARAMETER_IN,,p1,,,BY_VALUE,2,false,,p1,,,1,,ANY
111669152005,METHOD_PARAMETER_IN,,p2,,,BY_VALUE,3,false,,p2,,,2,,ANY
111669152006,METHOD_PARAMETER_IN,,p0,,,BY_VALUE,1,false,,p0,,,0,,ANY
111669152007,METHOD_PARAMETER_IN,,p1,,,BY_VALUE,2,false,,p1,,,1,,ANY
111669152008,METHOD_PARAMETER_IN,,p2,,,BY_VALUE,3,false,,p2,,,2,,ANY
111669152009,METHOD_PARAMETER_IN,,p0,,,BY_VALUE,1,false,,p0,,,0,,ANY
111669152010,METHOD_PARAMETER_IN,,p1,,,BY_VALUE,2,false,,p1,,,1,,ANY
111669152011,METHOD_PARAMETER_IN,,p2,,,BY_VALUE,3,false,,p2,,,2,,ANY
