55834574848,FIELD_IDENTIFIER,2,,,isConfigured,isConfigured,25,14,,,2
55834574849,FIELD_IDENTIFIER,2,,,status,status,19,15,,,2
55834574850,FIELD_IDENTIFIER,2,,,json,json,31,15,,,2
55834574851,FIELD_IDENTIFIER,2,,,error,error,10,16,,,2
55834574852,FIELD_IDENTIFIER,2,,,json,json,10,20,,,2
55834574853,FIELD_IDENTIFIER,2,,,connected,connected,8,21,,,2
55834574854,FIELD_IDENTIFIER,2,,,message,message,8,22,,,2
55834574855,FIELD_IDENTIFIER,2,,,status,status,10,25,,,2
55834574856,FIELD_IDENTIFIER,2,,,json,json,22,25,,,2
55834574857,FIELD_IDENTIFIER,2,,,error,error,29,25,,,2
55834574858,FIELD_IDENTIFIER,2,,,message,message,42,25,,,2
55834574859,FIELD_IDENTIFIER,2,,,body,body,29,34,,,2
55834574860,FIELD_IDENTIFIER,2,,,prompt,prompt,14,34,,,2
55834574861,FIELD_IDENTIFIER,2,,,status,status,19,37,,,2
55834574862,FIELD_IDENTIFIER,2,,,json,json,31,37,,,2
55834574863,FIELD_IDENTIFIER,2,,,error,error,38,37,,,2
55834574864,FIELD_IDENTIFIER,2,,,generateTextResponse,generateTextResponse,43,40,,,2
55834574865,FIELD_IDENTIFIER,2,,,json,json,10,41,,,2
55834574866,FIELD_IDENTIFIER,2,,,response,response,17,41,,,2
55834574867,FIELD_IDENTIFIER,2,,,status,status,10,43,,,2
55834574868,FIELD_IDENTIFIER,2,,,json,json,22,43,,,2
55834574869,FIELD_IDENTIFIER,2,,,error,error,29,43,,,2
55834574870,FIELD_IDENTIFIER,2,,,message,message,42,43,,,2
55834574871,FIELD_IDENTIFIER,2,,,body,body,49,52,,,2
55834574872,FIELD_IDENTIFIER,2,,,prompt,prompt,14,52,,,2
55834574873,FIELD_IDENTIFIER,2,,,fileData,fileData,22,52,,,2
55834574874,FIELD_IDENTIFIER,2,,,mimeType,mimeType,32,52,,,2
55834574875,FIELD_IDENTIFIER,2,,,status,status,19,55,,,2
55834574876,FIELD_IDENTIFIER,2,,,json,json,31,55,,,2
55834574877,FIELD_IDENTIFIER,2,,,error,error,38,55,,,2
55834574878,FIELD_IDENTIFIER,2,,,status,status,19,59,,,2
55834574879,FIELD_IDENTIFIER,2,,,json,json,31,59,,,2
55834574880,FIELD_IDENTIFIER,2,,,error,error,38,59,,,2
55834574881,FIELD_IDENTIFIER,2,,,generateResponseWithExcel,generateResponseWithExcel,39,70,,,2
55834574882,FIELD_IDENTIFIER,2,,,generateResponseWithFile,generateResponseWithFile,39,73,,,2
55834574883,FIELD_IDENTIFIER,2,,,json,json,10,76,,,2
55834574884,FIELD_IDENTIFIER,2,,,response,response,17,76,,,2
55834574885,FIELD_IDENTIFIER,2,,,status,status,10,78,,,2
55834574886,FIELD_IDENTIFIER,2,,,json,json,22,78,,,2
55834574887,FIELD_IDENTIFIER,2,,,error,error,29,78,,,2
55834574888,FIELD_IDENTIFIER,2,,,message,message,42,78,,,2
55834574889,FIELD_IDENTIFIER,2,,,body,body,34,87,,,2
55834574890,FIELD_IDENTIFIER,2,,,projectName,projectName,14,87,,,2
55834574891,FIELD_IDENTIFIER,2,,,status,status,19,90,,,2
55834574892,FIELD_IDENTIFIER,2,,,json,json,31,90,,,2
55834574893,FIELD_IDENTIFIER,2,,,error,error,38,90,,,2
55834574894,FIELD_IDENTIFIER,2,,,log,log,14,93,,,2
55834574895,FIELD_IDENTIFIER,2,,,generateInsights,generateInsights,55,96,,,2
55834574896,FIELD_IDENTIFIER,2,,,log,log,14,99,,,2
55834574897,FIELD_IDENTIFIER,2,,,log,log,14,103,,,2
55834574898,FIELD_IDENTIFIER,2,,,log,log,14,106,,,2
55834574899,FIELD_IDENTIFIER,2,,,json,json,10,108,,,2
55834574900,FIELD_IDENTIFIER,2,,,projectName,projectName,8,109,,,2
55834574901,FIELD_IDENTIFIER,2,,,insights,insights,8,110,,,2
55834574902,FIELD_IDENTIFIER,2,,,correctedInsights,correctedInsights,8,111,,,2
55834574903,FIELD_IDENTIFIER,2,,,saved,saved,8,112,,,2
55834574904,FIELD_IDENTIFIER,2,,,error,error,14,115,,,2
55834574905,FIELD_IDENTIFIER,2,,,message,message,55,115,,,2
55834574906,FIELD_IDENTIFIER,2,,,status,status,10,116,,,2
55834574907,FIELD_IDENTIFIER,2,,,json,json,22,116,,,2
55834574908,FIELD_IDENTIFIER,2,,,error,error,29,116,,,2
55834574909,FIELD_IDENTIFIER,2,,,message,message,42,116,,,2
55834574910,FIELD_IDENTIFIER,2,,,params,params,34,125,,,2
55834574911,FIELD_IDENTIFIER,2,,,projectName,projectName,14,125,,,2
55834574912,FIELD_IDENTIFIER,2,,,status,status,19,128,,,2
55834574913,FIELD_IDENTIFIER,2,,,json,json,31,128,,,2
55834574914,FIELD_IDENTIFIER,2,,,error,error,38,128,,,2
55834574915,FIELD_IDENTIFIER,2,,,log,log,14,131,,,2
55834574916,FIELD_IDENTIFIER,2,,,status,status,19,135,,,2
55834574917,FIELD_IDENTIFIER,2,,,json,json,31,135,,,2
55834574918,FIELD_IDENTIFIER,2,,,error,error,10,136,,,2
55834574919,FIELD_IDENTIFIER,2,,,message,message,10,137,,,2
55834574920,FIELD_IDENTIFIER,2,,,json,json,10,141,,,2
55834574921,FIELD_IDENTIFIER,2,,,projectName,projectName,8,142,,,2
55834574922,FIELD_IDENTIFIER,2,,,project_name,project_name,35,142,,,2
55834574923,FIELD_IDENTIFIER,2,,,insights,insights,8,143,,,2
55834574924,FIELD_IDENTIFIER,2,,,insights_data,insights_data,32,143,,,2
55834574925,FIELD_IDENTIFIER,2,,,scores,scores,8,144,,,2
55834574926,FIELD_IDENTIFIER,2,,,final_user_score,final_user_score,10,145,,,2
55834574927,FIELD_IDENTIFIER,2,,,final_user_score,final_user_score,42,145,,,2
55834574928,FIELD_IDENTIFIER,2,,,api_score,api_score,10,146,,,2
55834574929,FIELD_IDENTIFIER,2,,,api_score,api_score,35,146,,,2
55834574930,FIELD_IDENTIFIER,2,,,combined_score,combined_score,10,147,,,2
55834574931,FIELD_IDENTIFIER,2,,,combined_score,combined_score,40,147,,,2
55834574932,FIELD_IDENTIFIER,2,,,created_at,created_at,8,149,,,2
55834574933,FIELD_IDENTIFIER,2,,,created_at,created_at,34,149,,,2
55834574934,FIELD_IDENTIFIER,2,,,error,error,14,152,,,2
55834574935,FIELD_IDENTIFIER,2,,,message,message,63,152,,,2
55834574936,FIELD_IDENTIFIER,2,,,status,status,10,153,,,2
55834574937,FIELD_IDENTIFIER,2,,,json,json,22,153,,,2
55834574938,FIELD_IDENTIFIER,2,,,error,error,29,153,,,2
55834574939,FIELD_IDENTIFIER,2,,,message,message,42,153,,,2
55834574940,FIELD_IDENTIFIER,2,,,params,params,32,162,,,2
55834574941,FIELD_IDENTIFIER,2,,,projectId,projectId,14,162,,,2
55834574942,FIELD_IDENTIFIER,2,,,status,status,19,165,,,2
55834574943,FIELD_IDENTIFIER,2,,,json,json,31,165,,,2
55834574944,FIELD_IDENTIFIER,2,,,error,error,38,165,,,2
55834574945,FIELD_IDENTIFIER,2,,,log,log,14,168,,,2
55834574946,FIELD_IDENTIFIER,2,,,length,length,46,171,,,2
55834574947,FIELD_IDENTIFIER,2,,,json,json,19,172,,,2
55834574948,FIELD_IDENTIFIER,2,,,history,history,10,173,,,2
55834574949,FIELD_IDENTIFIER,2,,,message,message,10,174,,,2
55834574950,FIELD_IDENTIFIER,2,,,json,json,10,178,,,2
55834574951,FIELD_IDENTIFIER,2,,,projectId,projectId,8,179,,,2
55834574952,FIELD_IDENTIFIER,2,,,history,history,8,180,,,2
55834574953,FIELD_IDENTIFIER,2,,,error,error,14,183,,,2
55834574954,FIELD_IDENTIFIER,2,,,message,message,71,183,,,2
55834574955,FIELD_IDENTIFIER,2,,,status,status,10,184,,,2
55834574956,FIELD_IDENTIFIER,2,,,json,json,22,184,,,2
55834574957,FIELD_IDENTIFIER,2,,,error,error,29,184,,,2
55834574958,FIELD_IDENTIFIER,2,,,message,message,42,184,,,2
55834574959,FIELD_IDENTIFIER,2,,,name,name,40,211,,,2
55834574960,FIELD_IDENTIFIER,2,,,toLowerCase,toLowerCase,45,211,,,2
55834574961,FIELD_IDENTIFIER,2,,,replace,replace,59,211,,,2
55834574962,FIELD_IDENTIFIER,2,,,score,score,49,212,,,2
55834574963,FIELD_IDENTIFIER,2,,,insights_data,insights_data,37,205,,,2
55834574964,FIELD_IDENTIFIER,2,,,section_scores,section_scores,25,209,,,2
55834574965,FIELD_IDENTIFIER,2,,,isArray,isArray,49,209,,,2
55834574966,FIELD_IDENTIFIER,2,,,section_scores,section_scores,70,209,,,2
55834574967,FIELD_IDENTIFIER,2,,,section_scores,section_scores,23,210,,,2
55834574968,FIELD_IDENTIFIER,2,,,forEach,forEach,38,210,,,2
55834574969,FIELD_IDENTIFIER,2,,,id,id,10,217,,,2
55834574970,FIELD_IDENTIFIER,2,,,id,id,22,217,,,2
55834574971,FIELD_IDENTIFIER,2,,,uuid,uuid,10,218,,,2
55834574972,FIELD_IDENTIFIER,2,,,uuid,uuid,24,218,,,2
55834574973,FIELD_IDENTIFIER,2,,,name,name,10,219,,,2
55834574974,FIELD_IDENTIFIER,2,,,name,name,24,219,,,2
55834574975,FIELD_IDENTIFIER,2,,,group,group,10,220,,,2
55834574976,FIELD_IDENTIFIER,2,,,full_path,full_path,25,220,,,2
55834574977,FIELD_IDENTIFIER,2,,,split,split,36,220,,,2
55834574978,FIELD_IDENTIFIER,2,,,metrics,metrics,10,221,,,2
55834574979,FIELD_IDENTIFIER,2,,,codeReview,codeReview,12,222,,,2
55834574980,FIELD_IDENTIFIER,2,,,codereview,codereview,38,222,,,2
55834574981,FIELD_IDENTIFIER,2,,,technicalDebt,technicalDebt,12,223,,,2
55834574982,FIELD_IDENTIFIER,2,,,technicaldebt,technicaldebt,41,223,,,2
55834574983,FIELD_IDENTIFIER,2,,,testQuality,testQuality,12,224,,,2
55834574984,FIELD_IDENTIFIER,2,,,testquality,testquality,39,224,,,2
55834574985,FIELD_IDENTIFIER,2,,,documentation,documentation,12,225,,,2
55834574986,FIELD_IDENTIFIER,2,,,documentation,documentation,41,225,,,2
55834574987,FIELD_IDENTIFIER,2,,,deployment,deployment,12,226,,,2
55834574988,FIELD_IDENTIFIER,2,,,deployment,deployment,38,226,,,2
55834574989,FIELD_IDENTIFIER,2,,,dependencies,dependencies,12,227,,,2
55834574990,FIELD_IDENTIFIER,2,,,dependencies,dependencies,40,227,,,2
55834574991,FIELD_IDENTIFIER,2,,,teamMorale,teamMorale,12,228,,,2
55834574992,FIELD_IDENTIFIER,2,,,teammorale,teammorale,38,228,,,2
55834574993,FIELD_IDENTIFIER,2,,,teamvelocity,teamvelocity,66,228,,,2
55834574994,FIELD_IDENTIFIER,2,,,teamvelocitymorale,teamvelocitymorale,96,228,,,2
55834574995,FIELD_IDENTIFIER,2,,,apiScore,apiScore,12,229,,,2
55834574996,FIELD_IDENTIFIER,2,,,api_score,api_score,30,229,,,2
55834574997,FIELD_IDENTIFIER,2,,,combinedScore,combinedScore,12,230,,,2
55834574998,FIELD_IDENTIFIER,2,,,combined_score,combined_score,35,230,,,2
55834574999,FIELD_IDENTIFIER,2,,,created_at,created_at,10,232,,,2
55834575000,FIELD_IDENTIFIER,2,,,created_at,created_at,30,232,,,2
55834575001,FIELD_IDENTIFIER,2,,,log,log,14,193,,,2
55834575002,FIELD_IDENTIFIER,2,,,length,length,38,196,,,2
55834575003,FIELD_IDENTIFIER,2,,,json,json,19,197,,,2
55834575004,FIELD_IDENTIFIER,2,,,projects,projects,10,198,,,2
55834575005,FIELD_IDENTIFIER,2,,,message,message,10,199,,,2
55834575006,FIELD_IDENTIFIER,2,,,map,map,44,204,,,2
55834575007,FIELD_IDENTIFIER,2,,,json,json,10,236,,,2
55834575008,FIELD_IDENTIFIER,2,,,projects,projects,8,237,,,2
55834575009,FIELD_IDENTIFIER,2,,,count,count,8,238,,,2
55834575010,FIELD_IDENTIFIER,2,,,length,length,33,238,,,2
55834575011,FIELD_IDENTIFIER,2,,,error,error,14,241,,,2
55834575012,FIELD_IDENTIFIER,2,,,message,message,67,241,,,2
55834575013,FIELD_IDENTIFIER,2,,,status,status,10,242,,,2
55834575014,FIELD_IDENTIFIER,2,,,json,json,22,242,,,2
55834575015,FIELD_IDENTIFIER,2,,,error,error,29,242,,,2
55834575016,FIELD_IDENTIFIER,2,,,message,message,42,242,,,2
55834575017,FIELD_IDENTIFIER,2,,,Request,Request,0,2,,,2
55834575018,FIELD_IDENTIFIER,2,,,Response,Response,0,2,,,2
55834575019,FIELD_IDENTIFIER,2,,,parseAndCorrectInsights,parseAndCorrectInsights,0,5,,,2
55834575020,FIELD_IDENTIFIER,2,,,saveProjectInsights,saveProjectInsights,0,6,,,2
55834575021,FIELD_IDENTIFIER,2,,,getLatestProjectInsights,getLatestProjectInsights,0,6,,,2
55834575022,FIELD_IDENTIFIER,2,,,getProjectInsightsHistoryById,getProjectInsightsHistoryById,0,6,,,2
55834575023,FIELD_IDENTIFIER,2,,,getAllLatestProjectInsights,getAllLatestProjectInsights,0,6,,,2
55834575024,FIELD_IDENTIFIER,2,,,params,params,35,15,,,2
55834575025,FIELD_IDENTIFIER,2,,,id,id,42,15,,,2
55834575026,FIELD_IDENTIFIER,2,,,status,status,17,18,,,2
55834575027,FIELD_IDENTIFIER,2,,,json,json,29,18,,,2
55834575028,FIELD_IDENTIFIER,2,,,error,error,36,18,,,2
55834575029,FIELD_IDENTIFIER,2,,,log,log,12,21,,,2
55834575030,FIELD_IDENTIFIER,2,,,syncCommitMetrics,syncCommitMetrics,51,23,,,2
55834575031,FIELD_IDENTIFIER,2,,,json,json,8,25,,,2
55834575032,FIELD_IDENTIFIER,2,,,success,success,6,26,,,2
55834575033,FIELD_IDENTIFIER,2,,,data,data,6,27,,,2
55834575034,FIELD_IDENTIFIER,2,,,error,error,12,30,,,2
55834575035,FIELD_IDENTIFIER,2,,,error,error,12,31,,,2
55834575036,FIELD_IDENTIFIER,2,,,stack,stack,24,31,,,2
55834575037,FIELD_IDENTIFIER,2,,,status,status,8,32,,,2
55834575038,FIELD_IDENTIFIER,2,,,json,json,20,32,,,2
55834575039,FIELD_IDENTIFIER,2,,,error,error,6,33,,,2
55834575040,FIELD_IDENTIFIER,2,,,message,message,6,34,,,2
55834575041,FIELD_IDENTIFIER,2,,,message,message,21,34,,,2
55834575042,FIELD_IDENTIFIER,2,,,params,params,35,45,,,2
55834575043,FIELD_IDENTIFIER,2,,,id,id,42,45,,,2
55834575044,FIELD_IDENTIFIER,2,,,status,status,17,48,,,2
55834575045,FIELD_IDENTIFIER,2,,,json,json,29,48,,,2
55834575046,FIELD_IDENTIFIER,2,,,success,success,8,49,,,2
55834575047,FIELD_IDENTIFIER,2,,,error,error,8,50,,,2
55834575048,FIELD_IDENTIFIER,2,,,getMetrics,getMetrics,49,54,,,2
55834575049,FIELD_IDENTIFIER,2,,,status,status,17,57,,,2
55834575050,FIELD_IDENTIFIER,2,,,json,json,29,57,,,2
55834575051,FIELD_IDENTIFIER,2,,,success,success,8,58,,,2
55834575052,FIELD_IDENTIFIER,2,,,error,error,8,59,,,2
55834575053,FIELD_IDENTIFIER,2,,,json,json,8,63,,,2
55834575054,FIELD_IDENTIFIER,2,,,success,success,6,64,,,2
55834575055,FIELD_IDENTIFIER,2,,,data,data,6,65,,,2
55834575056,FIELD_IDENTIFIER,2,,,error,error,12,68,,,2
55834575057,FIELD_IDENTIFIER,2,,,status,status,8,69,,,2
55834575058,FIELD_IDENTIFIER,2,,,json,json,20,69,,,2
55834575059,FIELD_IDENTIFIER,2,,,success,success,6,70,,,2
55834575060,FIELD_IDENTIFIER,2,,,error,error,6,71,,,2
55834575061,FIELD_IDENTIFIER,2,,,message,message,44,71,,,2
55834575062,FIELD_IDENTIFIER,2,,,params,params,35,82,,,2
55834575063,FIELD_IDENTIFIER,2,,,id,id,42,82,,,2
55834575064,FIELD_IDENTIFIER,2,,,query,query,30,83,,,2
55834575065,FIELD_IDENTIFIER,2,,,days,days,36,83,,,2
55834575066,FIELD_IDENTIFIER,2,,,status,status,17,86,,,2
55834575067,FIELD_IDENTIFIER,2,,,json,json,29,86,,,2
55834575068,FIELD_IDENTIFIER,2,,,error,error,36,86,,,2
55834575069,FIELD_IDENTIFIER,2,,,getMetricsHistory,getMetricsHistory,49,89,,,2
55834575070,FIELD_IDENTIFIER,2,,,json,json,8,91,,,2
55834575071,FIELD_IDENTIFIER,2,,,error,error,12,93,,,2
55834575072,FIELD_IDENTIFIER,2,,,status,status,8,94,,,2
55834575073,FIELD_IDENTIFIER,2,,,json,json,20,94,,,2
55834575074,FIELD_IDENTIFIER,2,,,error,error,6,95,,,2
55834575075,FIELD_IDENTIFIER,2,,,message,message,6,96,,,2
55834575076,FIELD_IDENTIFIER,2,,,message,message,21,96,,,2
55834575077,FIELD_IDENTIFIER,2,,,Request,Request,0,5,,,2
55834575078,FIELD_IDENTIFIER,2,,,Response,Response,0,5,,,2
55834575079,FIELD_IDENTIFIER,2,,,refreshCommitMetrics,refreshCommitMetrics,0,13,,,2
55834575080,FIELD_IDENTIFIER,2,,,getCommitMetrics,getCommitMetrics,0,43,,,2
55834575081,FIELD_IDENTIFIER,2,,,getCommitMetricsHistory,getCommitMetricsHistory,0,80,,,2
55834575082,FIELD_IDENTIFIER,2,,,params,params,35,33,,,2
55834575083,FIELD_IDENTIFIER,2,,,id,id,42,33,,,2
55834575084,FIELD_IDENTIFIER,2,,,body,body,78,34,,,2
55834575085,FIELD_IDENTIFIER,2,,,deployment_id,deployment_id,12,34,,,2
55834575086,FIELD_IDENTIFIER,2,,,version,version,27,34,,,2
55834575087,FIELD_IDENTIFIER,2,,,environment,environment,36,34,,,2
55834575088,FIELD_IDENTIFIER,2,,,deployment_timestamp,deployment_timestamp,49,34,,,2
55834575089,FIELD_IDENTIFIER,2,,,status,status,17,38,,,2
55834575090,FIELD_IDENTIFIER,2,,,json,json,29,38,,,2
55834575091,FIELD_IDENTIFIER,2,,,success,success,8,39,,,2
55834575092,FIELD_IDENTIFIER,2,,,error,error,8,40,,,2
55834575093,FIELD_IDENTIFIER,2,,,project_id,project_id,6,45,,,2
55834575094,FIELD_IDENTIFIER,2,,,deployment_id,deployment_id,6,46,,,2
55834575095,FIELD_IDENTIFIER,2,,,version,version,6,47,,,2
55834575096,FIELD_IDENTIFIER,2,,,environment,environment,6,48,,,2
55834575097,FIELD_IDENTIFIER,2,,,deployment_timestamp,deployment_timestamp,6,49,,,2
55834575098,FIELD_IDENTIFIER,2,,,status,status,8,54,,,2
55834575099,FIELD_IDENTIFIER,2,,,json,json,20,54,,,2
55834575100,FIELD_IDENTIFIER,2,,,success,success,6,55,,,2
55834575101,FIELD_IDENTIFIER,2,,,data,data,6,56,,,2
55834575102,FIELD_IDENTIFIER,2,,,message,message,6,57,,,2
55834575103,FIELD_IDENTIFIER,2,,,error,error,12,60,,,2
55834575104,FIELD_IDENTIFIER,2,,,status,status,8,61,,,2
55834575105,FIELD_IDENTIFIER,2,,,json,json,20,61,,,2
55834575106,FIELD_IDENTIFIER,2,,,success,success,6,62,,,2
55834575107,FIELD_IDENTIFIER,2,,,error,error,6,63,,,2
55834575108,FIELD_IDENTIFIER,2,,,message,message,44,63,,,2
55834575109,FIELD_IDENTIFIER,2,,,params,params,35,74,,,2
55834575110,FIELD_IDENTIFIER,2,,,id,id,42,74,,,2
55834575111,FIELD_IDENTIFIER,2,,,body,body,68,75,,,2
55834575112,FIELD_IDENTIFIER,2,,,change_id,change_id,12,75,,,2
55834575113,FIELD_IDENTIFIER,2,,,merged_timestamp,merged_timestamp,23,75,,,2
55834575114,FIELD_IDENTIFIER,2,,,deployed_timestamp,deployed_timestamp,41,75,,,2
55834575115,FIELD_IDENTIFIER,2,,,status,status,17,79,,,2
55834575116,FIELD_IDENTIFIER,2,,,json,json,29,79,,,2
55834575117,FIELD_IDENTIFIER,2,,,success,success,8,80,,,2
55834575118,FIELD_IDENTIFIER,2,,,error,error,8,81,,,2
55834575119,FIELD_IDENTIFIER,2,,,status,status,17,90,,,2
55834575120,FIELD_IDENTIFIER,2,,,json,json,29,90,,,2
55834575121,FIELD_IDENTIFIER,2,,,success,success,8,91,,,2
55834575122,FIELD_IDENTIFIER,2,,,error,error,8,92,,,2
55834575123,FIELD_IDENTIFIER,2,,,project_id,project_id,6,97,,,2
55834575124,FIELD_IDENTIFIER,2,,,change_id,change_id,6,98,,,2
55834575125,FIELD_IDENTIFIER,2,,,merged_timestamp,merged_timestamp,6,99,,,2
55834575126,FIELD_IDENTIFIER,2,,,deployed_timestamp,deployed_timestamp,6,100,,,2
55834575127,FIELD_IDENTIFIER,2,,,status,status,8,105,,,2
55834575128,FIELD_IDENTIFIER,2,,,json,json,20,105,,,2
55834575129,FIELD_IDENTIFIER,2,,,success,success,6,106,,,2
55834575130,FIELD_IDENTIFIER,2,,,data,data,6,107,,,2
55834575131,FIELD_IDENTIFIER,2,,,message,message,6,108,,,2
55834575132,FIELD_IDENTIFIER,2,,,error,error,12,111,,,2
55834575133,FIELD_IDENTIFIER,2,,,status,status,8,112,,,2
55834575134,FIELD_IDENTIFIER,2,,,json,json,20,112,,,2
55834575135,FIELD_IDENTIFIER,2,,,success,success,6,113,,,2
55834575136,FIELD_IDENTIFIER,2,,,error,error,6,114,,,2
55834575137,FIELD_IDENTIFIER,2,,,message,message,44,114,,,2
55834575138,FIELD_IDENTIFIER,2,,,params,params,35,125,,,2
55834575139,FIELD_IDENTIFIER,2,,,id,id,42,125,,,2
55834575140,FIELD_IDENTIFIER,2,,,body,body,88,126,,,2
55834575141,FIELD_IDENTIFIER,2,,,deployment_id,deployment_id,12,126,,,2
55834575142,FIELD_IDENTIFIER,2,,,deployment_timestamp,deployment_timestamp,27,126,,,2
55834575143,FIELD_IDENTIFIER,2,,,has_incident,has_incident,49,126,,,2
55834575144,FIELD_IDENTIFIER,2,,,remediation_type,remediation_type,63,126,,,2
55834575145,FIELD_IDENTIFIER,2,,,status,status,17,130,,,2
55834575146,FIELD_IDENTIFIER,2,,,json,json,29,130,,,2
55834575147,FIELD_IDENTIFIER,2,,,success,success,8,131,,,2
55834575148,FIELD_IDENTIFIER,2,,,error,error,8,132,,,2
55834575149,FIELD_IDENTIFIER,2,,,project_id,project_id,6,137,,,2
55834575150,FIELD_IDENTIFIER,2,,,deployment_id,deployment_id,6,138,,,2
55834575151,FIELD_IDENTIFIER,2,,,deployment_timestamp,deployment_timestamp,6,139,,,2
55834575152,FIELD_IDENTIFIER,2,,,has_incident,has_incident,6,140,,,2
55834575153,FIELD_IDENTIFIER,2,,,remediation_type,remediation_type,6,141,,,2
55834575154,FIELD_IDENTIFIER,2,,,status,status,8,146,,,2
55834575155,FIELD_IDENTIFIER,2,,,json,json,20,146,,,2
55834575156,FIELD_IDENTIFIER,2,,,success,success,6,147,,,2
55834575157,FIELD_IDENTIFIER,2,,,data,data,6,148,,,2
55834575158,FIELD_IDENTIFIER,2,,,message,message,6,149,,,2
55834575159,FIELD_IDENTIFIER,2,,,error,error,12,152,,,2
55834575160,FIELD_IDENTIFIER,2,,,status,status,8,153,,,2
55834575161,FIELD_IDENTIFIER,2,,,json,json,20,153,,,2
55834575162,FIELD_IDENTIFIER,2,,,success,success,6,154,,,2
55834575163,FIELD_IDENTIFIER,2,,,error,error,6,155,,,2
55834575164,FIELD_IDENTIFIER,2,,,message,message,44,155,,,2
55834575165,FIELD_IDENTIFIER,2,,,params,params,35,166,,,2
55834575166,FIELD_IDENTIFIER,2,,,id,id,42,166,,,2
55834575167,FIELD_IDENTIFIER,2,,,body,body,67,167,,,2
55834575168,FIELD_IDENTIFIER,2,,,incident_id,incident_id,12,167,,,2
55834575169,FIELD_IDENTIFIER,2,,,start_time,start_time,25,167,,,2
55834575170,FIELD_IDENTIFIER,2,,,end_time,end_time,37,167,,,2
55834575171,FIELD_IDENTIFIER,2,,,description,description,47,167,,,2
55834575172,FIELD_IDENTIFIER,2,,,status,status,17,171,,,2
55834575173,FIELD_IDENTIFIER,2,,,json,json,29,171,,,2
55834575174,FIELD_IDENTIFIER,2,,,success,success,8,172,,,2
55834575175,FIELD_IDENTIFIER,2,,,error,error,8,173,,,2
55834575176,FIELD_IDENTIFIER,2,,,status,status,17,182,,,2
55834575177,FIELD_IDENTIFIER,2,,,json,json,29,182,,,2
55834575178,FIELD_IDENTIFIER,2,,,success,success,8,183,,,2
55834575179,FIELD_IDENTIFIER,2,,,error,error,8,184,,,2
55834575180,FIELD_IDENTIFIER,2,,,project_id,project_id,6,189,,,2
55834575181,FIELD_IDENTIFIER,2,,,incident_id,incident_id,6,190,,,2
55834575182,FIELD_IDENTIFIER,2,,,start_time,start_time,6,191,,,2
55834575183,FIELD_IDENTIFIER,2,,,end_time,end_time,6,192,,,2
55834575184,FIELD_IDENTIFIER,2,,,description,description,6,193,,,2
55834575185,FIELD_IDENTIFIER,2,,,status,status,8,198,,,2
55834575186,FIELD_IDENTIFIER,2,,,json,json,20,198,,,2
55834575187,FIELD_IDENTIFIER,2,,,success,success,6,199,,,2
55834575188,FIELD_IDENTIFIER,2,,,data,data,6,200,,,2
55834575189,FIELD_IDENTIFIER,2,,,message,message,6,201,,,2
55834575190,FIELD_IDENTIFIER,2,,,error,error,12,204,,,2
55834575191,FIELD_IDENTIFIER,2,,,status,status,8,205,,,2
55834575192,FIELD_IDENTIFIER,2,,,json,json,20,205,,,2
55834575193,FIELD_IDENTIFIER,2,,,success,success,6,206,,,2
55834575194,FIELD_IDENTIFIER,2,,,error,error,6,207,,,2
55834575195,FIELD_IDENTIFIER,2,,,message,message,44,207,,,2
55834575196,FIELD_IDENTIFIER,2,,,params,params,35,218,,,2
55834575197,FIELD_IDENTIFIER,2,,,id,id,42,218,,,2
55834575198,FIELD_IDENTIFIER,2,,,query,query,30,219,,,2
55834575199,FIELD_IDENTIFIER,2,,,days,days,36,219,,,2
55834575200,FIELD_IDENTIFIER,2,,,json,json,8,223,,,2
55834575201,FIELD_IDENTIFIER,2,,,success,success,6,224,,,2
55834575202,FIELD_IDENTIFIER,2,,,data,data,6,225,,,2
55834575203,FIELD_IDENTIFIER,2,,,error,error,12,228,,,2
55834575204,FIELD_IDENTIFIER,2,,,status,status,8,229,,,2
55834575205,FIELD_IDENTIFIER,2,,,json,json,20,229,,,2
55834575206,FIELD_IDENTIFIER,2,,,success,success,6,230,,,2
55834575207,FIELD_IDENTIFIER,2,,,error,error,6,231,,,2
55834575208,FIELD_IDENTIFIER,2,,,message,message,44,231,,,2
55834575209,FIELD_IDENTIFIER,2,,,params,params,35,242,,,2
55834575210,FIELD_IDENTIFIER,2,,,id,id,42,242,,,2
55834575211,FIELD_IDENTIFIER,2,,,query,query,30,243,,,2
55834575212,FIELD_IDENTIFIER,2,,,days,days,36,243,,,2
55834575213,FIELD_IDENTIFIER,2,,,json,json,8,247,,,2
55834575214,FIELD_IDENTIFIER,2,,,success,success,6,248,,,2
55834575215,FIELD_IDENTIFIER,2,,,data,data,6,249,,,2
55834575216,FIELD_IDENTIFIER,2,,,error,error,12,252,,,2
55834575217,FIELD_IDENTIFIER,2,,,status,status,8,253,,,2
55834575218,FIELD_IDENTIFIER,2,,,json,json,20,253,,,2
55834575219,FIELD_IDENTIFIER,2,,,success,success,6,254,,,2
55834575220,FIELD_IDENTIFIER,2,,,error,error,6,255,,,2
55834575221,FIELD_IDENTIFIER,2,,,message,message,44,255,,,2
55834575222,FIELD_IDENTIFIER,2,,,params,params,35,266,,,2
55834575223,FIELD_IDENTIFIER,2,,,id,id,42,266,,,2
55834575224,FIELD_IDENTIFIER,2,,,query,query,30,267,,,2
55834575225,FIELD_IDENTIFIER,2,,,days,days,36,267,,,2
55834575226,FIELD_IDENTIFIER,2,,,json,json,8,271,,,2
55834575227,FIELD_IDENTIFIER,2,,,success,success,6,272,,,2
55834575228,FIELD_IDENTIFIER,2,,,data,data,6,273,,,2
55834575229,FIELD_IDENTIFIER,2,,,error,error,12,276,,,2
55834575230,FIELD_IDENTIFIER,2,,,status,status,8,277,,,2
55834575231,FIELD_IDENTIFIER,2,,,json,json,20,277,,,2
55834575232,FIELD_IDENTIFIER,2,,,success,success,6,278,,,2
55834575233,FIELD_IDENTIFIER,2,,,error,error,6,279,,,2
55834575234,FIELD_IDENTIFIER,2,,,message,message,44,279,,,2
55834575235,FIELD_IDENTIFIER,2,,,params,params,35,290,,,2
55834575236,FIELD_IDENTIFIER,2,,,id,id,42,290,,,2
55834575237,FIELD_IDENTIFIER,2,,,query,query,30,291,,,2
55834575238,FIELD_IDENTIFIER,2,,,days,days,36,291,,,2
55834575239,FIELD_IDENTIFIER,2,,,json,json,8,295,,,2
55834575240,FIELD_IDENTIFIER,2,,,success,success,6,296,,,2
55834575241,FIELD_IDENTIFIER,2,,,data,data,6,297,,,2
55834575242,FIELD_IDENTIFIER,2,,,error,error,12,300,,,2
55834575243,FIELD_IDENTIFIER,2,,,status,status,8,301,,,2
55834575244,FIELD_IDENTIFIER,2,,,json,json,20,301,,,2
55834575245,FIELD_IDENTIFIER,2,,,success,success,6,302,,,2
55834575246,FIELD_IDENTIFIER,2,,,error,error,6,303,,,2
55834575247,FIELD_IDENTIFIER,2,,,message,message,44,303,,,2
55834575248,FIELD_IDENTIFIER,2,,,params,params,35,314,,,2
55834575249,FIELD_IDENTIFIER,2,,,id,id,42,314,,,2
55834575250,FIELD_IDENTIFIER,2,,,query,query,26,316,,,2
55834575251,FIELD_IDENTIFIER,2,,,days,days,32,316,,,2
55834575252,FIELD_IDENTIFIER,2,,,json,json,8,321,,,2
55834575253,FIELD_IDENTIFIER,2,,,success,success,6,322,,,2
55834575254,FIELD_IDENTIFIER,2,,,data,data,6,323,,,2
55834575255,FIELD_IDENTIFIER,2,,,error,error,12,326,,,2
55834575256,FIELD_IDENTIFIER,2,,,status,status,8,327,,,2
55834575257,FIELD_IDENTIFIER,2,,,json,json,20,327,,,2
55834575258,FIELD_IDENTIFIER,2,,,success,success,6,328,,,2
55834575259,FIELD_IDENTIFIER,2,,,error,error,6,329,,,2
55834575260,FIELD_IDENTIFIER,2,,,message,message,44,329,,,2
55834575261,FIELD_IDENTIFIER,2,,,params,params,35,340,,,2
55834575262,FIELD_IDENTIFIER,2,,,id,id,42,340,,,2
55834575263,FIELD_IDENTIFIER,2,,,query,query,28,341,,,2
55834575264,FIELD_IDENTIFIER,2,,,q,q,34,341,,,2
55834575265,FIELD_IDENTIFIER,2,,,query,query,31,342,,,2
55834575266,FIELD_IDENTIFIER,2,,,limit,limit,37,342,,,2
55834575267,FIELD_IDENTIFIER,2,,,json,json,17,345,,,2
55834575268,FIELD_IDENTIFIER,2,,,success,success,8,346,,,2
55834575269,FIELD_IDENTIFIER,2,,,data,data,8,347,,,2
55834575270,FIELD_IDENTIFIER,2,,,json,json,8,353,,,2
55834575271,FIELD_IDENTIFIER,2,,,success,success,6,354,,,2
55834575272,FIELD_IDENTIFIER,2,,,data,data,6,355,,,2
55834575273,FIELD_IDENTIFIER,2,,,error,error,12,358,,,2
55834575274,FIELD_IDENTIFIER,2,,,status,status,8,359,,,2
55834575275,FIELD_IDENTIFIER,2,,,json,json,20,359,,,2
55834575276,FIELD_IDENTIFIER,2,,,success,success,6,360,,,2
55834575277,FIELD_IDENTIFIER,2,,,error,error,6,361,,,2
55834575278,FIELD_IDENTIFIER,2,,,message,message,44,361,,,2
55834575279,FIELD_IDENTIFIER,2,,,params,params,25,372,,,2
55834575280,FIELD_IDENTIFIER,2,,,uuid,uuid,12,372,,,2
55834575281,FIELD_IDENTIFIER,2,,,json,json,10,376,,,2
55834575282,FIELD_IDENTIFIER,2,,,success,success,8,377,,,2
55834575283,FIELD_IDENTIFIER,2,,,message,message,8,378,,,2
55834575284,FIELD_IDENTIFIER,2,,,status,status,10,381,,,2
55834575285,FIELD_IDENTIFIER,2,,,json,json,22,381,,,2
55834575286,FIELD_IDENTIFIER,2,,,success,success,8,382,,,2
55834575287,FIELD_IDENTIFIER,2,,,error,error,8,383,,,2
55834575288,FIELD_IDENTIFIER,2,,,error,error,12,387,,,2
55834575289,FIELD_IDENTIFIER,2,,,status,status,8,388,,,2
55834575290,FIELD_IDENTIFIER,2,,,json,json,20,388,,,2
55834575291,FIELD_IDENTIFIER,2,,,success,success,6,389,,,2
55834575292,FIELD_IDENTIFIER,2,,,error,error,6,390,,,2
55834575293,FIELD_IDENTIFIER,2,,,message,message,44,390,,,2
55834575294,FIELD_IDENTIFIER,2,,,params,params,25,401,,,2
55834575295,FIELD_IDENTIFIER,2,,,uuid,uuid,12,401,,,2
55834575296,FIELD_IDENTIFIER,2,,,json,json,10,405,,,2
55834575297,FIELD_IDENTIFIER,2,,,success,success,8,406,,,2
55834575298,FIELD_IDENTIFIER,2,,,message,message,8,407,,,2
55834575299,FIELD_IDENTIFIER,2,,,status,status,10,410,,,2
55834575300,FIELD_IDENTIFIER,2,,,json,json,22,410,,,2
55834575301,FIELD_IDENTIFIER,2,,,success,success,8,411,,,2
55834575302,FIELD_IDENTIFIER,2,,,error,error,8,412,,,2
55834575303,FIELD_IDENTIFIER,2,,,error,error,12,416,,,2
55834575304,FIELD_IDENTIFIER,2,,,status,status,8,417,,,2
55834575305,FIELD_IDENTIFIER,2,,,json,json,20,417,,,2
55834575306,FIELD_IDENTIFIER,2,,,success,success,6,418,,,2
55834575307,FIELD_IDENTIFIER,2,,,error,error,6,419,,,2
55834575308,FIELD_IDENTIFIER,2,,,message,message,44,419,,,2
55834575309,FIELD_IDENTIFIER,2,,,params,params,25,430,,,2
55834575310,FIELD_IDENTIFIER,2,,,uuid,uuid,12,430,,,2
55834575311,FIELD_IDENTIFIER,2,,,json,json,10,434,,,2
55834575312,FIELD_IDENTIFIER,2,,,success,success,8,435,,,2
55834575313,FIELD_IDENTIFIER,2,,,message,message,8,436,,,2
55834575314,FIELD_IDENTIFIER,2,,,status,status,10,439,,,2
55834575315,FIELD_IDENTIFIER,2,,,json,json,22,439,,,2
55834575316,FIELD_IDENTIFIER,2,,,success,success,8,440,,,2
55834575317,FIELD_IDENTIFIER,2,,,error,error,8,441,,,2
55834575318,FIELD_IDENTIFIER,2,,,error,error,12,445,,,2
55834575319,FIELD_IDENTIFIER,2,,,status,status,8,446,,,2
55834575320,FIELD_IDENTIFIER,2,,,json,json,20,446,,,2
55834575321,FIELD_IDENTIFIER,2,,,success,success,6,447,,,2
55834575322,FIELD_IDENTIFIER,2,,,error,error,6,448,,,2
55834575323,FIELD_IDENTIFIER,2,,,message,message,44,448,,,2
55834575324,FIELD_IDENTIFIER,2,,,params,params,25,459,,,2
55834575325,FIELD_IDENTIFIER,2,,,uuid,uuid,12,459,,,2
55834575326,FIELD_IDENTIFIER,2,,,json,json,10,463,,,2
55834575327,FIELD_IDENTIFIER,2,,,success,success,8,464,,,2
55834575328,FIELD_IDENTIFIER,2,,,message,message,8,465,,,2
55834575329,FIELD_IDENTIFIER,2,,,status,status,10,468,,,2
55834575330,FIELD_IDENTIFIER,2,,,json,json,22,468,,,2
55834575331,FIELD_IDENTIFIER,2,,,success,success,8,469,,,2
55834575332,FIELD_IDENTIFIER,2,,,error,error,8,470,,,2
55834575333,FIELD_IDENTIFIER,2,,,error,error,12,474,,,2
55834575334,FIELD_IDENTIFIER,2,,,status,status,8,475,,,2
55834575335,FIELD_IDENTIFIER,2,,,json,json,20,475,,,2
55834575336,FIELD_IDENTIFIER,2,,,success,success,6,476,,,2
55834575337,FIELD_IDENTIFIER,2,,,error,error,6,477,,,2
55834575338,FIELD_IDENTIFIER,2,,,message,message,44,477,,,2
55834575339,FIELD_IDENTIFIER,2,,,params,params,35,488,,,2
55834575340,FIELD_IDENTIFIER,2,,,id,id,42,488,,,2
55834575341,FIELD_IDENTIFIER,2,,,query,query,31,489,,,2
55834575342,FIELD_IDENTIFIER,2,,,limit,limit,37,489,,,2
55834575343,FIELD_IDENTIFIER,2,,,json,json,8,493,,,2
55834575344,FIELD_IDENTIFIER,2,,,success,success,6,494,,,2
55834575345,FIELD_IDENTIFIER,2,,,data,data,6,495,,,2
55834575346,FIELD_IDENTIFIER,2,,,error,error,12,498,,,2
55834575347,FIELD_IDENTIFIER,2,,,status,status,8,499,,,2
55834575348,FIELD_IDENTIFIER,2,,,json,json,20,499,,,2
55834575349,FIELD_IDENTIFIER,2,,,success,success,6,500,,,2
55834575350,FIELD_IDENTIFIER,2,,,error,error,6,501,,,2
55834575351,FIELD_IDENTIFIER,2,,,message,message,44,501,,,2
55834575352,FIELD_IDENTIFIER,2,,,json,json,8,514,,,2
55834575353,FIELD_IDENTIFIER,2,,,success,success,6,515,,,2
55834575354,FIELD_IDENTIFIER,2,,,message,message,6,516,,,2
55834575355,FIELD_IDENTIFIER,2,,,error,error,12,519,,,2
55834575356,FIELD_IDENTIFIER,2,,,status,status,8,520,,,2
55834575357,FIELD_IDENTIFIER,2,,,json,json,20,520,,,2
55834575358,FIELD_IDENTIFIER,2,,,success,success,6,521,,,2
55834575359,FIELD_IDENTIFIER,2,,,error,error,6,522,,,2
55834575360,FIELD_IDENTIFIER,2,,,message,message,44,522,,,2
55834575361,FIELD_IDENTIFIER,2,,,params,params,35,533,,,2
55834575362,FIELD_IDENTIFIER,2,,,id,id,42,533,,,2
55834575363,FIELD_IDENTIFIER,2,,,query,query,29,534,,,2
55834575364,FIELD_IDENTIFIER,2,,,granularity,granularity,35,534,,,2
55834575365,FIELD_IDENTIFIER,2,,,query,query,33,535,,,2
55834575366,FIELD_IDENTIFIER,2,,,periods,periods,39,535,,,2
55834575367,FIELD_IDENTIFIER,2,,,query,query,32,536,,,2
55834575368,FIELD_IDENTIFIER,2,,,offset,offset,38,536,,,2
55834575369,FIELD_IDENTIFIER,2,,,push,push,10,539,,,2
55834575370,FIELD_IDENTIFIER,2,,,push,push,20,539,,,2
55834575371,FIELD_IDENTIFIER,2,,,push,push,31,539,,,2
55834575372,FIELD_IDENTIFIER,2,,,includes,includes,41,539,,,2
55834575373,FIELD_IDENTIFIER,2,,,status,status,17,540,,,2
55834575374,FIELD_IDENTIFIER,2,,,json,json,29,540,,,2
55834575375,FIELD_IDENTIFIER,2,,,success,success,8,541,,,2
55834575376,FIELD_IDENTIFIER,2,,,error,error,8,542,,,2
55834575377,FIELD_IDENTIFIER,2,,,log,log,12,546,,,2
55834575378,FIELD_IDENTIFIER,2,,,log,log,12,550,,,2
55834575379,FIELD_IDENTIFIER,2,,,data,data,71,550,,,2
55834575380,FIELD_IDENTIFIER,2,,,length,length,76,550,,,2
55834575381,FIELD_IDENTIFIER,2,,,json,json,8,552,,,2
55834575382,FIELD_IDENTIFIER,2,,,success,success,6,553,,,2
55834575383,FIELD_IDENTIFIER,2,,,data,data,6,554,,,2
55834575384,FIELD_IDENTIFIER,2,,,error,error,12,557,,,2
55834575385,FIELD_IDENTIFIER,2,,,status,status,8,558,,,2
55834575386,FIELD_IDENTIFIER,2,,,json,json,20,558,,,2
55834575387,FIELD_IDENTIFIER,2,,,success,success,6,559,,,2
55834575388,FIELD_IDENTIFIER,2,,,error,error,6,560,,,2
55834575389,FIELD_IDENTIFIER,2,,,message,message,44,560,,,2
55834575390,FIELD_IDENTIFIER,2,,,details,details,6,561,,,2
55834575391,FIELD_IDENTIFIER,2,,,stack,stack,46,561,,,2
55834575392,FIELD_IDENTIFIER,2,,,Request,Request,0,4,,,2
55834575393,FIELD_IDENTIFIER,2,,,Response,Response,0,4,,,2
55834575394,FIELD_IDENTIFIER,2,,,saveDeploymentFrequency,saveDeploymentFrequency,0,5,,,2
55834575395,FIELD_IDENTIFIER,2,,,saveLeadTimeChange,saveLeadTimeChange,0,5,,,2
55834575396,FIELD_IDENTIFIER,2,,,saveChangeFailureRate,saveChangeFailureRate,0,5,,,2
55834575397,FIELD_IDENTIFIER,2,,,saveTimeToRestoreService,saveTimeToRestoreService,0,5,,,2
55834575398,FIELD_IDENTIFIER,2,,,getDeploymentFrequencyByProject,getDeploymentFrequencyByProject,0,5,,,2
55834575399,FIELD_IDENTIFIER,2,,,getLeadTimeChangesByProject,getLeadTimeChangesByProject,0,5,,,2
55834575400,FIELD_IDENTIFIER,2,,,getChangeFailureRateByProject,getChangeFailureRateByProject,0,5,,,2
55834575401,FIELD_IDENTIFIER,2,,,getTimeToRestoreServiceByProject,getTimeToRestoreServiceByProject,0,5,,,2
55834575402,FIELD_IDENTIFIER,2,,,deleteDeploymentFrequency,deleteDeploymentFrequency,0,5,,,2
55834575403,FIELD_IDENTIFIER,2,,,deleteLeadTimeChange,deleteLeadTimeChange,0,5,,,2
55834575404,FIELD_IDENTIFIER,2,,,deleteChangeFailureRate,deleteChangeFailureRate,0,5,,,2
55834575405,FIELD_IDENTIFIER,2,,,deleteTimeToRestoreService,deleteTimeToRestoreService,0,5,,,2
55834575406,FIELD_IDENTIFIER,2,,,searchDeploymentsByIdPrefix,searchDeploymentsByIdPrefix,0,5,,,2
55834575407,FIELD_IDENTIFIER,2,,,calculateDoraMetricsSummary,calculateDoraMetricsSummary,0,20,,,2
55834575408,FIELD_IDENTIFIER,2,,,getWeeklySnapshotsForProject,getWeeklySnapshotsForProject,0,21,,,2
55834575409,FIELD_IDENTIFIER,2,,,captureLastWeekSnapshots,captureLastWeekSnapshots,0,21,,,2
55834575410,FIELD_IDENTIFIER,2,,,getDoraTrends,getDoraTrends,0,25,,,2
55834575411,FIELD_IDENTIFIER,2,,,createDeploymentFrequency,createDeploymentFrequency,0,31,,,2
55834575412,FIELD_IDENTIFIER,2,,,createLeadTimeChange,createLeadTimeChange,0,72,,,2
55834575413,FIELD_IDENTIFIER,2,,,createChangeFailureRate,createChangeFailureRate,0,123,,,2
55834575414,FIELD_IDENTIFIER,2,,,createTimeToRestoreService,createTimeToRestoreService,0,164,,,2
55834575415,FIELD_IDENTIFIER,2,,,getDeploymentFrequency,getDeploymentFrequency,0,216,,,2
55834575416,FIELD_IDENTIFIER,2,,,getLeadTimeChanges,getLeadTimeChanges,0,240,,,2
55834575417,FIELD_IDENTIFIER,2,,,getChangeFailureRates,getChangeFailureRates,0,264,,,2
55834575418,FIELD_IDENTIFIER,2,,,getTimeToRestoreServices,getTimeToRestoreServices,0,288,,,2
55834575419,FIELD_IDENTIFIER,2,,,getDoraMetricsSummary,getDoraMetricsSummary,0,312,,,2
55834575420,FIELD_IDENTIFIER,2,,,searchDeployments,searchDeployments,0,338,,,2
55834575421,FIELD_IDENTIFIER,2,,,deleteDeploymentFrequencyRecord,deleteDeploymentFrequencyRecord,0,370,,,2
55834575422,FIELD_IDENTIFIER,2,,,deleteLeadTimeChangeRecord,deleteLeadTimeChangeRecord,0,399,,,2
55834575423,FIELD_IDENTIFIER,2,,,deleteChangeFailureRateRecord,deleteChangeFailureRateRecord,0,428,,,2
55834575424,FIELD_IDENTIFIER,2,,,deleteTimeToRestoreServiceRecord,deleteTimeToRestoreServiceRecord,0,457,,,2
55834575425,FIELD_IDENTIFIER,2,,,getWeeklySnapshots,getWeeklySnapshots,0,486,,,2
55834575426,FIELD_IDENTIFIER,2,,,manualCaptureLastWeek,manualCaptureLastWeek,0,510,,,2
55834575427,FIELD_IDENTIFIER,2,,,getDoraTrendsController,getDoraTrendsController,0,531,,,2
55834575428,FIELD_IDENTIFIER,2,,,add,add,17,111,,,2
55834575429,FIELD_IDENTIFIER,2,,,date,date,25,111,,,2
55834575430,FIELD_IDENTIFIER,2,,,rows,rows,14,110,,,2
55834575431,FIELD_IDENTIFIER,2,,,forEach,forEach,19,110,,,2
55834575432,FIELD_IDENTIFIER,2,,,set,set,12,126,,,2
55834575433,FIELD_IDENTIFIER,2,,,date,date,20,126,,,2
55834575434,FIELD_IDENTIFIER,2,,,health_score,health_score,30,126,,,2
55834575435,FIELD_IDENTIFIER,2,,,health_score,health_score,60,126,,,2
55834575436,FIELD_IDENTIFIER,2,,,rows,rows,14,125,,,2
55834575437,FIELD_IDENTIFIER,2,,,forEach,forEach,19,125,,,2
55834575438,FIELD_IDENTIFIER,2,,,timestamp,timestamp,8,142,,,2
55834575439,FIELD_IDENTIFIER,2,,,date,date,8,143,,,2
55834575440,FIELD_IDENTIFIER,2,,,issue_health,issue_health,8,144,,,2
55834575441,FIELD_IDENTIFIER,2,,,get,get,31,144,,,2
55834575442,FIELD_IDENTIFIER,2,,,mr_health,mr_health,8,145,,,2
55834575443,FIELD_IDENTIFIER,2,,,get,get,25,145,,,2
55834575444,FIELD_IDENTIFIER,2,,,commit_health,commit_health,8,146,,,2
55834575445,FIELD_IDENTIFIER,2,,,get,get,33,146,,,2
55834575446,FIELD_IDENTIFIER,2,,,reliability_health,reliability_health,8,147,,,2
55834575447,FIELD_IDENTIFIER,2,,,get,get,43,147,,,2
55834575448,FIELD_IDENTIFIER,2,,,maintainability_health,maintainability_health,8,148,,,2
55834575449,FIELD_IDENTIFIER,2,,,get,get,51,148,,,2
55834575450,FIELD_IDENTIFIER,2,,,security_health,security_health,8,149,,,2
55834575451,FIELD_IDENTIFIER,2,,,get,get,37,149,,,2
55834575452,FIELD_IDENTIFIER,2,,,params,params,35,13,,,2
55834575453,FIELD_IDENTIFIER,2,,,id,id,42,13,,,2
55834575454,FIELD_IDENTIFIER,2,,,query,query,30,14,,,2
55834575455,FIELD_IDENTIFIER,2,,,days,days,36,14,,,2
55834575456,FIELD_IDENTIFIER,2,,,status,status,17,17,,,2
55834575457,FIELD_IDENTIFIER,2,,,json,json,29,17,,,2
55834575458,FIELD_IDENTIFIER,2,,,success,success,8,18,,,2
55834575459,FIELD_IDENTIFIER,2,,,error,error,8,19,,,2
55834575460,FIELD_IDENTIFIER,2,,,push,push,6,35,,,2
55834575461,FIELD_IDENTIFIER,2,,,query,query,11,35,,,2
55834575462,FIELD_IDENTIFIER,2,,,push,push,10,44,,,2
55834575463,FIELD_IDENTIFIER,2,,,push,push,6,47,,,2
55834575464,FIELD_IDENTIFIER,2,,,query,query,11,47,,,2
55834575465,FIELD_IDENTIFIER,2,,,push,push,10,56,,,2
55834575466,FIELD_IDENTIFIER,2,,,push,push,6,59,,,2
55834575467,FIELD_IDENTIFIER,2,,,query,query,11,59,,,2
55834575468,FIELD_IDENTIFIER,2,,,push,push,10,68,,,2
55834575469,FIELD_IDENTIFIER,2,,,push,push,6,71,,,2
55834575470,FIELD_IDENTIFIER,2,,,query,query,11,71,,,2
55834575471,FIELD_IDENTIFIER,2,,,push,push,10,80,,,2
55834575472,FIELD_IDENTIFIER,2,,,push,push,6,83,,,2
55834575473,FIELD_IDENTIFIER,2,,,query,query,11,83,,,2
55834575474,FIELD_IDENTIFIER,2,,,push,push,10,92,,,2
55834575475,FIELD_IDENTIFIER,2,,,push,push,6,95,,,2
55834575476,FIELD_IDENTIFIER,2,,,query,query,11,95,,,2
55834575477,FIELD_IDENTIFIER,2,,,push,push,10,104,,,2
55834575478,FIELD_IDENTIFIER,2,,,from,from,34,139,,,2
55834575479,FIELD_IDENTIFIER,2,,,sort,sort,7,140,,,2
55834575480,FIELD_IDENTIFIER,2,,,map,map,7,141,,,2
55834575481,FIELD_IDENTIFIER,2,,,json,json,8,152,,,2
55834575482,FIELD_IDENTIFIER,2,,,success,success,6,153,,,2
55834575483,FIELD_IDENTIFIER,2,,,data,data,6,154,,,2
55834575484,FIELD_IDENTIFIER,2,,,error,error,12,157,,,2
55834575485,FIELD_IDENTIFIER,2,,,status,status,8,158,,,2
55834575486,FIELD_IDENTIFIER,2,,,json,json,20,158,,,2
55834575487,FIELD_IDENTIFIER,2,,,success,success,6,159,,,2
55834575488,FIELD_IDENTIFIER,2,,,error,error,6,160,,,2
55834575489,FIELD_IDENTIFIER,2,,,message,message,44,160,,,2
55834575490,FIELD_IDENTIFIER,2,,,params,params,35,171,,,2
55834575491,FIELD_IDENTIFIER,2,,,id,id,42,171,,,2
55834575492,FIELD_IDENTIFIER,2,,,status,status,17,174,,,2
55834575493,FIELD_IDENTIFIER,2,,,json,json,29,174,,,2
55834575494,FIELD_IDENTIFIER,2,,,success,success,8,175,,,2
55834575495,FIELD_IDENTIFIER,2,,,error,error,8,176,,,2
55834575496,FIELD_IDENTIFIER,2,,,push,push,6,191,,,2
55834575497,FIELD_IDENTIFIER,2,,,query,query,11,191,,,2
55834575498,FIELD_IDENTIFIER,2,,,push,push,10,197,,,2
55834575499,FIELD_IDENTIFIER,2,,,push,push,6,199,,,2
55834575500,FIELD_IDENTIFIER,2,,,query,query,11,199,,,2
55834575501,FIELD_IDENTIFIER,2,,,push,push,10,205,,,2
55834575502,FIELD_IDENTIFIER,2,,,push,push,6,207,,,2
55834575503,FIELD_IDENTIFIER,2,,,query,query,11,207,,,2
55834575504,FIELD_IDENTIFIER,2,,,push,push,10,213,,,2
55834575505,FIELD_IDENTIFIER,2,,,push,push,6,215,,,2
55834575506,FIELD_IDENTIFIER,2,,,query,query,11,215,,,2
55834575507,FIELD_IDENTIFIER,2,,,push,push,10,221,,,2
55834575508,FIELD_IDENTIFIER,2,,,push,push,6,223,,,2
55834575509,FIELD_IDENTIFIER,2,,,query,query,11,223,,,2
55834575510,FIELD_IDENTIFIER,2,,,push,push,10,229,,,2
55834575511,FIELD_IDENTIFIER,2,,,push,push,6,231,,,2
55834575512,FIELD_IDENTIFIER,2,,,query,query,11,231,,,2
55834575513,FIELD_IDENTIFIER,2,,,push,push,10,237,,,2
55834575514,FIELD_IDENTIFIER,2,,,issue_health,issue_health,6,241,,,2
55834575515,FIELD_IDENTIFIER,2,,,rows,rows,32,241,,,2
55834575516,FIELD_IDENTIFIER,2,,,health_score,health_score,41,241,,,2
55834575517,FIELD_IDENTIFIER,2,,,rows,rows,79,241,,,2
55834575518,FIELD_IDENTIFIER,2,,,health_score,health_score,87,241,,,2
55834575519,FIELD_IDENTIFIER,2,,,mr_health,mr_health,6,242,,,2
55834575520,FIELD_IDENTIFIER,2,,,rows,rows,26,242,,,2
55834575521,FIELD_IDENTIFIER,2,,,health_score,health_score,35,242,,,2
55834575522,FIELD_IDENTIFIER,2,,,rows,rows,70,242,,,2
55834575523,FIELD_IDENTIFIER,2,,,health_score,health_score,78,242,,,2
55834575524,FIELD_IDENTIFIER,2,,,commit_health,commit_health,6,243,,,2
55834575525,FIELD_IDENTIFIER,2,,,rows,rows,34,243,,,2
55834575526,FIELD_IDENTIFIER,2,,,health_score,health_score,43,243,,,2
55834575527,FIELD_IDENTIFIER,2,,,rows,rows,82,243,,,2
55834575528,FIELD_IDENTIFIER,2,,,health_score,health_score,90,243,,,2
55834575529,FIELD_IDENTIFIER,2,,,reliability_health,reliability_health,6,244,,,2
55834575530,FIELD_IDENTIFIER,2,,,rows,rows,44,244,,,2
55834575531,FIELD_IDENTIFIER,2,,,health_score,health_score,53,244,,,2
55834575532,FIELD_IDENTIFIER,2,,,rows,rows,97,244,,,2
55834575533,FIELD_IDENTIFIER,2,,,health_score,health_score,105,244,,,2
55834575534,FIELD_IDENTIFIER,2,,,maintainability_health,maintainability_health,6,245,,,2
55834575535,FIELD_IDENTIFIER,2,,,rows,rows,52,245,,,2
55834575536,FIELD_IDENTIFIER,2,,,health_score,health_score,61,245,,,2
55834575537,FIELD_IDENTIFIER,2,,,rows,rows,109,245,,,2
55834575538,FIELD_IDENTIFIER,2,,,health_score,health_score,117,245,,,2
55834575539,FIELD_IDENTIFIER,2,,,security_health,security_health,6,246,,,2
55834575540,FIELD_IDENTIFIER,2,,,rows,rows,38,246,,,2
55834575541,FIELD_IDENTIFIER,2,,,health_score,health_score,47,246,,,2
55834575542,FIELD_IDENTIFIER,2,,,rows,rows,88,246,,,2
55834575543,FIELD_IDENTIFIER,2,,,health_score,health_score,96,246,,,2
55834575544,FIELD_IDENTIFIER,2,,,created_at,created_at,6,247,,,2
55834575545,FIELD_IDENTIFIER,2,,,rows,rows,30,247,,,2
55834575546,FIELD_IDENTIFIER,2,,,created_at,created_at,39,247,,,2
55834575547,FIELD_IDENTIFIER,2,,,json,json,8,250,,,2
55834575548,FIELD_IDENTIFIER,2,,,success,success,6,251,,,2
55834575549,FIELD_IDENTIFIER,2,,,data,data,6,252,,,2
55834575550,FIELD_IDENTIFIER,2,,,error,error,12,255,,,2
55834575551,FIELD_IDENTIFIER,2,,,status,status,8,256,,,2
55834575552,FIELD_IDENTIFIER,2,,,json,json,20,256,,,2
55834575553,FIELD_IDENTIFIER,2,,,success,success,6,257,,,2
55834575554,FIELD_IDENTIFIER,2,,,error,error,6,258,,,2
55834575555,FIELD_IDENTIFIER,2,,,message,message,44,258,,,2
55834575556,FIELD_IDENTIFIER,2,,,Request,Request,0,4,,,2
55834575557,FIELD_IDENTIFIER,2,,,Response,Response,0,4,,,2
55834575558,FIELD_IDENTIFIER,2,,,getPool,getPool,0,5,,,2
55834575559,FIELD_IDENTIFIER,2,,,getHealthScoreHistory,getHealthScoreHistory,0,11,,,2
55834575560,FIELD_IDENTIFIER,2,,,getLatestHealthScores,getLatestHealthScores,0,169,,,2
55834575561,FIELD_IDENTIFIER,2,,,params,params,35,14,,,2
55834575562,FIELD_IDENTIFIER,2,,,id,id,42,14,,,2
55834575563,FIELD_IDENTIFIER,2,,,status,status,17,17,,,2
55834575564,FIELD_IDENTIFIER,2,,,json,json,29,17,,,2
55834575565,FIELD_IDENTIFIER,2,,,success,success,8,18,,,2
55834575566,FIELD_IDENTIFIER,2,,,error,error,8,19,,,2
55834575567,FIELD_IDENTIFIER,2,,,log,log,12,23,,,2
55834575568,FIELD_IDENTIFIER,2,,,syncIssueMetrics,syncIssueMetrics,50,26,,,2
55834575569,FIELD_IDENTIFIER,2,,,json,json,8,28,,,2
55834575570,FIELD_IDENTIFIER,2,,,success,success,6,29,,,2
55834575571,FIELD_IDENTIFIER,2,,,message,message,6,30,,,2
55834575572,FIELD_IDENTIFIER,2,,,data,data,6,31,,,2
55834575573,FIELD_IDENTIFIER,2,,,error,error,12,34,,,2
55834575574,FIELD_IDENTIFIER,2,,,error,error,12,35,,,2
55834575575,FIELD_IDENTIFIER,2,,,stack,stack,90,35,,,2
55834575576,FIELD_IDENTIFIER,2,,,status,status,8,36,,,2
55834575577,FIELD_IDENTIFIER,2,,,json,json,20,36,,,2
55834575578,FIELD_IDENTIFIER,2,,,success,success,6,37,,,2
55834575579,FIELD_IDENTIFIER,2,,,error,error,6,38,,,2
55834575580,FIELD_IDENTIFIER,2,,,message,message,44,38,,,2
55834575581,FIELD_IDENTIFIER,2,,,details,details,6,39,,,2
55834575582,FIELD_IDENTIFIER,2,,,stack,stack,46,39,,,2
55834575583,FIELD_IDENTIFIER,2,,,params,params,35,50,,,2
55834575584,FIELD_IDENTIFIER,2,,,id,id,42,50,,,2
55834575585,FIELD_IDENTIFIER,2,,,status,status,17,53,,,2
55834575586,FIELD_IDENTIFIER,2,,,json,json,29,53,,,2
55834575587,FIELD_IDENTIFIER,2,,,success,success,8,54,,,2
55834575588,FIELD_IDENTIFIER,2,,,error,error,8,55,,,2
55834575589,FIELD_IDENTIFIER,2,,,getMetrics,getMetrics,48,59,,,2
55834575590,FIELD_IDENTIFIER,2,,,status,status,17,62,,,2
55834575591,FIELD_IDENTIFIER,2,,,json,json,29,62,,,2
55834575592,FIELD_IDENTIFIER,2,,,success,success,8,63,,,2
55834575593,FIELD_IDENTIFIER,2,,,error,error,8,64,,,2
55834575594,FIELD_IDENTIFIER,2,,,json,json,8,68,,,2
55834575595,FIELD_IDENTIFIER,2,,,success,success,6,69,,,2
55834575596,FIELD_IDENTIFIER,2,,,data,data,6,70,,,2
55834575597,FIELD_IDENTIFIER,2,,,error,error,12,73,,,2
55834575598,FIELD_IDENTIFIER,2,,,status,status,8,74,,,2
55834575599,FIELD_IDENTIFIER,2,,,json,json,20,74,,,2
55834575600,FIELD_IDENTIFIER,2,,,success,success,6,75,,,2
55834575601,FIELD_IDENTIFIER,2,,,error,error,6,76,,,2
55834575602,FIELD_IDENTIFIER,2,,,message,message,44,76,,,2
55834575603,FIELD_IDENTIFIER,2,,,params,params,35,87,,,2
55834575604,FIELD_IDENTIFIER,2,,,id,id,42,87,,,2
55834575605,FIELD_IDENTIFIER,2,,,status,status,17,90,,,2
55834575606,FIELD_IDENTIFIER,2,,,json,json,29,90,,,2
55834575607,FIELD_IDENTIFIER,2,,,success,success,8,91,,,2
55834575608,FIELD_IDENTIFIER,2,,,error,error,8,92,,,2
55834575609,FIELD_IDENTIFIER,2,,,getMetrics,getMetrics,55,97,,,2
55834575610,FIELD_IDENTIFIER,2,,,status,status,17,100,,,2
55834575611,FIELD_IDENTIFIER,2,,,json,json,29,100,,,2
55834575612,FIELD_IDENTIFIER,2,,,success,success,8,101,,,2
55834575613,FIELD_IDENTIFIER,2,,,error,error,8,102,,,2
55834575614,FIELD_IDENTIFIER,2,,,getWeekOverWeekTrends,getWeekOverWeekTrends,47,107,,,2
55834575615,FIELD_IDENTIFIER,2,,,getMetricsHistory,getMetricsHistory,48,110,,,2
55834575616,FIELD_IDENTIFIER,2,,,json,json,8,112,,,2
55834575617,FIELD_IDENTIFIER,2,,,success,success,6,113,,,2
55834575618,FIELD_IDENTIFIER,2,,,data,data,6,114,,,2
55834575619,FIELD_IDENTIFIER,2,,,current,current,8,115,,,2
55834575620,FIELD_IDENTIFIER,2,,,weekOverWeek,weekOverWeek,8,116,,,2
55834575621,FIELD_IDENTIFIER,2,,,history,history,8,117,,,2
55834575622,FIELD_IDENTIFIER,2,,,error,error,12,121,,,2
55834575623,FIELD_IDENTIFIER,2,,,status,status,8,122,,,2
55834575624,FIELD_IDENTIFIER,2,,,json,json,20,122,,,2
55834575625,FIELD_IDENTIFIER,2,,,success,success,6,123,,,2
55834575626,FIELD_IDENTIFIER,2,,,error,error,6,124,,,2
55834575627,FIELD_IDENTIFIER,2,,,message,message,44,124,,,2
55834575628,FIELD_IDENTIFIER,2,,,params,params,35,135,,,2
55834575629,FIELD_IDENTIFIER,2,,,id,id,42,135,,,2
55834575630,FIELD_IDENTIFIER,2,,,query,query,30,136,,,2
55834575631,FIELD_IDENTIFIER,2,,,days,days,36,136,,,2
55834575632,FIELD_IDENTIFIER,2,,,status,status,17,139,,,2
55834575633,FIELD_IDENTIFIER,2,,,json,json,29,139,,,2
55834575634,FIELD_IDENTIFIER,2,,,success,success,8,140,,,2
55834575635,FIELD_IDENTIFIER,2,,,error,error,8,141,,,2
55834575636,FIELD_IDENTIFIER,2,,,getMetricsHistory,getMetricsHistory,48,145,,,2
55834575637,FIELD_IDENTIFIER,2,,,json,json,8,147,,,2
55834575638,FIELD_IDENTIFIER,2,,,success,success,6,148,,,2
55834575639,FIELD_IDENTIFIER,2,,,data,data,6,149,,,2
55834575640,FIELD_IDENTIFIER,2,,,error,error,12,152,,,2
55834575641,FIELD_IDENTIFIER,2,,,status,status,8,153,,,2
55834575642,FIELD_IDENTIFIER,2,,,json,json,20,153,,,2
55834575643,FIELD_IDENTIFIER,2,,,success,success,6,154,,,2
55834575644,FIELD_IDENTIFIER,2,,,error,error,6,155,,,2
55834575645,FIELD_IDENTIFIER,2,,,message,message,44,155,,,2
55834575646,FIELD_IDENTIFIER,2,,,Request,Request,0,4,,,2
55834575647,FIELD_IDENTIFIER,2,,,Response,Response,0,4,,,2
55834575648,FIELD_IDENTIFIER,2,,,refreshIssueMetrics,refreshIssueMetrics,0,12,,,2
55834575649,FIELD_IDENTIFIER,2,,,getIssueMetrics,getIssueMetrics,0,48,,,2
55834575650,FIELD_IDENTIFIER,2,,,getIssueMetricsTrends,getIssueMetricsTrends,0,85,,,2
55834575651,FIELD_IDENTIFIER,2,,,getIssueMetricsHistory,getIssueMetricsHistory,0,133,,,2
55834575652,FIELD_IDENTIFIER,2,,,params,params,35,14,,,2
55834575653,FIELD_IDENTIFIER,2,,,id,id,42,14,,,2
55834575654,FIELD_IDENTIFIER,2,,,status,status,17,17,,,2
55834575655,FIELD_IDENTIFIER,2,,,json,json,29,17,,,2
55834575656,FIELD_IDENTIFIER,2,,,success,success,8,18,,,2
55834575657,FIELD_IDENTIFIER,2,,,error,error,8,19,,,2
55834575658,FIELD_IDENTIFIER,2,,,log,log,12,23,,,2
55834575659,FIELD_IDENTIFIER,2,,,syncMilestoneMetrics,syncMilestoneMetrics,54,26,,,2
55834575660,FIELD_IDENTIFIER,2,,,json,json,8,28,,,2
55834575661,FIELD_IDENTIFIER,2,,,success,success,6,29,,,2
55834575662,FIELD_IDENTIFIER,2,,,message,message,6,30,,,2
55834575663,FIELD_IDENTIFIER,2,,,data,data,6,31,,,2
55834575664,FIELD_IDENTIFIER,2,,,error,error,12,34,,,2
55834575665,FIELD_IDENTIFIER,2,,,status,status,8,35,,,2
55834575666,FIELD_IDENTIFIER,2,,,json,json,20,35,,,2
55834575667,FIELD_IDENTIFIER,2,,,success,success,6,36,,,2
55834575668,FIELD_IDENTIFIER,2,,,error,error,6,37,,,2
55834575669,FIELD_IDENTIFIER,2,,,message,message,44,37,,,2
55834575670,FIELD_IDENTIFIER,2,,,params,params,35,48,,,2
55834575671,FIELD_IDENTIFIER,2,,,id,id,42,48,,,2
55834575672,FIELD_IDENTIFIER,2,,,status,status,17,51,,,2
55834575673,FIELD_IDENTIFIER,2,,,json,json,29,51,,,2
55834575674,FIELD_IDENTIFIER,2,,,success,success,8,52,,,2
55834575675,FIELD_IDENTIFIER,2,,,error,error,8,53,,,2
55834575676,FIELD_IDENTIFIER,2,,,log,log,12,57,,,2
55834575677,FIELD_IDENTIFIER,2,,,getMetrics,getMetrics,52,59,,,2
55834575678,FIELD_IDENTIFIER,2,,,status,status,17,62,,,2
55834575679,FIELD_IDENTIFIER,2,,,json,json,29,62,,,2
55834575680,FIELD_IDENTIFIER,2,,,success,success,8,63,,,2
55834575681,FIELD_IDENTIFIER,2,,,error,error,8,64,,,2
55834575682,FIELD_IDENTIFIER,2,,,json,json,8,68,,,2
55834575683,FIELD_IDENTIFIER,2,,,success,success,6,69,,,2
55834575684,FIELD_IDENTIFIER,2,,,data,data,6,70,,,2
55834575685,FIELD_IDENTIFIER,2,,,error,error,12,73,,,2
55834575686,FIELD_IDENTIFIER,2,,,status,status,8,74,,,2
55834575687,FIELD_IDENTIFIER,2,,,json,json,20,74,,,2
55834575688,FIELD_IDENTIFIER,2,,,success,success,6,75,,,2
55834575689,FIELD_IDENTIFIER,2,,,error,error,6,76,,,2
55834575690,FIELD_IDENTIFIER,2,,,message,message,44,76,,,2
55834575691,FIELD_IDENTIFIER,2,,,Request,Request,0,4,,,2
55834575692,FIELD_IDENTIFIER,2,,,Response,Response,0,4,,,2
55834575693,FIELD_IDENTIFIER,2,,,refreshMilestoneMetrics,refreshMilestoneMetrics,0,12,,,2
55834575694,FIELD_IDENTIFIER,2,,,getMilestoneMetrics,getMilestoneMetrics,0,46,,,2
55834575695,FIELD_IDENTIFIER,2,,,params,params,35,15,,,2
55834575696,FIELD_IDENTIFIER,2,,,id,id,42,15,,,2
55834575697,FIELD_IDENTIFIER,2,,,status,status,17,18,,,2
55834575698,FIELD_IDENTIFIER,2,,,json,json,29,18,,,2
55834575699,FIELD_IDENTIFIER,2,,,success,success,8,19,,,2
55834575700,FIELD_IDENTIFIER,2,,,error,error,8,20,,,2
55834575701,FIELD_IDENTIFIER,2,,,log,log,12,24,,,2
55834575702,FIELD_IDENTIFIER,2,,,syncMRMetrics,syncMRMetrics,47,26,,,2
55834575703,FIELD_IDENTIFIER,2,,,json,json,8,28,,,2
55834575704,FIELD_IDENTIFIER,2,,,success,success,6,29,,,2
55834575705,FIELD_IDENTIFIER,2,,,data,data,6,30,,,2
55834575706,FIELD_IDENTIFIER,2,,,message,message,6,31,,,2
55834575707,FIELD_IDENTIFIER,2,,,error,error,12,34,,,2
55834575708,FIELD_IDENTIFIER,2,,,error,error,12,35,,,2
55834575709,FIELD_IDENTIFIER,2,,,stack,stack,40,35,,,2
55834575710,FIELD_IDENTIFIER,2,,,status,status,8,36,,,2
55834575711,FIELD_IDENTIFIER,2,,,json,json,20,36,,,2
55834575712,FIELD_IDENTIFIER,2,,,success,success,6,37,,,2
55834575713,FIELD_IDENTIFIER,2,,,error,error,6,38,,,2
55834575714,FIELD_IDENTIFIER,2,,,details,details,6,39,,,2
55834575715,FIELD_IDENTIFIER,2,,,message,message,21,39,,,2
55834575716,FIELD_IDENTIFIER,2,,,params,params,35,50,,,2
55834575717,FIELD_IDENTIFIER,2,,,id,id,42,50,,,2
55834575718,FIELD_IDENTIFIER,2,,,status,status,17,53,,,2
55834575719,FIELD_IDENTIFIER,2,,,json,json,29,53,,,2
55834575720,FIELD_IDENTIFIER,2,,,success,success,8,54,,,2
55834575721,FIELD_IDENTIFIER,2,,,error,error,8,55,,,2
55834575722,FIELD_IDENTIFIER,2,,,getMetrics,getMetrics,45,59,,,2
55834575723,FIELD_IDENTIFIER,2,,,status,status,17,62,,,2
55834575724,FIELD_IDENTIFIER,2,,,json,json,29,62,,,2
55834575725,FIELD_IDENTIFIER,2,,,success,success,8,63,,,2
55834575726,FIELD_IDENTIFIER,2,,,error,error,8,64,,,2
55834575727,FIELD_IDENTIFIER,2,,,json,json,8,68,,,2
55834575728,FIELD_IDENTIFIER,2,,,success,success,6,69,,,2
55834575729,FIELD_IDENTIFIER,2,,,data,data,6,70,,,2
55834575730,FIELD_IDENTIFIER,2,,,error,error,12,73,,,2
55834575731,FIELD_IDENTIFIER,2,,,status,status,8,74,,,2
55834575732,FIELD_IDENTIFIER,2,,,json,json,20,74,,,2
55834575733,FIELD_IDENTIFIER,2,,,success,success,6,75,,,2
55834575734,FIELD_IDENTIFIER,2,,,error,error,6,76,,,2
55834575735,FIELD_IDENTIFIER,2,,,details,details,6,77,,,2
55834575736,FIELD_IDENTIFIER,2,,,message,message,21,77,,,2
55834575737,FIELD_IDENTIFIER,2,,,params,params,35,88,,,2
55834575738,FIELD_IDENTIFIER,2,,,id,id,42,88,,,2
55834575739,FIELD_IDENTIFIER,2,,,status,status,17,91,,,2
55834575740,FIELD_IDENTIFIER,2,,,json,json,29,91,,,2
55834575741,FIELD_IDENTIFIER,2,,,success,success,8,92,,,2
55834575742,FIELD_IDENTIFIER,2,,,error,error,8,93,,,2
55834575743,FIELD_IDENTIFIER,2,,,getWeekOverWeekTrends,getWeekOverWeekTrends,44,97,,,2
55834575744,FIELD_IDENTIFIER,2,,,status,status,17,100,,,2
55834575745,FIELD_IDENTIFIER,2,,,json,json,29,100,,,2
55834575746,FIELD_IDENTIFIER,2,,,success,success,8,101,,,2
55834575747,FIELD_IDENTIFIER,2,,,error,error,8,102,,,2
55834575748,FIELD_IDENTIFIER,2,,,json,json,8,106,,,2
55834575749,FIELD_IDENTIFIER,2,,,success,success,6,107,,,2
55834575750,FIELD_IDENTIFIER,2,,,data,data,6,108,,,2
55834575751,FIELD_IDENTIFIER,2,,,error,error,12,111,,,2
55834575752,FIELD_IDENTIFIER,2,,,status,status,8,112,,,2
55834575753,FIELD_IDENTIFIER,2,,,json,json,20,112,,,2
55834575754,FIELD_IDENTIFIER,2,,,success,success,6,113,,,2
55834575755,FIELD_IDENTIFIER,2,,,error,error,6,114,,,2
55834575756,FIELD_IDENTIFIER,2,,,details,details,6,115,,,2
55834575757,FIELD_IDENTIFIER,2,,,message,message,21,115,,,2
55834575758,FIELD_IDENTIFIER,2,,,params,params,35,126,,,2
55834575759,FIELD_IDENTIFIER,2,,,id,id,42,126,,,2
55834575760,FIELD_IDENTIFIER,2,,,query,query,21,127,,,2
55834575761,FIELD_IDENTIFIER,2,,,days,days,27,127,,,2
55834575762,FIELD_IDENTIFIER,2,,,query,query,47,127,,,2
55834575763,FIELD_IDENTIFIER,2,,,days,days,53,127,,,2
55834575764,FIELD_IDENTIFIER,2,,,status,status,17,130,,,2
55834575765,FIELD_IDENTIFIER,2,,,json,json,29,130,,,2
55834575766,FIELD_IDENTIFIER,2,,,success,success,8,131,,,2
55834575767,FIELD_IDENTIFIER,2,,,error,error,8,132,,,2
55834575768,FIELD_IDENTIFIER,2,,,getMetricsHistory,getMetricsHistory,45,136,,,2
55834575769,FIELD_IDENTIFIER,2,,,json,json,8,138,,,2
55834575770,FIELD_IDENTIFIER,2,,,success,success,6,139,,,2
55834575771,FIELD_IDENTIFIER,2,,,data,data,6,140,,,2
55834575772,FIELD_IDENTIFIER,2,,,error,error,12,143,,,2
55834575773,FIELD_IDENTIFIER,2,,,status,status,8,144,,,2
55834575774,FIELD_IDENTIFIER,2,,,json,json,20,144,,,2
55834575775,FIELD_IDENTIFIER,2,,,success,success,6,145,,,2
55834575776,FIELD_IDENTIFIER,2,,,error,error,6,146,,,2
55834575777,FIELD_IDENTIFIER,2,,,details,details,6,147,,,2
55834575778,FIELD_IDENTIFIER,2,,,message,message,21,147,,,2
55834575779,FIELD_IDENTIFIER,2,,,Request,Request,0,5,,,2
55834575780,FIELD_IDENTIFIER,2,,,Response,Response,0,5,,,2
55834575781,FIELD_IDENTIFIER,2,,,refreshMRMetrics,refreshMRMetrics,0,13,,,2
55834575782,FIELD_IDENTIFIER,2,,,getMRMetrics,getMRMetrics,0,48,,,2
55834575783,FIELD_IDENTIFIER,2,,,getMRMetricsTrends,getMRMetricsTrends,0,86,,,2
55834575784,FIELD_IDENTIFIER,2,,,getMRMetricsHistory,getMRMetricsHistory,0,124,,,2
55834575785,FIELD_IDENTIFIER,2,,,getAllProjectsFromDB,getAllProjectsFromDB,49,18,,,2
55834575786,FIELD_IDENTIFIER,2,,,json,json,10,19,,,2
55834575787,FIELD_IDENTIFIER,2,,,status,status,10,21,,,2
55834575788,FIELD_IDENTIFIER,2,,,json,json,22,21,,,2
55834575789,FIELD_IDENTIFIER,2,,,error,error,29,21,,,2
55834575790,FIELD_IDENTIFIER,2,,,message,message,42,21,,,2
55834575791,FIELD_IDENTIFIER,2,,,params,params,25,31,,,2
55834575792,FIELD_IDENTIFIER,2,,,id,id,14,31,,,2
55834575793,FIELD_IDENTIFIER,2,,,status,status,19,35,,,2
55834575794,FIELD_IDENTIFIER,2,,,json,json,31,35,,,2
55834575795,FIELD_IDENTIFIER,2,,,error,error,38,35,,,2
55834575796,FIELD_IDENTIFIER,2,,,getProjectByIdFromDB,getProjectByIdFromDB,48,38,,,2
55834575797,FIELD_IDENTIFIER,2,,,status,status,19,41,,,2
55834575798,FIELD_IDENTIFIER,2,,,json,json,31,41,,,2
55834575799,FIELD_IDENTIFIER,2,,,error,error,38,41,,,2
55834575800,FIELD_IDENTIFIER,2,,,json,json,10,44,,,2
55834575801,FIELD_IDENTIFIER,2,,,status,status,10,46,,,2
55834575802,FIELD_IDENTIFIER,2,,,json,json,22,46,,,2
55834575803,FIELD_IDENTIFIER,2,,,error,error,29,46,,,2
55834575804,FIELD_IDENTIFIER,2,,,message,message,42,46,,,2
55834575805,FIELD_IDENTIFIER,2,,,getTrackedProjectsFromDB,getTrackedProjectsFromDB,49,56,,,2
55834575806,FIELD_IDENTIFIER,2,,,json,json,10,57,,,2
55834575807,FIELD_IDENTIFIER,2,,,status,status,10,59,,,2
55834575808,FIELD_IDENTIFIER,2,,,json,json,22,59,,,2
55834575809,FIELD_IDENTIFIER,2,,,error,error,29,59,,,2
55834575810,FIELD_IDENTIFIER,2,,,message,message,42,59,,,2
55834575811,FIELD_IDENTIFIER,2,,,syncAllProjects,syncAllProjects,48,69,,,2
55834575812,FIELD_IDENTIFIER,2,,,json,json,10,70,,,2
55834575813,FIELD_IDENTIFIER,2,,,status,status,10,72,,,2
55834575814,FIELD_IDENTIFIER,2,,,json,json,22,72,,,2
55834575815,FIELD_IDENTIFIER,2,,,error,error,29,72,,,2
55834575816,FIELD_IDENTIFIER,2,,,message,message,42,72,,,2
55834575817,FIELD_IDENTIFIER,2,,,params,params,25,82,,,2
55834575818,FIELD_IDENTIFIER,2,,,id,id,14,82,,,2
55834575819,FIELD_IDENTIFIER,2,,,status,status,19,86,,,2
55834575820,FIELD_IDENTIFIER,2,,,json,json,31,86,,,2
55834575821,FIELD_IDENTIFIER,2,,,error,error,38,86,,,2
55834575822,FIELD_IDENTIFIER,2,,,syncProject,syncProject,47,89,,,2
55834575823,FIELD_IDENTIFIER,2,,,json,json,10,90,,,2
55834575824,FIELD_IDENTIFIER,2,,,status,status,10,92,,,2
55834575825,FIELD_IDENTIFIER,2,,,json,json,22,92,,,2
55834575826,FIELD_IDENTIFIER,2,,,error,error,29,92,,,2
55834575827,FIELD_IDENTIFIER,2,,,message,message,42,92,,,2
55834575828,FIELD_IDENTIFIER,2,,,params,params,25,102,,,2
55834575829,FIELD_IDENTIFIER,2,,,id,id,14,102,,,2
55834575830,FIELD_IDENTIFIER,2,,,status,status,19,106,,,2
55834575831,FIELD_IDENTIFIER,2,,,json,json,31,106,,,2
55834575832,FIELD_IDENTIFIER,2,,,error,error,38,106,,,2
55834575833,FIELD_IDENTIFIER,2,,,refreshProject,refreshProject,34,109,,,2
55834575834,FIELD_IDENTIFIER,2,,,json,json,10,110,,,2
55834575835,FIELD_IDENTIFIER,2,,,success,success,17,110,,,2
55834575836,FIELD_IDENTIFIER,2,,,id,id,32,110,,,2
55834575837,FIELD_IDENTIFIER,2,,,status,status,10,112,,,2
55834575838,FIELD_IDENTIFIER,2,,,json,json,22,112,,,2
55834575839,FIELD_IDENTIFIER,2,,,error,error,29,112,,,2
55834575840,FIELD_IDENTIFIER,2,,,message,message,42,112,,,2
55834575841,FIELD_IDENTIFIER,2,,,refreshAllTrackedProjects,refreshAllTrackedProjects,34,122,,,2
55834575842,FIELD_IDENTIFIER,2,,,json,json,10,123,,,2
55834575843,FIELD_IDENTIFIER,2,,,success,success,17,123,,,2
55834575844,FIELD_IDENTIFIER,2,,,status,status,10,125,,,2
55834575845,FIELD_IDENTIFIER,2,,,json,json,22,125,,,2
55834575846,FIELD_IDENTIFIER,2,,,error,error,29,125,,,2
55834575847,FIELD_IDENTIFIER,2,,,message,message,42,125,,,2
55834575848,FIELD_IDENTIFIER,2,,,body,body,25,133,,,2
55834575849,FIELD_IDENTIFIER,2,,,id,id,14,133,,,2
55834575850,FIELD_IDENTIFIER,2,,,status,status,19,136,,,2
55834575851,FIELD_IDENTIFIER,2,,,json,json,31,136,,,2
55834575852,FIELD_IDENTIFIER,2,,,error,error,38,136,,,2
55834575853,FIELD_IDENTIFIER,2,,,status,status,19,142,,,2
55834575854,FIELD_IDENTIFIER,2,,,json,json,31,142,,,2
55834575855,FIELD_IDENTIFIER,2,,,error,error,38,142,,,2
55834575856,FIELD_IDENTIFIER,2,,,json,json,10,145,,,2
55834575857,FIELD_IDENTIFIER,2,,,status,status,10,147,,,2
55834575858,FIELD_IDENTIFIER,2,,,json,json,22,147,,,2
55834575859,FIELD_IDENTIFIER,2,,,error,error,29,147,,,2
55834575860,FIELD_IDENTIFIER,2,,,message,message,42,147,,,2
55834575861,FIELD_IDENTIFIER,2,,,params,params,25,153,,,2
55834575862,FIELD_IDENTIFIER,2,,,id,id,14,153,,,2
55834575863,FIELD_IDENTIFIER,2,,,status,status,19,158,,,2
55834575864,FIELD_IDENTIFIER,2,,,json,json,31,158,,,2
55834575865,FIELD_IDENTIFIER,2,,,error,error,38,158,,,2
55834575866,FIELD_IDENTIFIER,2,,,json,json,10,161,,,2
55834575867,FIELD_IDENTIFIER,2,,,id,id,17,161,,,2
55834575868,FIELD_IDENTIFIER,2,,,status,status,10,163,,,2
55834575869,FIELD_IDENTIFIER,2,,,json,json,22,163,,,2
55834575870,FIELD_IDENTIFIER,2,,,error,error,29,163,,,2
55834575871,FIELD_IDENTIFIER,2,,,message,message,42,163,,,2
55834575872,FIELD_IDENTIFIER,2,,,id,id,20,173,,,2
55834575873,FIELD_IDENTIFIER,2,,,id,id,30,173,,,2
55834575874,FIELD_IDENTIFIER,2,,,name,name,20,174,,,2
55834575875,FIELD_IDENTIFIER,2,,,name,name,32,174,,,2
55834575876,FIELD_IDENTIFIER,2,,,getAllGroups,getAllGroups,52,169,,,2
55834575877,FIELD_IDENTIFIER,2,,,map,map,44,172,,,2
55834575878,FIELD_IDENTIFIER,2,,,json,json,16,177,,,2
55834575879,FIELD_IDENTIFIER,2,,,status,status,16,180,,,2
55834575880,FIELD_IDENTIFIER,2,,,json,json,28,180,,,2
55834575881,FIELD_IDENTIFIER,2,,,error,error,35,180,,,2
55834575882,FIELD_IDENTIFIER,2,,,message,message,48,180,,,2
55834575883,FIELD_IDENTIFIER,2,,,params,params,25,189,,,2
55834575884,FIELD_IDENTIFIER,2,,,id,id,14,189,,,2
55834575885,FIELD_IDENTIFIER,2,,,status,status,19,193,,,2
55834575886,FIELD_IDENTIFIER,2,,,json,json,31,193,,,2
55834575887,FIELD_IDENTIFIER,2,,,error,error,38,193,,,2
55834575888,FIELD_IDENTIFIER,2,,,getProjectMembers,getProjectMembers,48,196,,,2
55834575889,FIELD_IDENTIFIER,2,,,json,json,10,197,,,2
55834575890,FIELD_IDENTIFIER,2,,,status,status,10,199,,,2
55834575891,FIELD_IDENTIFIER,2,,,json,json,22,199,,,2
55834575892,FIELD_IDENTIFIER,2,,,error,error,29,199,,,2
55834575893,FIELD_IDENTIFIER,2,,,message,message,42,199,,,2
55834575894,FIELD_IDENTIFIER,2,,,calculateDashboardStats,calculateDashboardStats,31,208,,,2
55834575895,FIELD_IDENTIFIER,2,,,json,json,10,209,,,2
55834575896,FIELD_IDENTIFIER,2,,,error,error,14,211,,,2
55834575897,FIELD_IDENTIFIER,2,,,message,message,62,211,,,2
55834575898,FIELD_IDENTIFIER,2,,,status,status,10,212,,,2
55834575899,FIELD_IDENTIFIER,2,,,json,json,22,212,,,2
55834575900,FIELD_IDENTIFIER,2,,,error,error,29,212,,,2
55834575901,FIELD_IDENTIFIER,2,,,message,message,42,212,,,2
55834575902,FIELD_IDENTIFIER,2,,,calculateAverageQuality,calculateAverageQuality,32,224,,,2
55834575903,FIELD_IDENTIFIER,2,,,countProjectsNeedingAttention,countProjectsNeedingAttention,37,225,,,2
55834575904,FIELD_IDENTIFIER,2,,,calculateQualityDistribution,calculateQualityDistribution,37,226,,,2
55834575905,FIELD_IDENTIFIER,2,,,totalProjects,totalProjects,6,230,,,2
55834575906,FIELD_IDENTIFIER,2,,,trackedProjects,trackedProjects,6,231,,,2
55834575907,FIELD_IDENTIFIER,2,,,averageQuality,averageQuality,6,232,,,2
55834575908,FIELD_IDENTIFIER,2,,,needsAttention,needsAttention,6,233,,,2
55834575909,FIELD_IDENTIFIER,2,,,qualityDistribution,qualityDistribution,6,234,,,2
55834575910,FIELD_IDENTIFIER,2,,,projectsNeedingAttention,projectsNeedingAttention,6,235,,,2
55834575911,FIELD_IDENTIFIER,2,,,combined_score,combined_score,63,245,,,2
55834575912,FIELD_IDENTIFIER,2,,,length,length,17,243,,,2
55834575913,FIELD_IDENTIFIER,2,,,reduce,reduce,25,245,,,2
55834575914,FIELD_IDENTIFIER,2,,,length,length,35,246,,,2
55834575915,FIELD_IDENTIFIER,2,,,toFixed,toFixed,30,247,,,2
55834575916,FIELD_IDENTIFIER,2,,,combined_score,combined_score,45,254,,,2
55834575917,FIELD_IDENTIFIER,2,,,filter,filter,20,254,,,2
55834575918,FIELD_IDENTIFIER,2,,,length,length,66,254,,,2
55834575919,FIELD_IDENTIFIER,2,,,combined_score,combined_score,50,262,,,2
55834575920,FIELD_IDENTIFIER,2,,,combined_score,combined_score,49,263,,,2
55834575921,FIELD_IDENTIFIER,2,,,combined_score,combined_score,86,263,,,2
55834575922,FIELD_IDENTIFIER,2,,,combined_score,combined_score,46,264,,,2
55834575923,FIELD_IDENTIFIER,2,,,combined_score,combined_score,83,264,,,2
55834575924,FIELD_IDENTIFIER,2,,,combined_score,combined_score,51,265,,,2
55834575925,FIELD_IDENTIFIER,2,,,critical,critical,6,262,,,2
55834575926,FIELD_IDENTIFIER,2,,,filter,filter,25,262,,,2
55834575927,FIELD_IDENTIFIER,2,,,length,length,71,262,,,2
55834575928,FIELD_IDENTIFIER,2,,,warning,warning,6,263,,,2
55834575929,FIELD_IDENTIFIER,2,,,filter,filter,24,263,,,2
55834575930,FIELD_IDENTIFIER,2,,,length,length,107,263,,,2
55834575931,FIELD_IDENTIFIER,2,,,good,good,6,264,,,2
55834575932,FIELD_IDENTIFIER,2,,,filter,filter,21,264,,,2
55834575933,FIELD_IDENTIFIER,2,,,length,length,104,264,,,2
55834575934,FIELD_IDENTIFIER,2,,,excellent,excellent,6,265,,,2
55834575935,FIELD_IDENTIFIER,2,,,filter,filter,26,265,,,2
55834575936,FIELD_IDENTIFIER,2,,,length,length,73,265,,,2
55834575937,FIELD_IDENTIFIER,2,,,Request,Request,0,2,,,2
55834575938,FIELD_IDENTIFIER,2,,,Response,Response,0,2,,,2
55834575939,FIELD_IDENTIFIER,2,,,trackProject,trackProject,0,3,,,2
55834575940,FIELD_IDENTIFIER,2,,,untrackProject,untrackProject,0,3,,,2
55834575941,FIELD_IDENTIFIER,2,,,getTotalProjectsCount,getTotalProjectsCount,0,3,,,2
55834575942,FIELD_IDENTIFIER,2,,,getTrackedProjectsCount,getTrackedProjectsCount,0,3,,,2
55834575943,FIELD_IDENTIFIER,2,,,getLatestCombinedScores,getLatestCombinedScores,0,3,,,2
55834575944,FIELD_IDENTIFIER,2,,,getProjectsNeedingAttention,getProjectsNeedingAttention,0,3,,,2
55834575945,FIELD_IDENTIFIER,2,,,params,params,35,17,,,2
55834575946,FIELD_IDENTIFIER,2,,,id,id,42,17,,,2
55834575947,FIELD_IDENTIFIER,2,,,status,status,17,20,,,2
55834575948,FIELD_IDENTIFIER,2,,,json,json,29,20,,,2
55834575949,FIELD_IDENTIFIER,2,,,success,success,8,21,,,2
55834575950,FIELD_IDENTIFIER,2,,,error,error,8,22,,,2
55834575951,FIELD_IDENTIFIER,2,,,log,log,12,26,,,2
55834575952,FIELD_IDENTIFIER,2,,,syncMaintainabilityMetrics,syncMaintainabilityMetrics,22,28,,,2
55834575953,FIELD_IDENTIFIER,2,,,getMetrics,getMetrics,36,29,,,2
55834575954,FIELD_IDENTIFIER,2,,,json,json,8,31,,,2
55834575955,FIELD_IDENTIFIER,2,,,success,success,6,32,,,2
55834575956,FIELD_IDENTIFIER,2,,,data,data,6,33,,,2
55834575957,FIELD_IDENTIFIER,2,,,error,error,12,36,,,2
55834575958,FIELD_IDENTIFIER,2,,,error,error,12,37,,,2
55834575959,FIELD_IDENTIFIER,2,,,stack,stack,24,37,,,2
55834575960,FIELD_IDENTIFIER,2,,,status,status,8,38,,,2
55834575961,FIELD_IDENTIFIER,2,,,json,json,20,38,,,2
55834575962,FIELD_IDENTIFIER,2,,,success,success,6,39,,,2
55834575963,FIELD_IDENTIFIER,2,,,error,error,6,40,,,2
55834575964,FIELD_IDENTIFIER,2,,,message,message,6,41,,,2
55834575965,FIELD_IDENTIFIER,2,,,message,message,21,41,,,2
55834575966,FIELD_IDENTIFIER,2,,,params,params,35,54,,,2
55834575967,FIELD_IDENTIFIER,2,,,id,id,42,54,,,2
55834575968,FIELD_IDENTIFIER,2,,,status,status,17,57,,,2
55834575969,FIELD_IDENTIFIER,2,,,json,json,29,57,,,2
55834575970,FIELD_IDENTIFIER,2,,,success,success,8,58,,,2
55834575971,FIELD_IDENTIFIER,2,,,error,error,8,59,,,2
55834575972,FIELD_IDENTIFIER,2,,,getMetrics,getMetrics,36,63,,,2
55834575973,FIELD_IDENTIFIER,2,,,status,status,17,66,,,2
55834575974,FIELD_IDENTIFIER,2,,,json,json,29,66,,,2
55834575975,FIELD_IDENTIFIER,2,,,success,success,8,67,,,2
55834575976,FIELD_IDENTIFIER,2,,,error,error,8,68,,,2
55834575977,FIELD_IDENTIFIER,2,,,json,json,8,72,,,2
55834575978,FIELD_IDENTIFIER,2,,,success,success,6,73,,,2
55834575979,FIELD_IDENTIFIER,2,,,data,data,6,74,,,2
55834575980,FIELD_IDENTIFIER,2,,,error,error,12,77,,,2
55834575981,FIELD_IDENTIFIER,2,,,status,status,8,78,,,2
55834575982,FIELD_IDENTIFIER,2,,,json,json,20,78,,,2
55834575983,FIELD_IDENTIFIER,2,,,success,success,6,79,,,2
55834575984,FIELD_IDENTIFIER,2,,,error,error,6,80,,,2
55834575985,FIELD_IDENTIFIER,2,,,message,message,6,81,,,2
55834575986,FIELD_IDENTIFIER,2,,,message,message,21,81,,,2
55834575987,FIELD_IDENTIFIER,2,,,params,params,35,94,,,2
55834575988,FIELD_IDENTIFIER,2,,,id,id,42,94,,,2
55834575989,FIELD_IDENTIFIER,2,,,query,query,30,95,,,2
55834575990,FIELD_IDENTIFIER,2,,,days,days,36,95,,,2
55834575991,FIELD_IDENTIFIER,2,,,status,status,17,98,,,2
55834575992,FIELD_IDENTIFIER,2,,,json,json,29,98,,,2
55834575993,FIELD_IDENTIFIER,2,,,success,success,8,99,,,2
55834575994,FIELD_IDENTIFIER,2,,,error,error,8,100,,,2
55834575995,FIELD_IDENTIFIER,2,,,getMetricsHistory,getMetricsHistory,36,104,,,2
55834575996,FIELD_IDENTIFIER,2,,,json,json,8,106,,,2
55834575997,FIELD_IDENTIFIER,2,,,success,success,6,107,,,2
55834575998,FIELD_IDENTIFIER,2,,,data,data,6,108,,,2
55834575999,FIELD_IDENTIFIER,2,,,error,error,12,111,,,2
55834576000,FIELD_IDENTIFIER,2,,,status,status,8,112,,,2
55834576001,FIELD_IDENTIFIER,2,,,json,json,20,112,,,2
55834576002,FIELD_IDENTIFIER,2,,,success,success,6,113,,,2
55834576003,FIELD_IDENTIFIER,2,,,error,error,6,114,,,2
55834576004,FIELD_IDENTIFIER,2,,,message,message,6,115,,,2
55834576005,FIELD_IDENTIFIER,2,,,message,message,21,115,,,2
55834576006,FIELD_IDENTIFIER,2,,,Request,Request,0,5,,,2
55834576007,FIELD_IDENTIFIER,2,,,Response,Response,0,5,,,2
55834576008,FIELD_IDENTIFIER,2,,,SonarMaintainabilitySyncService,SonarMaintainabilitySyncService,0,6,,,2
55834576009,FIELD_IDENTIFIER,2,,,SonarMaintainabilityDbService,SonarMaintainabilityDbService,0,7,,,2
55834576010,FIELD_IDENTIFIER,2,,,refreshMaintainabilityMetrics,refreshMaintainabilityMetrics,0,13,,,2
55834576011,FIELD_IDENTIFIER,2,,,getMaintainabilityMetrics,getMaintainabilityMetrics,0,50,,,2
55834576012,FIELD_IDENTIFIER,2,,,getMaintainabilityMetricsHistory,getMaintainabilityMetricsHistory,0,90,,,2
55834576013,FIELD_IDENTIFIER,2,,,params,params,35,16,,,2
55834576014,FIELD_IDENTIFIER,2,,,id,id,42,16,,,2
55834576015,FIELD_IDENTIFIER,2,,,status,status,17,19,,,2
55834576016,FIELD_IDENTIFIER,2,,,json,json,29,19,,,2
55834576017,FIELD_IDENTIFIER,2,,,success,success,8,20,,,2
55834576018,FIELD_IDENTIFIER,2,,,error,error,8,21,,,2
55834576019,FIELD_IDENTIFIER,2,,,log,log,12,25,,,2
55834576020,FIELD_IDENTIFIER,2,,,syncReliabilityMetrics,syncReliabilityMetrics,22,27,,,2
55834576021,FIELD_IDENTIFIER,2,,,getMetrics,getMetrics,36,28,,,2
55834576022,FIELD_IDENTIFIER,2,,,json,json,8,30,,,2
55834576023,FIELD_IDENTIFIER,2,,,success,success,6,31,,,2
55834576024,FIELD_IDENTIFIER,2,,,data,data,6,32,,,2
55834576025,FIELD_IDENTIFIER,2,,,error,error,12,35,,,2
55834576026,FIELD_IDENTIFIER,2,,,status,status,8,36,,,2
55834576027,FIELD_IDENTIFIER,2,,,json,json,20,36,,,2
55834576028,FIELD_IDENTIFIER,2,,,success,success,6,37,,,2
55834576029,FIELD_IDENTIFIER,2,,,error,error,6,38,,,2
55834576030,FIELD_IDENTIFIER,2,,,message,message,6,39,,,2
55834576031,FIELD_IDENTIFIER,2,,,message,message,21,39,,,2
55834576032,FIELD_IDENTIFIER,2,,,params,params,35,52,,,2
55834576033,FIELD_IDENTIFIER,2,,,id,id,42,52,,,2
55834576034,FIELD_IDENTIFIER,2,,,status,status,17,55,,,2
55834576035,FIELD_IDENTIFIER,2,,,json,json,29,55,,,2
55834576036,FIELD_IDENTIFIER,2,,,success,success,8,56,,,2
55834576037,FIELD_IDENTIFIER,2,,,error,error,8,57,,,2
55834576038,FIELD_IDENTIFIER,2,,,getMetrics,getMetrics,36,61,,,2
55834576039,FIELD_IDENTIFIER,2,,,status,status,17,64,,,2
55834576040,FIELD_IDENTIFIER,2,,,json,json,29,64,,,2
55834576041,FIELD_IDENTIFIER,2,,,success,success,8,65,,,2
55834576042,FIELD_IDENTIFIER,2,,,error,error,8,66,,,2
55834576043,FIELD_IDENTIFIER,2,,,json,json,8,70,,,2
55834576044,FIELD_IDENTIFIER,2,,,success,success,6,71,,,2
55834576045,FIELD_IDENTIFIER,2,,,data,data,6,72,,,2
55834576046,FIELD_IDENTIFIER,2,,,error,error,12,75,,,2
55834576047,FIELD_IDENTIFIER,2,,,status,status,8,76,,,2
55834576048,FIELD_IDENTIFIER,2,,,json,json,20,76,,,2
55834576049,FIELD_IDENTIFIER,2,,,success,success,6,77,,,2
55834576050,FIELD_IDENTIFIER,2,,,error,error,6,78,,,2
55834576051,FIELD_IDENTIFIER,2,,,message,message,6,79,,,2
55834576052,FIELD_IDENTIFIER,2,,,message,message,21,79,,,2
55834576053,FIELD_IDENTIFIER,2,,,params,params,35,92,,,2
55834576054,FIELD_IDENTIFIER,2,,,id,id,42,92,,,2
55834576055,FIELD_IDENTIFIER,2,,,query,query,30,93,,,2
55834576056,FIELD_IDENTIFIER,2,,,days,days,36,93,,,2
55834576057,FIELD_IDENTIFIER,2,,,status,status,17,96,,,2
55834576058,FIELD_IDENTIFIER,2,,,json,json,29,96,,,2
55834576059,FIELD_IDENTIFIER,2,,,success,success,8,97,,,2
55834576060,FIELD_IDENTIFIER,2,,,error,error,8,98,,,2
55834576061,FIELD_IDENTIFIER,2,,,getMetricsHistory,getMetricsHistory,36,102,,,2
55834576062,FIELD_IDENTIFIER,2,,,json,json,8,104,,,2
55834576063,FIELD_IDENTIFIER,2,,,success,success,6,105,,,2
55834576064,FIELD_IDENTIFIER,2,,,data,data,6,106,,,2
55834576065,FIELD_IDENTIFIER,2,,,error,error,12,109,,,2
55834576066,FIELD_IDENTIFIER,2,,,status,status,8,110,,,2
55834576067,FIELD_IDENTIFIER,2,,,json,json,20,110,,,2
55834576068,FIELD_IDENTIFIER,2,,,success,success,6,111,,,2
55834576069,FIELD_IDENTIFIER,2,,,error,error,6,112,,,2
55834576070,FIELD_IDENTIFIER,2,,,message,message,6,113,,,2
55834576071,FIELD_IDENTIFIER,2,,,message,message,21,113,,,2
55834576072,FIELD_IDENTIFIER,2,,,Request,Request,0,4,,,2
55834576073,FIELD_IDENTIFIER,2,,,Response,Response,0,4,,,2
55834576074,FIELD_IDENTIFIER,2,,,SonarReliabilitySyncService,SonarReliabilitySyncService,0,5,,,2
55834576075,FIELD_IDENTIFIER,2,,,SonarReliabilityDbService,SonarReliabilityDbService,0,6,,,2
55834576076,FIELD_IDENTIFIER,2,,,refreshReliabilityMetrics,refreshReliabilityMetrics,0,12,,,2
55834576077,FIELD_IDENTIFIER,2,,,getReliabilityMetrics,getReliabilityMetrics,0,48,,,2
55834576078,FIELD_IDENTIFIER,2,,,getReliabilityMetricsHistory,getReliabilityMetricsHistory,0,88,,,2
55834576079,FIELD_IDENTIFIER,2,,,params,params,35,16,,,2
55834576080,FIELD_IDENTIFIER,2,,,id,id,42,16,,,2
55834576081,FIELD_IDENTIFIER,2,,,status,status,17,19,,,2
55834576082,FIELD_IDENTIFIER,2,,,json,json,29,19,,,2
55834576083,FIELD_IDENTIFIER,2,,,success,success,8,20,,,2
55834576084,FIELD_IDENTIFIER,2,,,error,error,8,21,,,2
55834576085,FIELD_IDENTIFIER,2,,,log,log,12,25,,,2
55834576086,FIELD_IDENTIFIER,2,,,syncSecurityMetrics,syncSecurityMetrics,22,27,,,2
55834576087,FIELD_IDENTIFIER,2,,,getMetrics,getMetrics,36,28,,,2
55834576088,FIELD_IDENTIFIER,2,,,json,json,8,30,,,2
55834576089,FIELD_IDENTIFIER,2,,,success,success,6,31,,,2
55834576090,FIELD_IDENTIFIER,2,,,data,data,6,32,,,2
55834576091,FIELD_IDENTIFIER,2,,,error,error,12,35,,,2
55834576092,FIELD_IDENTIFIER,2,,,status,status,8,36,,,2
55834576093,FIELD_IDENTIFIER,2,,,json,json,20,36,,,2
55834576094,FIELD_IDENTIFIER,2,,,success,success,6,37,,,2
55834576095,FIELD_IDENTIFIER,2,,,error,error,6,38,,,2
55834576096,FIELD_IDENTIFIER,2,,,message,message,6,39,,,2
55834576097,FIELD_IDENTIFIER,2,,,message,message,21,39,,,2
55834576098,FIELD_IDENTIFIER,2,,,params,params,35,52,,,2
55834576099,FIELD_IDENTIFIER,2,,,id,id,42,52,,,2
55834576100,FIELD_IDENTIFIER,2,,,status,status,17,55,,,2
55834576101,FIELD_IDENTIFIER,2,,,json,json,29,55,,,2
55834576102,FIELD_IDENTIFIER,2,,,success,success,8,56,,,2
55834576103,FIELD_IDENTIFIER,2,,,error,error,8,57,,,2
55834576104,FIELD_IDENTIFIER,2,,,getMetrics,getMetrics,36,61,,,2
55834576105,FIELD_IDENTIFIER,2,,,status,status,17,64,,,2
55834576106,FIELD_IDENTIFIER,2,,,json,json,29,64,,,2
55834576107,FIELD_IDENTIFIER,2,,,success,success,8,65,,,2
55834576108,FIELD_IDENTIFIER,2,,,error,error,8,66,,,2
55834576109,FIELD_IDENTIFIER,2,,,json,json,8,70,,,2
55834576110,FIELD_IDENTIFIER,2,,,success,success,6,71,,,2
55834576111,FIELD_IDENTIFIER,2,,,data,data,6,72,,,2
55834576112,FIELD_IDENTIFIER,2,,,error,error,12,75,,,2
55834576113,FIELD_IDENTIFIER,2,,,status,status,8,76,,,2
55834576114,FIELD_IDENTIFIER,2,,,json,json,20,76,,,2
55834576115,FIELD_IDENTIFIER,2,,,success,success,6,77,,,2
55834576116,FIELD_IDENTIFIER,2,,,error,error,6,78,,,2
55834576117,FIELD_IDENTIFIER,2,,,message,message,6,79,,,2
55834576118,FIELD_IDENTIFIER,2,,,message,message,21,79,,,2
55834576119,FIELD_IDENTIFIER,2,,,params,params,35,92,,,2
55834576120,FIELD_IDENTIFIER,2,,,id,id,42,92,,,2
55834576121,FIELD_IDENTIFIER,2,,,query,query,30,93,,,2
55834576122,FIELD_IDENTIFIER,2,,,days,days,36,93,,,2
55834576123,FIELD_IDENTIFIER,2,,,status,status,17,96,,,2
55834576124,FIELD_IDENTIFIER,2,,,json,json,29,96,,,2
55834576125,FIELD_IDENTIFIER,2,,,success,success,8,97,,,2
55834576126,FIELD_IDENTIFIER,2,,,error,error,8,98,,,2
55834576127,FIELD_IDENTIFIER,2,,,getMetricsHistory,getMetricsHistory,36,102,,,2
55834576128,FIELD_IDENTIFIER,2,,,json,json,8,104,,,2
55834576129,FIELD_IDENTIFIER,2,,,success,success,6,105,,,2
55834576130,FIELD_IDENTIFIER,2,,,data,data,6,106,,,2
55834576131,FIELD_IDENTIFIER,2,,,error,error,12,109,,,2
55834576132,FIELD_IDENTIFIER,2,,,status,status,8,110,,,2
55834576133,FIELD_IDENTIFIER,2,,,json,json,20,110,,,2
55834576134,FIELD_IDENTIFIER,2,,,success,success,6,111,,,2
55834576135,FIELD_IDENTIFIER,2,,,error,error,6,112,,,2
55834576136,FIELD_IDENTIFIER,2,,,message,message,6,113,,,2
55834576137,FIELD_IDENTIFIER,2,,,message,message,21,113,,,2
55834576138,FIELD_IDENTIFIER,2,,,Request,Request,0,4,,,2
55834576139,FIELD_IDENTIFIER,2,,,Response,Response,0,4,,,2
55834576140,FIELD_IDENTIFIER,2,,,SonarSecuritySyncService,SonarSecuritySyncService,0,5,,,2
55834576141,FIELD_IDENTIFIER,2,,,SonarSecurityDbService,SonarSecurityDbService,0,6,,,2
55834576142,FIELD_IDENTIFIER,2,,,refreshSecurityMetrics,refreshSecurityMetrics,0,12,,,2
55834576143,FIELD_IDENTIFIER,2,,,getSecurityMetrics,getSecurityMetrics,0,48,,,2
55834576144,FIELD_IDENTIFIER,2,,,getSecurityMetricsHistory,getSecurityMetricsHistory,0,88,,,2
55834576145,FIELD_IDENTIFIER,2,,,log,log,12,9,,,2
55834576146,FIELD_IDENTIFIER,2,,,log,log,12,10,,,2
55834576147,FIELD_IDENTIFIER,2,,,repeat,repeat,20,10,,,2
55834576148,FIELD_IDENTIFIER,2,,,query,query,35,13,,,2
55834576149,FIELD_IDENTIFIER,2,,,log,log,12,23,,,2
55834576150,FIELD_IDENTIFIER,2,,,table,table,12,24,,,2
55834576151,FIELD_IDENTIFIER,2,,,rows,rows,30,24,,,2
55834576152,FIELD_IDENTIFIER,2,,,log,log,12,26,,,2
55834576153,FIELD_IDENTIFIER,2,,,rows,rows,59,26,,,2
55834576154,FIELD_IDENTIFIER,2,,,length,length,64,26,,,2
55834576155,FIELD_IDENTIFIER,2,,,log,log,12,27,,,2
55834576156,FIELD_IDENTIFIER,2,,,rows,rows,20,29,,,2
55834576157,FIELD_IDENTIFIER,2,,,length,length,25,29,,,2
55834576158,FIELD_IDENTIFIER,2,,,log,log,14,30,,,2
55834576159,FIELD_IDENTIFIER,2,,,log,log,14,32,,,2
55834576160,FIELD_IDENTIFIER,2,,,rows,rows,75,32,,,2
55834576161,FIELD_IDENTIFIER,2,,,length,length,80,32,,,2
55834576162,FIELD_IDENTIFIER,2,,,query,query,34,36,,,2
55834576163,FIELD_IDENTIFIER,2,,,log,log,12,44,,,2
55834576164,FIELD_IDENTIFIER,2,,,log,log,12,45,,,2
55834576165,FIELD_IDENTIFIER,2,,,rows,rows,42,45,,,2
55834576166,FIELD_IDENTIFIER,2,,,earliest,earliest,50,45,,,2
55834576167,FIELD_IDENTIFIER,2,,,log,log,12,46,,,2
55834576168,FIELD_IDENTIFIER,2,,,rows,rows,40,46,,,2
55834576169,FIELD_IDENTIFIER,2,,,latest,latest,48,46,,,2
55834576170,FIELD_IDENTIFIER,2,,,query,query,39,49,,,2
55834576171,FIELD_IDENTIFIER,2,,,log,log,12,60,,,2
55834576172,FIELD_IDENTIFIER,2,,,table,table,12,61,,,2
55834576173,FIELD_IDENTIFIER,2,,,rows,rows,34,61,,,2
55834576174,FIELD_IDENTIFIER,2,,,log,log,12,63,,,2
55834576175,FIELD_IDENTIFIER,2,,,rows,rows,67,63,,,2
55834576176,FIELD_IDENTIFIER,2,,,length,length,72,63,,,2
55834576177,FIELD_IDENTIFIER,2,,,exit,exit,12,65,,,2
55834576178,FIELD_IDENTIFIER,2,,,error,error,12,67,,,2
55834576179,FIELD_IDENTIFIER,2,,,exit,exit,12,68,,,2
55834576180,FIELD_IDENTIFIER,2,,,getPool,getPool,0,3,,,2
55834576181,FIELD_IDENTIFIER,2,,,log,log,12,11,,,2
55834576182,FIELD_IDENTIFIER,2,,,log,log,12,12,,,2
55834576183,FIELD_IDENTIFIER,2,,,join,join,25,15,,,2
55834576184,FIELD_IDENTIFIER,2,,,readFileSync,readFileSync,19,16,,,2
55834576185,FIELD_IDENTIFIER,2,,,query,query,15,19,,,2
55834576186,FIELD_IDENTIFIER,2,,,log,log,12,21,,,2
55834576187,FIELD_IDENTIFIER,2,,,log,log,12,22,,,2
55834576188,FIELD_IDENTIFIER,2,,,log,log,12,23,,,2
55834576189,FIELD_IDENTIFIER,2,,,log,log,12,24,,,2
55834576190,FIELD_IDENTIFIER,2,,,log,log,12,25,,,2
55834576191,FIELD_IDENTIFIER,2,,,log,log,12,26,,,2
55834576192,FIELD_IDENTIFIER,2,,,exit,exit,12,28,,,2
55834576193,FIELD_IDENTIFIER,2,,,error,error,12,30,,,2
55834576194,FIELD_IDENTIFIER,2,,,exit,exit,12,31,,,2
55834576195,FIELD_IDENTIFIER,2,,,getPool,getPool,0,3,,,2
55834576196,FIELD_IDENTIFIER,2,,,error,error,14,29,,,2
55834576197,FIELD_IDENTIFIER,2,,,env,env,37,11,,,2
55834576198,FIELD_IDENTIFIER,2,,,DATABASE_URL,DATABASE_URL,41,11,,,2
55834576199,FIELD_IDENTIFIER,2,,,connectionString,connectionString,6,18,,,2
55834576200,FIELD_IDENTIFIER,2,,,ssl,ssl,6,19,,,2
55834576201,FIELD_IDENTIFIER,2,,,rejectUnauthorized,rejectUnauthorized,8,20,,,2
55834576202,FIELD_IDENTIFIER,2,,,max,max,6,22,,,2
55834576203,FIELD_IDENTIFIER,2,,,idleTimeoutMillis,idleTimeoutMillis,6,23,,,2
55834576204,FIELD_IDENTIFIER,2,,,connectionTimeoutMillis,connectionTimeoutMillis,6,24,,,2
55834576205,FIELD_IDENTIFIER,2,,,on,on,9,28,,,2
55834576206,FIELD_IDENTIFIER,2,,,log,log,12,32,,,2
55834576207,FIELD_IDENTIFIER,2,,,connect,connect,30,44,,,2
55834576208,FIELD_IDENTIFIER,2,,,query,query,32,47,,,2
55834576209,FIELD_IDENTIFIER,2,,,log,log,12,48,,,2
55834576210,FIELD_IDENTIFIER,2,,,rows,rows,64,48,,,2
55834576211,FIELD_IDENTIFIER,2,,,now,now,72,48,,,2
55834576212,FIELD_IDENTIFIER,2,,,release,release,11,50,,,2
55834576213,FIELD_IDENTIFIER,2,,,error,error,12,52,,,2
55834576214,FIELD_IDENTIFIER,2,,,message,message,57,52,,,2
55834576215,FIELD_IDENTIFIER,2,,,end,end,15,62,,,2
55834576216,FIELD_IDENTIFIER,2,,,log,log,12,64,,,2
55834576217,FIELD_IDENTIFIER,2,,,Pool,Pool,0,2,,,2
55834576218,FIELD_IDENTIFIER,2,,,getPool,getPool,0,9,,,2
55834576219,FIELD_IDENTIFIER,2,,,connectDB,connectDB,0,41,,,2
55834576220,FIELD_IDENTIFIER,2,,,closeDB,closeDB,0,60,,,2
55834576221,FIELD_IDENTIFIER,2,,,getPool,getPool,17,68,,,2
55834576222,FIELD_IDENTIFIER,2,,,connectDB,connectDB,26,68,,,2
55834576223,FIELD_IDENTIFIER,2,,,closeDB,closeDB,37,68,,,2
55834576224,FIELD_IDENTIFIER,2,,,log,log,12,11,,,2
55834576225,FIELD_IDENTIFIER,2,,,join,join,25,14,,,2
55834576226,FIELD_IDENTIFIER,2,,,readFileSync,readFileSync,19,15,,,2
55834576227,FIELD_IDENTIFIER,2,,,query,query,15,18,,,2
55834576228,FIELD_IDENTIFIER,2,,,log,log,12,20,,,2
55834576229,FIELD_IDENTIFIER,2,,,log,log,12,21,,,2
55834576230,FIELD_IDENTIFIER,2,,,log,log,12,22,,,2
55834576231,FIELD_IDENTIFIER,2,,,log,log,12,23,,,2
55834576232,FIELD_IDENTIFIER,2,,,log,log,12,24,,,2
55834576233,FIELD_IDENTIFIER,2,,,log,log,12,25,,,2
55834576234,FIELD_IDENTIFIER,2,,,exit,exit,12,27,,,2
55834576235,FIELD_IDENTIFIER,2,,,error,error,12,29,,,2
55834576236,FIELD_IDENTIFIER,2,,,exit,exit,12,30,,,2
55834576237,FIELD_IDENTIFIER,2,,,getPool,getPool,0,3,,,2
55834576238,FIELD_IDENTIFIER,2,,,join,join,28,15,,,2
55834576239,FIELD_IDENTIFIER,2,,,readFileSync,readFileSync,22,16,,,2
55834576240,FIELD_IDENTIFIER,2,,,query,query,15,17,,,2
55834576241,FIELD_IDENTIFIER,2,,,log,log,12,18,,,2
55834576242,FIELD_IDENTIFIER,2,,,error,error,12,20,,,2
55834576243,FIELD_IDENTIFIER,2,,,message,message,58,20,,,2
55834576244,FIELD_IDENTIFIER,2,,,query,query,30,71,,,2
55834576245,FIELD_IDENTIFIER,2,,,push,push,6,72,,,2
55834576246,FIELD_IDENTIFIER,2,,,id,id,18,72,,,2
55834576247,FIELD_IDENTIFIER,2,,,push,push,6,73,,,2
55834576248,FIELD_IDENTIFIER,2,,,name,name,18,73,,,2
55834576249,FIELD_IDENTIFIER,2,,,push,push,6,74,,,2
55834576250,FIELD_IDENTIFIER,2,,,full_path,full_path,18,74,,,2
55834576251,FIELD_IDENTIFIER,2,,,push,push,6,75,,,2
55834576252,FIELD_IDENTIFIER,2,,,group_path,group_path,18,75,,,2
55834576253,FIELD_IDENTIFIER,2,,,push,push,6,76,,,2
55834576254,FIELD_IDENTIFIER,2,,,members_count,members_count,18,76,,,2
55834576255,FIELD_IDENTIFIER,2,,,push,push,6,77,,,2
55834576256,FIELD_IDENTIFIER,2,,,members,members,18,77,,,2
55834576257,FIELD_IDENTIFIER,2,,,members,members,55,77,,,2
55834576258,FIELD_IDENTIFIER,2,,,push,push,6,78,,,2
55834576259,FIELD_IDENTIFIER,2,,,last_activity_at,last_activity_at,18,78,,,2
55834576260,FIELD_IDENTIFIER,2,,,push,push,6,79,,,2
55834576261,FIELD_IDENTIFIER,2,,,parent_id,parent_id,18,79,,,2
55834576262,FIELD_IDENTIFIER,2,,,push,push,6,80,,,2
55834576263,FIELD_IDENTIFIER,2,,,visibility,visibility,18,80,,,2
55834576264,FIELD_IDENTIFIER,2,,,rows,rows,18,82,,,2
55834576265,FIELD_IDENTIFIER,2,,,error,error,12,84,,,2
55834576266,FIELD_IDENTIFIER,2,,,message,message,65,84,,,2
55834576267,FIELD_IDENTIFIER,2,,,next,next,4,104,,,2
55834576268,FIELD_IDENTIFIER,2,,,done,done,4,104,,,2
55834576269,FIELD_IDENTIFIER,2,,,value,value,4,104,,,2
55834576270,FIELD_IDENTIFIER,2,,,log,log,12,107,,,2
55834576271,FIELD_IDENTIFIER,2,,,length,length,37,107,,,2
55834576272,FIELD_IDENTIFIER,2,,,error,error,12,109,,,2
55834576273,FIELD_IDENTIFIER,2,,,message,message,66,109,,,2
55834576274,FIELD_IDENTIFIER,2,,,query,query,30,130,,,2
55834576275,FIELD_IDENTIFIER,2,,,rows,rows,18,131,,,2
55834576276,FIELD_IDENTIFIER,2,,,error,error,12,133,,,2
55834576277,FIELD_IDENTIFIER,2,,,message,message,71,133,,,2
55834576278,FIELD_IDENTIFIER,2,,,query,query,30,154,,,2
55834576279,FIELD_IDENTIFIER,2,,,push,push,44,154,,,2
55834576280,FIELD_IDENTIFIER,2,,,rows,rows,18,155,,,2
55834576281,FIELD_IDENTIFIER,2,,,error,error,12,157,,,2
55834576282,FIELD_IDENTIFIER,2,,,message,message,58,157,,,2
55834576283,FIELD_IDENTIFIER,2,,,query,query,30,171,,,2
55834576284,FIELD_IDENTIFIER,2,,,push,push,44,171,,,2
55834576285,FIELD_IDENTIFIER,2,,,rows,rows,18,172,,,2
55834576286,FIELD_IDENTIFIER,2,,,uuid,uuid,27,172,,,2
55834576287,FIELD_IDENTIFIER,2,,,error,error,12,174,,,2
55834576288,FIELD_IDENTIFIER,2,,,message,message,57,174,,,2
55834576289,FIELD_IDENTIFIER,2,,,query,query,30,194,,,2
55834576290,FIELD_IDENTIFIER,2,,,push,push,44,194,,,2
55834576291,FIELD_IDENTIFIER,2,,,push,push,48,194,,,2
55834576292,FIELD_IDENTIFIER,2,,,rows,rows,18,195,,,2
55834576293,FIELD_IDENTIFIER,2,,,error,error,12,197,,,2
55834576294,FIELD_IDENTIFIER,2,,,message,message,70,197,,,2
55834576295,FIELD_IDENTIFIER,2,,,query,query,30,223,,,2
55834576296,FIELD_IDENTIFIER,2,,,push,push,44,223,,,2
55834576297,FIELD_IDENTIFIER,2,,,rowCount,rowCount,18,224,,,2
55834576298,FIELD_IDENTIFIER,2,,,rowCount,rowCount,46,224,,,2
55834576299,FIELD_IDENTIFIER,2,,,error,error,12,226,,,2
55834576300,FIELD_IDENTIFIER,2,,,message,message,56,226,,,2
55834576301,FIELD_IDENTIFIER,2,,,query,query,30,240,,,2
55834576302,FIELD_IDENTIFIER,2,,,push,push,44,240,,,2
55834576303,FIELD_IDENTIFIER,2,,,rows,rows,18,241,,,2
55834576304,FIELD_IDENTIFIER,2,,,length,length,23,241,,,2
55834576305,FIELD_IDENTIFIER,2,,,error,error,12,243,,,2
55834576306,FIELD_IDENTIFIER,2,,,message,message,68,243,,,2
55834576307,FIELD_IDENTIFIER,2,,,id,id,38,258,,,2
55834576308,FIELD_IDENTIFIER,2,,,query,query,30,257,,,2
55834576309,FIELD_IDENTIFIER,2,,,rows,rows,18,258,,,2
55834576310,FIELD_IDENTIFIER,2,,,map,map,23,258,,,2
55834576311,FIELD_IDENTIFIER,2,,,error,error,12,260,,,2
55834576312,FIELD_IDENTIFIER,2,,,message,message,64,260,,,2
55834576313,FIELD_IDENTIFIER,2,,,project_id,project_id,56,291,,,2
55834576314,FIELD_IDENTIFIER,2,,,project_id,project_id,52,293,,,2
55834576315,FIELD_IDENTIFIER,2,,,query,query,30,310,,,2
55834576316,FIELD_IDENTIFIER,2,,,push,push,6,311,,,2
55834576317,FIELD_IDENTIFIER,2,,,push,push,6,312,,,2
55834576318,FIELD_IDENTIFIER,2,,,description,description,19,312,,,2
55834576319,FIELD_IDENTIFIER,2,,,push,push,6,313,,,2
55834576320,FIELD_IDENTIFIER,2,,,web_url,web_url,19,313,,,2
55834576321,FIELD_IDENTIFIER,2,,,push,push,6,314,,,2
55834576322,FIELD_IDENTIFIER,2,,,open_issues,open_issues,19,314,,,2
55834576323,FIELD_IDENTIFIER,2,,,push,push,6,315,,,2
55834576324,FIELD_IDENTIFIER,2,,,open_mrs,open_mrs,19,315,,,2
55834576325,FIELD_IDENTIFIER,2,,,push,push,6,316,,,2
55834576326,FIELD_IDENTIFIER,2,,,open_milestones_count,open_milestones_count,19,316,,,2
55834576327,FIELD_IDENTIFIER,2,,,push,push,6,317,,,2
55834576328,FIELD_IDENTIFIER,2,,,sonar_project_key,sonar_project_key,19,317,,,2
55834576329,FIELD_IDENTIFIER,2,,,push,push,6,318,,,2
55834576330,FIELD_IDENTIFIER,2,,,sonar_security_high,sonar_security_high,19,318,,,2
55834576331,FIELD_IDENTIFIER,2,,,push,push,6,319,,,2
55834576332,FIELD_IDENTIFIER,2,,,sonar_security_blocker,sonar_security_blocker,19,319,,,2
55834576333,FIELD_IDENTIFIER,2,,,push,push,6,320,,,2
55834576334,FIELD_IDENTIFIER,2,,,sonar_reliability_high,sonar_reliability_high,19,320,,,2
55834576335,FIELD_IDENTIFIER,2,,,push,push,6,321,,,2
55834576336,FIELD_IDENTIFIER,2,,,sonar_reliability_blocker,sonar_reliability_blocker,19,321,,,2
55834576337,FIELD_IDENTIFIER,2,,,push,push,6,322,,,2
55834576338,FIELD_IDENTIFIER,2,,,sonar_maintainability_high,sonar_maintainability_high,19,322,,,2
55834576339,FIELD_IDENTIFIER,2,,,push,push,6,323,,,2
55834576340,FIELD_IDENTIFIER,2,,,sonar_maintainability_blocker,sonar_maintainability_blocker,19,323,,,2
55834576341,FIELD_IDENTIFIER,2,,,rows,rows,18,325,,,2
55834576342,FIELD_IDENTIFIER,2,,,error,error,12,327,,,2
55834576343,FIELD_IDENTIFIER,2,,,message,message,64,327,,,2
55834576344,FIELD_IDENTIFIER,2,,,query,query,30,374,,,2
55834576345,FIELD_IDENTIFIER,2,,,rows,rows,18,375,,,2
55834576346,FIELD_IDENTIFIER,2,,,error,error,12,377,,,2
55834576347,FIELD_IDENTIFIER,2,,,message,message,82,377,,,2
55834576348,FIELD_IDENTIFIER,2,,,query,query,30,412,,,2
55834576349,FIELD_IDENTIFIER,2,,,push,push,44,412,,,2
55834576350,FIELD_IDENTIFIER,2,,,rows,rows,18,413,,,2
55834576351,FIELD_IDENTIFIER,2,,,error,error,12,415,,,2
55834576352,FIELD_IDENTIFIER,2,,,message,message,62,415,,,2
55834576353,FIELD_IDENTIFIER,2,,,query,query,30,453,,,2
55834576354,FIELD_IDENTIFIER,2,,,push,push,44,453,,,2
55834576355,FIELD_IDENTIFIER,2,,,rows,rows,18,454,,,2
55834576356,FIELD_IDENTIFIER,2,,,length,length,23,454,,,2
55834576357,FIELD_IDENTIFIER,2,,,rows,rows,43,454,,,2
55834576358,FIELD_IDENTIFIER,2,,,error,error,12,456,,,2
55834576359,FIELD_IDENTIFIER,2,,,message,message,76,456,,,2
55834576360,FIELD_IDENTIFIER,2,,,query,query,37,501,,,2
55834576361,FIELD_IDENTIFIER,2,,,push,push,7,503,,,2
55834576362,FIELD_IDENTIFIER,2,,,rows,rows,22,506,,,2
55834576363,FIELD_IDENTIFIER,2,,,length,length,27,506,,,2
55834576364,FIELD_IDENTIFIER,2,,,rows,rows,38,510,,,2
55834576365,FIELD_IDENTIFIER,2,,,uuid,uuid,46,510,,,2
55834576366,FIELD_IDENTIFIER,2,,,query,query,15,513,,,2
55834576367,FIELD_IDENTIFIER,2,,,push,push,8,518,,,2
55834576368,FIELD_IDENTIFIER,2,,,push,push,8,519,,,2
55834576369,FIELD_IDENTIFIER,2,,,push,push,8,520,,,2
55834576370,FIELD_IDENTIFIER,2,,,final_user_score,final_user_score,21,520,,,2
55834576371,FIELD_IDENTIFIER,2,,,push,push,8,521,,,2
55834576372,FIELD_IDENTIFIER,2,,,api_scores,api_scores,21,521,,,2
55834576373,FIELD_IDENTIFIER,2,,,api_score,api_score,33,521,,,2
55834576374,FIELD_IDENTIFIER,2,,,push,push,8,522,,,2
55834576375,FIELD_IDENTIFIER,2,,,combined_score,combined_score,21,522,,,2
55834576376,FIELD_IDENTIFIER,2,,,log,log,12,526,,,2
55834576377,FIELD_IDENTIFIER,2,,,error,error,12,528,,,2
55834576378,FIELD_IDENTIFIER,2,,,message,message,62,528,,,2
55834576379,FIELD_IDENTIFIER,2,,,query,query,30,557,,,2
55834576380,FIELD_IDENTIFIER,2,,,push,push,44,557,,,2
55834576381,FIELD_IDENTIFIER,2,,,rows,rows,18,558,,,2
55834576382,FIELD_IDENTIFIER,2,,,length,length,23,558,,,2
55834576383,FIELD_IDENTIFIER,2,,,rows,rows,43,558,,,2
55834576384,FIELD_IDENTIFIER,2,,,error,error,12,560,,,2
55834576385,FIELD_IDENTIFIER,2,,,message,message,68,560,,,2
55834576386,FIELD_IDENTIFIER,2,,,query,query,30,587,,,2
55834576387,FIELD_IDENTIFIER,2,,,push,push,44,587,,,2
55834576388,FIELD_IDENTIFIER,2,,,rows,rows,18,588,,,2
55834576389,FIELD_IDENTIFIER,2,,,error,error,12,590,,,2
55834576390,FIELD_IDENTIFIER,2,,,message,message,69,590,,,2
55834576391,FIELD_IDENTIFIER,2,,,query,query,30,617,,,2
55834576392,FIELD_IDENTIFIER,2,,,push,push,44,617,,,2
55834576393,FIELD_IDENTIFIER,2,,,rows,rows,18,618,,,2
55834576394,FIELD_IDENTIFIER,2,,,error,error,12,620,,,2
55834576395,FIELD_IDENTIFIER,2,,,message,message,75,620,,,2
55834576396,FIELD_IDENTIFIER,2,,,query,query,30,651,,,2
55834576397,FIELD_IDENTIFIER,2,,,rows,rows,18,652,,,2
55834576398,FIELD_IDENTIFIER,2,,,error,error,12,654,,,2
55834576399,FIELD_IDENTIFIER,2,,,message,message,71,654,,,2
55834576400,FIELD_IDENTIFIER,2,,,query,query,30,688,,,2
55834576401,FIELD_IDENTIFIER,2,,,rows,rows,18,689,,,2
55834576402,FIELD_IDENTIFIER,2,,,error,error,12,691,,,2
55834576403,FIELD_IDENTIFIER,2,,,message,message,72,691,,,2
55834576404,FIELD_IDENTIFIER,2,,,query,query,30,703,,,2
55834576405,FIELD_IDENTIFIER,2,,,rows,rows,27,704,,,2
55834576406,FIELD_IDENTIFIER,2,,,count,count,35,704,,,2
55834576407,FIELD_IDENTIFIER,2,,,error,error,12,706,,,2
55834576408,FIELD_IDENTIFIER,2,,,message,message,65,706,,,2
55834576409,FIELD_IDENTIFIER,2,,,query,query,30,718,,,2
55834576410,FIELD_IDENTIFIER,2,,,rows,rows,27,719,,,2
55834576411,FIELD_IDENTIFIER,2,,,count,count,35,719,,,2
55834576412,FIELD_IDENTIFIER,2,,,error,error,12,721,,,2
55834576413,FIELD_IDENTIFIER,2,,,message,message,67,721,,,2
55834576414,FIELD_IDENTIFIER,2,,,query,query,30,753,,,2
55834576415,FIELD_IDENTIFIER,2,,,rows,rows,18,754,,,2
55834576416,FIELD_IDENTIFIER,2,,,error,error,12,756,,,2
55834576417,FIELD_IDENTIFIER,2,,,message,message,67,756,,,2
55834576418,FIELD_IDENTIFIER,2,,,query,query,30,789,,,2
55834576419,FIELD_IDENTIFIER,2,,,push,push,44,789,,,2
55834576420,FIELD_IDENTIFIER,2,,,rows,rows,18,790,,,2
55834576421,FIELD_IDENTIFIER,2,,,error,error,12,792,,,2
55834576422,FIELD_IDENTIFIER,2,,,message,message,71,792,,,2
55834576423,FIELD_IDENTIFIER,2,,,getPool,getPool,0,2,,,2
55834576424,FIELD_IDENTIFIER,2,,,initializeTables,initializeTables,0,11,,,2
55834576425,FIELD_IDENTIFIER,2,,,syncProjectToRegistry,syncProjectToRegistry,0,35,,,2
55834576426,FIELD_IDENTIFIER,2,,,syncProjectsToRegistry,syncProjectsToRegistry,0,92,,,2
55834576427,FIELD_IDENTIFIER,2,,,getAllProjectsFromRegistry,getAllProjectsFromRegistry,0,117,,,2
55834576428,FIELD_IDENTIFIER,2,,,getProjectById,getProjectById,0,141,,,2
55834576429,FIELD_IDENTIFIER,2,,,getProjectUUID,getProjectUUID,0,165,,,2
55834576430,FIELD_IDENTIFIER,2,,,setProjectTracked,setProjectTracked,0,183,,,2
55834576431,FIELD_IDENTIFIER,2,,,trackProject,trackProject,0,205,,,2
55834576432,FIELD_IDENTIFIER,2,,,untrackProject,untrackProject,0,212,,,2
55834576433,FIELD_IDENTIFIER,2,,,isProjectTracked,isProjectTracked,0,234,,,2
55834576434,FIELD_IDENTIFIER,2,,,getTrackedProjectIds,getTrackedProjectIds,0,251,,,2
55834576435,FIELD_IDENTIFIER,2,,,insertProjectSnapshot,insertProjectSnapshot,0,273,,,2
55834576436,FIELD_IDENTIFIER,2,,,getLatestSnapshotsForTrackedProjects,getLatestSnapshotsForTrackedProjects,0,336,,,2
55834576437,FIELD_IDENTIFIER,2,,,getProjectSnapshots,getProjectSnapshots,0,385,,,2
55834576438,FIELD_IDENTIFIER,2,,,getLatestSnapshotByProjectName,getLatestSnapshotByProjectName,0,425,,,2
55834576439,FIELD_IDENTIFIER,2,,,syncProject,syncProject,0,468,,,2
55834576440,FIELD_IDENTIFIER,2,,,syncProjects,syncProjects,0,473,,,2
55834576441,FIELD_IDENTIFIER,2,,,getAllProjectsFromDB,getAllProjectsFromDB,0,478,,,2
55834576442,FIELD_IDENTIFIER,2,,,getTrackedProjects,getTrackedProjects,0,483,,,2
55834576443,FIELD_IDENTIFIER,2,,,saveProjectInsights,saveProjectInsights,0,493,,,2
55834576444,FIELD_IDENTIFIER,2,,,getLatestProjectInsights,getLatestProjectInsights,0,536,,,2
55834576445,FIELD_IDENTIFIER,2,,,getProjectInsightsHistory,getProjectInsightsHistory,0,568,,,2
55834576446,FIELD_IDENTIFIER,2,,,getProjectInsightsHistoryById,getProjectInsightsHistoryById,0,598,,,2
55834576447,FIELD_IDENTIFIER,2,,,getAllProjectsWithInsights,getAllProjectsWithInsights,0,628,,,2
55834576448,FIELD_IDENTIFIER,2,,,getAllLatestProjectInsights,getAllLatestProjectInsights,0,662,,,2
55834576449,FIELD_IDENTIFIER,2,,,getTotalProjectsCount,getTotalProjectsCount,0,699,,,2
55834576450,FIELD_IDENTIFIER,2,,,getTrackedProjectsCount,getTrackedProjectsCount,0,714,,,2
55834576451,FIELD_IDENTIFIER,2,,,getLatestCombinedScores,getLatestCombinedScores,0,729,,,2
55834576452,FIELD_IDENTIFIER,2,,,getProjectsNeedingAttention,getProjectsNeedingAttention,0,764,,,2
55834576453,FIELD_IDENTIFIER,2,,,json,json,6,40,,,2
55834576454,FIELD_IDENTIFIER,2,,,message,message,4,41,,,2
55834576455,FIELD_IDENTIFIER,2,,,version,version,4,42,,,2
55834576456,FIELD_IDENTIFIER,2,,,status,status,4,43,,,2
55834576457,FIELD_IDENTIFIER,2,,,status,status,6,49,,,2
55834576458,FIELD_IDENTIFIER,2,,,json,json,18,49,,,2
55834576459,FIELD_IDENTIFIER,2,,,success,success,4,50,,,2
55834576460,FIELD_IDENTIFIER,2,,,error,error,4,51,,,2
55834576461,FIELD_IDENTIFIER,2,,,message,message,4,52,,,2
55834576462,FIELD_IDENTIFIER,2,,,method,method,27,52,,,2
55834576463,FIELD_IDENTIFIER,2,,,url,url,41,52,,,2
55834576464,FIELD_IDENTIFIER,2,,,log,log,14,82,,,2
55834576465,FIELD_IDENTIFIER,2,,,log,log,14,83,,,2
55834576466,FIELD_IDENTIFIER,2,,,log,log,14,70,,,2
55834576467,FIELD_IDENTIFIER,2,,,log,log,14,72,,,2
55834576468,FIELD_IDENTIFIER,2,,,warn,warn,14,74,,,2
55834576469,FIELD_IDENTIFIER,2,,,message,message,72,74,,,2
55834576470,FIELD_IDENTIFIER,2,,,listen,listen,8,81,,,2
55834576471,FIELD_IDENTIFIER,2,,,error,error,12,86,,,2
55834576472,FIELD_IDENTIFIER,2,,,exit,exit,12,87,,,2
55834576473,FIELD_IDENTIFIER,2,,,Application,Application,0,1,,,2
55834576474,FIELD_IDENTIFIER,2,,,Request,Request,0,1,,,2
55834576475,FIELD_IDENTIFIER,2,,,Response,Response,0,1,,,2
55834576476,FIELD_IDENTIFIER,2,,,NextFunction,NextFunction,0,1,,,2
55834576477,FIELD_IDENTIFIER,2,,,errorHandler,errorHandler,0,12,,,2
55834576478,FIELD_IDENTIFIER,2,,,connectDB,connectDB,0,13,,,2
55834576479,FIELD_IDENTIFIER,2,,,initializeTables,initializeTables,0,14,,,2
55834576480,FIELD_IDENTIFIER,2,,,autoMapSonarProjectKeys,autoMapSonarProjectKeys,0,15,,,2
55834576481,FIELD_IDENTIFIER,2,,,initWeeklyDoraSnapshotScheduler,initWeeklyDoraSnapshotScheduler,0,16,,,2
55834576482,FIELD_IDENTIFIER,2,,,config,config,7,6,,,2
55834576483,FIELD_IDENTIFIER,2,,,path,path,4,7,,,2
55834576484,FIELD_IDENTIFIER,2,,,env,env,18,7,,,2
55834576485,FIELD_IDENTIFIER,2,,,NODE_ENV,NODE_ENV,22,7,,,2
55834576486,FIELD_IDENTIFIER,2,,,env,env,21,19,,,2
55834576487,FIELD_IDENTIFIER,2,,,PORT,PORT,25,19,,,2
55834576488,FIELD_IDENTIFIER,2,,,use,use,4,22,,,2
55834576489,FIELD_IDENTIFIER,2,,,origin,origin,2,23,,,2
55834576490,FIELD_IDENTIFIER,2,,,push,push,4,24,,,2
55834576491,FIELD_IDENTIFIER,2,,,push,push,4,25,,,2
55834576492,FIELD_IDENTIFIER,2,,,push,push,4,26,,,2
55834576493,FIELD_IDENTIFIER,2,,,push,push,4,27,,,2
55834576494,FIELD_IDENTIFIER,2,,,env,env,12,27,,,2
55834576495,FIELD_IDENTIFIER,2,,,CLIENT_URL,CLIENT_URL,16,27,,,2
55834576496,FIELD_IDENTIFIER,2,,,filter,filter,4,28,,,2
55834576497,FIELD_IDENTIFIER,2,,,credentials,credentials,2,29,,,2
55834576498,FIELD_IDENTIFIER,2,,,use,use,4,32,,,2
55834576499,FIELD_IDENTIFIER,2,,,json,json,16,32,,,2
55834576500,FIELD_IDENTIFIER,2,,,limit,limit,23,32,,,2
55834576501,FIELD_IDENTIFIER,2,,,use,use,4,33,,,2
55834576502,FIELD_IDENTIFIER,2,,,urlencoded,urlencoded,16,33,,,2
55834576503,FIELD_IDENTIFIER,2,,,limit,limit,29,33,,,2
55834576504,FIELD_IDENTIFIER,2,,,extended,extended,44,33,,,2
55834576505,FIELD_IDENTIFIER,2,,,use,use,4,36,,,2
55834576506,FIELD_IDENTIFIER,2,,,get,get,4,39,,,2
55834576507,FIELD_IDENTIFIER,2,,,use,use,4,48,,,2
55834576508,FIELD_IDENTIFIER,2,,,use,use,4,57,,,2
55834576509,FIELD_IDENTIFIER,2,,,error,error,10,5,,,2
55834576510,FIELD_IDENTIFIER,2,,,stack,stack,30,5,,,2
55834576511,FIELD_IDENTIFIER,2,,,status,status,6,7,,,2
55834576512,FIELD_IDENTIFIER,2,,,json,json,18,7,,,2
55834576513,FIELD_IDENTIFIER,2,,,success,success,4,8,,,2
55834576514,FIELD_IDENTIFIER,2,,,error,error,4,9,,,2
55834576515,FIELD_IDENTIFIER,2,,,message,message,4,10,,,2
55834576516,FIELD_IDENTIFIER,2,,,message,message,17,10,,,2
55834576517,FIELD_IDENTIFIER,2,,,Request,Request,0,2,,,2
55834576518,FIELD_IDENTIFIER,2,,,Response,Response,0,2,,,2
55834576519,FIELD_IDENTIFIER,2,,,NextFunction,NextFunction,0,2,,,2
55834576520,FIELD_IDENTIFIER,2,,,errorHandler,errorHandler,0,4,,,2
55834576521,FIELD_IDENTIFIER,2,,,Router,Router,0,4,,,2
55834576522,FIELD_IDENTIFIER,2,,,createDeploymentFrequency,createDeploymentFrequency,0,5,,,2
55834576523,FIELD_IDENTIFIER,2,,,createLeadTimeChange,createLeadTimeChange,0,5,,,2
55834576524,FIELD_IDENTIFIER,2,,,createChangeFailureRate,createChangeFailureRate,0,5,,,2
55834576525,FIELD_IDENTIFIER,2,,,createTimeToRestoreService,createTimeToRestoreService,0,5,,,2
55834576526,FIELD_IDENTIFIER,2,,,getDeploymentFrequency,getDeploymentFrequency,0,5,,,2
55834576527,FIELD_IDENTIFIER,2,,,getLeadTimeChanges,getLeadTimeChanges,0,5,,,2
55834576528,FIELD_IDENTIFIER,2,,,getChangeFailureRates,getChangeFailureRates,0,5,,,2
55834576529,FIELD_IDENTIFIER,2,,,getTimeToRestoreServices,getTimeToRestoreServices,0,5,,,2
55834576530,FIELD_IDENTIFIER,2,,,getDoraMetricsSummary,getDoraMetricsSummary,0,5,,,2
55834576531,FIELD_IDENTIFIER,2,,,deleteDeploymentFrequencyRecord,deleteDeploymentFrequencyRecord,0,5,,,2
55834576532,FIELD_IDENTIFIER,2,,,deleteLeadTimeChangeRecord,deleteLeadTimeChangeRecord,0,5,,,2
55834576533,FIELD_IDENTIFIER,2,,,deleteChangeFailureRateRecord,deleteChangeFailureRateRecord,0,5,,,2
55834576534,FIELD_IDENTIFIER,2,,,deleteTimeToRestoreServiceRecord,deleteTimeToRestoreServiceRecord,0,5,,,2
55834576535,FIELD_IDENTIFIER,2,,,searchDeployments,searchDeployments,0,5,,,2
55834576536,FIELD_IDENTIFIER,2,,,getWeeklySnapshots,getWeeklySnapshots,0,5,,,2
55834576537,FIELD_IDENTIFIER,2,,,manualCaptureLastWeek,manualCaptureLastWeek,0,5,,,2
55834576538,FIELD_IDENTIFIER,2,,,getDoraTrendsController,getDoraTrendsController,0,5,,,2
55834576539,FIELD_IDENTIFIER,2,,,post,post,7,28,,,2
55834576540,FIELD_IDENTIFIER,2,,,post,post,7,29,,,2
55834576541,FIELD_IDENTIFIER,2,,,post,post,7,30,,,2
55834576542,FIELD_IDENTIFIER,2,,,post,post,7,31,,,2
55834576543,FIELD_IDENTIFIER,2,,,get,get,7,34,,,2
55834576544,FIELD_IDENTIFIER,2,,,get,get,7,35,,,2
55834576545,FIELD_IDENTIFIER,2,,,get,get,7,36,,,2
55834576546,FIELD_IDENTIFIER,2,,,get,get,7,37,,,2
55834576547,FIELD_IDENTIFIER,2,,,get,get,7,38,,,2
55834576548,FIELD_IDENTIFIER,2,,,get,get,7,41,,,2
55834576549,FIELD_IDENTIFIER,2,,,get,get,7,44,,,2
55834576550,FIELD_IDENTIFIER,2,,,get,get,7,47,,,2
55834576551,FIELD_IDENTIFIER,2,,,post,post,7,50,,,2
55834576552,FIELD_IDENTIFIER,2,,,delete,delete,7,53,,,2
55834576553,FIELD_IDENTIFIER,2,,,delete,delete,7,54,,,2
55834576554,FIELD_IDENTIFIER,2,,,delete,delete,7,55,,,2
55834576555,FIELD_IDENTIFIER,2,,,delete,delete,7,56,,,2
55834576556,FIELD_IDENTIFIER,2,,,json,json,6,20,,,2
55834576557,FIELD_IDENTIFIER,2,,,status,status,13,20,,,2
55834576558,FIELD_IDENTIFIER,2,,,verifyConnection,verifyConnection,48,26,,,2
55834576559,FIELD_IDENTIFIER,2,,,json,json,8,27,,,2
55834576560,FIELD_IDENTIFIER,2,,,connected,connected,15,27,,,2
55834576561,FIELD_IDENTIFIER,2,,,status,status,8,29,,,2
55834576562,FIELD_IDENTIFIER,2,,,json,json,20,29,,,2
55834576563,FIELD_IDENTIFIER,2,,,error,error,27,29,,,2
55834576564,FIELD_IDENTIFIER,2,,,message,message,40,29,,,2
55834576565,FIELD_IDENTIFIER,2,,,Router,Router,0,1,,,2
55834576566,FIELD_IDENTIFIER,2,,,get,get,7,19,,,2
55834576567,FIELD_IDENTIFIER,2,,,get,get,7,24,,,2
55834576568,FIELD_IDENTIFIER,2,,,get,get,7,34,,,2
55834576569,FIELD_IDENTIFIER,2,,,getProjectsFromDB,getProjectsFromDB,45,34,,,2
55834576570,FIELD_IDENTIFIER,2,,,get,get,7,35,,,2
55834576571,FIELD_IDENTIFIER,2,,,getDashboardStatsHandler,getDashboardStatsHandler,58,35,,,2
55834576572,FIELD_IDENTIFIER,2,,,post,post,7,36,,,2
55834576573,FIELD_IDENTIFIER,2,,,syncProjectsFromGitLab,syncProjectsFromGitLab,48,36,,,2
55834576574,FIELD_IDENTIFIER,2,,,post,post,7,37,,,2
55834576575,FIELD_IDENTIFIER,2,,,syncSingleProject,syncSingleProject,52,37,,,2
55834576576,FIELD_IDENTIFIER,2,,,post,post,7,38,,,2
55834576577,FIELD_IDENTIFIER,2,,,refreshSingleProject,refreshSingleProject,55,38,,,2
55834576578,FIELD_IDENTIFIER,2,,,post,post,7,39,,,2
55834576579,FIELD_IDENTIFIER,2,,,refreshAllTrackedProjects,refreshAllTrackedProjects,55,39,,,2
55834576580,FIELD_IDENTIFIER,2,,,post,post,7,40,,,2
55834576581,FIELD_IDENTIFIER,2,,,trackProjectHandler,trackProjectHandler,49,40,,,2
55834576582,FIELD_IDENTIFIER,2,,,patch,patch,7,41,,,2
55834576583,FIELD_IDENTIFIER,2,,,untrackProjectHandler,untrackProjectHandler,56,41,,,2
55834576584,FIELD_IDENTIFIER,2,,,get,get,7,42,,,2
55834576585,FIELD_IDENTIFIER,2,,,getProjectGroupsHandler,getProjectGroupsHandler,49,42,,,2
55834576586,FIELD_IDENTIFIER,2,,,get,get,7,43,,,2
55834576587,FIELD_IDENTIFIER,2,,,getProjectByIdFromDB,getProjectByIdFromDB,46,43,,,2
55834576588,FIELD_IDENTIFIER,2,,,get,get,7,44,,,2
55834576589,FIELD_IDENTIFIER,2,,,getProjectMembersHandler,getProjectMembersHandler,54,44,,,2
55834576590,FIELD_IDENTIFIER,2,,,use,use,7,47,,,2
55834576591,FIELD_IDENTIFIER,2,,,use,use,7,50,,,2
55834576592,FIELD_IDENTIFIER,2,,,post,post,7,53,,,2
55834576593,FIELD_IDENTIFIER,2,,,refreshIssueMetrics,refreshIssueMetrics,74,53,,,2
55834576594,FIELD_IDENTIFIER,2,,,get,get,7,54,,,2
55834576595,FIELD_IDENTIFIER,2,,,getIssueMetrics,getIssueMetrics,65,54,,,2
55834576596,FIELD_IDENTIFIER,2,,,get,get,7,55,,,2
55834576597,FIELD_IDENTIFIER,2,,,getIssueMetricsTrends,getIssueMetricsTrends,72,55,,,2
55834576598,FIELD_IDENTIFIER,2,,,get,get,7,56,,,2
55834576599,FIELD_IDENTIFIER,2,,,getIssueMetricsHistory,getIssueMetricsHistory,73,56,,,2
55834576600,FIELD_IDENTIFIER,2,,,post,post,7,59,,,2
55834576601,FIELD_IDENTIFIER,2,,,refreshMRMetrics,refreshMRMetrics,68,59,,,2
55834576602,FIELD_IDENTIFIER,2,,,get,get,7,60,,,2
55834576603,FIELD_IDENTIFIER,2,,,getMRMetrics,getMRMetrics,59,60,,,2
55834576604,FIELD_IDENTIFIER,2,,,get,get,7,61,,,2
55834576605,FIELD_IDENTIFIER,2,,,getMRMetricsTrends,getMRMetricsTrends,66,61,,,2
55834576606,FIELD_IDENTIFIER,2,,,get,get,7,62,,,2
55834576607,FIELD_IDENTIFIER,2,,,getMRMetricsHistory,getMRMetricsHistory,67,62,,,2
55834576608,FIELD_IDENTIFIER,2,,,post,post,7,65,,,2
55834576609,FIELD_IDENTIFIER,2,,,refreshCommitMetrics,refreshCommitMetrics,76,65,,,2
55834576610,FIELD_IDENTIFIER,2,,,get,get,7,66,,,2
55834576611,FIELD_IDENTIFIER,2,,,getCommitMetrics,getCommitMetrics,67,66,,,2
55834576612,FIELD_IDENTIFIER,2,,,get,get,7,67,,,2
55834576613,FIELD_IDENTIFIER,2,,,getCommitMetricsHistory,getCommitMetricsHistory,75,67,,,2
55834576614,FIELD_IDENTIFIER,2,,,post,post,7,70,,,2
55834576615,FIELD_IDENTIFIER,2,,,refreshMaintainabilityMetrics,refreshMaintainabilityMetrics,98,70,,,2
55834576616,FIELD_IDENTIFIER,2,,,get,get,7,71,,,2
55834576617,FIELD_IDENTIFIER,2,,,getMaintainabilityMetrics,getMaintainabilityMetrics,89,71,,,2
55834576618,FIELD_IDENTIFIER,2,,,get,get,7,72,,,2
55834576619,FIELD_IDENTIFIER,2,,,getMaintainabilityMetricsHistory,getMaintainabilityMetricsHistory,97,72,,,2
55834576620,FIELD_IDENTIFIER,2,,,post,post,7,75,,,2
55834576621,FIELD_IDENTIFIER,2,,,refreshReliabilityMetrics,refreshReliabilityMetrics,90,75,,,2
55834576622,FIELD_IDENTIFIER,2,,,get,get,7,76,,,2
55834576623,FIELD_IDENTIFIER,2,,,getReliabilityMetrics,getReliabilityMetrics,81,76,,,2
55834576624,FIELD_IDENTIFIER,2,,,get,get,7,77,,,2
55834576625,FIELD_IDENTIFIER,2,,,getReliabilityMetricsHistory,getReliabilityMetricsHistory,89,77,,,2
55834576626,FIELD_IDENTIFIER,2,,,post,post,7,80,,,2
55834576627,FIELD_IDENTIFIER,2,,,refreshSecurityMetrics,refreshSecurityMetrics,84,80,,,2
55834576628,FIELD_IDENTIFIER,2,,,get,get,7,81,,,2
55834576629,FIELD_IDENTIFIER,2,,,getSecurityMetrics,getSecurityMetrics,75,81,,,2
55834576630,FIELD_IDENTIFIER,2,,,get,get,7,82,,,2
55834576631,FIELD_IDENTIFIER,2,,,getSecurityMetricsHistory,getSecurityMetricsHistory,83,82,,,2
55834576632,FIELD_IDENTIFIER,2,,,get,get,7,85,,,2
55834576633,FIELD_IDENTIFIER,2,,,getHealthScoreHistory,getHealthScoreHistory,72,85,,,2
55834576634,FIELD_IDENTIFIER,2,,,get,get,7,86,,,2
55834576635,FIELD_IDENTIFIER,2,,,getLatestHealthScores,getLatestHealthScores,71,86,,,2
55834576636,FIELD_IDENTIFIER,2,,,post,post,7,89,,,2
55834576637,FIELD_IDENTIFIER,2,,,refreshMilestoneMetrics,refreshMilestoneMetrics,82,89,,,2
55834576638,FIELD_IDENTIFIER,2,,,get,get,7,90,,,2
55834576639,FIELD_IDENTIFIER,2,,,getMilestoneMetrics,getMilestoneMetrics,73,90,,,2
55834576640,FIELD_IDENTIFIER,2,,,get,get,7,93,,,2
55834576641,FIELD_IDENTIFIER,2,,,testConnection,testConnection,36,93,,,2
55834576642,FIELD_IDENTIFIER,2,,,post,post,7,94,,,2
55834576643,FIELD_IDENTIFIER,2,,,generateText,generateText,46,94,,,2
55834576644,FIELD_IDENTIFIER,2,,,post,post,7,95,,,2
55834576645,FIELD_IDENTIFIER,2,,,generateWithPDF,generateWithPDF,50,95,,,2
55834576646,FIELD_IDENTIFIER,2,,,post,post,7,96,,,2
55834576647,FIELD_IDENTIFIER,2,,,generateProjectInsights,generateProjectInsights,49,96,,,2
55834576648,FIELD_IDENTIFIER,2,,,get,get,7,97,,,2
55834576649,FIELD_IDENTIFIER,2,,,getProjectInsights,getProjectInsights,61,97,,,2
55834576650,FIELD_IDENTIFIER,2,,,get,get,7,98,,,2
55834576651,FIELD_IDENTIFIER,2,,,getProjectInsightsHistoryById,getProjectInsightsHistoryById,67,98,,,2
55834576652,FIELD_IDENTIFIER,2,,,get,get,7,99,,,2
55834576653,FIELD_IDENTIFIER,2,,,getAllProjectInsights,getAllProjectInsights,52,99,,,2
55834576654,FIELD_IDENTIFIER,2,,,Router,Router,0,2,,,2
55834576655,FIELD_IDENTIFIER,2,,,get,get,7,12,,,2
55834576656,FIELD_IDENTIFIER,2,,,getTrackedProjectsFromDB,getTrackedProjectsFromDB,34,12,,,2
55834576657,FIELD_IDENTIFIER,2,,,post,post,7,19,,,2
55834576658,FIELD_IDENTIFIER,2,,,refreshAllTrackedProjects,refreshAllTrackedProjects,46,19,,,2
55834576659,FIELD_IDENTIFIER,2,,,post,post,7,26,,,2
55834576660,FIELD_IDENTIFIER,2,,,refreshSingleProject,refreshSingleProject,46,26,,,2
55834576661,FIELD_IDENTIFIER,2,,,log,log,12,21,,,2
55834576662,FIELD_IDENTIFIER,2,,,log,log,14,25,,,2
55834576663,FIELD_IDENTIFIER,2,,,error,error,14,27,,,2
55834576664,FIELD_IDENTIFIER,2,,,schedule,schedule,7,20,,,2
55834576665,FIELD_IDENTIFIER,2,,,timezone,timezone,4,30,,,2
55834576666,FIELD_IDENTIFIER,2,,,log,log,10,33,,,2
55834576667,FIELD_IDENTIFIER,2,,,captureLastWeekSnapshots,captureLastWeekSnapshots,0,5,,,2
55834576668,FIELD_IDENTIFIER,2,,,initWeeklyDoraSnapshotScheduler,initWeeklyDoraSnapshotScheduler,0,11,,,2
55834576669,FIELD_IDENTIFIER,2,,,initialized,initialized,13,14,,,2
55834576670,FIELD_IDENTIFIER,2,,,env,env,27,16,,,2
55834576671,FIELD_IDENTIFIER,2,,,GEMINI_API_KEY,GEMINI_API_KEY,31,16,,,2
55834576672,FIELD_IDENTIFIER,2,,,warn,warn,14,18,,,2
55834576673,FIELD_IDENTIFIER,2,,,genAI,genAI,11,20,,,2
55834576674,FIELD_IDENTIFIER,2,,,log,log,14,21,,,2
55834576675,FIELD_IDENTIFIER,2,,,initialized,initialized,9,23,,,2
55834576676,FIELD_IDENTIFIER,2,,,initialize,initialize,9,30,,,2
55834576677,FIELD_IDENTIFIER,2,,,genAI,genAI,14,32,,,2
55834576678,FIELD_IDENTIFIER,2,,,log,log,16,39,,,2
55834576679,FIELD_IDENTIFIER,2,,,genAI,genAI,27,40,,,2
55834576680,FIELD_IDENTIFIER,2,,,getGenerativeModel,getGenerativeModel,33,40,,,2
55834576681,FIELD_IDENTIFIER,2,,,model,model,54,40,,,2
55834576682,FIELD_IDENTIFIER,2,,,generateContent,generateContent,35,41,,,2
55834576683,FIELD_IDENTIFIER,2,,,response,response,32,42,,,2
55834576684,FIELD_IDENTIFIER,2,,,log,log,16,43,,,2
55834576685,FIELD_IDENTIFIER,2,,,text,text,24,44,,,2
55834576686,FIELD_IDENTIFIER,2,,,error,error,16,47,,,2
55834576687,FIELD_IDENTIFIER,2,,,message,message,86,47,,,2
55834576688,FIELD_IDENTIFIER,2,,,message,message,43,50,,,2
55834576689,FIELD_IDENTIFIER,2,,,includes,includes,51,50,,,2
55834576690,FIELD_IDENTIFIER,2,,,message,message,85,50,,,2
55834576691,FIELD_IDENTIFIER,2,,,includes,includes,93,50,,,2
55834576692,FIELD_IDENTIFIER,2,,,pow,pow,32,51,,,2
55834576693,FIELD_IDENTIFIER,2,,,log,log,18,52,,,2
55834576694,FIELD_IDENTIFIER,2,,,message,message,91,61,,,2
55834576695,FIELD_IDENTIFIER,2,,,initialize,initialize,9,75,,,2
55834576696,FIELD_IDENTIFIER,2,,,genAI,genAI,14,77,,,2
55834576697,FIELD_IDENTIFIER,2,,,genAI,genAI,25,82,,,2
55834576698,FIELD_IDENTIFIER,2,,,getGenerativeModel,getGenerativeModel,31,82,,,2
55834576699,FIELD_IDENTIFIER,2,,,model,model,52,82,,,2
55834576700,FIELD_IDENTIFIER,2,,,inlineData,inlineData,8,85,,,2
55834576701,FIELD_IDENTIFIER,2,,,data,data,10,86,,,2
55834576702,FIELD_IDENTIFIER,2,,,mimeType,mimeType,10,87,,,2
55834576703,FIELD_IDENTIFIER,2,,,generateContent,generateContent,33,91,,,2
55834576704,FIELD_IDENTIFIER,2,,,push,push,50,91,,,2
55834576705,FIELD_IDENTIFIER,2,,,push,push,58,91,,,2
55834576706,FIELD_IDENTIFIER,2,,,response,response,30,92,,,2
55834576707,FIELD_IDENTIFIER,2,,,text,text,22,93,,,2
55834576708,FIELD_IDENTIFIER,2,,,error,error,14,95,,,2
55834576709,FIELD_IDENTIFIER,2,,,message,message,59,95,,,2
55834576710,FIELD_IDENTIFIER,2,,,message,message,70,96,,,2
55834576711,FIELD_IDENTIFIER,2,,,next,next,4,107,,,2
55834576712,FIELD_IDENTIFIER,2,,,next,next,6,109,,,2
55834576713,FIELD_IDENTIFIER,2,,,done,done,4,107,,,2
55834576714,FIELD_IDENTIFIER,2,,,value,value,4,107,,,2
55834576715,FIELD_IDENTIFIER,2,,,done,done,6,109,,,2
55834576716,FIELD_IDENTIFIER,2,,,value,value,6,109,,,2
55834576717,FIELD_IDENTIFIER,2,,,log,log,12,128,,,2
55834576718,FIELD_IDENTIFIER,2,,,log,log,16,132,,,2
55834576719,FIELD_IDENTIFIER,2,,,log,log,16,135,,,2
55834576720,FIELD_IDENTIFIER,2,,,error,error,14,139,,,2
55834576721,FIELD_IDENTIFIER,2,,,message,message,75,139,,,2
55834576722,FIELD_IDENTIFIER,2,,,project_info,project_info,8,161,,,2
55834576723,FIELD_IDENTIFIER,2,,,name,name,10,162,,,2
55834576724,FIELD_IDENTIFIER,2,,,project_name,project_name,32,162,,,2
55834576725,FIELD_IDENTIFIER,2,,,full_path,full_path,10,163,,,2
55834576726,FIELD_IDENTIFIER,2,,,full_path,full_path,37,163,,,2
55834576727,FIELD_IDENTIFIER,2,,,last_activity_at,last_activity_at,10,164,,,2
55834576728,FIELD_IDENTIFIER,2,,,last_activity_at,last_activity_at,44,164,,,2
55834576729,FIELD_IDENTIFIER,2,,,snapshot_date,snapshot_date,10,165,,,2
55834576730,FIELD_IDENTIFIER,2,,,snapshot_date,snapshot_date,41,165,,,2
55834576731,FIELD_IDENTIFIER,2,,,gitlab_metrics,gitlab_metrics,8,167,,,2
55834576732,FIELD_IDENTIFIER,2,,,open_issues,open_issues,10,168,,,2
55834576733,FIELD_IDENTIFIER,2,,,open_issues,open_issues,39,168,,,2
55834576734,FIELD_IDENTIFIER,2,,,open_mrs,open_mrs,10,169,,,2
55834576735,FIELD_IDENTIFIER,2,,,open_mrs,open_mrs,36,169,,,2
55834576736,FIELD_IDENTIFIER,2,,,open_milestones,open_milestones,10,170,,,2
55834576737,FIELD_IDENTIFIER,2,,,open_milestones_count,open_milestones_count,43,170,,,2
55834576738,FIELD_IDENTIFIER,2,,,sonarcloud_metrics,sonarcloud_metrics,8,172,,,2
55834576739,FIELD_IDENTIFIER,2,,,security,security,10,173,,,2
55834576740,FIELD_IDENTIFIER,2,,,high,high,12,174,,,2
55834576741,FIELD_IDENTIFIER,2,,,sonar_security_high,sonar_security_high,34,174,,,2
55834576742,FIELD_IDENTIFIER,2,,,blocker,blocker,12,175,,,2
55834576743,FIELD_IDENTIFIER,2,,,sonar_security_blocker,sonar_security_blocker,37,175,,,2
55834576744,FIELD_IDENTIFIER,2,,,reliability,reliability,10,177,,,2
55834576745,FIELD_IDENTIFIER,2,,,high,high,12,178,,,2
55834576746,FIELD_IDENTIFIER,2,,,sonar_reliability_high,sonar_reliability_high,34,178,,,2
55834576747,FIELD_IDENTIFIER,2,,,blocker,blocker,12,179,,,2
55834576748,FIELD_IDENTIFIER,2,,,sonar_reliability_blocker,sonar_reliability_blocker,37,179,,,2
55834576749,FIELD_IDENTIFIER,2,,,maintainability,maintainability,10,181,,,2
55834576750,FIELD_IDENTIFIER,2,,,high,high,12,182,,,2
55834576751,FIELD_IDENTIFIER,2,,,sonar_maintainability_high,sonar_maintainability_high,34,182,,,2
55834576752,FIELD_IDENTIFIER,2,,,blocker,blocker,12,183,,,2
55834576753,FIELD_IDENTIFIER,2,,,sonar_maintainability_blocker,sonar_maintainability_blocker,37,183,,,2
55834576754,FIELD_IDENTIFIER,2,,,project_name,project_name,331,188,,,2
55834576755,FIELD_IDENTIFIER,2,,,Sheets,Sheets,35,217,,,2
55834576756,FIELD_IDENTIFIER,2,,,utils,utils,33,218,,,2
55834576757,FIELD_IDENTIFIER,2,,,sheet_to_json,sheet_to_json,39,218,,,2
55834576758,FIELD_IDENTIFIER,2,,,initialize,initialize,9,203,,,2
55834576759,FIELD_IDENTIFIER,2,,,genAI,genAI,14,205,,,2
55834576760,FIELD_IDENTIFIER,2,,,read,read,28,212,,,2
55834576761,FIELD_IDENTIFIER,2,,,type,type,43,212,,,2
55834576762,FIELD_IDENTIFIER,2,,,SheetNames,SheetNames,15,216,,,2
55834576763,FIELD_IDENTIFIER,2,,,forEach,forEach,26,216,,,2
55834576764,FIELD_IDENTIFIER,2,,,extractProjectNameFromExcel,extractProjectNameFromExcel,31,222,,,2
55834576765,FIELD_IDENTIFIER,2,,,fetchProjectSnapshot,fetchProjectSnapshot,37,227,,,2
55834576766,FIELD_IDENTIFIER,2,,,log,log,16,229,,,2
55834576767,FIELD_IDENTIFIER,2,,,buildEnhancedPrompt,buildEnhancedPrompt,34,233,,,2
55834576768,FIELD_IDENTIFIER,2,,,genAI,genAI,25,236,,,2
55834576769,FIELD_IDENTIFIER,2,,,getGenerativeModel,getGenerativeModel,31,236,,,2
55834576770,FIELD_IDENTIFIER,2,,,model,model,52,236,,,2
55834576771,FIELD_IDENTIFIER,2,,,generateContent,generateContent,33,237,,,2
55834576772,FIELD_IDENTIFIER,2,,,response,response,30,238,,,2
55834576773,FIELD_IDENTIFIER,2,,,text,text,22,239,,,2
55834576774,FIELD_IDENTIFIER,2,,,error,error,14,241,,,2
55834576775,FIELD_IDENTIFIER,2,,,message,message,60,241,,,2
55834576776,FIELD_IDENTIFIER,2,,,message,message,71,242,,,2
55834576777,FIELD_IDENTIFIER,2,,,generateResponseWithFile,generateResponseWithFile,16,255,,,2
55834576778,FIELD_IDENTIFIER,2,,,genAI,genAI,18,262,,,2
55834576779,FIELD_IDENTIFIER,2,,,GoogleGenerativeAI,GoogleGenerativeAI,0,2,,,2
55834576780,FIELD_IDENTIFIER,2,,,getLatestSnapshotByProjectName,getLatestSnapshotByProjectName,0,4,,,2
55834576781,FIELD_IDENTIFIER,2,,,match,match,22,11,,,2
55834576782,FIELD_IDENTIFIER,2,,,extractSpreadsheetId,extractSpreadsheetId,33,25,,,2
55834576783,FIELD_IDENTIFIER,2,,,log,log,14,30,,,2
55834576784,FIELD_IDENTIFIER,2,,,get,get,35,32,,,2
55834576785,FIELD_IDENTIFIER,2,,,responseType,responseType,8,33,,,2
55834576786,FIELD_IDENTIFIER,2,,,timeout,timeout,8,34,,,2
55834576787,FIELD_IDENTIFIER,2,,,data,data,42,38,,,2
55834576788,FIELD_IDENTIFIER,2,,,toString,toString,48,38,,,2
55834576789,FIELD_IDENTIFIER,2,,,log,log,14,40,,,2
55834576790,FIELD_IDENTIFIER,2,,,length,length,69,40,,,2
55834576791,FIELD_IDENTIFIER,2,,,toFixed,toFixed,84,40,,,2
55834576792,FIELD_IDENTIFIER,2,,,error,error,14,44,,,2
55834576793,FIELD_IDENTIFIER,2,,,message,message,64,44,,,2
55834576794,FIELD_IDENTIFIER,2,,,message,message,64,45,,,2
55834576795,FIELD_IDENTIFIER,2,,,match,match,36,9,,,2
55834576796,FIELD_IDENTIFIER,2,,,log,log,12,13,,,2
55834576797,FIELD_IDENTIFIER,2,,,match,match,38,16,,,2
55834576798,FIELD_IDENTIFIER,2,,,log,log,14,19,,,2
55834576799,FIELD_IDENTIFIER,2,,,match,match,36,24,,,2
55834576800,FIELD_IDENTIFIER,2,,,length,length,27,25,,,2
55834576801,FIELD_IDENTIFIER,2,,,length,length,41,26,,,2
55834576802,FIELD_IDENTIFIER,2,,,match,match,53,26,,,2
55834576803,FIELD_IDENTIFIER,2,,,log,log,16,29,,,2
55834576804,FIELD_IDENTIFIER,2,,,match,match,41,35,,,2
55834576805,FIELD_IDENTIFIER,2,,,log,log,14,38,,,2
55834576806,FIELD_IDENTIFIER,2,,,log,log,10,43,,,2
55834576807,FIELD_IDENTIFIER,2,,,replace,replace,24,52,,,2
55834576808,FIELD_IDENTIFIER,2,,,score,score,37,111,,,2
55834576809,FIELD_IDENTIFIER,2,,,name,name,36,112,,,2
55834576810,FIELD_IDENTIFIER,2,,,toLowerCase,toLowerCase,41,112,,,2
55834576811,FIELD_IDENTIFIER,2,,,includes,includes,24,115,,,2
55834576812,FIELD_IDENTIFIER,2,,,score,score,87,116,,,2
55834576813,FIELD_IDENTIFIER,2,,,includes,includes,31,117,,,2
55834576814,FIELD_IDENTIFIER,2,,,score,score,90,118,,,2
55834576815,FIELD_IDENTIFIER,2,,,includes,includes,31,119,,,2
55834576816,FIELD_IDENTIFIER,2,,,score,score,79,121,,,2
55834576817,FIELD_IDENTIFIER,2,,,includes,includes,31,122,,,2
55834576818,FIELD_IDENTIFIER,2,,,score,score,89,123,,,2
55834576819,FIELD_IDENTIFIER,2,,,includes,includes,31,124,,,2
55834576820,FIELD_IDENTIFIER,2,,,score,score,86,125,,,2
55834576821,FIELD_IDENTIFIER,2,,,includes,includes,31,126,,,2
55834576822,FIELD_IDENTIFIER,2,,,score,score,88,127,,,2
55834576823,FIELD_IDENTIFIER,2,,,includes,includes,31,128,,,2
55834576824,FIELD_IDENTIFIER,2,,,includes,includes,65,128,,,2
55834576825,FIELD_IDENTIFIER,2,,,score,score,86,130,,,2
55834576826,FIELD_IDENTIFIER,2,,,score,score,10,135,,,2
55834576827,FIELD_IDENTIFIER,2,,,match,match,34,66,,,2
55834576828,FIELD_IDENTIFIER,2,,,log,log,12,69,,,2
55834576829,FIELD_IDENTIFIER,2,,,substring,substring,65,69,,,2
55834576830,FIELD_IDENTIFIER,2,,,log,log,12,74,,,2
55834576831,FIELD_IDENTIFIER,2,,,substring,substring,69,74,,,2
55834576832,FIELD_IDENTIFIER,2,,,log,log,12,75,,,2
55834576833,FIELD_IDENTIFIER,2,,,length,length,73,75,,,2
55834576834,FIELD_IDENTIFIER,2,,,warn,warn,14,82,,,2
55834576835,FIELD_IDENTIFIER,2,,,message,message,64,82,,,2
55834576836,FIELD_IDENTIFIER,2,,,warn,warn,14,83,,,2
55834576837,FIELD_IDENTIFIER,2,,,log,log,14,86,,,2
55834576838,FIELD_IDENTIFIER,2,,,substring,substring,49,86,,,2
55834576839,FIELD_IDENTIFIER,2,,,replace,replace,30,89,,,2
55834576840,FIELD_IDENTIFIER,2,,,replace,replace,30,92,,,2
55834576841,FIELD_IDENTIFIER,2,,,log,log,14,94,,,2
55834576842,FIELD_IDENTIFIER,2,,,substring,substring,73,94,,,2
55834576843,FIELD_IDENTIFIER,2,,,detailed_calculations,detailed_calculations,16,100,,,2
55834576844,FIELD_IDENTIFIER,2,,,warn,warn,14,101,,,2
55834576845,FIELD_IDENTIFIER,2,,,detailed_calculations,detailed_calculations,32,105,,,2
55834576846,FIELD_IDENTIFIER,2,,,log,log,12,106,,,2
55834576847,FIELD_IDENTIFIER,2,,,section_scores,section_scores,15,109,,,2
55834576848,FIELD_IDENTIFIER,2,,,isArray,isArray,39,109,,,2
55834576849,FIELD_IDENTIFIER,2,,,section_scores,section_scores,54,109,,,2
55834576850,FIELD_IDENTIFIER,2,,,section_scores,section_scores,13,110,,,2
55834576851,FIELD_IDENTIFIER,2,,,section_scores,section_scores,37,110,,,2
55834576852,FIELD_IDENTIFIER,2,,,map,map,52,110,,,2
55834576853,FIELD_IDENTIFIER,2,,,match,match,38,143,,,2
55834576854,FIELD_IDENTIFIER,2,,,log,log,14,146,,,2
55834576855,FIELD_IDENTIFIER,2,,,match,match,38,149,,,2
55834576856,FIELD_IDENTIFIER,2,,,length,length,29,150,,,2
55834576857,FIELD_IDENTIFIER,2,,,length,length,43,151,,,2
55834576858,FIELD_IDENTIFIER,2,,,match,match,55,151,,,2
55834576859,FIELD_IDENTIFIER,2,,,final_user_score,final_user_score,17,153,,,2
55834576860,FIELD_IDENTIFIER,2,,,log,log,18,154,,,2
55834576861,FIELD_IDENTIFIER,2,,,final_user_score,final_user_score,69,154,,,2
55834576862,FIELD_IDENTIFIER,2,,,match,match,45,158,,,2
55834576863,FIELD_IDENTIFIER,2,,,final_user_score,final_user_score,17,160,,,2
55834576864,FIELD_IDENTIFIER,2,,,log,log,18,161,,,2
55834576865,FIELD_IDENTIFIER,2,,,final_user_score,final_user_score,93,161,,,2
55834576866,FIELD_IDENTIFIER,2,,,final_user_score,final_user_score,16,167,,,2
55834576867,FIELD_IDENTIFIER,2,,,final_user_score,final_user_score,43,167,,,2
55834576868,FIELD_IDENTIFIER,2,,,final_user_score,final_user_score,74,167,,,2
55834576869,FIELD_IDENTIFIER,2,,,match,match,46,169,,,2
55834576870,FIELD_IDENTIFIER,2,,,final_user_score,final_user_score,15,171,,,2
55834576871,FIELD_IDENTIFIER,2,,,log,log,16,172,,,2
55834576872,FIELD_IDENTIFIER,2,,,final_user_score,final_user_score,86,172,,,2
55834576873,FIELD_IDENTIFIER,2,,,match,match,39,178,,,2
55834576874,FIELD_IDENTIFIER,2,,,log,log,14,181,,,2
55834576875,FIELD_IDENTIFIER,2,,,match,match,38,184,,,2
55834576876,FIELD_IDENTIFIER,2,,,length,length,29,185,,,2
55834576877,FIELD_IDENTIFIER,2,,,length,length,43,186,,,2
55834576878,FIELD_IDENTIFIER,2,,,match,match,55,186,,,2
55834576879,FIELD_IDENTIFIER,2,,,api_scores,api_scores,22,188,,,2
55834576880,FIELD_IDENTIFIER,2,,,api_scores,api_scores,41,188,,,2
55834576881,FIELD_IDENTIFIER,2,,,api_scores,api_scores,17,189,,,2
55834576882,FIELD_IDENTIFIER,2,,,api_score,api_score,28,189,,,2
55834576883,FIELD_IDENTIFIER,2,,,log,log,18,190,,,2
55834576884,FIELD_IDENTIFIER,2,,,api_scores,api_scores,62,190,,,2
55834576885,FIELD_IDENTIFIER,2,,,api_score,api_score,73,190,,,2
55834576886,FIELD_IDENTIFIER,2,,,match,match,45,194,,,2
55834576887,FIELD_IDENTIFIER,2,,,api_scores,api_scores,22,196,,,2
55834576888,FIELD_IDENTIFIER,2,,,api_scores,api_scores,41,196,,,2
55834576889,FIELD_IDENTIFIER,2,,,api_scores,api_scores,17,197,,,2
55834576890,FIELD_IDENTIFIER,2,,,api_score,api_score,28,197,,,2
55834576891,FIELD_IDENTIFIER,2,,,log,log,18,198,,,2
55834576892,FIELD_IDENTIFIER,2,,,api_scores,api_scores,86,198,,,2
55834576893,FIELD_IDENTIFIER,2,,,api_score,api_score,97,198,,,2
55834576894,FIELD_IDENTIFIER,2,,,match,match,37,206,,,2
55834576895,FIELD_IDENTIFIER,2,,,log,log,14,209,,,2
55834576896,FIELD_IDENTIFIER,2,,,match,match,38,212,,,2
55834576897,FIELD_IDENTIFIER,2,,,length,length,29,213,,,2
55834576898,FIELD_IDENTIFIER,2,,,length,length,43,214,,,2
55834576899,FIELD_IDENTIFIER,2,,,match,match,55,214,,,2
55834576900,FIELD_IDENTIFIER,2,,,combined_score,combined_score,17,216,,,2
55834576901,FIELD_IDENTIFIER,2,,,log,log,18,217,,,2
55834576902,FIELD_IDENTIFIER,2,,,combined_score,combined_score,67,217,,,2
55834576903,FIELD_IDENTIFIER,2,,,match,match,45,221,,,2
55834576904,FIELD_IDENTIFIER,2,,,combined_score,combined_score,17,223,,,2
55834576905,FIELD_IDENTIFIER,2,,,log,log,18,224,,,2
55834576906,FIELD_IDENTIFIER,2,,,combined_score,combined_score,91,224,,,2
55834576907,FIELD_IDENTIFIER,2,,,combined_score,combined_score,16,230,,,2
55834576908,FIELD_IDENTIFIER,2,,,combined_score,combined_score,41,230,,,2
55834576909,FIELD_IDENTIFIER,2,,,combined_score,combined_score,70,230,,,2
55834576910,FIELD_IDENTIFIER,2,,,match,match,45,232,,,2
55834576911,FIELD_IDENTIFIER,2,,,combined_score,combined_score,15,234,,,2
55834576912,FIELD_IDENTIFIER,2,,,log,log,16,235,,,2
55834576913,FIELD_IDENTIFIER,2,,,combined_score,combined_score,84,235,,,2
55834576914,FIELD_IDENTIFIER,2,,,log,log,12,239,,,2
55834576915,FIELD_IDENTIFIER,2,,,log,log,12,240,,,2
55834576916,FIELD_IDENTIFIER,2,,,repeat,repeat,20,240,,,2
55834576917,FIELD_IDENTIFIER,2,,,log,log,12,241,,,2
55834576918,FIELD_IDENTIFIER,2,,,log,log,12,242,,,2
55834576919,FIELD_IDENTIFIER,2,,,final_user_score,final_user_score,53,242,,,2
55834576920,FIELD_IDENTIFIER,2,,,log,log,12,243,,,2
55834576921,FIELD_IDENTIFIER,2,,,api_scores,api_scores,46,243,,,2
55834576922,FIELD_IDENTIFIER,2,,,api_score,api_score,58,243,,,2
55834576923,FIELD_IDENTIFIER,2,,,log,log,12,244,,,2
55834576924,FIELD_IDENTIFIER,2,,,combined_score,combined_score,51,244,,,2
55834576925,FIELD_IDENTIFIER,2,,,log,log,12,245,,,2
55834576926,FIELD_IDENTIFIER,2,,,repeat,repeat,20,245,,,2
55834576927,FIELD_IDENTIFIER,2,,,error,error,12,250,,,2
55834576928,FIELD_IDENTIFIER,2,,,message,message,74,250,,,2
55834576929,FIELD_IDENTIFIER,2,,,message,message,14,253,,,2
55834576930,FIELD_IDENTIFIER,2,,,includes,includes,22,253,,,2
55834576931,FIELD_IDENTIFIER,2,,,message,message,38,254,,,2
55834576932,FIELD_IDENTIFIER,2,,,match,match,46,254,,,2
55834576933,FIELD_IDENTIFIER,2,,,match,match,36,255,,,2
55834576934,FIELD_IDENTIFIER,2,,,max,max,25,258,,,2
55834576935,FIELD_IDENTIFIER,2,,,min,min,23,259,,,2
55834576936,FIELD_IDENTIFIER,2,,,length,length,38,259,,,2
55834576937,FIELD_IDENTIFIER,2,,,error,error,14,260,,,2
55834576938,FIELD_IDENTIFIER,2,,,error,error,14,261,,,2
55834576939,FIELD_IDENTIFIER,2,,,substring,substring,38,261,,,2
55834576940,FIELD_IDENTIFIER,2,,,error,error,14,262,,,2
55834576941,FIELD_IDENTIFIER,2,,,repeat,repeat,33,262,,,2
55834576942,FIELD_IDENTIFIER,2,,,min,min,45,262,,,2
55834576943,FIELD_IDENTIFIER,2,,,message,message,55,265,,,2
55834576944,FIELD_IDENTIFIER,2,,,parseAndCorrectInsights,parseAndCorrectInsights,0,63,,,2
55834576945,FIELD_IDENTIFIER,2,,,join,join,43,11,,,2
55834576946,FIELD_IDENTIFIER,2,,,readFileSync,readFileSync,24,18,,,2
55834576947,FIELD_IDENTIFIER,2,,,PROMPT_FILE_PATH,PROMPT_FILE_PATH,42,18,,,2
55834576948,FIELD_IDENTIFIER,2,,,error,error,14,21,,,2
55834576949,FIELD_IDENTIFIER,2,,,message,message,59,21,,,2
55834576950,FIELD_IDENTIFIER,2,,,next,next,4,36,,,2
55834576951,FIELD_IDENTIFIER,2,,,next,next,6,38,,,2
55834576952,FIELD_IDENTIFIER,2,,,done,done,4,36,,,2
55834576953,FIELD_IDENTIFIER,2,,,value,value,4,36,,,2
55834576954,FIELD_IDENTIFIER,2,,,done,done,6,38,,,2
55834576955,FIELD_IDENTIFIER,2,,,value,value,6,38,,,2
55834576956,FIELD_IDENTIFIER,2,,,toLowerCase,toLowerCase,45,49,,,2
55834576957,FIELD_IDENTIFIER,2,,,toLowerCase,toLowerCase,75,49,,,2
55834576958,FIELD_IDENTIFIER,2,,,log,log,18,50,,,2
55834576959,FIELD_IDENTIFIER,2,,,sheetName,sheetName,19,51,,,2
55834576960,FIELD_IDENTIFIER,2,,,data,data,30,51,,,2
55834576961,FIELD_IDENTIFIER,2,,,log,log,12,55,,,2
55834576962,FIELD_IDENTIFIER,2,,,data,data,103,78,,,2
55834576963,FIELD_IDENTIFIER,2,,,project_info,project_info,8,84,,,2
55834576964,FIELD_IDENTIFIER,2,,,name,name,10,85,,,2
55834576965,FIELD_IDENTIFIER,2,,,project_name,project_name,32,85,,,2
55834576966,FIELD_IDENTIFIER,2,,,full_path,full_path,10,86,,,2
55834576967,FIELD_IDENTIFIER,2,,,full_path,full_path,37,86,,,2
55834576968,FIELD_IDENTIFIER,2,,,last_activity_at,last_activity_at,10,87,,,2
55834576969,FIELD_IDENTIFIER,2,,,last_activity_at,last_activity_at,44,87,,,2
55834576970,FIELD_IDENTIFIER,2,,,snapshot_date,snapshot_date,10,88,,,2
55834576971,FIELD_IDENTIFIER,2,,,snapshot_date,snapshot_date,41,88,,,2
55834576972,FIELD_IDENTIFIER,2,,,gitlab_metrics,gitlab_metrics,8,90,,,2
55834576973,FIELD_IDENTIFIER,2,,,open_issues,open_issues,10,91,,,2
55834576974,FIELD_IDENTIFIER,2,,,open_issues,open_issues,39,91,,,2
55834576975,FIELD_IDENTIFIER,2,,,open_mrs,open_mrs,10,92,,,2
55834576976,FIELD_IDENTIFIER,2,,,open_mrs,open_mrs,36,92,,,2
55834576977,FIELD_IDENTIFIER,2,,,open_milestones,open_milestones,10,93,,,2
55834576978,FIELD_IDENTIFIER,2,,,open_milestones_count,open_milestones_count,43,93,,,2
55834576979,FIELD_IDENTIFIER,2,,,sonarcloud_metrics,sonarcloud_metrics,8,95,,,2
55834576980,FIELD_IDENTIFIER,2,,,security_high,security_high,10,96,,,2
55834576981,FIELD_IDENTIFIER,2,,,sonar_security_high,sonar_security_high,41,96,,,2
55834576982,FIELD_IDENTIFIER,2,,,security_blocker,security_blocker,10,97,,,2
55834576983,FIELD_IDENTIFIER,2,,,sonar_security_blocker,sonar_security_blocker,44,97,,,2
55834576984,FIELD_IDENTIFIER,2,,,reliability_high,reliability_high,10,98,,,2
55834576985,FIELD_IDENTIFIER,2,,,sonar_reliability_high,sonar_reliability_high,44,98,,,2
55834576986,FIELD_IDENTIFIER,2,,,reliability_blocker,reliability_blocker,10,99,,,2
55834576987,FIELD_IDENTIFIER,2,,,sonar_reliability_blocker,sonar_reliability_blocker,47,99,,,2
55834576988,FIELD_IDENTIFIER,2,,,maintainability_high,maintainability_high,10,100,,,2
55834576989,FIELD_IDENTIFIER,2,,,sonar_maintainability_high,sonar_maintainability_high,48,100,,,2
55834576990,FIELD_IDENTIFIER,2,,,maintainability_blocker,maintainability_blocker,10,101,,,2
55834576991,FIELD_IDENTIFIER,2,,,sonar_maintainability_blocker,sonar_maintainability_blocker,51,101,,,2
55834576992,FIELD_IDENTIFIER,2,,,Sheets,Sheets,35,134,,,2
55834576993,FIELD_IDENTIFIER,2,,,utils,utils,33,135,,,2
55834576994,FIELD_IDENTIFIER,2,,,sheet_to_json,sheet_to_json,39,135,,,2
55834576995,FIELD_IDENTIFIER,2,,,log,log,14,120,,,2
55834576996,FIELD_IDENTIFIER,2,,,loadPrompt,loadPrompt,36,123,,,2
55834576997,FIELD_IDENTIFIER,2,,,log,log,14,126,,,2
55834576998,FIELD_IDENTIFIER,2,,,downloadAsExcel,downloadAsExcel,52,127,,,2
55834576999,FIELD_IDENTIFIER,2,,,GOOGLE_SHEET_URL,GOOGLE_SHEET_URL,73,127,,,2
55834577000,FIELD_IDENTIFIER,2,,,read,read,28,131,,,2
55834577001,FIELD_IDENTIFIER,2,,,type,type,43,131,,,2
55834577002,FIELD_IDENTIFIER,2,,,SheetNames,SheetNames,15,133,,,2
55834577003,FIELD_IDENTIFIER,2,,,forEach,forEach,26,133,,,2
55834577004,FIELD_IDENTIFIER,2,,,extractProjectRow,extractProjectRow,30,139,,,2
55834577005,FIELD_IDENTIFIER,2,,,log,log,14,145,,,2
55834577006,FIELD_IDENTIFIER,2,,,log,log,16,148,,,2
55834577007,FIELD_IDENTIFIER,2,,,buildInsightsPrompt,buildInsightsPrompt,34,152,,,2
55834577008,FIELD_IDENTIFIER,2,,,log,log,14,160,,,2
55834577009,FIELD_IDENTIFIER,2,,,generateTextResponse,generateTextResponse,43,161,,,2
55834577010,FIELD_IDENTIFIER,2,,,log,log,14,163,,,2
55834577011,FIELD_IDENTIFIER,2,,,error,error,14,166,,,2
55834577012,FIELD_IDENTIFIER,2,,,message,message,68,166,,,2
55834577013,FIELD_IDENTIFIER,2,,,getLatestSnapshotByProjectName,getLatestSnapshotByProjectName,0,4,,,2
55834577014,FIELD_IDENTIFIER,2,,,sha,sha,6,35,,,2
55834577015,FIELD_IDENTIFIER,2,,,id,id,18,35,,,2
55834577016,FIELD_IDENTIFIER,2,,,sha,sha,31,35,,,2
55834577017,FIELD_IDENTIFIER,2,,,title,title,6,36,,,2
55834577018,FIELD_IDENTIFIER,2,,,title,title,20,36,,,2
55834577019,FIELD_IDENTIFIER,2,,,message,message,6,37,,,2
55834577020,FIELD_IDENTIFIER,2,,,message,message,22,37,,,2
55834577021,FIELD_IDENTIFIER,2,,,author,author,6,38,,,2
55834577022,FIELD_IDENTIFIER,2,,,author_name,author_name,21,38,,,2
55834577023,FIELD_IDENTIFIER,2,,,author_email,author_email,43,38,,,2
55834577024,FIELD_IDENTIFIER,2,,,created_at,created_at,6,39,,,2
55834577025,FIELD_IDENTIFIER,2,,,created_at,created_at,25,39,,,2
55834577026,FIELD_IDENTIFIER,2,,,committed_date,committed_date,46,39,,,2
55834577027,FIELD_IDENTIFIER,2,,,log,log,12,18,,,2
55834577028,FIELD_IDENTIFIER,2,,,log,log,12,19,,,2
55834577029,FIELD_IDENTIFIER,2,,,length,length,59,19,,,2
55834577030,FIELD_IDENTIFIER,2,,,calculateAvgCommitSize,calculateAvgCommitSize,34,22,,,2
55834577031,FIELD_IDENTIFIER,2,,,calculateLinesAddedDeleted,calculateLinesAddedDeleted,29,25,,,2
55834577032,FIELD_IDENTIFIER,2,,,length,length,43,28,,,2
55834577033,FIELD_IDENTIFIER,2,,,calculateBusFactor,calculateBusFactor,33,31,,,2
55834577034,FIELD_IDENTIFIER,2,,,slice,slice,41,34,,,2
55834577035,FIELD_IDENTIFIER,2,,,map,map,55,34,,,2
55834577036,FIELD_IDENTIFIER,2,,,total_commits_last_7d,total_commits_last_7d,6,43,,,2
55834577037,FIELD_IDENTIFIER,2,,,total_lines_changed,total_lines_changed,6,44,,,2
55834577038,FIELD_IDENTIFIER,2,,,total_lines_changed,total_lines_changed,44,44,,,2
55834577039,FIELD_IDENTIFIER,2,,,commits_analyzed,commits_analyzed,6,45,,,2
55834577040,FIELD_IDENTIFIER,2,,,commits_analyzed,commits_analyzed,41,45,,,2
55834577041,FIELD_IDENTIFIER,2,,,avg_commit_size,avg_commit_size,6,46,,,2
55834577042,FIELD_IDENTIFIER,2,,,avg_commit_size,avg_commit_size,40,46,,,2
55834577043,FIELD_IDENTIFIER,2,,,total_lines_added,total_lines_added,6,47,,,2
55834577044,FIELD_IDENTIFIER,2,,,total_lines_added,total_lines_added,37,47,,,2
55834577045,FIELD_IDENTIFIER,2,,,total_lines_deleted,total_lines_deleted,6,48,,,2
55834577046,FIELD_IDENTIFIER,2,,,total_lines_deleted,total_lines_deleted,39,48,,,2
55834577047,FIELD_IDENTIFIER,2,,,lines_added_deleted_ratio,lines_added_deleted_ratio,6,49,,,2
55834577048,FIELD_IDENTIFIER,2,,,lines_added_deleted_ratio,lines_added_deleted_ratio,45,49,,,2
55834577049,FIELD_IDENTIFIER,2,,,commits_per_week,commits_per_week,6,50,,,2
55834577050,FIELD_IDENTIFIER,2,,,total_contributors,total_contributors,6,51,,,2
55834577051,FIELD_IDENTIFIER,2,,,total_contributors,total_contributors,42,51,,,2
55834577052,FIELD_IDENTIFIER,2,,,contributors_above_50_percent,contributors_above_50_percent,6,52,,,2
55834577053,FIELD_IDENTIFIER,2,,,contributors_above_50_percent,contributors_above_50_percent,53,52,,,2
55834577054,FIELD_IDENTIFIER,2,,,bus_factor,bus_factor,6,53,,,2
55834577055,FIELD_IDENTIFIER,2,,,bus_factor,bus_factor,34,53,,,2
55834577056,FIELD_IDENTIFIER,2,,,commit_details,commit_details,6,54,,,2
55834577057,FIELD_IDENTIFIER,2,,,stats,stats,17,66,,,2
55834577058,FIELD_IDENTIFIER,2,,,stats,stats,33,67,,,2
55834577059,FIELD_IDENTIFIER,2,,,additions,additions,39,67,,,2
55834577060,FIELD_IDENTIFIER,2,,,stats,stats,33,68,,,2
55834577061,FIELD_IDENTIFIER,2,,,deletions,deletions,39,68,,,2
55834577062,FIELD_IDENTIFIER,2,,,forEach,forEach,12,65,,,2
55834577063,FIELD_IDENTIFIER,2,,,log,log,12,78,,,2
55834577064,FIELD_IDENTIFIER,2,,,toFixed,toFixed,68,78,,,2
55834577065,FIELD_IDENTIFIER,2,,,total_lines_changed,total_lines_changed,6,81,,,2
55834577066,FIELD_IDENTIFIER,2,,,commits_analyzed,commits_analyzed,6,82,,,2
55834577067,FIELD_IDENTIFIER,2,,,avg_commit_size,avg_commit_size,6,83,,,2
55834577068,FIELD_IDENTIFIER,2,,,toFixed,toFixed,50,83,,,2
55834577069,FIELD_IDENTIFIER,2,,,stats,stats,17,95,,,2
55834577070,FIELD_IDENTIFIER,2,,,stats,stats,36,96,,,2
55834577071,FIELD_IDENTIFIER,2,,,additions,additions,42,96,,,2
55834577072,FIELD_IDENTIFIER,2,,,stats,stats,38,97,,,2
55834577073,FIELD_IDENTIFIER,2,,,deletions,deletions,44,97,,,2
55834577074,FIELD_IDENTIFIER,2,,,forEach,forEach,12,94,,,2
55834577075,FIELD_IDENTIFIER,2,,,log,log,12,105,,,2
55834577076,FIELD_IDENTIFIER,2,,,toFixed,toFixed,122,105,,,2
55834577077,FIELD_IDENTIFIER,2,,,total_lines_added,total_lines_added,6,108,,,2
55834577078,FIELD_IDENTIFIER,2,,,total_lines_deleted,total_lines_deleted,6,109,,,2
55834577079,FIELD_IDENTIFIER,2,,,lines_added_deleted_ratio,lines_added_deleted_ratio,6,110,,,2
55834577080,FIELD_IDENTIFIER,2,,,toFixed,toFixed,70,110,,,2
55834577081,FIELD_IDENTIFIER,2,,,author_email,author_email,27,122,,,2
55834577082,FIELD_IDENTIFIER,2,,,author_name,author_name,26,123,,,2
55834577083,FIELD_IDENTIFIER,2,,,has,has,25,125,,,2
55834577084,FIELD_IDENTIFIER,2,,,get,get,23,126,,,2
55834577085,FIELD_IDENTIFIER,2,,,commit_count,commit_count,35,126,,,2
55834577086,FIELD_IDENTIFIER,2,,,set,set,23,128,,,2
55834577087,FIELD_IDENTIFIER,2,,,author_email,author_email,10,129,,,2
55834577088,FIELD_IDENTIFIER,2,,,author_name,author_name,10,130,,,2
55834577089,FIELD_IDENTIFIER,2,,,commit_count,commit_count,10,131,,,2
55834577090,FIELD_IDENTIFIER,2,,,commit_count,commit_count,13,151,,,2
55834577091,FIELD_IDENTIFIER,2,,,forEach,forEach,12,121,,,2
55834577092,FIELD_IDENTIFIER,2,,,from,from,31,136,,,2
55834577093,FIELD_IDENTIFIER,2,,,values,values,51,136,,,2
55834577094,FIELD_IDENTIFIER,2,,,length,length,44,137,,,2
55834577095,FIELD_IDENTIFIER,2,,,length,length,33,138,,,2
55834577096,FIELD_IDENTIFIER,2,,,total_contributors,total_contributors,8,142,,,2
55834577097,FIELD_IDENTIFIER,2,,,contributors_above_50_percent,contributors_above_50_percent,8,143,,,2
55834577098,FIELD_IDENTIFIER,2,,,bus_factor,bus_factor,8,144,,,2
55834577099,FIELD_IDENTIFIER,2,,,filter,filter,55,150,,,2
55834577100,FIELD_IDENTIFIER,2,,,length,length,6,152,,,2
55834577101,FIELD_IDENTIFIER,2,,,log,log,12,157,,,2
55834577102,FIELD_IDENTIFIER,2,,,toFixed,toFixed,119,157,,,2
55834577103,FIELD_IDENTIFIER,2,,,total_contributors,total_contributors,6,160,,,2
55834577104,FIELD_IDENTIFIER,2,,,contributors_above_50_percent,contributors_above_50_percent,6,161,,,2
55834577105,FIELD_IDENTIFIER,2,,,bus_factor,bus_factor,6,162,,,2
55834577106,FIELD_IDENTIFIER,2,,,GitLabCommit,GitLabCommit,0,4,,,2
55834577107,FIELD_IDENTIFIER,2,,,CommitMetricsCalculationResult,CommitMetricsCalculationResult,0,5,,,2
55834577108,FIELD_IDENTIFIER,2,,,ContributorCommitData,ContributorCommitData,0,5,,,2
55834577109,FIELD_IDENTIFIER,2,,,push,push,8,45,,,2
55834577110,FIELD_IDENTIFIER,2,,,push,push,8,46,,,2
55834577111,FIELD_IDENTIFIER,2,,,total_commits_last_7d,total_commits_last_7d,16,46,,,2
55834577112,FIELD_IDENTIFIER,2,,,push,push,8,47,,,2
55834577113,FIELD_IDENTIFIER,2,,,total_lines_changed,total_lines_changed,16,47,,,2
55834577114,FIELD_IDENTIFIER,2,,,push,push,8,48,,,2
55834577115,FIELD_IDENTIFIER,2,,,commits_analyzed,commits_analyzed,16,48,,,2
55834577116,FIELD_IDENTIFIER,2,,,push,push,8,49,,,2
55834577117,FIELD_IDENTIFIER,2,,,avg_commit_size,avg_commit_size,16,49,,,2
55834577118,FIELD_IDENTIFIER,2,,,push,push,8,50,,,2
55834577119,FIELD_IDENTIFIER,2,,,total_lines_added,total_lines_added,16,50,,,2
55834577120,FIELD_IDENTIFIER,2,,,push,push,8,51,,,2
55834577121,FIELD_IDENTIFIER,2,,,total_lines_deleted,total_lines_deleted,16,51,,,2
55834577122,FIELD_IDENTIFIER,2,,,push,push,8,52,,,2
55834577123,FIELD_IDENTIFIER,2,,,lines_added_deleted_ratio,lines_added_deleted_ratio,16,52,,,2
55834577124,FIELD_IDENTIFIER,2,,,push,push,8,53,,,2
55834577125,FIELD_IDENTIFIER,2,,,commits_per_week,commits_per_week,16,53,,,2
55834577126,FIELD_IDENTIFIER,2,,,push,push,8,54,,,2
55834577127,FIELD_IDENTIFIER,2,,,total_contributors,total_contributors,16,54,,,2
55834577128,FIELD_IDENTIFIER,2,,,push,push,8,55,,,2
55834577129,FIELD_IDENTIFIER,2,,,contributors_above_50_percent,contributors_above_50_percent,16,55,,,2
55834577130,FIELD_IDENTIFIER,2,,,push,push,8,56,,,2
55834577131,FIELD_IDENTIFIER,2,,,bus_factor,bus_factor,16,56,,,2
55834577132,FIELD_IDENTIFIER,2,,,push,push,8,57,,,2
55834577133,FIELD_IDENTIFIER,2,,,commit_details,commit_details,31,57,,,2
55834577134,FIELD_IDENTIFIER,2,,,query,query,37,60,,,2
55834577135,FIELD_IDENTIFIER,2,,,log,log,14,61,,,2
55834577136,FIELD_IDENTIFIER,2,,,rows,rows,20,62,,,2
55834577137,FIELD_IDENTIFIER,2,,,error,error,14,64,,,2
55834577138,FIELD_IDENTIFIER,2,,,getMetrics,getMetrics,40,75,,,2
55834577139,FIELD_IDENTIFIER,2,,,total_commits_last_7d,total_commits_last_7d,8,82,,,2
55834577140,FIELD_IDENTIFIER,2,,,total_commits_last_7d,total_commits_last_7d,46,82,,,2
55834577141,FIELD_IDENTIFIER,2,,,avg_commit_size,avg_commit_size,8,83,,,2
55834577142,FIELD_IDENTIFIER,2,,,avg_commit_size,avg_commit_size,40,83,,,2
55834577143,FIELD_IDENTIFIER,2,,,bus_factor,bus_factor,8,84,,,2
55834577144,FIELD_IDENTIFIER,2,,,bus_factor,bus_factor,35,84,,,2
55834577145,FIELD_IDENTIFIER,2,,,push,push,8,107,,,2
55834577146,FIELD_IDENTIFIER,2,,,push,push,8,108,,,2
55834577147,FIELD_IDENTIFIER,2,,,total_commits_last_7d,total_commits_last_7d,23,108,,,2
55834577148,FIELD_IDENTIFIER,2,,,push,push,8,109,,,2
55834577149,FIELD_IDENTIFIER,2,,,avg_commit_size,avg_commit_size,23,109,,,2
55834577150,FIELD_IDENTIFIER,2,,,push,push,8,110,,,2
55834577151,FIELD_IDENTIFIER,2,,,total_lines_added,total_lines_added,23,110,,,2
55834577152,FIELD_IDENTIFIER,2,,,push,push,8,111,,,2
55834577153,FIELD_IDENTIFIER,2,,,total_lines_deleted,total_lines_deleted,23,111,,,2
55834577154,FIELD_IDENTIFIER,2,,,push,push,8,112,,,2
55834577155,FIELD_IDENTIFIER,2,,,bus_factor,bus_factor,23,112,,,2
55834577156,FIELD_IDENTIFIER,2,,,push,push,8,113,,,2
55834577157,FIELD_IDENTIFIER,2,,,query,query,37,116,,,2
55834577158,FIELD_IDENTIFIER,2,,,log,log,14,117,,,2
55834577159,FIELD_IDENTIFIER,2,,,rows,rows,20,118,,,2
55834577160,FIELD_IDENTIFIER,2,,,error,error,14,120,,,2
55834577161,FIELD_IDENTIFIER,2,,,query,query,37,137,,,2
55834577162,FIELD_IDENTIFIER,2,,,push,push,51,137,,,2
55834577163,FIELD_IDENTIFIER,2,,,rows,rows,20,138,,,2
55834577164,FIELD_IDENTIFIER,2,,,error,error,14,140,,,2
55834577165,FIELD_IDENTIFIER,2,,,query,query,37,156,,,2
55834577166,FIELD_IDENTIFIER,2,,,push,push,51,156,,,2
55834577167,FIELD_IDENTIFIER,2,,,rows,rows,20,157,,,2
55834577168,FIELD_IDENTIFIER,2,,,error,error,14,159,,,2
55834577169,FIELD_IDENTIFIER,2,,,query,query,37,179,,,2
55834577170,FIELD_IDENTIFIER,2,,,push,push,51,179,,,2
55834577171,FIELD_IDENTIFIER,2,,,rows,rows,20,180,,,2
55834577172,FIELD_IDENTIFIER,2,,,error,error,14,182,,,2
55834577173,FIELD_IDENTIFIER,2,,,query,query,22,192,,,2
55834577174,FIELD_IDENTIFIER,2,,,push,push,8,193,,,2
55834577175,FIELD_IDENTIFIER,2,,,query,query,22,195,,,2
55834577176,FIELD_IDENTIFIER,2,,,push,push,8,196,,,2
55834577177,FIELD_IDENTIFIER,2,,,log,log,14,198,,,2
55834577178,FIELD_IDENTIFIER,2,,,error,error,14,200,,,2
55834577179,FIELD_IDENTIFIER,2,,,getPool,getPool,0,5,,,2
55834577180,FIELD_IDENTIFIER,2,,,CommitHealthMetrics,CommitHealthMetrics,0,6,,,2
55834577181,FIELD_IDENTIFIER,2,,,CommitMetricsHistory,CommitMetricsHistory,0,6,,,2
55834577182,FIELD_IDENTIFIER,2,,,CommitMetricsCalculationResult,CommitMetricsCalculationResult,0,6,,,2
55834577183,FIELD_IDENTIFIER,2,,,calculateCommitHealthScore,calculateCommitHealthScore,0,7,,,2
55834577184,FIELD_IDENTIFIER,2,,,log,log,12,16,,,2
55834577185,FIELD_IDENTIFIER,2,,,log,log,14,20,,,2
55834577186,FIELD_IDENTIFIER,2,,,fetchGitLabData,fetchGitLabData,30,21,,,2
55834577187,FIELD_IDENTIFIER,2,,,log,log,14,22,,,2
55834577188,FIELD_IDENTIFIER,2,,,log,log,14,25,,,2
55834577189,FIELD_IDENTIFIER,2,,,calculateMetrics,calculateMetrics,64,26,,,2
55834577190,FIELD_IDENTIFIER,2,,,commitsLast7d,commitsLast7d,13,28,,,2
55834577191,FIELD_IDENTIFIER,2,,,totalCommitCount,totalCommitCount,13,29,,,2
55834577192,FIELD_IDENTIFIER,2,,,log,log,14,33,,,2
55834577193,FIELD_IDENTIFIER,2,,,saveMetrics,saveMetrics,56,34,,,2
55834577194,FIELD_IDENTIFIER,2,,,log,log,14,40,,,2
55834577195,FIELD_IDENTIFIER,2,,,saveHistoricalSnapshot,saveHistoricalSnapshot,35,41,,,2
55834577196,FIELD_IDENTIFIER,2,,,log,log,14,43,,,2
55834577197,FIELD_IDENTIFIER,2,,,error,error,14,47,,,2
55834577198,FIELD_IDENTIFIER,2,,,setDate,setDate,17,57,,,2
55834577199,FIELD_IDENTIFIER,2,,,getDate,getDate,38,57,,,2
55834577200,FIELD_IDENTIFIER,2,,,toISOString,toISOString,41,58,,,2
55834577201,FIELD_IDENTIFIER,2,,,log,log,12,60,,,2
55834577202,FIELD_IDENTIFIER,2,,,getCommits,getCommits,52,63,,,2
55834577203,FIELD_IDENTIFIER,2,,,getCommitCount,getCommitCount,55,70,,,2
55834577204,FIELD_IDENTIFIER,2,,,log,log,12,75,,,2
55834577205,FIELD_IDENTIFIER,2,,,length,length,62,75,,,2
55834577206,FIELD_IDENTIFIER,2,,,commitsLast7d,commitsLast7d,6,78,,,2
55834577207,FIELD_IDENTIFIER,2,,,totalCommitCount,totalCommitCount,6,79,,,2
55834577208,FIELD_IDENTIFIER,2,,,CommitHealthMetrics,CommitHealthMetrics,0,8,,,2
55834577209,FIELD_IDENTIFIER,2,,,query,query,38,42,,,2
55834577210,FIELD_IDENTIFIER,2,,,push,push,71,42,,,2
55834577211,FIELD_IDENTIFIER,2,,,rows,rows,42,43,,,2
55834577212,FIELD_IDENTIFIER,2,,,query,query,35,59,,,2
55834577213,FIELD_IDENTIFIER,2,,,push,push,58,59,,,2
55834577214,FIELD_IDENTIFIER,2,,,rows,rows,45,60,,,2
55834577215,FIELD_IDENTIFIER,2,,,earliest,earliest,12,60,,,2
55834577216,FIELD_IDENTIFIER,2,,,latest,latest,22,60,,,2
55834577217,FIELD_IDENTIFIER,2,,,max,max,29,63,,,2
55834577218,FIELD_IDENTIFIER,2,,,ceil,ceil,41,63,,,2
55834577219,FIELD_IDENTIFIER,2,,,getTime,getTime,64,63,,,2
55834577220,FIELD_IDENTIFIER,2,,,getTime,getTime,95,63,,,2
55834577221,FIELD_IDENTIFIER,2,,,production_deployments,production_deployments,55,64,,,2
55834577222,FIELD_IDENTIFIER,2,,,toFixed,toFixed,70,66,,,2
55834577223,FIELD_IDENTIFIER,2,,,toFixed,toFixed,77,67,,,2
55834577224,FIELD_IDENTIFIER,2,,,toFixed,toFixed,79,68,,,2
55834577225,FIELD_IDENTIFIER,2,,,query,query,36,80,,,2
55834577226,FIELD_IDENTIFIER,2,,,push,push,56,80,,,2
55834577227,FIELD_IDENTIFIER,2,,,rows,rows,36,81,,,2
55834577228,FIELD_IDENTIFIER,2,,,daily,daily,46,83,,,2
55834577229,FIELD_IDENTIFIER,2,,,weekly,weekly,47,84,,,2
55834577230,FIELD_IDENTIFIER,2,,,monthly,monthly,48,85,,,2
55834577231,FIELD_IDENTIFIER,2,,,query,query,36,101,,,2
55834577232,FIELD_IDENTIFIER,2,,,push,push,58,101,,,2
55834577233,FIELD_IDENTIFIER,2,,,rows,rows,38,102,,,2
55834577234,FIELD_IDENTIFIER,2,,,query,query,41,118,,,2
55834577235,FIELD_IDENTIFIER,2,,,push,push,68,118,,,2
55834577236,FIELD_IDENTIFIER,2,,,rows,rows,48,119,,,2
55834577237,FIELD_IDENTIFIER,2,,,query,query,41,134,,,2
55834577238,FIELD_IDENTIFIER,2,,,push,push,68,134,,,2
55834577239,FIELD_IDENTIFIER,2,,,rows,rows,48,135,,,2
55834577240,FIELD_IDENTIFIER,2,,,project_id,project_id,4,138,,,2
55834577241,FIELD_IDENTIFIER,2,,,deployment_frequency,deployment_frequency,4,139,,,2
55834577242,FIELD_IDENTIFIER,2,,,total_deployments,total_deployments,6,140,,,2
55834577243,FIELD_IDENTIFIER,2,,,total_deployments,total_deployments,49,140,,,2
55834577244,FIELD_IDENTIFIER,2,,,production_deployments,production_deployments,6,141,,,2
55834577245,FIELD_IDENTIFIER,2,,,production_deployments,production_deployments,54,141,,,2
55834577246,FIELD_IDENTIFIER,2,,,deployments_per_day,deployments_per_day,6,142,,,2
55834577247,FIELD_IDENTIFIER,2,,,deployments_per_week,deployments_per_week,6,143,,,2
55834577248,FIELD_IDENTIFIER,2,,,deployments_per_month,deployments_per_month,6,144,,,2
55834577249,FIELD_IDENTIFIER,2,,,lead_time,lead_time,4,146,,,2
55834577250,FIELD_IDENTIFIER,2,,,total_changes,total_changes,6,147,,,2
55834577251,FIELD_IDENTIFIER,2,,,total_changes,total_changes,43,147,,,2
55834577252,FIELD_IDENTIFIER,2,,,avg_lead_time_hours,avg_lead_time_hours,6,148,,,2
55834577253,FIELD_IDENTIFIER,2,,,avg_lead_time,avg_lead_time,51,148,,,2
55834577254,FIELD_IDENTIFIER,2,,,median_lead_time_hours,median_lead_time_hours,6,149,,,2
55834577255,FIELD_IDENTIFIER,2,,,median_lead_time,median_lead_time,54,149,,,2
55834577256,FIELD_IDENTIFIER,2,,,min_lead_time_hours,min_lead_time_hours,6,150,,,2
55834577257,FIELD_IDENTIFIER,2,,,min_lead_time,min_lead_time,51,150,,,2
55834577258,FIELD_IDENTIFIER,2,,,max_lead_time_hours,max_lead_time_hours,6,151,,,2
55834577259,FIELD_IDENTIFIER,2,,,max_lead_time,max_lead_time,51,151,,,2
55834577260,FIELD_IDENTIFIER,2,,,change_failure_rate,change_failure_rate,4,153,,,2
55834577261,FIELD_IDENTIFIER,2,,,total_deployments,total_deployments,6,154,,,2
55834577262,FIELD_IDENTIFIER,2,,,total_deployments,total_deployments,52,154,,,2
55834577263,FIELD_IDENTIFIER,2,,,failed_deployments,failed_deployments,6,155,,,2
55834577264,FIELD_IDENTIFIER,2,,,failed_deployments,failed_deployments,53,155,,,2
55834577265,FIELD_IDENTIFIER,2,,,failure_rate_percent,failure_rate_percent,6,156,,,2
55834577266,FIELD_IDENTIFIER,2,,,failure_rate,failure_rate,57,156,,,2
55834577267,FIELD_IDENTIFIER,2,,,time_to_restore,time_to_restore,4,158,,,2
55834577268,FIELD_IDENTIFIER,2,,,total_incidents,total_incidents,6,159,,,2
55834577269,FIELD_IDENTIFIER,2,,,total_incidents,total_incidents,50,159,,,2
55834577270,FIELD_IDENTIFIER,2,,,avg_restore_time_hours,avg_restore_time_hours,6,160,,,2
55834577271,FIELD_IDENTIFIER,2,,,avg_restore_time,avg_restore_time,59,160,,,2
55834577272,FIELD_IDENTIFIER,2,,,median_restore_time_hours,median_restore_time_hours,6,161,,,2
55834577273,FIELD_IDENTIFIER,2,,,median_restore_time,median_restore_time,62,161,,,2
55834577274,FIELD_IDENTIFIER,2,,,min_restore_time_hours,min_restore_time_hours,6,162,,,2
55834577275,FIELD_IDENTIFIER,2,,,min_restore_time,min_restore_time,59,162,,,2
55834577276,FIELD_IDENTIFIER,2,,,max_restore_time_hours,max_restore_time_hours,6,163,,,2
55834577277,FIELD_IDENTIFIER,2,,,max_restore_time,max_restore_time,59,163,,,2
55834577278,FIELD_IDENTIFIER,2,,,getPool,getPool,0,4,,,2
55834577279,FIELD_IDENTIFIER,2,,,DoraMetricsSummary,DoraMetricsSummary,0,5,,,2
55834577280,FIELD_IDENTIFIER,2,,,calculateDoraMetricsSummary,calculateDoraMetricsSummary,0,12,,,2
55834577281,FIELD_IDENTIFIER,2,,,push,push,4,36,,,2
55834577282,FIELD_IDENTIFIER,2,,,project_id,project_id,9,36,,,2
55834577283,FIELD_IDENTIFIER,2,,,push,push,4,37,,,2
55834577284,FIELD_IDENTIFIER,2,,,deployment_id,deployment_id,9,37,,,2
55834577285,FIELD_IDENTIFIER,2,,,push,push,4,38,,,2
55834577286,FIELD_IDENTIFIER,2,,,version,version,9,38,,,2
55834577287,FIELD_IDENTIFIER,2,,,push,push,4,39,,,2
55834577288,FIELD_IDENTIFIER,2,,,environment,environment,9,39,,,2
55834577289,FIELD_IDENTIFIER,2,,,push,push,4,40,,,2
55834577290,FIELD_IDENTIFIER,2,,,deployment_timestamp,deployment_timestamp,9,40,,,2
55834577291,FIELD_IDENTIFIER,2,,,query,query,28,43,,,2
55834577292,FIELD_IDENTIFIER,2,,,rows,rows,16,44,,,2
55834577293,FIELD_IDENTIFIER,2,,,merged_timestamp,merged_timestamp,35,57,,,2
55834577294,FIELD_IDENTIFIER,2,,,deployed_timestamp,deployed_timestamp,37,58,,,2
55834577295,FIELD_IDENTIFIER,2,,,getTime,getTime,38,59,,,2
55834577296,FIELD_IDENTIFIER,2,,,getTime,getTime,61,59,,,2
55834577297,FIELD_IDENTIFIER,2,,,push,push,4,73,,,2
55834577298,FIELD_IDENTIFIER,2,,,project_id,project_id,9,73,,,2
55834577299,FIELD_IDENTIFIER,2,,,push,push,4,74,,,2
55834577300,FIELD_IDENTIFIER,2,,,change_id,change_id,9,74,,,2
55834577301,FIELD_IDENTIFIER,2,,,push,push,4,75,,,2
55834577302,FIELD_IDENTIFIER,2,,,merged_timestamp,merged_timestamp,9,75,,,2
55834577303,FIELD_IDENTIFIER,2,,,push,push,4,76,,,2
55834577304,FIELD_IDENTIFIER,2,,,deployed_timestamp,deployed_timestamp,9,76,,,2
55834577305,FIELD_IDENTIFIER,2,,,push,push,4,77,,,2
55834577306,FIELD_IDENTIFIER,2,,,toFixed,toFixed,18,77,,,2
55834577307,FIELD_IDENTIFIER,2,,,query,query,28,80,,,2
55834577308,FIELD_IDENTIFIER,2,,,rows,rows,16,81,,,2
55834577309,FIELD_IDENTIFIER,2,,,push,push,4,104,,,2
55834577310,FIELD_IDENTIFIER,2,,,project_id,project_id,9,104,,,2
55834577311,FIELD_IDENTIFIER,2,,,push,push,4,105,,,2
55834577312,FIELD_IDENTIFIER,2,,,deployment_id,deployment_id,9,105,,,2
55834577313,FIELD_IDENTIFIER,2,,,push,push,4,106,,,2
55834577314,FIELD_IDENTIFIER,2,,,deployment_timestamp,deployment_timestamp,9,106,,,2
55834577315,FIELD_IDENTIFIER,2,,,push,push,4,107,,,2
55834577316,FIELD_IDENTIFIER,2,,,has_incident,has_incident,9,107,,,2
55834577317,FIELD_IDENTIFIER,2,,,push,push,4,108,,,2
55834577318,FIELD_IDENTIFIER,2,,,remediation_type,remediation_type,9,108,,,2
55834577319,FIELD_IDENTIFIER,2,,,query,query,28,111,,,2
55834577320,FIELD_IDENTIFIER,2,,,rows,rows,16,112,,,2
55834577321,FIELD_IDENTIFIER,2,,,start_time,start_time,34,125,,,2
55834577322,FIELD_IDENTIFIER,2,,,end_time,end_time,32,126,,,2
55834577323,FIELD_IDENTIFIER,2,,,getTime,getTime,36,127,,,2
55834577324,FIELD_IDENTIFIER,2,,,getTime,getTime,58,127,,,2
55834577325,FIELD_IDENTIFIER,2,,,push,push,4,142,,,2
55834577326,FIELD_IDENTIFIER,2,,,project_id,project_id,9,142,,,2
55834577327,FIELD_IDENTIFIER,2,,,push,push,4,143,,,2
55834577328,FIELD_IDENTIFIER,2,,,incident_id,incident_id,9,143,,,2
55834577329,FIELD_IDENTIFIER,2,,,push,push,4,144,,,2
55834577330,FIELD_IDENTIFIER,2,,,start_time,start_time,9,144,,,2
55834577331,FIELD_IDENTIFIER,2,,,push,push,4,145,,,2
55834577332,FIELD_IDENTIFIER,2,,,end_time,end_time,9,145,,,2
55834577333,FIELD_IDENTIFIER,2,,,push,push,4,146,,,2
55834577334,FIELD_IDENTIFIER,2,,,toFixed,toFixed,21,146,,,2
55834577335,FIELD_IDENTIFIER,2,,,push,push,4,147,,,2
55834577336,FIELD_IDENTIFIER,2,,,description,description,9,147,,,2
55834577337,FIELD_IDENTIFIER,2,,,query,query,28,150,,,2
55834577338,FIELD_IDENTIFIER,2,,,rows,rows,16,151,,,2
55834577339,FIELD_IDENTIFIER,2,,,query,query,28,170,,,2
55834577340,FIELD_IDENTIFIER,2,,,push,push,42,170,,,2
55834577341,FIELD_IDENTIFIER,2,,,rows,rows,16,171,,,2
55834577342,FIELD_IDENTIFIER,2,,,query,query,28,190,,,2
55834577343,FIELD_IDENTIFIER,2,,,push,push,42,190,,,2
55834577344,FIELD_IDENTIFIER,2,,,rows,rows,16,191,,,2
55834577345,FIELD_IDENTIFIER,2,,,query,query,28,210,,,2
55834577346,FIELD_IDENTIFIER,2,,,push,push,42,210,,,2
55834577347,FIELD_IDENTIFIER,2,,,rows,rows,16,211,,,2
55834577348,FIELD_IDENTIFIER,2,,,query,query,28,230,,,2
55834577349,FIELD_IDENTIFIER,2,,,push,push,42,230,,,2
55834577350,FIELD_IDENTIFIER,2,,,rows,rows,16,231,,,2
55834577351,FIELD_IDENTIFIER,2,,,query,query,28,252,,,2
55834577352,FIELD_IDENTIFIER,2,,,push,push,42,252,,,2
55834577353,FIELD_IDENTIFIER,2,,,push,push,53,252,,,2
55834577354,FIELD_IDENTIFIER,2,,,push,push,72,252,,,2
55834577355,FIELD_IDENTIFIER,2,,,rows,rows,16,253,,,2
55834577356,FIELD_IDENTIFIER,2,,,query,query,28,261,,,2
55834577357,FIELD_IDENTIFIER,2,,,push,push,87,261,,,2
55834577358,FIELD_IDENTIFIER,2,,,rowCount,rowCount,16,262,,,2
55834577359,FIELD_IDENTIFIER,2,,,rowCount,rowCount,34,262,,,2
55834577360,FIELD_IDENTIFIER,2,,,query,query,28,270,,,2
55834577361,FIELD_IDENTIFIER,2,,,push,push,84,270,,,2
55834577362,FIELD_IDENTIFIER,2,,,rowCount,rowCount,16,271,,,2
55834577363,FIELD_IDENTIFIER,2,,,rowCount,rowCount,34,271,,,2
55834577364,FIELD_IDENTIFIER,2,,,query,query,28,279,,,2
55834577365,FIELD_IDENTIFIER,2,,,push,push,86,279,,,2
55834577366,FIELD_IDENTIFIER,2,,,rowCount,rowCount,16,280,,,2
55834577367,FIELD_IDENTIFIER,2,,,rowCount,rowCount,34,280,,,2
55834577368,FIELD_IDENTIFIER,2,,,query,query,28,288,,,2
55834577369,FIELD_IDENTIFIER,2,,,push,push,90,288,,,2
55834577370,FIELD_IDENTIFIER,2,,,rowCount,rowCount,16,289,,,2
55834577371,FIELD_IDENTIFIER,2,,,rowCount,rowCount,34,289,,,2
55834577372,FIELD_IDENTIFIER,2,,,getPool,getPool,0,4,,,2
55834577373,FIELD_IDENTIFIER,2,,,DeploymentFrequency,DeploymentFrequency,0,5,,,2
55834577374,FIELD_IDENTIFIER,2,,,DeploymentFrequencyInput,DeploymentFrequencyInput,0,5,,,2
55834577375,FIELD_IDENTIFIER,2,,,LeadTimeChange,LeadTimeChange,0,5,,,2
55834577376,FIELD_IDENTIFIER,2,,,LeadTimeChangeInput,LeadTimeChangeInput,0,5,,,2
55834577377,FIELD_IDENTIFIER,2,,,ChangeFailureRate,ChangeFailureRate,0,5,,,2
55834577378,FIELD_IDENTIFIER,2,,,ChangeFailureRateInput,ChangeFailureRateInput,0,5,,,2
55834577379,FIELD_IDENTIFIER,2,,,TimeToRestoreService,TimeToRestoreService,0,5,,,2
55834577380,FIELD_IDENTIFIER,2,,,TimeToRestoreServiceInput,TimeToRestoreServiceInput,0,5,,,2
55834577381,FIELD_IDENTIFIER,2,,,saveDeploymentFrequency,saveDeploymentFrequency,0,19,,,2
55834577382,FIELD_IDENTIFIER,2,,,saveLeadTimeChange,saveLeadTimeChange,0,51,,,2
55834577383,FIELD_IDENTIFIER,2,,,saveChangeFailureRate,saveChangeFailureRate,0,87,,,2
55834577384,FIELD_IDENTIFIER,2,,,saveTimeToRestoreService,saveTimeToRestoreService,0,119,,,2
55834577385,FIELD_IDENTIFIER,2,,,getDeploymentFrequencyByProject,getDeploymentFrequencyByProject,0,157,,,2
55834577386,FIELD_IDENTIFIER,2,,,getLeadTimeChangesByProject,getLeadTimeChangesByProject,0,177,,,2
55834577387,FIELD_IDENTIFIER,2,,,getChangeFailureRateByProject,getChangeFailureRateByProject,0,197,,,2
55834577388,FIELD_IDENTIFIER,2,,,getTimeToRestoreServiceByProject,getTimeToRestoreServiceByProject,0,217,,,2
55834577389,FIELD_IDENTIFIER,2,,,searchDeploymentsByIdPrefix,searchDeploymentsByIdPrefix,0,237,,,2
55834577390,FIELD_IDENTIFIER,2,,,deleteDeploymentFrequency,deleteDeploymentFrequency,0,259,,,2
55834577391,FIELD_IDENTIFIER,2,,,deleteLeadTimeChange,deleteLeadTimeChange,0,268,,,2
55834577392,FIELD_IDENTIFIER,2,,,deleteChangeFailureRate,deleteChangeFailureRate,0,277,,,2
55834577393,FIELD_IDENTIFIER,2,,,deleteTimeToRestoreService,deleteTimeToRestoreService,0,286,,,2
55834577394,FIELD_IDENTIFIER,2,,,trend,trend,13,57,,,2
55834577395,FIELD_IDENTIFIER,2,,,change_percent,change_percent,30,57,,,2
55834577396,FIELD_IDENTIFIER,2,,,abs,abs,11,63,,,2
55834577397,FIELD_IDENTIFIER,2,,,trend,trend,13,64,,,2
55834577398,FIELD_IDENTIFIER,2,,,change_percent,change_percent,30,64,,,2
55834577399,FIELD_IDENTIFIER,2,,,trend,trend,4,70,,,2
55834577400,FIELD_IDENTIFIER,2,,,change_percent,change_percent,4,71,,,2
55834577401,FIELD_IDENTIFIER,2,,,add,add,50,205,,,2
55834577402,FIELD_IDENTIFIER,2,,,period,period,58,205,,,2
55834577403,FIELD_IDENTIFIER,2,,,add,add,48,206,,,2
55834577404,FIELD_IDENTIFIER,2,,,period,period,56,206,,,2
55834577405,FIELD_IDENTIFIER,2,,,add,add,47,207,,,2
55834577406,FIELD_IDENTIFIER,2,,,period,period,55,207,,,2
55834577407,FIELD_IDENTIFIER,2,,,add,add,47,208,,,2
55834577408,FIELD_IDENTIFIER,2,,,period,period,55,208,,,2
55834577409,FIELD_IDENTIFIER,2,,,set,set,14,212,,,2
55834577410,FIELD_IDENTIFIER,2,,,period,period,6,213,,,2
55834577411,FIELD_IDENTIFIER,2,,,deployment_frequency,deployment_frequency,6,214,,,2
55834577412,FIELD_IDENTIFIER,2,,,avg_lead_time_hours,avg_lead_time_hours,6,215,,,2
55834577413,FIELD_IDENTIFIER,2,,,failure_rate_percent,failure_rate_percent,6,216,,,2
55834577414,FIELD_IDENTIFIER,2,,,avg_restore_time_hours,avg_restore_time_hours,6,217,,,2
55834577415,FIELD_IDENTIFIER,2,,,total_deployments,total_deployments,6,218,,,2
55834577416,FIELD_IDENTIFIER,2,,,total_changes,total_changes,6,219,,,2
55834577417,FIELD_IDENTIFIER,2,,,failed_deployments,failed_deployments,6,220,,,2
55834577418,FIELD_IDENTIFIER,2,,,total_incidents,total_incidents,6,221,,,2
55834577419,FIELD_IDENTIFIER,2,,,get,get,28,227,,,2
55834577420,FIELD_IDENTIFIER,2,,,period,period,36,227,,,2
55834577421,FIELD_IDENTIFIER,2,,,deployment_frequency,deployment_frequency,12,229,,,2
55834577422,FIELD_IDENTIFIER,2,,,deployment_count,deployment_count,48,229,,,2
55834577423,FIELD_IDENTIFIER,2,,,total_deployments,total_deployments,12,230,,,2
55834577424,FIELD_IDENTIFIER,2,,,deployment_count,deployment_count,45,230,,,2
55834577425,FIELD_IDENTIFIER,2,,,get,get,28,236,,,2
55834577426,FIELD_IDENTIFIER,2,,,period,period,36,236,,,2
55834577427,FIELD_IDENTIFIER,2,,,avg_lead_time_hours,avg_lead_time_hours,12,238,,,2
55834577428,FIELD_IDENTIFIER,2,,,avg_lead_time,avg_lead_time,49,238,,,2
55834577429,FIELD_IDENTIFIER,2,,,total_changes,total_changes,12,239,,,2
55834577430,FIELD_IDENTIFIER,2,,,change_count,change_count,41,239,,,2
55834577431,FIELD_IDENTIFIER,2,,,get,get,28,245,,,2
55834577432,FIELD_IDENTIFIER,2,,,period,period,36,245,,,2
55834577433,FIELD_IDENTIFIER,2,,,failure_rate_percent,failure_rate_percent,12,247,,,2
55834577434,FIELD_IDENTIFIER,2,,,failure_rate,failure_rate,50,247,,,2
55834577435,FIELD_IDENTIFIER,2,,,failed_deployments,failed_deployments,12,248,,,2
55834577436,FIELD_IDENTIFIER,2,,,failed_deploys,failed_deploys,46,248,,,2
55834577437,FIELD_IDENTIFIER,2,,,get,get,28,254,,,2
55834577438,FIELD_IDENTIFIER,2,,,period,period,36,254,,,2
55834577439,FIELD_IDENTIFIER,2,,,avg_restore_time_hours,avg_restore_time_hours,12,256,,,2
55834577440,FIELD_IDENTIFIER,2,,,avg_restore_time,avg_restore_time,52,256,,,2
55834577441,FIELD_IDENTIFIER,2,,,total_incidents,total_incidents,12,257,,,2
55834577442,FIELD_IDENTIFIER,2,,,incident_count,incident_count,43,257,,,2
55834577443,FIELD_IDENTIFIER,2,,,period,period,6,262,,,2
55834577444,FIELD_IDENTIFIER,2,,,localeCompare,localeCompare,13,262,,,2
55834577445,FIELD_IDENTIFIER,2,,,period,period,29,262,,,2
55834577446,FIELD_IDENTIFIER,2,,,deployment_frequency,deployment_frequency,42,266,,,2
55834577447,FIELD_IDENTIFIER,2,,,avg_lead_time_hours,avg_lead_time_hours,36,267,,,2
55834577448,FIELD_IDENTIFIER,2,,,failure_rate_percent,failure_rate_percent,39,268,,,2
55834577449,FIELD_IDENTIFIER,2,,,avg_restore_time_hours,avg_restore_time_hours,39,269,,,2
55834577450,FIELD_IDENTIFIER,2,,,min,min,17,89,,,2
55834577451,FIELD_IDENTIFIER,2,,,max,max,16,90,,,2
55834577452,FIELD_IDENTIFIER,2,,,log,log,10,137,,,2
55834577453,FIELD_IDENTIFIER,2,,,log,log,10,138,,,2
55834577454,FIELD_IDENTIFIER,2,,,log,log,10,139,,,2
55834577455,FIELD_IDENTIFIER,2,,,log,log,10,140,,,2
55834577456,FIELD_IDENTIFIER,2,,,query,query,38,142,,,2
55834577457,FIELD_IDENTIFIER,2,,,push,push,62,142,,,2
55834577458,FIELD_IDENTIFIER,2,,,query,query,36,159,,,2
55834577459,FIELD_IDENTIFIER,2,,,push,push,58,159,,,2
55834577460,FIELD_IDENTIFIER,2,,,query,query,35,180,,,2
55834577461,FIELD_IDENTIFIER,2,,,push,push,56,180,,,2
55834577462,FIELD_IDENTIFIER,2,,,query,query,35,197,,,2
55834577463,FIELD_IDENTIFIER,2,,,push,push,56,197,,,2
55834577464,FIELD_IDENTIFIER,2,,,rows,rows,19,205,,,2
55834577465,FIELD_IDENTIFIER,2,,,forEach,forEach,24,205,,,2
55834577466,FIELD_IDENTIFIER,2,,,rows,rows,17,206,,,2
55834577467,FIELD_IDENTIFIER,2,,,forEach,forEach,22,206,,,2
55834577468,FIELD_IDENTIFIER,2,,,rows,rows,16,207,,,2
55834577469,FIELD_IDENTIFIER,2,,,forEach,forEach,21,207,,,2
55834577470,FIELD_IDENTIFIER,2,,,rows,rows,16,208,,,2
55834577471,FIELD_IDENTIFIER,2,,,forEach,forEach,21,208,,,2
55834577472,FIELD_IDENTIFIER,2,,,forEach,forEach,13,211,,,2
55834577473,FIELD_IDENTIFIER,2,,,rows,rows,19,226,,,2
55834577474,FIELD_IDENTIFIER,2,,,forEach,forEach,24,226,,,2
55834577475,FIELD_IDENTIFIER,2,,,rows,rows,17,235,,,2
55834577476,FIELD_IDENTIFIER,2,,,forEach,forEach,22,235,,,2
55834577477,FIELD_IDENTIFIER,2,,,rows,rows,16,244,,,2
55834577478,FIELD_IDENTIFIER,2,,,forEach,forEach,21,244,,,2
55834577479,FIELD_IDENTIFIER,2,,,rows,rows,16,253,,,2
55834577480,FIELD_IDENTIFIER,2,,,forEach,forEach,21,253,,,2
55834577481,FIELD_IDENTIFIER,2,,,from,from,21,261,,,2
55834577482,FIELD_IDENTIFIER,2,,,values,values,36,261,,,2
55834577483,FIELD_IDENTIFIER,2,,,sort,sort,46,261,,,2
55834577484,FIELD_IDENTIFIER,2,,,map,map,31,266,,,2
55834577485,FIELD_IDENTIFIER,2,,,filter,filter,64,266,,,2
55834577486,FIELD_IDENTIFIER,2,,,map,map,25,267,,,2
55834577487,FIELD_IDENTIFIER,2,,,filter,filter,57,267,,,2
55834577488,FIELD_IDENTIFIER,2,,,map,map,28,268,,,2
55834577489,FIELD_IDENTIFIER,2,,,map,map,28,269,,,2
55834577490,FIELD_IDENTIFIER,2,,,filter,filter,63,269,,,2
55834577491,FIELD_IDENTIFIER,2,,,length,length,28,271,,,2
55834577492,FIELD_IDENTIFIER,2,,,deployment_frequency,deployment_frequency,4,272,,,2
55834577493,FIELD_IDENTIFIER,2,,,avg_lead_time_hours,avg_lead_time_hours,4,273,,,2
55834577494,FIELD_IDENTIFIER,2,,,failure_rate_percent,failure_rate_percent,4,274,,,2
55834577495,FIELD_IDENTIFIER,2,,,avg_restore_time_hours,avg_restore_time_hours,4,275,,,2
55834577496,FIELD_IDENTIFIER,2,,,length,length,29,278,,,2
55834577497,FIELD_IDENTIFIER,2,,,length,length,44,280,,,2
55834577498,FIELD_IDENTIFIER,2,,,reduce,reduce,22,281,,,2
55834577499,FIELD_IDENTIFIER,2,,,length,length,67,281,,,2
55834577500,FIELD_IDENTIFIER,2,,,length,length,32,283,,,2
55834577501,FIELD_IDENTIFIER,2,,,reduce,reduce,16,284,,,2
55834577502,FIELD_IDENTIFIER,2,,,length,length,55,284,,,2
55834577503,FIELD_IDENTIFIER,2,,,length,length,38,286,,,2
55834577504,FIELD_IDENTIFIER,2,,,reduce,reduce,19,287,,,2
55834577505,FIELD_IDENTIFIER,2,,,length,length,61,287,,,2
55834577506,FIELD_IDENTIFIER,2,,,length,length,38,289,,,2
55834577507,FIELD_IDENTIFIER,2,,,reduce,reduce,19,290,,,2
55834577508,FIELD_IDENTIFIER,2,,,length,length,61,290,,,2
55834577509,FIELD_IDENTIFIER,2,,,granularity,granularity,4,294,,,2
55834577510,FIELD_IDENTIFIER,2,,,data,data,4,295,,,2
55834577511,FIELD_IDENTIFIER,2,,,summary,summary,4,296,,,2
55834577512,FIELD_IDENTIFIER,2,,,deployment_frequency,deployment_frequency,6,297,,,2
55834577513,FIELD_IDENTIFIER,2,,,current,current,8,298,,,2
55834577514,FIELD_IDENTIFIER,2,,,deployment_frequency,deployment_frequency,25,298,,,2
55834577515,FIELD_IDENTIFIER,2,,,avg,avg,8,299,,,2
55834577516,FIELD_IDENTIFIER,2,,,deployment_frequency,deployment_frequency,34,300,,,2
55834577517,FIELD_IDENTIFIER,2,,,deployment_frequency,deployment_frequency,65,300,,,2
55834577518,FIELD_IDENTIFIER,2,,,lead_time,lead_time,6,302,,,2
55834577519,FIELD_IDENTIFIER,2,,,current,current,8,303,,,2
55834577520,FIELD_IDENTIFIER,2,,,avg_lead_time_hours,avg_lead_time_hours,25,303,,,2
55834577521,FIELD_IDENTIFIER,2,,,avg,avg,8,304,,,2
55834577522,FIELD_IDENTIFIER,2,,,avg_lead_time_hours,avg_lead_time_hours,34,305,,,2
55834577523,FIELD_IDENTIFIER,2,,,avg_lead_time_hours,avg_lead_time_hours,64,305,,,2
55834577524,FIELD_IDENTIFIER,2,,,failure_rate,failure_rate,6,307,,,2
55834577525,FIELD_IDENTIFIER,2,,,current,current,8,308,,,2
55834577526,FIELD_IDENTIFIER,2,,,failure_rate_percent,failure_rate_percent,25,308,,,2
55834577527,FIELD_IDENTIFIER,2,,,avg,avg,8,309,,,2
55834577528,FIELD_IDENTIFIER,2,,,failure_rate_percent,failure_rate_percent,34,310,,,2
55834577529,FIELD_IDENTIFIER,2,,,failure_rate_percent,failure_rate_percent,65,310,,,2
55834577530,FIELD_IDENTIFIER,2,,,restore_time,restore_time,6,312,,,2
55834577531,FIELD_IDENTIFIER,2,,,current,current,8,313,,,2
55834577532,FIELD_IDENTIFIER,2,,,avg_restore_time_hours,avg_restore_time_hours,25,313,,,2
55834577533,FIELD_IDENTIFIER,2,,,avg,avg,8,314,,,2
55834577534,FIELD_IDENTIFIER,2,,,avg_restore_time_hours,avg_restore_time_hours,34,315,,,2
55834577535,FIELD_IDENTIFIER,2,,,avg_restore_time_hours,avg_restore_time_hours,67,315,,,2
55834577536,FIELD_IDENTIFIER,2,,,getPool,getPool,0,4,,,2
55834577537,FIELD_IDENTIFIER,2,,,DoraTrendDataPoint,DoraTrendDataPoint,0,6,,,2
55834577538,FIELD_IDENTIFIER,2,,,DoraTrendResponse,DoraTrendResponse,0,18,,,2
55834577539,FIELD_IDENTIFIER,2,,,getDoraTrends,getDoraTrends,0,82,,,2
55834577540,FIELD_IDENTIFIER,2,,,push,push,4,77,,,2
55834577541,FIELD_IDENTIFIER,2,,,query,query,9,77,,,2
55834577542,FIELD_IDENTIFIER,2,,,push,push,33,77,,,2
55834577543,FIELD_IDENTIFIER,2,,,push,push,44,77,,,2
55834577544,FIELD_IDENTIFIER,2,,,push,push,59,77,,,2
55834577545,FIELD_IDENTIFIER,2,,,push,push,4,78,,,2
55834577546,FIELD_IDENTIFIER,2,,,query,query,9,78,,,2
55834577547,FIELD_IDENTIFIER,2,,,push,push,36,78,,,2
55834577548,FIELD_IDENTIFIER,2,,,push,push,47,78,,,2
55834577549,FIELD_IDENTIFIER,2,,,push,push,62,78,,,2
55834577550,FIELD_IDENTIFIER,2,,,push,push,4,79,,,2
55834577551,FIELD_IDENTIFIER,2,,,query,query,9,79,,,2
55834577552,FIELD_IDENTIFIER,2,,,push,push,31,79,,,2
55834577553,FIELD_IDENTIFIER,2,,,push,push,42,79,,,2
55834577554,FIELD_IDENTIFIER,2,,,push,push,57,79,,,2
55834577555,FIELD_IDENTIFIER,2,,,push,push,4,80,,,2
55834577556,FIELD_IDENTIFIER,2,,,query,query,9,80,,,2
55834577557,FIELD_IDENTIFIER,2,,,push,push,34,80,,,2
55834577558,FIELD_IDENTIFIER,2,,,push,push,45,80,,,2
55834577559,FIELD_IDENTIFIER,2,,,push,push,60,80,,,2
55834577560,FIELD_IDENTIFIER,2,,,rows,rows,42,83,,,2
55834577561,FIELD_IDENTIFIER,2,,,rows,rows,48,84,,,2
55834577562,FIELD_IDENTIFIER,2,,,rows,rows,38,85,,,2
55834577563,FIELD_IDENTIFIER,2,,,rows,rows,44,86,,,2
55834577564,FIELD_IDENTIFIER,2,,,query,query,28,118,,,2
55834577565,FIELD_IDENTIFIER,2,,,push,push,4,119,,,2
55834577566,FIELD_IDENTIFIER,2,,,push,push,4,120,,,2
55834577567,FIELD_IDENTIFIER,2,,,push,push,4,121,,,2
55834577568,FIELD_IDENTIFIER,2,,,push,push,4,122,,,2
55834577569,FIELD_IDENTIFIER,2,,,total_deployments,total_deployments,28,122,,,2
55834577570,FIELD_IDENTIFIER,2,,,push,push,4,123,,,2
55834577571,FIELD_IDENTIFIER,2,,,production_deployments,production_deployments,28,123,,,2
55834577572,FIELD_IDENTIFIER,2,,,push,push,4,124,,,2
55834577573,FIELD_IDENTIFIER,2,,,failed_deployments,failed_deployments,31,124,,,2
55834577574,FIELD_IDENTIFIER,2,,,push,push,4,125,,,2
55834577575,FIELD_IDENTIFIER,2,,,failure_rate,failure_rate,33,125,,,2
55834577576,FIELD_IDENTIFIER,2,,,push,push,4,126,,,2
55834577577,FIELD_IDENTIFIER,2,,,total_changes,total_changes,26,126,,,2
55834577578,FIELD_IDENTIFIER,2,,,push,push,4,127,,,2
55834577579,FIELD_IDENTIFIER,2,,,avg_lead_time,avg_lead_time,17,127,,,2
55834577580,FIELD_IDENTIFIER,2,,,avg_lead_time,avg_lead_time,57,127,,,2
55834577581,FIELD_IDENTIFIER,2,,,push,push,4,128,,,2
55834577582,FIELD_IDENTIFIER,2,,,total_incidents,total_incidents,29,128,,,2
55834577583,FIELD_IDENTIFIER,2,,,push,push,4,129,,,2
55834577584,FIELD_IDENTIFIER,2,,,avg_restore_time,avg_restore_time,20,129,,,2
55834577585,FIELD_IDENTIFIER,2,,,avg_restore_time,avg_restore_time,66,129,,,2
55834577586,FIELD_IDENTIFIER,2,,,rows,rows,16,132,,,2
55834577587,FIELD_IDENTIFIER,2,,,project_id,project_id,56,149,,,2
55834577588,FIELD_IDENTIFIER,2,,,next,next,2,153,,,2
55834577589,FIELD_IDENTIFIER,2,,,query,query,36,148,,,2
55834577590,FIELD_IDENTIFIER,2,,,rows,rows,36,149,,,2
55834577591,FIELD_IDENTIFIER,2,,,map,map,41,149,,,2
55834577592,FIELD_IDENTIFIER,2,,,log,log,10,151,,,2
55834577593,FIELD_IDENTIFIER,2,,,length,length,64,151,,,2
55834577594,FIELD_IDENTIFIER,2,,,done,done,2,153,,,2
55834577595,FIELD_IDENTIFIER,2,,,value,value,2,153,,,2
55834577596,FIELD_IDENTIFIER,2,,,log,log,14,156,,,2
55834577597,FIELD_IDENTIFIER,2,,,error,error,14,158,,,2
55834577598,FIELD_IDENTIFIER,2,,,log,log,10,162,,,2
55834577599,FIELD_IDENTIFIER,2,,,getDay,getDay,24,170,,,2
55834577600,FIELD_IDENTIFIER,2,,,setDate,setDate,13,176,,,2
55834577601,FIELD_IDENTIFIER,2,,,getDate,getDate,25,176,,,2
55834577602,FIELD_IDENTIFIER,2,,,setHours,setHours,13,177,,,2
55834577603,FIELD_IDENTIFIER,2,,,setDate,setDate,15,180,,,2
55834577604,FIELD_IDENTIFIER,2,,,getDate,getDate,34,180,,,2
55834577605,FIELD_IDENTIFIER,2,,,setHours,setHours,15,181,,,2
55834577606,FIELD_IDENTIFIER,2,,,weekStart,weekStart,4,184,,,2
55834577607,FIELD_IDENTIFIER,2,,,weekEnd,weekEnd,4,185,,,2
55834577608,FIELD_IDENTIFIER,2,,,weekStart,weekStart,10,193,,,2
55834577609,FIELD_IDENTIFIER,2,,,weekEnd,weekEnd,21,193,,,2
55834577610,FIELD_IDENTIFIER,2,,,log,log,10,195,,,2
55834577611,FIELD_IDENTIFIER,2,,,toISOString,toISOString,65,195,,,2
55834577612,FIELD_IDENTIFIER,2,,,toISOString,toISOString,93,195,,,2
55834577613,FIELD_IDENTIFIER,2,,,query,query,28,217,,,2
55834577614,FIELD_IDENTIFIER,2,,,push,push,42,217,,,2
55834577615,FIELD_IDENTIFIER,2,,,push,push,53,217,,,2
55834577616,FIELD_IDENTIFIER,2,,,rows,rows,16,218,,,2
55834577617,FIELD_IDENTIFIER,2,,,getPool,getPool,0,4,,,2
55834577618,FIELD_IDENTIFIER,2,,,saveWeeklyDoraSnapshot,saveWeeklyDoraSnapshot,0,24,,,2
55834577619,FIELD_IDENTIFIER,2,,,saveWeeklySnapshotsForAllProjects,saveWeeklySnapshotsForAllProjects,0,138,,,2
55834577620,FIELD_IDENTIFIER,2,,,getPreviousWeekDates,getPreviousWeekDates,0,168,,,2
55834577621,FIELD_IDENTIFIER,2,,,captureLastWeekSnapshots,captureLastWeekSnapshots,0,192,,,2
55834577622,FIELD_IDENTIFIER,2,,,getWeeklySnapshotsForProject,getWeeklySnapshotsForProject,0,203,,,2
55834577623,FIELD_IDENTIFIER,2,,,getClient,getClient,34,15,,,2
55834577624,FIELD_IDENTIFIER,2,,,per_page,per_page,8,17,,,2
55834577625,FIELD_IDENTIFIER,2,,,with_stats,with_stats,8,18,,,2
55834577626,FIELD_IDENTIFIER,2,,,since,since,15,22,,,2
55834577627,FIELD_IDENTIFIER,2,,,get,get,36,25,,,2
55834577628,FIELD_IDENTIFIER,2,,,params,params,8,26,,,2
55834577629,FIELD_IDENTIFIER,2,,,data,data,22,29,,,2
55834577630,FIELD_IDENTIFIER,2,,,error,error,14,31,,,2
55834577631,FIELD_IDENTIFIER,2,,,message,message,78,31,,,2
55834577632,FIELD_IDENTIFIER,2,,,getClient,getClient,34,41,,,2
55834577633,FIELD_IDENTIFIER,2,,,get,get,36,42,,,2
55834577634,FIELD_IDENTIFIER,2,,,params,params,10,45,,,2
55834577635,FIELD_IDENTIFIER,2,,,stats,stats,12,46,,,2
55834577636,FIELD_IDENTIFIER,2,,,data,data,22,51,,,2
55834577637,FIELD_IDENTIFIER,2,,,error,error,14,53,,,2
55834577638,FIELD_IDENTIFIER,2,,,message,message,59,53,,,2
55834577639,FIELD_IDENTIFIER,2,,,getClient,getClient,34,66,,,2
55834577640,FIELD_IDENTIFIER,2,,,per_page,per_page,8,68,,,2
55834577641,FIELD_IDENTIFIER,2,,,since,since,15,72,,,2
55834577642,FIELD_IDENTIFIER,2,,,get,get,36,75,,,2
55834577643,FIELD_IDENTIFIER,2,,,params,params,10,77,,,2
55834577644,FIELD_IDENTIFIER,2,,,headers,headers,29,80,,,2
55834577645,FIELD_IDENTIFIER,2,,,error,error,14,83,,,2
55834577646,FIELD_IDENTIFIER,2,,,message,message,83,83,,,2
55834577647,FIELD_IDENTIFIER,2,,,GitLabCommit,GitLabCommit,0,3,,,2
55834577648,FIELD_IDENTIFIER,2,,,getClient,getClient,34,12,,,2
55834577649,FIELD_IDENTIFIER,2,,,get,get,36,13,,,2
55834577650,FIELD_IDENTIFIER,2,,,params,params,8,14,,,2
55834577651,FIELD_IDENTIFIER,2,,,state,state,10,15,,,2
55834577652,FIELD_IDENTIFIER,2,,,order_by,order_by,10,16,,,2
55834577653,FIELD_IDENTIFIER,2,,,sort,sort,10,17,,,2
55834577654,FIELD_IDENTIFIER,2,,,per_page,per_page,10,18,,,2
55834577655,FIELD_IDENTIFIER,2,,,data,data,22,22,,,2
55834577656,FIELD_IDENTIFIER,2,,,error,error,14,24,,,2
55834577657,FIELD_IDENTIFIER,2,,,message,message,77,24,,,2
55834577658,FIELD_IDENTIFIER,2,,,message,message,55,25,,,2
55834577659,FIELD_IDENTIFIER,2,,,getClient,getClient,34,38,,,2
55834577660,FIELD_IDENTIFIER,2,,,get,get,36,39,,,2
55834577661,FIELD_IDENTIFIER,2,,,params,params,8,40,,,2
55834577662,FIELD_IDENTIFIER,2,,,state,state,10,41,,,2
55834577663,FIELD_IDENTIFIER,2,,,per_page,per_page,10,42,,,2
55834577664,FIELD_IDENTIFIER,2,,,headers,headers,29,46,,,2
55834577665,FIELD_IDENTIFIER,2,,,error,error,14,49,,,2
55834577666,FIELD_IDENTIFIER,2,,,message,message,82,49,,,2
55834577667,FIELD_IDENTIFIER,2,,,next,next,10,91,,,2
55834577668,FIELD_IDENTIFIER,2,,,getClient,getClient,34,64,,,2
55834577669,FIELD_IDENTIFIER,2,,,length,length,23,72,,,2
55834577670,FIELD_IDENTIFIER,2,,,get,get,38,73,,,2
55834577671,FIELD_IDENTIFIER,2,,,params,params,10,74,,,2
55834577672,FIELD_IDENTIFIER,2,,,state,state,12,75,,,2
55834577673,FIELD_IDENTIFIER,2,,,order_by,order_by,12,76,,,2
55834577674,FIELD_IDENTIFIER,2,,,sort,sort,12,77,,,2
55834577675,FIELD_IDENTIFIER,2,,,per_page,per_page,12,78,,,2
55834577676,FIELD_IDENTIFIER,2,,,page,page,12,79,,,2
55834577677,FIELD_IDENTIFIER,2,,,data,data,32,83,,,2
55834577678,FIELD_IDENTIFIER,2,,,length,length,19,85,,,2
55834577679,FIELD_IDENTIFIER,2,,,done,done,10,91,,,2
55834577680,FIELD_IDENTIFIER,2,,,value,value,10,91,,,2
55834577681,FIELD_IDENTIFIER,2,,,closed_at,closed_at,22,92,,,2
55834577682,FIELD_IDENTIFIER,2,,,closed_at,closed_at,48,93,,,2
55834577683,FIELD_IDENTIFIER,2,,,push,push,26,95,,,2
55834577684,FIELD_IDENTIFIER,2,,,push,push,20,103,,,2
55834577685,FIELD_IDENTIFIER,2,,,length,length,19,107,,,2
55834577686,FIELD_IDENTIFIER,2,,,warn,warn,18,115,,,2
55834577687,FIELD_IDENTIFIER,2,,,slice,slice,23,120,,,2
55834577688,FIELD_IDENTIFIER,2,,,error,error,14,122,,,2
55834577689,FIELD_IDENTIFIER,2,,,message,message,84,122,,,2
55834577690,FIELD_IDENTIFIER,2,,,getClient,getClient,34,137,,,2
55834577691,FIELD_IDENTIFIER,2,,,length,length,23,142,,,2
55834577692,FIELD_IDENTIFIER,2,,,get,get,38,143,,,2
55834577693,FIELD_IDENTIFIER,2,,,params,params,10,144,,,2
55834577694,FIELD_IDENTIFIER,2,,,created_after,created_after,12,145,,,2
55834577695,FIELD_IDENTIFIER,2,,,order_by,order_by,12,146,,,2
55834577696,FIELD_IDENTIFIER,2,,,sort,sort,12,147,,,2
55834577697,FIELD_IDENTIFIER,2,,,per_page,per_page,12,148,,,2
55834577698,FIELD_IDENTIFIER,2,,,page,page,12,149,,,2
55834577699,FIELD_IDENTIFIER,2,,,data,data,32,153,,,2
55834577700,FIELD_IDENTIFIER,2,,,length,length,19,155,,,2
55834577701,FIELD_IDENTIFIER,2,,,push,push,18,159,,,2
55834577702,FIELD_IDENTIFIER,2,,,length,length,19,162,,,2
55834577703,FIELD_IDENTIFIER,2,,,slice,slice,23,169,,,2
55834577704,FIELD_IDENTIFIER,2,,,error,error,14,171,,,2
55834577705,FIELD_IDENTIFIER,2,,,message,message,84,171,,,2
55834577706,FIELD_IDENTIFIER,2,,,getClient,getClient,34,186,,,2
55834577707,FIELD_IDENTIFIER,2,,,labels,labels,8,188,,,2
55834577708,FIELD_IDENTIFIER,2,,,join,join,23,188,,,2
55834577709,FIELD_IDENTIFIER,2,,,state,state,8,189,,,2
55834577710,FIELD_IDENTIFIER,2,,,per_page,per_page,8,190,,,2
55834577711,FIELD_IDENTIFIER,2,,,created_after,created_after,15,194,,,2
55834577712,FIELD_IDENTIFIER,2,,,get,get,36,197,,,2
55834577713,FIELD_IDENTIFIER,2,,,params,params,75,197,,,2
55834577714,FIELD_IDENTIFIER,2,,,data,data,22,198,,,2
55834577715,FIELD_IDENTIFIER,2,,,error,error,14,200,,,2
55834577716,FIELD_IDENTIFIER,2,,,message,message,86,200,,,2
55834577717,FIELD_IDENTIFIER,2,,,getClient,getClient,34,211,,,2
55834577718,FIELD_IDENTIFIER,2,,,length,length,23,216,,,2
55834577719,FIELD_IDENTIFIER,2,,,get,get,38,217,,,2
55834577720,FIELD_IDENTIFIER,2,,,params,params,10,218,,,2
55834577721,FIELD_IDENTIFIER,2,,,state,state,12,219,,,2
55834577722,FIELD_IDENTIFIER,2,,,order_by,order_by,12,220,,,2
55834577723,FIELD_IDENTIFIER,2,,,sort,sort,12,221,,,2
55834577724,FIELD_IDENTIFIER,2,,,per_page,per_page,12,222,,,2
55834577725,FIELD_IDENTIFIER,2,,,page,page,12,223,,,2
55834577726,FIELD_IDENTIFIER,2,,,data,data,32,227,,,2
55834577727,FIELD_IDENTIFIER,2,,,length,length,19,229,,,2
55834577728,FIELD_IDENTIFIER,2,,,push,push,18,233,,,2
55834577729,FIELD_IDENTIFIER,2,,,length,length,19,236,,,2
55834577730,FIELD_IDENTIFIER,2,,,slice,slice,23,243,,,2
55834577731,FIELD_IDENTIFIER,2,,,error,error,14,245,,,2
55834577732,FIELD_IDENTIFIER,2,,,message,message,82,245,,,2
55834577733,FIELD_IDENTIFIER,2,,,getClient,getClient,34,255,,,2
55834577734,FIELD_IDENTIFIER,2,,,get,get,36,256,,,2
55834577735,FIELD_IDENTIFIER,2,,,data,data,22,260,,,2
55834577736,FIELD_IDENTIFIER,2,,,error,error,14,262,,,2
55834577737,FIELD_IDENTIFIER,2,,,message,message,80,262,,,2
55834577738,FIELD_IDENTIFIER,2,,,getClient,getClient,34,272,,,2
55834577739,FIELD_IDENTIFIER,2,,,get,get,36,273,,,2
55834577740,FIELD_IDENTIFIER,2,,,data,data,22,277,,,2
55834577741,FIELD_IDENTIFIER,2,,,getClient,getClient,34,289,,,2
55834577742,FIELD_IDENTIFIER,2,,,get,get,36,290,,,2
55834577743,FIELD_IDENTIFIER,2,,,data,data,22,294,,,2
55834577744,FIELD_IDENTIFIER,2,,,GitLabIssues,GitLabIssues,0,3,,,2
55834577745,FIELD_IDENTIFIER,2,,,GitLabIssueStateEvent,GitLabIssueStateEvent,0,4,,,2
55834577746,FIELD_IDENTIFIER,2,,,GitLabIssueMRReference,GitLabIssueMRReference,0,4,,,2
55834577747,FIELD_IDENTIFIER,2,,,getClient,getClient,34,11,,,2
55834577748,FIELD_IDENTIFIER,2,,,get,get,36,12,,,2
55834577749,FIELD_IDENTIFIER,2,,,params,params,8,13,,,2
55834577750,FIELD_IDENTIFIER,2,,,state,state,10,14,,,2
55834577751,FIELD_IDENTIFIER,2,,,order_by,order_by,10,15,,,2
55834577752,FIELD_IDENTIFIER,2,,,sort,sort,10,16,,,2
55834577753,FIELD_IDENTIFIER,2,,,per_page,per_page,10,17,,,2
55834577754,FIELD_IDENTIFIER,2,,,data,data,22,21,,,2
55834577755,FIELD_IDENTIFIER,2,,,error,error,14,23,,,2
55834577756,FIELD_IDENTIFIER,2,,,message,message,85,23,,,2
55834577757,FIELD_IDENTIFIER,2,,,message,message,63,24,,,2
55834577758,FIELD_IDENTIFIER,2,,,getClient,getClient,34,33,,,2
55834577759,FIELD_IDENTIFIER,2,,,get,get,36,34,,,2
55834577760,FIELD_IDENTIFIER,2,,,params,params,8,35,,,2
55834577761,FIELD_IDENTIFIER,2,,,state,state,10,36,,,2
55834577762,FIELD_IDENTIFIER,2,,,per_page,per_page,10,37,,,2
55834577763,FIELD_IDENTIFIER,2,,,headers,headers,29,41,,,2
55834577764,FIELD_IDENTIFIER,2,,,error,error,14,44,,,2
55834577765,FIELD_IDENTIFIER,2,,,message,message,79,44,,,2
55834577766,FIELD_IDENTIFIER,2,,,getClient,getClient,34,58,,,2
55834577767,FIELD_IDENTIFIER,2,,,get,get,36,59,,,2
55834577768,FIELD_IDENTIFIER,2,,,params,params,8,60,,,2
55834577769,FIELD_IDENTIFIER,2,,,state,state,10,61,,,2
55834577770,FIELD_IDENTIFIER,2,,,order_by,order_by,10,62,,,2
55834577771,FIELD_IDENTIFIER,2,,,sort,sort,10,63,,,2
55834577772,FIELD_IDENTIFIER,2,,,per_page,per_page,10,64,,,2
55834577773,FIELD_IDENTIFIER,2,,,data,data,22,68,,,2
55834577774,FIELD_IDENTIFIER,2,,,error,error,14,70,,,2
55834577775,FIELD_IDENTIFIER,2,,,message,message,79,70,,,2
55834577776,FIELD_IDENTIFIER,2,,,getClient,getClient,34,84,,,2
55834577777,FIELD_IDENTIFIER,2,,,state,state,8,86,,,2
55834577778,FIELD_IDENTIFIER,2,,,order_by,order_by,8,87,,,2
55834577779,FIELD_IDENTIFIER,2,,,sort,sort,8,88,,,2
55834577780,FIELD_IDENTIFIER,2,,,per_page,per_page,8,89,,,2
55834577781,FIELD_IDENTIFIER,2,,,updated_after,updated_after,15,93,,,2
55834577782,FIELD_IDENTIFIER,2,,,get,get,36,96,,,2
55834577783,FIELD_IDENTIFIER,2,,,params,params,8,97,,,2
55834577784,FIELD_IDENTIFIER,2,,,data,data,22,100,,,2
55834577785,FIELD_IDENTIFIER,2,,,error,error,14,102,,,2
55834577786,FIELD_IDENTIFIER,2,,,message,message,81,102,,,2
55834577787,FIELD_IDENTIFIER,2,,,getClient,getClient,34,116,,,2
55834577788,FIELD_IDENTIFIER,2,,,get,get,36,117,,,2
55834577789,FIELD_IDENTIFIER,2,,,params,params,8,118,,,2
55834577790,FIELD_IDENTIFIER,2,,,created_after,created_after,10,119,,,2
55834577791,FIELD_IDENTIFIER,2,,,order_by,order_by,10,120,,,2
55834577792,FIELD_IDENTIFIER,2,,,sort,sort,10,121,,,2
55834577793,FIELD_IDENTIFIER,2,,,per_page,per_page,10,122,,,2
55834577794,FIELD_IDENTIFIER,2,,,data,data,22,126,,,2
55834577795,FIELD_IDENTIFIER,2,,,error,error,14,128,,,2
55834577796,FIELD_IDENTIFIER,2,,,message,message,81,128,,,2
55834577797,FIELD_IDENTIFIER,2,,,getClient,getClient,34,138,,,2
55834577798,FIELD_IDENTIFIER,2,,,get,get,36,139,,,2
55834577799,FIELD_IDENTIFIER,2,,,params,params,10,142,,,2
55834577800,FIELD_IDENTIFIER,2,,,per_page,per_page,12,143,,,2
55834577801,FIELD_IDENTIFIER,2,,,data,data,22,148,,,2
55834577802,FIELD_IDENTIFIER,2,,,error,error,14,150,,,2
55834577803,FIELD_IDENTIFIER,2,,,message,message,67,150,,,2
55834577804,FIELD_IDENTIFIER,2,,,getClient,getClient,34,160,,,2
55834577805,FIELD_IDENTIFIER,2,,,get,get,36,161,,,2
55834577806,FIELD_IDENTIFIER,2,,,params,params,10,164,,,2
55834577807,FIELD_IDENTIFIER,2,,,include_rebase_in_progress,include_rebase_in_progress,12,165,,,2
55834577808,FIELD_IDENTIFIER,2,,,data,data,22,171,,,2
55834577809,FIELD_IDENTIFIER,2,,,reviewers,reviewers,27,171,,,2
55834577810,FIELD_IDENTIFIER,2,,,error,error,14,173,,,2
55834577811,FIELD_IDENTIFIER,2,,,message,message,71,173,,,2
55834577812,FIELD_IDENTIFIER,2,,,toLowerCase,toLowerCase,14,202,,,2
55834577813,FIELD_IDENTIFIER,2,,,includes,includes,28,202,,,2
55834577814,FIELD_IDENTIFIER,2,,,getClient,getClient,34,183,,,2
55834577815,FIELD_IDENTIFIER,2,,,get,get,36,186,,,2
55834577816,FIELD_IDENTIFIER,2,,,data,data,26,190,,,2
55834577817,FIELD_IDENTIFIER,2,,,title,title,13,193,,,2
55834577818,FIELD_IDENTIFIER,2,,,title,title,11,194,,,2
55834577819,FIELD_IDENTIFIER,2,,,toLowerCase,toLowerCase,17,194,,,2
55834577820,FIELD_IDENTIFIER,2,,,includes,includes,31,194,,,2
55834577821,FIELD_IDENTIFIER,2,,,description,description,11,195,,,2
55834577822,FIELD_IDENTIFIER,2,,,toLowerCase,toLowerCase,24,195,,,2
55834577823,FIELD_IDENTIFIER,2,,,includes,includes,38,195,,,2
55834577824,FIELD_IDENTIFIER,2,,,labels,labels,13,201,,,2
55834577825,FIELD_IDENTIFIER,2,,,labels,labels,26,201,,,2
55834577826,FIELD_IDENTIFIER,2,,,some,some,33,201,,,2
55834577827,FIELD_IDENTIFIER,2,,,error,error,14,209,,,2
55834577828,FIELD_IDENTIFIER,2,,,message,message,73,209,,,2
55834577829,FIELD_IDENTIFIER,2,,,GitLabMergeRequest,GitLabMergeRequest,0,3,,,2
55834577830,FIELD_IDENTIFIER,2,,,getClient,getClient,34,12,,,2
55834577831,FIELD_IDENTIFIER,2,,,get,get,32,14,,,2
55834577832,FIELD_IDENTIFIER,2,,,params,params,8,15,,,2
55834577833,FIELD_IDENTIFIER,2,,,per_page,per_page,18,15,,,2
55834577834,FIELD_IDENTIFIER,2,,,page,page,33,15,,,2
55834577835,FIELD_IDENTIFIER,2,,,headers,headers,31,18,,,2
55834577836,FIELD_IDENTIFIER,2,,,headers,headers,60,18,,,2
55834577837,FIELD_IDENTIFIER,2,,,isArray,isArray,16,25,,,2
55834577838,FIELD_IDENTIFIER,2,,,data,data,29,25,,,2
55834577839,FIELD_IDENTIFIER,2,,,data,data,48,25,,,2
55834577840,FIELD_IDENTIFIER,2,,,length,length,53,25,,,2
55834577841,FIELD_IDENTIFIER,2,,,warn,warn,14,29,,,2
55834577842,FIELD_IDENTIFIER,2,,,message,message,82,29,,,2
55834577843,FIELD_IDENTIFIER,2,,,id,id,8,62,,,2
55834577844,FIELD_IDENTIFIER,2,,,id,id,14,62,,,2
55834577845,FIELD_IDENTIFIER,2,,,name,name,8,63,,,2
55834577846,FIELD_IDENTIFIER,2,,,name,name,16,63,,,2
55834577847,FIELD_IDENTIFIER,2,,,username,username,26,63,,,2
55834577848,FIELD_IDENTIFIER,2,,,username,username,8,64,,,2
55834577849,FIELD_IDENTIFIER,2,,,username,username,20,64,,,2
55834577850,FIELD_IDENTIFIER,2,,,accessLevel,accessLevel,8,65,,,2
55834577851,FIELD_IDENTIFIER,2,,,access_level,access_level,23,65,,,2
55834577852,FIELD_IDENTIFIER,2,,,accessLevel,accessLevel,41,65,,,2
55834577853,FIELD_IDENTIFIER,2,,,getClient,getClient,34,41,,,2
55834577854,FIELD_IDENTIFIER,2,,,get,get,34,47,,,2
55834577855,FIELD_IDENTIFIER,2,,,params,params,10,48,,,2
55834577856,FIELD_IDENTIFIER,2,,,per_page,per_page,20,48,,,2
55834577857,FIELD_IDENTIFIER,2,,,page,page,39,48,,,2
55834577858,FIELD_IDENTIFIER,2,,,isArray,isArray,19,51,,,2
55834577859,FIELD_IDENTIFIER,2,,,data,data,32,51,,,2
55834577860,FIELD_IDENTIFIER,2,,,data,data,46,51,,,2
55834577861,FIELD_IDENTIFIER,2,,,length,length,51,51,,,2
55834577862,FIELD_IDENTIFIER,2,,,push,push,16,53,,,2
55834577863,FIELD_IDENTIFIER,2,,,data,data,29,53,,,2
55834577864,FIELD_IDENTIFIER,2,,,data,data,17,56,,,2
55834577865,FIELD_IDENTIFIER,2,,,length,length,22,56,,,2
55834577866,FIELD_IDENTIFIER,2,,,map,map,21,61,,,2
55834577867,FIELD_IDENTIFIER,2,,,warn,warn,14,68,,,2
55834577868,FIELD_IDENTIFIER,2,,,message,message,86,68,,,2
55834577869,FIELD_IDENTIFIER,2,,,getClient,getClient,34,10,,,2
55834577870,FIELD_IDENTIFIER,2,,,get,get,19,11,,,2
55834577871,FIELD_IDENTIFIER,2,,,error,error,14,14,,,2
55834577872,FIELD_IDENTIFIER,2,,,message,message,55,14,,,2
55834577873,FIELD_IDENTIFIER,2,,,getClient,getClient,34,24,,,2
55834577874,FIELD_IDENTIFIER,2,,,get,get,36,25,,,2
55834577875,FIELD_IDENTIFIER,2,,,data,data,22,26,,,2
55834577876,FIELD_IDENTIFIER,2,,,error,error,14,28,,,2
55834577877,FIELD_IDENTIFIER,2,,,message,message,58,28,,,2
55834577878,FIELD_IDENTIFIER,2,,,message,message,61,29,,,2
55834577879,FIELD_IDENTIFIER,2,,,client,client,13,15,,,2
55834577880,FIELD_IDENTIFIER,2,,,gitlabUrl,gitlabUrl,9,17,,,2
55834577881,FIELD_IDENTIFIER,2,,,env,env,29,17,,,2
55834577882,FIELD_IDENTIFIER,2,,,GITLAB_URL,GITLAB_URL,33,17,,,2
55834577883,FIELD_IDENTIFIER,2,,,token,token,9,18,,,2
55834577884,FIELD_IDENTIFIER,2,,,env,env,25,18,,,2
55834577885,FIELD_IDENTIFIER,2,,,GITLAB_TOKEN,GITLAB_TOKEN,29,18,,,2
55834577886,FIELD_IDENTIFIER,2,,,trim,trim,43,18,,,2
55834577887,FIELD_IDENTIFIER,2,,,token,token,14,20,,,2
55834577888,FIELD_IDENTIFIER,2,,,warn,warn,14,21,,,2
55834577889,FIELD_IDENTIFIER,2,,,client,client,9,24,,,2
55834577890,FIELD_IDENTIFIER,2,,,create,create,24,24,,,2
55834577891,FIELD_IDENTIFIER,2,,,baseURL,baseURL,6,25,,,2
55834577892,FIELD_IDENTIFIER,2,,,gitlabUrl,gitlabUrl,23,25,,,2
55834577893,FIELD_IDENTIFIER,2,,,headers,headers,6,26,,,2
55834577894,FIELD_IDENTIFIER,2,,,PRIVATE-TOKEN,PRIVATE-TOKEN,8,27,,,2
55834577895,FIELD_IDENTIFIER,2,,,token,token,30,27,,,2
55834577896,FIELD_IDENTIFIER,2,,,Content-Type,Content-Type,8,28,,,2
55834577897,FIELD_IDENTIFIER,2,,,timeout,timeout,6,30,,,2
55834577898,FIELD_IDENTIFIER,2,,,client,client,14,35,,,2
55834577899,FIELD_IDENTIFIER,2,,,initializeClient,initializeClient,11,36,,,2
55834577900,FIELD_IDENTIFIER,2,,,client,client,16,38,,,2
55834577901,FIELD_IDENTIFIER,2,,,gitlabUrl,gitlabUrl,9,10,,,2
55834577902,FIELD_IDENTIFIER,2,,,token,token,9,11,,,2
55834577903,FIELD_IDENTIFIER,2,,,AxiosInstance,AxiosInstance,0,2,,,2
55834577904,FIELD_IDENTIFIER,2,,,getClient,getClient,34,11,,,2
55834577905,FIELD_IDENTIFIER,2,,,get,get,36,12,,,2
55834577906,FIELD_IDENTIFIER,2,,,params,params,8,13,,,2
55834577907,FIELD_IDENTIFIER,2,,,per_page,per_page,10,14,,,2
55834577908,FIELD_IDENTIFIER,2,,,data,data,22,17,,,2
55834577909,FIELD_IDENTIFIER,2,,,error,error,14,19,,,2
55834577910,FIELD_IDENTIFIER,2,,,message,message,59,19,,,2
55834577911,FIELD_IDENTIFIER,2,,,message,message,67,20,,,2
55834577912,FIELD_IDENTIFIER,2,,,getClient,getClient,34,29,,,2
55834577913,FIELD_IDENTIFIER,2,,,get,get,36,30,,,2
55834577914,FIELD_IDENTIFIER,2,,,data,data,22,31,,,2
55834577915,FIELD_IDENTIFIER,2,,,error,error,14,33,,,2
55834577916,FIELD_IDENTIFIER,2,,,message,message,58,33,,,2
55834577917,FIELD_IDENTIFIER,2,,,message,message,66,34,,,2
55834577918,FIELD_IDENTIFIER,2,,,getGroupById,getGroupById,33,48,,,2
55834577919,FIELD_IDENTIFIER,2,,,push,push,15,49,,,2
55834577920,FIELD_IDENTIFIER,2,,,name,name,26,49,,,2
55834577921,FIELD_IDENTIFIER,2,,,parent_id,parent_id,31,50,,,2
55834577922,FIELD_IDENTIFIER,2,,,reverse,reverse,20,54,,,2
55834577923,FIELD_IDENTIFIER,2,,,join,join,30,54,,,2
55834577924,FIELD_IDENTIFIER,2,,,error,error,14,56,,,2
55834577925,FIELD_IDENTIFIER,2,,,message,message,56,56,,,2
55834577926,FIELD_IDENTIFIER,2,,,GitLabGroup,GitLabGroup,0,3,,,2
55834577927,FIELD_IDENTIFIER,2,,,due_date,due_date,31,26,,,2
55834577928,FIELD_IDENTIFIER,2,,,due_date,due_date,51,31,,,2
55834577929,FIELD_IDENTIFIER,2,,,getClient,getClient,40,11,,,2
55834577930,FIELD_IDENTIFIER,2,,,get,get,42,12,,,2
55834577931,FIELD_IDENTIFIER,2,,,params,params,16,13,,,2
55834577932,FIELD_IDENTIFIER,2,,,state,state,20,14,,,2
55834577933,FIELD_IDENTIFIER,2,,,order_by,order_by,20,15,,,2
55834577934,FIELD_IDENTIFIER,2,,,sort,sort,20,16,,,2
55834577935,FIELD_IDENTIFIER,2,,,per_page,per_page,20,17,,,2
55834577936,FIELD_IDENTIFIER,2,,,data,data,40,21,,,2
55834577937,FIELD_IDENTIFIER,2,,,filter,filter,30,25,,,2
55834577938,FIELD_IDENTIFIER,2,,,error,error,20,36,,,2
55834577939,FIELD_IDENTIFIER,2,,,GitLabMilestone,GitLabMilestone,0,2,,,2
55834577940,FIELD_IDENTIFIER,2,,,getClient,getClient,34,11,,,2
55834577941,FIELD_IDENTIFIER,2,,,log,log,14,16,,,2
55834577942,FIELD_IDENTIFIER,2,,,get,get,38,19,,,2
55834577943,FIELD_IDENTIFIER,2,,,params,params,10,20,,,2
55834577944,FIELD_IDENTIFIER,2,,,membership,membership,12,21,,,2
55834577945,FIELD_IDENTIFIER,2,,,per_page,per_page,12,22,,,2
55834577946,FIELD_IDENTIFIER,2,,,page,page,12,23,,,2
55834577947,FIELD_IDENTIFIER,2,,,order_by,order_by,12,24,,,2
55834577948,FIELD_IDENTIFIER,2,,,sort,sort,12,25,,,2
55834577949,FIELD_IDENTIFIER,2,,,data,data,34,29,,,2
55834577950,FIELD_IDENTIFIER,2,,,push,push,20,30,,,2
55834577951,FIELD_IDENTIFIER,2,,,log,log,16,32,,,2
55834577952,FIELD_IDENTIFIER,2,,,length,length,57,32,,,2
55834577953,FIELD_IDENTIFIER,2,,,length,length,96,32,,,2
55834577954,FIELD_IDENTIFIER,2,,,headers,headers,34,36,,,2
55834577955,FIELD_IDENTIFIER,2,,,length,length,63,37,,,2
55834577956,FIELD_IDENTIFIER,2,,,warn,warn,18,43,,,2
55834577957,FIELD_IDENTIFIER,2,,,log,log,14,48,,,2
55834577958,FIELD_IDENTIFIER,2,,,length,length,59,48,,,2
55834577959,FIELD_IDENTIFIER,2,,,error,error,14,51,,,2
55834577960,FIELD_IDENTIFIER,2,,,message,message,61,51,,,2
55834577961,FIELD_IDENTIFIER,2,,,message,message,69,52,,,2
55834577962,FIELD_IDENTIFIER,2,,,getClient,getClient,34,61,,,2
55834577963,FIELD_IDENTIFIER,2,,,get,get,36,62,,,2
55834577964,FIELD_IDENTIFIER,2,,,data,data,22,63,,,2
55834577965,FIELD_IDENTIFIER,2,,,error,error,14,65,,,2
55834577966,FIELD_IDENTIFIER,2,,,message,message,60,65,,,2
55834577967,FIELD_IDENTIFIER,2,,,message,message,68,66,,,2
55834577968,FIELD_IDENTIFIER,2,,,GitLabProject,GitLabProject,0,3,,,2
55834577969,FIELD_IDENTIFIER,2,,,gitlabClient,gitlabClient,0,2,,,2
55834577970,FIELD_IDENTIFIER,2,,,default,default,0,2,,,2
55834577971,FIELD_IDENTIFIER,2,,,gitlabAuthService,gitlabAuthService,0,3,,,2
55834577972,FIELD_IDENTIFIER,2,,,default,default,0,3,,,2
55834577973,FIELD_IDENTIFIER,2,,,gitlabProjectService,gitlabProjectService,0,4,,,2
55834577974,FIELD_IDENTIFIER,2,,,default,default,0,4,,,2
55834577975,FIELD_IDENTIFIER,2,,,gitlabGroupService,gitlabGroupService,0,5,,,2
55834577976,FIELD_IDENTIFIER,2,,,default,default,0,5,,,2
55834577977,FIELD_IDENTIFIER,2,,,gitLabIssueService,gitLabIssueService,0,6,,,2
55834577978,FIELD_IDENTIFIER,2,,,default,default,0,6,,,2
55834577979,FIELD_IDENTIFIER,2,,,gitLabMRService,gitLabMRService,0,7,,,2
55834577980,FIELD_IDENTIFIER,2,,,default,default,0,7,,,2
55834577981,FIELD_IDENTIFIER,2,,,gitLabMilestoneService,gitLabMilestoneService,0,8,,,2
55834577982,FIELD_IDENTIFIER,2,,,default,default,0,8,,,2
55834577983,FIELD_IDENTIFIER,2,,,log,log,12,32,,,2
55834577984,FIELD_IDENTIFIER,2,,,length,length,53,37,,,2
55834577985,FIELD_IDENTIFIER,2,,,length,length,55,38,,,2
55834577986,FIELD_IDENTIFIER,2,,,log,log,12,40,,,2
55834577987,FIELD_IDENTIFIER,2,,,calculateCycleTime,calculateCycleTime,33,43,,,2
55834577988,FIELD_IDENTIFIER,2,,,calculateReopenRate,calculateReopenRate,34,46,,,2
55834577989,FIELD_IDENTIFIER,2,,,reopened,reopened,17,47,,,2
55834577990,FIELD_IDENTIFIER,2,,,checked,checked,17,48,,,2
55834577991,FIELD_IDENTIFIER,2,,,calculateBugRatio,calculateBugRatio,32,52,,,2
55834577992,FIELD_IDENTIFIER,2,,,length,length,60,52,,,2
55834577993,FIELD_IDENTIFIER,2,,,length,length,82,52,,,2
55834577994,FIELD_IDENTIFIER,2,,,length,length,53,57,,,2
55834577995,FIELD_IDENTIFIER,2,,,length,length,55,58,,,2
55834577996,FIELD_IDENTIFIER,2,,,calculateStaleIssues,calculateStaleIssues,29,62,,,2
55834577997,FIELD_IDENTIFIER,2,,,calculateCriticalMetrics,calculateCriticalMetrics,32,65,,,2
55834577998,FIELD_IDENTIFIER,2,,,calculateMRLinkRate,calculateMRLinkRate,30,68,,,2
55834577999,FIELD_IDENTIFIER,2,,,withLinks,withLinks,17,69,,,2
55834578000,FIELD_IDENTIFIER,2,,,checked,checked,17,70,,,2
55834578001,FIELD_IDENTIFIER,2,,,calculateClosureRate,calculateClosureRate,29,74,,,2
55834578002,FIELD_IDENTIFIER,2,,,getVelocityAlertLevel,getVelocityAlertLevel,40,80,,,2
55834578003,FIELD_IDENTIFIER,2,,,getCycleTimeAlertLevel,getCycleTimeAlertLevel,40,81,,,2
55834578004,FIELD_IDENTIFIER,2,,,avg_cycle_time_days,avg_cycle_time_days,22,82,,,2
55834578005,FIELD_IDENTIFIER,2,,,getReopenRateAlertLevel,getReopenRateAlertLevel,41,84,,,2
55834578006,FIELD_IDENTIFIER,2,,,reopen_rate_percent,reopen_rate_percent,23,85,,,2
55834578007,FIELD_IDENTIFIER,2,,,getBugRatioAlertLevel,getBugRatioAlertLevel,39,87,,,2
55834578008,FIELD_IDENTIFIER,2,,,bug_ratio_percent,bug_ratio_percent,21,88,,,2
55834578009,FIELD_IDENTIFIER,2,,,total_open_issues,total_open_issues,6,93,,,2
55834578010,FIELD_IDENTIFIER,2,,,total_closed_issues,total_closed_issues,6,94,,,2
55834578011,FIELD_IDENTIFIER,2,,,issues_closed_last_7d,issues_closed_last_7d,6,97,,,2
55834578012,FIELD_IDENTIFIER,2,,,issues_closed_last_30d,issues_closed_last_30d,6,98,,,2
55834578013,FIELD_IDENTIFIER,2,,,total_resolution_hours,total_resolution_hours,6,99,,,2
55834578014,FIELD_IDENTIFIER,2,,,total_resolution_hours,total_resolution_hours,46,99,,,2
55834578015,FIELD_IDENTIFIER,2,,,issues_with_resolution_time,issues_with_resolution_time,6,100,,,2
55834578016,FIELD_IDENTIFIER,2,,,issues_with_resolution_time,issues_with_resolution_time,51,100,,,2
55834578017,FIELD_IDENTIFIER,2,,,avg_cycle_time_hours,avg_cycle_time_hours,6,101,,,2
55834578018,FIELD_IDENTIFIER,2,,,avg_cycle_time_hours,avg_cycle_time_hours,44,101,,,2
55834578019,FIELD_IDENTIFIER,2,,,avg_cycle_time_days,avg_cycle_time_days,6,102,,,2
55834578020,FIELD_IDENTIFIER,2,,,avg_cycle_time_days,avg_cycle_time_days,43,102,,,2
55834578021,FIELD_IDENTIFIER,2,,,issues_reopened_count,issues_reopened_count,6,103,,,2
55834578022,FIELD_IDENTIFIER,2,,,issues_reopened_count,issues_reopened_count,46,103,,,2
55834578023,FIELD_IDENTIFIER,2,,,issues_checked_for_reopens,issues_checked_for_reopens,6,104,,,2
55834578024,FIELD_IDENTIFIER,2,,,issues_checked_for_reopens,issues_checked_for_reopens,51,104,,,2
55834578025,FIELD_IDENTIFIER,2,,,reopen_rate_percent,reopen_rate_percent,6,105,,,2
55834578026,FIELD_IDENTIFIER,2,,,reopen_rate_percent,reopen_rate_percent,44,105,,,2
55834578027,FIELD_IDENTIFIER,2,,,bug_issues_count,bug_issues_count,6,106,,,2
55834578028,FIELD_IDENTIFIER,2,,,bug_issues_count,bug_issues_count,39,106,,,2
55834578029,FIELD_IDENTIFIER,2,,,feature_issues_count,feature_issues_count,6,107,,,2
55834578030,FIELD_IDENTIFIER,2,,,feature_issues_count,feature_issues_count,43,107,,,2
55834578031,FIELD_IDENTIFIER,2,,,bug_ratio_percent,bug_ratio_percent,6,108,,,2
55834578032,FIELD_IDENTIFIER,2,,,bug_ratio_percent,bug_ratio_percent,40,108,,,2
55834578033,FIELD_IDENTIFIER,2,,,issues_opened_last_7d,issues_opened_last_7d,6,111,,,2
55834578034,FIELD_IDENTIFIER,2,,,issues_opened_last_30d,issues_opened_last_30d,6,112,,,2
55834578035,FIELD_IDENTIFIER,2,,,net_issue_change_7d,net_issue_change_7d,6,113,,,2
55834578036,FIELD_IDENTIFIER,2,,,stale_issues_count,stale_issues_count,6,114,,,2
55834578037,FIELD_IDENTIFIER,2,,,stale_issues_count,stale_issues_count,38,114,,,2
55834578038,FIELD_IDENTIFIER,2,,,stale_issues_percent,stale_issues_percent,6,115,,,2
55834578039,FIELD_IDENTIFIER,2,,,stale_issues_percent,stale_issues_percent,40,115,,,2
55834578040,FIELD_IDENTIFIER,2,,,critical_issues_open,critical_issues_open,6,116,,,2
55834578041,FIELD_IDENTIFIER,2,,,critical_issues_open,critical_issues_open,43,116,,,2
55834578042,FIELD_IDENTIFIER,2,,,blocker_issues_open,blocker_issues_open,6,117,,,2
55834578043,FIELD_IDENTIFIER,2,,,blocker_issues_open,blocker_issues_open,42,117,,,2
55834578044,FIELD_IDENTIFIER,2,,,critical_avg_resolution_hours,critical_avg_resolution_hours,6,118,,,2
55834578045,FIELD_IDENTIFIER,2,,,critical_avg_resolution_hours,critical_avg_resolution_hours,52,118,,,2
55834578046,FIELD_IDENTIFIER,2,,,issues_with_mr_links,issues_with_mr_links,6,119,,,2
55834578047,FIELD_IDENTIFIER,2,,,issues_with_mr_links,issues_with_mr_links,41,119,,,2
55834578048,FIELD_IDENTIFIER,2,,,total_closed_issues_checked,total_closed_issues_checked,6,120,,,2
55834578049,FIELD_IDENTIFIER,2,,,total_closed_issues_checked,total_closed_issues_checked,48,120,,,2
55834578050,FIELD_IDENTIFIER,2,,,issue_mr_link_rate_percent,issue_mr_link_rate_percent,6,121,,,2
55834578051,FIELD_IDENTIFIER,2,,,issue_mr_link_rate_percent,issue_mr_link_rate_percent,47,121,,,2
55834578052,FIELD_IDENTIFIER,2,,,closure_rate_percent,closure_rate_percent,6,124,,,2
55834578053,FIELD_IDENTIFIER,2,,,velocity_alert_level,velocity_alert_level,6,127,,,2
55834578054,FIELD_IDENTIFIER,2,,,cycle_time_alert_level,cycle_time_alert_level,6,128,,,2
55834578055,FIELD_IDENTIFIER,2,,,reopen_rate_alert_level,reopen_rate_alert_level,6,129,,,2
55834578056,FIELD_IDENTIFIER,2,,,bug_ratio_alert_level,bug_ratio_alert_level,6,130,,,2
55834578057,FIELD_IDENTIFIER,2,,,created_at,created_at,16,144,,,2
55834578058,FIELD_IDENTIFIER,2,,,closed_at,closed_at,36,144,,,2
55834578059,FIELD_IDENTIFIER,2,,,created_at,created_at,43,145,,,2
55834578060,FIELD_IDENTIFIER,2,,,closed_at,closed_at,42,146,,,2
55834578061,FIELD_IDENTIFIER,2,,,getTime,getTime,40,147,,,2
55834578062,FIELD_IDENTIFIER,2,,,getTime,getTime,64,147,,,2
55834578063,FIELD_IDENTIFIER,2,,,log,log,20,156,,,2
55834578064,FIELD_IDENTIFIER,2,,,iid,iid,51,156,,,2
55834578065,FIELD_IDENTIFIER,2,,,toFixed,toFixed,75,156,,,2
55834578066,FIELD_IDENTIFIER,2,,,toFixed,toFixed,117,156,,,2
55834578067,FIELD_IDENTIFIER,2,,,log,log,18,162,,,2
55834578068,FIELD_IDENTIFIER,2,,,iid,iid,49,162,,,2
55834578069,FIELD_IDENTIFIER,2,,,created_at,created_at,91,162,,,2
55834578070,FIELD_IDENTIFIER,2,,,closed_at,closed_at,123,162,,,2
55834578071,FIELD_IDENTIFIER,2,,,log,log,12,141,,,2
55834578072,FIELD_IDENTIFIER,2,,,length,length,55,141,,,2
55834578073,FIELD_IDENTIFIER,2,,,forEach,forEach,17,143,,,2
55834578074,FIELD_IDENTIFIER,2,,,log,log,12,174,,,2
55834578075,FIELD_IDENTIFIER,2,,,toFixed,toFixed,119,174,,,2
55834578076,FIELD_IDENTIFIER,2,,,total_resolution_hours,total_resolution_hours,6,177,,,2
55834578077,FIELD_IDENTIFIER,2,,,toFixed,toFixed,64,177,,,2
55834578078,FIELD_IDENTIFIER,2,,,issues_with_resolution_time,issues_with_resolution_time,6,178,,,2
55834578079,FIELD_IDENTIFIER,2,,,avg_cycle_time_hours,avg_cycle_time_hours,6,179,,,2
55834578080,FIELD_IDENTIFIER,2,,,toFixed,toFixed,60,179,,,2
55834578081,FIELD_IDENTIFIER,2,,,avg_cycle_time_days,avg_cycle_time_days,6,180,,,2
55834578082,FIELD_IDENTIFIER,2,,,toFixed,toFixed,58,180,,,2
55834578083,FIELD_IDENTIFIER,2,,,issues_reopened_count,issues_reopened_count,6,192,,,2
55834578084,FIELD_IDENTIFIER,2,,,issues_checked_for_reopens,issues_checked_for_reopens,6,193,,,2
55834578085,FIELD_IDENTIFIER,2,,,reopen_rate_percent,reopen_rate_percent,6,194,,,2
55834578086,FIELD_IDENTIFIER,2,,,toFixed,toFixed,58,194,,,2
55834578087,FIELD_IDENTIFIER,2,,,bug_issues_count,bug_issues_count,6,206,,,2
55834578088,FIELD_IDENTIFIER,2,,,feature_issues_count,feature_issues_count,6,207,,,2
55834578089,FIELD_IDENTIFIER,2,,,bug_ratio_percent,bug_ratio_percent,6,208,,,2
55834578090,FIELD_IDENTIFIER,2,,,toFixed,toFixed,54,208,,,2
55834578091,FIELD_IDENTIFIER,2,,,updated_at,updated_at,16,222,,,2
55834578092,FIELD_IDENTIFIER,2,,,updated_at,updated_at,44,223,,,2
55834578093,FIELD_IDENTIFIER,2,,,setDate,setDate,17,217,,,2
55834578094,FIELD_IDENTIFIER,2,,,getDate,getDate,38,217,,,2
55834578095,FIELD_IDENTIFIER,2,,,forEach,forEach,15,221,,,2
55834578096,FIELD_IDENTIFIER,2,,,length,length,17,231,,,2
55834578097,FIELD_IDENTIFIER,2,,,length,length,63,231,,,2
55834578098,FIELD_IDENTIFIER,2,,,stale_issues_count,stale_issues_count,6,234,,,2
55834578099,FIELD_IDENTIFIER,2,,,stale_issues_percent,stale_issues_percent,6,235,,,2
55834578100,FIELD_IDENTIFIER,2,,,toFixed,toFixed,60,235,,,2
55834578101,FIELD_IDENTIFIER,2,,,state,state,15,247,,,2
55834578102,FIELD_IDENTIFIER,2,,,state,state,15,250,,,2
55834578103,FIELD_IDENTIFIER,2,,,state,state,58,254,,,2
55834578104,FIELD_IDENTIFIER,2,,,created_at,created_at,16,259,,,2
55834578105,FIELD_IDENTIFIER,2,,,closed_at,closed_at,36,259,,,2
55834578106,FIELD_IDENTIFIER,2,,,closed_at,closed_at,25,261,,,2
55834578107,FIELD_IDENTIFIER,2,,,getTime,getTime,36,261,,,2
55834578108,FIELD_IDENTIFIER,2,,,created_at,created_at,63,261,,,2
55834578109,FIELD_IDENTIFIER,2,,,getTime,getTime,75,261,,,2
55834578110,FIELD_IDENTIFIER,2,,,filter,filter,48,246,,,2
55834578111,FIELD_IDENTIFIER,2,,,length,length,6,248,,,2
55834578112,FIELD_IDENTIFIER,2,,,filter,filter,46,249,,,2
55834578113,FIELD_IDENTIFIER,2,,,length,length,6,251,,,2
55834578114,FIELD_IDENTIFIER,2,,,filter,filter,42,254,,,2
55834578115,FIELD_IDENTIFIER,2,,,forEach,forEach,19,258,,,2
55834578116,FIELD_IDENTIFIER,2,,,critical_issues_open,critical_issues_open,6,271,,,2
55834578117,FIELD_IDENTIFIER,2,,,blocker_issues_open,blocker_issues_open,6,272,,,2
55834578118,FIELD_IDENTIFIER,2,,,critical_avg_resolution_hours,critical_avg_resolution_hours,6,273,,,2
55834578119,FIELD_IDENTIFIER,2,,,toFixed,toFixed,38,274,,,2
55834578120,FIELD_IDENTIFIER,2,,,issues_with_mr_links,issues_with_mr_links,6,287,,,2
55834578121,FIELD_IDENTIFIER,2,,,total_closed_issues_checked,total_closed_issues_checked,6,288,,,2
55834578122,FIELD_IDENTIFIER,2,,,issue_mr_link_rate_percent,issue_mr_link_rate_percent,6,289,,,2
55834578123,FIELD_IDENTIFIER,2,,,toFixed,toFixed,72,289,,,2
55834578124,FIELD_IDENTIFIER,2,,,toFixed,toFixed,27,330,,,2
55834578125,FIELD_IDENTIFIER,2,,,state,state,63,340,,,2
55834578126,FIELD_IDENTIFIER,2,,,state,state,52,344,,,2
55834578127,FIELD_IDENTIFIER,2,,,length,length,20,337,,,2
55834578128,FIELD_IDENTIFIER,2,,,some,some,41,340,,,2
55834578129,FIELD_IDENTIFIER,2,,,filter,filter,36,344,,,2
55834578130,FIELD_IDENTIFIER,2,,,length,length,72,344,,,2
55834578131,FIELD_IDENTIFIER,2,,,GitLabIssues,GitLabIssues,0,4,,,2
55834578132,FIELD_IDENTIFIER,2,,,IssueMetricsCalculationResult,IssueMetricsCalculationResult,0,5,,,2
55834578133,FIELD_IDENTIFIER,2,,,GitLabIssueStateEvent,GitLabIssueStateEvent,0,5,,,2
55834578134,FIELD_IDENTIFIER,2,,,push,push,8,67,,,2
55834578135,FIELD_IDENTIFIER,2,,,push,push,8,68,,,2
55834578136,FIELD_IDENTIFIER,2,,,total_open_issues,total_open_issues,16,68,,,2
55834578137,FIELD_IDENTIFIER,2,,,push,push,8,69,,,2
55834578138,FIELD_IDENTIFIER,2,,,total_closed_issues,total_closed_issues,16,69,,,2
55834578139,FIELD_IDENTIFIER,2,,,push,push,8,70,,,2
55834578140,FIELD_IDENTIFIER,2,,,issues_closed_last_7d,issues_closed_last_7d,16,70,,,2
55834578141,FIELD_IDENTIFIER,2,,,push,push,8,71,,,2
55834578142,FIELD_IDENTIFIER,2,,,issues_closed_last_30d,issues_closed_last_30d,16,71,,,2
55834578143,FIELD_IDENTIFIER,2,,,push,push,8,72,,,2
55834578144,FIELD_IDENTIFIER,2,,,total_resolution_hours,total_resolution_hours,16,72,,,2
55834578145,FIELD_IDENTIFIER,2,,,push,push,8,73,,,2
55834578146,FIELD_IDENTIFIER,2,,,issues_with_resolution_time,issues_with_resolution_time,16,73,,,2
55834578147,FIELD_IDENTIFIER,2,,,push,push,8,74,,,2
55834578148,FIELD_IDENTIFIER,2,,,avg_cycle_time_hours,avg_cycle_time_hours,16,74,,,2
55834578149,FIELD_IDENTIFIER,2,,,push,push,8,75,,,2
55834578150,FIELD_IDENTIFIER,2,,,avg_cycle_time_days,avg_cycle_time_days,16,75,,,2
55834578151,FIELD_IDENTIFIER,2,,,push,push,8,76,,,2
55834578152,FIELD_IDENTIFIER,2,,,issues_reopened_count,issues_reopened_count,16,76,,,2
55834578153,FIELD_IDENTIFIER,2,,,push,push,8,77,,,2
55834578154,FIELD_IDENTIFIER,2,,,issues_checked_for_reopens,issues_checked_for_reopens,16,77,,,2
55834578155,FIELD_IDENTIFIER,2,,,push,push,8,78,,,2
55834578156,FIELD_IDENTIFIER,2,,,reopen_rate_percent,reopen_rate_percent,16,78,,,2
55834578157,FIELD_IDENTIFIER,2,,,push,push,8,79,,,2
55834578158,FIELD_IDENTIFIER,2,,,bug_issues_count,bug_issues_count,16,79,,,2
55834578159,FIELD_IDENTIFIER,2,,,push,push,8,80,,,2
55834578160,FIELD_IDENTIFIER,2,,,feature_issues_count,feature_issues_count,16,80,,,2
55834578161,FIELD_IDENTIFIER,2,,,push,push,8,81,,,2
55834578162,FIELD_IDENTIFIER,2,,,bug_ratio_percent,bug_ratio_percent,16,81,,,2
55834578163,FIELD_IDENTIFIER,2,,,push,push,8,82,,,2
55834578164,FIELD_IDENTIFIER,2,,,issues_opened_last_7d,issues_opened_last_7d,16,82,,,2
55834578165,FIELD_IDENTIFIER,2,,,push,push,8,83,,,2
55834578166,FIELD_IDENTIFIER,2,,,issues_opened_last_30d,issues_opened_last_30d,16,83,,,2
55834578167,FIELD_IDENTIFIER,2,,,push,push,8,84,,,2
55834578168,FIELD_IDENTIFIER,2,,,net_issue_change_7d,net_issue_change_7d,16,84,,,2
55834578169,FIELD_IDENTIFIER,2,,,push,push,8,85,,,2
55834578170,FIELD_IDENTIFIER,2,,,stale_issues_count,stale_issues_count,16,85,,,2
55834578171,FIELD_IDENTIFIER,2,,,push,push,8,86,,,2
55834578172,FIELD_IDENTIFIER,2,,,stale_issues_percent,stale_issues_percent,16,86,,,2
55834578173,FIELD_IDENTIFIER,2,,,push,push,8,87,,,2
55834578174,FIELD_IDENTIFIER,2,,,critical_issues_open,critical_issues_open,16,87,,,2
55834578175,FIELD_IDENTIFIER,2,,,push,push,8,88,,,2
55834578176,FIELD_IDENTIFIER,2,,,blocker_issues_open,blocker_issues_open,16,88,,,2
55834578177,FIELD_IDENTIFIER,2,,,push,push,8,89,,,2
55834578178,FIELD_IDENTIFIER,2,,,critical_avg_resolution_hours,critical_avg_resolution_hours,16,89,,,2
55834578179,FIELD_IDENTIFIER,2,,,push,push,8,90,,,2
55834578180,FIELD_IDENTIFIER,2,,,issues_with_mr_links,issues_with_mr_links,16,90,,,2
55834578181,FIELD_IDENTIFIER,2,,,push,push,8,91,,,2
55834578182,FIELD_IDENTIFIER,2,,,total_closed_issues_checked,total_closed_issues_checked,16,91,,,2
55834578183,FIELD_IDENTIFIER,2,,,push,push,8,92,,,2
55834578184,FIELD_IDENTIFIER,2,,,issue_mr_link_rate_percent,issue_mr_link_rate_percent,16,92,,,2
55834578185,FIELD_IDENTIFIER,2,,,push,push,8,93,,,2
55834578186,FIELD_IDENTIFIER,2,,,closure_rate_percent,closure_rate_percent,16,93,,,2
55834578187,FIELD_IDENTIFIER,2,,,push,push,8,94,,,2
55834578188,FIELD_IDENTIFIER,2,,,velocity_alert_level,velocity_alert_level,16,94,,,2
55834578189,FIELD_IDENTIFIER,2,,,push,push,8,95,,,2
55834578190,FIELD_IDENTIFIER,2,,,cycle_time_alert_level,cycle_time_alert_level,16,95,,,2
55834578191,FIELD_IDENTIFIER,2,,,push,push,8,96,,,2
55834578192,FIELD_IDENTIFIER,2,,,reopen_rate_alert_level,reopen_rate_alert_level,16,96,,,2
55834578193,FIELD_IDENTIFIER,2,,,push,push,8,97,,,2
55834578194,FIELD_IDENTIFIER,2,,,bug_ratio_alert_level,bug_ratio_alert_level,16,97,,,2
55834578195,FIELD_IDENTIFIER,2,,,query,query,37,100,,,2
55834578196,FIELD_IDENTIFIER,2,,,log,log,14,101,,,2
55834578197,FIELD_IDENTIFIER,2,,,rows,rows,20,102,,,2
55834578198,FIELD_IDENTIFIER,2,,,error,error,14,104,,,2
55834578199,FIELD_IDENTIFIER,2,,,getMetrics,getMetrics,40,115,,,2
55834578200,FIELD_IDENTIFIER,2,,,avg_cycle_time_days,avg_cycle_time_days,8,122,,,2
55834578201,FIELD_IDENTIFIER,2,,,avg_cycle_time_days,avg_cycle_time_days,44,122,,,2
55834578202,FIELD_IDENTIFIER,2,,,reopen_rate_percent,reopen_rate_percent,8,123,,,2
55834578203,FIELD_IDENTIFIER,2,,,reopen_rate_percent,reopen_rate_percent,44,123,,,2
55834578204,FIELD_IDENTIFIER,2,,,issues_closed_last_7d,issues_closed_last_7d,8,124,,,2
55834578205,FIELD_IDENTIFIER,2,,,issues_closed_last_7d,issues_closed_last_7d,46,124,,,2
55834578206,FIELD_IDENTIFIER,2,,,critical_issues_open,critical_issues_open,8,125,,,2
55834578207,FIELD_IDENTIFIER,2,,,critical_issues_open,critical_issues_open,45,125,,,2
55834578208,FIELD_IDENTIFIER,2,,,push,push,8,154,,,2
55834578209,FIELD_IDENTIFIER,2,,,push,push,8,155,,,2
55834578210,FIELD_IDENTIFIER,2,,,total_open_issues,total_open_issues,23,155,,,2
55834578211,FIELD_IDENTIFIER,2,,,push,push,8,156,,,2
55834578212,FIELD_IDENTIFIER,2,,,total_closed_issues,total_closed_issues,23,156,,,2
55834578213,FIELD_IDENTIFIER,2,,,push,push,8,157,,,2
55834578214,FIELD_IDENTIFIER,2,,,issues_closed_last_7d,issues_closed_last_7d,23,157,,,2
55834578215,FIELD_IDENTIFIER,2,,,push,push,8,158,,,2
55834578216,FIELD_IDENTIFIER,2,,,avg_cycle_time_days,avg_cycle_time_days,23,158,,,2
55834578217,FIELD_IDENTIFIER,2,,,push,push,8,159,,,2
55834578218,FIELD_IDENTIFIER,2,,,reopen_rate_percent,reopen_rate_percent,23,159,,,2
55834578219,FIELD_IDENTIFIER,2,,,push,push,8,160,,,2
55834578220,FIELD_IDENTIFIER,2,,,bug_ratio_percent,bug_ratio_percent,23,160,,,2
55834578221,FIELD_IDENTIFIER,2,,,push,push,8,161,,,2
55834578222,FIELD_IDENTIFIER,2,,,stale_issues_count,stale_issues_count,23,161,,,2
55834578223,FIELD_IDENTIFIER,2,,,push,push,8,162,,,2
55834578224,FIELD_IDENTIFIER,2,,,critical_issues_open,critical_issues_open,23,162,,,2
55834578225,FIELD_IDENTIFIER,2,,,push,push,8,163,,,2
55834578226,FIELD_IDENTIFIER,2,,,closure_rate_percent,closure_rate_percent,23,163,,,2
55834578227,FIELD_IDENTIFIER,2,,,push,push,8,164,,,2
55834578228,FIELD_IDENTIFIER,2,,,issues_closed_last_30d,issues_closed_last_30d,23,164,,,2
55834578229,FIELD_IDENTIFIER,2,,,push,push,8,165,,,2
55834578230,FIELD_IDENTIFIER,2,,,issues_opened_last_30d,issues_opened_last_30d,23,165,,,2
55834578231,FIELD_IDENTIFIER,2,,,push,push,8,166,,,2
55834578232,FIELD_IDENTIFIER,2,,,query,query,37,169,,,2
55834578233,FIELD_IDENTIFIER,2,,,log,log,14,170,,,2
55834578234,FIELD_IDENTIFIER,2,,,rows,rows,20,171,,,2
55834578235,FIELD_IDENTIFIER,2,,,error,error,14,173,,,2
55834578236,FIELD_IDENTIFIER,2,,,query,query,37,190,,,2
55834578237,FIELD_IDENTIFIER,2,,,push,push,51,190,,,2
55834578238,FIELD_IDENTIFIER,2,,,rows,rows,20,191,,,2
55834578239,FIELD_IDENTIFIER,2,,,error,error,14,193,,,2
55834578240,FIELD_IDENTIFIER,2,,,query,query,37,213,,,2
55834578241,FIELD_IDENTIFIER,2,,,push,push,51,213,,,2
55834578242,FIELD_IDENTIFIER,2,,,rows,rows,20,214,,,2
55834578243,FIELD_IDENTIFIER,2,,,error,error,14,216,,,2
55834578244,FIELD_IDENTIFIER,2,,,getMetrics,getMetrics,33,227,,,2
55834578245,FIELD_IDENTIFIER,2,,,query,query,37,241,,,2
55834578246,FIELD_IDENTIFIER,2,,,push,push,51,241,,,2
55834578247,FIELD_IDENTIFIER,2,,,rows,rows,30,242,,,2
55834578248,FIELD_IDENTIFIER,2,,,hasComparison,hasComparison,10,246,,,2
55834578249,FIELD_IDENTIFIER,2,,,velocity_change,velocity_change,10,247,,,2
55834578250,FIELD_IDENTIFIER,2,,,cycle_time_change,cycle_time_change,10,248,,,2
55834578251,FIELD_IDENTIFIER,2,,,reopen_rate_change,reopen_rate_change,10,249,,,2
55834578252,FIELD_IDENTIFIER,2,,,bug_ratio_change,bug_ratio_change,10,250,,,2
55834578253,FIELD_IDENTIFIER,2,,,stale_issues_change,stale_issues_change,10,251,,,2
55834578254,FIELD_IDENTIFIER,2,,,critical_issues_change,critical_issues_change,10,252,,,2
55834578255,FIELD_IDENTIFIER,2,,,hasComparison,hasComparison,8,257,,,2
55834578256,FIELD_IDENTIFIER,2,,,velocity_change,velocity_change,8,258,,,2
55834578257,FIELD_IDENTIFIER,2,,,calculateChange,calculateChange,30,258,,,2
55834578258,FIELD_IDENTIFIER,2,,,issues_closed_last_7d,issues_closed_last_7d,18,259,,,2
55834578259,FIELD_IDENTIFIER,2,,,issues_closed_last_7d,issues_closed_last_7d,19,260,,,2
55834578260,FIELD_IDENTIFIER,2,,,cycle_time_change,cycle_time_change,8,262,,,2
55834578261,FIELD_IDENTIFIER,2,,,calculateChange,calculateChange,32,262,,,2
55834578262,FIELD_IDENTIFIER,2,,,avg_cycle_time_days,avg_cycle_time_days,18,263,,,2
55834578263,FIELD_IDENTIFIER,2,,,avg_cycle_time_days,avg_cycle_time_days,19,264,,,2
55834578264,FIELD_IDENTIFIER,2,,,reopen_rate_change,reopen_rate_change,8,266,,,2
55834578265,FIELD_IDENTIFIER,2,,,calculateChange,calculateChange,33,266,,,2
55834578266,FIELD_IDENTIFIER,2,,,reopen_rate_percent,reopen_rate_percent,18,267,,,2
55834578267,FIELD_IDENTIFIER,2,,,reopen_rate_percent,reopen_rate_percent,19,268,,,2
55834578268,FIELD_IDENTIFIER,2,,,bug_ratio_change,bug_ratio_change,8,270,,,2
55834578269,FIELD_IDENTIFIER,2,,,calculateChange,calculateChange,31,270,,,2
55834578270,FIELD_IDENTIFIER,2,,,bug_ratio_percent,bug_ratio_percent,18,271,,,2
55834578271,FIELD_IDENTIFIER,2,,,bug_ratio_percent,bug_ratio_percent,19,272,,,2
55834578272,FIELD_IDENTIFIER,2,,,stale_issues_change,stale_issues_change,8,274,,,2
55834578273,FIELD_IDENTIFIER,2,,,calculateChange,calculateChange,34,274,,,2
55834578274,FIELD_IDENTIFIER,2,,,stale_issues_count,stale_issues_count,18,275,,,2
55834578275,FIELD_IDENTIFIER,2,,,stale_issues_count,stale_issues_count,19,276,,,2
55834578276,FIELD_IDENTIFIER,2,,,critical_issues_change,critical_issues_change,8,278,,,2
55834578277,FIELD_IDENTIFIER,2,,,calculateChange,calculateChange,37,278,,,2
55834578278,FIELD_IDENTIFIER,2,,,critical_issues_open,critical_issues_open,18,279,,,2
55834578279,FIELD_IDENTIFIER,2,,,critical_issues_open,critical_issues_open,19,280,,,2
55834578280,FIELD_IDENTIFIER,2,,,error,error,14,284,,,2
55834578281,FIELD_IDENTIFIER,2,,,toFixed,toFixed,64,294,,,2
55834578282,FIELD_IDENTIFIER,2,,,query,query,37,308,,,2
55834578283,FIELD_IDENTIFIER,2,,,push,push,51,308,,,2
55834578284,FIELD_IDENTIFIER,2,,,rows,rows,20,309,,,2
55834578285,FIELD_IDENTIFIER,2,,,error,error,14,311,,,2
55834578286,FIELD_IDENTIFIER,2,,,query,query,22,321,,,2
55834578287,FIELD_IDENTIFIER,2,,,push,push,8,322,,,2
55834578288,FIELD_IDENTIFIER,2,,,log,log,14,324,,,2
55834578289,FIELD_IDENTIFIER,2,,,error,error,14,326,,,2
55834578290,FIELD_IDENTIFIER,2,,,getPool,getPool,0,4,,,2
55834578291,FIELD_IDENTIFIER,2,,,IssueHealthMetrics,IssueHealthMetrics,0,5,,,2
55834578292,FIELD_IDENTIFIER,2,,,IssueMetricsHistory,IssueMetricsHistory,0,5,,,2
55834578293,FIELD_IDENTIFIER,2,,,WeekOverWeekComparison,WeekOverWeekComparison,0,5,,,2
55834578294,FIELD_IDENTIFIER,2,,,calculateIssueHealthScore,calculateIssueHealthScore,0,10,,,2
55834578295,FIELD_IDENTIFIER,2,,,log,log,12,15,,,2
55834578296,FIELD_IDENTIFIER,2,,,log,log,14,19,,,2
55834578297,FIELD_IDENTIFIER,2,,,fetchGitLabData,fetchGitLabData,30,20,,,2
55834578298,FIELD_IDENTIFIER,2,,,log,log,14,21,,,2
55834578299,FIELD_IDENTIFIER,2,,,log,log,14,24,,,2
55834578300,FIELD_IDENTIFIER,2,,,calculateMetrics,calculateMetrics,63,25,,,2
55834578301,FIELD_IDENTIFIER,2,,,openIssues,openIssues,13,27,,,2
55834578302,FIELD_IDENTIFIER,2,,,closedIssuesLast7d,closedIssuesLast7d,13,28,,,2
55834578303,FIELD_IDENTIFIER,2,,,closedIssuesLast30d,closedIssuesLast30d,13,29,,,2
55834578304,FIELD_IDENTIFIER,2,,,openedIssuesLast7d,openedIssuesLast7d,13,30,,,2
55834578305,FIELD_IDENTIFIER,2,,,openedIssuesLast30d,openedIssuesLast30d,13,31,,,2
55834578306,FIELD_IDENTIFIER,2,,,bugIssues,bugIssues,13,32,,,2
55834578307,FIELD_IDENTIFIER,2,,,featureIssues,featureIssues,13,33,,,2
55834578308,FIELD_IDENTIFIER,2,,,criticalIssues,criticalIssues,13,34,,,2
55834578309,FIELD_IDENTIFIER,2,,,blockerIssues,blockerIssues,13,35,,,2
55834578310,FIELD_IDENTIFIER,2,,,totalOpenCount,totalOpenCount,13,36,,,2
55834578311,FIELD_IDENTIFIER,2,,,totalClosedCount,totalClosedCount,13,37,,,2
55834578312,FIELD_IDENTIFIER,2,,,reopenData,reopenData,13,38,,,2
55834578313,FIELD_IDENTIFIER,2,,,mrLinkData,mrLinkData,13,39,,,2
55834578314,FIELD_IDENTIFIER,2,,,log,log,14,43,,,2
55834578315,FIELD_IDENTIFIER,2,,,saveMetrics,saveMetrics,55,44,,,2
55834578316,FIELD_IDENTIFIER,2,,,log,log,14,50,,,2
55834578317,FIELD_IDENTIFIER,2,,,saveHistoricalSnapshot,saveHistoricalSnapshot,34,51,,,2
55834578318,FIELD_IDENTIFIER,2,,,log,log,14,53,,,2
55834578319,FIELD_IDENTIFIER,2,,,error,error,14,57,,,2
55834578320,FIELD_IDENTIFIER,2,,,setDate,setDate,17,67,,,2
55834578321,FIELD_IDENTIFIER,2,,,getDate,getDate,38,67,,,2
55834578322,FIELD_IDENTIFIER,2,,,toISOString,toISOString,41,68,,,2
55834578323,FIELD_IDENTIFIER,2,,,setDate,setDate,18,71,,,2
55834578324,FIELD_IDENTIFIER,2,,,getDate,getDate,40,71,,,2
55834578325,FIELD_IDENTIFIER,2,,,toISOString,toISOString,43,72,,,2
55834578326,FIELD_IDENTIFIER,2,,,log,log,12,74,,,2
55834578327,FIELD_IDENTIFIER,2,,,getIssueCount,getIssueCount,54,77,,,2
55834578328,FIELD_IDENTIFIER,2,,,getIssueCount,getIssueCount,52,78,,,2
55834578329,FIELD_IDENTIFIER,2,,,log,log,12,80,,,2
55834578330,FIELD_IDENTIFIER,2,,,log,log,12,86,,,2
55834578331,FIELD_IDENTIFIER,2,,,log,log,12,89,,,2
55834578332,FIELD_IDENTIFIER,2,,,push,push,6,104,,,2
55834578333,FIELD_IDENTIFIER,2,,,getOpenIssues,getOpenIssues,25,104,,,2
55834578334,FIELD_IDENTIFIER,2,,,push,push,6,107,,,2
55834578335,FIELD_IDENTIFIER,2,,,getClosedIssues,getClosedIssues,25,107,,,2
55834578336,FIELD_IDENTIFIER,2,,,push,push,6,110,,,2
55834578337,FIELD_IDENTIFIER,2,,,getClosedIssues,getClosedIssues,25,110,,,2
55834578338,FIELD_IDENTIFIER,2,,,push,push,6,113,,,2
55834578339,FIELD_IDENTIFIER,2,,,getClosedIssues,getClosedIssues,25,113,,,2
55834578340,FIELD_IDENTIFIER,2,,,push,push,6,116,,,2
55834578341,FIELD_IDENTIFIER,2,,,getOpenedIssues,getOpenedIssues,25,116,,,2
55834578342,FIELD_IDENTIFIER,2,,,push,push,6,119,,,2
55834578343,FIELD_IDENTIFIER,2,,,getOpenedIssues,getOpenedIssues,25,119,,,2
55834578344,FIELD_IDENTIFIER,2,,,push,push,6,122,,,2
55834578345,FIELD_IDENTIFIER,2,,,getIssuesByLabel,getIssuesByLabel,25,122,,,2
55834578346,FIELD_IDENTIFIER,2,,,push,push,54,122,,,2
55834578347,FIELD_IDENTIFIER,2,,,push,push,6,125,,,2
55834578348,FIELD_IDENTIFIER,2,,,getIssuesByLabel,getIssuesByLabel,25,125,,,2
55834578349,FIELD_IDENTIFIER,2,,,push,push,54,125,,,2
55834578350,FIELD_IDENTIFIER,2,,,push,push,6,128,,,2
55834578351,FIELD_IDENTIFIER,2,,,getIssuesByLabel,getIssuesByLabel,25,128,,,2
55834578352,FIELD_IDENTIFIER,2,,,push,push,54,128,,,2
55834578353,FIELD_IDENTIFIER,2,,,push,push,6,131,,,2
55834578354,FIELD_IDENTIFIER,2,,,getIssuesByLabel,getIssuesByLabel,25,131,,,2
55834578355,FIELD_IDENTIFIER,2,,,push,push,54,131,,,2
55834578356,FIELD_IDENTIFIER,2,,,log,log,12,134,,,2
55834578357,FIELD_IDENTIFIER,2,,,length,length,58,134,,,2
55834578358,FIELD_IDENTIFIER,2,,,length,length,93,134,,,2
55834578359,FIELD_IDENTIFIER,2,,,length,length,135,134,,,2
55834578360,FIELD_IDENTIFIER,2,,,length,length,180,134,,,2
55834578361,FIELD_IDENTIFIER,2,,,log,log,12,135,,,2
55834578362,FIELD_IDENTIFIER,2,,,length,length,95,135,,,2
55834578363,FIELD_IDENTIFIER,2,,,log,log,12,136,,,2
55834578364,FIELD_IDENTIFIER,2,,,length,length,54,136,,,2
55834578365,FIELD_IDENTIFIER,2,,,length,length,89,136,,,2
55834578366,FIELD_IDENTIFIER,2,,,length,length,125,136,,,2
55834578367,FIELD_IDENTIFIER,2,,,length,length,27,139,,,2
55834578368,FIELD_IDENTIFIER,2,,,log,log,14,140,,,2
55834578369,FIELD_IDENTIFIER,2,,,id,id,8,141,,,2
55834578370,FIELD_IDENTIFIER,2,,,id,id,34,141,,,2
55834578371,FIELD_IDENTIFIER,2,,,title,title,8,142,,,2
55834578372,FIELD_IDENTIFIER,2,,,title,title,37,142,,,2
55834578373,FIELD_IDENTIFIER,2,,,substring,substring,44,142,,,2
55834578374,FIELD_IDENTIFIER,2,,,closed_at,closed_at,8,143,,,2
55834578375,FIELD_IDENTIFIER,2,,,closed_at,closed_at,41,143,,,2
55834578376,FIELD_IDENTIFIER,2,,,created_at,created_at,8,144,,,2
55834578377,FIELD_IDENTIFIER,2,,,created_at,created_at,42,144,,,2
55834578378,FIELD_IDENTIFIER,2,,,log,log,14,147,,,2
55834578379,FIELD_IDENTIFIER,2,,,length,length,30,150,,,2
55834578380,FIELD_IDENTIFIER,2,,,log,log,14,151,,,2
55834578381,FIELD_IDENTIFIER,2,,,id,id,8,152,,,2
55834578382,FIELD_IDENTIFIER,2,,,id,id,37,152,,,2
55834578383,FIELD_IDENTIFIER,2,,,title,title,8,153,,,2
55834578384,FIELD_IDENTIFIER,2,,,title,title,40,153,,,2
55834578385,FIELD_IDENTIFIER,2,,,substring,substring,47,153,,,2
55834578386,FIELD_IDENTIFIER,2,,,closed_at,closed_at,8,154,,,2
55834578387,FIELD_IDENTIFIER,2,,,closed_at,closed_at,44,154,,,2
55834578388,FIELD_IDENTIFIER,2,,,created_at,created_at,8,155,,,2
55834578389,FIELD_IDENTIFIER,2,,,created_at,created_at,45,155,,,2
55834578390,FIELD_IDENTIFIER,2,,,log,log,12,159,,,2
55834578391,FIELD_IDENTIFIER,2,,,calculateReopenRate,calculateReopenRate,34,162,,,2
55834578392,FIELD_IDENTIFIER,2,,,slice,slice,87,162,,,2
55834578393,FIELD_IDENTIFIER,2,,,log,log,12,164,,,2
55834578394,FIELD_IDENTIFIER,2,,,calculateMRLinkRate,calculateMRLinkRate,34,167,,,2
55834578395,FIELD_IDENTIFIER,2,,,slice,slice,87,167,,,2
55834578396,FIELD_IDENTIFIER,2,,,openIssues,openIssues,6,170,,,2
55834578397,FIELD_IDENTIFIER,2,,,closedIssuesLast7d,closedIssuesLast7d,6,171,,,2
55834578398,FIELD_IDENTIFIER,2,,,closedIssuesLast30d,closedIssuesLast30d,6,172,,,2
55834578399,FIELD_IDENTIFIER,2,,,allRecentClosedIssues,allRecentClosedIssues,6,173,,,2
55834578400,FIELD_IDENTIFIER,2,,,openedIssuesLast7d,openedIssuesLast7d,6,174,,,2
55834578401,FIELD_IDENTIFIER,2,,,openedIssuesLast30d,openedIssuesLast30d,6,175,,,2
55834578402,FIELD_IDENTIFIER,2,,,bugIssues,bugIssues,6,176,,,2
55834578403,FIELD_IDENTIFIER,2,,,featureIssues,featureIssues,6,177,,,2
55834578404,FIELD_IDENTIFIER,2,,,criticalIssues,criticalIssues,6,178,,,2
55834578405,FIELD_IDENTIFIER,2,,,blockerIssues,blockerIssues,6,179,,,2
55834578406,FIELD_IDENTIFIER,2,,,totalOpenCount,totalOpenCount,6,180,,,2
55834578407,FIELD_IDENTIFIER,2,,,totalClosedCount,totalClosedCount,6,181,,,2
55834578408,FIELD_IDENTIFIER,2,,,reopenData,reopenData,6,182,,,2
55834578409,FIELD_IDENTIFIER,2,,,mrLinkData,mrLinkData,6,183,,,2
55834578410,FIELD_IDENTIFIER,2,,,next,next,4,195,,,2
55834578411,FIELD_IDENTIFIER,2,,,length,length,44,192,,,2
55834578412,FIELD_IDENTIFIER,2,,,done,done,4,195,,,2
55834578413,FIELD_IDENTIFIER,2,,,value,value,4,195,,,2
55834578414,FIELD_IDENTIFIER,2,,,getIssueStateEvents,getIssueStateEvents,53,197,,,2
55834578415,FIELD_IDENTIFIER,2,,,iid,iid,16,199,,,2
55834578416,FIELD_IDENTIFIER,2,,,isIssueReopened,isIssueReopened,43,202,,,2
55834578417,FIELD_IDENTIFIER,2,,,error,error,16,209,,,2
55834578418,FIELD_IDENTIFIER,2,,,iid,iid,82,209,,,2
55834578419,FIELD_IDENTIFIER,2,,,reopened,reopened,6,215,,,2
55834578420,FIELD_IDENTIFIER,2,,,checked,checked,6,216,,,2
55834578421,FIELD_IDENTIFIER,2,,,next,next,4,228,,,2
55834578422,FIELD_IDENTIFIER,2,,,length,length,44,225,,,2
55834578423,FIELD_IDENTIFIER,2,,,done,done,4,228,,,2
55834578424,FIELD_IDENTIFIER,2,,,value,value,4,228,,,2
55834578425,FIELD_IDENTIFIER,2,,,getIssueClosedBy,getIssueClosedBy,53,231,,,2
55834578426,FIELD_IDENTIFIER,2,,,iid,iid,16,233,,,2
55834578427,FIELD_IDENTIFIER,2,,,getIssueLinks,getIssueLinks,52,237,,,2
55834578428,FIELD_IDENTIFIER,2,,,iid,iid,83,237,,,2
55834578429,FIELD_IDENTIFIER,2,,,length,length,24,239,,,2
55834578430,FIELD_IDENTIFIER,2,,,length,length,49,239,,,2
55834578431,FIELD_IDENTIFIER,2,,,error,error,16,246,,,2
55834578432,FIELD_IDENTIFIER,2,,,iid,iid,84,246,,,2
55834578433,FIELD_IDENTIFIER,2,,,withLinks,withLinks,6,252,,,2
55834578434,FIELD_IDENTIFIER,2,,,checked,checked,6,253,,,2
55834578435,FIELD_IDENTIFIER,2,,,IssueHealthMetrics,IssueHealthMetrics,0,7,,,2
55834578436,FIELD_IDENTIFIER,2,,,issue_count,issue_count,14,29,,,2
55834578437,FIELD_IDENTIFIER,2,,,issue_count,issue_count,32,29,,,2
55834578438,FIELD_IDENTIFIER,2,,,issue_count,issue_count,14,34,,,2
55834578439,FIELD_IDENTIFIER,2,,,issue_count,issue_count,32,34,,,2
55834578440,FIELD_IDENTIFIER,2,,,issue_count,issue_count,42,39,,,2
55834578441,FIELD_IDENTIFIER,2,,,log,log,12,11,,,2
55834578442,FIELD_IDENTIFIER,2,,,length,length,84,12,,,2
55834578443,FIELD_IDENTIFIER,2,,,length,length,29,16,,,2
55834578444,FIELD_IDENTIFIER,2,,,max_issues,max_issues,8,18,,,2
55834578445,FIELD_IDENTIFIER,2,,,min_issues,min_issues,8,19,,,2
55834578446,FIELD_IDENTIFIER,2,,,avg_issues,avg_issues,8,20,,,2
55834578447,FIELD_IDENTIFIER,2,,,total_milestones,total_milestones,8,21,,,2
55834578448,FIELD_IDENTIFIER,2,,,milestone_with_max_issues,milestone_with_max_issues,8,22,,,2
55834578449,FIELD_IDENTIFIER,2,,,milestone_with_min_issues,milestone_with_min_issues,8,23,,,2
55834578450,FIELD_IDENTIFIER,2,,,reduce,reduce,46,28,,,2
55834578451,FIELD_IDENTIFIER,2,,,reduce,reduce,46,33,,,2
55834578452,FIELD_IDENTIFIER,2,,,reduce,reduce,45,38,,,2
55834578453,FIELD_IDENTIFIER,2,,,length,length,57,42,,,2
55834578454,FIELD_IDENTIFIER,2,,,max_issues,max_issues,6,45,,,2
55834578455,FIELD_IDENTIFIER,2,,,issue_count,issue_count,31,45,,,2
55834578456,FIELD_IDENTIFIER,2,,,min_issues,min_issues,6,46,,,2
55834578457,FIELD_IDENTIFIER,2,,,issue_count,issue_count,31,46,,,2
55834578458,FIELD_IDENTIFIER,2,,,avg_issues,avg_issues,6,47,,,2
55834578459,FIELD_IDENTIFIER,2,,,round,round,23,47,,,2
55834578460,FIELD_IDENTIFIER,2,,,total_milestones,total_milestones,6,48,,,2
55834578461,FIELD_IDENTIFIER,2,,,length,length,45,48,,,2
55834578462,FIELD_IDENTIFIER,2,,,milestone_with_max_issues,milestone_with_max_issues,6,49,,,2
55834578463,FIELD_IDENTIFIER,2,,,title,title,46,49,,,2
55834578464,FIELD_IDENTIFIER,2,,,milestone_with_min_issues,milestone_with_min_issues,6,50,,,2
55834578465,FIELD_IDENTIFIER,2,,,title,title,46,50,,,2
55834578466,FIELD_IDENTIFIER,2,,,log,log,12,53,,,2
55834578467,FIELD_IDENTIFIER,2,,,MilestoneMetrics,MilestoneMetrics,0,4,,,2
55834578468,FIELD_IDENTIFIER,2,,,MilestoneWithIssueCount,MilestoneWithIssueCount,0,4,,,2
55834578469,FIELD_IDENTIFIER,2,,,log,log,12,13,,,2
55834578470,FIELD_IDENTIFIER,2,,,push,push,6,30,,,2
55834578471,FIELD_IDENTIFIER,2,,,push,push,6,31,,,2
55834578472,FIELD_IDENTIFIER,2,,,max_issues,max_issues,14,31,,,2
55834578473,FIELD_IDENTIFIER,2,,,push,push,6,32,,,2
55834578474,FIELD_IDENTIFIER,2,,,min_issues,min_issues,14,32,,,2
55834578475,FIELD_IDENTIFIER,2,,,push,push,6,33,,,2
55834578476,FIELD_IDENTIFIER,2,,,avg_issues,avg_issues,14,33,,,2
55834578477,FIELD_IDENTIFIER,2,,,push,push,6,34,,,2
55834578478,FIELD_IDENTIFIER,2,,,total_milestones,total_milestones,14,34,,,2
55834578479,FIELD_IDENTIFIER,2,,,push,push,6,35,,,2
55834578480,FIELD_IDENTIFIER,2,,,milestone_with_max_issues,milestone_with_max_issues,14,35,,,2
55834578481,FIELD_IDENTIFIER,2,,,push,push,6,36,,,2
55834578482,FIELD_IDENTIFIER,2,,,milestone_with_min_issues,milestone_with_min_issues,14,36,,,2
55834578483,FIELD_IDENTIFIER,2,,,query,query,30,39,,,2
55834578484,FIELD_IDENTIFIER,2,,,log,log,12,40,,,2
55834578485,FIELD_IDENTIFIER,2,,,rows,rows,18,42,,,2
55834578486,FIELD_IDENTIFIER,2,,,log,log,14,51,,,2
55834578487,FIELD_IDENTIFIER,2,,,query,query,32,60,,,2
55834578488,FIELD_IDENTIFIER,2,,,push,push,46,60,,,2
55834578489,FIELD_IDENTIFIER,2,,,rows,rows,17,62,,,2
55834578490,FIELD_IDENTIFIER,2,,,length,length,22,62,,,2
55834578491,FIELD_IDENTIFIER,2,,,log,log,16,63,,,2
55834578492,FIELD_IDENTIFIER,2,,,rows,rows,20,67,,,2
55834578493,FIELD_IDENTIFIER,2,,,error,error,14,69,,,2
55834578494,FIELD_IDENTIFIER,2,,,getPool,getPool,0,4,,,2
55834578495,FIELD_IDENTIFIER,2,,,MilestoneMetrics,MilestoneMetrics,0,5,,,2
55834578496,FIELD_IDENTIFIER,2,,,log,log,12,27,,,2
55834578497,FIELD_IDENTIFIER,2,,,log,log,14,31,,,2
55834578498,FIELD_IDENTIFIER,2,,,getProjectMilestones,getProjectMilestones,60,32,,,2
55834578499,FIELD_IDENTIFIER,2,,,log,log,14,33,,,2
55834578500,FIELD_IDENTIFIER,2,,,length,length,57,34,,,2
55834578501,FIELD_IDENTIFIER,2,,,length,length,27,37,,,2
55834578502,FIELD_IDENTIFIER,2,,,max_issues,max_issues,10,39,,,2
55834578503,FIELD_IDENTIFIER,2,,,min_issues,min_issues,10,40,,,2
55834578504,FIELD_IDENTIFIER,2,,,avg_issues,avg_issues,10,41,,,2
55834578505,FIELD_IDENTIFIER,2,,,total_milestones,total_milestones,10,42,,,2
55834578506,FIELD_IDENTIFIER,2,,,milestone_with_max_issues,milestone_with_max_issues,10,43,,,2
55834578507,FIELD_IDENTIFIER,2,,,milestone_with_min_issues,milestone_with_min_issues,10,44,,,2
55834578508,FIELD_IDENTIFIER,2,,,saveMetrics,saveMetrics,40,48,,,2
55834578509,FIELD_IDENTIFIER,2,,,log,log,14,54,,,2
55834578510,FIELD_IDENTIFIER,2,,,fetchIssueCounts,fetchIssueCounts,46,55,,,2
55834578511,FIELD_IDENTIFIER,2,,,log,log,14,58,,,2
55834578512,FIELD_IDENTIFIER,2,,,calculateMetrics,calculateMetrics,43,60,,,2
55834578513,FIELD_IDENTIFIER,2,,,log,log,14,63,,,2
55834578514,FIELD_IDENTIFIER,2,,,saveMetrics,saveMetrics,38,64,,,2
55834578515,FIELD_IDENTIFIER,2,,,log,log,14,66,,,2
55834578516,FIELD_IDENTIFIER,2,,,error,error,14,69,,,2
55834578517,FIELD_IDENTIFIER,2,,,get,get,42,90,,,2
55834578518,FIELD_IDENTIFIER,2,,,id,id,61,91,,,2
55834578519,FIELD_IDENTIFIER,2,,,params,params,16,93,,,2
55834578520,FIELD_IDENTIFIER,2,,,per_page,per_page,18,94,,,2
55834578521,FIELD_IDENTIFIER,2,,,page,page,18,95,,,2
55834578522,FIELD_IDENTIFIER,2,,,data,data,36,100,,,2
55834578523,FIELD_IDENTIFIER,2,,,concat,concat,34,101,,,2
55834578524,FIELD_IDENTIFIER,2,,,length,length,29,104,,,2
55834578525,FIELD_IDENTIFIER,2,,,log,log,18,108,,,2
55834578526,FIELD_IDENTIFIER,2,,,title,title,59,109,,,2
55834578527,FIELD_IDENTIFIER,2,,,id,id,84,109,,,2
55834578528,FIELD_IDENTIFIER,2,,,length,length,105,109,,,2
55834578529,FIELD_IDENTIFIER,2,,,id,id,12,113,,,2
55834578530,FIELD_IDENTIFIER,2,,,id,id,26,113,,,2
55834578531,FIELD_IDENTIFIER,2,,,title,title,12,114,,,2
55834578532,FIELD_IDENTIFIER,2,,,title,title,29,114,,,2
55834578533,FIELD_IDENTIFIER,2,,,issue_count,issue_count,12,115,,,2
55834578534,FIELD_IDENTIFIER,2,,,length,length,35,115,,,2
55834578535,FIELD_IDENTIFIER,2,,,due_date,due_date,12,116,,,2
55834578536,FIELD_IDENTIFIER,2,,,due_date,due_date,32,116,,,2
55834578537,FIELD_IDENTIFIER,2,,,error,error,18,119,,,2
55834578538,FIELD_IDENTIFIER,2,,,id,id,89,120,,,2
55834578539,FIELD_IDENTIFIER,2,,,id,id,12,124,,,2
55834578540,FIELD_IDENTIFIER,2,,,id,id,26,124,,,2
55834578541,FIELD_IDENTIFIER,2,,,title,title,12,125,,,2
55834578542,FIELD_IDENTIFIER,2,,,title,title,29,125,,,2
55834578543,FIELD_IDENTIFIER,2,,,issue_count,issue_count,12,126,,,2
55834578544,FIELD_IDENTIFIER,2,,,due_date,due_date,12,127,,,2
55834578545,FIELD_IDENTIFIER,2,,,due_date,due_date,32,127,,,2
55834578546,FIELD_IDENTIFIER,2,,,getClient,getClient,32,78,,,2
55834578547,FIELD_IDENTIFIER,2,,,map,map,17,81,,,2
55834578548,FIELD_IDENTIFIER,2,,,MilestoneMetrics,MilestoneMetrics,0,8,,,2
55834578549,FIELD_IDENTIFIER,2,,,length,length,47,30,,,2
55834578550,FIELD_IDENTIFIER,2,,,length,length,49,31,,,2
55834578551,FIELD_IDENTIFIER,2,,,calculateMergeTime,calculateMergeTime,33,34,,,2
55834578552,FIELD_IDENTIFIER,2,,,calculateAvgComments,calculateAvgComments,32,37,,,2
55834578553,FIELD_IDENTIFIER,2,,,totalComments,totalComments,19,38,,,2
55834578554,FIELD_IDENTIFIER,2,,,checked,checked,19,39,,,2
55834578555,FIELD_IDENTIFIER,2,,,calculateRevertRate,calculateRevertRate,30,43,,,2
55834578556,FIELD_IDENTIFIER,2,,,reverted,reverted,17,44,,,2
55834578557,FIELD_IDENTIFIER,2,,,checked,checked,17,45,,,2
55834578558,FIELD_IDENTIFIER,2,,,length,length,47,51,,,2
55834578559,FIELD_IDENTIFIER,2,,,length,length,49,52,,,2
55834578560,FIELD_IDENTIFIER,2,,,calculateStaleMRs,calculateStaleMRs,29,56,,,2
55834578561,FIELD_IDENTIFIER,2,,,calculateAvgReviewers,calculateAvgReviewers,33,59,,,2
55834578562,FIELD_IDENTIFIER,2,,,totalReviewers,totalReviewers,20,60,,,2
55834578563,FIELD_IDENTIFIER,2,,,checked,checked,20,61,,,2
55834578564,FIELD_IDENTIFIER,2,,,calculateClosureRate,calculateClosureRate,29,65,,,2
55834578565,FIELD_IDENTIFIER,2,,,getMergeVelocityAlertLevel,getMergeVelocityAlertLevel,44,71,,,2
55834578566,FIELD_IDENTIFIER,2,,,getMergeTimeAlertLevel,getMergeTimeAlertLevel,40,72,,,2
55834578567,FIELD_IDENTIFIER,2,,,avg_merge_time_days,avg_merge_time_days,22,73,,,2
55834578568,FIELD_IDENTIFIER,2,,,getRevertRateAlertLevel,getRevertRateAlertLevel,41,75,,,2
55834578569,FIELD_IDENTIFIER,2,,,revert_rate_percent,revert_rate_percent,19,76,,,2
55834578570,FIELD_IDENTIFIER,2,,,getStaleMRsAlertLevel,getStaleMRsAlertLevel,39,78,,,2
55834578571,FIELD_IDENTIFIER,2,,,stale_mrs_count,stale_mrs_count,18,79,,,2
55834578572,FIELD_IDENTIFIER,2,,,total_open_mrs,total_open_mrs,6,84,,,2
55834578573,FIELD_IDENTIFIER,2,,,total_merged_mrs,total_merged_mrs,6,85,,,2
55834578574,FIELD_IDENTIFIER,2,,,mrs_merged_last_7d,mrs_merged_last_7d,6,88,,,2
55834578575,FIELD_IDENTIFIER,2,,,mrs_merged_last_30d,mrs_merged_last_30d,6,89,,,2
55834578576,FIELD_IDENTIFIER,2,,,total_merge_time_hours,total_merge_time_hours,6,90,,,2
55834578577,FIELD_IDENTIFIER,2,,,total_merge_time_hours,total_merge_time_hours,46,90,,,2
55834578578,FIELD_IDENTIFIER,2,,,mrs_with_merge_time,mrs_with_merge_time,6,91,,,2
55834578579,FIELD_IDENTIFIER,2,,,mrs_with_merge_time,mrs_with_merge_time,43,91,,,2
55834578580,FIELD_IDENTIFIER,2,,,avg_merge_time_hours,avg_merge_time_hours,6,92,,,2
55834578581,FIELD_IDENTIFIER,2,,,avg_merge_time_hours,avg_merge_time_hours,44,92,,,2
55834578582,FIELD_IDENTIFIER,2,,,avg_merge_time_days,avg_merge_time_days,6,93,,,2
55834578583,FIELD_IDENTIFIER,2,,,avg_merge_time_days,avg_merge_time_days,43,93,,,2
55834578584,FIELD_IDENTIFIER,2,,,total_review_comments,total_review_comments,6,94,,,2
55834578585,FIELD_IDENTIFIER,2,,,total_review_comments,total_review_comments,44,94,,,2
55834578586,FIELD_IDENTIFIER,2,,,mrs_checked_for_comments,mrs_checked_for_comments,6,95,,,2
55834578587,FIELD_IDENTIFIER,2,,,mrs_checked_for_comments,mrs_checked_for_comments,47,95,,,2
55834578588,FIELD_IDENTIFIER,2,,,avg_review_comments_per_mr,avg_review_comments_per_mr,6,96,,,2
55834578589,FIELD_IDENTIFIER,2,,,avg_review_comments_per_mr,avg_review_comments_per_mr,49,96,,,2
55834578590,FIELD_IDENTIFIER,2,,,reverted_mrs_count,reverted_mrs_count,6,97,,,2
55834578591,FIELD_IDENTIFIER,2,,,reverted_mrs_count,reverted_mrs_count,39,97,,,2
55834578592,FIELD_IDENTIFIER,2,,,mrs_checked_for_reverts,mrs_checked_for_reverts,6,98,,,2
55834578593,FIELD_IDENTIFIER,2,,,mrs_checked_for_reverts,mrs_checked_for_reverts,44,98,,,2
55834578594,FIELD_IDENTIFIER,2,,,revert_rate_percent,revert_rate_percent,6,99,,,2
55834578595,FIELD_IDENTIFIER,2,,,revert_rate_percent,revert_rate_percent,40,99,,,2
55834578596,FIELD_IDENTIFIER,2,,,mrs_opened_last_7d,mrs_opened_last_7d,6,102,,,2
55834578597,FIELD_IDENTIFIER,2,,,mrs_opened_last_30d,mrs_opened_last_30d,6,103,,,2
55834578598,FIELD_IDENTIFIER,2,,,net_mr_change_7d,net_mr_change_7d,6,104,,,2
55834578599,FIELD_IDENTIFIER,2,,,stale_mrs_count,stale_mrs_count,6,105,,,2
55834578600,FIELD_IDENTIFIER,2,,,stale_mrs_count,stale_mrs_count,35,105,,,2
55834578601,FIELD_IDENTIFIER,2,,,stale_mrs_percent,stale_mrs_percent,6,106,,,2
55834578602,FIELD_IDENTIFIER,2,,,stale_mrs_percent,stale_mrs_percent,37,106,,,2
55834578603,FIELD_IDENTIFIER,2,,,total_reviewers_count,total_reviewers_count,6,107,,,2
55834578604,FIELD_IDENTIFIER,2,,,total_reviewers_count,total_reviewers_count,45,107,,,2
55834578605,FIELD_IDENTIFIER,2,,,mrs_checked_for_reviewers,mrs_checked_for_reviewers,6,108,,,2
55834578606,FIELD_IDENTIFIER,2,,,mrs_checked_for_reviewers,mrs_checked_for_reviewers,49,108,,,2
55834578607,FIELD_IDENTIFIER,2,,,avg_reviewers_per_mr,avg_reviewers_per_mr,6,109,,,2
55834578608,FIELD_IDENTIFIER,2,,,avg_reviewers_per_mr,avg_reviewers_per_mr,44,109,,,2
55834578609,FIELD_IDENTIFIER,2,,,closure_rate_percent,closure_rate_percent,6,112,,,2
55834578610,FIELD_IDENTIFIER,2,,,merge_velocity_alert_level,merge_velocity_alert_level,6,115,,,2
55834578611,FIELD_IDENTIFIER,2,,,merge_time_alert_level,merge_time_alert_level,6,116,,,2
55834578612,FIELD_IDENTIFIER,2,,,revert_rate_alert_level,revert_rate_alert_level,6,117,,,2
55834578613,FIELD_IDENTIFIER,2,,,stale_mrs_alert_level,stale_mrs_alert_level,6,118,,,2
55834578614,FIELD_IDENTIFIER,2,,,created_at,created_at,13,130,,,2
55834578615,FIELD_IDENTIFIER,2,,,merged_at,merged_at,30,130,,,2
55834578616,FIELD_IDENTIFIER,2,,,merged_at,merged_at,22,132,,,2
55834578617,FIELD_IDENTIFIER,2,,,getTime,getTime,33,132,,,2
55834578618,FIELD_IDENTIFIER,2,,,created_at,created_at,57,132,,,2
55834578619,FIELD_IDENTIFIER,2,,,getTime,getTime,69,132,,,2
55834578620,FIELD_IDENTIFIER,2,,,forEach,forEach,14,129,,,2
55834578621,FIELD_IDENTIFIER,2,,,total_merge_time_hours,total_merge_time_hours,6,143,,,2
55834578622,FIELD_IDENTIFIER,2,,,toFixed,toFixed,64,143,,,2
55834578623,FIELD_IDENTIFIER,2,,,mrs_with_merge_time,mrs_with_merge_time,6,144,,,2
55834578624,FIELD_IDENTIFIER,2,,,avg_merge_time_hours,avg_merge_time_hours,6,145,,,2
55834578625,FIELD_IDENTIFIER,2,,,toFixed,toFixed,60,145,,,2
55834578626,FIELD_IDENTIFIER,2,,,avg_merge_time_days,avg_merge_time_days,6,146,,,2
55834578627,FIELD_IDENTIFIER,2,,,toFixed,toFixed,58,146,,,2
55834578628,FIELD_IDENTIFIER,2,,,total_review_comments,total_review_comments,6,157,,,2
55834578629,FIELD_IDENTIFIER,2,,,mrs_checked_for_comments,mrs_checked_for_comments,6,158,,,2
55834578630,FIELD_IDENTIFIER,2,,,avg_review_comments_per_mr,avg_review_comments_per_mr,6,159,,,2
55834578631,FIELD_IDENTIFIER,2,,,toFixed,toFixed,72,159,,,2
55834578632,FIELD_IDENTIFIER,2,,,reverted_mrs_count,reverted_mrs_count,6,170,,,2
55834578633,FIELD_IDENTIFIER,2,,,mrs_checked_for_reverts,mrs_checked_for_reverts,6,171,,,2
55834578634,FIELD_IDENTIFIER,2,,,revert_rate_percent,revert_rate_percent,6,172,,,2
55834578635,FIELD_IDENTIFIER,2,,,toFixed,toFixed,58,172,,,2
55834578636,FIELD_IDENTIFIER,2,,,updated_at,updated_at,13,186,,,2
55834578637,FIELD_IDENTIFIER,2,,,updated_at,updated_at,41,187,,,2
55834578638,FIELD_IDENTIFIER,2,,,setDate,setDate,20,181,,,2
55834578639,FIELD_IDENTIFIER,2,,,getDate,getDate,44,181,,,2
55834578640,FIELD_IDENTIFIER,2,,,forEach,forEach,12,185,,,2
55834578641,FIELD_IDENTIFIER,2,,,length,length,14,195,,,2
55834578642,FIELD_IDENTIFIER,2,,,length,length,54,195,,,2
55834578643,FIELD_IDENTIFIER,2,,,stale_mrs_count,stale_mrs_count,6,198,,,2
55834578644,FIELD_IDENTIFIER,2,,,stale_mrs_percent,stale_mrs_percent,6,199,,,2
55834578645,FIELD_IDENTIFIER,2,,,toFixed,toFixed,54,199,,,2
55834578646,FIELD_IDENTIFIER,2,,,total_reviewers_count,total_reviewers_count,6,210,,,2
55834578647,FIELD_IDENTIFIER,2,,,mrs_checked_for_reviewers,mrs_checked_for_reviewers,6,211,,,2
55834578648,FIELD_IDENTIFIER,2,,,avg_reviewers_per_mr,avg_reviewers_per_mr,6,212,,,2
55834578649,FIELD_IDENTIFIER,2,,,toFixed,toFixed,60,212,,,2
55834578650,FIELD_IDENTIFIER,2,,,toFixed,toFixed,27,255,,,2
55834578651,FIELD_IDENTIFIER,2,,,GitLabMergeRequest,GitLabMergeRequest,0,5,,,2
55834578652,FIELD_IDENTIFIER,2,,,GitLabMRNote,GitLabMRNote,0,6,,,2
55834578653,FIELD_IDENTIFIER,2,,,push,push,8,65,,,2
55834578654,FIELD_IDENTIFIER,2,,,push,push,8,66,,,2
55834578655,FIELD_IDENTIFIER,2,,,total_open_mrs,total_open_mrs,16,66,,,2
55834578656,FIELD_IDENTIFIER,2,,,push,push,8,67,,,2
55834578657,FIELD_IDENTIFIER,2,,,total_merged_mrs,total_merged_mrs,16,67,,,2
55834578658,FIELD_IDENTIFIER,2,,,push,push,8,68,,,2
55834578659,FIELD_IDENTIFIER,2,,,mrs_merged_last_7d,mrs_merged_last_7d,16,68,,,2
55834578660,FIELD_IDENTIFIER,2,,,push,push,8,69,,,2
55834578661,FIELD_IDENTIFIER,2,,,mrs_merged_last_30d,mrs_merged_last_30d,16,69,,,2
55834578662,FIELD_IDENTIFIER,2,,,push,push,8,70,,,2
55834578663,FIELD_IDENTIFIER,2,,,total_merge_time_hours,total_merge_time_hours,16,70,,,2
55834578664,FIELD_IDENTIFIER,2,,,push,push,8,71,,,2
55834578665,FIELD_IDENTIFIER,2,,,mrs_with_merge_time,mrs_with_merge_time,16,71,,,2
55834578666,FIELD_IDENTIFIER,2,,,push,push,8,72,,,2
55834578667,FIELD_IDENTIFIER,2,,,avg_merge_time_hours,avg_merge_time_hours,16,72,,,2
55834578668,FIELD_IDENTIFIER,2,,,push,push,8,73,,,2
55834578669,FIELD_IDENTIFIER,2,,,avg_merge_time_days,avg_merge_time_days,16,73,,,2
55834578670,FIELD_IDENTIFIER,2,,,push,push,8,74,,,2
55834578671,FIELD_IDENTIFIER,2,,,total_review_comments,total_review_comments,16,74,,,2
55834578672,FIELD_IDENTIFIER,2,,,push,push,8,75,,,2
55834578673,FIELD_IDENTIFIER,2,,,mrs_checked_for_comments,mrs_checked_for_comments,16,75,,,2
55834578674,FIELD_IDENTIFIER,2,,,push,push,8,76,,,2
55834578675,FIELD_IDENTIFIER,2,,,avg_review_comments_per_mr,avg_review_comments_per_mr,16,76,,,2
55834578676,FIELD_IDENTIFIER,2,,,push,push,8,77,,,2
55834578677,FIELD_IDENTIFIER,2,,,reverted_mrs_count,reverted_mrs_count,16,77,,,2
55834578678,FIELD_IDENTIFIER,2,,,push,push,8,78,,,2
55834578679,FIELD_IDENTIFIER,2,,,mrs_checked_for_reverts,mrs_checked_for_reverts,16,78,,,2
55834578680,FIELD_IDENTIFIER,2,,,push,push,8,79,,,2
55834578681,FIELD_IDENTIFIER,2,,,revert_rate_percent,revert_rate_percent,16,79,,,2
55834578682,FIELD_IDENTIFIER,2,,,push,push,8,80,,,2
55834578683,FIELD_IDENTIFIER,2,,,mrs_opened_last_7d,mrs_opened_last_7d,16,80,,,2
55834578684,FIELD_IDENTIFIER,2,,,push,push,8,81,,,2
55834578685,FIELD_IDENTIFIER,2,,,mrs_opened_last_30d,mrs_opened_last_30d,16,81,,,2
55834578686,FIELD_IDENTIFIER,2,,,push,push,8,82,,,2
55834578687,FIELD_IDENTIFIER,2,,,net_mr_change_7d,net_mr_change_7d,16,82,,,2
55834578688,FIELD_IDENTIFIER,2,,,push,push,8,83,,,2
55834578689,FIELD_IDENTIFIER,2,,,stale_mrs_count,stale_mrs_count,16,83,,,2
55834578690,FIELD_IDENTIFIER,2,,,push,push,8,84,,,2
55834578691,FIELD_IDENTIFIER,2,,,stale_mrs_percent,stale_mrs_percent,16,84,,,2
55834578692,FIELD_IDENTIFIER,2,,,push,push,8,85,,,2
55834578693,FIELD_IDENTIFIER,2,,,total_reviewers_count,total_reviewers_count,16,85,,,2
55834578694,FIELD_IDENTIFIER,2,,,push,push,8,86,,,2
55834578695,FIELD_IDENTIFIER,2,,,mrs_checked_for_reviewers,mrs_checked_for_reviewers,16,86,,,2
55834578696,FIELD_IDENTIFIER,2,,,push,push,8,87,,,2
55834578697,FIELD_IDENTIFIER,2,,,avg_reviewers_per_mr,avg_reviewers_per_mr,16,87,,,2
55834578698,FIELD_IDENTIFIER,2,,,push,push,8,88,,,2
55834578699,FIELD_IDENTIFIER,2,,,closure_rate_percent,closure_rate_percent,16,88,,,2
55834578700,FIELD_IDENTIFIER,2,,,push,push,8,89,,,2
55834578701,FIELD_IDENTIFIER,2,,,merge_velocity_alert_level,merge_velocity_alert_level,16,89,,,2
55834578702,FIELD_IDENTIFIER,2,,,push,push,8,90,,,2
55834578703,FIELD_IDENTIFIER,2,,,merge_time_alert_level,merge_time_alert_level,16,90,,,2
55834578704,FIELD_IDENTIFIER,2,,,push,push,8,91,,,2
55834578705,FIELD_IDENTIFIER,2,,,revert_rate_alert_level,revert_rate_alert_level,16,91,,,2
55834578706,FIELD_IDENTIFIER,2,,,push,push,8,92,,,2
55834578707,FIELD_IDENTIFIER,2,,,stale_mrs_alert_level,stale_mrs_alert_level,16,92,,,2
55834578708,FIELD_IDENTIFIER,2,,,query,query,37,95,,,2
55834578709,FIELD_IDENTIFIER,2,,,log,log,14,96,,,2
55834578710,FIELD_IDENTIFIER,2,,,rows,rows,20,97,,,2
55834578711,FIELD_IDENTIFIER,2,,,error,error,14,99,,,2
55834578712,FIELD_IDENTIFIER,2,,,getMetrics,getMetrics,40,110,,,2
55834578713,FIELD_IDENTIFIER,2,,,avg_merge_time_days,avg_merge_time_days,8,117,,,2
55834578714,FIELD_IDENTIFIER,2,,,avg_merge_time_days,avg_merge_time_days,44,117,,,2
55834578715,FIELD_IDENTIFIER,2,,,revert_rate_percent,revert_rate_percent,8,118,,,2
55834578716,FIELD_IDENTIFIER,2,,,revert_rate_percent,revert_rate_percent,44,118,,,2
55834578717,FIELD_IDENTIFIER,2,,,mrs_merged_last_7d,mrs_merged_last_7d,8,119,,,2
55834578718,FIELD_IDENTIFIER,2,,,mrs_merged_last_7d,mrs_merged_last_7d,43,119,,,2
55834578719,FIELD_IDENTIFIER,2,,,avg_review_comments_per_mr,avg_review_comments_per_mr,8,120,,,2
55834578720,FIELD_IDENTIFIER,2,,,avg_review_comments_per_mr,avg_review_comments_per_mr,51,120,,,2
55834578721,FIELD_IDENTIFIER,2,,,push,push,8,149,,,2
55834578722,FIELD_IDENTIFIER,2,,,push,push,8,150,,,2
55834578723,FIELD_IDENTIFIER,2,,,total_open_mrs,total_open_mrs,23,150,,,2
55834578724,FIELD_IDENTIFIER,2,,,push,push,8,151,,,2
55834578725,FIELD_IDENTIFIER,2,,,total_merged_mrs,total_merged_mrs,23,151,,,2
55834578726,FIELD_IDENTIFIER,2,,,push,push,8,152,,,2
55834578727,FIELD_IDENTIFIER,2,,,mrs_merged_last_7d,mrs_merged_last_7d,23,152,,,2
55834578728,FIELD_IDENTIFIER,2,,,push,push,8,153,,,2
55834578729,FIELD_IDENTIFIER,2,,,avg_merge_time_days,avg_merge_time_days,23,153,,,2
55834578730,FIELD_IDENTIFIER,2,,,push,push,8,154,,,2
55834578731,FIELD_IDENTIFIER,2,,,avg_review_comments_per_mr,avg_review_comments_per_mr,23,154,,,2
55834578732,FIELD_IDENTIFIER,2,,,push,push,8,155,,,2
55834578733,FIELD_IDENTIFIER,2,,,revert_rate_percent,revert_rate_percent,23,155,,,2
55834578734,FIELD_IDENTIFIER,2,,,push,push,8,156,,,2
55834578735,FIELD_IDENTIFIER,2,,,stale_mrs_count,stale_mrs_count,23,156,,,2
55834578736,FIELD_IDENTIFIER,2,,,push,push,8,157,,,2
55834578737,FIELD_IDENTIFIER,2,,,avg_reviewers_per_mr,avg_reviewers_per_mr,23,157,,,2
55834578738,FIELD_IDENTIFIER,2,,,push,push,8,158,,,2
55834578739,FIELD_IDENTIFIER,2,,,closure_rate_percent,closure_rate_percent,23,158,,,2
55834578740,FIELD_IDENTIFIER,2,,,push,push,8,159,,,2
55834578741,FIELD_IDENTIFIER,2,,,mrs_merged_last_30d,mrs_merged_last_30d,23,159,,,2
55834578742,FIELD_IDENTIFIER,2,,,push,push,8,160,,,2
55834578743,FIELD_IDENTIFIER,2,,,mrs_opened_last_30d,mrs_opened_last_30d,23,160,,,2
55834578744,FIELD_IDENTIFIER,2,,,push,push,8,161,,,2
55834578745,FIELD_IDENTIFIER,2,,,query,query,37,164,,,2
55834578746,FIELD_IDENTIFIER,2,,,log,log,14,165,,,2
55834578747,FIELD_IDENTIFIER,2,,,rows,rows,20,166,,,2
55834578748,FIELD_IDENTIFIER,2,,,error,error,14,168,,,2
55834578749,FIELD_IDENTIFIER,2,,,query,query,37,185,,,2
55834578750,FIELD_IDENTIFIER,2,,,push,push,51,185,,,2
55834578751,FIELD_IDENTIFIER,2,,,rows,rows,20,186,,,2
55834578752,FIELD_IDENTIFIER,2,,,error,error,14,188,,,2
55834578753,FIELD_IDENTIFIER,2,,,query,query,37,208,,,2
55834578754,FIELD_IDENTIFIER,2,,,push,push,51,208,,,2
55834578755,FIELD_IDENTIFIER,2,,,rows,rows,20,209,,,2
55834578756,FIELD_IDENTIFIER,2,,,error,error,14,211,,,2
55834578757,FIELD_IDENTIFIER,2,,,getMetrics,getMetrics,33,222,,,2
55834578758,FIELD_IDENTIFIER,2,,,query,query,37,236,,,2
55834578759,FIELD_IDENTIFIER,2,,,push,push,51,236,,,2
55834578760,FIELD_IDENTIFIER,2,,,rows,rows,30,237,,,2
55834578761,FIELD_IDENTIFIER,2,,,hasComparison,hasComparison,10,241,,,2
55834578762,FIELD_IDENTIFIER,2,,,merge_velocity_change,merge_velocity_change,10,242,,,2
55834578763,FIELD_IDENTIFIER,2,,,merge_time_change,merge_time_change,10,243,,,2
55834578764,FIELD_IDENTIFIER,2,,,revert_rate_change,revert_rate_change,10,244,,,2
55834578765,FIELD_IDENTIFIER,2,,,stale_mrs_change,stale_mrs_change,10,245,,,2
55834578766,FIELD_IDENTIFIER,2,,,hasComparison,hasComparison,8,250,,,2
55834578767,FIELD_IDENTIFIER,2,,,merge_velocity_change,merge_velocity_change,8,251,,,2
55834578768,FIELD_IDENTIFIER,2,,,calculateChange,calculateChange,36,251,,,2
55834578769,FIELD_IDENTIFIER,2,,,mrs_merged_last_7d,mrs_merged_last_7d,18,252,,,2
55834578770,FIELD_IDENTIFIER,2,,,mrs_merged_last_7d,mrs_merged_last_7d,19,253,,,2
55834578771,FIELD_IDENTIFIER,2,,,merge_time_change,merge_time_change,8,255,,,2
55834578772,FIELD_IDENTIFIER,2,,,calculateChange,calculateChange,32,255,,,2
55834578773,FIELD_IDENTIFIER,2,,,avg_merge_time_days,avg_merge_time_days,18,256,,,2
55834578774,FIELD_IDENTIFIER,2,,,avg_merge_time_days,avg_merge_time_days,19,257,,,2
55834578775,FIELD_IDENTIFIER,2,,,revert_rate_change,revert_rate_change,8,259,,,2
55834578776,FIELD_IDENTIFIER,2,,,calculateChange,calculateChange,33,259,,,2
55834578777,FIELD_IDENTIFIER,2,,,revert_rate_percent,revert_rate_percent,18,260,,,2
55834578778,FIELD_IDENTIFIER,2,,,revert_rate_percent,revert_rate_percent,19,261,,,2
55834578779,FIELD_IDENTIFIER,2,,,stale_mrs_change,stale_mrs_change,8,263,,,2
55834578780,FIELD_IDENTIFIER,2,,,calculateChange,calculateChange,31,263,,,2
55834578781,FIELD_IDENTIFIER,2,,,stale_mrs_count,stale_mrs_count,18,264,,,2
55834578782,FIELD_IDENTIFIER,2,,,stale_mrs_count,stale_mrs_count,19,265,,,2
55834578783,FIELD_IDENTIFIER,2,,,error,error,14,269,,,2
55834578784,FIELD_IDENTIFIER,2,,,toFixed,toFixed,64,279,,,2
55834578785,FIELD_IDENTIFIER,2,,,query,query,37,293,,,2
55834578786,FIELD_IDENTIFIER,2,,,push,push,51,293,,,2
55834578787,FIELD_IDENTIFIER,2,,,rows,rows,20,294,,,2
55834578788,FIELD_IDENTIFIER,2,,,error,error,14,296,,,2
55834578789,FIELD_IDENTIFIER,2,,,query,query,22,306,,,2
55834578790,FIELD_IDENTIFIER,2,,,push,push,8,307,,,2
55834578791,FIELD_IDENTIFIER,2,,,log,log,14,309,,,2
55834578792,FIELD_IDENTIFIER,2,,,error,error,14,311,,,2
55834578793,FIELD_IDENTIFIER,2,,,getPool,getPool,0,5,,,2
55834578794,FIELD_IDENTIFIER,2,,,MRHealthMetrics,MRHealthMetrics,0,6,,,2
55834578795,FIELD_IDENTIFIER,2,,,MRMetricsHistory,MRMetricsHistory,0,6,,,2
55834578796,FIELD_IDENTIFIER,2,,,MRWeekOverWeekComparison,MRWeekOverWeekComparison,0,6,,,2
55834578797,FIELD_IDENTIFIER,2,,,calculateMRHealthScore,calculateMRHealthScore,0,11,,,2
55834578798,FIELD_IDENTIFIER,2,,,log,log,12,16,,,2
55834578799,FIELD_IDENTIFIER,2,,,log,log,14,20,,,2
55834578800,FIELD_IDENTIFIER,2,,,fetchGitLabData,fetchGitLabData,30,21,,,2
55834578801,FIELD_IDENTIFIER,2,,,log,log,14,22,,,2
55834578802,FIELD_IDENTIFIER,2,,,log,log,14,25,,,2
55834578803,FIELD_IDENTIFIER,2,,,calculateMetrics,calculateMetrics,60,26,,,2
55834578804,FIELD_IDENTIFIER,2,,,openMRs,openMRs,13,28,,,2
55834578805,FIELD_IDENTIFIER,2,,,mergedMRsLast7d,mergedMRsLast7d,13,29,,,2
55834578806,FIELD_IDENTIFIER,2,,,mergedMRsLast30d,mergedMRsLast30d,13,30,,,2
55834578807,FIELD_IDENTIFIER,2,,,allRecentMergedMRs,allRecentMergedMRs,13,31,,,2
55834578808,FIELD_IDENTIFIER,2,,,openedMRsLast7d,openedMRsLast7d,13,32,,,2
55834578809,FIELD_IDENTIFIER,2,,,openedMRsLast30d,openedMRsLast30d,13,33,,,2
55834578810,FIELD_IDENTIFIER,2,,,totalOpenCount,totalOpenCount,13,34,,,2
55834578811,FIELD_IDENTIFIER,2,,,totalMergedCount,totalMergedCount,13,35,,,2
55834578812,FIELD_IDENTIFIER,2,,,commentsData,commentsData,13,36,,,2
55834578813,FIELD_IDENTIFIER,2,,,revertData,revertData,13,37,,,2
55834578814,FIELD_IDENTIFIER,2,,,reviewersData,reviewersData,13,38,,,2
55834578815,FIELD_IDENTIFIER,2,,,log,log,14,42,,,2
55834578816,FIELD_IDENTIFIER,2,,,saveMetrics,saveMetrics,52,43,,,2
55834578817,FIELD_IDENTIFIER,2,,,log,log,14,49,,,2
55834578818,FIELD_IDENTIFIER,2,,,saveHistoricalSnapshot,saveHistoricalSnapshot,31,50,,,2
55834578819,FIELD_IDENTIFIER,2,,,log,log,14,52,,,2
55834578820,FIELD_IDENTIFIER,2,,,error,error,14,56,,,2
55834578821,FIELD_IDENTIFIER,2,,,setDate,setDate,17,66,,,2
55834578822,FIELD_IDENTIFIER,2,,,getDate,getDate,38,66,,,2
55834578823,FIELD_IDENTIFIER,2,,,toISOString,toISOString,41,67,,,2
55834578824,FIELD_IDENTIFIER,2,,,setDate,setDate,18,70,,,2
55834578825,FIELD_IDENTIFIER,2,,,getDate,getDate,40,70,,,2
55834578826,FIELD_IDENTIFIER,2,,,toISOString,toISOString,43,71,,,2
55834578827,FIELD_IDENTIFIER,2,,,log,log,12,73,,,2
55834578828,FIELD_IDENTIFIER,2,,,getMRCount,getMRCount,51,76,,,2
55834578829,FIELD_IDENTIFIER,2,,,getMRCount,getMRCount,49,77,,,2
55834578830,FIELD_IDENTIFIER,2,,,log,log,12,79,,,2
55834578831,FIELD_IDENTIFIER,2,,,log,log,12,86,,,2
55834578832,FIELD_IDENTIFIER,2,,,push,push,6,97,,,2
55834578833,FIELD_IDENTIFIER,2,,,getOpenMRs,getOpenMRs,22,97,,,2
55834578834,FIELD_IDENTIFIER,2,,,push,push,6,100,,,2
55834578835,FIELD_IDENTIFIER,2,,,getMergedMRs,getMergedMRs,22,100,,,2
55834578836,FIELD_IDENTIFIER,2,,,push,push,6,103,,,2
55834578837,FIELD_IDENTIFIER,2,,,getMergedMRs,getMergedMRs,22,103,,,2
55834578838,FIELD_IDENTIFIER,2,,,push,push,6,106,,,2
55834578839,FIELD_IDENTIFIER,2,,,getMergedMRs,getMergedMRs,22,106,,,2
55834578840,FIELD_IDENTIFIER,2,,,push,push,6,109,,,2
55834578841,FIELD_IDENTIFIER,2,,,getOpenedMRs,getOpenedMRs,22,109,,,2
55834578842,FIELD_IDENTIFIER,2,,,push,push,6,112,,,2
55834578843,FIELD_IDENTIFIER,2,,,getOpenedMRs,getOpenedMRs,22,112,,,2
55834578844,FIELD_IDENTIFIER,2,,,log,log,12,115,,,2
55834578845,FIELD_IDENTIFIER,2,,,length,length,52,115,,,2
55834578846,FIELD_IDENTIFIER,2,,,length,length,84,115,,,2
55834578847,FIELD_IDENTIFIER,2,,,length,length,123,115,,,2
55834578848,FIELD_IDENTIFIER,2,,,log,log,12,117,,,2
55834578849,FIELD_IDENTIFIER,2,,,calculateReviewComments,calculateReviewComments,36,120,,,2
55834578850,FIELD_IDENTIFIER,2,,,slice,slice,88,120,,,2
55834578851,FIELD_IDENTIFIER,2,,,log,log,12,122,,,2
55834578852,FIELD_IDENTIFIER,2,,,calculateRevertRateFromData,calculateRevertRateFromData,28,125,,,2
55834578853,FIELD_IDENTIFIER,2,,,slice,slice,73,125,,,2
55834578854,FIELD_IDENTIFIER,2,,,log,log,12,127,,,2
55834578855,FIELD_IDENTIFIER,2,,,calculateAvgReviewersFromData,calculateAvgReviewersFromData,31,130,,,2
55834578856,FIELD_IDENTIFIER,2,,,slice,slice,78,130,,,2
55834578857,FIELD_IDENTIFIER,2,,,openMRs,openMRs,6,133,,,2
55834578858,FIELD_IDENTIFIER,2,,,mergedMRsLast7d,mergedMRsLast7d,6,134,,,2
55834578859,FIELD_IDENTIFIER,2,,,mergedMRsLast30d,mergedMRsLast30d,6,135,,,2
55834578860,FIELD_IDENTIFIER,2,,,allRecentMergedMRs,allRecentMergedMRs,6,136,,,2
55834578861,FIELD_IDENTIFIER,2,,,openedMRsLast7d,openedMRsLast7d,6,137,,,2
55834578862,FIELD_IDENTIFIER,2,,,openedMRsLast30d,openedMRsLast30d,6,138,,,2
55834578863,FIELD_IDENTIFIER,2,,,totalOpenCount,totalOpenCount,6,139,,,2
55834578864,FIELD_IDENTIFIER,2,,,totalMergedCount,totalMergedCount,6,140,,,2
55834578865,FIELD_IDENTIFIER,2,,,commentsData,commentsData,6,141,,,2
55834578866,FIELD_IDENTIFIER,2,,,revertData,revertData,6,142,,,2
55834578867,FIELD_IDENTIFIER,2,,,reviewersData,reviewersData,6,143,,,2
55834578868,FIELD_IDENTIFIER,2,,,next,next,4,155,,,2
55834578869,FIELD_IDENTIFIER,2,,,system,system,65,160,,,2
55834578870,FIELD_IDENTIFIER,2,,,length,length,41,152,,,2
55834578871,FIELD_IDENTIFIER,2,,,done,done,4,155,,,2
55834578872,FIELD_IDENTIFIER,2,,,value,value,4,155,,,2
55834578873,FIELD_IDENTIFIER,2,,,getMRNotes,getMRNotes,44,157,,,2
55834578874,FIELD_IDENTIFIER,2,,,iid,iid,69,157,,,2
55834578875,FIELD_IDENTIFIER,2,,,filter,filter,37,160,,,2
55834578876,FIELD_IDENTIFIER,2,,,length,length,40,161,,,2
55834578877,FIELD_IDENTIFIER,2,,,error,error,16,166,,,2
55834578878,FIELD_IDENTIFIER,2,,,iid,iid,72,166,,,2
55834578879,FIELD_IDENTIFIER,2,,,totalComments,totalComments,6,172,,,2
55834578880,FIELD_IDENTIFIER,2,,,checked,checked,6,173,,,2
55834578881,FIELD_IDENTIFIER,2,,,next,next,4,185,,,2
55834578882,FIELD_IDENTIFIER,2,,,toLowerCase,toLowerCase,14,192,,,2
55834578883,FIELD_IDENTIFIER,2,,,includes,includes,28,192,,,2
55834578884,FIELD_IDENTIFIER,2,,,length,length,41,182,,,2
55834578885,FIELD_IDENTIFIER,2,,,done,done,4,185,,,2
55834578886,FIELD_IDENTIFIER,2,,,value,value,4,185,,,2
55834578887,FIELD_IDENTIFIER,2,,,title,title,34,187,,,2
55834578888,FIELD_IDENTIFIER,2,,,toLowerCase,toLowerCase,41,187,,,2
55834578889,FIELD_IDENTIFIER,2,,,includes,includes,55,187,,,2
55834578890,FIELD_IDENTIFIER,2,,,description,description,40,188,,,2
55834578891,FIELD_IDENTIFIER,2,,,toLowerCase,toLowerCase,53,188,,,2
55834578892,FIELD_IDENTIFIER,2,,,includes,includes,67,188,,,2
55834578893,FIELD_IDENTIFIER,2,,,labels,labels,32,191,,,2
55834578894,FIELD_IDENTIFIER,2,,,some,some,40,191,,,2
55834578895,FIELD_IDENTIFIER,2,,,reverted,reverted,6,201,,,2
55834578896,FIELD_IDENTIFIER,2,,,checked,checked,6,202,,,2
55834578897,FIELD_IDENTIFIER,2,,,next,next,4,214,,,2
55834578898,FIELD_IDENTIFIER,2,,,length,length,41,211,,,2
55834578899,FIELD_IDENTIFIER,2,,,done,done,4,214,,,2
55834578900,FIELD_IDENTIFIER,2,,,value,value,4,214,,,2
55834578901,FIELD_IDENTIFIER,2,,,reviewers,reviewers,32,216,,,2
55834578902,FIELD_IDENTIFIER,2,,,length,length,43,216,,,2
55834578903,FIELD_IDENTIFIER,2,,,totalReviewers,totalReviewers,6,221,,,2
55834578904,FIELD_IDENTIFIER,2,,,checked,checked,6,222,,,2
55834578905,FIELD_IDENTIFIER,2,,,MRHealthMetrics,MRHealthMetrics,0,8,,,2
55834578906,FIELD_IDENTIFIER,2,,,projectSyncService,projectSyncService,0,2,,,2
55834578907,FIELD_IDENTIFIER,2,,,default,default,0,2,,,2
55834578908,FIELD_IDENTIFIER,2,,,projectEnrichmentService,projectEnrichmentService,0,3,,,2
55834578909,FIELD_IDENTIFIER,2,,,default,default,0,3,,,2
55834578910,FIELD_IDENTIFIER,2,,,projectTransformService,projectTransformService,0,4,,,2
55834578911,FIELD_IDENTIFIER,2,,,default,default,0,4,,,2
55834578912,FIELD_IDENTIFIER,2,,,projectFetchService,projectFetchService,0,5,,,2
55834578913,FIELD_IDENTIFIER,2,,,default,default,0,5,,,2
55834578914,FIELD_IDENTIFIER,2,,,namespace,namespace,16,40,,,2
55834578915,FIELD_IDENTIFIER,2,,,id,id,27,40,,,2
55834578916,FIELD_IDENTIFIER,2,,,namespace,namespace,41,40,,,2
55834578917,FIELD_IDENTIFIER,2,,,kind,kind,51,40,,,2
55834578918,FIELD_IDENTIFIER,2,,,buildGroupPath,buildGroupPath,38,41,,,2
55834578919,FIELD_IDENTIFIER,2,,,namespace,namespace,61,41,,,2
55834578920,FIELD_IDENTIFIER,2,,,id,id,71,41,,,2
55834578921,FIELD_IDENTIFIER,2,,,getProjectIssues,getProjectIssues,46,51,,,2
55834578922,FIELD_IDENTIFIER,2,,,length,length,20,52,,,2
55834578923,FIELD_IDENTIFIER,2,,,warn,warn,14,54,,,2
55834578924,FIELD_IDENTIFIER,2,,,message,message,80,54,,,2
55834578925,FIELD_IDENTIFIER,2,,,getProjectMergeRequests,getProjectMergeRequests,40,64,,,2
55834578926,FIELD_IDENTIFIER,2,,,length,length,17,65,,,2
55834578927,FIELD_IDENTIFIER,2,,,warn,warn,14,67,,,2
55834578928,FIELD_IDENTIFIER,2,,,message,message,77,67,,,2
55834578929,FIELD_IDENTIFIER,2,,,getProjectMilestones,getProjectMilestones,54,74,,,2
55834578930,FIELD_IDENTIFIER,2,,,length,length,24,75,,,2
55834578931,FIELD_IDENTIFIER,2,,,warn,warn,14,77,,,2
55834578932,FIELD_IDENTIFIER,2,,,message,message,84,77,,,2
55834578933,FIELD_IDENTIFIER,2,,,push,push,6,87,,,2
55834578934,FIELD_IDENTIFIER,2,,,getGroupPath,getGroupPath,11,87,,,2
55834578935,FIELD_IDENTIFIER,2,,,push,push,6,88,,,2
55834578936,FIELD_IDENTIFIER,2,,,getIssuesCount,getIssuesCount,11,88,,,2
55834578937,FIELD_IDENTIFIER,2,,,id,id,34,88,,,2
55834578938,FIELD_IDENTIFIER,2,,,push,push,6,89,,,2
55834578939,FIELD_IDENTIFIER,2,,,getMRsCount,getMRsCount,11,89,,,2
55834578940,FIELD_IDENTIFIER,2,,,id,id,31,89,,,2
55834578941,FIELD_IDENTIFIER,2,,,push,push,6,90,,,2
55834578942,FIELD_IDENTIFIER,2,,,getMilestonesCount,getMilestonesCount,11,90,,,2
55834578943,FIELD_IDENTIFIER,2,,,id,id,38,90,,,2
55834578944,FIELD_IDENTIFIER,2,,,id,id,61,94,,,2
55834578945,FIELD_IDENTIFIER,2,,,security_high,security_high,6,96,,,2
55834578946,FIELD_IDENTIFIER,2,,,security_blocker,security_blocker,6,97,,,2
55834578947,FIELD_IDENTIFIER,2,,,reliability_high,reliability_high,6,98,,,2
55834578948,FIELD_IDENTIFIER,2,,,reliability_blocker,reliability_blocker,6,99,,,2
55834578949,FIELD_IDENTIFIER,2,,,maintainability_high,maintainability_high,6,100,,,2
55834578950,FIELD_IDENTIFIER,2,,,maintainability_blocker,maintainability_blocker,6,101,,,2
55834578951,FIELD_IDENTIFIER,2,,,fetchIssueCounts,fetchIssueCounts,46,107,,,2
55834578952,FIELD_IDENTIFIER,2,,,log,log,16,108,,,2
55834578953,FIELD_IDENTIFIER,2,,,name,name,63,108,,,2
55834578954,FIELD_IDENTIFIER,2,,,warn,warn,16,110,,,2
55834578955,FIELD_IDENTIFIER,2,,,message,message,96,110,,,2
55834578956,FIELD_IDENTIFIER,2,,,warn,warn,14,113,,,2
55834578957,FIELD_IDENTIFIER,2,,,name,name,70,113,,,2
55834578958,FIELD_IDENTIFIER,2,,,id,id,91,113,,,2
55834578959,FIELD_IDENTIFIER,2,,,id,id,6,117,,,2
55834578960,FIELD_IDENTIFIER,2,,,id,id,18,117,,,2
55834578961,FIELD_IDENTIFIER,2,,,name,name,6,118,,,2
55834578962,FIELD_IDENTIFIER,2,,,name,name,20,118,,,2
55834578963,FIELD_IDENTIFIER,2,,,description,description,6,119,,,2
55834578964,FIELD_IDENTIFIER,2,,,description,description,27,119,,,2
55834578965,FIELD_IDENTIFIER,2,,,web_url,web_url,6,120,,,2
55834578966,FIELD_IDENTIFIER,2,,,web_url,web_url,23,120,,,2
55834578967,FIELD_IDENTIFIER,2,,,last_activity_at,last_activity_at,6,121,,,2
55834578968,FIELD_IDENTIFIER,2,,,last_activity_at,last_activity_at,32,121,,,2
55834578969,FIELD_IDENTIFIER,2,,,visibility,visibility,6,122,,,2
55834578970,FIELD_IDENTIFIER,2,,,visibility,visibility,26,122,,,2
55834578971,FIELD_IDENTIFIER,2,,,star_count,star_count,6,123,,,2
55834578972,FIELD_IDENTIFIER,2,,,star_count,star_count,26,123,,,2
55834578973,FIELD_IDENTIFIER,2,,,forks_count,forks_count,6,124,,,2
55834578974,FIELD_IDENTIFIER,2,,,forks_count,forks_count,27,124,,,2
55834578975,FIELD_IDENTIFIER,2,,,parent_id,parent_id,6,125,,,2
55834578976,FIELD_IDENTIFIER,2,,,namespace,namespace,25,125,,,2
55834578977,FIELD_IDENTIFIER,2,,,id,id,36,125,,,2
55834578978,FIELD_IDENTIFIER,2,,,group_path,group_path,6,126,,,2
55834578979,FIELD_IDENTIFIER,2,,,full_path,full_path,6,127,,,2
55834578980,FIELD_IDENTIFIER,2,,,name,name,40,127,,,2
55834578981,FIELD_IDENTIFIER,2,,,name,name,70,127,,,2
55834578982,FIELD_IDENTIFIER,2,,,total_issues,total_issues,6,128,,,2
55834578983,FIELD_IDENTIFIER,2,,,total_mrs,total_mrs,6,129,,,2
55834578984,FIELD_IDENTIFIER,2,,,open_milestones_count,open_milestones_count,6,130,,,2
55834578985,FIELD_IDENTIFIER,2,,,sonar_project_key,sonar_project_key,6,131,,,2
55834578986,FIELD_IDENTIFIER,2,,,sonar_security_high,sonar_security_high,6,132,,,2
55834578987,FIELD_IDENTIFIER,2,,,security_high,security_high,40,132,,,2
55834578988,FIELD_IDENTIFIER,2,,,sonar_security_blocker,sonar_security_blocker,6,133,,,2
55834578989,FIELD_IDENTIFIER,2,,,security_blocker,security_blocker,43,133,,,2
55834578990,FIELD_IDENTIFIER,2,,,sonar_reliability_high,sonar_reliability_high,6,134,,,2
55834578991,FIELD_IDENTIFIER,2,,,reliability_high,reliability_high,43,134,,,2
55834578992,FIELD_IDENTIFIER,2,,,sonar_reliability_blocker,sonar_reliability_blocker,6,135,,,2
55834578993,FIELD_IDENTIFIER,2,,,reliability_blocker,reliability_blocker,46,135,,,2
55834578994,FIELD_IDENTIFIER,2,,,sonar_maintainability_high,sonar_maintainability_high,6,136,,,2
55834578995,FIELD_IDENTIFIER,2,,,maintainability_high,maintainability_high,47,136,,,2
55834578996,FIELD_IDENTIFIER,2,,,sonar_maintainability_blocker,sonar_maintainability_blocker,6,137,,,2
55834578997,FIELD_IDENTIFIER,2,,,maintainability_blocker,maintainability_blocker,50,137,,,2
55834578998,FIELD_IDENTIFIER,2,,,enrichProject,enrichProject,52,145,,,2
55834578999,FIELD_IDENTIFIER,2,,,map,map,38,145,,,2
55834579000,FIELD_IDENTIFIER,2,,,GitLabProject,GitLabProject,0,2,,,2
55834579001,FIELD_IDENTIFIER,2,,,SonarQubeService,SonarQubeService,0,7,,,2
55834579002,FIELD_IDENTIFIER,2,,,getSonarProjectKey,getSonarProjectKey,0,8,,,2
55834579003,FIELD_IDENTIFIER,2,,,oApiResponseList(,oApiResponseList(,36,14,,,2
55834579004,FIELD_IDENTIFIER,2,,,oApiResponseList(,oApiResponseList(,36,25,,,2
55834579005,FIELD_IDENTIFIER,2,,,oApiResponseList(,oApiResponseList(,49,38,,,2
55834579006,FIELD_IDENTIFIER,2,,,push,push,68,38,,,2
55834579007,FIELD_IDENTIFIER,2,,,getAllProjectsFromRegistry,getAllProjectsFromRegistry,1,3,,,2
55834579008,FIELD_IDENTIFIER,2,,,getLatestSnapshotsForTrackedProjects,getLatestSnapshotsForTrackedProjects,1,3,,,2
55834579009,FIELD_IDENTIFIER,2,,,getProjectById,getProjectById,1,3,,,2
55834579010,FIELD_IDENTIFIER,2,,,getIssueCount,getIssueCount,38,36,,,2
55834579011,FIELD_IDENTIFIER,2,,,warn,warn,14,38,,,2
55834579012,FIELD_IDENTIFIER,2,,,message,message,86,38,,,2
55834579013,FIELD_IDENTIFIER,2,,,getMRCount,getMRCount,35,49,,,2
55834579014,FIELD_IDENTIFIER,2,,,warn,warn,14,51,,,2
55834579015,FIELD_IDENTIFIER,2,,,message,message,83,51,,,2
55834579016,FIELD_IDENTIFIER,2,,,state,state,54,63,,,2
55834579017,FIELD_IDENTIFIER,2,,,getProjectMilestones,getProjectMilestones,54,61,,,2
55834579018,FIELD_IDENTIFIER,2,,,filter,filter,40,63,,,2
55834579019,FIELD_IDENTIFIER,2,,,length,length,28,64,,,2
55834579020,FIELD_IDENTIFIER,2,,,warn,warn,14,66,,,2
55834579021,FIELD_IDENTIFIER,2,,,message,message,84,66,,,2
55834579022,FIELD_IDENTIFIER,2,,,push,push,6,76,,,2
55834579023,FIELD_IDENTIFIER,2,,,getOpenIssuesCount,getOpenIssuesCount,11,76,,,2
55834579024,FIELD_IDENTIFIER,2,,,id,id,38,76,,,2
55834579025,FIELD_IDENTIFIER,2,,,push,push,6,77,,,2
55834579026,FIELD_IDENTIFIER,2,,,getOpenMRsCount,getOpenMRsCount,11,77,,,2
55834579027,FIELD_IDENTIFIER,2,,,id,id,35,77,,,2
55834579028,FIELD_IDENTIFIER,2,,,push,push,6,78,,,2
55834579029,FIELD_IDENTIFIER,2,,,getOpenMilestonesCount,getOpenMilestonesCount,11,78,,,2
55834579030,FIELD_IDENTIFIER,2,,,id,id,42,78,,,2
55834579031,FIELD_IDENTIFIER,2,,,id,id,61,82,,,2
55834579032,FIELD_IDENTIFIER,2,,,security_high,security_high,6,85,,,2
55834579033,FIELD_IDENTIFIER,2,,,security_blocker,security_blocker,6,86,,,2
55834579034,FIELD_IDENTIFIER,2,,,reliability_high,reliability_high,6,87,,,2
55834579035,FIELD_IDENTIFIER,2,,,reliability_blocker,reliability_blocker,6,88,,,2
55834579036,FIELD_IDENTIFIER,2,,,maintainability_high,maintainability_high,6,89,,,2
55834579037,FIELD_IDENTIFIER,2,,,maintainability_blocker,maintainability_blocker,6,90,,,2
55834579038,FIELD_IDENTIFIER,2,,,fetchIssueCounts,fetchIssueCounts,46,96,,,2
55834579039,FIELD_IDENTIFIER,2,,,warn,warn,16,98,,,2
55834579040,FIELD_IDENTIFIER,2,,,message,message,96,98,,,2
55834579041,FIELD_IDENTIFIER,2,,,project_id,project_id,6,103,,,2
55834579042,FIELD_IDENTIFIER,2,,,id,id,26,103,,,2
55834579043,FIELD_IDENTIFIER,2,,,description,description,6,104,,,2
55834579044,FIELD_IDENTIFIER,2,,,description,description,27,104,,,2
55834579045,FIELD_IDENTIFIER,2,,,web_url,web_url,6,105,,,2
55834579046,FIELD_IDENTIFIER,2,,,web_url,web_url,23,105,,,2
55834579047,FIELD_IDENTIFIER,2,,,open_issues,open_issues,6,106,,,2
55834579048,FIELD_IDENTIFIER,2,,,open_mrs,open_mrs,6,107,,,2
55834579049,FIELD_IDENTIFIER,2,,,open_milestones_count,open_milestones_count,6,108,,,2
55834579050,FIELD_IDENTIFIER,2,,,sonar_project_key,sonar_project_key,6,109,,,2
55834579051,FIELD_IDENTIFIER,2,,,sonar_security_high,sonar_security_high,6,110,,,2
55834579052,FIELD_IDENTIFIER,2,,,security_high,security_high,40,110,,,2
55834579053,FIELD_IDENTIFIER,2,,,sonar_security_blocker,sonar_security_blocker,6,111,,,2
55834579054,FIELD_IDENTIFIER,2,,,security_blocker,security_blocker,43,111,,,2
55834579055,FIELD_IDENTIFIER,2,,,sonar_reliability_high,sonar_reliability_high,6,112,,,2
55834579056,FIELD_IDENTIFIER,2,,,reliability_high,reliability_high,43,112,,,2
55834579057,FIELD_IDENTIFIER,2,,,sonar_reliability_blocker,sonar_reliability_blocker,6,113,,,2
55834579058,FIELD_IDENTIFIER,2,,,reliability_blocker,reliability_blocker,46,113,,,2
55834579059,FIELD_IDENTIFIER,2,,,sonar_maintainability_high,sonar_maintainability_high,6,114,,,2
55834579060,FIELD_IDENTIFIER,2,,,maintainability_high,maintainability_high,47,114,,,2
55834579061,FIELD_IDENTIFIER,2,,,sonar_maintainability_blocker,sonar_maintainability_blocker,6,115,,,2
55834579062,FIELD_IDENTIFIER,2,,,maintainability_blocker,maintainability_blocker,50,115,,,2
55834579063,FIELD_IDENTIFIER,2,,,getProjectById,getProjectById,53,124,,,2
55834579064,FIELD_IDENTIFIER,2,,,createSnapshotData,createSnapshotData,36,127,,,2
55834579065,FIELD_IDENTIFIER,2,,,log,log,12,131,,,2
55834579066,FIELD_IDENTIFIER,2,,,name,name,64,131,,,2
55834579067,FIELD_IDENTIFIER,2,,,next,next,6,152,,,2
55834579068,FIELD_IDENTIFIER,2,,,isRefreshing,isRefreshing,13,139,,,2
55834579069,FIELD_IDENTIFIER,2,,,log,log,14,140,,,2
55834579070,FIELD_IDENTIFIER,2,,,isRefreshing,isRefreshing,11,145,,,2
55834579071,FIELD_IDENTIFIER,2,,,log,log,14,149,,,2
55834579072,FIELD_IDENTIFIER,2,,,length,length,53,149,,,2
55834579073,FIELD_IDENTIFIER,2,,,done,done,6,152,,,2
55834579074,FIELD_IDENTIFIER,2,,,value,value,6,152,,,2
55834579075,FIELD_IDENTIFIER,2,,,refreshProject,refreshProject,21,154,,,2
55834579076,FIELD_IDENTIFIER,2,,,error,error,18,156,,,2
55834579077,FIELD_IDENTIFIER,2,,,message,message,75,156,,,2
55834579078,FIELD_IDENTIFIER,2,,,log,log,14,161,,,2
55834579079,FIELD_IDENTIFIER,2,,,isRefreshing,isRefreshing,11,163,,,2
55834579080,FIELD_IDENTIFIER,2,,,GitLabProject,GitLabProject,0,2,,,2
55834579081,FIELD_IDENTIFIER,2,,,SonarQubeService,SonarQubeService,0,7,,,2
55834579082,FIELD_IDENTIFIER,2,,,getSonarProjectKey,getSonarProjectKey,0,8,,,2
55834579083,FIELD_IDENTIFIER,2,,,insertProjectSnapshot,insertProjectSnapshot,0,9,,,2
55834579084,FIELD_IDENTIFIER,2,,,getTrackedProjectIds,getTrackedProjectIds,0,9,,,2
55834579085,FIELD_IDENTIFIER,2,,,getUserProjects,getUserProjects,54,17,,,2
55834579086,FIELD_IDENTIFIER,2,,,log,log,12,21,,,2
55834579087,FIELD_IDENTIFIER,2,,,length,length,58,21,,,2
55834579088,FIELD_IDENTIFIER,2,,,length,length,39,25,,,2
55834579089,FIELD_IDENTIFIER,2,,,getProjectMembers,getProjectMembers,44,31,,,2
55834579090,FIELD_IDENTIFIER,2,,,id,id,70,31,,,2
55834579091,FIELD_IDENTIFIER,2,,,push,push,19,38,,,2
55834579092,FIELD_IDENTIFIER,2,,,id,id,8,39,,,2
55834579093,FIELD_IDENTIFIER,2,,,id,id,20,39,,,2
55834579094,FIELD_IDENTIFIER,2,,,name,name,8,40,,,2
55834579095,FIELD_IDENTIFIER,2,,,name,name,22,40,,,2
55834579096,FIELD_IDENTIFIER,2,,,full_path,full_path,8,41,,,2
55834579097,FIELD_IDENTIFIER,2,,,path_with_namespace,path_with_namespace,27,41,,,2
55834579098,FIELD_IDENTIFIER,2,,,group_path,group_path,8,42,,,2
55834579099,FIELD_IDENTIFIER,2,,,namespace,namespace,28,42,,,2
55834579100,FIELD_IDENTIFIER,2,,,full_path,full_path,39,42,,,2
55834579101,FIELD_IDENTIFIER,2,,,members_count,members_count,8,43,,,2
55834579102,FIELD_IDENTIFIER,2,,,length,length,31,43,,,2
55834579103,FIELD_IDENTIFIER,2,,,members,members,8,44,,,2
55834579104,FIELD_IDENTIFIER,2,,,last_activity_at,last_activity_at,8,45,,,2
55834579105,FIELD_IDENTIFIER,2,,,last_activity_at,last_activity_at,34,45,,,2
55834579106,FIELD_IDENTIFIER,2,,,parent_id,parent_id,8,46,,,2
55834579107,FIELD_IDENTIFIER,2,,,namespace,namespace,27,46,,,2
55834579108,FIELD_IDENTIFIER,2,,,id,id,38,46,,,2
55834579109,FIELD_IDENTIFIER,2,,,visibility,visibility,8,47,,,2
55834579110,FIELD_IDENTIFIER,2,,,visibility,visibility,28,47,,,2
55834579111,FIELD_IDENTIFIER,2,,,log,log,16,52,,,2
55834579112,FIELD_IDENTIFIER,2,,,length,length,60,52,,,2
55834579113,FIELD_IDENTIFIER,2,,,length,length,29,56,,,2
55834579114,FIELD_IDENTIFIER,2,,,log,log,12,61,,,2
55834579115,FIELD_IDENTIFIER,2,,,length,length,50,61,,,2
55834579116,FIELD_IDENTIFIER,2,,,log,log,14,69,,,2
55834579117,FIELD_IDENTIFIER,2,,,warn,warn,14,71,,,2
55834579118,FIELD_IDENTIFIER,2,,,message,message,72,71,,,2
55834579119,FIELD_IDENTIFIER,2,,,toApiResponseList,toApiResponseList,35,78,,,2
55834579120,FIELD_IDENTIFIER,2,,,id,id,50,115,,,2
55834579121,FIELD_IDENTIFIER,2,,,getProjectById,getProjectById,53,86,,,2
55834579122,FIELD_IDENTIFIER,2,,,getProjectMembers,getProjectMembers,46,89,,,2
55834579123,FIELD_IDENTIFIER,2,,,id,id,78,89,,,2
55834579124,FIELD_IDENTIFIER,2,,,catch,catch,82,89,,,2
55834579125,FIELD_IDENTIFIER,2,,,id,id,6,92,,,2
55834579126,FIELD_IDENTIFIER,2,,,id,id,24,92,,,2
55834579127,FIELD_IDENTIFIER,2,,,name,name,6,93,,,2
55834579128,FIELD_IDENTIFIER,2,,,name,name,26,93,,,2
55834579129,FIELD_IDENTIFIER,2,,,full_path,full_path,6,94,,,2
55834579130,FIELD_IDENTIFIER,2,,,path_with_namespace,path_with_namespace,31,94,,,2
55834579131,FIELD_IDENTIFIER,2,,,group_path,group_path,6,95,,,2
55834579132,FIELD_IDENTIFIER,2,,,namespace,namespace,32,95,,,2
55834579133,FIELD_IDENTIFIER,2,,,full_path,full_path,43,95,,,2
55834579134,FIELD_IDENTIFIER,2,,,members_count,members_count,6,96,,,2
55834579135,FIELD_IDENTIFIER,2,,,length,length,29,96,,,2
55834579136,FIELD_IDENTIFIER,2,,,members,members,6,97,,,2
55834579137,FIELD_IDENTIFIER,2,,,last_activity_at,last_activity_at,6,98,,,2
55834579138,FIELD_IDENTIFIER,2,,,last_activity_at,last_activity_at,38,98,,,2
55834579139,FIELD_IDENTIFIER,2,,,parent_id,parent_id,6,99,,,2
55834579140,FIELD_IDENTIFIER,2,,,namespace,namespace,31,99,,,2
55834579141,FIELD_IDENTIFIER,2,,,id,id,42,99,,,2
55834579142,FIELD_IDENTIFIER,2,,,visibility,visibility,6,100,,,2
55834579143,FIELD_IDENTIFIER,2,,,visibility,visibility,32,100,,,2
55834579144,FIELD_IDENTIFIER,2,,,push,push,34,104,,,2
55834579145,FIELD_IDENTIFIER,2,,,warn,warn,14,110,,,2
55834579146,FIELD_IDENTIFIER,2,,,message,message,72,110,,,2
55834579147,FIELD_IDENTIFIER,2,,,find,find,38,115,,,2
55834579148,FIELD_IDENTIFIER,2,,,toApiResponse,toApiResponse,35,122,,,2
55834579149,FIELD_IDENTIFIER,2,,,syncProjectsToRegistry,syncProjectsToRegistry,0,6,,,2
55834579150,FIELD_IDENTIFIER,2,,,getAllProjectsFromRegistry,getAllProjectsFromRegistry,0,6,,,2
55834579151,FIELD_IDENTIFIER,2,,,autoMapSonarProjectKeys,autoMapSonarProjectKeys,0,7,,,2
55834579152,FIELD_IDENTIFIER,2,,,id,id,6,40,,,2
55834579153,FIELD_IDENTIFIER,2,,,id,id,20,40,,,2
55834579154,FIELD_IDENTIFIER,2,,,name,name,6,41,,,2
55834579155,FIELD_IDENTIFIER,2,,,name,name,22,41,,,2
55834579156,FIELD_IDENTIFIER,2,,,description,description,6,42,,,2
55834579157,FIELD_IDENTIFIER,2,,,description,description,29,42,,,2
55834579158,FIELD_IDENTIFIER,2,,,web_url,web_url,6,43,,,2
55834579159,FIELD_IDENTIFIER,2,,,web_url,web_url,25,43,,,2
55834579160,FIELD_IDENTIFIER,2,,,lastActivityAt,lastActivityAt,6,44,,,2
55834579161,FIELD_IDENTIFIER,2,,,last_activity_at,last_activity_at,32,44,,,2
55834579162,FIELD_IDENTIFIER,2,,,visibility,visibility,6,45,,,2
55834579163,FIELD_IDENTIFIER,2,,,visibility,visibility,28,45,,,2
55834579164,FIELD_IDENTIFIER,2,,,membersCount,membersCount,6,46,,,2
55834579165,FIELD_IDENTIFIER,2,,,members_count,members_count,30,46,,,2
55834579166,FIELD_IDENTIFIER,2,,,members,members,6,47,,,2
55834579167,FIELD_IDENTIFIER,2,,,members,members,25,47,,,2
55834579168,FIELD_IDENTIFIER,2,,,parentId,parentId,6,48,,,2
55834579169,FIELD_IDENTIFIER,2,,,parent_id,parent_id,26,48,,,2
55834579170,FIELD_IDENTIFIER,2,,,groupPath,groupPath,6,49,,,2
55834579171,FIELD_IDENTIFIER,2,,,group_path,group_path,27,49,,,2
55834579172,FIELD_IDENTIFIER,2,,,fullPath,fullPath,6,50,,,2
55834579173,FIELD_IDENTIFIER,2,,,full_path,full_path,26,50,,,2
55834579174,FIELD_IDENTIFIER,2,,,tracked,tracked,6,51,,,2
55834579175,FIELD_IDENTIFIER,2,,,tracked,tracked,25,51,,,2
55834579176,FIELD_IDENTIFIER,2,,,syncedAt,syncedAt,6,52,,,2
55834579177,FIELD_IDENTIFIER,2,,,synced_at,synced_at,26,52,,,2
55834579178,FIELD_IDENTIFIER,2,,,openIssues,openIssues,6,55,,,2
55834579179,FIELD_IDENTIFIER,2,,,open_issues,open_issues,28,55,,,2
55834579180,FIELD_IDENTIFIER,2,,,openMrs,openMrs,6,56,,,2
55834579181,FIELD_IDENTIFIER,2,,,open_mrs,open_mrs,25,56,,,2
55834579182,FIELD_IDENTIFIER,2,,,openMilestonesCount,openMilestonesCount,6,57,,,2
55834579183,FIELD_IDENTIFIER,2,,,open_milestones_count,open_milestones_count,37,57,,,2
55834579184,FIELD_IDENTIFIER,2,,,snapshotDate,snapshotDate,6,58,,,2
55834579185,FIELD_IDENTIFIER,2,,,snapshot_date,snapshot_date,30,58,,,2
55834579186,FIELD_IDENTIFIER,2,,,sonarProjectKey,sonarProjectKey,6,61,,,2
55834579187,FIELD_IDENTIFIER,2,,,sonar_project_key,sonar_project_key,33,61,,,2
55834579188,FIELD_IDENTIFIER,2,,,sonarSecurityHigh,sonarSecurityHigh,6,62,,,2
55834579189,FIELD_IDENTIFIER,2,,,sonar_security_high,sonar_security_high,35,62,,,2
55834579190,FIELD_IDENTIFIER,2,,,sonarSecurityBlocker,sonarSecurityBlocker,6,63,,,2
55834579191,FIELD_IDENTIFIER,2,,,sonar_security_blocker,sonar_security_blocker,38,63,,,2
55834579192,FIELD_IDENTIFIER,2,,,sonarReliabilityHigh,sonarReliabilityHigh,6,64,,,2
55834579193,FIELD_IDENTIFIER,2,,,sonar_reliability_high,sonar_reliability_high,38,64,,,2
55834579194,FIELD_IDENTIFIER,2,,,sonarReliabilityBlocker,sonarReliabilityBlocker,6,65,,,2
55834579195,FIELD_IDENTIFIER,2,,,sonar_reliability_blocker,sonar_reliability_blocker,41,65,,,2
55834579196,FIELD_IDENTIFIER,2,,,sonarMaintainabilityHigh,sonarMaintainabilityHigh,6,66,,,2
55834579197,FIELD_IDENTIFIER,2,,,sonar_maintainability_high,sonar_maintainability_high,42,66,,,2
55834579198,FIELD_IDENTIFIER,2,,,sonarMaintainabilityBlocker,sonarMaintainabilityBlocker,6,67,,,2
55834579199,FIELD_IDENTIFIER,2,,,sonar_maintainability_blocker,sonar_maintainability_blocker,45,67,,,2
55834579200,FIELD_IDENTIFIER,2,,,toApiResponse,toApiResponse,36,75,,,2
55834579201,FIELD_IDENTIFIER,2,,,map,map,22,75,,,2
55834579202,FIELD_IDENTIFIER,2,,,log,log,12,10,,,2
55834579203,FIELD_IDENTIFIER,2,,,baseUrl,baseUrl,6,11,,,2
55834579204,FIELD_IDENTIFIER,2,,,token,token,6,12,,,2
55834579205,FIELD_IDENTIFIER,2,,,substring,substring,30,12,,,2
55834579206,FIELD_IDENTIFIER,2,,,envUrl,envUrl,6,13,,,2
55834579207,FIELD_IDENTIFIER,2,,,env,env,22,13,,,2
55834579208,FIELD_IDENTIFIER,2,,,SONARQUBE_URL,SONARQUBE_URL,26,13,,,2
55834579209,FIELD_IDENTIFIER,2,,,envToken,envToken,6,14,,,2
55834579210,FIELD_IDENTIFIER,2,,,env,env,24,14,,,2
55834579211,FIELD_IDENTIFIER,2,,,SONARQUBE_TOKEN,SONARQUBE_TOKEN,28,14,,,2
55834579212,FIELD_IDENTIFIER,2,,,env,env,57,14,,,2
55834579213,FIELD_IDENTIFIER,2,,,SONARQUBE_TOKEN,SONARQUBE_TOKEN,61,14,,,2
55834579214,FIELD_IDENTIFIER,2,,,substring,substring,77,14,,,2
55834579215,FIELD_IDENTIFIER,2,,,baseUrl,baseUrl,9,16,,,2
55834579216,FIELD_IDENTIFIER,2,,,env,env,39,16,,,2
55834579217,FIELD_IDENTIFIER,2,,,SONARQUBE_URL,SONARQUBE_URL,43,16,,,2
55834579218,FIELD_IDENTIFIER,2,,,trim,trim,64,16,,,2
55834579219,FIELD_IDENTIFIER,2,,,replace,replace,71,16,,,2
55834579220,FIELD_IDENTIFIER,2,,,token,token,9,17,,,2
55834579221,FIELD_IDENTIFIER,2,,,env,env,35,17,,,2
55834579222,FIELD_IDENTIFIER,2,,,SONARQUBE_TOKEN,SONARQUBE_TOKEN,39,17,,,2
55834579223,FIELD_IDENTIFIER,2,,,trim,trim,62,17,,,2
55834579224,FIELD_IDENTIFIER,2,,,log,log,12,18,,,2
55834579225,FIELD_IDENTIFIER,2,,,baseUrl,baseUrl,6,19,,,2
55834579226,FIELD_IDENTIFIER,2,,,baseUrl,baseUrl,20,19,,,2
55834579227,FIELD_IDENTIFIER,2,,,token,token,6,20,,,2
55834579228,FIELD_IDENTIFIER,2,,,token,token,18,20,,,2
55834579229,FIELD_IDENTIFIER,2,,,token,token,34,20,,,2
55834579230,FIELD_IDENTIFIER,2,,,substring,substring,40,20,,,2
55834579231,FIELD_IDENTIFIER,2,,,initialized,initialized,13,25,,,2
55834579232,FIELD_IDENTIFIER,2,,,baseUrl,baseUrl,14,27,,,2
55834579233,FIELD_IDENTIFIER,2,,,test,test,41,27,,,2
55834579234,FIELD_IDENTIFIER,2,,,baseUrl,baseUrl,51,27,,,2
55834579235,FIELD_IDENTIFIER,2,,,token,token,14,30,,,2
55834579236,FIELD_IDENTIFIER,2,,,initialized,initialized,9,34,,,2
55834579237,FIELD_IDENTIFIER,2,,,log,log,12,35,,,2
55834579238,FIELD_IDENTIFIER,2,,,baseUrl,baseUrl,80,35,,,2
55834579239,FIELD_IDENTIFIER,2,,,Authorization,Authorization,6,40,,,2
55834579240,FIELD_IDENTIFIER,2,,,token,token,49,40,,,2
55834579241,FIELD_IDENTIFIER,2,,,toString,toString,62,40,,,2
55834579242,FIELD_IDENTIFIER,2,,,ensureInitialized,ensureInitialized,9,48,,,2
55834579243,FIELD_IDENTIFIER,2,,,push,push,6,51,,,2
55834579244,FIELD_IDENTIFIER,2,,,push,push,6,52,,,2
55834579245,FIELD_IDENTIFIER,2,,,push,push,6,53,,,2
55834579246,FIELD_IDENTIFIER,2,,,push,push,6,54,,,2
55834579247,FIELD_IDENTIFIER,2,,,push,push,6,55,,,2
55834579248,FIELD_IDENTIFIER,2,,,push,push,6,56,,,2
55834579249,FIELD_IDENTIFIER,2,,,push,push,6,57,,,2
55834579250,FIELD_IDENTIFIER,2,,,push,push,6,58,,,2
55834579251,FIELD_IDENTIFIER,2,,,push,push,6,59,,,2
55834579252,FIELD_IDENTIFIER,2,,,join,join,6,60,,,2
55834579253,FIELD_IDENTIFIER,2,,,baseUrl,baseUrl,24,62,,,2
55834579254,FIELD_IDENTIFIER,2,,,log,log,14,65,,,2
55834579255,FIELD_IDENTIFIER,2,,,log,log,14,66,,,2
55834579256,FIELD_IDENTIFIER,2,,,get,get,35,67,,,2
55834579257,FIELD_IDENTIFIER,2,,,headers,headers,46,67,,,2
55834579258,FIELD_IDENTIFIER,2,,,getAuthHeader,getAuthHeader,60,67,,,2
55834579259,FIELD_IDENTIFIER,2,,,log,log,14,68,,,2
55834579260,FIELD_IDENTIFIER,2,,,data,data,55,68,,,2
55834579261,FIELD_IDENTIFIER,2,,,component,component,60,68,,,2
55834579262,FIELD_IDENTIFIER,2,,,measures,measures,71,68,,,2
55834579263,FIELD_IDENTIFIER,2,,,length,length,81,68,,,2
55834579264,FIELD_IDENTIFIER,2,,,log,log,14,69,,,2
55834579265,FIELD_IDENTIFIER,2,,,data,data,67,69,,,2
55834579266,FIELD_IDENTIFIER,2,,,component,component,72,69,,,2
55834579267,FIELD_IDENTIFIER,2,,,measures,measures,83,69,,,2
55834579268,FIELD_IDENTIFIER,2,,,data,data,22,70,,,2
55834579269,FIELD_IDENTIFIER,2,,,error,error,14,72,,,2
55834579270,FIELD_IDENTIFIER,2,,,response,response,14,73,,,2
55834579271,FIELD_IDENTIFIER,2,,,error,error,16,74,,,2
55834579272,FIELD_IDENTIFIER,2,,,response,response,46,74,,,2
55834579273,FIELD_IDENTIFIER,2,,,status,status,55,74,,,2
55834579274,FIELD_IDENTIFIER,2,,,error,error,16,75,,,2
55834579275,FIELD_IDENTIFIER,2,,,response,response,44,75,,,2
55834579276,FIELD_IDENTIFIER,2,,,data,data,53,75,,,2
55834579277,FIELD_IDENTIFIER,2,,,error,error,16,77,,,2
55834579278,FIELD_IDENTIFIER,2,,,message,message,36,77,,,2
55834579279,FIELD_IDENTIFIER,2,,,ensureInitialized,ensureInitialized,9,87,,,2
55834579280,FIELD_IDENTIFIER,2,,,baseUrl,baseUrl,24,89,,,2
55834579281,FIELD_IDENTIFIER,2,,,get,get,35,92,,,2
55834579282,FIELD_IDENTIFIER,2,,,headers,headers,46,92,,,2
55834579283,FIELD_IDENTIFIER,2,,,getAuthHeader,getAuthHeader,60,92,,,2
55834579284,FIELD_IDENTIFIER,2,,,data,data,22,93,,,2
55834579285,FIELD_IDENTIFIER,2,,,total,total,27,93,,,2
55834579286,FIELD_IDENTIFIER,2,,,error,error,14,95,,,2
55834579287,FIELD_IDENTIFIER,2,,,response,response,14,96,,,2
55834579288,FIELD_IDENTIFIER,2,,,error,error,16,97,,,2
55834579289,FIELD_IDENTIFIER,2,,,response,response,46,97,,,2
55834579290,FIELD_IDENTIFIER,2,,,status,status,55,97,,,2
55834579291,FIELD_IDENTIFIER,2,,,error,error,16,98,,,2
55834579292,FIELD_IDENTIFIER,2,,,response,response,44,98,,,2
55834579293,FIELD_IDENTIFIER,2,,,data,data,53,98,,,2
55834579294,FIELD_IDENTIFIER,2,,,ensureInitialized,ensureInitialized,9,108,,,2
55834579295,FIELD_IDENTIFIER,2,,,baseUrl,baseUrl,24,110,,,2
55834579296,FIELD_IDENTIFIER,2,,,log,log,14,113,,,2
55834579297,FIELD_IDENTIFIER,2,,,get,get,35,114,,,2
55834579298,FIELD_IDENTIFIER,2,,,headers,headers,46,114,,,2
55834579299,FIELD_IDENTIFIER,2,,,getAuthHeader,getAuthHeader,60,114,,,2
55834579300,FIELD_IDENTIFIER,2,,,log,log,14,115,,,2
55834579301,FIELD_IDENTIFIER,2,,,data,data,65,115,,,2
55834579302,FIELD_IDENTIFIER,2,,,data,data,22,116,,,2
55834579303,FIELD_IDENTIFIER,2,,,error,error,14,118,,,2
55834579304,FIELD_IDENTIFIER,2,,,response,response,14,119,,,2
55834579305,FIELD_IDENTIFIER,2,,,error,error,16,120,,,2
55834579306,FIELD_IDENTIFIER,2,,,response,response,46,120,,,2
55834579307,FIELD_IDENTIFIER,2,,,status,status,55,120,,,2
55834579308,FIELD_IDENTIFIER,2,,,SonarQubeComponentMeasures,SonarQubeComponentMeasures,0,2,,,2
55834579309,FIELD_IDENTIFIER,2,,,SonarMaintainabilityApiService,SonarMaintainabilityApiService,0,4,,,2
55834579310,FIELD_IDENTIFIER,2,,,metric,metric,43,20,,,2
55834579311,FIELD_IDENTIFIER,2,,,find,find,31,20,,,2
55834579312,FIELD_IDENTIFIER,2,,,value,value,18,24,,,2
55834579313,FIELD_IDENTIFIER,2,,,value,value,34,25,,,2
55834579314,FIELD_IDENTIFIER,2,,,period,period,18,29,,,2
55834579315,FIELD_IDENTIFIER,2,,,value,value,26,29,,,2
55834579316,FIELD_IDENTIFIER,2,,,period,period,34,30,,,2
55834579317,FIELD_IDENTIFIER,2,,,value,value,41,30,,,2
55834579318,FIELD_IDENTIFIER,2,,,measures,measures,31,16,,,2
55834579319,FIELD_IDENTIFIER,2,,,getRatingLetter,getRatingLetter,40,38,,,2
55834579320,FIELD_IDENTIFIER,2,,,maintainability_high,maintainability_high,6,41,,,2
55834579321,FIELD_IDENTIFIER,2,,,maintainability_blocker,maintainability_blocker,6,42,,,2
55834579322,FIELD_IDENTIFIER,2,,,technical_debt_ratio,technical_debt_ratio,6,43,,,2
55834579323,FIELD_IDENTIFIER,2,,,maintainability_rating,maintainability_rating,6,44,,,2
55834579324,FIELD_IDENTIFIER,2,,,code_smells_total,code_smells_total,6,45,,,2
55834579325,FIELD_IDENTIFIER,2,,,code_smells_new,code_smells_new,6,46,,,2
55834579326,FIELD_IDENTIFIER,2,,,cyclomatic_complexity,cyclomatic_complexity,6,47,,,2
55834579327,FIELD_IDENTIFIER,2,,,cognitive_complexity,cognitive_complexity,6,48,,,2
55834579328,FIELD_IDENTIFIER,2,,,duplicated_code_percentage,duplicated_code_percentage,6,49,,,2
55834579329,FIELD_IDENTIFIER,2,,,duplicated_lines_new,duplicated_lines_new,6,50,,,2
55834579330,FIELD_IDENTIFIER,2,,,log,log,12,53,,,2
55834579331,FIELD_IDENTIFIER,2,,,SonarQubeComponentMeasures,SonarQubeComponentMeasures,0,1,,,2
55834579332,FIELD_IDENTIFIER,2,,,SonarQubeMaintainabilityCalculationResult,SonarQubeMaintainabilityCalculationResult,0,1,,,2
55834579333,FIELD_IDENTIFIER,2,,,SonarMaintainabilityCalculationService,SonarMaintainabilityCalculationService,0,6,,,2
55834579334,FIELD_IDENTIFIER,2,,,getRatingValue,getRatingValue,29,21,,,2
55834579335,FIELD_IDENTIFIER,2,,,maintainability_rating,maintainability_rating,52,21,,,2
55834579336,FIELD_IDENTIFIER,2,,,push,push,6,42,,,2
55834579337,FIELD_IDENTIFIER,2,,,push,push,6,43,,,2
55834579338,FIELD_IDENTIFIER,2,,,maintainability_high,maintainability_high,14,43,,,2
55834579339,FIELD_IDENTIFIER,2,,,push,push,6,44,,,2
55834579340,FIELD_IDENTIFIER,2,,,maintainability_blocker,maintainability_blocker,14,44,,,2
55834579341,FIELD_IDENTIFIER,2,,,push,push,6,45,,,2
55834579342,FIELD_IDENTIFIER,2,,,technical_debt_ratio,technical_debt_ratio,14,45,,,2
55834579343,FIELD_IDENTIFIER,2,,,push,push,6,46,,,2
55834579344,FIELD_IDENTIFIER,2,,,maintainability_rating,maintainability_rating,14,46,,,2
55834579345,FIELD_IDENTIFIER,2,,,push,push,6,47,,,2
55834579346,FIELD_IDENTIFIER,2,,,push,push,6,48,,,2
55834579347,FIELD_IDENTIFIER,2,,,code_smells_total,code_smells_total,14,48,,,2
55834579348,FIELD_IDENTIFIER,2,,,push,push,6,49,,,2
55834579349,FIELD_IDENTIFIER,2,,,code_smells_new,code_smells_new,14,49,,,2
55834579350,FIELD_IDENTIFIER,2,,,push,push,6,50,,,2
55834579351,FIELD_IDENTIFIER,2,,,cyclomatic_complexity,cyclomatic_complexity,14,50,,,2
55834579352,FIELD_IDENTIFIER,2,,,push,push,6,51,,,2
55834579353,FIELD_IDENTIFIER,2,,,cognitive_complexity,cognitive_complexity,14,51,,,2
55834579354,FIELD_IDENTIFIER,2,,,push,push,6,52,,,2
55834579355,FIELD_IDENTIFIER,2,,,duplicated_code_percentage,duplicated_code_percentage,14,52,,,2
55834579356,FIELD_IDENTIFIER,2,,,push,push,6,53,,,2
55834579357,FIELD_IDENTIFIER,2,,,duplicated_lines_new,duplicated_lines_new,14,53,,,2
55834579358,FIELD_IDENTIFIER,2,,,query,query,17,57,,,2
55834579359,FIELD_IDENTIFIER,2,,,log,log,14,58,,,2
55834579360,FIELD_IDENTIFIER,2,,,error,error,14,60,,,2
55834579361,FIELD_IDENTIFIER,2,,,message,message,96,60,,,2
55834579362,FIELD_IDENTIFIER,2,,,maintainability_rating,maintainability_rating,6,76,,,2
55834579363,FIELD_IDENTIFIER,2,,,maintainability_rating,maintainability_rating,38,76,,,2
55834579364,FIELD_IDENTIFIER,2,,,technical_debt_ratio,technical_debt_ratio,6,77,,,2
55834579365,FIELD_IDENTIFIER,2,,,technical_debt_ratio,technical_debt_ratio,36,77,,,2
55834579366,FIELD_IDENTIFIER,2,,,code_smells_total,code_smells_total,6,78,,,2
55834579367,FIELD_IDENTIFIER,2,,,code_smells_total,code_smells_total,33,78,,,2
55834579368,FIELD_IDENTIFIER,2,,,duplicated_code_percentage,duplicated_code_percentage,6,79,,,2
55834579369,FIELD_IDENTIFIER,2,,,duplicated_code_percentage,duplicated_code_percentage,42,79,,,2
55834579370,FIELD_IDENTIFIER,2,,,push,push,6,98,,,2
55834579371,FIELD_IDENTIFIER,2,,,push,push,6,99,,,2
55834579372,FIELD_IDENTIFIER,2,,,maintainability_high,maintainability_high,14,99,,,2
55834579373,FIELD_IDENTIFIER,2,,,push,push,6,100,,,2
55834579374,FIELD_IDENTIFIER,2,,,maintainability_blocker,maintainability_blocker,14,100,,,2
55834579375,FIELD_IDENTIFIER,2,,,push,push,6,101,,,2
55834579376,FIELD_IDENTIFIER,2,,,technical_debt_ratio,technical_debt_ratio,14,101,,,2
55834579377,FIELD_IDENTIFIER,2,,,push,push,6,102,,,2
55834579378,FIELD_IDENTIFIER,2,,,maintainability_rating,maintainability_rating,14,102,,,2
55834579379,FIELD_IDENTIFIER,2,,,push,push,6,103,,,2
55834579380,FIELD_IDENTIFIER,2,,,code_smells_total,code_smells_total,14,103,,,2
55834579381,FIELD_IDENTIFIER,2,,,push,push,6,104,,,2
55834579382,FIELD_IDENTIFIER,2,,,duplicated_code_percentage,duplicated_code_percentage,14,104,,,2
55834579383,FIELD_IDENTIFIER,2,,,push,push,6,105,,,2
55834579384,FIELD_IDENTIFIER,2,,,query,query,17,109,,,2
55834579385,FIELD_IDENTIFIER,2,,,log,log,14,110,,,2
55834579386,FIELD_IDENTIFIER,2,,,error,error,14,112,,,2
55834579387,FIELD_IDENTIFIER,2,,,message,message,108,112,,,2
55834579388,FIELD_IDENTIFIER,2,,,query,query,32,131,,,2
55834579389,FIELD_IDENTIFIER,2,,,push,push,46,131,,,2
55834579390,FIELD_IDENTIFIER,2,,,rows,rows,20,132,,,2
55834579391,FIELD_IDENTIFIER,2,,,length,length,25,132,,,2
55834579392,FIELD_IDENTIFIER,2,,,rows,rows,45,132,,,2
55834579393,FIELD_IDENTIFIER,2,,,error,error,14,134,,,2
55834579394,FIELD_IDENTIFIER,2,,,message,message,95,134,,,2
55834579395,FIELD_IDENTIFIER,2,,,query,query,32,153,,,2
55834579396,FIELD_IDENTIFIER,2,,,push,push,46,153,,,2
55834579397,FIELD_IDENTIFIER,2,,,rows,rows,20,154,,,2
55834579398,FIELD_IDENTIFIER,2,,,error,error,14,156,,,2
55834579399,FIELD_IDENTIFIER,2,,,message,message,103,156,,,2
55834579400,FIELD_IDENTIFIER,2,,,query,query,32,174,,,2
55834579401,FIELD_IDENTIFIER,2,,,push,push,46,174,,,2
55834579402,FIELD_IDENTIFIER,2,,,rows,rows,20,175,,,2
55834579403,FIELD_IDENTIFIER,2,,,error,error,14,177,,,2
55834579404,FIELD_IDENTIFIER,2,,,message,message,99,177,,,2
55834579405,FIELD_IDENTIFIER,2,,,query,query,17,189,,,2
55834579406,FIELD_IDENTIFIER,2,,,push,push,95,189,,,2
55834579407,FIELD_IDENTIFIER,2,,,query,query,17,190,,,2
55834579408,FIELD_IDENTIFIER,2,,,push,push,95,190,,,2
55834579409,FIELD_IDENTIFIER,2,,,log,log,14,191,,,2
55834579410,FIELD_IDENTIFIER,2,,,error,error,14,193,,,2
55834579411,FIELD_IDENTIFIER,2,,,message,message,98,193,,,2
55834579412,FIELD_IDENTIFIER,2,,,A,A,6,203,,,2
55834579413,FIELD_IDENTIFIER,2,,,B,B,6,204,,,2
55834579414,FIELD_IDENTIFIER,2,,,C,C,6,205,,,2
55834579415,FIELD_IDENTIFIER,2,,,D,D,6,206,,,2
55834579416,FIELD_IDENTIFIER,2,,,E,E,6,207,,,2
55834579417,FIELD_IDENTIFIER,2,,,getPool,getPool,0,1,,,2
55834579418,FIELD_IDENTIFIER,2,,,SonarQubeMaintainabilityMetrics,SonarQubeMaintainabilityMetrics,0,2,,,2
55834579419,FIELD_IDENTIFIER,2,,,SonarQubeMaintainabilityHistory,SonarQubeMaintainabilityHistory,0,2,,,2
55834579420,FIELD_IDENTIFIER,2,,,SonarQubeMaintainabilityCalculationResult,SonarQubeMaintainabilityCalculationResult,0,2,,,2
55834579421,FIELD_IDENTIFIER,2,,,calculateMaintainabilityHealthScore,calculateMaintainabilityHealthScore,0,7,,,2
55834579422,FIELD_IDENTIFIER,2,,,SonarMaintainabilityDbService,SonarMaintainabilityDbService,0,9,,,2
55834579423,FIELD_IDENTIFIER,2,,,apiService,apiService,9,12,,,2
55834579424,FIELD_IDENTIFIER,2,,,calculationService,calculationService,9,13,,,2
55834579425,FIELD_IDENTIFIER,2,,,dbService,dbService,9,14,,,2
55834579426,FIELD_IDENTIFIER,2,,,log,log,12,21,,,2
55834579427,FIELD_IDENTIFIER,2,,,log,log,14,30,,,2
55834579428,FIELD_IDENTIFIER,2,,,apiService,apiService,39,33,,,2
55834579429,FIELD_IDENTIFIER,2,,,getNewCodePeriod,getNewCodePeriod,50,33,,,2
55834579430,FIELD_IDENTIFIER,2,,,fetchSonarQubeData,fetchSonarQubeData,35,36,,,2
55834579431,FIELD_IDENTIFIER,2,,,calculationService,calculationService,27,39,,,2
55834579432,FIELD_IDENTIFIER,2,,,calculateMetrics,calculateMetrics,46,39,,,2
55834579433,FIELD_IDENTIFIER,2,,,measures,measures,18,40,,,2
55834579434,FIELD_IDENTIFIER,2,,,highCount,highCount,18,41,,,2
55834579435,FIELD_IDENTIFIER,2,,,blockerCount,blockerCount,18,42,,,2
55834579436,FIELD_IDENTIFIER,2,,,log,log,14,45,,,2
55834579437,FIELD_IDENTIFIER,2,,,maintainability_high,maintainability_high,8,46,,,2
55834579438,FIELD_IDENTIFIER,2,,,maintainability_high,maintainability_high,38,46,,,2
55834579439,FIELD_IDENTIFIER,2,,,maintainability_blocker,maintainability_blocker,8,47,,,2
55834579440,FIELD_IDENTIFIER,2,,,maintainability_blocker,maintainability_blocker,41,47,,,2
55834579441,FIELD_IDENTIFIER,2,,,technical_debt_ratio,technical_debt_ratio,8,48,,,2
55834579442,FIELD_IDENTIFIER,2,,,technical_debt_ratio,technical_debt_ratio,38,48,,,2
55834579443,FIELD_IDENTIFIER,2,,,maintainability_rating,maintainability_rating,8,49,,,2
55834579444,FIELD_IDENTIFIER,2,,,maintainability_rating,maintainability_rating,40,49,,,2
55834579445,FIELD_IDENTIFIER,2,,,code_smells_total,code_smells_total,8,50,,,2
55834579446,FIELD_IDENTIFIER,2,,,code_smells_total,code_smells_total,35,50,,,2
55834579447,FIELD_IDENTIFIER,2,,,code_smells_new,code_smells_new,8,51,,,2
55834579448,FIELD_IDENTIFIER,2,,,code_smells_new,code_smells_new,33,51,,,2
55834579449,FIELD_IDENTIFIER,2,,,dbService,dbService,17,55,,,2
55834579450,FIELD_IDENTIFIER,2,,,saveMetrics,saveMetrics,27,55,,,2
55834579451,FIELD_IDENTIFIER,2,,,dbService,dbService,17,58,,,2
55834579452,FIELD_IDENTIFIER,2,,,saveHistoricalSnapshot,saveHistoricalSnapshot,27,58,,,2
55834579453,FIELD_IDENTIFIER,2,,,log,log,14,60,,,2
55834579454,FIELD_IDENTIFIER,2,,,error,error,14,62,,,2
55834579455,FIELD_IDENTIFIER,2,,,message,message,96,62,,,2
55834579456,FIELD_IDENTIFIER,2,,,apiService,apiService,40,72,,,2
55834579457,FIELD_IDENTIFIER,2,,,getMaintainabilityMetrics,getMaintainabilityMetrics,51,72,,,2
55834579458,FIELD_IDENTIFIER,2,,,apiService,apiService,33,75,,,2
55834579459,FIELD_IDENTIFIER,2,,,getIssueCount,getIssueCount,44,75,,,2
55834579460,FIELD_IDENTIFIER,2,,,apiService,apiService,36,76,,,2
55834579461,FIELD_IDENTIFIER,2,,,getIssueCount,getIssueCount,47,76,,,2
55834579462,FIELD_IDENTIFIER,2,,,log,log,12,78,,,2
55834579463,FIELD_IDENTIFIER,2,,,hasComponent,hasComponent,6,79,,,2
55834579464,FIELD_IDENTIFIER,2,,,component,component,39,79,,,2
55834579465,FIELD_IDENTIFIER,2,,,hasMeasures,hasMeasures,6,80,,,2
55834579466,FIELD_IDENTIFIER,2,,,component,component,38,80,,,2
55834579467,FIELD_IDENTIFIER,2,,,measures,measures,49,80,,,2
55834579468,FIELD_IDENTIFIER,2,,,measuresCount,measuresCount,6,81,,,2
55834579469,FIELD_IDENTIFIER,2,,,component,component,38,81,,,2
55834579470,FIELD_IDENTIFIER,2,,,measures,measures,49,81,,,2
55834579471,FIELD_IDENTIFIER,2,,,length,length,59,81,,,2
55834579472,FIELD_IDENTIFIER,2,,,measures,measures,6,85,,,2
55834579473,FIELD_IDENTIFIER,2,,,component,component,33,85,,,2
55834579474,FIELD_IDENTIFIER,2,,,highCount,highCount,6,86,,,2
55834579475,FIELD_IDENTIFIER,2,,,blockerCount,blockerCount,6,87,,,2
55834579476,FIELD_IDENTIFIER,2,,,SonarMaintainabilityApiService,SonarMaintainabilityApiService,0,1,,,2
55834579477,FIELD_IDENTIFIER,2,,,SonarMaintainabilityCalculationService,SonarMaintainabilityCalculationService,0,2,,,2
55834579478,FIELD_IDENTIFIER,2,,,SonarMaintainabilityDbService,SonarMaintainabilityDbService,0,3,,,2
55834579479,FIELD_IDENTIFIER,2,,,getSonarProjectKey,getSonarProjectKey,0,4,,,2
55834579480,FIELD_IDENTIFIER,2,,,SonarMaintainabilitySyncService,SonarMaintainabilitySyncService,0,6,,,2
55834579481,FIELD_IDENTIFIER,2,,,baseUrl,baseUrl,9,10,,,2
55834579482,FIELD_IDENTIFIER,2,,,env,env,39,10,,,2
55834579483,FIELD_IDENTIFIER,2,,,SONARQUBE_URL,SONARQUBE_URL,43,10,,,2
55834579484,FIELD_IDENTIFIER,2,,,trim,trim,64,10,,,2
55834579485,FIELD_IDENTIFIER,2,,,replace,replace,71,10,,,2
55834579486,FIELD_IDENTIFIER,2,,,token,token,9,11,,,2
55834579487,FIELD_IDENTIFIER,2,,,env,env,35,11,,,2
55834579488,FIELD_IDENTIFIER,2,,,SONARQUBE_TOKEN,SONARQUBE_TOKEN,39,11,,,2
55834579489,FIELD_IDENTIFIER,2,,,trim,trim,62,11,,,2
55834579490,FIELD_IDENTIFIER,2,,,initialized,initialized,13,15,,,2
55834579491,FIELD_IDENTIFIER,2,,,baseUrl,baseUrl,14,17,,,2
55834579492,FIELD_IDENTIFIER,2,,,test,test,41,17,,,2
55834579493,FIELD_IDENTIFIER,2,,,baseUrl,baseUrl,51,17,,,2
55834579494,FIELD_IDENTIFIER,2,,,token,token,14,20,,,2
55834579495,FIELD_IDENTIFIER,2,,,initialized,initialized,9,24,,,2
55834579496,FIELD_IDENTIFIER,2,,,log,log,12,25,,,2
55834579497,FIELD_IDENTIFIER,2,,,baseUrl,baseUrl,76,25,,,2
55834579498,FIELD_IDENTIFIER,2,,,Authorization,Authorization,6,30,,,2
55834579499,FIELD_IDENTIFIER,2,,,token,token,49,30,,,2
55834579500,FIELD_IDENTIFIER,2,,,toString,toString,62,30,,,2
55834579501,FIELD_IDENTIFIER,2,,,ensureInitialized,ensureInitialized,9,38,,,2
55834579502,FIELD_IDENTIFIER,2,,,push,push,6,41,,,2
55834579503,FIELD_IDENTIFIER,2,,,push,push,6,42,,,2
55834579504,FIELD_IDENTIFIER,2,,,push,push,6,43,,,2
55834579505,FIELD_IDENTIFIER,2,,,push,push,6,44,,,2
55834579506,FIELD_IDENTIFIER,2,,,join,join,6,45,,,2
55834579507,FIELD_IDENTIFIER,2,,,baseUrl,baseUrl,24,47,,,2
55834579508,FIELD_IDENTIFIER,2,,,log,log,14,50,,,2
55834579509,FIELD_IDENTIFIER,2,,,get,get,35,51,,,2
55834579510,FIELD_IDENTIFIER,2,,,headers,headers,46,51,,,2
55834579511,FIELD_IDENTIFIER,2,,,getAuthHeader,getAuthHeader,60,51,,,2
55834579512,FIELD_IDENTIFIER,2,,,log,log,14,52,,,2
55834579513,FIELD_IDENTIFIER,2,,,data,data,55,52,,,2
55834579514,FIELD_IDENTIFIER,2,,,component,component,60,52,,,2
55834579515,FIELD_IDENTIFIER,2,,,measures,measures,71,52,,,2
55834579516,FIELD_IDENTIFIER,2,,,length,length,81,52,,,2
55834579517,FIELD_IDENTIFIER,2,,,data,data,22,53,,,2
55834579518,FIELD_IDENTIFIER,2,,,error,error,14,55,,,2
55834579519,FIELD_IDENTIFIER,2,,,response,response,14,56,,,2
55834579520,FIELD_IDENTIFIER,2,,,error,error,16,57,,,2
55834579521,FIELD_IDENTIFIER,2,,,response,response,46,57,,,2
55834579522,FIELD_IDENTIFIER,2,,,status,status,55,57,,,2
55834579523,FIELD_IDENTIFIER,2,,,error,error,16,58,,,2
55834579524,FIELD_IDENTIFIER,2,,,response,response,44,58,,,2
55834579525,FIELD_IDENTIFIER,2,,,data,data,53,58,,,2
55834579526,FIELD_IDENTIFIER,2,,,ensureInitialized,ensureInitialized,9,68,,,2
55834579527,FIELD_IDENTIFIER,2,,,baseUrl,baseUrl,24,70,,,2
55834579528,FIELD_IDENTIFIER,2,,,get,get,35,73,,,2
55834579529,FIELD_IDENTIFIER,2,,,headers,headers,46,73,,,2
55834579530,FIELD_IDENTIFIER,2,,,getAuthHeader,getAuthHeader,60,73,,,2
55834579531,FIELD_IDENTIFIER,2,,,data,data,22,74,,,2
55834579532,FIELD_IDENTIFIER,2,,,total,total,27,74,,,2
55834579533,FIELD_IDENTIFIER,2,,,error,error,14,76,,,2
55834579534,FIELD_IDENTIFIER,2,,,response,response,14,77,,,2
55834579535,FIELD_IDENTIFIER,2,,,error,error,16,78,,,2
55834579536,FIELD_IDENTIFIER,2,,,response,response,46,78,,,2
55834579537,FIELD_IDENTIFIER,2,,,status,status,55,78,,,2
55834579538,FIELD_IDENTIFIER,2,,,SonarQubeComponentMeasures,SonarQubeComponentMeasures,0,2,,,2
55834579539,FIELD_IDENTIFIER,2,,,SonarReliabilityApiService,SonarReliabilityApiService,0,4,,,2
55834579540,FIELD_IDENTIFIER,2,,,metric,metric,43,17,,,2
55834579541,FIELD_IDENTIFIER,2,,,find,find,31,17,,,2
55834579542,FIELD_IDENTIFIER,2,,,value,value,18,21,,,2
55834579543,FIELD_IDENTIFIER,2,,,value,value,34,22,,,2
55834579544,FIELD_IDENTIFIER,2,,,period,period,18,26,,,2
55834579545,FIELD_IDENTIFIER,2,,,value,value,26,26,,,2
55834579546,FIELD_IDENTIFIER,2,,,period,period,34,27,,,2
55834579547,FIELD_IDENTIFIER,2,,,value,value,41,27,,,2
55834579548,FIELD_IDENTIFIER,2,,,measures,measures,31,13,,,2
55834579549,FIELD_IDENTIFIER,2,,,getRatingLetter,getRatingLetter,36,35,,,2
55834579550,FIELD_IDENTIFIER,2,,,bugs_total,bugs_total,6,38,,,2
55834579551,FIELD_IDENTIFIER,2,,,bugs_critical,bugs_critical,6,39,,,2
55834579552,FIELD_IDENTIFIER,2,,,bugs_blocker,bugs_blocker,6,40,,,2
55834579553,FIELD_IDENTIFIER,2,,,bugs_new,bugs_new,6,41,,,2
55834579554,FIELD_IDENTIFIER,2,,,reliability_rating,reliability_rating,6,42,,,2
55834579555,FIELD_IDENTIFIER,2,,,reliability_remediation_effort,reliability_remediation_effort,6,43,,,2
55834579556,FIELD_IDENTIFIER,2,,,log,log,12,46,,,2
55834579557,FIELD_IDENTIFIER,2,,,SonarQubeReliabilityCalculationResult,SonarQubeReliabilityCalculationResult,0,1,,,2
55834579558,FIELD_IDENTIFIER,2,,,SonarReliabilityCalculationService,SonarReliabilityCalculationService,0,3,,,2
55834579559,FIELD_IDENTIFIER,2,,,getRatingValue,getRatingValue,29,21,,,2
55834579560,FIELD_IDENTIFIER,2,,,reliability_rating,reliability_rating,52,21,,,2
55834579561,FIELD_IDENTIFIER,2,,,push,push,6,38,,,2
55834579562,FIELD_IDENTIFIER,2,,,push,push,6,39,,,2
55834579563,FIELD_IDENTIFIER,2,,,bugs_total,bugs_total,14,39,,,2
55834579564,FIELD_IDENTIFIER,2,,,push,push,6,40,,,2
55834579565,FIELD_IDENTIFIER,2,,,bugs_critical,bugs_critical,14,40,,,2
55834579566,FIELD_IDENTIFIER,2,,,push,push,6,41,,,2
55834579567,FIELD_IDENTIFIER,2,,,bugs_blocker,bugs_blocker,14,41,,,2
55834579568,FIELD_IDENTIFIER,2,,,push,push,6,42,,,2
55834579569,FIELD_IDENTIFIER,2,,,bugs_new,bugs_new,14,42,,,2
55834579570,FIELD_IDENTIFIER,2,,,push,push,6,43,,,2
55834579571,FIELD_IDENTIFIER,2,,,reliability_rating,reliability_rating,14,43,,,2
55834579572,FIELD_IDENTIFIER,2,,,push,push,6,44,,,2
55834579573,FIELD_IDENTIFIER,2,,,push,push,6,45,,,2
55834579574,FIELD_IDENTIFIER,2,,,reliability_remediation_effort,reliability_remediation_effort,14,45,,,2
55834579575,FIELD_IDENTIFIER,2,,,query,query,17,49,,,2
55834579576,FIELD_IDENTIFIER,2,,,log,log,14,50,,,2
55834579577,FIELD_IDENTIFIER,2,,,error,error,14,52,,,2
55834579578,FIELD_IDENTIFIER,2,,,message,message,92,52,,,2
55834579579,FIELD_IDENTIFIER,2,,,reliability_rating,reliability_rating,6,68,,,2
55834579580,FIELD_IDENTIFIER,2,,,reliability_rating,reliability_rating,34,68,,,2
55834579581,FIELD_IDENTIFIER,2,,,bugs_total,bugs_total,6,69,,,2
55834579582,FIELD_IDENTIFIER,2,,,bugs_total,bugs_total,26,69,,,2
55834579583,FIELD_IDENTIFIER,2,,,push,push,6,84,,,2
55834579584,FIELD_IDENTIFIER,2,,,push,push,6,85,,,2
55834579585,FIELD_IDENTIFIER,2,,,bugs_total,bugs_total,14,85,,,2
55834579586,FIELD_IDENTIFIER,2,,,push,push,6,86,,,2
55834579587,FIELD_IDENTIFIER,2,,,reliability_rating,reliability_rating,14,86,,,2
55834579588,FIELD_IDENTIFIER,2,,,push,push,6,87,,,2
55834579589,FIELD_IDENTIFIER,2,,,query,query,17,91,,,2
55834579590,FIELD_IDENTIFIER,2,,,log,log,14,92,,,2
55834579591,FIELD_IDENTIFIER,2,,,error,error,14,94,,,2
55834579592,FIELD_IDENTIFIER,2,,,message,message,104,94,,,2
55834579593,FIELD_IDENTIFIER,2,,,query,query,32,113,,,2
55834579594,FIELD_IDENTIFIER,2,,,push,push,46,113,,,2
55834579595,FIELD_IDENTIFIER,2,,,rows,rows,20,114,,,2
55834579596,FIELD_IDENTIFIER,2,,,length,length,25,114,,,2
55834579597,FIELD_IDENTIFIER,2,,,rows,rows,45,114,,,2
55834579598,FIELD_IDENTIFIER,2,,,error,error,14,116,,,2
55834579599,FIELD_IDENTIFIER,2,,,message,message,91,116,,,2
55834579600,FIELD_IDENTIFIER,2,,,query,query,32,135,,,2
55834579601,FIELD_IDENTIFIER,2,,,push,push,46,135,,,2
55834579602,FIELD_IDENTIFIER,2,,,rows,rows,20,136,,,2
55834579603,FIELD_IDENTIFIER,2,,,error,error,14,138,,,2
55834579604,FIELD_IDENTIFIER,2,,,message,message,99,138,,,2
55834579605,FIELD_IDENTIFIER,2,,,query,query,17,150,,,2
55834579606,FIELD_IDENTIFIER,2,,,push,push,91,150,,,2
55834579607,FIELD_IDENTIFIER,2,,,query,query,17,151,,,2
55834579608,FIELD_IDENTIFIER,2,,,push,push,91,151,,,2
55834579609,FIELD_IDENTIFIER,2,,,log,log,14,152,,,2
55834579610,FIELD_IDENTIFIER,2,,,error,error,14,154,,,2
55834579611,FIELD_IDENTIFIER,2,,,message,message,94,154,,,2
55834579612,FIELD_IDENTIFIER,2,,,A,A,6,164,,,2
55834579613,FIELD_IDENTIFIER,2,,,B,B,6,165,,,2
55834579614,FIELD_IDENTIFIER,2,,,C,C,6,166,,,2
55834579615,FIELD_IDENTIFIER,2,,,D,D,6,167,,,2
55834579616,FIELD_IDENTIFIER,2,,,E,E,6,168,,,2
55834579617,FIELD_IDENTIFIER,2,,,getPool,getPool,0,1,,,2
55834579618,FIELD_IDENTIFIER,2,,,SonarQubeReliabilityMetrics,SonarQubeReliabilityMetrics,0,2,,,2
55834579619,FIELD_IDENTIFIER,2,,,SonarQubeReliabilityHistory,SonarQubeReliabilityHistory,0,2,,,2
55834579620,FIELD_IDENTIFIER,2,,,SonarQubeReliabilityCalculationResult,SonarQubeReliabilityCalculationResult,0,2,,,2
55834579621,FIELD_IDENTIFIER,2,,,calculateReliabilityHealthScore,calculateReliabilityHealthScore,0,7,,,2
55834579622,FIELD_IDENTIFIER,2,,,SonarReliabilityDbService,SonarReliabilityDbService,0,9,,,2
55834579623,FIELD_IDENTIFIER,2,,,apiService,apiService,9,12,,,2
55834579624,FIELD_IDENTIFIER,2,,,calculationService,calculationService,9,13,,,2
55834579625,FIELD_IDENTIFIER,2,,,dbService,dbService,9,14,,,2
55834579626,FIELD_IDENTIFIER,2,,,log,log,12,21,,,2
55834579627,FIELD_IDENTIFIER,2,,,log,log,14,30,,,2
55834579628,FIELD_IDENTIFIER,2,,,fetchSonarQubeData,fetchSonarQubeData,35,33,,,2
55834579629,FIELD_IDENTIFIER,2,,,calculationService,calculationService,27,36,,,2
55834579630,FIELD_IDENTIFIER,2,,,calculateMetrics,calculateMetrics,46,36,,,2
55834579631,FIELD_IDENTIFIER,2,,,measures,measures,18,37,,,2
55834579632,FIELD_IDENTIFIER,2,,,criticalCount,criticalCount,18,38,,,2
55834579633,FIELD_IDENTIFIER,2,,,blockerCount,blockerCount,18,39,,,2
55834579634,FIELD_IDENTIFIER,2,,,dbService,dbService,17,43,,,2
55834579635,FIELD_IDENTIFIER,2,,,saveMetrics,saveMetrics,27,43,,,2
55834579636,FIELD_IDENTIFIER,2,,,dbService,dbService,17,46,,,2
55834579637,FIELD_IDENTIFIER,2,,,saveHistoricalSnapshot,saveHistoricalSnapshot,27,46,,,2
55834579638,FIELD_IDENTIFIER,2,,,log,log,14,48,,,2
55834579639,FIELD_IDENTIFIER,2,,,error,error,14,50,,,2
55834579640,FIELD_IDENTIFIER,2,,,message,message,92,50,,,2
55834579641,FIELD_IDENTIFIER,2,,,apiService,apiService,40,60,,,2
55834579642,FIELD_IDENTIFIER,2,,,getReliabilityMetrics,getReliabilityMetrics,51,60,,,2
55834579643,FIELD_IDENTIFIER,2,,,apiService,apiService,37,63,,,2
55834579644,FIELD_IDENTIFIER,2,,,getBugCount,getBugCount,48,63,,,2
55834579645,FIELD_IDENTIFIER,2,,,apiService,apiService,36,64,,,2
55834579646,FIELD_IDENTIFIER,2,,,getBugCount,getBugCount,47,64,,,2
55834579647,FIELD_IDENTIFIER,2,,,measures,measures,6,67,,,2
55834579648,FIELD_IDENTIFIER,2,,,component,component,33,67,,,2
55834579649,FIELD_IDENTIFIER,2,,,criticalCount,criticalCount,6,68,,,2
55834579650,FIELD_IDENTIFIER,2,,,blockerCount,blockerCount,6,69,,,2
55834579651,FIELD_IDENTIFIER,2,,,SonarReliabilityApiService,SonarReliabilityApiService,0,1,,,2
55834579652,FIELD_IDENTIFIER,2,,,SonarReliabilityCalculationService,SonarReliabilityCalculationService,0,2,,,2
55834579653,FIELD_IDENTIFIER,2,,,SonarReliabilityDbService,SonarReliabilityDbService,0,3,,,2
55834579654,FIELD_IDENTIFIER,2,,,getSonarProjectKey,getSonarProjectKey,0,4,,,2
55834579655,FIELD_IDENTIFIER,2,,,SonarReliabilitySyncService,SonarReliabilitySyncService,0,6,,,2
55834579656,FIELD_IDENTIFIER,2,,,baseUrl,baseUrl,9,10,,,2
55834579657,FIELD_IDENTIFIER,2,,,env,env,39,10,,,2
55834579658,FIELD_IDENTIFIER,2,,,SONARQUBE_URL,SONARQUBE_URL,43,10,,,2
55834579659,FIELD_IDENTIFIER,2,,,trim,trim,64,10,,,2
55834579660,FIELD_IDENTIFIER,2,,,replace,replace,71,10,,,2
55834579661,FIELD_IDENTIFIER,2,,,token,token,9,11,,,2
55834579662,FIELD_IDENTIFIER,2,,,env,env,35,11,,,2
55834579663,FIELD_IDENTIFIER,2,,,SONARQUBE_TOKEN,SONARQUBE_TOKEN,39,11,,,2
55834579664,FIELD_IDENTIFIER,2,,,trim,trim,62,11,,,2
55834579665,FIELD_IDENTIFIER,2,,,initialized,initialized,13,15,,,2
55834579666,FIELD_IDENTIFIER,2,,,baseUrl,baseUrl,14,17,,,2
55834579667,FIELD_IDENTIFIER,2,,,test,test,41,17,,,2
55834579668,FIELD_IDENTIFIER,2,,,baseUrl,baseUrl,51,17,,,2
55834579669,FIELD_IDENTIFIER,2,,,token,token,14,20,,,2
55834579670,FIELD_IDENTIFIER,2,,,initialized,initialized,9,24,,,2
55834579671,FIELD_IDENTIFIER,2,,,log,log,12,25,,,2
55834579672,FIELD_IDENTIFIER,2,,,baseUrl,baseUrl,73,25,,,2
55834579673,FIELD_IDENTIFIER,2,,,Authorization,Authorization,6,30,,,2
55834579674,FIELD_IDENTIFIER,2,,,token,token,49,30,,,2
55834579675,FIELD_IDENTIFIER,2,,,toString,toString,62,30,,,2
55834579676,FIELD_IDENTIFIER,2,,,ensureInitialized,ensureInitialized,9,38,,,2
55834579677,FIELD_IDENTIFIER,2,,,push,push,6,41,,,2
55834579678,FIELD_IDENTIFIER,2,,,push,push,6,42,,,2
55834579679,FIELD_IDENTIFIER,2,,,push,push,6,43,,,2
55834579680,FIELD_IDENTIFIER,2,,,push,push,6,44,,,2
55834579681,FIELD_IDENTIFIER,2,,,push,push,6,45,,,2
55834579682,FIELD_IDENTIFIER,2,,,push,push,6,46,,,2
55834579683,FIELD_IDENTIFIER,2,,,push,push,6,47,,,2
55834579684,FIELD_IDENTIFIER,2,,,join,join,6,48,,,2
55834579685,FIELD_IDENTIFIER,2,,,baseUrl,baseUrl,24,50,,,2
55834579686,FIELD_IDENTIFIER,2,,,log,log,14,53,,,2
55834579687,FIELD_IDENTIFIER,2,,,get,get,35,54,,,2
55834579688,FIELD_IDENTIFIER,2,,,headers,headers,46,54,,,2
55834579689,FIELD_IDENTIFIER,2,,,getAuthHeader,getAuthHeader,60,54,,,2
55834579690,FIELD_IDENTIFIER,2,,,log,log,14,55,,,2
55834579691,FIELD_IDENTIFIER,2,,,data,data,55,55,,,2
55834579692,FIELD_IDENTIFIER,2,,,component,component,60,55,,,2
55834579693,FIELD_IDENTIFIER,2,,,measures,measures,71,55,,,2
55834579694,FIELD_IDENTIFIER,2,,,length,length,81,55,,,2
55834579695,FIELD_IDENTIFIER,2,,,data,data,22,56,,,2
55834579696,FIELD_IDENTIFIER,2,,,error,error,14,58,,,2
55834579697,FIELD_IDENTIFIER,2,,,response,response,14,59,,,2
55834579698,FIELD_IDENTIFIER,2,,,error,error,16,60,,,2
55834579699,FIELD_IDENTIFIER,2,,,response,response,46,60,,,2
55834579700,FIELD_IDENTIFIER,2,,,status,status,55,60,,,2
55834579701,FIELD_IDENTIFIER,2,,,error,error,16,61,,,2
55834579702,FIELD_IDENTIFIER,2,,,response,response,44,61,,,2
55834579703,FIELD_IDENTIFIER,2,,,data,data,53,61,,,2
55834579704,FIELD_IDENTIFIER,2,,,SonarQubeComponentMeasures,SonarQubeComponentMeasures,0,2,,,2
55834579705,FIELD_IDENTIFIER,2,,,SonarSecurityApiService,SonarSecurityApiService,0,4,,,2
55834579706,FIELD_IDENTIFIER,2,,,metric,metric,43,15,,,2
55834579707,FIELD_IDENTIFIER,2,,,find,find,31,15,,,2
55834579708,FIELD_IDENTIFIER,2,,,value,value,18,19,,,2
55834579709,FIELD_IDENTIFIER,2,,,value,value,34,20,,,2
55834579710,FIELD_IDENTIFIER,2,,,period,period,18,24,,,2
55834579711,FIELD_IDENTIFIER,2,,,value,value,26,24,,,2
55834579712,FIELD_IDENTIFIER,2,,,period,period,34,25,,,2
55834579713,FIELD_IDENTIFIER,2,,,value,value,41,25,,,2
55834579714,FIELD_IDENTIFIER,2,,,measures,measures,31,11,,,2
55834579715,FIELD_IDENTIFIER,2,,,getRatingLetter,getRatingLetter,33,33,,,2
55834579716,FIELD_IDENTIFIER,2,,,getRatingLetter,getRatingLetter,40,37,,,2
55834579717,FIELD_IDENTIFIER,2,,,vulnerabilities_total,vulnerabilities_total,6,40,,,2
55834579718,FIELD_IDENTIFIER,2,,,vulnerabilities_new,vulnerabilities_new,6,41,,,2
55834579719,FIELD_IDENTIFIER,2,,,security_rating,security_rating,6,42,,,2
55834579720,FIELD_IDENTIFIER,2,,,security_hotspots_total,security_hotspots_total,6,43,,,2
55834579721,FIELD_IDENTIFIER,2,,,security_hotspots_reviewed,security_hotspots_reviewed,6,44,,,2
55834579722,FIELD_IDENTIFIER,2,,,security_review_rating,security_review_rating,6,45,,,2
55834579723,FIELD_IDENTIFIER,2,,,security_remediation_effort,security_remediation_effort,6,46,,,2
55834579724,FIELD_IDENTIFIER,2,,,log,log,12,49,,,2
55834579725,FIELD_IDENTIFIER,2,,,SonarQubeSecurityCalculationResult,SonarQubeSecurityCalculationResult,0,1,,,2
55834579726,FIELD_IDENTIFIER,2,,,SonarSecurityCalculationService,SonarSecurityCalculationService,0,3,,,2
55834579727,FIELD_IDENTIFIER,2,,,getRatingValue,getRatingValue,37,21,,,2
55834579728,FIELD_IDENTIFIER,2,,,security_rating,security_rating,60,21,,,2
55834579729,FIELD_IDENTIFIER,2,,,getRatingValue,getRatingValue,43,22,,,2
55834579730,FIELD_IDENTIFIER,2,,,security_review_rating,security_review_rating,66,22,,,2
55834579731,FIELD_IDENTIFIER,2,,,push,push,6,41,,,2
55834579732,FIELD_IDENTIFIER,2,,,push,push,6,42,,,2
55834579733,FIELD_IDENTIFIER,2,,,vulnerabilities_total,vulnerabilities_total,14,42,,,2
55834579734,FIELD_IDENTIFIER,2,,,push,push,6,43,,,2
55834579735,FIELD_IDENTIFIER,2,,,vulnerabilities_new,vulnerabilities_new,14,43,,,2
55834579736,FIELD_IDENTIFIER,2,,,push,push,6,44,,,2
55834579737,FIELD_IDENTIFIER,2,,,security_rating,security_rating,14,44,,,2
55834579738,FIELD_IDENTIFIER,2,,,push,push,6,45,,,2
55834579739,FIELD_IDENTIFIER,2,,,push,push,6,46,,,2
55834579740,FIELD_IDENTIFIER,2,,,security_hotspots_total,security_hotspots_total,14,46,,,2
55834579741,FIELD_IDENTIFIER,2,,,push,push,6,47,,,2
55834579742,FIELD_IDENTIFIER,2,,,security_hotspots_reviewed,security_hotspots_reviewed,14,47,,,2
55834579743,FIELD_IDENTIFIER,2,,,push,push,6,48,,,2
55834579744,FIELD_IDENTIFIER,2,,,security_review_rating,security_review_rating,14,48,,,2
55834579745,FIELD_IDENTIFIER,2,,,push,push,6,49,,,2
55834579746,FIELD_IDENTIFIER,2,,,push,push,6,50,,,2
55834579747,FIELD_IDENTIFIER,2,,,security_remediation_effort,security_remediation_effort,14,50,,,2
55834579748,FIELD_IDENTIFIER,2,,,query,query,17,54,,,2
55834579749,FIELD_IDENTIFIER,2,,,log,log,14,55,,,2
55834579750,FIELD_IDENTIFIER,2,,,error,error,14,57,,,2
55834579751,FIELD_IDENTIFIER,2,,,message,message,89,57,,,2
55834579752,FIELD_IDENTIFIER,2,,,security_rating,security_rating,6,73,,,2
55834579753,FIELD_IDENTIFIER,2,,,security_rating,security_rating,31,73,,,2
55834579754,FIELD_IDENTIFIER,2,,,vulnerabilities_total,vulnerabilities_total,6,74,,,2
55834579755,FIELD_IDENTIFIER,2,,,vulnerabilities_total,vulnerabilities_total,37,74,,,2
55834579756,FIELD_IDENTIFIER,2,,,security_hotspots_total,security_hotspots_total,6,75,,,2
55834579757,FIELD_IDENTIFIER,2,,,security_hotspots_total,security_hotspots_total,39,75,,,2
55834579758,FIELD_IDENTIFIER,2,,,push,push,6,91,,,2
55834579759,FIELD_IDENTIFIER,2,,,push,push,6,92,,,2
55834579760,FIELD_IDENTIFIER,2,,,vulnerabilities_total,vulnerabilities_total,14,92,,,2
55834579761,FIELD_IDENTIFIER,2,,,push,push,6,93,,,2
55834579762,FIELD_IDENTIFIER,2,,,security_rating,security_rating,14,93,,,2
55834579763,FIELD_IDENTIFIER,2,,,push,push,6,94,,,2
55834579764,FIELD_IDENTIFIER,2,,,security_hotspots_total,security_hotspots_total,14,94,,,2
55834579765,FIELD_IDENTIFIER,2,,,push,push,6,95,,,2
55834579766,FIELD_IDENTIFIER,2,,,query,query,17,99,,,2
55834579767,FIELD_IDENTIFIER,2,,,log,log,14,100,,,2
55834579768,FIELD_IDENTIFIER,2,,,error,error,14,102,,,2
55834579769,FIELD_IDENTIFIER,2,,,message,message,101,102,,,2
55834579770,FIELD_IDENTIFIER,2,,,query,query,32,121,,,2
55834579771,FIELD_IDENTIFIER,2,,,push,push,46,121,,,2
55834579772,FIELD_IDENTIFIER,2,,,rows,rows,20,122,,,2
55834579773,FIELD_IDENTIFIER,2,,,length,length,25,122,,,2
55834579774,FIELD_IDENTIFIER,2,,,rows,rows,45,122,,,2
55834579775,FIELD_IDENTIFIER,2,,,error,error,14,124,,,2
55834579776,FIELD_IDENTIFIER,2,,,message,message,88,124,,,2
55834579777,FIELD_IDENTIFIER,2,,,query,query,32,143,,,2
55834579778,FIELD_IDENTIFIER,2,,,push,push,46,143,,,2
55834579779,FIELD_IDENTIFIER,2,,,rows,rows,20,144,,,2
55834579780,FIELD_IDENTIFIER,2,,,error,error,14,146,,,2
55834579781,FIELD_IDENTIFIER,2,,,message,message,96,146,,,2
55834579782,FIELD_IDENTIFIER,2,,,query,query,17,158,,,2
55834579783,FIELD_IDENTIFIER,2,,,push,push,88,158,,,2
55834579784,FIELD_IDENTIFIER,2,,,query,query,17,159,,,2
55834579785,FIELD_IDENTIFIER,2,,,push,push,88,159,,,2
55834579786,FIELD_IDENTIFIER,2,,,log,log,14,160,,,2
55834579787,FIELD_IDENTIFIER,2,,,error,error,14,162,,,2
55834579788,FIELD_IDENTIFIER,2,,,message,message,91,162,,,2
55834579789,FIELD_IDENTIFIER,2,,,getPool,getPool,0,1,,,2
55834579790,FIELD_IDENTIFIER,2,,,SonarQubeSecurityMetrics,SonarQubeSecurityMetrics,0,2,,,2
55834579791,FIELD_IDENTIFIER,2,,,SonarQubeSecurityHistory,SonarQubeSecurityHistory,0,2,,,2
55834579792,FIELD_IDENTIFIER,2,,,SonarQubeSecurityCalculationResult,SonarQubeSecurityCalculationResult,0,2,,,2
55834579793,FIELD_IDENTIFIER,2,,,calculateSecurityHealthScore,calculateSecurityHealthScore,0,7,,,2
55834579794,FIELD_IDENTIFIER,2,,,SonarSecurityDbService,SonarSecurityDbService,0,9,,,2
55834579795,FIELD_IDENTIFIER,2,,,apiService,apiService,9,12,,,2
55834579796,FIELD_IDENTIFIER,2,,,calculationService,calculationService,9,13,,,2
55834579797,FIELD_IDENTIFIER,2,,,dbService,dbService,9,14,,,2
55834579798,FIELD_IDENTIFIER,2,,,log,log,12,21,,,2
55834579799,FIELD_IDENTIFIER,2,,,log,log,14,30,,,2
55834579800,FIELD_IDENTIFIER,2,,,fetchSonarQubeData,fetchSonarQubeData,35,33,,,2
55834579801,FIELD_IDENTIFIER,2,,,calculationService,calculationService,27,36,,,2
55834579802,FIELD_IDENTIFIER,2,,,calculateMetrics,calculateMetrics,46,36,,,2
55834579803,FIELD_IDENTIFIER,2,,,measures,measures,73,36,,,2
55834579804,FIELD_IDENTIFIER,2,,,dbService,dbService,17,39,,,2
55834579805,FIELD_IDENTIFIER,2,,,saveMetrics,saveMetrics,27,39,,,2
55834579806,FIELD_IDENTIFIER,2,,,dbService,dbService,17,42,,,2
55834579807,FIELD_IDENTIFIER,2,,,saveHistoricalSnapshot,saveHistoricalSnapshot,27,42,,,2
55834579808,FIELD_IDENTIFIER,2,,,log,log,14,44,,,2
55834579809,FIELD_IDENTIFIER,2,,,error,error,14,46,,,2
55834579810,FIELD_IDENTIFIER,2,,,message,message,89,46,,,2
55834579811,FIELD_IDENTIFIER,2,,,apiService,apiService,40,56,,,2
55834579812,FIELD_IDENTIFIER,2,,,getSecurityMetrics,getSecurityMetrics,51,56,,,2
55834579813,FIELD_IDENTIFIER,2,,,measures,measures,6,59,,,2
55834579814,FIELD_IDENTIFIER,2,,,component,component,33,59,,,2
55834579815,FIELD_IDENTIFIER,2,,,SonarSecurityApiService,SonarSecurityApiService,0,1,,,2
55834579816,FIELD_IDENTIFIER,2,,,SonarSecurityCalculationService,SonarSecurityCalculationService,0,2,,,2
55834579817,FIELD_IDENTIFIER,2,,,SonarSecurityDbService,SonarSecurityDbService,0,3,,,2
55834579818,FIELD_IDENTIFIER,2,,,getSonarProjectKey,getSonarProjectKey,0,4,,,2
55834579819,FIELD_IDENTIFIER,2,,,SonarSecuritySyncService,SonarSecuritySyncService,0,6,,,2
55834579820,FIELD_IDENTIFIER,2,,,replace,replace,15,84,,,2
55834579821,FIELD_IDENTIFIER,2,,,trim,trim,36,84,,,2
55834579822,FIELD_IDENTIFIER,2,,,toLowerCase,toLowerCase,43,84,,,2
55834579823,FIELD_IDENTIFIER,2,,,next,next,8,62,,,2
55834579824,FIELD_IDENTIFIER,2,,,next,next,2,89,,,2
55834579825,FIELD_IDENTIFIER,2,,,name,name,23,94,,,2
55834579826,FIELD_IDENTIFIER,2,,,key,key,55,94,,,2
55834579827,FIELD_IDENTIFIER,2,,,key,key,36,100,,,2
55834579828,FIELD_IDENTIFIER,2,,,endsWith,endsWith,23,101,,,2
55834579829,FIELD_IDENTIFIER,2,,,includes,includes,51,101,,,2
55834579830,FIELD_IDENTIFIER,2,,,env,env,28,8,,,2
55834579831,FIELD_IDENTIFIER,2,,,SONARQUBE_URL,SONARQUBE_URL,32,8,,,2
55834579832,FIELD_IDENTIFIER,2,,,trim,trim,53,8,,,2
55834579833,FIELD_IDENTIFIER,2,,,replace,replace,60,8,,,2
55834579834,FIELD_IDENTIFIER,2,,,env,env,30,9,,,2
55834579835,FIELD_IDENTIFIER,2,,,SONARQUBE_TOKEN,SONARQUBE_TOKEN,34,9,,,2
55834579836,FIELD_IDENTIFIER,2,,,trim,trim,57,9,,,2
55834579837,FIELD_IDENTIFIER,2,,,env,env,28,10,,,2
55834579838,FIELD_IDENTIFIER,2,,,SONARQUBE_ORGANIZATION,SONARQUBE_ORGANIZATION,32,10,,,2
55834579839,FIELD_IDENTIFIER,2,,,trim,trim,62,10,,,2
55834579840,FIELD_IDENTIFIER,2,,,log,log,10,12,,,2
55834579841,FIELD_IDENTIFIER,2,,,log,log,10,13,,,2
55834579842,FIELD_IDENTIFIER,2,,,log,log,10,14,,,2
55834579843,FIELD_IDENTIFIER,2,,,substring,substring,50,14,,,2
55834579844,FIELD_IDENTIFIER,2,,,log,log,10,15,,,2
55834579845,FIELD_IDENTIFIER,2,,,length,length,44,15,,,2
55834579846,FIELD_IDENTIFIER,2,,,log,log,10,16,,,2
55834579847,FIELD_IDENTIFIER,2,,,error,error,12,19,,,2
55834579848,FIELD_IDENTIFIER,2,,,includes,includes,32,24,,,2
55834579849,FIELD_IDENTIFIER,2,,,warn,warn,12,27,,,2
55834579850,FIELD_IDENTIFIER,2,,,Authorization,Authorization,12,46,,,2
55834579851,FIELD_IDENTIFIER,2,,,Authorization,Authorization,12,47,,,2
55834579852,FIELD_IDENTIFIER,2,,,toString,toString,68,47,,,2
55834579853,FIELD_IDENTIFIER,2,,,get,get,31,49,,,2
55834579854,FIELD_IDENTIFIER,2,,,headers,headers,8,50,,,2
55834579855,FIELD_IDENTIFIER,2,,,data,data,24,52,,,2
55834579856,FIELD_IDENTIFIER,2,,,includes,includes,43,55,,,2
55834579857,FIELD_IDENTIFIER,2,,,log,log,14,59,,,2
55834579858,FIELD_IDENTIFIER,2,,,components,components,15,61,,,2
55834579859,FIELD_IDENTIFIER,2,,,isArray,isArray,35,61,,,2
55834579860,FIELD_IDENTIFIER,2,,,components,components,48,61,,,2
55834579861,FIELD_IDENTIFIER,2,,,components,components,29,62,,,2
55834579862,FIELD_IDENTIFIER,2,,,done,done,8,62,,,2
55834579863,FIELD_IDENTIFIER,2,,,value,value,8,62,,,2
55834579864,FIELD_IDENTIFIER,2,,,push,push,19,63,,,2
55834579865,FIELD_IDENTIFIER,2,,,key,key,26,63,,,2
55834579866,FIELD_IDENTIFIER,2,,,key,key,33,63,,,2
55834579867,FIELD_IDENTIFIER,2,,,name,name,38,63,,,2
55834579868,FIELD_IDENTIFIER,2,,,name,name,46,63,,,2
55834579869,FIELD_IDENTIFIER,2,,,paging,paging,19,66,,,2
55834579870,FIELD_IDENTIFIER,2,,,paging,paging,33,66,,,2
55834579871,FIELD_IDENTIFIER,2,,,total,total,40,66,,,2
55834579872,FIELD_IDENTIFIER,2,,,length,length,57,66,,,2
55834579873,FIELD_IDENTIFIER,2,,,length,length,22,68,,,2
55834579874,FIELD_IDENTIFIER,2,,,error,error,12,70,,,2
55834579875,FIELD_IDENTIFIER,2,,,message,message,63,70,,,2
55834579876,FIELD_IDENTIFIER,2,,,response,response,14,71,,,2
55834579877,FIELD_IDENTIFIER,2,,,error,error,14,72,,,2
55834579878,FIELD_IDENTIFIER,2,,,response,response,46,72,,,2
55834579879,FIELD_IDENTIFIER,2,,,status,status,55,72,,,2
55834579880,FIELD_IDENTIFIER,2,,,error,error,14,73,,,2
55834579881,FIELD_IDENTIFIER,2,,,response,response,44,73,,,2
55834579882,FIELD_IDENTIFIER,2,,,data,data,53,73,,,2
55834579883,FIELD_IDENTIFIER,2,,,query,query,32,79,,,2
55834579884,FIELD_IDENTIFIER,2,,,log,log,10,81,,,2
55834579885,FIELD_IDENTIFIER,2,,,length,length,37,81,,,2
55834579886,FIELD_IDENTIFIER,2,,,rows,rows,81,81,,,2
55834579887,FIELD_IDENTIFIER,2,,,length,length,86,81,,,2
55834579888,FIELD_IDENTIFIER,2,,,log,log,10,87,,,2
55834579889,FIELD_IDENTIFIER,2,,,rows,rows,37,89,,,2
55834579890,FIELD_IDENTIFIER,2,,,done,done,2,89,,,2
55834579891,FIELD_IDENTIFIER,2,,,value,value,2,89,,,2
55834579892,FIELD_IDENTIFIER,2,,,name,name,39,90,,,2
55834579893,FIELD_IDENTIFIER,2,,,find,find,25,93,,,2
55834579894,FIELD_IDENTIFIER,2,,,find,find,23,99,,,2
55834579895,FIELD_IDENTIFIER,2,,,query,query,17,106,,,2
55834579896,FIELD_IDENTIFIER,2,,,push,push,9,108,,,2
55834579897,FIELD_IDENTIFIER,2,,,key,key,15,108,,,2
55834579898,FIELD_IDENTIFIER,2,,,push,push,20,108,,,2
55834579899,FIELD_IDENTIFIER,2,,,id,id,30,108,,,2
55834579900,FIELD_IDENTIFIER,2,,,log,log,14,110,,,2
55834579901,FIELD_IDENTIFIER,2,,,name,name,34,110,,,2
55834579902,FIELD_IDENTIFIER,2,,,key,key,52,110,,,2
55834579903,FIELD_IDENTIFIER,2,,,log,log,14,112,,,2
55834579904,FIELD_IDENTIFIER,2,,,name,name,34,112,,,2
55834579905,FIELD_IDENTIFIER,2,,,query,query,28,120,,,2
55834579906,FIELD_IDENTIFIER,2,,,push,push,5,122,,,2
55834579907,FIELD_IDENTIFIER,2,,,rows,rows,13,124,,,2
55834579908,FIELD_IDENTIFIER,2,,,length,length,18,124,,,2
55834579909,FIELD_IDENTIFIER,2,,,rows,rows,39,124,,,2
55834579910,FIELD_IDENTIFIER,2,,,sonar_project_key,sonar_project_key,47,124,,,2
55834579911,FIELD_IDENTIFIER,2,,,rows,rows,18,125,,,2
55834579912,FIELD_IDENTIFIER,2,,,sonar_project_key,sonar_project_key,26,125,,,2
55834579913,FIELD_IDENTIFIER,2,,,getPool,getPool,0,1,,,2
55834579914,FIELD_IDENTIFIER,2,,,autoMapSonarProjectKeys,autoMapSonarProjectKeys,0,4,,,2
55834579915,FIELD_IDENTIFIER,2,,,getSonarProjectKey,getSonarProjectKey,0,118,,,2
55834579916,FIELD_IDENTIFIER,2,,,baseUrl,baseUrl,9,19,,,2
55834579917,FIELD_IDENTIFIER,2,,,env,env,39,19,,,2
55834579918,FIELD_IDENTIFIER,2,,,SONARQUBE_URL,SONARQUBE_URL,43,19,,,2
55834579919,FIELD_IDENTIFIER,2,,,trim,trim,64,19,,,2
55834579920,FIELD_IDENTIFIER,2,,,replace,replace,71,19,,,2
55834579921,FIELD_IDENTIFIER,2,,,token,token,9,20,,,2
55834579922,FIELD_IDENTIFIER,2,,,env,env,35,20,,,2
55834579923,FIELD_IDENTIFIER,2,,,SONARQUBE_TOKEN,SONARQUBE_TOKEN,39,20,,,2
55834579924,FIELD_IDENTIFIER,2,,,trim,trim,62,20,,,2
55834579925,FIELD_IDENTIFIER,2,,,isSonarCloud,isSonarCloud,9,21,,,2
55834579926,FIELD_IDENTIFIER,2,,,baseUrl,baseUrl,29,21,,,2
55834579927,FIELD_IDENTIFIER,2,,,includes,includes,37,21,,,2
55834579928,FIELD_IDENTIFIER,2,,,baseUrl,baseUrl,14,23,,,2
55834579929,FIELD_IDENTIFIER,2,,,test,test,41,23,,,2
55834579930,FIELD_IDENTIFIER,2,,,baseUrl,baseUrl,51,23,,,2
55834579931,FIELD_IDENTIFIER,2,,,token,token,14,26,,,2
55834579932,FIELD_IDENTIFIER,2,,,log,log,12,30,,,2
55834579933,FIELD_IDENTIFIER,2,,,baseUrl,baseUrl,66,30,,,2
55834579934,FIELD_IDENTIFIER,2,,,isSonarCloud,isSonarCloud,13,34,,,2
55834579935,FIELD_IDENTIFIER,2,,,Authorization,Authorization,8,36,,,2
55834579936,FIELD_IDENTIFIER,2,,,token,token,38,36,,,2
55834579937,FIELD_IDENTIFIER,2,,,Authorization,Authorization,6,40,,,2
55834579938,FIELD_IDENTIFIER,2,,,token,token,49,40,,,2
55834579939,FIELD_IDENTIFIER,2,,,toString,toString,62,40,,,2
55834579940,FIELD_IDENTIFIER,2,,,baseUrl,baseUrl,26,49,,,2
55834579941,FIELD_IDENTIFIER,2,,,get,get,33,51,,,2
55834579942,FIELD_IDENTIFIER,2,,,headers,headers,44,51,,,2
55834579943,FIELD_IDENTIFIER,2,,,getAuthHeader,getAuthHeader,58,51,,,2
55834579944,FIELD_IDENTIFIER,2,,,data,data,27,52,,,2
55834579945,FIELD_IDENTIFIER,2,,,total,total,32,52,,,2
55834579946,FIELD_IDENTIFIER,2,,,log,log,16,53,,,2
55834579947,FIELD_IDENTIFIER,2,,,error,error,16,57,,,2
55834579948,FIELD_IDENTIFIER,2,,,response,response,16,58,,,2
55834579949,FIELD_IDENTIFIER,2,,,error,error,18,59,,,2
55834579950,FIELD_IDENTIFIER,2,,,response,response,48,59,,,2
55834579951,FIELD_IDENTIFIER,2,,,status,status,57,59,,,2
55834579952,FIELD_IDENTIFIER,2,,,error,error,18,60,,,2
55834579953,FIELD_IDENTIFIER,2,,,response,response,53,60,,,2
55834579954,FIELD_IDENTIFIER,2,,,data,data,62,60,,,2
55834579955,FIELD_IDENTIFIER,2,,,response,response,86,60,,,2
55834579956,FIELD_IDENTIFIER,2,,,data,data,95,60,,,2
55834579957,FIELD_IDENTIFIER,2,,,substring,substring,100,60,,,2
55834579958,FIELD_IDENTIFIER,2,,,response,response,124,60,,,2
55834579959,FIELD_IDENTIFIER,2,,,data,data,133,60,,,2
55834579960,FIELD_IDENTIFIER,2,,,error,error,18,62,,,2
55834579961,FIELD_IDENTIFIER,2,,,message,message,38,62,,,2
55834579962,FIELD_IDENTIFIER,2,,,log,log,12,45,,,2
55834579963,FIELD_IDENTIFIER,2,,,security_high,security_high,6,69,,,2
55834579964,FIELD_IDENTIFIER,2,,,security_blocker,security_blocker,6,70,,,2
55834579965,FIELD_IDENTIFIER,2,,,reliability_high,reliability_high,6,71,,,2
55834579966,FIELD_IDENTIFIER,2,,,reliability_blocker,reliability_blocker,6,72,,,2
55834579967,FIELD_IDENTIFIER,2,,,maintainability_high,maintainability_high,6,73,,,2
55834579968,FIELD_IDENTIFIER,2,,,maintainability_blocker,maintainability_blocker,6,74,,,2
55834579969,FIELD_IDENTIFIER,2,,,log,log,12,77,,,2
55834579970,FIELD_IDENTIFIER,2,,,SonarIssueCounts,SonarIssueCounts,0,3,,,2
55834579971,FIELD_IDENTIFIER,2,,,SonarQubeService,SonarQubeService,0,12,,,2
55834579972,FIELD_IDENTIFIER,2,,,GitLabCommit,GitLabCommit,0,4,,,2
55834579973,FIELD_IDENTIFIER,2,,,CommitHealthMetrics,CommitHealthMetrics,0,10,,,2
55834579974,FIELD_IDENTIFIER,2,,,CommitMetricsHistory,CommitMetricsHistory,0,47,,,2
55834579975,FIELD_IDENTIFIER,2,,,CommitMetricsCalculationResult,CommitMetricsCalculationResult,0,65,,,2
55834579976,FIELD_IDENTIFIER,2,,,GitLabCommitWithStats,GitLabCommitWithStats,0,83,,,2
55834579977,FIELD_IDENTIFIER,2,,,ContributorCommitData,ContributorCommitData,0,94,,,2
55834579978,FIELD_IDENTIFIER,2,,,DeploymentFrequency,DeploymentFrequency,0,3,,,2
55834579979,FIELD_IDENTIFIER,2,,,DeploymentFrequencyInput,DeploymentFrequencyInput,0,15,,,2
55834579980,FIELD_IDENTIFIER,2,,,LeadTimeChange,LeadTimeChange,0,23,,,2
55834579981,FIELD_IDENTIFIER,2,,,LeadTimeChangeInput,LeadTimeChangeInput,0,35,,,2
55834579982,FIELD_IDENTIFIER,2,,,ChangeFailureRate,ChangeFailureRate,0,42,,,2
55834579983,FIELD_IDENTIFIER,2,,,ChangeFailureRateInput,ChangeFailureRateInput,0,55,,,2
55834579984,FIELD_IDENTIFIER,2,,,TimeToRestoreService,TimeToRestoreService,0,63,,,2
55834579985,FIELD_IDENTIFIER,2,,,TimeToRestoreServiceInput,TimeToRestoreServiceInput,0,76,,,2
55834579986,FIELD_IDENTIFIER,2,,,DoraMetricsSummary,DoraMetricsSummary,0,85,,,2
55834579987,FIELD_IDENTIFIER,2,,,GitLabProject,GitLabProject,0,2,,,2
55834579988,FIELD_IDENTIFIER,2,,,GitLabNamespace,GitLabNamespace,0,23,,,2
55834579989,FIELD_IDENTIFIER,2,,,GitLabUser,GitLabUser,0,32,,,2
55834579990,FIELD_IDENTIFIER,2,,,GitLabCommit,GitLabCommit,0,41,,,2
55834579991,FIELD_IDENTIFIER,2,,,GitLabBranch,GitLabBranch,0,55,,,2
55834579992,FIELD_IDENTIFIER,2,,,GitLabGroup,GitLabGroup,0,67,,,2
55834579993,FIELD_IDENTIFIER,2,,,GitLabIssues,GitLabIssues,0,80,,,2
55834579994,FIELD_IDENTIFIER,2,,,GitLabMergeRequest,GitLabMergeRequest,0,96,,,2
55834579995,FIELD_IDENTIFIER,2,,,GitLabMilestone,GitLabMilestone,0,115,,,2
55834579996,FIELD_IDENTIFIER,2,,,gitlab.types,gitlab.types,0,2,,,2
55834579997,FIELD_IDENTIFIER,2,,,project.types,project.types,0,3,,,2
55834579998,FIELD_IDENTIFIER,2,,,doraMetrics.types,doraMetrics.types,0,4,,,2
55834579999,FIELD_IDENTIFIER,2,,,IssueHealthMetrics,IssueHealthMetrics,0,3,,,2
55834580000,FIELD_IDENTIFIER,2,,,IssueMetricsHistory,IssueMetricsHistory,0,52,,,2
55834580001,FIELD_IDENTIFIER,2,,,GitLabIssueStateEvent,GitLabIssueStateEvent,0,72,,,2
55834580002,FIELD_IDENTIFIER,2,,,GitLabIssueLink,GitLabIssueLink,0,85,,,2
55834580003,FIELD_IDENTIFIER,2,,,GitLabIssueMRReference,GitLabIssueMRReference,0,97,,,2
55834580004,FIELD_IDENTIFIER,2,,,IssueMetricsCalculationInput,IssueMetricsCalculationInput,0,108,,,2
55834580005,FIELD_IDENTIFIER,2,,,IssueMetricsCalculationResult,IssueMetricsCalculationResult,0,121,,,2
55834580006,FIELD_IDENTIFIER,2,,,WeekOverWeekComparison,WeekOverWeekComparison,0,163,,,2
55834580007,FIELD_IDENTIFIER,2,,,IssueMetricsTrends,IssueMetricsTrends,0,173,,,2
55834580008,FIELD_IDENTIFIER,2,,,MilestoneMetrics,MilestoneMetrics,0,4,,,2
55834580009,FIELD_IDENTIFIER,2,,,MilestoneWithIssueCount,MilestoneWithIssueCount,0,14,,,2
55834580010,FIELD_IDENTIFIER,2,,,GitLabMergeRequest,GitLabMergeRequest,0,4,,,2
55834580011,FIELD_IDENTIFIER,2,,,MRHealthMetrics,MRHealthMetrics,0,10,,,2
55834580012,FIELD_IDENTIFIER,2,,,MRMetricsHistory,MRMetricsHistory,0,74,,,2
55834580013,FIELD_IDENTIFIER,2,,,MRWeekOverWeekComparison,MRWeekOverWeekComparison,0,97,,,2
55834580014,FIELD_IDENTIFIER,2,,,GitLabMRNote,GitLabMRNote,0,108,,,2
55834580015,FIELD_IDENTIFIER,2,,,GitLabMRReviewer,GitLabMRReviewer,0,127,,,2
55834580016,FIELD_IDENTIFIER,2,,,MRFetchData,MRFetchData,0,138,,,2
55834580017,FIELD_IDENTIFIER,2,,,Project,Project,0,2,,,2
55834580018,FIELD_IDENTIFIER,2,,,ProjectNamespace,ProjectNamespace,0,18,,,2
55834580019,FIELD_IDENTIFIER,2,,,ProjectStatistics,ProjectStatistics,0,26,,,2
55834580020,FIELD_IDENTIFIER,2,,,ProjectWithStats,ProjectWithStats,0,38,,,2
55834580021,FIELD_IDENTIFIER,2,,,SonarQubeMaintainabilityMetrics,SonarQubeMaintainabilityMetrics,0,1,,,2
55834580022,FIELD_IDENTIFIER,2,,,SonarQubeMaintainabilityHistory,SonarQubeMaintainabilityHistory,0,16,,,2
55834580023,FIELD_IDENTIFIER,2,,,SonarQubeMaintainabilityCalculationResult,SonarQubeMaintainabilityCalculationResult,0,27,,,2
55834580024,FIELD_IDENTIFIER,2,,,SonarQubeMeasure,SonarQubeMeasure,0,41,,,2
55834580025,FIELD_IDENTIFIER,2,,,SonarQubeComponentMeasures,SonarQubeComponentMeasures,0,52,,,2
55834580026,FIELD_IDENTIFIER,2,,,SonarQubeReliabilityMetrics,SonarQubeReliabilityMetrics,0,62,,,2
55834580027,FIELD_IDENTIFIER,2,,,SonarQubeReliabilityHistory,SonarQubeReliabilityHistory,0,73,,,2
55834580028,FIELD_IDENTIFIER,2,,,SonarQubeReliabilityCalculationResult,SonarQubeReliabilityCalculationResult,0,80,,,2
55834580029,FIELD_IDENTIFIER,2,,,SonarQubeSecurityMetrics,SonarQubeSecurityMetrics,0,90,,,2
55834580030,FIELD_IDENTIFIER,2,,,SonarQubeSecurityHistory,SonarQubeSecurityHistory,0,102,,,2
55834580031,FIELD_IDENTIFIER,2,,,SonarQubeSecurityCalculationResult,SonarQubeSecurityCalculationResult,0,110,,,2
55834580032,FIELD_IDENTIFIER,2,,,avg_cycle_time_days,avg_cycle_time_days,14,15,,,2
55834580033,FIELD_IDENTIFIER,2,,,avg_cycle_time_days,avg_cycle_time_days,19,16,,,2
55834580034,FIELD_IDENTIFIER,2,,,avg_cycle_time_days,avg_cycle_time_days,19,17,,,2
55834580035,FIELD_IDENTIFIER,2,,,avg_cycle_time_days,avg_cycle_time_days,19,18,,,2
55834580036,FIELD_IDENTIFIER,2,,,avg_cycle_time_days,avg_cycle_time_days,19,19,,,2
55834580037,FIELD_IDENTIFIER,2,,,reopen_rate_percent,reopen_rate_percent,14,24,,,2
55834580038,FIELD_IDENTIFIER,2,,,reopen_rate_percent,reopen_rate_percent,19,25,,,2
55834580039,FIELD_IDENTIFIER,2,,,reopen_rate_percent,reopen_rate_percent,19,26,,,2
55834580040,FIELD_IDENTIFIER,2,,,reopen_rate_percent,reopen_rate_percent,19,27,,,2
55834580041,FIELD_IDENTIFIER,2,,,reopen_rate_percent,reopen_rate_percent,19,28,,,2
55834580042,FIELD_IDENTIFIER,2,,,issues_closed_last_7d,issues_closed_last_7d,14,33,,,2
55834580043,FIELD_IDENTIFIER,2,,,issues_closed_last_7d,issues_closed_last_7d,19,34,,,2
55834580044,FIELD_IDENTIFIER,2,,,issues_closed_last_7d,issues_closed_last_7d,19,35,,,2
55834580045,FIELD_IDENTIFIER,2,,,issues_closed_last_7d,issues_closed_last_7d,19,36,,,2
55834580046,FIELD_IDENTIFIER,2,,,issues_closed_last_7d,issues_closed_last_7d,19,37,,,2
55834580047,FIELD_IDENTIFIER,2,,,critical_issues_open,critical_issues_open,14,42,,,2
55834580048,FIELD_IDENTIFIER,2,,,critical_issues_open,critical_issues_open,19,43,,,2
55834580049,FIELD_IDENTIFIER,2,,,critical_issues_open,critical_issues_open,19,44,,,2
55834580050,FIELD_IDENTIFIER,2,,,critical_issues_open,critical_issues_open,19,45,,,2
55834580051,FIELD_IDENTIFIER,2,,,critical_issues_open,critical_issues_open,19,46,,,2
55834580052,FIELD_IDENTIFIER,2,,,round,round,14,55,,,2
55834580053,FIELD_IDENTIFIER,2,,,avg_merge_time_days,avg_merge_time_days,14,69,,,2
55834580054,FIELD_IDENTIFIER,2,,,avg_merge_time_days,avg_merge_time_days,19,70,,,2
55834580055,FIELD_IDENTIFIER,2,,,avg_merge_time_days,avg_merge_time_days,19,71,,,2
55834580056,FIELD_IDENTIFIER,2,,,avg_merge_time_days,avg_merge_time_days,19,72,,,2
55834580057,FIELD_IDENTIFIER,2,,,avg_merge_time_days,avg_merge_time_days,19,73,,,2
55834580058,FIELD_IDENTIFIER,2,,,revert_rate_percent,revert_rate_percent,14,78,,,2
55834580059,FIELD_IDENTIFIER,2,,,revert_rate_percent,revert_rate_percent,19,79,,,2
55834580060,FIELD_IDENTIFIER,2,,,revert_rate_percent,revert_rate_percent,19,80,,,2
55834580061,FIELD_IDENTIFIER,2,,,revert_rate_percent,revert_rate_percent,19,81,,,2
55834580062,FIELD_IDENTIFIER,2,,,revert_rate_percent,revert_rate_percent,19,82,,,2
55834580063,FIELD_IDENTIFIER,2,,,mrs_merged_last_7d,mrs_merged_last_7d,14,87,,,2
55834580064,FIELD_IDENTIFIER,2,,,mrs_merged_last_7d,mrs_merged_last_7d,19,88,,,2
55834580065,FIELD_IDENTIFIER,2,,,mrs_merged_last_7d,mrs_merged_last_7d,19,89,,,2
55834580066,FIELD_IDENTIFIER,2,,,mrs_merged_last_7d,mrs_merged_last_7d,19,90,,,2
55834580067,FIELD_IDENTIFIER,2,,,mrs_merged_last_7d,mrs_merged_last_7d,19,91,,,2
55834580068,FIELD_IDENTIFIER,2,,,avg_review_comments_per_mr,avg_review_comments_per_mr,14,96,,,2
55834580069,FIELD_IDENTIFIER,2,,,avg_review_comments_per_mr,avg_review_comments_per_mr,19,97,,,2
55834580070,FIELD_IDENTIFIER,2,,,avg_review_comments_per_mr,avg_review_comments_per_mr,19,98,,,2
55834580071,FIELD_IDENTIFIER,2,,,avg_review_comments_per_mr,avg_review_comments_per_mr,19,99,,,2
55834580072,FIELD_IDENTIFIER,2,,,avg_review_comments_per_mr,avg_review_comments_per_mr,19,100,,,2
55834580073,FIELD_IDENTIFIER,2,,,round,round,14,109,,,2
55834580074,FIELD_IDENTIFIER,2,,,total_commits_last_7d,total_commits_last_7d,14,122,,,2
55834580075,FIELD_IDENTIFIER,2,,,total_commits_last_7d,total_commits_last_7d,19,123,,,2
55834580076,FIELD_IDENTIFIER,2,,,total_commits_last_7d,total_commits_last_7d,19,124,,,2
55834580077,FIELD_IDENTIFIER,2,,,total_commits_last_7d,total_commits_last_7d,19,125,,,2
55834580078,FIELD_IDENTIFIER,2,,,total_commits_last_7d,total_commits_last_7d,19,126,,,2
55834580079,FIELD_IDENTIFIER,2,,,avg_commit_size,avg_commit_size,14,132,,,2
55834580080,FIELD_IDENTIFIER,2,,,avg_commit_size,avg_commit_size,19,133,,,2
55834580081,FIELD_IDENTIFIER,2,,,avg_commit_size,avg_commit_size,19,134,,,2
55834580082,FIELD_IDENTIFIER,2,,,avg_commit_size,avg_commit_size,19,135,,,2
55834580083,FIELD_IDENTIFIER,2,,,avg_commit_size,avg_commit_size,19,136,,,2
55834580084,FIELD_IDENTIFIER,2,,,bus_factor,bus_factor,14,142,,,2
55834580085,FIELD_IDENTIFIER,2,,,bus_factor,bus_factor,19,143,,,2
55834580086,FIELD_IDENTIFIER,2,,,bus_factor,bus_factor,19,144,,,2
55834580087,FIELD_IDENTIFIER,2,,,bus_factor,bus_factor,19,145,,,2
55834580088,FIELD_IDENTIFIER,2,,,bus_factor,bus_factor,19,146,,,2
55834580089,FIELD_IDENTIFIER,2,,,round,round,14,154,,,2
55834580090,FIELD_IDENTIFIER,2,,,reliability_rating,reliability_rating,14,166,,,2
55834580091,FIELD_IDENTIFIER,2,,,reliability_rating,reliability_rating,19,167,,,2
55834580092,FIELD_IDENTIFIER,2,,,reliability_rating,reliability_rating,19,168,,,2
55834580093,FIELD_IDENTIFIER,2,,,reliability_rating,reliability_rating,19,169,,,2
55834580094,FIELD_IDENTIFIER,2,,,reliability_rating,reliability_rating,19,170,,,2
55834580095,FIELD_IDENTIFIER,2,,,bugs_total,bugs_total,14,175,,,2
55834580096,FIELD_IDENTIFIER,2,,,bugs_total,bugs_total,19,176,,,2
55834580097,FIELD_IDENTIFIER,2,,,bugs_total,bugs_total,19,177,,,2
55834580098,FIELD_IDENTIFIER,2,,,bugs_total,bugs_total,19,178,,,2
55834580099,FIELD_IDENTIFIER,2,,,bugs_total,bugs_total,19,179,,,2
55834580100,FIELD_IDENTIFIER,2,,,round,round,14,186,,,2
55834580101,FIELD_IDENTIFIER,2,,,maintainability_rating,maintainability_rating,14,200,,,2
55834580102,FIELD_IDENTIFIER,2,,,maintainability_rating,maintainability_rating,19,201,,,2
55834580103,FIELD_IDENTIFIER,2,,,maintainability_rating,maintainability_rating,19,202,,,2
55834580104,FIELD_IDENTIFIER,2,,,maintainability_rating,maintainability_rating,19,203,,,2
55834580105,FIELD_IDENTIFIER,2,,,maintainability_rating,maintainability_rating,19,204,,,2
55834580106,FIELD_IDENTIFIER,2,,,technical_debt_ratio,technical_debt_ratio,14,209,,,2
55834580107,FIELD_IDENTIFIER,2,,,technical_debt_ratio,technical_debt_ratio,19,210,,,2
55834580108,FIELD_IDENTIFIER,2,,,technical_debt_ratio,technical_debt_ratio,19,211,,,2
55834580109,FIELD_IDENTIFIER,2,,,technical_debt_ratio,technical_debt_ratio,19,212,,,2
55834580110,FIELD_IDENTIFIER,2,,,technical_debt_ratio,technical_debt_ratio,19,213,,,2
55834580111,FIELD_IDENTIFIER,2,,,code_smells_total,code_smells_total,14,218,,,2
55834580112,FIELD_IDENTIFIER,2,,,code_smells_total,code_smells_total,19,219,,,2
55834580113,FIELD_IDENTIFIER,2,,,code_smells_total,code_smells_total,19,220,,,2
55834580114,FIELD_IDENTIFIER,2,,,code_smells_total,code_smells_total,19,221,,,2
55834580115,FIELD_IDENTIFIER,2,,,code_smells_total,code_smells_total,19,222,,,2
55834580116,FIELD_IDENTIFIER,2,,,duplicated_code_percentage,duplicated_code_percentage,14,227,,,2
55834580117,FIELD_IDENTIFIER,2,,,duplicated_code_percentage,duplicated_code_percentage,19,228,,,2
55834580118,FIELD_IDENTIFIER,2,,,duplicated_code_percentage,duplicated_code_percentage,19,229,,,2
55834580119,FIELD_IDENTIFIER,2,,,duplicated_code_percentage,duplicated_code_percentage,19,230,,,2
55834580120,FIELD_IDENTIFIER,2,,,duplicated_code_percentage,duplicated_code_percentage,19,231,,,2
55834580121,FIELD_IDENTIFIER,2,,,round,round,14,240,,,2
55834580122,FIELD_IDENTIFIER,2,,,security_rating,security_rating,14,253,,,2
55834580123,FIELD_IDENTIFIER,2,,,security_rating,security_rating,19,254,,,2
55834580124,FIELD_IDENTIFIER,2,,,security_rating,security_rating,19,255,,,2
55834580125,FIELD_IDENTIFIER,2,,,security_rating,security_rating,19,256,,,2
55834580126,FIELD_IDENTIFIER,2,,,security_rating,security_rating,19,257,,,2
55834580127,FIELD_IDENTIFIER,2,,,vulnerabilities_total,vulnerabilities_total,14,262,,,2
55834580128,FIELD_IDENTIFIER,2,,,vulnerabilities_total,vulnerabilities_total,19,263,,,2
55834580129,FIELD_IDENTIFIER,2,,,vulnerabilities_total,vulnerabilities_total,19,264,,,2
55834580130,FIELD_IDENTIFIER,2,,,vulnerabilities_total,vulnerabilities_total,19,265,,,2
55834580131,FIELD_IDENTIFIER,2,,,vulnerabilities_total,vulnerabilities_total,19,266,,,2
55834580132,FIELD_IDENTIFIER,2,,,security_hotspots_total,security_hotspots_total,14,271,,,2
55834580133,FIELD_IDENTIFIER,2,,,security_hotspots_total,security_hotspots_total,19,272,,,2
55834580134,FIELD_IDENTIFIER,2,,,security_hotspots_total,security_hotspots_total,19,273,,,2
55834580135,FIELD_IDENTIFIER,2,,,security_hotspots_total,security_hotspots_total,19,274,,,2
55834580136,FIELD_IDENTIFIER,2,,,security_hotspots_total,security_hotspots_total,19,275,,,2
55834580137,FIELD_IDENTIFIER,2,,,round,round,14,283,,,2
55834580138,FIELD_IDENTIFIER,2,,,calculateIssueHealthScore,calculateIssueHealthScore,0,7,,,2
55834580139,FIELD_IDENTIFIER,2,,,calculateMRHealthScore,calculateMRHealthScore,0,61,,,2
55834580140,FIELD_IDENTIFIER,2,,,calculateCommitHealthScore,calculateCommitHealthScore,0,115,,,2
55834580141,FIELD_IDENTIFIER,2,,,calculateReliabilityHealthScore,calculateReliabilityHealthScore,0,160,,,2
55834580142,FIELD_IDENTIFIER,2,,,calculateMaintainabilityHealthScore,calculateMaintainabilityHealthScore,0,192,,,2
55834580143,FIELD_IDENTIFIER,2,,,calculateSecurityHealthScore,calculateSecurityHealthScore,0,246,,,2
