94489280512,LOCAL,,Request,0,,<empty>,2,Request,,,0,,express:Request
94489280513,LOCAL,,Response,0,,<empty>,2,Response,,,0,,express:Response
94489280514,LOCAL,,geminiService,0,services/ai/geminiService.ts::program:GeminiService;GeminiService,<empty>,3,geminiService,,,0,,ANY
94489280515,LOCAL,,projectInsightsService,0,services/ai/projectInsightsService.ts::program:ProjectInsightsService;ProjectInsightsService,<empty>,4,projectInsightsService,,,0,,ANY
94489280516,LOCAL,,parseAndCorrectInsights,0,,<empty>,5,parseAndCorrectInsights,,,0,,(rawResponse: __ecma.String) => ANY
94489280517,LOCAL,,saveProjectInsights,0,,<empty>,6,saveProjectInsights,,,0,,"(projectName: __ecma.String, insightsData: ANY) => Promise<void>"
94489280518,LOCAL,,getLatestProjectInsights,0,,<empty>,6,getLatestProjectInsights,,,0,,(projectName: __ecma.String) => Promise<any>
94489280519,LOCAL,,getProjectInsightsHistoryById,0,,<empty>,6,getProjectInsightsHistoryById,,,0,,"(req: Request<ParamsDictionary, ANY, ANY, ParsedQs, Record<string, ANY>>, res: Response<any, Record<string, ANY>>) => Promise<...>"
94489280520,LOCAL,,getAllLatestProjectInsights,0,,<empty>,6,getAllLatestProjectInsights,,,0,,() => Promise<any[]>
94489280521,LOCAL,,_tmp_1,36,,<empty>,15,_tmp_1,,,0,,ANY
94489280522,LOCAL,,_tmp_2,15,,<empty>,20,_tmp_2,,,0,,ANY
94489280523,LOCAL,,_tmp_4,27,,<empty>,25,_tmp_4,,,0,,ANY
94489280524,LOCAL,,{ prompt },12,,<empty>,34,{ prompt },,,0,ANY,ANY
94489280525,LOCAL,,_tmp_5,12,,<empty>,34,_tmp_5,,,0,,express:Request:<member>(body)
94489280526,LOCAL,,prompt,14,,<empty>,34,prompt,,,0,,express:Request:<member>(body):<member>(prompt)
94489280527,LOCAL,,_tmp_7,36,,<empty>,37,_tmp_7,,,0,,ANY
94489280528,LOCAL,,response,12,,<empty>,40,response,,,0,__ecma.String,__ecma.String
94489280529,LOCAL,,_tmp_8,15,,<empty>,41,_tmp_8,,,0,,ANY
94489280530,LOCAL,,_tmp_10,27,,<empty>,43,_tmp_10,,,0,,ANY
94489280531,LOCAL,,"{ prompt, fileData, mimeType }",12,,<empty>,52,"{ prompt, fileData, mimeType }",,,0,ANY,ANY
94489280532,LOCAL,,_tmp_11,12,,<empty>,52,_tmp_11,,,0,,express:Request:<member>(body)
94489280533,LOCAL,,prompt,14,,<empty>,52,prompt,,,0,,express:Request:<member>(body):<member>(prompt)
94489280534,LOCAL,,fileData,22,,<empty>,52,fileData,,,0,,express:Request:<member>(body):<member>(fileData)
94489280535,LOCAL,,mimeType,32,,<empty>,52,mimeType,,,0,,express:Request:<member>(body):<member>(mimeType)
94489280536,LOCAL,,_tmp_13,36,,<empty>,55,_tmp_13,,,0,,ANY
94489280537,LOCAL,,_tmp_15,36,,<empty>,59,_tmp_15,,,0,,ANY
94489280538,LOCAL,,isExcel,12,,<empty>,63,isExcel,,,0,__ecma.Boolean,__ecma.Boolean
94489280539,LOCAL,,response,10,,<empty>,66,response,,,0,__ecma.String,__ecma.String
94489280540,LOCAL,,_tmp_16,15,,<empty>,76,_tmp_16,,,0,,ANY
94489280541,LOCAL,,_tmp_18,27,,<empty>,78,_tmp_18,,,0,,ANY
94489280542,LOCAL,,{ projectName },12,,<empty>,87,{ projectName },,,0,ANY,ANY
94489280543,LOCAL,,_tmp_19,12,,<empty>,87,_tmp_19,,,0,,express:Request:<member>(body)
94489280544,LOCAL,,projectName,14,,<empty>,87,projectName,,,0,,__ecma.String
94489280545,LOCAL,,_tmp_21,36,,<empty>,90,_tmp_21,,,0,,ANY
94489280546,LOCAL,,rawInsights,12,,<empty>,96,rawInsights,,,0,__ecma.String,__ecma.String
94489280547,LOCAL,,correctedInsights,12,,<empty>,100,correctedInsights,,,0,ANY,JSON.parse:<returnValue>
94489280548,LOCAL,,_tmp_22,15,,<empty>,108,_tmp_22,,,0,,ANY
94489280549,LOCAL,,_tmp_24,27,,<empty>,116,_tmp_24,,,0,,ANY
94489280550,LOCAL,,{ projectName },12,,<empty>,125,{ projectName },,,0,ANY,ANY
94489280551,LOCAL,,_tmp_25,12,,<empty>,125,_tmp_25,,,0,,express:Request:<member>(params)
94489280552,LOCAL,,projectName,14,,<empty>,125,projectName,,,0,,__ecma.String
94489280553,LOCAL,,_tmp_27,36,,<empty>,128,_tmp_27,,,0,,ANY
94489280554,LOCAL,,savedInsights,12,,<empty>,132,savedInsights,,,0,ANY,ANY
94489280555,LOCAL,,_tmp_29,36,,<empty>,135,_tmp_29,,,0,,ANY
94489280556,LOCAL,,_tmp_30,15,,<empty>,141,_tmp_30,,,0,,ANY
94489280557,LOCAL,,_tmp_31,16,,<empty>,144,_tmp_31,,,0,,ANY
94489280558,LOCAL,,_tmp_33,27,,<empty>,153,_tmp_33,,,0,,ANY
94489280559,LOCAL,,{ projectId },12,,<empty>,162,{ projectId },,,0,ANY,ANY
94489280560,LOCAL,,_tmp_34,12,,<empty>,162,_tmp_34,,,0,,express:Request:<member>(params)
94489280561,LOCAL,,projectId,14,,<empty>,162,projectId,,,0,,__ecma.String
94489280562,LOCAL,,_tmp_36,36,,<empty>,165,_tmp_36,,,0,,ANY
94489280563,LOCAL,,insightsHistory,12,,<empty>,169,insightsHistory,,,0,__ecma.Array,__ecma.Array
94489280564,LOCAL,,_tmp_37,24,,<empty>,172,_tmp_37,,,0,,ANY
94489280565,LOCAL,,_tmp_38,15,,<empty>,178,_tmp_38,,,0,,ANY
94489280566,LOCAL,,_tmp_40,27,,<empty>,184,_tmp_40,,,0,,ANY
94489280567,LOCAL,,allInsights,12,,<empty>,194,allInsights,,,0,__ecma.Array,__ecma.Array
94489280568,LOCAL,,_tmp_41,24,,<empty>,197,_tmp_41,,,0,,ANY
94489280569,LOCAL,,formattedInsights,12,__ecma.Array;__ecma.Array:map:<returnValue>,<empty>,204,formattedInsights,,,0,__ecma.Array,__ecma.Array
94489280570,LOCAL,,insightsData,14,,<empty>,205,insightsData,,,0,ANY,project:insights_data:<returnValue>:<member>(insights_data)
94489280571,LOCAL,,sectionScores,14,,<empty>,206,sectionScores,,,0,ANY,ANY
94489280572,LOCAL,,_tmp_42,35,,<empty>,206,_tmp_42,,,0,,ANY
94489280573,LOCAL,,sectionName,18,,<empty>,211,sectionName,,,0,ANY,ANY
94489280574,LOCAL,,_tmp_46,15,,<empty>,216,_tmp_46,,,0,,ANY
94489280575,LOCAL,,_tmp_47,19,,<empty>,221,_tmp_47,,,0,,ANY
94489280576,LOCAL,,_tmp_48,15,,<empty>,236,_tmp_48,,,0,,ANY
94489280577,LOCAL,,_tmp_50,27,,<empty>,242,_tmp_50,,,0,,ANY
94489280578,LOCAL,,AIController,0,,<empty>,8,AIController,,,0,,controllers/aiController.ts::program:AIController
94489280579,LOCAL,,_tmp_51,15,,<empty>,247,_tmp_51,,,0,,controllers/aiController.ts::program:AIController
94489280580,LOCAL,,_tmp_51,15,,<empty>,247,_tmp_51,,,0,,controllers/aiController.ts::program:AIController
94489280581,LOCAL,,error,13,,<empty>,240,error,,,0,,ANY
94489280582,LOCAL,,_tmp_49,6,,<empty>,242,_tmp_49,,,0,,express:Response:status:<returnValue>
94489280583,LOCAL,,console,6,,<empty>,193,console,,,0,,__whatwg.console
94489280584,LOCAL,controllers/aiController.ts::program:AIController:<init>:<lambda>6:<lambda>7:<lambda>8:sectionScores,sectionScores,12,,<empty>,212,sectionScores,,,0,,ANY
94489280585,LOCAL,,_tmp_44,32,,<empty>,211,_tmp_44,,,0,,ANY
94489280586,LOCAL,,_tmp_45,32,,<empty>,211,_tmp_45,,,0,,section:name:<returnValue>:<member>(name)
94489280587,LOCAL,,_tmp_43,10,,<empty>,210,_tmp_43,,,0,,project:insights_data:<returnValue>:<member>(insights_data):<member>(section_scores)
94489280588,LOCAL,,Array,43,,<empty>,209,Array,,,0,,ArrayConstructor
94489280589,LOCAL,controllers/aiController.ts::program:AIController:<init>:<lambda>6:getAllLatestProjectInsights,getAllLatestProjectInsights,32,,<empty>,194,getAllLatestProjectInsights,,,0,,() => Promise<any[]>
94489280590,LOCAL,controllers/aiController.ts::program:AIController:<init>:getAllLatestProjectInsights,getAllLatestProjectInsights,,,<empty>,,getAllLatestProjectInsights,,,0,,() => Promise<any[]>
94489280591,LOCAL,,getAllProjectInsights,2,,<empty>,191,getAllProjectInsights,,,0,,"(req: Request<ParamsDictionary, ANY, ANY, ParsedQs, Record<string, ANY>>, res: Response<any, Record<string, ANY>>) => Promise<...>"
94489280592,LOCAL,,error,13,,<empty>,182,error,,,0,,ANY
94489280593,LOCAL,,_tmp_39,6,,<empty>,184,_tmp_39,,,0,,express:Response:status:<returnValue>
94489280594,LOCAL,,console,6,,<empty>,168,console,,,0,,__whatwg.console
94489280595,LOCAL,controllers/aiController.ts::program:AIController:<init>:<lambda>5:getProjectInsightsHistoryById,getProjectInsightsHistoryById,36,,<empty>,169,getProjectInsightsHistoryById,,,0,,"(req: Request<ParamsDictionary, ANY, ANY, ParsedQs, Record<string, ANY>>, res: Response<any, Record<string, ANY>>) => Promise<...>"
94489280596,LOCAL,controllers/aiController.ts::program:AIController:<init>:getProjectInsightsHistoryById,getProjectInsightsHistoryById,2,,<empty>,160,getProjectInsightsHistoryById,,,0,,"(req: Request<ParamsDictionary, ANY, ANY, ParsedQs, Record<string, ANY>>, res: Response<any, Record<string, ANY>>) => Promise<...>"
94489280597,LOCAL,,_tmp_35,15,,<empty>,165,_tmp_35,,,0,,express:Response:status:<returnValue>
94489280598,LOCAL,,error,13,,<empty>,151,error,,,0,,ANY
94489280599,LOCAL,,_tmp_32,6,,<empty>,153,_tmp_32,,,0,,express:Response:status:<returnValue>
94489280600,LOCAL,,console,6,,<empty>,131,console,,,0,,__whatwg.console
94489280601,LOCAL,,_tmp_28,15,,<empty>,135,_tmp_28,,,0,,express:Response:status:<returnValue>
94489280602,LOCAL,controllers/aiController.ts::program:AIController:<init>:<lambda>4:getLatestProjectInsights,getLatestProjectInsights,34,,<empty>,132,getLatestProjectInsights,,,0,,(projectName: __ecma.String) => Promise<any>
94489280603,LOCAL,controllers/aiController.ts::program:AIController:<init>:getLatestProjectInsights,getLatestProjectInsights,,,<empty>,,getLatestProjectInsights,,,0,,(projectName: __ecma.String) => Promise<any>
94489280604,LOCAL,,_tmp_26,15,,<empty>,128,_tmp_26,,,0,,express:Response:status:<returnValue>
94489280605,LOCAL,,getProjectInsights,2,,<empty>,123,getProjectInsights,,,0,,"(req: Request<ParamsDictionary, ANY, ANY, ParsedQs, Record<string, ANY>>, res: Response<any, Record<string, ANY>>) => Promise<...>"
94489280606,LOCAL,,error,13,,<empty>,114,error,,,0,,ANY
94489280607,LOCAL,,_tmp_23,6,,<empty>,116,_tmp_23,,,0,,express:Response:status:<returnValue>
94489280608,LOCAL,,console,6,,<empty>,93,console,,,0,,__whatwg.console
94489280609,LOCAL,controllers/aiController.ts::program:AIController:<init>:<lambda>3:saveProjectInsights,saveProjectInsights,12,,<empty>,104,saveProjectInsights,,,0,,"(projectName: __ecma.String, insightsData: ANY) => Promise<void>"
94489280610,LOCAL,controllers/aiController.ts::program:AIController:<init>:saveProjectInsights,saveProjectInsights,,,<empty>,,saveProjectInsights,,,0,,"(projectName: __ecma.String, insightsData: ANY) => Promise<void>"
94489280611,LOCAL,controllers/aiController.ts::program:AIController:<init>:<lambda>3:parseAndCorrectInsights,parseAndCorrectInsights,32,,<empty>,100,parseAndCorrectInsights,,,0,,(rawResponse: __ecma.String) => ANY
94489280612,LOCAL,controllers/aiController.ts::program:AIController:<init>:parseAndCorrectInsights,parseAndCorrectInsights,,,<empty>,,parseAndCorrectInsights,,,0,,(rawResponse: __ecma.String) => ANY
94489280613,LOCAL,controllers/aiController.ts::program:AIController:<init>:<lambda>3:projectInsightsService,projectInsightsService,32,services/ai/projectInsightsService.ts::program:ProjectInsightsService;ProjectInsightsService,<empty>,96,projectInsightsService,,,0,,ANY
94489280614,LOCAL,controllers/aiController.ts::program:AIController:<init>:projectInsightsService,projectInsightsService,,services/ai/projectInsightsService.ts::program:ProjectInsightsService;ProjectInsightsService,<empty>,,projectInsightsService,,,0,,ANY
94489280615,LOCAL,,_tmp_20,15,,<empty>,90,_tmp_20,,,0,,express:Response:status:<returnValue>
94489280616,LOCAL,,generateProjectInsights,2,,<empty>,85,generateProjectInsights,,,0,,"(req: Request<ParamsDictionary, ANY, ANY, ParsedQs, Record<string, ANY>>, res: Response<any, Record<string, ANY>>) => Promise<...>"
94489280617,LOCAL,,error,13,,<empty>,77,error,,,0,,ANY
94489280618,LOCAL,,_tmp_17,6,,<empty>,78,_tmp_17,,,0,,express:Response:status:<returnValue>
94489280619,LOCAL,controllers/aiController.ts::program:AIController:<init>:<lambda>2:geminiService,geminiService,25,services/ai/geminiService.ts::program:GeminiService;GeminiService,<empty>,70,geminiService,,,0,,ANY
94489280620,LOCAL,controllers/aiController.ts::program:AIController:<init>:geminiService,geminiService,,services/ai/geminiService.ts::program:GeminiService;GeminiService,<empty>,,geminiService,,,0,,ANY
94489280621,LOCAL,,_tmp_14,15,,<empty>,59,_tmp_14,,,0,,express:Response:status:<returnValue>
94489280622,LOCAL,,_tmp_12,15,,<empty>,55,_tmp_12,,,0,,express:Response:status:<returnValue>
94489280623,LOCAL,,generateWithPDF,2,,<empty>,50,generateWithPDF,,,0,,"(req: Request<ParamsDictionary, ANY, ANY, ParsedQs, Record<string, ANY>>, res: Response<any, Record<string, ANY>>) => Promise<...>"
94489280624,LOCAL,,error,13,,<empty>,42,error,,,0,,ANY
94489280625,LOCAL,,_tmp_9,6,,<empty>,43,_tmp_9,,,0,,express:Response:status:<returnValue>
94489280626,LOCAL,controllers/aiController.ts::program:AIController:<init>:<lambda>1:geminiService,geminiService,29,services/ai/geminiService.ts::program:GeminiService;GeminiService,<empty>,40,geminiService,,,0,,ANY
94489280627,LOCAL,,_tmp_6,15,,<empty>,37,_tmp_6,,,0,,express:Response:status:<returnValue>
94489280628,LOCAL,,generateText,2,,<empty>,32,generateText,,,0,,"(req: Request<ParamsDictionary, ANY, ANY, ParsedQs, Record<string, ANY>>, res: Response<any, Record<string, ANY>>) => Promise<...>"
94489280629,LOCAL,,error,13,,<empty>,24,error,,,0,,ANY
94489280630,LOCAL,,_tmp_3,6,,<empty>,25,_tmp_3,,,0,,express:Response:status:<returnValue>
94489280631,LOCAL,,_tmp_0,15,,<empty>,15,_tmp_0,,,0,,express:Response:status:<returnValue>
94489280632,LOCAL,controllers/aiController.ts::program:AIController:<init>:<lambda>0:geminiService,geminiService,11,services/ai/geminiService.ts::program:GeminiService;GeminiService,<empty>,14,geminiService,,,0,,ANY
94489280633,LOCAL,,testConnection,2,,<empty>,12,testConnection,,,0,,"(req: Request<ParamsDictionary, ANY, ANY, ParsedQs, Record<string, ANY>>, res: Response<any, Record<string, ANY>>) => Promise<...>"
94489280634,LOCAL,,Request,0,,<empty>,5,Request,,,0,,express:Request
94489280635,LOCAL,,Response,0,,<empty>,5,Response,,,0,,express:Response
94489280636,LOCAL,,commitMetricsSyncService,0,services/commitMetrics/commitMetricsSyncService.ts::program:CommitMetricsSyncService;CommitMetricsSyncService,<empty>,6,commitMetricsSyncService,,,0,,ANY
94489280637,LOCAL,,commitMetricsDbService,0,services/commitMetrics/commitMetricsDbService.ts::program:CommitMetricsDbService;CommitMetricsDbService,<empty>,7,commitMetricsDbService,,,0,,ANY
94489280638,LOCAL,,refreshCommitMetrics,13,,<empty>,13,refreshCommitMetrics,,,0,"(req: Request<ParamsDictionary, ANY, ANY, ParsedQs, Record<string, ANY>>, res: Response<any, Record<string, ANY>>) => Promise<...>","(req: Request<ParamsDictionary, ANY, ANY, ParsedQs, Record<string, ANY>>, res: Response<any, Record<string, ANY>>) => Promise<...>"
94489280639,LOCAL,,projectId,10,__ecma.Number;parseInt:<returnValue>,<empty>,15,projectId,,,0,__ecma.Number,__ecma.Number
94489280640,LOCAL,,_tmp_1,34,,<empty>,18,_tmp_1,,,0,,ANY
94489280641,LOCAL,,metrics,10,,<empty>,23,metrics,,,0,CommitHealthMetrics,CommitHealthMetrics | __ecma.Null
94489280642,LOCAL,,_tmp_2,13,,<empty>,25,_tmp_2,,,0,,ANY
94489280643,LOCAL,,_tmp_4,25,,<empty>,32,_tmp_4,,,0,,ANY
94489280644,LOCAL,,getCommitMetrics,13,,<empty>,43,getCommitMetrics,,,0,"(req: Request<ParamsDictionary, ANY, ANY, ParsedQs, Record<string, ANY>>, res: Response<any, Record<string, ANY>>) => Promise<...>","(req: Request<ParamsDictionary, ANY, ANY, ParsedQs, Record<string, ANY>>, res: Response<any, Record<string, ANY>>) => Promise<...>"
94489280645,LOCAL,,projectId,10,__ecma.Number;parseInt:<returnValue>,<empty>,45,projectId,,,0,__ecma.Number,__ecma.Number
94489280646,LOCAL,,_tmp_6,34,,<empty>,48,_tmp_6,,,0,,ANY
94489280647,LOCAL,,metrics,10,,<empty>,54,metrics,,,0,CommitHealthMetrics | __ecma.Null,CommitHealthMetrics | __ecma.Null
94489280648,LOCAL,,_tmp_8,34,,<empty>,57,_tmp_8,,,0,,ANY
94489280649,LOCAL,,_tmp_9,13,,<empty>,63,_tmp_9,,,0,,ANY
94489280650,LOCAL,,_tmp_11,25,,<empty>,69,_tmp_11,,,0,,ANY
94489280651,LOCAL,,getCommitMetricsHistory,13,,<empty>,80,getCommitMetricsHistory,,,0,"(req: Request<ParamsDictionary, ANY, ANY, ParsedQs, Record<string, ANY>>, res: Response<any, Record<string, ANY>>) => Promise<...>","(req: Request<ParamsDictionary, ANY, ANY, ParsedQs, Record<string, ANY>>, res: Response<any, Record<string, ANY>>) => Promise<...>"
94489280652,LOCAL,,projectId,10,__ecma.Number;parseInt:<returnValue>,<empty>,82,projectId,,,0,__ecma.Number,__ecma.Number
94489280653,LOCAL,,days,10,,<empty>,83,days,,,0,__ecma.Number,__ecma.Number
94489280654,LOCAL,,_tmp_13,34,,<empty>,86,_tmp_13,,,0,,ANY
94489280655,LOCAL,,history,10,,<empty>,89,history,,,0,__ecma.Array,__ecma.Array
94489280656,LOCAL,,_tmp_15,25,,<empty>,94,_tmp_15,,,0,,ANY
94489280657,LOCAL,,error,11,,<empty>,92,error,,,0,,ErrorConstructor
94489280658,LOCAL,,_tmp_14,4,,<empty>,94,_tmp_14,,,0,,express:Response:status:<returnValue>
94489280659,LOCAL,,console,4,,<empty>,93,console,,,0,,__whatwg.console
94489280660,LOCAL,controllers/commitMetricsController.ts::program:<lambda>2:commitMetricsDbService,commitMetricsDbService,26,services/commitMetrics/commitMetricsDbService.ts::program:CommitMetricsDbService;CommitMetricsDbService,<empty>,89,commitMetricsDbService,,,0,,ANY
94489280661,LOCAL,,_tmp_12,13,,<empty>,86,_tmp_12,,,0,,express:Response:status:<returnValue>
94489280662,LOCAL,,error,11,,<empty>,67,error,,,0,,ErrorConstructor
94489280663,LOCAL,,Error,30,,<empty>,71,Error,,,0,,ErrorConstructor
94489280664,LOCAL,,_tmp_10,4,,<empty>,69,_tmp_10,,,0,,express:Response:status:<returnValue>
94489280665,LOCAL,,console,4,,<empty>,68,console,,,0,,__whatwg.console
94489280666,LOCAL,,_tmp_7,13,,<empty>,57,_tmp_7,,,0,,express:Response:status:<returnValue>
94489280667,LOCAL,controllers/commitMetricsController.ts::program:<lambda>1:commitMetricsDbService,commitMetricsDbService,26,services/commitMetrics/commitMetricsDbService.ts::program:CommitMetricsDbService;CommitMetricsDbService,<empty>,54,commitMetricsDbService,,,0,,ANY
94489280668,LOCAL,,_tmp_5,13,,<empty>,48,_tmp_5,,,0,,express:Response:status:<returnValue>
94489280669,LOCAL,,error,11,,<empty>,29,error,,,0,,ErrorConstructor
94489280670,LOCAL,,_tmp_3,4,,<empty>,32,_tmp_3,,,0,,express:Response:status:<returnValue>
94489280671,LOCAL,,console,4,,<empty>,21,console,,,0,,__whatwg.console
94489280672,LOCAL,controllers/commitMetricsController.ts::program:<lambda>0:commitMetricsSyncService,commitMetricsSyncService,26,services/commitMetrics/commitMetricsSyncService.ts::program:CommitMetricsSyncService;CommitMetricsSyncService,<empty>,23,commitMetricsSyncService,,,0,,ANY
94489280673,LOCAL,,_tmp_0,13,,<empty>,18,_tmp_0,,,0,,express:Response:status:<returnValue>
94489280674,LOCAL,,Request,0,,<empty>,4,Request,,,0,,express:Request
94489280675,LOCAL,,Response,0,,<empty>,4,Response,,,0,,express:Response
94489280676,LOCAL,,saveDeploymentFrequency,0,,<empty>,5,saveDeploymentFrequency,,,0,,(data: DeploymentFrequencyInput) => Promise<DeploymentFrequency>
94489280677,LOCAL,,saveLeadTimeChange,0,,<empty>,5,saveLeadTimeChange,,,0,,(data: LeadTimeChangeInput) => Promise<LeadTimeChange>
94489280678,LOCAL,,saveChangeFailureRate,0,,<empty>,5,saveChangeFailureRate,,,0,,(data: ChangeFailureRateInput) => Promise<ChangeFailureRate>
94489280679,LOCAL,,saveTimeToRestoreService,0,,<empty>,5,saveTimeToRestoreService,,,0,,(data: TimeToRestoreServiceInput) => Promise<TimeToRestoreService>
94489280680,LOCAL,,getDeploymentFrequencyByProject,0,,<empty>,5,getDeploymentFrequencyByProject,,,0,,"(projectId: __ecma.Number, days?: __ecma.Number) => Promise<DeploymentFrequency[]>"
94489280681,LOCAL,,getLeadTimeChangesByProject,0,,<empty>,5,getLeadTimeChangesByProject,,,0,,"(projectId: __ecma.Number, days?: __ecma.Number) => Promise<LeadTimeChange[]>"
94489280682,LOCAL,,getChangeFailureRateByProject,0,,<empty>,5,getChangeFailureRateByProject,,,0,,"(projectId: __ecma.Number, days?: __ecma.Number) => Promise<ChangeFailureRate[]>"
94489280683,LOCAL,,getTimeToRestoreServiceByProject,0,,<empty>,5,getTimeToRestoreServiceByProject,,,0,,"(projectId: __ecma.Number, days?: __ecma.Number) => Promise<TimeToRestoreService[]>"
94489280684,LOCAL,,deleteDeploymentFrequency,0,,<empty>,5,deleteDeploymentFrequency,,,0,,(uuid: __ecma.String) => Promise<boolean>
94489280685,LOCAL,,deleteLeadTimeChange,0,,<empty>,5,deleteLeadTimeChange,,,0,,(uuid: __ecma.String) => Promise<boolean>
94489280686,LOCAL,,deleteChangeFailureRate,0,,<empty>,5,deleteChangeFailureRate,,,0,,(uuid: __ecma.String) => Promise<boolean>
94489280687,LOCAL,,deleteTimeToRestoreService,0,,<empty>,5,deleteTimeToRestoreService,,,0,,(uuid: __ecma.String) => Promise<boolean>
94489280688,LOCAL,,searchDeploymentsByIdPrefix,0,,<empty>,5,searchDeploymentsByIdPrefix,,,0,,"(projectId: __ecma.Number, searchTerm: __ecma.String, limit?: __ecma.Number) => Promise<DeploymentFrequency[]>"
94489280689,LOCAL,,calculateDoraMetricsSummary,0,,<empty>,20,calculateDoraMetricsSummary,,,0,,"(projectId: __ecma.Number, days?: __ecma.Number) => Promise<DoraMetricsSummary>"
94489280690,LOCAL,,getWeeklySnapshotsForProject,0,,<empty>,21,getWeeklySnapshotsForProject,,,0,,"(projectId: __ecma.Number, limit?: __ecma.Number) => Promise<WeeklyDoraSnapshot[]>"
94489280691,LOCAL,,captureLastWeekSnapshots,0,,<empty>,21,captureLastWeekSnapshots,,,0,,() => Promise<void>
94489280692,LOCAL,,getDoraTrends,0,,<empty>,25,getDoraTrends,,,0,,"(projectId: __ecma.Number, granularity?: ""weekly"" | ""monthly"" | ""yearly"", periods?: __ecma.Number, offset?: __ecma.Number) => Promise<DoraTrendResponse>"
94489280693,LOCAL,,createDeploymentFrequency,13,,<empty>,31,createDeploymentFrequency,,,0,"(req: Request<ParamsDictionary, ANY, ANY, ParsedQs, Record<string, ANY>>, res: Response<any, Record<string, ANY>>) => Promise<...>","(req: Request<ParamsDictionary, ANY, ANY, ParsedQs, Record<string, ANY>>, res: Response<any, Record<string, ANY>>) => Promise<...>"
94489280694,LOCAL,,projectId,10,__ecma.Number;parseInt:<returnValue>,<empty>,33,projectId,,,0,__ecma.Number,__ecma.Number
94489280695,LOCAL,,"{ deployment_id, version, environment, deployment_timestamp }",10,,<empty>,34,"{ deployment_id, version, environment, deployment_timestamp }",,,0,ANY,ANY
94489280696,LOCAL,,_tmp_0,10,,<empty>,34,_tmp_0,,,0,,express:Request:<member>(body)
94489280697,LOCAL,,deployment_id,12,,<empty>,34,deployment_id,,,0,,express:Request:<member>(body):<member>(deployment_id)
94489280698,LOCAL,,version,27,,<empty>,34,version,,,0,,express:Request:<member>(body):<member>(version)
94489280699,LOCAL,,environment,36,,<empty>,34,environment,,,0,,express:Request:<member>(body):<member>(environment)
94489280700,LOCAL,,deployment_timestamp,49,,<empty>,34,deployment_timestamp,,,0,,express:Request:<member>(body):<member>(deployment_timestamp)
94489280701,LOCAL,,_tmp_2,34,,<empty>,38,_tmp_2,,,0,,ANY
94489280702,LOCAL,,data,10,,<empty>,44,data,,,0,{ project_id: __ecma.Number; deployment_id: ANY; version: ANY; environment: ANY; deployment_timestamp: ANY; },__ecma.Array
94489280703,LOCAL,,_tmp_3,17,,<empty>,44,_tmp_3,,,0,,ANY
94489280704,LOCAL,,result,10,types/doraMetrics.types.ts::program:TimeToRestoreService;TimeToRestoreService,<empty>,52,result,,,0,DeploymentFrequency,ANY
94489280705,LOCAL,,_tmp_5,25,,<empty>,54,_tmp_5,,,0,,ANY
94489280706,LOCAL,,_tmp_7,25,,<empty>,61,_tmp_7,,,0,,ANY
94489280707,LOCAL,,createLeadTimeChange,13,,<empty>,72,createLeadTimeChange,,,0,"(req: Request<ParamsDictionary, ANY, ANY, ParsedQs, Record<string, ANY>>, res: Response<any, Record<string, ANY>>) => Promise<...>","(req: Request<ParamsDictionary, ANY, ANY, ParsedQs, Record<string, ANY>>, res: Response<any, Record<string, ANY>>) => Promise<...>"
94489280708,LOCAL,,projectId,10,__ecma.Number;parseInt:<returnValue>,<empty>,74,projectId,,,0,__ecma.Number,__ecma.Number
94489280709,LOCAL,,"{ change_id, merged_timestamp, deployed_timestamp }",10,,<empty>,75,"{ change_id, merged_timestamp, deployed_timestamp }",,,0,ANY,ANY
94489280710,LOCAL,,_tmp_8,10,,<empty>,75,_tmp_8,,,0,,express:Request:<member>(body)
94489280711,LOCAL,,change_id,12,,<empty>,75,change_id,,,0,,express:Request:<member>(body):<member>(change_id)
94489280712,LOCAL,,merged_timestamp,23,,<empty>,75,merged_timestamp,,,0,,express:Request:<member>(body):<member>(merged_timestamp)
94489280713,LOCAL,,deployed_timestamp,41,,<empty>,75,deployed_timestamp,,,0,,express:Request:<member>(body):<member>(deployed_timestamp)
94489280714,LOCAL,,_tmp_10,34,,<empty>,79,_tmp_10,,,0,,ANY
94489280715,LOCAL,,mergedTime,10,DateConstructor;__ecma.Date,<empty>,86,mergedTime,,,0,Date,DateConstructor
94489280716,LOCAL,,_tmp_11,23,,<empty>,86,_tmp_11,,,0,,__ecma.Date
94489280717,LOCAL,,deployedTime,10,DateConstructor;__ecma.Date,<empty>,87,deployedTime,,,0,Date,DateConstructor
94489280718,LOCAL,,_tmp_12,25,,<empty>,87,_tmp_12,,,0,,__ecma.Date
94489280719,LOCAL,,_tmp_14,34,,<empty>,90,_tmp_14,,,0,,ANY
94489280720,LOCAL,,data,10,,<empty>,96,data,,,0,{ project_id: __ecma.Number; change_id: ANY; merged_timestamp: ANY; deployed_timestamp: ANY; },__ecma.Array
94489280721,LOCAL,,_tmp_15,17,,<empty>,96,_tmp_15,,,0,,ANY
94489280722,LOCAL,,result,10,types/doraMetrics.types.ts::program:TimeToRestoreService;TimeToRestoreService,<empty>,103,result,,,0,LeadTimeChange,ANY
94489280723,LOCAL,,_tmp_17,25,,<empty>,105,_tmp_17,,,0,,ANY
94489280724,LOCAL,,_tmp_19,25,,<empty>,112,_tmp_19,,,0,,ANY
94489280725,LOCAL,,createChangeFailureRate,13,,<empty>,123,createChangeFailureRate,,,0,"(req: Request<ParamsDictionary, ANY, ANY, ParsedQs, Record<string, ANY>>, res: Response<any, Record<string, ANY>>) => Promise<...>","(req: Request<ParamsDictionary, ANY, ANY, ParsedQs, Record<string, ANY>>, res: Response<any, Record<string, ANY>>) => Promise<...>"
94489280726,LOCAL,,projectId,10,__ecma.Number;parseInt:<returnValue>,<empty>,125,projectId,,,0,__ecma.Number,__ecma.Number
94489280727,LOCAL,,"{ deployment_id, deployment_timestamp, has_incident, remediation_type }",10,,<empty>,126,"{ deployment_id, deployment_timestamp, has_incident, remediation_type }",,,0,ANY,ANY
94489280728,LOCAL,,_tmp_20,10,,<empty>,126,_tmp_20,,,0,,express:Request:<member>(body)
94489280729,LOCAL,,deployment_id,12,,<empty>,126,deployment_id,,,0,,express:Request:<member>(body):<member>(deployment_id)
94489280730,LOCAL,,deployment_timestamp,27,,<empty>,126,deployment_timestamp,,,0,,express:Request:<member>(body):<member>(deployment_timestamp)
94489280731,LOCAL,,has_incident,49,,<empty>,126,has_incident,,,0,,express:Request:<member>(body):<member>(has_incident)
94489280732,LOCAL,,remediation_type,63,,<empty>,126,remediation_type,,,0,,express:Request:<member>(body):<member>(remediation_type)
94489280733,LOCAL,,_tmp_22,34,,<empty>,130,_tmp_22,,,0,,ANY
94489280734,LOCAL,,data,10,,<empty>,136,data,,,0,{ project_id: __ecma.Number; deployment_id: ANY; deployment_timestamp: ANY; has_incident: ANY; remediation_type: ANY; },__ecma.Array
94489280735,LOCAL,,_tmp_23,17,,<empty>,136,_tmp_23,,,0,,ANY
94489280736,LOCAL,,result,10,types/doraMetrics.types.ts::program:TimeToRestoreService;TimeToRestoreService,<empty>,144,result,,,0,ChangeFailureRate,ANY
94489280737,LOCAL,,_tmp_25,25,,<empty>,146,_tmp_25,,,0,,ANY
94489280738,LOCAL,,_tmp_27,25,,<empty>,153,_tmp_27,,,0,,ANY
94489280739,LOCAL,,createTimeToRestoreService,13,,<empty>,164,createTimeToRestoreService,,,0,"(req: Request<ParamsDictionary, ANY, ANY, ParsedQs, Record<string, ANY>>, res: Response<any, Record<string, ANY>>) => Promise<...>","(req: Request<ParamsDictionary, ANY, ANY, ParsedQs, Record<string, ANY>>, res: Response<any, Record<string, ANY>>) => Promise<...>"
94489280740,LOCAL,,projectId,10,__ecma.Number;parseInt:<returnValue>,<empty>,166,projectId,,,0,__ecma.Number,__ecma.Number
94489280741,LOCAL,,"{ incident_id, start_time, end_time, description }",10,,<empty>,167,"{ incident_id, start_time, end_time, description }",,,0,ANY,ANY
94489280742,LOCAL,,_tmp_28,10,,<empty>,167,_tmp_28,,,0,,express:Request:<member>(body)
94489280743,LOCAL,,incident_id,12,,<empty>,167,incident_id,,,0,,express:Request:<member>(body):<member>(incident_id)
94489280744,LOCAL,,start_time,25,,<empty>,167,start_time,,,0,,express:Request:<member>(body):<member>(start_time)
94489280745,LOCAL,,end_time,37,,<empty>,167,end_time,,,0,,express:Request:<member>(body):<member>(end_time)
94489280746,LOCAL,,description,47,,<empty>,167,description,,,0,,express:Request:<member>(body):<member>(description)
94489280747,LOCAL,,_tmp_30,34,,<empty>,171,_tmp_30,,,0,,ANY
94489280748,LOCAL,,startTime,10,DateConstructor;__ecma.Date,<empty>,178,startTime,,,0,Date,DateConstructor
94489280749,LOCAL,,_tmp_31,22,,<empty>,178,_tmp_31,,,0,,__ecma.Date
94489280750,LOCAL,,endTime,10,DateConstructor;__ecma.Date,<empty>,179,endTime,,,0,Date,DateConstructor
94489280751,LOCAL,,_tmp_32,20,,<empty>,179,_tmp_32,,,0,,__ecma.Date
94489280752,LOCAL,,_tmp_34,34,,<empty>,182,_tmp_34,,,0,,ANY
94489280753,LOCAL,,data,10,,<empty>,188,data,,,0,{ project_id: __ecma.Number; incident_id: ANY; start_time: ANY; end_time: ANY; description: ANY; },__ecma.Array
94489280754,LOCAL,,_tmp_35,17,,<empty>,188,_tmp_35,,,0,,ANY
94489280755,LOCAL,,result,10,types/doraMetrics.types.ts::program:TimeToRestoreService;TimeToRestoreService,<empty>,196,result,,,0,TimeToRestoreService,ANY
94489280756,LOCAL,,_tmp_37,25,,<empty>,198,_tmp_37,,,0,,ANY
94489280757,LOCAL,,_tmp_39,25,,<empty>,205,_tmp_39,,,0,,ANY
94489280758,LOCAL,,getDeploymentFrequency,13,,<empty>,216,getDeploymentFrequency,,,0,"(req: Request<ParamsDictionary, ANY, ANY, ParsedQs, Record<string, ANY>>, res: Response<any, Record<string, ANY>>) => Promise<...>","(req: Request<ParamsDictionary, ANY, ANY, ParsedQs, Record<string, ANY>>, res: Response<any, Record<string, ANY>>) => Promise<...>"
94489280759,LOCAL,,projectId,10,__ecma.Number;parseInt:<returnValue>,<empty>,218,projectId,,,0,__ecma.Number,__ecma.Number
94489280760,LOCAL,,days,10,,<empty>,219,days,,,0,__ecma.Number,__ecma.Number
94489280761,LOCAL,,data,10,,<empty>,221,data,,,0,__ecma.Array,__ecma.Array
94489280762,LOCAL,,_tmp_40,13,,<empty>,223,_tmp_40,,,0,,ANY
94489280763,LOCAL,,_tmp_42,25,,<empty>,229,_tmp_42,,,0,,ANY
94489280764,LOCAL,,getLeadTimeChanges,13,,<empty>,240,getLeadTimeChanges,,,0,"(req: Request<ParamsDictionary, ANY, ANY, ParsedQs, Record<string, ANY>>, res: Response<any, Record<string, ANY>>) => Promise<...>","(req: Request<ParamsDictionary, ANY, ANY, ParsedQs, Record<string, ANY>>, res: Response<any, Record<string, ANY>>) => Promise<...>"
94489280765,LOCAL,,projectId,10,__ecma.Number;parseInt:<returnValue>,<empty>,242,projectId,,,0,__ecma.Number,__ecma.Number
94489280766,LOCAL,,days,10,,<empty>,243,days,,,0,__ecma.Number,__ecma.Number
94489280767,LOCAL,,data,10,,<empty>,245,data,,,0,__ecma.Array,__ecma.Array
94489280768,LOCAL,,_tmp_43,13,,<empty>,247,_tmp_43,,,0,,ANY
94489280769,LOCAL,,_tmp_45,25,,<empty>,253,_tmp_45,,,0,,ANY
94489280770,LOCAL,,getChangeFailureRates,13,,<empty>,264,getChangeFailureRates,,,0,"(req: Request<ParamsDictionary, ANY, ANY, ParsedQs, Record<string, ANY>>, res: Response<any, Record<string, ANY>>) => Promise<...>","(req: Request<ParamsDictionary, ANY, ANY, ParsedQs, Record<string, ANY>>, res: Response<any, Record<string, ANY>>) => Promise<...>"
94489280771,LOCAL,,projectId,10,__ecma.Number;parseInt:<returnValue>,<empty>,266,projectId,,,0,__ecma.Number,__ecma.Number
94489280772,LOCAL,,days,10,,<empty>,267,days,,,0,__ecma.Number,__ecma.Number
94489280773,LOCAL,,data,10,,<empty>,269,data,,,0,__ecma.Array,__ecma.Array
94489280774,LOCAL,,_tmp_46,13,,<empty>,271,_tmp_46,,,0,,ANY
94489280775,LOCAL,,_tmp_48,25,,<empty>,277,_tmp_48,,,0,,ANY
94489280776,LOCAL,,getTimeToRestoreServices,13,,<empty>,288,getTimeToRestoreServices,,,0,"(req: Request<ParamsDictionary, ANY, ANY, ParsedQs, Record<string, ANY>>, res: Response<any, Record<string, ANY>>) => Promise<...>","(req: Request<ParamsDictionary, ANY, ANY, ParsedQs, Record<string, ANY>>, res: Response<any, Record<string, ANY>>) => Promise<...>"
94489280777,LOCAL,,projectId,10,__ecma.Number;parseInt:<returnValue>,<empty>,290,projectId,,,0,__ecma.Number,__ecma.Number
94489280778,LOCAL,,days,10,,<empty>,291,days,,,0,__ecma.Number,__ecma.Number
94489280779,LOCAL,,data,10,,<empty>,293,data,,,0,__ecma.Array,__ecma.Array
94489280780,LOCAL,,_tmp_49,13,,<empty>,295,_tmp_49,,,0,,ANY
94489280781,LOCAL,,_tmp_51,25,,<empty>,301,_tmp_51,,,0,,ANY
94489280782,LOCAL,,getDoraMetricsSummary,13,,<empty>,312,getDoraMetricsSummary,,,0,"(req: Request<ParamsDictionary, ANY, ANY, ParsedQs, Record<string, ANY>>, res: Response<any, Record<string, ANY>>) => Promise<...>","(req: Request<ParamsDictionary, ANY, ANY, ParsedQs, Record<string, ANY>>, res: Response<any, Record<string, ANY>>) => Promise<...>"
94489280783,LOCAL,,projectId,10,__ecma.Number;parseInt:<returnValue>,<empty>,314,projectId,,,0,__ecma.Number,__ecma.Number
94489280784,LOCAL,,daysParam,10,__ecma.String;<operator>.cast,<empty>,316,daysParam,,,0,__ecma.String,__ecma.String
94489280785,LOCAL,,days,10,,<empty>,317,days,,,0,__ecma.Number,__ecma.Number
94489280786,LOCAL,,summary,10,types/doraMetrics.types.ts::program:DoraMetricsSummary;DoraMetricsSummary,<empty>,319,summary,,,0,DoraMetricsSummary,ANY
94489280787,LOCAL,,_tmp_52,13,,<empty>,321,_tmp_52,,,0,,ANY
94489280788,LOCAL,,_tmp_54,25,,<empty>,327,_tmp_54,,,0,,ANY
94489280789,LOCAL,,searchDeployments,13,,<empty>,338,searchDeployments,,,0,"(req: Request<ParamsDictionary, ANY, ANY, ParsedQs, Record<string, ANY>>, res: Response<any, Record<string, ANY>>) => Promise<...>","(req: Request<ParamsDictionary, ANY, ANY, ParsedQs, Record<string, ANY>>, res: Response<any, Record<string, ANY>>) => Promise<...>"
94489280790,LOCAL,,projectId,10,__ecma.Number;parseInt:<returnValue>,<empty>,340,projectId,,,0,__ecma.Number,__ecma.Number
94489280791,LOCAL,,searchTerm,10,,<empty>,341,searchTerm,,,0,__ecma.String,__ecma.String
94489280792,LOCAL,,limit,10,,<empty>,342,limit,,,0,__ecma.Number,__ecma.Number
94489280793,LOCAL,,_tmp_55,22,,<empty>,345,_tmp_55,,,0,,ANY
94489280794,LOCAL,,data,10,,<empty>,351,data,,,0,__ecma.Array,__ecma.Array
94489280795,LOCAL,,_tmp_56,13,,<empty>,353,_tmp_56,,,0,,ANY
94489280796,LOCAL,,_tmp_58,25,,<empty>,359,_tmp_58,,,0,,ANY
94489280797,LOCAL,,deleteDeploymentFrequencyRecord,13,,<empty>,370,deleteDeploymentFrequencyRecord,,,0,"(req: Request<ParamsDictionary, ANY, ANY, ParsedQs, Record<string, ANY>>, res: Response<any, Record<string, ANY>>) => Promise<...>","(req: Request<ParamsDictionary, ANY, ANY, ParsedQs, Record<string, ANY>>, res: Response<any, Record<string, ANY>>) => Promise<...>"
94489280798,LOCAL,,{ uuid },10,,<empty>,372,{ uuid },,,0,ANY,ANY
94489280799,LOCAL,,_tmp_59,10,,<empty>,372,_tmp_59,,,0,,express:Request:<member>(params)
94489280800,LOCAL,,uuid,12,,<empty>,372,uuid,,,0,,__ecma.String
94489280801,LOCAL,,deleted,10,,<empty>,373,deleted,,,0,__ecma.Boolean,__ecma.Boolean
94489280802,LOCAL,,_tmp_60,15,,<empty>,376,_tmp_60,,,0,,ANY
94489280803,LOCAL,,_tmp_62,27,,<empty>,381,_tmp_62,,,0,,ANY
94489280804,LOCAL,,_tmp_64,25,,<empty>,388,_tmp_64,,,0,,ANY
94489280805,LOCAL,,deleteLeadTimeChangeRecord,13,,<empty>,399,deleteLeadTimeChangeRecord,,,0,"(req: Request<ParamsDictionary, ANY, ANY, ParsedQs, Record<string, ANY>>, res: Response<any, Record<string, ANY>>) => Promise<...>","(req: Request<ParamsDictionary, ANY, ANY, ParsedQs, Record<string, ANY>>, res: Response<any, Record<string, ANY>>) => Promise<...>"
94489280806,LOCAL,,{ uuid },10,,<empty>,401,{ uuid },,,0,ANY,ANY
94489280807,LOCAL,,_tmp_65,10,,<empty>,401,_tmp_65,,,0,,express:Request:<member>(params)
94489280808,LOCAL,,uuid,12,,<empty>,401,uuid,,,0,,__ecma.String
94489280809,LOCAL,,deleted,10,,<empty>,402,deleted,,,0,__ecma.Boolean,__ecma.Boolean
94489280810,LOCAL,,_tmp_66,15,,<empty>,405,_tmp_66,,,0,,ANY
94489280811,LOCAL,,_tmp_68,27,,<empty>,410,_tmp_68,,,0,,ANY
94489280812,LOCAL,,_tmp_70,25,,<empty>,417,_tmp_70,,,0,,ANY
94489280813,LOCAL,,deleteChangeFailureRateRecord,13,,<empty>,428,deleteChangeFailureRateRecord,,,0,"(req: Request<ParamsDictionary, ANY, ANY, ParsedQs, Record<string, ANY>>, res: Response<any, Record<string, ANY>>) => Promise<...>","(req: Request<ParamsDictionary, ANY, ANY, ParsedQs, Record<string, ANY>>, res: Response<any, Record<string, ANY>>) => Promise<...>"
94489280814,LOCAL,,{ uuid },10,,<empty>,430,{ uuid },,,0,ANY,ANY
94489280815,LOCAL,,_tmp_71,10,,<empty>,430,_tmp_71,,,0,,express:Request:<member>(params)
94489280816,LOCAL,,uuid,12,,<empty>,430,uuid,,,0,,__ecma.String
94489280817,LOCAL,,deleted,10,,<empty>,431,deleted,,,0,__ecma.Boolean,__ecma.Boolean
94489280818,LOCAL,,_tmp_72,15,,<empty>,434,_tmp_72,,,0,,ANY
94489280819,LOCAL,,_tmp_74,27,,<empty>,439,_tmp_74,,,0,,ANY
94489280820,LOCAL,,_tmp_76,25,,<empty>,446,_tmp_76,,,0,,ANY
94489280821,LOCAL,,deleteTimeToRestoreServiceRecord,13,,<empty>,457,deleteTimeToRestoreServiceRecord,,,0,"(req: Request<ParamsDictionary, ANY, ANY, ParsedQs, Record<string, ANY>>, res: Response<any, Record<string, ANY>>) => Promise<...>","(req: Request<ParamsDictionary, ANY, ANY, ParsedQs, Record<string, ANY>>, res: Response<any, Record<string, ANY>>) => Promise<...>"
94489280822,LOCAL,,{ uuid },10,,<empty>,459,{ uuid },,,0,ANY,ANY
94489280823,LOCAL,,_tmp_77,10,,<empty>,459,_tmp_77,,,0,,express:Request:<member>(params)
94489280824,LOCAL,,uuid,12,,<empty>,459,uuid,,,0,,__ecma.String
94489280825,LOCAL,,deleted,10,,<empty>,460,deleted,,,0,__ecma.Boolean,__ecma.Boolean
94489280826,LOCAL,,_tmp_78,15,,<empty>,463,_tmp_78,,,0,,ANY
94489280827,LOCAL,,_tmp_80,27,,<empty>,468,_tmp_80,,,0,,ANY
94489280828,LOCAL,,_tmp_82,25,,<empty>,475,_tmp_82,,,0,,ANY
94489280829,LOCAL,,getWeeklySnapshots,13,,<empty>,486,getWeeklySnapshots,,,0,"(req: Request<ParamsDictionary, ANY, ANY, ParsedQs, Record<string, ANY>>, res: Response<any, Record<string, ANY>>) => Promise<...>","(req: Request<ParamsDictionary, ANY, ANY, ParsedQs, Record<string, ANY>>, res: Response<any, Record<string, ANY>>) => Promise<...>"
94489280830,LOCAL,,projectId,10,__ecma.Number;parseInt:<returnValue>,<empty>,488,projectId,,,0,__ecma.Number,__ecma.Number
94489280831,LOCAL,,limit,10,,<empty>,489,limit,,,0,__ecma.Number,__ecma.Number
94489280832,LOCAL,,snapshots,10,,<empty>,491,snapshots,,,0,__ecma.Array,__ecma.Array
94489280833,LOCAL,,_tmp_83,13,,<empty>,493,_tmp_83,,,0,,ANY
94489280834,LOCAL,,_tmp_85,25,,<empty>,499,_tmp_85,,,0,,ANY
94489280835,LOCAL,,manualCaptureLastWeek,13,,<empty>,510,manualCaptureLastWeek,,,0,"(req: Request<ParamsDictionary, ANY, ANY, ParsedQs, Record<string, ANY>>, res: Response<any, Record<string, ANY>>) => Promise<...>","(req: Request<ParamsDictionary, ANY, ANY, ParsedQs, Record<string, ANY>>, res: Response<any, Record<string, ANY>>) => Promise<...>"
94489280836,LOCAL,,_tmp_86,13,,<empty>,514,_tmp_86,,,0,,ANY
94489280837,LOCAL,,_tmp_88,25,,<empty>,520,_tmp_88,,,0,,ANY
94489280838,LOCAL,,getDoraTrendsController,13,,<empty>,531,getDoraTrendsController,,,0,"(req: Request<ParamsDictionary, ANY, ANY, ParsedQs, Record<string, ANY>>, res: Response<any, Record<string, ANY>>) => Promise<...>","(req: Request<ParamsDictionary, ANY, ANY, ParsedQs, Record<string, ANY>>, res: Response<any, Record<string, ANY>>) => Promise<...>"
94489280839,LOCAL,,projectId,10,__ecma.Number;parseInt:<returnValue>,<empty>,533,projectId,,,0,__ecma.Number,__ecma.Number
94489280840,LOCAL,,granularity,10,,<empty>,534,granularity,,,0,__ecma.String,__ecma.String
94489280841,LOCAL,,periods,10,,<empty>,535,periods,,,0,__ecma.Number,__ecma.Number
94489280842,LOCAL,,offset,10,,<empty>,536,offset,,,0,__ecma.Number,__ecma.Number
94489280843,LOCAL,,_tmp_90,9,,<empty>,539,_tmp_90,,,0,,__ecma.Array
94489280844,LOCAL,,_tmp_92,34,,<empty>,540,_tmp_92,,,0,,ANY
94489280845,LOCAL,,trends,10,services/doraMetrics/doraTrendsService.ts::program:DoraTrendResponse;DoraTrendResponse,<empty>,548,trends,,,0,DoraTrendResponse,ANY
94489280846,LOCAL,,_tmp_93,13,,<empty>,552,_tmp_93,,,0,,ANY
94489280847,LOCAL,,_tmp_95,25,,<empty>,558,_tmp_95,,,0,,ANY
94489280848,LOCAL,,undefined,54,,<empty>,561,undefined,,,0,,undefined
94489280849,LOCAL,,error,11,,<empty>,556,error,,,0,,ErrorConstructor
94489280850,LOCAL,,Error,30,,<empty>,560,Error,,,0,,ErrorConstructor
94489280851,LOCAL,,_tmp_94,4,,<empty>,558,_tmp_94,,,0,,express:Response:status:<returnValue>
94489280852,LOCAL,,console,4,,<empty>,546,console,,,0,,__whatwg.console
94489280853,LOCAL,controllers/doraMetricsController.ts::program:<lambda>16:getDoraTrends,getDoraTrends,25,,<empty>,548,getDoraTrends,,,0,,"(projectId: __ecma.Number, granularity?: ""weekly"" | ""monthly"" | ""yearly"", periods?: __ecma.Number, offset?: __ecma.Number) => Promise<DoraTrendResponse>"
94489280854,LOCAL,,_tmp_91,13,,<empty>,540,_tmp_91,,,0,,express:Response:status:<returnValue>
94489280855,LOCAL,,_tmp_89,9,,<empty>,539,_tmp_89,,,0,,__ecma.Array
94489280856,LOCAL,,_tmp_90,9,,<empty>,539,_tmp_90,,,0,,__ecma.Array
94489280857,LOCAL,,error,11,,<empty>,518,error,,,0,,ErrorConstructor
94489280858,LOCAL,,Error,30,,<empty>,522,Error,,,0,,ErrorConstructor
94489280859,LOCAL,,_tmp_87,4,,<empty>,520,_tmp_87,,,0,,express:Response:status:<returnValue>
94489280860,LOCAL,,console,4,,<empty>,519,console,,,0,,__whatwg.console
94489280861,LOCAL,controllers/doraMetricsController.ts::program:<lambda>15:captureLastWeekSnapshots,captureLastWeekSnapshots,10,,<empty>,512,captureLastWeekSnapshots,,,0,,() => Promise<void>
94489280862,LOCAL,,error,11,,<empty>,497,error,,,0,,ErrorConstructor
94489280863,LOCAL,,Error,30,,<empty>,501,Error,,,0,,ErrorConstructor
94489280864,LOCAL,,_tmp_84,4,,<empty>,499,_tmp_84,,,0,,express:Response:status:<returnValue>
94489280865,LOCAL,,console,4,,<empty>,498,console,,,0,,__whatwg.console
94489280866,LOCAL,controllers/doraMetricsController.ts::program:<lambda>14:getWeeklySnapshotsForProject,getWeeklySnapshotsForProject,28,,<empty>,491,getWeeklySnapshotsForProject,,,0,,"(projectId: __ecma.Number, limit?: __ecma.Number) => Promise<WeeklyDoraSnapshot[]>"
94489280867,LOCAL,,error,11,,<empty>,473,error,,,0,,ErrorConstructor
94489280868,LOCAL,,Error,30,,<empty>,477,Error,,,0,,ErrorConstructor
94489280869,LOCAL,,_tmp_81,4,,<empty>,475,_tmp_81,,,0,,express:Response:status:<returnValue>
94489280870,LOCAL,,console,4,,<empty>,474,console,,,0,,__whatwg.console
94489280871,LOCAL,,_tmp_79,6,,<empty>,468,_tmp_79,,,0,,express:Response:status:<returnValue>
94489280872,LOCAL,controllers/doraMetricsController.ts::program:<lambda>13:deleteTimeToRestoreService,deleteTimeToRestoreService,26,,<empty>,460,deleteTimeToRestoreService,,,0,,(uuid: __ecma.String) => Promise<boolean>
94489280873,LOCAL,,error,11,,<empty>,444,error,,,0,,ErrorConstructor
94489280874,LOCAL,,Error,30,,<empty>,448,Error,,,0,,ErrorConstructor
94489280875,LOCAL,,_tmp_75,4,,<empty>,446,_tmp_75,,,0,,express:Response:status:<returnValue>
94489280876,LOCAL,,console,4,,<empty>,445,console,,,0,,__whatwg.console
94489280877,LOCAL,,_tmp_73,6,,<empty>,439,_tmp_73,,,0,,express:Response:status:<returnValue>
94489280878,LOCAL,controllers/doraMetricsController.ts::program:<lambda>12:deleteChangeFailureRate,deleteChangeFailureRate,26,,<empty>,431,deleteChangeFailureRate,,,0,,(uuid: __ecma.String) => Promise<boolean>
94489280879,LOCAL,,error,11,,<empty>,415,error,,,0,,ErrorConstructor
94489280880,LOCAL,,Error,30,,<empty>,419,Error,,,0,,ErrorConstructor
94489280881,LOCAL,,_tmp_69,4,,<empty>,417,_tmp_69,,,0,,express:Response:status:<returnValue>
94489280882,LOCAL,,console,4,,<empty>,416,console,,,0,,__whatwg.console
94489280883,LOCAL,,_tmp_67,6,,<empty>,410,_tmp_67,,,0,,express:Response:status:<returnValue>
94489280884,LOCAL,controllers/doraMetricsController.ts::program:<lambda>11:deleteLeadTimeChange,deleteLeadTimeChange,26,,<empty>,402,deleteLeadTimeChange,,,0,,(uuid: __ecma.String) => Promise<boolean>
94489280885,LOCAL,,error,11,,<empty>,386,error,,,0,,ErrorConstructor
94489280886,LOCAL,,Error,30,,<empty>,390,Error,,,0,,ErrorConstructor
94489280887,LOCAL,,_tmp_63,4,,<empty>,388,_tmp_63,,,0,,express:Response:status:<returnValue>
94489280888,LOCAL,,console,4,,<empty>,387,console,,,0,,__whatwg.console
94489280889,LOCAL,,_tmp_61,6,,<empty>,381,_tmp_61,,,0,,express:Response:status:<returnValue>
94489280890,LOCAL,controllers/doraMetricsController.ts::program:<lambda>10:deleteDeploymentFrequency,deleteDeploymentFrequency,26,,<empty>,373,deleteDeploymentFrequency,,,0,,(uuid: __ecma.String) => Promise<boolean>
94489280891,LOCAL,,error,11,,<empty>,357,error,,,0,,ErrorConstructor
94489280892,LOCAL,,Error,30,,<empty>,361,Error,,,0,,ErrorConstructor
94489280893,LOCAL,,_tmp_57,4,,<empty>,359,_tmp_57,,,0,,express:Response:status:<returnValue>
94489280894,LOCAL,,console,4,,<empty>,358,console,,,0,,__whatwg.console
94489280895,LOCAL,controllers/doraMetricsController.ts::program:<lambda>9:searchDeploymentsByIdPrefix,searchDeploymentsByIdPrefix,23,,<empty>,351,searchDeploymentsByIdPrefix,,,0,,"(projectId: __ecma.Number, searchTerm: __ecma.String, limit?: __ecma.Number) => Promise<DeploymentFrequency[]>"
94489280896,LOCAL,,error,11,,<empty>,325,error,,,0,,ErrorConstructor
94489280897,LOCAL,,Error,30,,<empty>,329,Error,,,0,,ErrorConstructor
94489280898,LOCAL,,_tmp_53,4,,<empty>,327,_tmp_53,,,0,,express:Response:status:<returnValue>
94489280899,LOCAL,,console,4,,<empty>,326,console,,,0,,__whatwg.console
94489280900,LOCAL,controllers/doraMetricsController.ts::program:<lambda>8:calculateDoraMetricsSummary,calculateDoraMetricsSummary,26,,<empty>,319,calculateDoraMetricsSummary,,,0,,"(projectId: __ecma.Number, days?: __ecma.Number) => Promise<DoraMetricsSummary>"
94489280901,LOCAL,,undefined,31,,<empty>,317,undefined,,,0,,undefined
94489280902,LOCAL,,error,11,,<empty>,299,error,,,0,,ErrorConstructor
94489280903,LOCAL,,Error,30,,<empty>,303,Error,,,0,,ErrorConstructor
94489280904,LOCAL,,_tmp_50,4,,<empty>,301,_tmp_50,,,0,,express:Response:status:<returnValue>
94489280905,LOCAL,,console,4,,<empty>,300,console,,,0,,__whatwg.console
94489280906,LOCAL,controllers/doraMetricsController.ts::program:<lambda>7:getTimeToRestoreServiceByProject,getTimeToRestoreServiceByProject,23,,<empty>,293,getTimeToRestoreServiceByProject,,,0,,"(projectId: __ecma.Number, days?: __ecma.Number) => Promise<TimeToRestoreService[]>"
94489280907,LOCAL,,error,11,,<empty>,275,error,,,0,,ErrorConstructor
94489280908,LOCAL,,Error,30,,<empty>,279,Error,,,0,,ErrorConstructor
94489280909,LOCAL,,_tmp_47,4,,<empty>,277,_tmp_47,,,0,,express:Response:status:<returnValue>
94489280910,LOCAL,,console,4,,<empty>,276,console,,,0,,__whatwg.console
94489280911,LOCAL,controllers/doraMetricsController.ts::program:<lambda>6:getChangeFailureRateByProject,getChangeFailureRateByProject,23,,<empty>,269,getChangeFailureRateByProject,,,0,,"(projectId: __ecma.Number, days?: __ecma.Number) => Promise<ChangeFailureRate[]>"
94489280912,LOCAL,,error,11,,<empty>,251,error,,,0,,ErrorConstructor
94489280913,LOCAL,,Error,30,,<empty>,255,Error,,,0,,ErrorConstructor
94489280914,LOCAL,,_tmp_44,4,,<empty>,253,_tmp_44,,,0,,express:Response:status:<returnValue>
94489280915,LOCAL,,console,4,,<empty>,252,console,,,0,,__whatwg.console
94489280916,LOCAL,controllers/doraMetricsController.ts::program:<lambda>5:getLeadTimeChangesByProject,getLeadTimeChangesByProject,23,,<empty>,245,getLeadTimeChangesByProject,,,0,,"(projectId: __ecma.Number, days?: __ecma.Number) => Promise<LeadTimeChange[]>"
94489280917,LOCAL,,error,11,,<empty>,227,error,,,0,,ErrorConstructor
94489280918,LOCAL,,Error,30,,<empty>,231,Error,,,0,,ErrorConstructor
94489280919,LOCAL,,_tmp_41,4,,<empty>,229,_tmp_41,,,0,,express:Response:status:<returnValue>
94489280920,LOCAL,,console,4,,<empty>,228,console,,,0,,__whatwg.console
94489280921,LOCAL,controllers/doraMetricsController.ts::program:<lambda>4:getDeploymentFrequencyByProject,getDeploymentFrequencyByProject,23,,<empty>,221,getDeploymentFrequencyByProject,,,0,,"(projectId: __ecma.Number, days?: __ecma.Number) => Promise<DeploymentFrequency[]>"
94489280922,LOCAL,,error,11,,<empty>,203,error,,,0,,ErrorConstructor
94489280923,LOCAL,,Error,30,,<empty>,207,Error,,,0,,ErrorConstructor
94489280924,LOCAL,,_tmp_38,4,,<empty>,205,_tmp_38,,,0,,express:Response:status:<returnValue>
94489280925,LOCAL,,console,4,,<empty>,204,console,,,0,,__whatwg.console
94489280926,LOCAL,,_tmp_36,4,,<empty>,198,_tmp_36,,,0,,express:Response:status:<returnValue>
94489280927,LOCAL,controllers/doraMetricsController.ts::program:<lambda>3:saveTimeToRestoreService,saveTimeToRestoreService,25,,<empty>,196,saveTimeToRestoreService,,,0,,(data: TimeToRestoreServiceInput) => Promise<TimeToRestoreService>
94489280928,LOCAL,,_tmp_33,13,,<empty>,182,_tmp_33,,,0,,express:Response:status:<returnValue>
94489280929,LOCAL,,Date,26,,<empty>,178,Date,,,0,,DateConstructor
94489280930,LOCAL,,_tmp_32,20,,<empty>,179,_tmp_32,,,0,,__ecma.Date
94489280931,LOCAL,,_tmp_31,22,,<empty>,178,_tmp_31,,,0,,__ecma.Date
94489280932,LOCAL,,_tmp_29,13,,<empty>,171,_tmp_29,,,0,,express:Response:status:<returnValue>
94489280933,LOCAL,,error,11,,<empty>,151,error,,,0,,ErrorConstructor
94489280934,LOCAL,,Error,30,,<empty>,155,Error,,,0,,ErrorConstructor
94489280935,LOCAL,,_tmp_26,4,,<empty>,153,_tmp_26,,,0,,express:Response:status:<returnValue>
94489280936,LOCAL,,console,4,,<empty>,152,console,,,0,,__whatwg.console
94489280937,LOCAL,,_tmp_24,4,,<empty>,146,_tmp_24,,,0,,express:Response:status:<returnValue>
94489280938,LOCAL,controllers/doraMetricsController.ts::program:<lambda>2:saveChangeFailureRate,saveChangeFailureRate,25,,<empty>,144,saveChangeFailureRate,,,0,,(data: ChangeFailureRateInput) => Promise<ChangeFailureRate>
94489280939,LOCAL,,_tmp_21,13,,<empty>,130,_tmp_21,,,0,,express:Response:status:<returnValue>
94489280940,LOCAL,,undefined,68,,<empty>,129,undefined,,,0,,undefined
94489280941,LOCAL,,error,11,,<empty>,110,error,,,0,,ErrorConstructor
94489280942,LOCAL,,Error,30,,<empty>,114,Error,,,0,,ErrorConstructor
94489280943,LOCAL,,_tmp_18,4,,<empty>,112,_tmp_18,,,0,,express:Response:status:<returnValue>
94489280944,LOCAL,,console,4,,<empty>,111,console,,,0,,__whatwg.console
94489280945,LOCAL,,_tmp_16,4,,<empty>,105,_tmp_16,,,0,,express:Response:status:<returnValue>
94489280946,LOCAL,controllers/doraMetricsController.ts::program:<lambda>1:saveLeadTimeChange,saveLeadTimeChange,25,,<empty>,103,saveLeadTimeChange,,,0,,(data: LeadTimeChangeInput) => Promise<LeadTimeChange>
94489280947,LOCAL,,_tmp_13,13,,<empty>,90,_tmp_13,,,0,,express:Response:status:<returnValue>
94489280948,LOCAL,,Date,27,,<empty>,86,Date,,,0,,DateConstructor
94489280949,LOCAL,,_tmp_12,25,,<empty>,87,_tmp_12,,,0,,__ecma.Date
94489280950,LOCAL,,_tmp_11,23,,<empty>,86,_tmp_11,,,0,,__ecma.Date
94489280951,LOCAL,,_tmp_9,13,,<empty>,79,_tmp_9,,,0,,express:Response:status:<returnValue>
94489280952,LOCAL,,error,11,,<empty>,59,error,,,0,,ErrorConstructor
94489280953,LOCAL,,Error,30,,<empty>,63,Error,,,0,,ErrorConstructor
94489280954,LOCAL,,_tmp_6,4,,<empty>,61,_tmp_6,,,0,,express:Response:status:<returnValue>
94489280955,LOCAL,,console,4,,<empty>,60,console,,,0,,__whatwg.console
94489280956,LOCAL,,_tmp_4,4,,<empty>,54,_tmp_4,,,0,,express:Response:status:<returnValue>
94489280957,LOCAL,controllers/doraMetricsController.ts::program:<lambda>0:saveDeploymentFrequency,saveDeploymentFrequency,25,,<empty>,52,saveDeploymentFrequency,,,0,,(data: DeploymentFrequencyInput) => Promise<DeploymentFrequency>
94489280958,LOCAL,,_tmp_1,13,,<empty>,38,_tmp_1,,,0,,express:Response:status:<returnValue>
94489280959,LOCAL,,Request,0,,<empty>,4,Request,,,0,,express:Request
94489280960,LOCAL,,Response,0,,<empty>,4,Response,,,0,,express:Response
94489280961,LOCAL,,getPool,0,,<empty>,5,getPool,,,0,,() => Pool
94489280962,LOCAL,,getHealthScoreHistory,13,,<empty>,11,getHealthScoreHistory,,,0,"(req: Request<ParamsDictionary, ANY, ANY, ParsedQs, Record<string, ANY>>, res: Response<any, Record<string, ANY>>) => Promise<...>","(req: Request<ParamsDictionary, ANY, ANY, ParsedQs, Record<string, ANY>>, res: Response<any, Record<string, ANY>>) => Promise<...>"
94489280963,LOCAL,,projectId,10,__ecma.Number;parseInt:<returnValue>,<empty>,13,projectId,,,0,__ecma.Number,__ecma.Number
94489280964,LOCAL,,days,10,,<empty>,14,days,,,0,__ecma.Number,__ecma.Number
94489280965,LOCAL,,_tmp_1,34,,<empty>,17,_tmp_1,,,0,,ANY
94489280966,LOCAL,,pool,10,Pool;pg:Pool;Pool | __ecma.Null;__ecma.Null,<empty>,23,pool,,,0,Pool,Pool
94489280967,LOCAL,,"[
      issueHistory,
      mrHistory,
      commitHistory,
      reliabilityHistory,
      maintainabilityHistory,
      securityHistory,
    ]",10,,<empty>,26,"[
      issueHistory,
      mrHistory,
      commitHistory,
      reliabilityHistory,
      maintainabilityHistory,
      securityHistory,
    ]",,,0,ANY,ANY
94489280968,LOCAL,,_tmp_2,26,,<empty>,33,_tmp_2,,,0,,__ecma.Array
94489280969,LOCAL,,_tmp_3,9,,<empty>,44,_tmp_3,,,0,,__ecma.Array
94489280970,LOCAL,,_tmp_4,9,,<empty>,56,_tmp_4,,,0,,__ecma.Array
94489280971,LOCAL,,_tmp_5,9,,<empty>,68,_tmp_5,,,0,,__ecma.Array
94489280972,LOCAL,,_tmp_6,9,,<empty>,80,_tmp_6,,,0,,__ecma.Array
94489280973,LOCAL,,_tmp_7,9,,<empty>,92,_tmp_7,,,0,,__ecma.Array
94489280974,LOCAL,,_tmp_8,9,,<empty>,104,_tmp_8,,,0,,__ecma.Array
94489280975,LOCAL,,_tmp_9,10,,<empty>,26,_tmp_9,,,0,,ANY
94489280976,LOCAL,,issueHistory,6,,<empty>,27,issueHistory,,,0,,QueryResult<any>
94489280977,LOCAL,,mrHistory,6,,<empty>,28,mrHistory,,,0,,QueryResult<any>
94489280978,LOCAL,,commitHistory,6,,<empty>,29,commitHistory,,,0,,QueryResult<any>
94489280979,LOCAL,,reliabilityHistory,6,,<empty>,30,reliabilityHistory,,,0,,QueryResult<any>
94489280980,LOCAL,,maintainabilityHistory,6,,<empty>,31,maintainabilityHistory,,,0,,QueryResult<any>
94489280981,LOCAL,,securityHistory,6,,<empty>,32,securityHistory,,,0,,QueryResult<any>
94489280982,LOCAL,,allDates,10,Set<string>;__ecma.Set,<empty>,108,allDates,,,0,Set<string>,ANY
94489280983,LOCAL,,_tmp_10,21,,<empty>,108,_tmp_10,,,0,,__ecma.Set
94489280984,LOCAL,,addDates,10,,<empty>,109,addDates,,,0,(history: __ecma.Array; }) => ANY,(history: __ecma.Array; }) => ANY
94489280985,LOCAL,,createDateMap,10,,<empty>,123,createDateMap,,,0,"(history: __ecma.Array; }) => Map<string, __ecma.Number>","(history: __ecma.Array; }) => Map<string, __ecma.Number>"
94489280986,LOCAL,,map,12,"Map<string, __ecma.Number>;__ecma.Map",<empty>,124,map,,,0,"Map<string, __ecma.Number>",ANY
94489280987,LOCAL,,_tmp_12,18,,<empty>,124,_tmp_12,,,0,,__ecma.Map
94489280988,LOCAL,,issueMap,10,"Map<string, __ecma.Number>;__ecma.Map",<empty>,131,issueMap,,,0,"Map<string, __ecma.Number>","Map<string, __ecma.Number>"
94489280989,LOCAL,,mrMap,10,"Map<string, __ecma.Number>;__ecma.Map",<empty>,132,mrMap,,,0,"Map<string, __ecma.Number>","Map<string, __ecma.Number>"
94489280990,LOCAL,,commitMap,10,"Map<string, __ecma.Number>;__ecma.Map",<empty>,133,commitMap,,,0,"Map<string, __ecma.Number>","Map<string, __ecma.Number>"
94489280991,LOCAL,,reliabilityMap,10,"Map<string, __ecma.Number>;__ecma.Map",<empty>,134,reliabilityMap,,,0,"Map<string, __ecma.Number>","Map<string, __ecma.Number>"
94489280992,LOCAL,,maintainabilityMap,10,"Map<string, __ecma.Number>;__ecma.Map",<empty>,135,maintainabilityMap,,,0,"Map<string, __ecma.Number>","Map<string, __ecma.Number>"
94489280993,LOCAL,,securityMap,10,"Map<string, __ecma.Number>;__ecma.Map",<empty>,136,securityMap,,,0,"Map<string, __ecma.Number>","Map<string, __ecma.Number>"
94489280994,LOCAL,,combinedHistory,10,,<empty>,139,combinedHistory,,,0,__ecma.Array,__ecma.Array
94489280995,LOCAL,,_tmp_16,20,,<empty>,141,_tmp_16,,,0,,ANY
94489280996,LOCAL,,_tmp_17,13,,<empty>,152,_tmp_17,,,0,,ANY
94489280997,LOCAL,,_tmp_19,25,,<empty>,158,_tmp_19,,,0,,ANY
94489280998,LOCAL,,getLatestHealthScores,13,,<empty>,169,getLatestHealthScores,,,0,"(req: Request<ParamsDictionary, ANY, ANY, ParsedQs, Record<string, ANY>>, res: Response<any, Record<string, ANY>>) => Promise<...>","(req: Request<ParamsDictionary, ANY, ANY, ParsedQs, Record<string, ANY>>, res: Response<any, Record<string, ANY>>) => Promise<...>"
94489280999,LOCAL,,projectId,10,__ecma.Number;parseInt:<returnValue>,<empty>,171,projectId,,,0,__ecma.Number,__ecma.Number
94489281000,LOCAL,,_tmp_21,34,,<empty>,174,_tmp_21,,,0,,ANY
94489281001,LOCAL,,pool,10,Pool;pg:Pool;Pool | __ecma.Null;__ecma.Null,<empty>,180,pool,,,0,Pool,Pool
94489281002,LOCAL,,"[
      issueLatest,
      mrLatest,
      commitLatest,
      reliabilityLatest,
      maintainabilityLatest,
      securityLatest,
    ]",10,,<empty>,183,"[
      issueLatest,
      mrLatest,
      commitLatest,
      reliabilityLatest,
      maintainabilityLatest,
      securityLatest,
    ]",,,0,ANY,ANY
94489281003,LOCAL,,_tmp_22,26,,<empty>,190,_tmp_22,,,0,,__ecma.Array
94489281004,LOCAL,,_tmp_23,9,,<empty>,197,_tmp_23,,,0,,__ecma.Array
94489281005,LOCAL,,_tmp_24,9,,<empty>,205,_tmp_24,,,0,,__ecma.Array
94489281006,LOCAL,,_tmp_25,9,,<empty>,213,_tmp_25,,,0,,__ecma.Array
94489281007,LOCAL,,_tmp_26,9,,<empty>,221,_tmp_26,,,0,,__ecma.Array
94489281008,LOCAL,,_tmp_27,9,,<empty>,229,_tmp_27,,,0,,__ecma.Array
94489281009,LOCAL,,_tmp_28,9,,<empty>,237,_tmp_28,,,0,,__ecma.Array
94489281010,LOCAL,,_tmp_29,10,,<empty>,183,_tmp_29,,,0,,ANY
94489281011,LOCAL,,issueLatest,6,,<empty>,184,issueLatest,,,0,,QueryResult<any>
94489281012,LOCAL,,mrLatest,6,,<empty>,185,mrLatest,,,0,,QueryResult<any>
94489281013,LOCAL,,commitLatest,6,,<empty>,186,commitLatest,,,0,,QueryResult<any>
94489281014,LOCAL,,reliabilityLatest,6,,<empty>,187,reliabilityLatest,,,0,,QueryResult<any>
94489281015,LOCAL,,maintainabilityLatest,6,,<empty>,188,maintainabilityLatest,,,0,,QueryResult<any>
94489281016,LOCAL,,securityLatest,6,,<empty>,189,securityLatest,,,0,,QueryResult<any>
94489281017,LOCAL,,latestScores,10,,<empty>,240,latestScores,,,0,{ issue_health: __ecma.Number | __ecma.Null; mr_health: __ecma.Number | __ecma.Null; commit_health: __ecma.Number | __ecma.Null; reliability_health: __ecma.Number | __ecma.Null; maintainability_health: __ecma.Number | __ecma.Null; security_health: __ecma.Number | __ecma.Null; created_at: ANY; },{ issue_health: __ecma.Number | __ecma.Null; mr_health: __ecma.Number | __ecma.Null; commit_health: __ecma.Number | __ecma.Null; reliability_health: __ecma.Number | __ecma.Null; maintainability_health: __ecma.Number | __ecma.Null; security_health: __ecma.Number | __ecma.Null; created_at: ANY; }
94489281018,LOCAL,,_tmp_30,25,,<empty>,240,_tmp_30,,,0,,ANY
94489281019,LOCAL,,_tmp_31,13,,<empty>,250,_tmp_31,,,0,,ANY
94489281020,LOCAL,,_tmp_33,25,,<empty>,256,_tmp_33,,,0,,ANY
94489281021,LOCAL,,error,11,,<empty>,254,error,,,0,,ErrorConstructor
94489281022,LOCAL,,Error,30,,<empty>,258,Error,,,0,,ErrorConstructor
94489281023,LOCAL,,_tmp_32,4,,<empty>,256,_tmp_32,,,0,,express:Response:status:<returnValue>
94489281024,LOCAL,,console,4,,<empty>,255,console,,,0,,__whatwg.console
94489281025,LOCAL,,_tmp_28,9,,<empty>,237,_tmp_28,,,0,,__ecma.Array
94489281026,LOCAL,,_tmp_27,9,,<empty>,229,_tmp_27,,,0,,__ecma.Array
94489281027,LOCAL,,_tmp_26,9,,<empty>,221,_tmp_26,,,0,,__ecma.Array
94489281028,LOCAL,,_tmp_25,9,,<empty>,213,_tmp_25,,,0,,__ecma.Array
94489281029,LOCAL,,_tmp_24,9,,<empty>,205,_tmp_24,,,0,,__ecma.Array
94489281030,LOCAL,,_tmp_23,9,,<empty>,197,_tmp_23,,,0,,__ecma.Array
94489281031,LOCAL,,_tmp_22,26,,<empty>,190,_tmp_22,,,0,,__ecma.Array
94489281032,LOCAL,controllers/healthScoreController.ts::program:<lambda>6:getPool,getPool,17,,<empty>,180,getPool,,,0,,() => Pool
94489281033,LOCAL,,_tmp_20,13,,<empty>,174,_tmp_20,,,0,,express:Response:status:<returnValue>
94489281034,LOCAL,,error,11,,<empty>,156,error,,,0,,ErrorConstructor
94489281035,LOCAL,,Error,30,,<empty>,160,Error,,,0,,ErrorConstructor
94489281036,LOCAL,,_tmp_18,4,,<empty>,158,_tmp_18,,,0,,express:Response:status:<returnValue>
94489281037,LOCAL,,console,4,,<empty>,157,console,,,0,,__whatwg.console
94489281038,LOCAL,controllers/healthScoreController.ts::program:<lambda>0:<lambda>5:securityMap,securityMap,25,"Map<string, __ecma.Number>;__ecma.Map",<empty>,149,securityMap,,,0,,"Map<string, __ecma.Number>"
94489281039,LOCAL,controllers/healthScoreController.ts::program:<lambda>0:<lambda>5:maintainabilityMap,maintainabilityMap,32,"Map<string, __ecma.Number>;__ecma.Map",<empty>,148,maintainabilityMap,,,0,,"Map<string, __ecma.Number>"
94489281040,LOCAL,controllers/healthScoreController.ts::program:<lambda>0:<lambda>5:reliabilityMap,reliabilityMap,28,"Map<string, __ecma.Number>;__ecma.Map",<empty>,147,reliabilityMap,,,0,,"Map<string, __ecma.Number>"
94489281041,LOCAL,controllers/healthScoreController.ts::program:<lambda>0:<lambda>5:commitMap,commitMap,23,"Map<string, __ecma.Number>;__ecma.Map",<empty>,146,commitMap,,,0,,"Map<string, __ecma.Number>"
94489281042,LOCAL,controllers/healthScoreController.ts::program:<lambda>0:<lambda>5:mrMap,mrMap,19,"Map<string, __ecma.Number>;__ecma.Map",<empty>,145,mrMap,,,0,,"Map<string, __ecma.Number>"
94489281043,LOCAL,controllers/healthScoreController.ts::program:<lambda>0:<lambda>5:issueMap,issueMap,22,"Map<string, __ecma.Number>;__ecma.Map",<empty>,144,issueMap,,,0,,"Map<string, __ecma.Number>"
94489281044,LOCAL,,_tmp_14,28,,<empty>,139,_tmp_14,,,0,,ANY
94489281045,LOCAL,,_tmp_15,28,,<empty>,139,_tmp_15,,,0,,ArrayConstructor:from:<returnValue>
94489281046,LOCAL,,Array,28,,<empty>,139,Array,,,0,,ArrayConstructor
94489281047,LOCAL,controllers/healthScoreController.ts::program:<lambda>0:<lambda>3:<lambda>4:map,map,8,"Map<string, __ecma.Number>;__ecma.Map",<empty>,126,map,,,0,,ANY
94489281048,LOCAL,,_tmp_13,6,,<empty>,125,_tmp_13,,,0,,__ecma.Array
94489281049,LOCAL,,Map,22,,<empty>,124,Map,,,0,,MapConstructor
94489281050,LOCAL,,_tmp_12,18,,<empty>,124,_tmp_12,,,0,,__ecma.Map
94489281051,LOCAL,controllers/healthScoreController.ts::program:<lambda>0:<lambda>1:<lambda>2:allDates,allDates,8,Set<string>;__ecma.Set,<empty>,111,allDates,,,0,,ANY
94489281052,LOCAL,controllers/healthScoreController.ts::program:<lambda>0:<lambda>1:allDates,allDates,,Set<string>;__ecma.Set,<empty>,,allDates,,,0,,ANY
94489281053,LOCAL,,_tmp_11,6,,<empty>,110,_tmp_11,,,0,,__ecma.Array
94489281054,LOCAL,,Set,25,,<empty>,108,Set,,,0,,SetConstructor
94489281055,LOCAL,,_tmp_10,21,,<empty>,108,_tmp_10,,,0,,__ecma.Set
94489281056,LOCAL,,_tmp_8,9,,<empty>,104,_tmp_8,,,0,,__ecma.Array
94489281057,LOCAL,,_tmp_7,9,,<empty>,92,_tmp_7,,,0,,__ecma.Array
94489281058,LOCAL,,_tmp_6,9,,<empty>,80,_tmp_6,,,0,,__ecma.Array
94489281059,LOCAL,,_tmp_5,9,,<empty>,68,_tmp_5,,,0,,__ecma.Array
94489281060,LOCAL,,_tmp_4,9,,<empty>,56,_tmp_4,,,0,,__ecma.Array
94489281061,LOCAL,,_tmp_3,9,,<empty>,44,_tmp_3,,,0,,__ecma.Array
94489281062,LOCAL,,_tmp_2,26,,<empty>,33,_tmp_2,,,0,,__ecma.Array
94489281063,LOCAL,controllers/healthScoreController.ts::program:<lambda>0:getPool,getPool,17,,<empty>,23,getPool,,,0,,() => Pool
94489281064,LOCAL,,_tmp_0,13,,<empty>,17,_tmp_0,,,0,,express:Response:status:<returnValue>
94489281065,LOCAL,,Request,0,,<empty>,4,Request,,,0,,express:Request
94489281066,LOCAL,,Response,0,,<empty>,4,Response,,,0,,express:Response
94489281067,LOCAL,,issueMetricsSyncService,0,services/issueMetrics/issueMetricsSyncService.ts::program:IssueMetricsSyncService;IssueMetricsSyncService,<empty>,5,issueMetricsSyncService,,,0,,ANY
94489281068,LOCAL,,issueMetricsDbService,0,services/issueMetrics/issueMetricsDbService.ts::program:IssueMetricsDbService;IssueMetricsDbService,<empty>,6,issueMetricsDbService,,,0,,ANY
94489281069,LOCAL,,refreshIssueMetrics,13,,<empty>,12,refreshIssueMetrics,,,0,"(req: Request<ParamsDictionary, ANY, ANY, ParsedQs, Record<string, ANY>>, res: Response<any, Record<string, ANY>>) => Promise<...>","(req: Request<ParamsDictionary, ANY, ANY, ParsedQs, Record<string, ANY>>, res: Response<any, Record<string, ANY>>) => Promise<...>"
94489281070,LOCAL,,projectId,10,__ecma.Number;parseInt:<returnValue>,<empty>,14,projectId,,,0,__ecma.Number,__ecma.Number
94489281071,LOCAL,,_tmp_1,34,,<empty>,17,_tmp_1,,,0,,ANY
94489281072,LOCAL,,metrics,10,,<empty>,26,metrics,,,0,IssueHealthMetrics,IssueHealthMetrics | __ecma.Null
94489281073,LOCAL,,_tmp_2,13,,<empty>,28,_tmp_2,,,0,,ANY
94489281074,LOCAL,,_tmp_4,25,,<empty>,36,_tmp_4,,,0,,ANY
94489281075,LOCAL,,getIssueMetrics,13,,<empty>,48,getIssueMetrics,,,0,"(req: Request<ParamsDictionary, ANY, ANY, ParsedQs, Record<string, ANY>>, res: Response<any, Record<string, ANY>>) => Promise<...>","(req: Request<ParamsDictionary, ANY, ANY, ParsedQs, Record<string, ANY>>, res: Response<any, Record<string, ANY>>) => Promise<...>"
94489281076,LOCAL,,projectId,10,__ecma.Number;parseInt:<returnValue>,<empty>,50,projectId,,,0,__ecma.Number,__ecma.Number
94489281077,LOCAL,,_tmp_6,34,,<empty>,53,_tmp_6,,,0,,ANY
94489281078,LOCAL,,metrics,10,,<empty>,59,metrics,,,0,IssueHealthMetrics | __ecma.Null,IssueHealthMetrics | __ecma.Null
94489281079,LOCAL,,_tmp_8,34,,<empty>,62,_tmp_8,,,0,,ANY
94489281080,LOCAL,,_tmp_9,13,,<empty>,68,_tmp_9,,,0,,ANY
94489281081,LOCAL,,_tmp_11,25,,<empty>,74,_tmp_11,,,0,,ANY
94489281082,LOCAL,,getIssueMetricsTrends,13,,<empty>,85,getIssueMetricsTrends,,,0,"(req: Request<ParamsDictionary, ANY, ANY, ParsedQs, Record<string, ANY>>, res: Response<any, Record<string, ANY>>) => Promise<...>","(req: Request<ParamsDictionary, ANY, ANY, ParsedQs, Record<string, ANY>>, res: Response<any, Record<string, ANY>>) => Promise<...>"
94489281083,LOCAL,,projectId,10,__ecma.Number;parseInt:<returnValue>,<empty>,87,projectId,,,0,__ecma.Number,__ecma.Number
94489281084,LOCAL,,_tmp_13,34,,<empty>,90,_tmp_13,,,0,,ANY
94489281085,LOCAL,,currentMetrics,10,,<empty>,97,currentMetrics,,,0,IssueHealthMetrics | __ecma.Null,IssueHealthMetrics | __ecma.Null
94489281086,LOCAL,,_tmp_15,34,,<empty>,100,_tmp_15,,,0,,ANY
94489281087,LOCAL,,trends,10,,<empty>,107,trends,,,0,WeekOverWeekComparison | __ecma.Null,WeekOverWeekComparison | __ecma.Null
94489281088,LOCAL,,history,10,,<empty>,110,history,,,0,__ecma.Array,__ecma.Array
94489281089,LOCAL,,_tmp_16,13,,<empty>,112,_tmp_16,,,0,,ANY
94489281090,LOCAL,,_tmp_17,12,,<empty>,114,_tmp_17,,,0,,ANY
94489281091,LOCAL,,_tmp_19,25,,<empty>,122,_tmp_19,,,0,,ANY
94489281092,LOCAL,,getIssueMetricsHistory,13,,<empty>,133,getIssueMetricsHistory,,,0,"(req: Request<ParamsDictionary, ANY, ANY, ParsedQs, Record<string, ANY>>, res: Response<any, Record<string, ANY>>) => Promise<...>","(req: Request<ParamsDictionary, ANY, ANY, ParsedQs, Record<string, ANY>>, res: Response<any, Record<string, ANY>>) => Promise<...>"
94489281093,LOCAL,,projectId,10,__ecma.Number;parseInt:<returnValue>,<empty>,135,projectId,,,0,__ecma.Number,__ecma.Number
94489281094,LOCAL,,days,10,,<empty>,136,days,,,0,__ecma.Number,__ecma.Number
94489281095,LOCAL,,_tmp_21,34,,<empty>,139,_tmp_21,,,0,,ANY
94489281096,LOCAL,,history,10,,<empty>,145,history,,,0,__ecma.Array,__ecma.Array
94489281097,LOCAL,,_tmp_22,13,,<empty>,147,_tmp_22,,,0,,ANY
94489281098,LOCAL,,_tmp_24,25,,<empty>,153,_tmp_24,,,0,,ANY
94489281099,LOCAL,,error,11,,<empty>,151,error,,,0,,ErrorConstructor
94489281100,LOCAL,,Error,30,,<empty>,155,Error,,,0,,ErrorConstructor
94489281101,LOCAL,,_tmp_23,4,,<empty>,153,_tmp_23,,,0,,express:Response:status:<returnValue>
94489281102,LOCAL,,console,4,,<empty>,152,console,,,0,,__whatwg.console
94489281103,LOCAL,controllers/issueMetricsController.ts::program:<lambda>3:issueMetricsDbService,issueMetricsDbService,26,services/issueMetrics/issueMetricsDbService.ts::program:IssueMetricsDbService;IssueMetricsDbService,<empty>,145,issueMetricsDbService,,,0,,ANY
94489281104,LOCAL,,_tmp_20,13,,<empty>,139,_tmp_20,,,0,,express:Response:status:<returnValue>
94489281105,LOCAL,,error,11,,<empty>,120,error,,,0,,ErrorConstructor
94489281106,LOCAL,,Error,30,,<empty>,124,Error,,,0,,ErrorConstructor
94489281107,LOCAL,,_tmp_18,4,,<empty>,122,_tmp_18,,,0,,express:Response:status:<returnValue>
94489281108,LOCAL,,console,4,,<empty>,121,console,,,0,,__whatwg.console
94489281109,LOCAL,controllers/issueMetricsController.ts::program:<lambda>2:issueMetricsDbService,issueMetricsDbService,33,services/issueMetrics/issueMetricsDbService.ts::program:IssueMetricsDbService;IssueMetricsDbService,<empty>,97,issueMetricsDbService,,,0,,ANY
94489281110,LOCAL,,_tmp_14,13,,<empty>,100,_tmp_14,,,0,,express:Response:status:<returnValue>
94489281111,LOCAL,,_tmp_12,13,,<empty>,90,_tmp_12,,,0,,express:Response:status:<returnValue>
94489281112,LOCAL,,error,11,,<empty>,72,error,,,0,,ErrorConstructor
94489281113,LOCAL,,Error,30,,<empty>,76,Error,,,0,,ErrorConstructor
94489281114,LOCAL,,_tmp_10,4,,<empty>,74,_tmp_10,,,0,,express:Response:status:<returnValue>
94489281115,LOCAL,,console,4,,<empty>,73,console,,,0,,__whatwg.console
94489281116,LOCAL,,_tmp_7,13,,<empty>,62,_tmp_7,,,0,,express:Response:status:<returnValue>
94489281117,LOCAL,controllers/issueMetricsController.ts::program:<lambda>1:issueMetricsDbService,issueMetricsDbService,26,services/issueMetrics/issueMetricsDbService.ts::program:IssueMetricsDbService;IssueMetricsDbService,<empty>,59,issueMetricsDbService,,,0,,ANY
94489281118,LOCAL,,_tmp_5,13,,<empty>,53,_tmp_5,,,0,,express:Response:status:<returnValue>
94489281119,LOCAL,,undefined,54,,<empty>,39,undefined,,,0,,undefined
94489281120,LOCAL,,error,11,,<empty>,33,error,,,0,,ErrorConstructor
94489281121,LOCAL,,Error,76,,<empty>,35,Error,,,0,,ErrorConstructor
94489281122,LOCAL,,_tmp_3,4,,<empty>,36,_tmp_3,,,0,,express:Response:status:<returnValue>
94489281123,LOCAL,,console,4,,<empty>,23,console,,,0,,__whatwg.console
94489281124,LOCAL,controllers/issueMetricsController.ts::program:<lambda>0:issueMetricsSyncService,issueMetricsSyncService,26,services/issueMetrics/issueMetricsSyncService.ts::program:IssueMetricsSyncService;IssueMetricsSyncService,<empty>,26,issueMetricsSyncService,,,0,,ANY
94489281125,LOCAL,,_tmp_0,13,,<empty>,17,_tmp_0,,,0,,express:Response:status:<returnValue>
94489281126,LOCAL,,Request,0,,<empty>,4,Request,,,0,,express:Request
94489281127,LOCAL,,Response,0,,<empty>,4,Response,,,0,,express:Response
94489281128,LOCAL,,milestoneMetricsSyncService,0,services/milestoneMetrics/milestoneMetricsSyncService.ts::program:MilestoneMetricsSyncService;MilestoneMetricsSyncService,<empty>,5,milestoneMetricsSyncService,,,0,,ANY
94489281129,LOCAL,,milestoneMetricsDbService,0,services/milestoneMetrics/milestoneMetricsDbService.ts::program:MilestoneMetricsDbService;MilestoneMetricsDbService,<empty>,6,milestoneMetricsDbService,,,0,,ANY
94489281130,LOCAL,,refreshMilestoneMetrics,13,,<empty>,12,refreshMilestoneMetrics,,,0,"(req: Request<ParamsDictionary, ANY, ANY, ParsedQs, Record<string, ANY>>, res: Response<any, Record<string, ANY>>) => Promise<...>","(req: Request<ParamsDictionary, ANY, ANY, ParsedQs, Record<string, ANY>>, res: Response<any, Record<string, ANY>>) => Promise<...>"
94489281131,LOCAL,,projectId,10,__ecma.Number;parseInt:<returnValue>,<empty>,14,projectId,,,0,__ecma.Number,__ecma.Number
94489281132,LOCAL,,_tmp_1,34,,<empty>,17,_tmp_1,,,0,,ANY
94489281133,LOCAL,,metrics,10,,<empty>,26,metrics,,,0,MilestoneMetrics,MilestoneMetrics | __ecma.Null
94489281134,LOCAL,,_tmp_2,13,,<empty>,28,_tmp_2,,,0,,ANY
94489281135,LOCAL,,_tmp_4,25,,<empty>,35,_tmp_4,,,0,,ANY
94489281136,LOCAL,,getMilestoneMetrics,13,,<empty>,46,getMilestoneMetrics,,,0,"(req: Request<ParamsDictionary, ANY, ANY, ParsedQs, Record<string, ANY>>, res: Response<any, Record<string, ANY>>) => Promise<...>","(req: Request<ParamsDictionary, ANY, ANY, ParsedQs, Record<string, ANY>>, res: Response<any, Record<string, ANY>>) => Promise<...>"
94489281137,LOCAL,,projectId,10,__ecma.Number;parseInt:<returnValue>,<empty>,48,projectId,,,0,__ecma.Number,__ecma.Number
94489281138,LOCAL,,_tmp_6,34,,<empty>,51,_tmp_6,,,0,,ANY
94489281139,LOCAL,,metrics,10,,<empty>,59,metrics,,,0,MilestoneMetrics | __ecma.Null,MilestoneMetrics | __ecma.Null
94489281140,LOCAL,,_tmp_8,34,,<empty>,62,_tmp_8,,,0,,ANY
94489281141,LOCAL,,_tmp_9,13,,<empty>,68,_tmp_9,,,0,,ANY
94489281142,LOCAL,,_tmp_11,25,,<empty>,74,_tmp_11,,,0,,ANY
94489281143,LOCAL,,error,11,,<empty>,72,error,,,0,,ErrorConstructor
94489281144,LOCAL,,Error,30,,<empty>,76,Error,,,0,,ErrorConstructor
94489281145,LOCAL,,_tmp_10,4,,<empty>,74,_tmp_10,,,0,,express:Response:status:<returnValue>
94489281146,LOCAL,,console,4,,<empty>,57,console,,,0,,__whatwg.console
94489281147,LOCAL,,_tmp_7,13,,<empty>,62,_tmp_7,,,0,,express:Response:status:<returnValue>
94489281148,LOCAL,controllers/milestoneMetricsController.ts::program:<lambda>1:milestoneMetricsDbService,milestoneMetricsDbService,26,services/milestoneMetrics/milestoneMetricsDbService.ts::program:MilestoneMetricsDbService;MilestoneMetricsDbService,<empty>,59,milestoneMetricsDbService,,,0,,ANY
94489281149,LOCAL,,_tmp_5,13,,<empty>,51,_tmp_5,,,0,,express:Response:status:<returnValue>
94489281150,LOCAL,,error,11,,<empty>,33,error,,,0,,ErrorConstructor
94489281151,LOCAL,,Error,30,,<empty>,37,Error,,,0,,ErrorConstructor
94489281152,LOCAL,,_tmp_3,4,,<empty>,35,_tmp_3,,,0,,express:Response:status:<returnValue>
94489281153,LOCAL,,console,4,,<empty>,23,console,,,0,,__whatwg.console
94489281154,LOCAL,controllers/milestoneMetricsController.ts::program:<lambda>0:milestoneMetricsSyncService,milestoneMetricsSyncService,26,services/milestoneMetrics/milestoneMetricsSyncService.ts::program:MilestoneMetricsSyncService;MilestoneMetricsSyncService,<empty>,26,milestoneMetricsSyncService,,,0,,ANY
94489281155,LOCAL,,_tmp_0,13,,<empty>,17,_tmp_0,,,0,,express:Response:status:<returnValue>
94489281156,LOCAL,,Request,0,,<empty>,5,Request,,,0,,express:Request
94489281157,LOCAL,,Response,0,,<empty>,5,Response,,,0,,express:Response
94489281158,LOCAL,,mrMetricsSyncService,0,services/mrMetrics/mrMetricsSyncService.ts::program:MRMetricsSyncService;MRMetricsSyncService,<empty>,6,mrMetricsSyncService,,,0,,ANY
94489281159,LOCAL,,mrMetricsDbService,0,services/mrMetrics/mrMetricsDbService.ts::program:MRMetricsDbService;MRMetricsDbService,<empty>,7,mrMetricsDbService,,,0,,ANY
94489281160,LOCAL,,refreshMRMetrics,13,,<empty>,13,refreshMRMetrics,,,0,"(req: Request<ParamsDictionary, ANY, ANY, ParsedQs, Record<string, ANY>>, res: Response<any, Record<string, ANY>>) => Promise<...>","(req: Request<ParamsDictionary, ANY, ANY, ParsedQs, Record<string, ANY>>, res: Response<any, Record<string, ANY>>) => Promise<...>"
94489281161,LOCAL,,projectId,10,__ecma.Number;parseInt:<returnValue>,<empty>,15,projectId,,,0,__ecma.Number,__ecma.Number
94489281162,LOCAL,,_tmp_1,34,,<empty>,18,_tmp_1,,,0,,ANY
94489281163,LOCAL,,metrics,10,,<empty>,26,metrics,,,0,MRHealthMetrics,MRHealthMetrics | __ecma.Null
94489281164,LOCAL,,_tmp_2,13,,<empty>,28,_tmp_2,,,0,,ANY
94489281165,LOCAL,,_tmp_4,25,,<empty>,36,_tmp_4,,,0,,ANY
94489281166,LOCAL,,getMRMetrics,13,,<empty>,48,getMRMetrics,,,0,"(req: Request<ParamsDictionary, ANY, ANY, ParsedQs, Record<string, ANY>>, res: Response<any, Record<string, ANY>>) => Promise<...>","(req: Request<ParamsDictionary, ANY, ANY, ParsedQs, Record<string, ANY>>, res: Response<any, Record<string, ANY>>) => Promise<...>"
94489281167,LOCAL,,projectId,10,__ecma.Number;parseInt:<returnValue>,<empty>,50,projectId,,,0,__ecma.Number,__ecma.Number
94489281168,LOCAL,,_tmp_6,34,,<empty>,53,_tmp_6,,,0,,ANY
94489281169,LOCAL,,metrics,10,,<empty>,59,metrics,,,0,MRHealthMetrics | __ecma.Null,MRHealthMetrics | __ecma.Null
94489281170,LOCAL,,_tmp_8,34,,<empty>,62,_tmp_8,,,0,,ANY
94489281171,LOCAL,,_tmp_9,13,,<empty>,68,_tmp_9,,,0,,ANY
94489281172,LOCAL,,_tmp_11,25,,<empty>,74,_tmp_11,,,0,,ANY
94489281173,LOCAL,,getMRMetricsTrends,13,,<empty>,86,getMRMetricsTrends,,,0,"(req: Request<ParamsDictionary, ANY, ANY, ParsedQs, Record<string, ANY>>, res: Response<any, Record<string, ANY>>) => Promise<...>","(req: Request<ParamsDictionary, ANY, ANY, ParsedQs, Record<string, ANY>>, res: Response<any, Record<string, ANY>>) => Promise<...>"
94489281174,LOCAL,,projectId,10,__ecma.Number;parseInt:<returnValue>,<empty>,88,projectId,,,0,__ecma.Number,__ecma.Number
94489281175,LOCAL,,_tmp_13,34,,<empty>,91,_tmp_13,,,0,,ANY
94489281176,LOCAL,,trends,10,,<empty>,97,trends,,,0,MRWeekOverWeekComparison | __ecma.Null,MRWeekOverWeekComparison | __ecma.Null
94489281177,LOCAL,,_tmp_15,34,,<empty>,100,_tmp_15,,,0,,ANY
94489281178,LOCAL,,_tmp_16,13,,<empty>,106,_tmp_16,,,0,,ANY
94489281179,LOCAL,,_tmp_18,25,,<empty>,112,_tmp_18,,,0,,ANY
94489281180,LOCAL,,getMRMetricsHistory,13,,<empty>,124,getMRMetricsHistory,,,0,"(req: Request<ParamsDictionary, ANY, ANY, ParsedQs, Record<string, ANY>>, res: Response<any, Record<string, ANY>>) => Promise<...>","(req: Request<ParamsDictionary, ANY, ANY, ParsedQs, Record<string, ANY>>, res: Response<any, Record<string, ANY>>) => Promise<...>"
94489281181,LOCAL,,projectId,10,__ecma.Number;parseInt:<returnValue>,<empty>,126,projectId,,,0,__ecma.Number,__ecma.Number
94489281182,LOCAL,,days,10,,<empty>,127,days,,,0,__ecma.Number,__ecma.Number
94489281183,LOCAL,,_tmp_20,34,,<empty>,130,_tmp_20,,,0,,ANY
94489281184,LOCAL,,history,10,,<empty>,136,history,,,0,__ecma.Array,__ecma.Array
94489281185,LOCAL,,_tmp_21,13,,<empty>,138,_tmp_21,,,0,,ANY
94489281186,LOCAL,,_tmp_23,25,,<empty>,144,_tmp_23,,,0,,ANY
94489281187,LOCAL,,error,11,,<empty>,142,error,,,0,,ANY
94489281188,LOCAL,,_tmp_22,4,,<empty>,144,_tmp_22,,,0,,express:Response:status:<returnValue>
94489281189,LOCAL,,console,4,,<empty>,143,console,,,0,,__whatwg.console
94489281190,LOCAL,controllers/mrMetricsController.ts::program:<lambda>3:mrMetricsDbService,mrMetricsDbService,26,services/mrMetrics/mrMetricsDbService.ts::program:MRMetricsDbService;MRMetricsDbService,<empty>,136,mrMetricsDbService,,,0,,ANY
94489281191,LOCAL,,_tmp_19,13,,<empty>,130,_tmp_19,,,0,,express:Response:status:<returnValue>
94489281192,LOCAL,,error,11,,<empty>,110,error,,,0,,ANY
94489281193,LOCAL,,_tmp_17,4,,<empty>,112,_tmp_17,,,0,,express:Response:status:<returnValue>
94489281194,LOCAL,,console,4,,<empty>,111,console,,,0,,__whatwg.console
94489281195,LOCAL,,_tmp_14,13,,<empty>,100,_tmp_14,,,0,,express:Response:status:<returnValue>
94489281196,LOCAL,controllers/mrMetricsController.ts::program:<lambda>2:mrMetricsDbService,mrMetricsDbService,25,services/mrMetrics/mrMetricsDbService.ts::program:MRMetricsDbService;MRMetricsDbService,<empty>,97,mrMetricsDbService,,,0,,ANY
94489281197,LOCAL,,_tmp_12,13,,<empty>,91,_tmp_12,,,0,,express:Response:status:<returnValue>
94489281198,LOCAL,,error,11,,<empty>,72,error,,,0,,ANY
94489281199,LOCAL,,_tmp_10,4,,<empty>,74,_tmp_10,,,0,,express:Response:status:<returnValue>
94489281200,LOCAL,,console,4,,<empty>,73,console,,,0,,__whatwg.console
94489281201,LOCAL,,_tmp_7,13,,<empty>,62,_tmp_7,,,0,,express:Response:status:<returnValue>
94489281202,LOCAL,controllers/mrMetricsController.ts::program:<lambda>1:mrMetricsDbService,mrMetricsDbService,26,services/mrMetrics/mrMetricsDbService.ts::program:MRMetricsDbService;MRMetricsDbService,<empty>,59,mrMetricsDbService,,,0,,ANY
94489281203,LOCAL,,_tmp_5,13,,<empty>,53,_tmp_5,,,0,,express:Response:status:<returnValue>
94489281204,LOCAL,,error,11,,<empty>,33,error,,,0,,ANY
94489281205,LOCAL,,_tmp_3,4,,<empty>,36,_tmp_3,,,0,,express:Response:status:<returnValue>
94489281206,LOCAL,,console,4,,<empty>,24,console,,,0,,__whatwg.console
94489281207,LOCAL,controllers/mrMetricsController.ts::program:<lambda>0:mrMetricsSyncService,mrMetricsSyncService,26,services/mrMetrics/mrMetricsSyncService.ts::program:MRMetricsSyncService;MRMetricsSyncService,<empty>,26,mrMetricsSyncService,,,0,,ANY
94489281208,LOCAL,,_tmp_0,13,,<empty>,18,_tmp_0,,,0,,express:Response:status:<returnValue>
94489281209,LOCAL,,Request,0,,<empty>,2,Request,,,0,,express:Request
94489281210,LOCAL,,Response,0,,<empty>,2,Response,,,0,,express:Response
94489281211,LOCAL,,trackProject,0,,<empty>,3,trackProject,,,0,,(id: __ecma.Number) => Promise<any>
94489281212,LOCAL,,untrackProject,0,,<empty>,3,untrackProject,,,0,,(id: __ecma.Number) => Promise<boolean>
94489281213,LOCAL,,getTotalProjectsCount,0,,<empty>,3,getTotalProjectsCount,,,0,,() => Promise<number>
94489281214,LOCAL,,getTrackedProjectsCount,0,,<empty>,3,getTrackedProjectsCount,,,0,,() => Promise<number>
94489281215,LOCAL,,getLatestCombinedScores,0,,<empty>,3,getLatestCombinedScores,,,0,,() => Promise<any[]>
94489281216,LOCAL,,getProjectsNeedingAttention,0,,<empty>,3,getProjectsNeedingAttention,,,0,,(limit?: __ecma.Number) => Promise<any[]>
94489281217,LOCAL,,projectSyncService,0,services/project/projectSyncService.ts::program:ProjectSyncService;ProjectSyncService,<empty>,4,projectSyncService,,,0,,ANY
94489281218,LOCAL,,projectFetchService,0,,<empty>,5,projectFetchService,,,0,,ProjectFetchService
94489281219,LOCAL,,projectRefreshService,0,services/project/projectRefreshService.ts::program:ProjectRefreshService;ProjectRefreshService,<empty>,6,projectRefreshService,,,0,,ANY
94489281220,LOCAL,,gitlabGroupService,0,services/gitlab/gitlabGroupService.ts::program:GitLabGroupService;GitLabGroupService,<empty>,7,gitlabGroupService,,,0,,ANY
94489281221,LOCAL,,gitLabMemberService,0,services/gitlab/gitLabMemberService.ts::program:GitLabMemberService;GitLabMemberService,<empty>,8,gitLabMemberService,,,0,,ANY
94489281222,LOCAL,,projects,12,,<empty>,18,projects,,,0,__ecma.Array,__ecma.Array
94489281223,LOCAL,,_tmp_1,27,,<empty>,21,_tmp_1,,,0,,ANY
94489281224,LOCAL,,{ id },12,,<empty>,31,{ id },,,0,ANY,ANY
94489281225,LOCAL,,_tmp_2,12,,<empty>,31,_tmp_2,,,0,,express:Request:<member>(params)
94489281226,LOCAL,,id,14,,<empty>,31,id,,,0,,__ecma.String
94489281227,LOCAL,,projectId,12,__ecma.Number;Number:<returnValue>,<empty>,32,projectId,,,0,__ecma.Number,__ecma.Number
94489281228,LOCAL,,_tmp_4,36,,<empty>,35,_tmp_4,,,0,,ANY
94489281229,LOCAL,,project,12,,<empty>,38,project,,,0,{ id: __ecma.Number; name: __ecma.String; description: __ecma.String | ANY; web_url: __ecma.String | ANY; lastActivityAt: __ecma.String | ANY; visibility: __ecma.String | ANY; membersCount: __ecma.Number; ... 16 more ...; sonarMaintainabilityBlocker: __ecma.Number; } | __ecma.Null,{ id: __ecma.Number; name: __ecma.String; description: __ecma.String | ANY; web_url: __ecma.String | ANY; lastActivityAt: __ecma.String | ANY; visibility: __ecma.String | ANY; membersCount: __ecma.Number; ... 16 more ...; sonarMaintainabilityBlocker: __ecma.Number; }
94489281230,LOCAL,,_tmp_6,36,,<empty>,41,_tmp_6,,,0,,ANY
94489281231,LOCAL,,_tmp_8,27,,<empty>,46,_tmp_8,,,0,,ANY
94489281232,LOCAL,,projects,12,,<empty>,56,projects,,,0,__ecma.Array,__ecma.Array
94489281233,LOCAL,,_tmp_10,27,,<empty>,59,_tmp_10,,,0,,ANY
94489281234,LOCAL,,projects,12,,<empty>,69,projects,,,0,__ecma.Array,__ecma.Array
94489281235,LOCAL,,_tmp_12,27,,<empty>,72,_tmp_12,,,0,,ANY
94489281236,LOCAL,,{ id },12,,<empty>,82,{ id },,,0,ANY,ANY
94489281237,LOCAL,,_tmp_13,12,,<empty>,82,_tmp_13,,,0,,express:Request:<member>(params)
94489281238,LOCAL,,id,14,,<empty>,82,id,,,0,,__ecma.String
94489281239,LOCAL,,projectId,12,__ecma.Number;Number:<returnValue>,<empty>,83,projectId,,,0,__ecma.Number,__ecma.Number
94489281240,LOCAL,,_tmp_15,36,,<empty>,86,_tmp_15,,,0,,ANY
94489281241,LOCAL,,project,12,,<empty>,89,project,,,0,{ id: __ecma.Number; name: __ecma.String; description: __ecma.String | ANY; web_url: __ecma.String | ANY; lastActivityAt: __ecma.String | ANY; visibility: __ecma.String | ANY; membersCount: __ecma.Number; ... 16 more ...; sonarMaintainabilityBlocker: __ecma.Number; },{ id: __ecma.Number; name: __ecma.String; description: __ecma.String | ANY; web_url: __ecma.String | ANY; lastActivityAt: __ecma.String | ANY; visibility: __ecma.String | ANY; membersCount: __ecma.Number; ... 16 more ...; sonarMaintainabilityBlocker: __ecma.Number; }
94489281242,LOCAL,,_tmp_17,27,,<empty>,92,_tmp_17,,,0,,ANY
94489281243,LOCAL,,{ id },12,,<empty>,102,{ id },,,0,ANY,ANY
94489281244,LOCAL,,_tmp_18,12,,<empty>,102,_tmp_18,,,0,,express:Request:<member>(params)
94489281245,LOCAL,,id,14,,<empty>,102,id,,,0,,__ecma.String
94489281246,LOCAL,,projectId,12,__ecma.Number;Number:<returnValue>,<empty>,103,projectId,,,0,__ecma.Number,__ecma.Number
94489281247,LOCAL,,_tmp_20,36,,<empty>,106,_tmp_20,,,0,,ANY
94489281248,LOCAL,,_tmp_21,15,,<empty>,110,_tmp_21,,,0,,ANY
94489281249,LOCAL,,_tmp_23,27,,<empty>,112,_tmp_23,,,0,,ANY
94489281250,LOCAL,,_tmp_24,15,,<empty>,123,_tmp_24,,,0,,ANY
94489281251,LOCAL,,_tmp_26,27,,<empty>,125,_tmp_26,,,0,,ANY
94489281252,LOCAL,,{ id },12,,<empty>,133,{ id },,,0,ANY,ANY
94489281253,LOCAL,,_tmp_27,12,,<empty>,133,_tmp_27,,,0,,express:Request:<member>(body)
94489281254,LOCAL,,id,14,,<empty>,133,id,,,0,,__ecma.String
94489281255,LOCAL,,_tmp_29,36,,<empty>,136,_tmp_29,,,0,,ANY
94489281256,LOCAL,,trackedProject,12,,<empty>,139,trackedProject,,,0,ANY,ANY
94489281257,LOCAL,,_tmp_31,36,,<empty>,142,_tmp_31,,,0,,ANY
94489281258,LOCAL,,_tmp_33,27,,<empty>,147,_tmp_33,,,0,,ANY
94489281259,LOCAL,,{ id },12,,<empty>,153,{ id },,,0,ANY,ANY
94489281260,LOCAL,,_tmp_34,12,,<empty>,153,_tmp_34,,,0,,express:Request:<member>(params)
94489281261,LOCAL,,id,14,,<empty>,153,id,,,0,,__ecma.String
94489281262,LOCAL,,success,12,,<empty>,155,success,,,0,__ecma.Boolean,__ecma.Boolean
94489281263,LOCAL,,_tmp_36,36,,<empty>,158,_tmp_36,,,0,,ANY
94489281264,LOCAL,,_tmp_37,15,,<empty>,161,_tmp_37,,,0,,ANY
94489281265,LOCAL,,_tmp_39,27,,<empty>,163,_tmp_39,,,0,,ANY
94489281266,LOCAL,,groups,18,,<empty>,169,groups,,,0,__ecma.Array,__ecma.Array
94489281267,LOCAL,,simplifiedGroups,18,__ecma.Array;__ecma.Array:map:<returnValue>,<empty>,172,simplifiedGroups,,,0,__ecma.Array,__ecma.Array
94489281268,LOCAL,,_tmp_40,58,,<empty>,172,_tmp_40,,,0,,ANY
94489281269,LOCAL,,_tmp_42,33,,<empty>,180,_tmp_42,,,0,,ANY
94489281270,LOCAL,,{ id },12,,<empty>,189,{ id },,,0,ANY,ANY
94489281271,LOCAL,,_tmp_43,12,,<empty>,189,_tmp_43,,,0,,express:Request:<member>(params)
94489281272,LOCAL,,id,14,,<empty>,189,id,,,0,,__ecma.String
94489281273,LOCAL,,projectId,12,__ecma.Number;Number:<returnValue>,<empty>,190,projectId,,,0,__ecma.Number,__ecma.Number
94489281274,LOCAL,,_tmp_45,36,,<empty>,193,_tmp_45,,,0,,ANY
94489281275,LOCAL,,members,12,,<empty>,196,members,,,0,__ecma.Array,__ecma.Array
94489281276,LOCAL,,_tmp_47,27,,<empty>,199,_tmp_47,,,0,,ANY
94489281277,LOCAL,,stats,12,,<empty>,208,stats,,,0,{ totalProjects: __ecma.Number; trackedProjects: __ecma.Number; averageQuality: __ecma.Number; needsAttention: __ecma.Number; qualityDistribution: { critical: __ecma.Number; warning: __ecma.Number; good: __ecma.Number; excellent: __ecma.Number; }; projectsNeedingAttention: __ecma.Array; },{ totalProjects: __ecma.Number; trackedProjects: __ecma.Number; averageQuality: __ecma.Number; needsAttention: __ecma.Number; qualityDistribution: { critical: __ecma.Number; warning: __ecma.Number; good: __ecma.Number; excellent: __ecma.Number; }; projectsNeedingAttention: __ecma.Array; }
94489281278,LOCAL,,_tmp_49,27,,<empty>,212,_tmp_49,,,0,,ANY
94489281279,LOCAL,,totalProjects,10,,<empty>,220,totalProjects,,,0,__ecma.Number,__ecma.Number
94489281280,LOCAL,,trackedProjects,10,,<empty>,221,trackedProjects,,,0,__ecma.Number,__ecma.Number
94489281281,LOCAL,,projectsWithScores,10,,<empty>,222,projectsWithScores,,,0,__ecma.Array,__ecma.Array
94489281282,LOCAL,,averageQuality,10,,<empty>,224,averageQuality,,,0,__ecma.Number,__ecma.Number
94489281283,LOCAL,,needsAttentionCount,10,,<empty>,225,needsAttentionCount,,,0,__ecma.Number,__ecma.Number
94489281284,LOCAL,,qualityDistribution,10,,<empty>,226,qualityDistribution,,,0,{ critical: __ecma.Number; warning: __ecma.Number; good: __ecma.Number; excellent: __ecma.Number; },{ critical: __ecma.Number; warning: __ecma.Number; good: __ecma.Number; excellent: __ecma.Number; }
94489281285,LOCAL,,projectsNeedingAttention,10,,<empty>,227,projectsNeedingAttention,,,0,__ecma.Array,__ecma.Array
94489281286,LOCAL,,_tmp_50,11,,<empty>,229,_tmp_50,,,0,,ANY
94489281287,LOCAL,,sum,10,,<empty>,245,sum,,,0,ANY,__ecma.Array:reduce:<returnValue>
94489281288,LOCAL,,average,10,,<empty>,246,average,,,0,__ecma.Number,__ecma.Number
94489281289,LOCAL,,_tmp_51,11,,<empty>,261,_tmp_51,,,0,,ANY
94489281290,LOCAL,,ProjectController,0,,<empty>,10,ProjectController,,,0,,controllers/projectController.ts::program:ProjectController
94489281291,LOCAL,,_tmp_52,15,,<empty>,269,_tmp_52,,,0,,controllers/projectController.ts::program:ProjectController
94489281292,LOCAL,,_tmp_52,15,,<empty>,269,_tmp_52,,,0,,controllers/projectController.ts::program:ProjectController
94489281293,LOCAL,,calculateQualityDistribution,10,,<empty>,260,calculateQualityDistribution,,,0,,(projects: __ecma.Array) => { critical: __ecma.Number; warning: __ecma.Number; good: __ecma.Number; excellent: __ecma.Number; }
94489281294,LOCAL,,countProjectsNeedingAttention,10,,<empty>,253,countProjectsNeedingAttention,,,0,,(projects: __ecma.Array) => __ecma.Number
94489281295,LOCAL,,calculateAverageQuality,10,,<empty>,242,calculateAverageQuality,,,0,,(projects: __ecma.Array) => __ecma.Number
94489281296,LOCAL,controllers/projectController.ts::program:ProjectController:<init>:<lambda>13:getProjectsNeedingAttention,getProjectsNeedingAttention,43,,<empty>,227,getProjectsNeedingAttention,,,0,,(limit?: __ecma.Number) => Promise<any[]>
94489281297,LOCAL,controllers/projectController.ts::program:ProjectController:<init>:getProjectsNeedingAttention,getProjectsNeedingAttention,,,<empty>,,getProjectsNeedingAttention,,,0,,(limit?: __ecma.Number) => Promise<any[]>
94489281298,LOCAL,controllers/projectController.ts::program:ProjectController:<init>:<lambda>13:getLatestCombinedScores,getLatestCombinedScores,37,,<empty>,222,getLatestCombinedScores,,,0,,() => Promise<any[]>
94489281299,LOCAL,controllers/projectController.ts::program:ProjectController:<init>:getLatestCombinedScores,getLatestCombinedScores,,,<empty>,,getLatestCombinedScores,,,0,,() => Promise<any[]>
94489281300,LOCAL,controllers/projectController.ts::program:ProjectController:<init>:<lambda>13:getTrackedProjectsCount,getTrackedProjectsCount,34,,<empty>,221,getTrackedProjectsCount,,,0,,() => Promise<number>
94489281301,LOCAL,controllers/projectController.ts::program:ProjectController:<init>:getTrackedProjectsCount,getTrackedProjectsCount,,,<empty>,,getTrackedProjectsCount,,,0,,() => Promise<number>
94489281302,LOCAL,controllers/projectController.ts::program:ProjectController:<init>:<lambda>13:getTotalProjectsCount,getTotalProjectsCount,32,,<empty>,220,getTotalProjectsCount,,,0,,() => Promise<number>
94489281303,LOCAL,controllers/projectController.ts::program:ProjectController:<init>:getTotalProjectsCount,getTotalProjectsCount,,,<empty>,,getTotalProjectsCount,,,0,,() => Promise<number>
94489281304,LOCAL,,calculateDashboardStats,10,,<empty>,219,calculateDashboardStats,,,0,,() => Promise<{ totalProjects: __ecma.Number; trackedProjects: __ecma.Number; averageQuality: __ecma.Number; needsAttention: __ecma.Number; qualityDistribution: { critical: __ecma.Number; warning: __ecma.Number; good: __ecma.Number; excellent: __ecma.Number; }; projectsNeedingAttention: __ecma.Array; }>
94489281305,LOCAL,,error,13,,<empty>,210,error,,,0,,ANY
94489281306,LOCAL,,_tmp_48,6,,<empty>,212,_tmp_48,,,0,,express:Response:status:<returnValue>
94489281307,LOCAL,,console,6,,<empty>,211,console,,,0,,__whatwg.console
94489281308,LOCAL,,getDashboardStatsHandler,2,,<empty>,206,getDashboardStatsHandler,,,0,,"(req: Request<ParamsDictionary, ANY, ANY, ParsedQs, Record<string, ANY>>, res: Response<any, Record<string, ANY>>) => Promise<...>"
94489281309,LOCAL,,error,13,,<empty>,198,error,,,0,,ANY
94489281310,LOCAL,,_tmp_46,6,,<empty>,199,_tmp_46,,,0,,express:Response:status:<returnValue>
94489281311,LOCAL,controllers/projectController.ts::program:ProjectController:<init>:<lambda>11:gitLabMemberService,gitLabMemberService,28,services/gitlab/gitLabMemberService.ts::program:GitLabMemberService;GitLabMemberService,<empty>,196,gitLabMemberService,,,0,,ANY
94489281312,LOCAL,controllers/projectController.ts::program:ProjectController:<init>:gitLabMemberService,gitLabMemberService,,services/gitlab/gitLabMemberService.ts::program:GitLabMemberService;GitLabMemberService,<empty>,,gitLabMemberService,,,0,,ANY
94489281313,LOCAL,,_tmp_44,15,,<empty>,193,_tmp_44,,,0,,express:Response:status:<returnValue>
94489281314,LOCAL,,getProjectMembersHandler,2,,<empty>,187,getProjectMembersHandler,,,0,,"(req: Request<ParamsDictionary, ANY, ANY, ParsedQs, Record<string, ANY>>, res: Response<any, Record<string, ANY>>) => Promise<...>"
94489281315,LOCAL,,error,11,,<empty>,179,error,,,0,,ANY
94489281316,LOCAL,,_tmp_41,12,,<empty>,180,_tmp_41,,,0,,express:Response:status:<returnValue>
94489281317,LOCAL,controllers/projectController.ts::program:ProjectController:<init>:<lambda>9:gitlabGroupService,gitlabGroupService,33,services/gitlab/gitlabGroupService.ts::program:GitLabGroupService;GitLabGroupService,<empty>,169,gitlabGroupService,,,0,,ANY
94489281318,LOCAL,controllers/projectController.ts::program:ProjectController:<init>:gitlabGroupService,gitlabGroupService,,services/gitlab/gitlabGroupService.ts::program:GitLabGroupService;GitLabGroupService,<empty>,,gitlabGroupService,,,0,,ANY
94489281319,LOCAL,,getProjectGroupsHandler,0,,<empty>,167,getProjectGroupsHandler,,,0,,"(req: Request<ParamsDictionary, ANY, ANY, ParsedQs, Record<string, ANY>>, res: Response<any, Record<string, ANY>>) => Promise<...>"
94489281320,LOCAL,,error,13,,<empty>,162,error,,,0,,ANY
94489281321,LOCAL,,_tmp_38,6,,<empty>,163,_tmp_38,,,0,,express:Response:status:<returnValue>
94489281322,LOCAL,,_tmp_35,15,,<empty>,158,_tmp_35,,,0,,express:Response:status:<returnValue>
94489281323,LOCAL,controllers/projectController.ts::program:ProjectController:<init>:<lambda>8:untrackProject,untrackProject,28,,<empty>,155,untrackProject,,,0,,(id: __ecma.Number) => Promise<boolean>
94489281324,LOCAL,controllers/projectController.ts::program:ProjectController:<init>:untrackProject,untrackProject,,,<empty>,,untrackProject,,,0,,(id: __ecma.Number) => Promise<boolean>
94489281325,LOCAL,,untrackProjectHandler,2,,<empty>,151,untrackProjectHandler,,,0,,"(req: Request<ParamsDictionary, ANY, ANY, ParsedQs, Record<string, ANY>>, res: Response<any, Record<string, ANY>>) => Promise<...>"
94489281326,LOCAL,,error,13,,<empty>,146,error,,,0,,ANY
94489281327,LOCAL,,_tmp_32,6,,<empty>,147,_tmp_32,,,0,,express:Response:status:<returnValue>
94489281328,LOCAL,,_tmp_30,15,,<empty>,142,_tmp_30,,,0,,express:Response:status:<returnValue>
94489281329,LOCAL,controllers/projectController.ts::program:ProjectController:<init>:<lambda>7:trackProject,trackProject,35,,<empty>,139,trackProject,,,0,,(id: __ecma.Number) => Promise<any>
94489281330,LOCAL,controllers/projectController.ts::program:ProjectController:<init>:trackProject,trackProject,,,<empty>,,trackProject,,,0,,(id: __ecma.Number) => Promise<any>
94489281331,LOCAL,,_tmp_28,15,,<empty>,136,_tmp_28,,,0,,express:Response:status:<returnValue>
94489281332,LOCAL,,trackProjectHandler,2,,<empty>,131,trackProjectHandler,,,0,,"(req: Request<ParamsDictionary, ANY, ANY, ParsedQs, Record<string, ANY>>, res: Response<any, Record<string, ANY>>) => Promise<...>"
94489281333,LOCAL,,error,13,,<empty>,124,error,,,0,,ANY
94489281334,LOCAL,,_tmp_25,6,,<empty>,125,_tmp_25,,,0,,express:Response:status:<returnValue>
94489281335,LOCAL,controllers/projectController.ts::program:ProjectController:<init>:<lambda>6:projectRefreshService,projectRefreshService,12,services/project/projectRefreshService.ts::program:ProjectRefreshService;ProjectRefreshService,<empty>,122,projectRefreshService,,,0,,ANY
94489281336,LOCAL,controllers/projectController.ts::program:ProjectController:<init>:projectRefreshService,projectRefreshService,,services/project/projectRefreshService.ts::program:ProjectRefreshService;ProjectRefreshService,<empty>,,projectRefreshService,,,0,,ANY
94489281337,LOCAL,,refreshAllTrackedProjects,2,,<empty>,120,refreshAllTrackedProjects,,,0,,"(req: Request<ParamsDictionary, ANY, ANY, ParsedQs, Record<string, ANY>>, res: Response<any, Record<string, ANY>>) => Promise<...>"
94489281338,LOCAL,,error,13,,<empty>,111,error,,,0,,ANY
94489281339,LOCAL,,_tmp_22,6,,<empty>,112,_tmp_22,,,0,,express:Response:status:<returnValue>
94489281340,LOCAL,controllers/projectController.ts::program:ProjectController:<init>:<lambda>5:projectRefreshService,projectRefreshService,12,services/project/projectRefreshService.ts::program:ProjectRefreshService;ProjectRefreshService,<empty>,109,projectRefreshService,,,0,,ANY
94489281341,LOCAL,,_tmp_19,15,,<empty>,106,_tmp_19,,,0,,express:Response:status:<returnValue>
94489281342,LOCAL,,refreshSingleProject,2,,<empty>,100,refreshSingleProject,,,0,,"(req: Request<ParamsDictionary, ANY, ANY, ParsedQs, Record<string, ANY>>, res: Response<any, Record<string, ANY>>) => Promise<...>"
94489281343,LOCAL,,error,13,,<empty>,91,error,,,0,,ANY
94489281344,LOCAL,,_tmp_16,6,,<empty>,92,_tmp_16,,,0,,express:Response:status:<returnValue>
94489281345,LOCAL,controllers/projectController.ts::program:ProjectController:<init>:<lambda>4:projectSyncService,projectSyncService,28,services/project/projectSyncService.ts::program:ProjectSyncService;ProjectSyncService,<empty>,89,projectSyncService,,,0,,ANY
94489281346,LOCAL,controllers/projectController.ts::program:ProjectController:<init>:projectSyncService,projectSyncService,,services/project/projectSyncService.ts::program:ProjectSyncService;ProjectSyncService,<empty>,,projectSyncService,,,0,,ANY
94489281347,LOCAL,,_tmp_14,15,,<empty>,86,_tmp_14,,,0,,express:Response:status:<returnValue>
94489281348,LOCAL,,syncSingleProject,2,,<empty>,80,syncSingleProject,,,0,,"(req: Request<ParamsDictionary, ANY, ANY, ParsedQs, Record<string, ANY>>, res: Response<any, Record<string, ANY>>) => Promise<...>"
94489281349,LOCAL,,error,13,,<empty>,71,error,,,0,,ANY
94489281350,LOCAL,,_tmp_11,6,,<empty>,72,_tmp_11,,,0,,express:Response:status:<returnValue>
94489281351,LOCAL,controllers/projectController.ts::program:ProjectController:<init>:<lambda>3:projectSyncService,projectSyncService,29,services/project/projectSyncService.ts::program:ProjectSyncService;ProjectSyncService,<empty>,69,projectSyncService,,,0,,ANY
94489281352,LOCAL,,syncProjectsFromGitLab,2,,<empty>,67,syncProjectsFromGitLab,,,0,,"(req: Request<ParamsDictionary, ANY, ANY, ParsedQs, Record<string, ANY>>, res: Response<any, Record<string, ANY>>) => Promise<...>"
94489281353,LOCAL,,error,13,,<empty>,58,error,,,0,,ANY
94489281354,LOCAL,,_tmp_9,6,,<empty>,59,_tmp_9,,,0,,express:Response:status:<returnValue>
94489281355,LOCAL,controllers/projectController.ts::program:ProjectController:<init>:<lambda>2:projectFetchService,projectFetchService,29,,<empty>,56,projectFetchService,,,0,,ProjectFetchService
94489281356,LOCAL,controllers/projectController.ts::program:ProjectController:<init>:projectFetchService,projectFetchService,,,<empty>,,projectFetchService,,,0,,ProjectFetchService
94489281357,LOCAL,,getTrackedProjectsFromDB,2,,<empty>,54,getTrackedProjectsFromDB,,,0,,"(req: Request<ParamsDictionary, ANY, ANY, ParsedQs, Record<string, ANY>>, res: Response<any, Record<string, ANY>>) => Promise<...>"
94489281358,LOCAL,,error,13,,<empty>,45,error,,,0,,ANY
94489281359,LOCAL,,_tmp_7,6,,<empty>,46,_tmp_7,,,0,,express:Response:status:<returnValue>
94489281360,LOCAL,,_tmp_5,15,,<empty>,41,_tmp_5,,,0,,express:Response:status:<returnValue>
94489281361,LOCAL,controllers/projectController.ts::program:ProjectController:<init>:<lambda>1:projectFetchService,projectFetchService,28,,<empty>,38,projectFetchService,,,0,,ProjectFetchService
94489281362,LOCAL,,_tmp_3,15,,<empty>,35,_tmp_3,,,0,,express:Response:status:<returnValue>
94489281363,LOCAL,,getProjectByIdFromDB,2,,<empty>,29,getProjectByIdFromDB,,,0,,"(req: Request<ParamsDictionary, ANY, ANY, ParsedQs, Record<string, ANY>>, res: Response<any, Record<string, ANY>>) => Promise<...>"
94489281364,LOCAL,,error,13,,<empty>,20,error,,,0,,ANY
94489281365,LOCAL,,_tmp_0,6,,<empty>,21,_tmp_0,,,0,,express:Response:status:<returnValue>
94489281366,LOCAL,controllers/projectController.ts::program:ProjectController:<init>:<lambda>0:projectFetchService,projectFetchService,29,,<empty>,18,projectFetchService,,,0,,ProjectFetchService
94489281367,LOCAL,,getProjectsFromDB,2,,<empty>,16,getProjectsFromDB,,,0,,"(req: Request<ParamsDictionary, ANY, ANY, ParsedQs, Record<string, ANY>>, res: Response<any, Record<string, ANY>>) => Promise<...>"
94489281368,LOCAL,,Request,0,,<empty>,5,Request,,,0,,express:Request
94489281369,LOCAL,,Response,0,,<empty>,5,Response,,,0,,express:Response
94489281370,LOCAL,,SonarMaintainabilitySyncService,0,services/sonarMaintainability/sonarMaintainabilitySyncService.ts::program:SonarMaintainabilitySyncService;SonarMaintainabilitySyncService,<empty>,6,SonarMaintainabilitySyncService,,,0,,ANY
94489281371,LOCAL,,SonarMaintainabilityDbService,0,,<empty>,7,SonarMaintainabilityDbService,,,0,,services/sonarMaintainability/sonarMaintainabilityDbService.ts::program:SonarMaintainabilityDbService
94489281372,LOCAL,,refreshMaintainabilityMetrics,13,,<empty>,13,refreshMaintainabilityMetrics,,,0,"(req: Request<ParamsDictionary, ANY, ANY, ParsedQs, Record<string, ANY>>, res: Response<any, Record<string, ANY>>) => Promise<...>","(req: Request<ParamsDictionary, ANY, ANY, ParsedQs, Record<string, ANY>>, res: Response<any, Record<string, ANY>>) => Promise<...>"
94489281373,LOCAL,,syncService,8,services/sonarMaintainability/sonarMaintainabilitySyncService.ts::program:SonarMaintainabilitySyncService;SonarMaintainabilitySyncService,<empty>,14,syncService,,,0,SonarMaintainabilitySyncService,services/sonarMaintainability/sonarMaintainabilitySyncService.ts::program:SonarMaintainabilitySyncService
94489281374,LOCAL,,_tmp_0,22,services/sonarMaintainability/sonarMaintainabilitySyncService.ts::program:SonarMaintainabilitySyncService;SonarMaintainabilitySyncService,<empty>,14,_tmp_0,,,0,,ANY
94489281375,LOCAL,,dbService,8,,<empty>,15,dbService,,,0,SonarMaintainabilityDbService,services/sonarMaintainability/sonarMaintainabilityDbService.ts::program:SonarMaintainabilityDbService
94489281376,LOCAL,,_tmp_1,20,,<empty>,15,_tmp_1,,,0,,services/sonarMaintainability/sonarMaintainabilityDbService.ts::program:SonarMaintainabilityDbService
94489281377,LOCAL,,projectId,10,__ecma.Number;parseInt:<returnValue>,<empty>,17,projectId,,,0,__ecma.Number,__ecma.Number
94489281378,LOCAL,,_tmp_3,34,,<empty>,20,_tmp_3,,,0,,ANY
94489281379,LOCAL,,metrics,10,,<empty>,29,metrics,,,0,SonarQubeMaintainabilityMetrics | __ecma.Null,SonarQubeMaintainabilityMetrics | __ecma.Null
94489281380,LOCAL,,_tmp_4,13,,<empty>,31,_tmp_4,,,0,,ANY
94489281381,LOCAL,,_tmp_6,25,,<empty>,38,_tmp_6,,,0,,ANY
94489281382,LOCAL,,getMaintainabilityMetrics,13,,<empty>,50,getMaintainabilityMetrics,,,0,"(req: Request<ParamsDictionary, ANY, ANY, ParsedQs, Record<string, ANY>>, res: Response<any, Record<string, ANY>>) => Promise<...>","(req: Request<ParamsDictionary, ANY, ANY, ParsedQs, Record<string, ANY>>, res: Response<any, Record<string, ANY>>) => Promise<...>"
94489281383,LOCAL,,dbService,8,,<empty>,51,dbService,,,0,SonarMaintainabilityDbService,services/sonarMaintainability/sonarMaintainabilityDbService.ts::program:SonarMaintainabilityDbService
94489281384,LOCAL,,_tmp_7,20,,<empty>,51,_tmp_7,,,0,,services/sonarMaintainability/sonarMaintainabilityDbService.ts::program:SonarMaintainabilityDbService
94489281385,LOCAL,,projectId,10,__ecma.Number;parseInt:<returnValue>,<empty>,54,projectId,,,0,__ecma.Number,__ecma.Number
94489281386,LOCAL,,_tmp_9,34,,<empty>,57,_tmp_9,,,0,,ANY
94489281387,LOCAL,,metrics,10,,<empty>,63,metrics,,,0,SonarQubeMaintainabilityMetrics | __ecma.Null,SonarQubeMaintainabilityMetrics | __ecma.Null
94489281388,LOCAL,,_tmp_11,34,,<empty>,66,_tmp_11,,,0,,ANY
94489281389,LOCAL,,_tmp_12,13,,<empty>,72,_tmp_12,,,0,,ANY
94489281390,LOCAL,,_tmp_14,25,,<empty>,78,_tmp_14,,,0,,ANY
94489281391,LOCAL,,getMaintainabilityMetricsHistory,13,,<empty>,90,getMaintainabilityMetricsHistory,,,0,"(req: Request<ParamsDictionary, ANY, ANY, ParsedQs, Record<string, ANY>>, res: Response<any, Record<string, ANY>>) => Promise<...>","(req: Request<ParamsDictionary, ANY, ANY, ParsedQs, Record<string, ANY>>, res: Response<any, Record<string, ANY>>) => Promise<...>"
94489281392,LOCAL,,dbService,8,,<empty>,91,dbService,,,0,SonarMaintainabilityDbService,services/sonarMaintainability/sonarMaintainabilityDbService.ts::program:SonarMaintainabilityDbService
94489281393,LOCAL,,_tmp_15,20,,<empty>,91,_tmp_15,,,0,,services/sonarMaintainability/sonarMaintainabilityDbService.ts::program:SonarMaintainabilityDbService
94489281394,LOCAL,,projectId,10,__ecma.Number;parseInt:<returnValue>,<empty>,94,projectId,,,0,__ecma.Number,__ecma.Number
94489281395,LOCAL,,days,10,,<empty>,95,days,,,0,__ecma.Number,__ecma.Number
94489281396,LOCAL,,_tmp_17,34,,<empty>,98,_tmp_17,,,0,,ANY
94489281397,LOCAL,,history,10,,<empty>,104,history,,,0,__ecma.Array,__ecma.Array
94489281398,LOCAL,,_tmp_18,13,,<empty>,106,_tmp_18,,,0,,ANY
94489281399,LOCAL,,_tmp_20,25,,<empty>,112,_tmp_20,,,0,,ANY
94489281400,LOCAL,,error,11,,<empty>,110,error,,,0,,ANY
94489281401,LOCAL,,_tmp_19,4,,<empty>,112,_tmp_19,,,0,,express:Response:status:<returnValue>
94489281402,LOCAL,,console,4,,<empty>,111,console,,,0,,__whatwg.console
94489281403,LOCAL,,_tmp_16,13,,<empty>,98,_tmp_16,,,0,,express:Response:status:<returnValue>
94489281404,LOCAL,controllers/sonarQubeMaintainabilityController.ts::program:<lambda>2:SonarMaintainabilityDbService,SonarMaintainabilityDbService,24,,<empty>,91,SonarMaintainabilityDbService,,,0,,services/sonarMaintainability/sonarMaintainabilityDbService.ts::program:SonarMaintainabilityDbService
94489281405,LOCAL,,_tmp_15,20,,<empty>,91,_tmp_15,,,0,,services/sonarMaintainability/sonarMaintainabilityDbService.ts::program:SonarMaintainabilityDbService
94489281406,LOCAL,,error,11,,<empty>,76,error,,,0,,ANY
94489281407,LOCAL,,_tmp_13,4,,<empty>,78,_tmp_13,,,0,,express:Response:status:<returnValue>
94489281408,LOCAL,,console,4,,<empty>,77,console,,,0,,__whatwg.console
94489281409,LOCAL,,_tmp_10,13,,<empty>,66,_tmp_10,,,0,,express:Response:status:<returnValue>
94489281410,LOCAL,,_tmp_8,13,,<empty>,57,_tmp_8,,,0,,express:Response:status:<returnValue>
94489281411,LOCAL,controllers/sonarQubeMaintainabilityController.ts::program:<lambda>1:SonarMaintainabilityDbService,SonarMaintainabilityDbService,24,,<empty>,51,SonarMaintainabilityDbService,,,0,,services/sonarMaintainability/sonarMaintainabilityDbService.ts::program:SonarMaintainabilityDbService
94489281412,LOCAL,,_tmp_7,20,,<empty>,51,_tmp_7,,,0,,services/sonarMaintainability/sonarMaintainabilityDbService.ts::program:SonarMaintainabilityDbService
94489281413,LOCAL,,error,11,,<empty>,35,error,,,0,,ANY
94489281414,LOCAL,,_tmp_5,4,,<empty>,38,_tmp_5,,,0,,express:Response:status:<returnValue>
94489281415,LOCAL,,console,4,,<empty>,26,console,,,0,,__whatwg.console
94489281416,LOCAL,,_tmp_2,13,,<empty>,20,_tmp_2,,,0,,express:Response:status:<returnValue>
94489281417,LOCAL,controllers/sonarQubeMaintainabilityController.ts::program:<lambda>0:SonarMaintainabilityDbService,SonarMaintainabilityDbService,24,,<empty>,15,SonarMaintainabilityDbService,,,0,,services/sonarMaintainability/sonarMaintainabilityDbService.ts::program:SonarMaintainabilityDbService
94489281418,LOCAL,,_tmp_1,20,,<empty>,15,_tmp_1,,,0,,services/sonarMaintainability/sonarMaintainabilityDbService.ts::program:SonarMaintainabilityDbService
94489281419,LOCAL,controllers/sonarQubeMaintainabilityController.ts::program:<lambda>0:SonarMaintainabilitySyncService,SonarMaintainabilitySyncService,26,services/sonarMaintainability/sonarMaintainabilitySyncService.ts::program:SonarMaintainabilitySyncService;SonarMaintainabilitySyncService,<empty>,14,SonarMaintainabilitySyncService,,,0,,ANY
94489281420,LOCAL,,_tmp_0,22,services/sonarMaintainability/sonarMaintainabilitySyncService.ts::program:SonarMaintainabilitySyncService;SonarMaintainabilitySyncService,<empty>,14,_tmp_0,,,0,,ANY
94489281421,LOCAL,,Request,0,,<empty>,4,Request,,,0,,express:Request
94489281422,LOCAL,,Response,0,,<empty>,4,Response,,,0,,express:Response
94489281423,LOCAL,,SonarReliabilitySyncService,0,services/sonarReliability/sonarReliabilitySyncService.ts::program:SonarReliabilitySyncService;SonarReliabilitySyncService,<empty>,5,SonarReliabilitySyncService,,,0,,ANY
94489281424,LOCAL,,SonarReliabilityDbService,0,,<empty>,6,SonarReliabilityDbService,,,0,,services/sonarReliability/sonarReliabilityDbService.ts::program:SonarReliabilityDbService
94489281425,LOCAL,,refreshReliabilityMetrics,13,,<empty>,12,refreshReliabilityMetrics,,,0,"(req: Request<ParamsDictionary, ANY, ANY, ParsedQs, Record<string, ANY>>, res: Response<any, Record<string, ANY>>) => Promise<...>","(req: Request<ParamsDictionary, ANY, ANY, ParsedQs, Record<string, ANY>>, res: Response<any, Record<string, ANY>>) => Promise<...>"
94489281426,LOCAL,,syncService,8,services/sonarReliability/sonarReliabilitySyncService.ts::program:SonarReliabilitySyncService;SonarReliabilitySyncService,<empty>,13,syncService,,,0,SonarReliabilitySyncService,services/sonarReliability/sonarReliabilitySyncService.ts::program:SonarReliabilitySyncService
94489281427,LOCAL,,_tmp_0,22,services/sonarReliability/sonarReliabilitySyncService.ts::program:SonarReliabilitySyncService;SonarReliabilitySyncService,<empty>,13,_tmp_0,,,0,,ANY
94489281428,LOCAL,,dbService,8,,<empty>,14,dbService,,,0,SonarReliabilityDbService,services/sonarReliability/sonarReliabilityDbService.ts::program:SonarReliabilityDbService
94489281429,LOCAL,,_tmp_1,20,,<empty>,14,_tmp_1,,,0,,services/sonarReliability/sonarReliabilityDbService.ts::program:SonarReliabilityDbService
94489281430,LOCAL,,projectId,10,__ecma.Number;parseInt:<returnValue>,<empty>,16,projectId,,,0,__ecma.Number,__ecma.Number
94489281431,LOCAL,,_tmp_3,34,,<empty>,19,_tmp_3,,,0,,ANY
94489281432,LOCAL,,metrics,10,,<empty>,28,metrics,,,0,SonarQubeReliabilityMetrics | __ecma.Null,SonarQubeReliabilityMetrics | __ecma.Null
94489281433,LOCAL,,_tmp_4,13,,<empty>,30,_tmp_4,,,0,,ANY
94489281434,LOCAL,,_tmp_6,25,,<empty>,36,_tmp_6,,,0,,ANY
94489281435,LOCAL,,getReliabilityMetrics,13,,<empty>,48,getReliabilityMetrics,,,0,"(req: Request<ParamsDictionary, ANY, ANY, ParsedQs, Record<string, ANY>>, res: Response<any, Record<string, ANY>>) => Promise<...>","(req: Request<ParamsDictionary, ANY, ANY, ParsedQs, Record<string, ANY>>, res: Response<any, Record<string, ANY>>) => Promise<...>"
94489281436,LOCAL,,dbService,8,,<empty>,49,dbService,,,0,SonarReliabilityDbService,services/sonarReliability/sonarReliabilityDbService.ts::program:SonarReliabilityDbService
94489281437,LOCAL,,_tmp_7,20,,<empty>,49,_tmp_7,,,0,,services/sonarReliability/sonarReliabilityDbService.ts::program:SonarReliabilityDbService
94489281438,LOCAL,,projectId,10,__ecma.Number;parseInt:<returnValue>,<empty>,52,projectId,,,0,__ecma.Number,__ecma.Number
94489281439,LOCAL,,_tmp_9,34,,<empty>,55,_tmp_9,,,0,,ANY
94489281440,LOCAL,,metrics,10,,<empty>,61,metrics,,,0,SonarQubeReliabilityMetrics | __ecma.Null,SonarQubeReliabilityMetrics | __ecma.Null
94489281441,LOCAL,,_tmp_11,34,,<empty>,64,_tmp_11,,,0,,ANY
94489281442,LOCAL,,_tmp_12,13,,<empty>,70,_tmp_12,,,0,,ANY
94489281443,LOCAL,,_tmp_14,25,,<empty>,76,_tmp_14,,,0,,ANY
94489281444,LOCAL,,getReliabilityMetricsHistory,13,,<empty>,88,getReliabilityMetricsHistory,,,0,"(req: Request<ParamsDictionary, ANY, ANY, ParsedQs, Record<string, ANY>>, res: Response<any, Record<string, ANY>>) => Promise<...>","(req: Request<ParamsDictionary, ANY, ANY, ParsedQs, Record<string, ANY>>, res: Response<any, Record<string, ANY>>) => Promise<...>"
94489281445,LOCAL,,dbService,8,,<empty>,89,dbService,,,0,SonarReliabilityDbService,services/sonarReliability/sonarReliabilityDbService.ts::program:SonarReliabilityDbService
94489281446,LOCAL,,_tmp_15,20,,<empty>,89,_tmp_15,,,0,,services/sonarReliability/sonarReliabilityDbService.ts::program:SonarReliabilityDbService
94489281447,LOCAL,,projectId,10,__ecma.Number;parseInt:<returnValue>,<empty>,92,projectId,,,0,__ecma.Number,__ecma.Number
94489281448,LOCAL,,days,10,,<empty>,93,days,,,0,__ecma.Number,__ecma.Number
94489281449,LOCAL,,_tmp_17,34,,<empty>,96,_tmp_17,,,0,,ANY
94489281450,LOCAL,,history,10,,<empty>,102,history,,,0,__ecma.Array,__ecma.Array
94489281451,LOCAL,,_tmp_18,13,,<empty>,104,_tmp_18,,,0,,ANY
94489281452,LOCAL,,_tmp_20,25,,<empty>,110,_tmp_20,,,0,,ANY
94489281453,LOCAL,,error,11,,<empty>,108,error,,,0,,ANY
94489281454,LOCAL,,_tmp_19,4,,<empty>,110,_tmp_19,,,0,,express:Response:status:<returnValue>
94489281455,LOCAL,,console,4,,<empty>,109,console,,,0,,__whatwg.console
94489281456,LOCAL,,_tmp_16,13,,<empty>,96,_tmp_16,,,0,,express:Response:status:<returnValue>
94489281457,LOCAL,controllers/sonarQubeReliabilityController.ts::program:<lambda>2:SonarReliabilityDbService,SonarReliabilityDbService,24,,<empty>,89,SonarReliabilityDbService,,,0,,services/sonarReliability/sonarReliabilityDbService.ts::program:SonarReliabilityDbService
94489281458,LOCAL,,_tmp_15,20,,<empty>,89,_tmp_15,,,0,,services/sonarReliability/sonarReliabilityDbService.ts::program:SonarReliabilityDbService
94489281459,LOCAL,,error,11,,<empty>,74,error,,,0,,ANY
94489281460,LOCAL,,_tmp_13,4,,<empty>,76,_tmp_13,,,0,,express:Response:status:<returnValue>
94489281461,LOCAL,,console,4,,<empty>,75,console,,,0,,__whatwg.console
94489281462,LOCAL,,_tmp_10,13,,<empty>,64,_tmp_10,,,0,,express:Response:status:<returnValue>
94489281463,LOCAL,,_tmp_8,13,,<empty>,55,_tmp_8,,,0,,express:Response:status:<returnValue>
94489281464,LOCAL,controllers/sonarQubeReliabilityController.ts::program:<lambda>1:SonarReliabilityDbService,SonarReliabilityDbService,24,,<empty>,49,SonarReliabilityDbService,,,0,,services/sonarReliability/sonarReliabilityDbService.ts::program:SonarReliabilityDbService
94489281465,LOCAL,,_tmp_7,20,,<empty>,49,_tmp_7,,,0,,services/sonarReliability/sonarReliabilityDbService.ts::program:SonarReliabilityDbService
94489281466,LOCAL,,error,11,,<empty>,34,error,,,0,,ANY
94489281467,LOCAL,,_tmp_5,4,,<empty>,36,_tmp_5,,,0,,express:Response:status:<returnValue>
94489281468,LOCAL,,console,4,,<empty>,25,console,,,0,,__whatwg.console
94489281469,LOCAL,,_tmp_2,13,,<empty>,19,_tmp_2,,,0,,express:Response:status:<returnValue>
94489281470,LOCAL,controllers/sonarQubeReliabilityController.ts::program:<lambda>0:SonarReliabilityDbService,SonarReliabilityDbService,24,,<empty>,14,SonarReliabilityDbService,,,0,,services/sonarReliability/sonarReliabilityDbService.ts::program:SonarReliabilityDbService
94489281471,LOCAL,,_tmp_1,20,,<empty>,14,_tmp_1,,,0,,services/sonarReliability/sonarReliabilityDbService.ts::program:SonarReliabilityDbService
94489281472,LOCAL,controllers/sonarQubeReliabilityController.ts::program:<lambda>0:SonarReliabilitySyncService,SonarReliabilitySyncService,26,services/sonarReliability/sonarReliabilitySyncService.ts::program:SonarReliabilitySyncService;SonarReliabilitySyncService,<empty>,13,SonarReliabilitySyncService,,,0,,ANY
94489281473,LOCAL,,_tmp_0,22,services/sonarReliability/sonarReliabilitySyncService.ts::program:SonarReliabilitySyncService;SonarReliabilitySyncService,<empty>,13,_tmp_0,,,0,,ANY
94489281474,LOCAL,,Request,0,,<empty>,4,Request,,,0,,express:Request
94489281475,LOCAL,,Response,0,,<empty>,4,Response,,,0,,express:Response
94489281476,LOCAL,,SonarSecuritySyncService,0,services/sonarSecurity/sonarSecuritySyncService.ts::program:SonarSecuritySyncService;SonarSecuritySyncService,<empty>,5,SonarSecuritySyncService,,,0,,ANY
94489281477,LOCAL,,SonarSecurityDbService,0,,<empty>,6,SonarSecurityDbService,,,0,,services/sonarSecurity/sonarSecurityDbService.ts::program:SonarSecurityDbService
94489281478,LOCAL,,refreshSecurityMetrics,13,,<empty>,12,refreshSecurityMetrics,,,0,"(req: Request<ParamsDictionary, ANY, ANY, ParsedQs, Record<string, ANY>>, res: Response<any, Record<string, ANY>>) => Promise<...>","(req: Request<ParamsDictionary, ANY, ANY, ParsedQs, Record<string, ANY>>, res: Response<any, Record<string, ANY>>) => Promise<...>"
94489281479,LOCAL,,syncService,8,services/sonarSecurity/sonarSecuritySyncService.ts::program:SonarSecuritySyncService;SonarSecuritySyncService,<empty>,13,syncService,,,0,SonarSecuritySyncService,services/sonarSecurity/sonarSecuritySyncService.ts::program:SonarSecuritySyncService
94489281480,LOCAL,,_tmp_0,22,services/sonarSecurity/sonarSecuritySyncService.ts::program:SonarSecuritySyncService;SonarSecuritySyncService,<empty>,13,_tmp_0,,,0,,ANY
94489281481,LOCAL,,dbService,8,,<empty>,14,dbService,,,0,SonarSecurityDbService,services/sonarSecurity/sonarSecurityDbService.ts::program:SonarSecurityDbService
94489281482,LOCAL,,_tmp_1,20,,<empty>,14,_tmp_1,,,0,,services/sonarSecurity/sonarSecurityDbService.ts::program:SonarSecurityDbService
94489281483,LOCAL,,projectId,10,__ecma.Number;parseInt:<returnValue>,<empty>,16,projectId,,,0,__ecma.Number,__ecma.Number
94489281484,LOCAL,,_tmp_3,34,,<empty>,19,_tmp_3,,,0,,ANY
94489281485,LOCAL,,metrics,10,,<empty>,28,metrics,,,0,SonarQubeSecurityMetrics | __ecma.Null,SonarQubeSecurityMetrics | __ecma.Null
94489281486,LOCAL,,_tmp_4,13,,<empty>,30,_tmp_4,,,0,,ANY
94489281487,LOCAL,,_tmp_6,25,,<empty>,36,_tmp_6,,,0,,ANY
94489281488,LOCAL,,getSecurityMetrics,13,,<empty>,48,getSecurityMetrics,,,0,"(req: Request<ParamsDictionary, ANY, ANY, ParsedQs, Record<string, ANY>>, res: Response<any, Record<string, ANY>>) => Promise<...>","(req: Request<ParamsDictionary, ANY, ANY, ParsedQs, Record<string, ANY>>, res: Response<any, Record<string, ANY>>) => Promise<...>"
94489281489,LOCAL,,dbService,8,,<empty>,49,dbService,,,0,SonarSecurityDbService,services/sonarSecurity/sonarSecurityDbService.ts::program:SonarSecurityDbService
94489281490,LOCAL,,_tmp_7,20,,<empty>,49,_tmp_7,,,0,,services/sonarSecurity/sonarSecurityDbService.ts::program:SonarSecurityDbService
94489281491,LOCAL,,projectId,10,__ecma.Number;parseInt:<returnValue>,<empty>,52,projectId,,,0,__ecma.Number,__ecma.Number
94489281492,LOCAL,,_tmp_9,34,,<empty>,55,_tmp_9,,,0,,ANY
94489281493,LOCAL,,metrics,10,,<empty>,61,metrics,,,0,SonarQubeSecurityMetrics | __ecma.Null,SonarQubeSecurityMetrics | __ecma.Null
94489281494,LOCAL,,_tmp_11,34,,<empty>,64,_tmp_11,,,0,,ANY
94489281495,LOCAL,,_tmp_12,13,,<empty>,70,_tmp_12,,,0,,ANY
94489281496,LOCAL,,_tmp_14,25,,<empty>,76,_tmp_14,,,0,,ANY
94489281497,LOCAL,,getSecurityMetricsHistory,13,,<empty>,88,getSecurityMetricsHistory,,,0,"(req: Request<ParamsDictionary, ANY, ANY, ParsedQs, Record<string, ANY>>, res: Response<any, Record<string, ANY>>) => Promise<...>","(req: Request<ParamsDictionary, ANY, ANY, ParsedQs, Record<string, ANY>>, res: Response<any, Record<string, ANY>>) => Promise<...>"
94489281498,LOCAL,,dbService,8,,<empty>,89,dbService,,,0,SonarSecurityDbService,services/sonarSecurity/sonarSecurityDbService.ts::program:SonarSecurityDbService
94489281499,LOCAL,,_tmp_15,20,,<empty>,89,_tmp_15,,,0,,services/sonarSecurity/sonarSecurityDbService.ts::program:SonarSecurityDbService
94489281500,LOCAL,,projectId,10,__ecma.Number;parseInt:<returnValue>,<empty>,92,projectId,,,0,__ecma.Number,__ecma.Number
94489281501,LOCAL,,days,10,,<empty>,93,days,,,0,__ecma.Number,__ecma.Number
94489281502,LOCAL,,_tmp_17,34,,<empty>,96,_tmp_17,,,0,,ANY
94489281503,LOCAL,,history,10,,<empty>,102,history,,,0,__ecma.Array,__ecma.Array
94489281504,LOCAL,,_tmp_18,13,,<empty>,104,_tmp_18,,,0,,ANY
94489281505,LOCAL,,_tmp_20,25,,<empty>,110,_tmp_20,,,0,,ANY
94489281506,LOCAL,,error,11,,<empty>,108,error,,,0,,ANY
94489281507,LOCAL,,_tmp_19,4,,<empty>,110,_tmp_19,,,0,,express:Response:status:<returnValue>
94489281508,LOCAL,,console,4,,<empty>,109,console,,,0,,__whatwg.console
94489281509,LOCAL,,_tmp_16,13,,<empty>,96,_tmp_16,,,0,,express:Response:status:<returnValue>
94489281510,LOCAL,controllers/sonarQubeSecurityController.ts::program:<lambda>2:SonarSecurityDbService,SonarSecurityDbService,24,,<empty>,89,SonarSecurityDbService,,,0,,services/sonarSecurity/sonarSecurityDbService.ts::program:SonarSecurityDbService
94489281511,LOCAL,,_tmp_15,20,,<empty>,89,_tmp_15,,,0,,services/sonarSecurity/sonarSecurityDbService.ts::program:SonarSecurityDbService
94489281512,LOCAL,,error,11,,<empty>,74,error,,,0,,ANY
94489281513,LOCAL,,_tmp_13,4,,<empty>,76,_tmp_13,,,0,,express:Response:status:<returnValue>
94489281514,LOCAL,,console,4,,<empty>,75,console,,,0,,__whatwg.console
94489281515,LOCAL,,_tmp_10,13,,<empty>,64,_tmp_10,,,0,,express:Response:status:<returnValue>
94489281516,LOCAL,,_tmp_8,13,,<empty>,55,_tmp_8,,,0,,express:Response:status:<returnValue>
94489281517,LOCAL,controllers/sonarQubeSecurityController.ts::program:<lambda>1:SonarSecurityDbService,SonarSecurityDbService,24,,<empty>,49,SonarSecurityDbService,,,0,,services/sonarSecurity/sonarSecurityDbService.ts::program:SonarSecurityDbService
94489281518,LOCAL,,_tmp_7,20,,<empty>,49,_tmp_7,,,0,,services/sonarSecurity/sonarSecurityDbService.ts::program:SonarSecurityDbService
94489281519,LOCAL,,error,11,,<empty>,34,error,,,0,,ANY
94489281520,LOCAL,,_tmp_5,4,,<empty>,36,_tmp_5,,,0,,express:Response:status:<returnValue>
94489281521,LOCAL,,console,4,,<empty>,25,console,,,0,,__whatwg.console
94489281522,LOCAL,,_tmp_2,13,,<empty>,19,_tmp_2,,,0,,express:Response:status:<returnValue>
94489281523,LOCAL,controllers/sonarQubeSecurityController.ts::program:<lambda>0:SonarSecurityDbService,SonarSecurityDbService,24,,<empty>,14,SonarSecurityDbService,,,0,,services/sonarSecurity/sonarSecurityDbService.ts::program:SonarSecurityDbService
94489281524,LOCAL,,_tmp_1,20,,<empty>,14,_tmp_1,,,0,,services/sonarSecurity/sonarSecurityDbService.ts::program:SonarSecurityDbService
94489281525,LOCAL,controllers/sonarQubeSecurityController.ts::program:<lambda>0:SonarSecuritySyncService,SonarSecuritySyncService,26,services/sonarSecurity/sonarSecuritySyncService.ts::program:SonarSecuritySyncService;SonarSecuritySyncService,<empty>,13,SonarSecuritySyncService,,,0,,ANY
94489281526,LOCAL,,_tmp_0,22,services/sonarSecurity/sonarSecuritySyncService.ts::program:SonarSecuritySyncService;SonarSecuritySyncService,<empty>,13,_tmp_0,,,0,,ANY
94489281527,LOCAL,,dotenv/config,0,,<empty>,2,dotenv/config,,,0,,dotenv/config
94489281528,LOCAL,,getPool,0,,<empty>,3,getPool,,,0,,() => Pool
94489281529,LOCAL,,checkMonthlyData,0,,<empty>,5,checkMonthlyData,,,0,,db/check-monthly-data.ts::program:checkMonthlyData
94489281530,LOCAL,,pool,8,Pool;pg:Pool;Pool | __ecma.Null;__ecma.Null,<empty>,6,pool,,,0,Pool,Pool
94489281531,LOCAL,,monthlyData,10,,<empty>,13,monthlyData,,,0,QueryResult<any>,QueryResult<any>
94489281532,LOCAL,,dateRanges,10,,<empty>,36,dateRanges,,,0,QueryResult<any>,QueryResult<any>
94489281533,LOCAL,,monthlyLeadTime,10,,<empty>,49,monthlyLeadTime,,,0,QueryResult<any>,QueryResult<any>
94489281534,LOCAL,,process,4,,<empty>,65,process,,,0,,Process
94489281535,LOCAL,,error,11,,<empty>,66,error,,,0,,ANY
94489281536,LOCAL,,console,4,,<empty>,9,console,,,0,,__whatwg.console
94489281537,LOCAL,,_tmp_0,16,,<empty>,10,_tmp_0,,,0,,__ecma.String
94489281538,LOCAL,db/check-monthly-data.ts::program:checkMonthlyData:getPool,getPool,15,,<empty>,6,getPool,,,0,,() => Pool
94489281539,LOCAL,,dotenv/config,0,,<empty>,2,dotenv/config,,,0,,dotenv/config
94489281540,LOCAL,,getPool,0,,<empty>,3,getPool,,,0,,() => Pool
94489281541,LOCAL,,fs,0,,<empty>,4,fs,,,0,,db/clear-and-repopulate-dora.ts::program
94489281542,LOCAL,,path,0,,<empty>,5,path,,,0,,PlatformPath
94489281543,LOCAL,,clearAndRepopulateDoraMetrics,0,,<empty>,7,clearAndRepopulateDoraMetrics,,,0,,db/clear-and-repopulate-dora.ts::program:clearAndRepopulateDoraMetrics
94489281544,LOCAL,,pool,8,Pool;pg:Pool;Pool | __ecma.Null;__ecma.Null,<empty>,8,pool,,,0,Pool,Pool
94489281545,LOCAL,,sqlPath,10,__ecma.String;PlatformPath:join:<returnValue>,<empty>,15,sqlPath,,,0,__ecma.String,__ecma.String
94489281546,LOCAL,,sql,10,__ecma.String;db/clear-and-repopulate-dora.ts::program:readFileSync:<returnValue>,<empty>,16,sql,,,0,__ecma.String,__ecma.String
94489281547,LOCAL,,process,4,,<empty>,28,process,,,0,,Process
94489281548,LOCAL,,error,11,,<empty>,29,error,,,0,,ANY
94489281549,LOCAL,,console,4,,<empty>,11,console,,,0,,__whatwg.console
94489281550,LOCAL,db/clear-and-repopulate-dora.ts::program:clearAndRepopulateDoraMetrics:fs,fs,16,,<empty>,16,fs,,,0,,db/clear-and-repopulate-dora.ts::program
94489281551,LOCAL,,__dirname,30,,<empty>,15,__dirname,,,0,,__ecma.String
94489281552,LOCAL,db/clear-and-repopulate-dora.ts::program:clearAndRepopulateDoraMetrics:path,path,20,,<empty>,15,path,,,0,,PlatformPath
94489281553,LOCAL,db/clear-and-repopulate-dora.ts::program:clearAndRepopulateDoraMetrics:getPool,getPool,15,,<empty>,8,getPool,,,0,,() => Pool
94489281554,LOCAL,,Pool,0,,<empty>,2,Pool,,,0,,pg:Pool
94489281555,LOCAL,,pool,4,Pool | __ecma.Null;__ecma.Null;pg:Pool;Pool,<empty>,4,pool,,,0,Pool | __ecma.Null,ANY
94489281556,LOCAL,,getPool,13,,<empty>,9,getPool,,,0,() => Pool,() => Pool
94489281557,LOCAL,,connectionString,10,string | ANY;Process:<member>(env):DATABASE_URL,<empty>,11,connectionString,,,0,string | ANY,string | ANY
94489281558,LOCAL,,_tmp_0,12,,<empty>,14,_tmp_0,,,0,,__ecma.Error
94489281559,LOCAL,,_tmp_1,11,,<empty>,17,_tmp_1,,,0,,pg:Pool
94489281560,LOCAL,,_tmp_2,20,,<empty>,17,_tmp_2,,,0,,ANY
94489281561,LOCAL,,_tmp_3,11,,<empty>,19,_tmp_3,,,0,,ANY
94489281562,LOCAL,,connectDB,13,,<empty>,41,connectDB,,,0,() => Promise<void>,() => Promise<void>
94489281563,LOCAL,,pool,10,Pool | __ecma.Null;__ecma.Null;pg:Pool;Pool,<empty>,43,pool,,,0,Pool,pg:Pool
94489281564,LOCAL,,client,10,,<empty>,44,client,,,0,PoolClient,PoolClient
94489281565,LOCAL,,result,10,,<empty>,47,result,,,0,QueryResult<any>,QueryResult<any>
94489281566,LOCAL,,closeDB,13,,<empty>,60,closeDB,,,0,() => Promise<void>,() => Promise<void>
94489281567,LOCAL,,_tmp_4,15,,<empty>,68,_tmp_4,,,0,,ANY
94489281568,LOCAL,,console,4,,<empty>,64,console,,,0,,__whatwg.console
94489281569,LOCAL,db/connection.ts::program:<lambda>3:pool,pool,6,Pool | __ecma.Null;__ecma.Null;pg:Pool;Pool,<empty>,61,pool,,,0,,ANY
94489281570,LOCAL,,error,11,,<empty>,51,error,,,0,,ANY
94489281571,LOCAL,,console,4,,<empty>,48,console,,,0,,__whatwg.console
94489281572,LOCAL,db/connection.ts::program:<lambda>2:getPool,getPool,17,,<empty>,43,getPool,,,0,,() => Pool
94489281573,LOCAL,db/connection.ts::program:<lambda>0:pool,pool,7,Pool | __ecma.Null;__ecma.Null;pg:Pool;Pool,<empty>,10,pool,,,0,,ANY
94489281574,LOCAL,,console,4,,<empty>,32,console,,,0,,__whatwg.console
94489281575,LOCAL,db/connection.ts::program:<lambda>0:<lambda>1:console,console,6,,<empty>,29,console,,,0,,__whatwg.console
94489281576,LOCAL,db/connection.ts::program:<lambda>0:Pool,Pool,15,,<empty>,17,Pool,,,0,,pg:Pool
94489281577,LOCAL,,_tmp_1,11,,<empty>,17,_tmp_1,,,0,,pg:Pool
94489281578,LOCAL,,Error,16,,<empty>,14,Error,,,0,,ErrorConstructor
94489281579,LOCAL,,_tmp_0,12,,<empty>,14,_tmp_0,,,0,,__ecma.Error
94489281580,LOCAL,,process,29,,<empty>,11,process,,,0,,Process
94489281581,LOCAL,,dotenv/config,0,,<empty>,2,dotenv/config,,,0,,dotenv/config
94489281582,LOCAL,,getPool,0,,<empty>,3,getPool,,,0,,() => Pool
94489281583,LOCAL,,fs,0,,<empty>,4,fs,,,0,,db/populate-dora-metrics.ts::program
94489281584,LOCAL,,path,0,,<empty>,5,path,,,0,,PlatformPath
94489281585,LOCAL,,populateDoraMetrics,0,,<empty>,7,populateDoraMetrics,,,0,,db/populate-dora-metrics.ts::program:populateDoraMetrics
94489281586,LOCAL,,pool,8,Pool;pg:Pool;Pool | __ecma.Null;__ecma.Null,<empty>,8,pool,,,0,Pool,Pool
94489281587,LOCAL,,sqlPath,10,__ecma.String;PlatformPath:join:<returnValue>,<empty>,14,sqlPath,,,0,__ecma.String,__ecma.String
94489281588,LOCAL,,sql,10,__ecma.String;db/populate-dora-metrics.ts::program:readFileSync:<returnValue>,<empty>,15,sql,,,0,__ecma.String,__ecma.String
94489281589,LOCAL,,process,4,,<empty>,27,process,,,0,,Process
94489281590,LOCAL,,error,11,,<empty>,28,error,,,0,,ANY
94489281591,LOCAL,,console,4,,<empty>,11,console,,,0,,__whatwg.console
94489281592,LOCAL,db/populate-dora-metrics.ts::program:populateDoraMetrics:fs,fs,16,,<empty>,15,fs,,,0,,db/populate-dora-metrics.ts::program
94489281593,LOCAL,,__dirname,30,,<empty>,14,__dirname,,,0,,__ecma.String
94489281594,LOCAL,db/populate-dora-metrics.ts::program:populateDoraMetrics:path,path,20,,<empty>,14,path,,,0,,PlatformPath
94489281595,LOCAL,db/populate-dora-metrics.ts::program:populateDoraMetrics:getPool,getPool,15,,<empty>,8,getPool,,,0,,() => Pool
94489281596,LOCAL,,getPool,0,,<empty>,2,getPool,,,0,,() => Pool
94489281597,LOCAL,,fs,0,,<empty>,3,fs,,,0,,db/queries.ts::program
94489281598,LOCAL,,path,0,,<empty>,4,path,,,0,,PlatformPath
94489281599,LOCAL,,initializeTables,13,,<empty>,11,initializeTables,,,0,() => Promise<void>,() => Promise<void>
94489281600,LOCAL,,pool,8,Pool;pg:Pool;Pool | __ecma.Null;__ecma.Null,<empty>,12,pool,,,0,Pool,Pool
94489281601,LOCAL,,schemaPath,10,__ecma.String;PlatformPath:join:<returnValue>,<empty>,15,schemaPath,,,0,__ecma.String,__ecma.String
94489281602,LOCAL,,schema,10,__ecma.String;db/queries.ts::program:readFileSync:<returnValue>,<empty>,16,schema,,,0,__ecma.String,__ecma.String
94489281603,LOCAL,,syncProjectToRegistry,13,,<empty>,35,syncProjectToRegistry,,,0,(projectData: { id: __ecma.Number; name: __ecma.String; full_path?: __ecma.String | ANY; group_path?: __ecma.String | ANY; members_count?: __ecma.Number | ANY; members?: __ecma.Array | ANY; last_activity_at?: __ecma.String | ANY; parent_id?: __ecma.Number | ANY; visibility?: __ecma.String | ANY; }) => Promise<...>,(projectData: { id: __ecma.Number; name: __ecma.String; full_path?: __ecma.String | ANY; group_path?: __ecma.String | ANY; members_count?: __ecma.Number | ANY; members?: __ecma.Array | ANY; last_activity_at?: __ecma.String | ANY; parent_id?: __ecma.Number | ANY; visibility?: __ecma.String | ANY; }) => Promise<...>
94489281604,LOCAL,,pool,8,Pool;pg:Pool;Pool | __ecma.Null;__ecma.Null,<empty>,46,pool,,,0,Pool,Pool
94489281605,LOCAL,,query,8,"""\\n    SELECT \\n      p.id,\\n      p.uuid,\\n      p.name,\\n      p.full_path,\\n      pi.insights_data,\\n      pi.combined_score,\\n      pi.created_at\\n    FROM projects p\\n    INNER JOIN LATERAL (\\n      SELECT * FROM project_insights\\n      WHERE project_uuid = p.uuid\\n      ORDER BY created_at DESC\\n      LIMIT 1\\...;__ecma.String",<empty>,48,query,,,0,"""\\n    INSERT INTO projects (\\n      id, name, full_path, group_path, members_count, members,\\n      last_activity_at, parent_id, visibility,\\n      updated_at, synced_at\\n    )\\n    VALUES ($1, $2, $3, $4, $5, $6, $7, $8, $9, CURRENT_TIMESTAMP, CURRENT_TIMESTAMP)\\n    ON CONFLICT (id) \\n    DO UPDATE SET \\n      na...",ANY
94489281606,LOCAL,,result,10,,<empty>,71,result,,,0,QueryResult<any>,QueryResult<any>
94489281607,LOCAL,,_tmp_0,43,,<empty>,71,_tmp_0,,,0,,__ecma.Array
94489281608,LOCAL,,syncProjectsToRegistry,13,,<empty>,92,syncProjectsToRegistry,,,0,(projects: { id: __ecma.Number; name: __ecma.String; full_path?: __ecma.String | ANY; group_path?: __ecma.String | ANY; members_count?: __ecma.Number | ANY; members?: __ecma.Array | ANY; last_activity_at?: __ecma.String | ANY; parent_id?: __ecma.Number | ANY; visibility?: __ecma.String | ANY; }[]) => Promise<...>,(projects: { id: __ecma.Number; name: __ecma.String; full_path?: __ecma.String | ANY; group_path?: __ecma.String | ANY; members_count?: __ecma.Number | ANY; members?: __ecma.Array | ANY; last_activity_at?: __ecma.String | ANY; parent_id?: __ecma.Number | ANY; visibility?: __ecma.String | ANY; }[]) => Promise<...>
94489281609,LOCAL,,_iterator_0,4,,<empty>,104,_iterator_0,,,0,,ANY
94489281610,LOCAL,,_result_0,4,,<empty>,104,_result_0,,,0,,next:<returnValue>
94489281611,LOCAL,,project,4,{ id: __ecma.Number; name: __ecma.String; full_path?: __ecma.String | ANY; group_path?: __ecma.String | ANY; members_count?: __ecma.Number | ANY; members?: __ecma.Array | ANY; last_activity_at?: __ecma.String | ANY; parent_id?: __ecma.Number | ANY; visibility?: __ecma.String | ANY; };_result_0:value:<returnValue>:<member>(value),<empty>,104,project,,,0,,{ id: __ecma.Number; name: __ecma.String; full_path?: __ecma.String | ANY; group_path?: __ecma.String | ANY; members_count?: __ecma.Number | ANY; members?: __ecma.Array | ANY; last_activity_at?: __ecma.String | ANY; parent_id?: __ecma.Number | ANY; visibility?: __ecma.String | ANY; }
94489281612,LOCAL,,getAllProjectsFromRegistry,13,,<empty>,117,getAllProjectsFromRegistry,,,0,() => Promise<any[]>,() => Promise<any[]>
94489281613,LOCAL,,pool,8,Pool;pg:Pool;Pool | __ecma.Null;__ecma.Null,<empty>,118,pool,,,0,Pool,Pool
94489281614,LOCAL,,query,8,"""\\n    SELECT \\n      p.id,\\n      p.uuid,\\n      p.name,\\n      p.full_path,\\n      pi.insights_data,\\n      pi.combined_score,\\n      pi.created_at\\n    FROM projects p\\n    INNER JOIN LATERAL (\\n      SELECT * FROM project_insights\\n      WHERE project_uuid = p.uuid\\n      ORDER BY created_at DESC\\n      LIMIT 1\\...;__ecma.String",<empty>,120,query,,,0,__ecma.String,__ecma.String
94489281615,LOCAL,,result,10,,<empty>,130,result,,,0,QueryResult<any>,QueryResult<any>
94489281616,LOCAL,,getProjectById,13,,<empty>,141,getProjectById,,,0,(projectId: __ecma.Number) => Promise<any>,(projectId: __ecma.Number) => Promise<any>
94489281617,LOCAL,,pool,8,Pool;pg:Pool;Pool | __ecma.Null;__ecma.Null,<empty>,142,pool,,,0,Pool,Pool
94489281618,LOCAL,,query,8,"""\\n    SELECT \\n      p.id,\\n      p.uuid,\\n      p.name,\\n      p.full_path,\\n      pi.insights_data,\\n      pi.combined_score,\\n      pi.created_at\\n    FROM projects p\\n    INNER JOIN LATERAL (\\n      SELECT * FROM project_insights\\n      WHERE project_uuid = p.uuid\\n      ORDER BY created_at DESC\\n      LIMIT 1\\...;__ecma.String",<empty>,144,query,,,0,__ecma.String,__ecma.String
94489281619,LOCAL,,result,10,,<empty>,154,result,,,0,QueryResult<any>,QueryResult<any>
94489281620,LOCAL,,_tmp_1,43,,<empty>,154,_tmp_1,,,0,,__ecma.Array
94489281621,LOCAL,,getProjectUUID,13,,<empty>,165,getProjectUUID,,,0,(projectId: __ecma.Number) => Promise<string | __ecma.Null>,(projectId: __ecma.Number) => Promise<string | __ecma.Null>
94489281622,LOCAL,,pool,8,Pool;pg:Pool;Pool | __ecma.Null;__ecma.Null,<empty>,166,pool,,,0,Pool,Pool
94489281623,LOCAL,,query,8,"""\\n    SELECT \\n      p.id,\\n      p.uuid,\\n      p.name,\\n      p.full_path,\\n      pi.insights_data,\\n      pi.combined_score,\\n      pi.created_at\\n    FROM projects p\\n    INNER JOIN LATERAL (\\n      SELECT * FROM project_insights\\n      WHERE project_uuid = p.uuid\\n      ORDER BY created_at DESC\\n      LIMIT 1\\...;__ecma.String",<empty>,168,query,,,0,__ecma.String,__ecma.String
94489281624,LOCAL,,result,10,,<empty>,171,result,,,0,QueryResult<any>,QueryResult<any>
94489281625,LOCAL,,_tmp_2,43,,<empty>,171,_tmp_2,,,0,,__ecma.Array
94489281626,LOCAL,,setProjectTracked,13,,<empty>,183,setProjectTracked,,,0,"(id: __ecma.Number, tracked?: __ecma.Boolean) => Promise<any>","(id: __ecma.Number, tracked?: __ecma.Boolean) => Promise<any>"
94489281627,LOCAL,,pool,8,Pool;pg:Pool;Pool | __ecma.Null;__ecma.Null,<empty>,184,pool,,,0,Pool,Pool
94489281628,LOCAL,,query,8,"""\\n    SELECT \\n      p.id,\\n      p.uuid,\\n      p.name,\\n      p.full_path,\\n      pi.insights_data,\\n      pi.combined_score,\\n      pi.created_at\\n    FROM projects p\\n    INNER JOIN LATERAL (\\n      SELECT * FROM project_insights\\n      WHERE project_uuid = p.uuid\\n      ORDER BY created_at DESC\\n      LIMIT 1\\...;__ecma.String",<empty>,186,query,,,0,__ecma.String,__ecma.String
94489281629,LOCAL,,result,10,,<empty>,194,result,,,0,QueryResult<any>,QueryResult<any>
94489281630,LOCAL,,_tmp_3,43,,<empty>,194,_tmp_3,,,0,,__ecma.Array
94489281631,LOCAL,,trackProject,13,,<empty>,205,trackProject,,,0,(id: __ecma.Number) => Promise<any>,(id: __ecma.Number) => Promise<any>
94489281632,LOCAL,,untrackProject,13,,<empty>,212,untrackProject,,,0,(id: __ecma.Number) => Promise<boolean>,(id: __ecma.Number) => Promise<boolean>
94489281633,LOCAL,,pool,8,Pool;pg:Pool;Pool | __ecma.Null;__ecma.Null,<empty>,213,pool,,,0,Pool,Pool
94489281634,LOCAL,,query,8,"""\\n    SELECT \\n      p.id,\\n      p.uuid,\\n      p.name,\\n      p.full_path,\\n      pi.insights_data,\\n      pi.combined_score,\\n      pi.created_at\\n    FROM projects p\\n    INNER JOIN LATERAL (\\n      SELECT * FROM project_insights\\n      WHERE project_uuid = p.uuid\\n      ORDER BY created_at DESC\\n      LIMIT 1\\...;__ecma.String",<empty>,215,query,,,0,__ecma.String,__ecma.String
94489281635,LOCAL,,result,10,,<empty>,223,result,,,0,QueryResult<any>,QueryResult<any>
94489281636,LOCAL,,_tmp_4,43,,<empty>,223,_tmp_4,,,0,,__ecma.Array
94489281637,LOCAL,,isProjectTracked,13,,<empty>,234,isProjectTracked,,,0,(id: __ecma.Number) => Promise<boolean>,(id: __ecma.Number) => Promise<boolean>
94489281638,LOCAL,,pool,8,Pool;pg:Pool;Pool | __ecma.Null;__ecma.Null,<empty>,235,pool,,,0,Pool,Pool
94489281639,LOCAL,,query,8,"""\\n    SELECT \\n      p.id,\\n      p.uuid,\\n      p.name,\\n      p.full_path,\\n      pi.insights_data,\\n      pi.combined_score,\\n      pi.created_at\\n    FROM projects p\\n    INNER JOIN LATERAL (\\n      SELECT * FROM project_insights\\n      WHERE project_uuid = p.uuid\\n      ORDER BY created_at DESC\\n      LIMIT 1\\...;__ecma.String",<empty>,237,query,,,0,__ecma.String,__ecma.String
94489281640,LOCAL,,result,10,,<empty>,240,result,,,0,QueryResult<any>,QueryResult<any>
94489281641,LOCAL,,_tmp_5,43,,<empty>,240,_tmp_5,,,0,,__ecma.Array
94489281642,LOCAL,,getTrackedProjectIds,13,,<empty>,251,getTrackedProjectIds,,,0,() => Promise<number[]>,() => Promise<number[]>
94489281643,LOCAL,,pool,8,Pool;pg:Pool;Pool | __ecma.Null;__ecma.Null,<empty>,252,pool,,,0,Pool,Pool
94489281644,LOCAL,,query,8,"""\\n    SELECT \\n      p.id,\\n      p.uuid,\\n      p.name,\\n      p.full_path,\\n      pi.insights_data,\\n      pi.combined_score,\\n      pi.created_at\\n    FROM projects p\\n    INNER JOIN LATERAL (\\n      SELECT * FROM project_insights\\n      WHERE project_uuid = p.uuid\\n      ORDER BY created_at DESC\\n      LIMIT 1\\...;__ecma.String",<empty>,254,query,,,0,__ecma.String,__ecma.String
94489281645,LOCAL,,result,10,,<empty>,257,result,,,0,QueryResult<any>,QueryResult<any>
94489281646,LOCAL,,insertProjectSnapshot,13,,<empty>,273,insertProjectSnapshot,,,0,(snapshotData: { project_id: __ecma.Number; description?: __ecma.String | ANY; web_url?: __ecma.String | ANY; open_issues?: __ecma.Number | ANY; open_mrs?: __ecma.Number | ANY; open_milestones_count?: __ecma.Number | ANY; ... 6 more ...; sonar_maintainability_blocker?: __ecma.Number | ANY; }) => Promise<...>,(snapshotData: { project_id: __ecma.Number; description?: __ecma.String | ANY; web_url?: __ecma.String | ANY; open_issues?: __ecma.Number | ANY; open_mrs?: __ecma.Number | ANY; open_milestones_count?: __ecma.Number | ANY; ... 6 more ...; sonar_maintainability_blocker?: __ecma.Number | ANY; }) => Promise<...>
94489281647,LOCAL,,pool,8,Pool;pg:Pool;Pool | __ecma.Null;__ecma.Null,<empty>,288,pool,,,0,Pool,Pool
94489281648,LOCAL,,projectUUID,8,,<empty>,291,projectUUID,,,0,string | __ecma.Null,string | __ecma.Null
94489281649,LOCAL,,_tmp_7,10,,<empty>,293,_tmp_7,,,0,,__ecma.Error
94489281650,LOCAL,,query,8,"""\\n    SELECT \\n      p.id,\\n      p.uuid,\\n      p.name,\\n      p.full_path,\\n      pi.insights_data,\\n      pi.combined_score,\\n      pi.created_at\\n    FROM projects p\\n    INNER JOIN LATERAL (\\n      SELECT * FROM project_insights\\n      WHERE project_uuid = p.uuid\\n      ORDER BY created_at DESC\\n      LIMIT 1\\...;__ecma.String",<empty>,296,query,,,0,"""\\n    INSERT INTO tracked_project_snapshots (\\n      project_uuid, description, web_url,\\n      open_issues, open_mrs, open_milestones_count,\\n      sonar_project_key, sonar_security_high, sonar_security_blocker,\\n      sonar_reliability_high, sonar_reliability_blocker,\\n      sonar_maintainability_high, sonar_main...",ANY
94489281651,LOCAL,,result,10,,<empty>,310,result,,,0,QueryResult<any>,QueryResult<any>
94489281652,LOCAL,,_tmp_8,43,,<empty>,310,_tmp_8,,,0,,__ecma.Array
94489281653,LOCAL,,getLatestSnapshotsForTrackedProjects,13,,<empty>,336,getLatestSnapshotsForTrackedProjects,,,0,() => Promise<any[]>,() => Promise<any[]>
94489281654,LOCAL,,pool,8,Pool;pg:Pool;Pool | __ecma.Null;__ecma.Null,<empty>,337,pool,,,0,Pool,Pool
94489281655,LOCAL,,query,8,"""\\n    SELECT \\n      p.id,\\n      p.uuid,\\n      p.name,\\n      p.full_path,\\n      pi.insights_data,\\n      pi.combined_score,\\n      pi.created_at\\n    FROM projects p\\n    INNER JOIN LATERAL (\\n      SELECT * FROM project_insights\\n      WHERE project_uuid = p.uuid\\n      ORDER BY created_at DESC\\n      LIMIT 1\\...;__ecma.String",<empty>,339,query,,,0,"""\\n    SELECT DISTINCT ON (p.uuid)\\n      p.uuid,\\n      p.row_id,\\n      p.id,\\n      p.name,\\n      p.full_path,\\n      p.group_path,\\n      p.members_count,\\n      p.members,\\n      p.last_activity_at,\\n      p.parent_id,\\n      p.visibility,\\n      p.tracked,\\n      p.synced_at,\\n      s.description,\\n      s.we...",ANY
94489281656,LOCAL,,result,10,,<empty>,374,result,,,0,QueryResult<any>,QueryResult<any>
94489281657,LOCAL,,getProjectSnapshots,13,,<empty>,385,getProjectSnapshots,,,0,(projectId: __ecma.Number) => Promise<any[]>,(projectId: __ecma.Number) => Promise<any[]>
94489281658,LOCAL,,pool,8,Pool;pg:Pool;Pool | __ecma.Null;__ecma.Null,<empty>,386,pool,,,0,Pool,Pool
94489281659,LOCAL,,query,8,"""\\n    SELECT \\n      p.id,\\n      p.uuid,\\n      p.name,\\n      p.full_path,\\n      pi.insights_data,\\n      pi.combined_score,\\n      pi.created_at\\n    FROM projects p\\n    INNER JOIN LATERAL (\\n      SELECT * FROM project_insights\\n      WHERE project_uuid = p.uuid\\n      ORDER BY created_at DESC\\n      LIMIT 1\\...;__ecma.String",<empty>,388,query,,,0,"""\\n    SELECT \\n      s.uuid,\\n      s.row_id,\\n      s.description,\\n      s.web_url,\\n      s.open_issues,\\n      s.open_mrs,\\n      s.open_milestones_count,\\n      s.sonar_project_key,\\n      s.sonar_security_high,\\n      s.sonar_security_blocker,\\n      s.sonar_reliability_high,\\n      s.sonar_reliability_blocke...",ANY
94489281660,LOCAL,,result,10,,<empty>,412,result,,,0,QueryResult<any>,QueryResult<any>
94489281661,LOCAL,,_tmp_9,43,,<empty>,412,_tmp_9,,,0,,__ecma.Array
94489281662,LOCAL,,getLatestSnapshotByProjectName,13,,<empty>,425,getLatestSnapshotByProjectName,,,0,(projectName: __ecma.String) => Promise<any>,(projectName: __ecma.String) => Promise<any>
94489281663,LOCAL,,pool,8,Pool;pg:Pool;Pool | __ecma.Null;__ecma.Null,<empty>,426,pool,,,0,Pool,Pool
94489281664,LOCAL,,query,8,"""\\n    SELECT \\n      p.id,\\n      p.uuid,\\n      p.name,\\n      p.full_path,\\n      pi.insights_data,\\n      pi.combined_score,\\n      pi.created_at\\n    FROM projects p\\n    INNER JOIN LATERAL (\\n      SELECT * FROM project_insights\\n      WHERE project_uuid = p.uuid\\n      ORDER BY created_at DESC\\n      LIMIT 1\\...;__ecma.String",<empty>,428,query,,,0,"""\\n    SELECT \\n      p.id as project_id,\\n      p.name as project_name,\\n      p.full_path,\\n      p.last_activity_at,\\n      s.open_issues,\\n      s.open_mrs,\\n      s.open_milestones_count,\\n      s.sonar_security_high,\\n      s.sonar_security_blocker,\\n      s.sonar_reliability_high,\\n      s.sonar_reliability_b...",ANY
94489281665,LOCAL,,result,10,,<empty>,453,result,,,0,QueryResult<any>,QueryResult<any>
94489281666,LOCAL,,_tmp_10,43,,<empty>,453,_tmp_10,,,0,,__ecma.Array
94489281667,LOCAL,,syncProject,13,,<empty>,468,syncProject,,,0,(projectData: { id: __ecma.Number; name: __ecma.String; full_path?: __ecma.String | ANY; group_path?: __ecma.String | ANY; members_count?: __ecma.Number | ANY; members?: __ecma.Array | ANY; last_activity_at?: __ecma.String | ANY; parent_id?: __ecma.Number | ANY; visibility?: __ecma.String | ANY; }) => Promise<...>,(projectData: { id: __ecma.Number; name: __ecma.String; full_path?: __ecma.String | ANY; group_path?: __ecma.String | ANY; members_count?: __ecma.Number | ANY; members?: __ecma.Array | ANY; last_activity_at?: __ecma.String | ANY; parent_id?: __ecma.Number | ANY; visibility?: __ecma.String | ANY; }) => Promise<...>
94489281668,LOCAL,,syncProjects,13,,<empty>,473,syncProjects,,,0,(projects: { id: __ecma.Number; name: __ecma.String; full_path?: __ecma.String | ANY; group_path?: __ecma.String | ANY; members_count?: __ecma.Number | ANY; members?: __ecma.Array | ANY; last_activity_at?: __ecma.String | ANY; parent_id?: __ecma.Number | ANY; visibility?: __ecma.String | ANY; }[]) => Promise<...>,(projects: { id: __ecma.Number; name: __ecma.String; full_path?: __ecma.String | ANY; group_path?: __ecma.String | ANY; members_count?: __ecma.Number | ANY; members?: __ecma.Array | ANY; last_activity_at?: __ecma.String | ANY; parent_id?: __ecma.Number | ANY; visibility?: __ecma.String | ANY; }[]) => Promise<...>
94489281669,LOCAL,,getAllProjectsFromDB,13,,<empty>,478,getAllProjectsFromDB,,,0,() => Promise<any[]>,() => Promise<any[]>
94489281670,LOCAL,,getTrackedProjects,13,,<empty>,483,getTrackedProjects,,,0,() => Promise<any[]>,() => Promise<any[]>
94489281671,LOCAL,,saveProjectInsights,13,,<empty>,493,saveProjectInsights,,,0,"(projectName: __ecma.String, insightsData: ANY) => Promise<void>","(projectName: __ecma.String, insightsData: ANY) => Promise<void>"
94489281672,LOCAL,,pool,8,Pool;pg:Pool;Pool | __ecma.Null;__ecma.Null,<empty>,497,pool,,,0,Pool,Pool
94489281673,LOCAL,,projectResult,10,,<empty>,501,projectResult,,,0,QueryResult<any>,QueryResult<any>
94489281674,LOCAL,,_tmp_11,6,,<empty>,503,_tmp_11,,,0,,__ecma.Array
94489281675,LOCAL,,_tmp_12,12,,<empty>,507,_tmp_12,,,0,,__ecma.Error
94489281676,LOCAL,,projectUuid,10,,<empty>,510,projectUuid,,,0,ANY,ANY
94489281677,LOCAL,,_tmp_13,6,,<empty>,517,_tmp_13,,,0,,__ecma.Array
94489281678,LOCAL,,getLatestProjectInsights,13,,<empty>,536,getLatestProjectInsights,,,0,(projectName: __ecma.String) => Promise<any>,(projectName: __ecma.String) => Promise<any>
94489281679,LOCAL,,pool,8,Pool;pg:Pool;Pool | __ecma.Null;__ecma.Null,<empty>,537,pool,,,0,Pool,Pool
94489281680,LOCAL,,query,8,"""\\n    SELECT \\n      p.id,\\n      p.uuid,\\n      p.name,\\n      p.full_path,\\n      pi.insights_data,\\n      pi.combined_score,\\n      pi.created_at\\n    FROM projects p\\n    INNER JOIN LATERAL (\\n      SELECT * FROM project_insights\\n      WHERE project_uuid = p.uuid\\n      ORDER BY created_at DESC\\n      LIMIT 1\\...;__ecma.String",<empty>,539,query,,,0,"""\\n    SELECT \\n      pi.uuid,\\n      pi.row_id,\\n      pi.insights_data,\\n      pi.final_user_score,\\n      pi.api_score,\\n      pi.combined_score,\\n      pi.created_at,\\n      p.name as project_name\\n    FROM project_insights pi\\n    JOIN projects p ON pi.project_uuid = p.uuid\\n    WHERE LOWER(p.name) = LOWER($1)\\...",ANY
94489281681,LOCAL,,result,10,,<empty>,557,result,,,0,QueryResult<any>,QueryResult<any>
94489281682,LOCAL,,_tmp_14,43,,<empty>,557,_tmp_14,,,0,,__ecma.Array
94489281683,LOCAL,,getProjectInsightsHistory,13,,<empty>,568,getProjectInsightsHistory,,,0,(projectName: __ecma.String) => Promise<any[]>,(projectName: __ecma.String) => Promise<any[]>
94489281684,LOCAL,,pool,8,Pool;pg:Pool;Pool | __ecma.Null;__ecma.Null,<empty>,569,pool,,,0,Pool,Pool
94489281685,LOCAL,,query,8,"""\\n    SELECT \\n      p.id,\\n      p.uuid,\\n      p.name,\\n      p.full_path,\\n      pi.insights_data,\\n      pi.combined_score,\\n      pi.created_at\\n    FROM projects p\\n    INNER JOIN LATERAL (\\n      SELECT * FROM project_insights\\n      WHERE project_uuid = p.uuid\\n      ORDER BY created_at DESC\\n      LIMIT 1\\...;__ecma.String",<empty>,571,query,,,0,"""\\n    SELECT \\n      pi.uuid,\\n      pi.row_id,\\n      pi.insights_data,\\n      pi.final_user_score,\\n      pi.api_score,\\n      pi.combined_score,\\n      pi.created_at\\n    FROM project_insights pi\\n    JOIN projects p ON pi.project_uuid = p.uuid\\n    WHERE LOWER(p.name) = LOWER($1)\\n    ORDER BY pi.created_at DES...",ANY
94489281686,LOCAL,,result,10,,<empty>,587,result,,,0,QueryResult<any>,QueryResult<any>
94489281687,LOCAL,,_tmp_15,43,,<empty>,587,_tmp_15,,,0,,__ecma.Array
94489281688,LOCAL,,getProjectInsightsHistoryById,13,,<empty>,598,getProjectInsightsHistoryById,,,0,(projectId: __ecma.Number) => Promise<any[]>,(projectId: __ecma.Number) => Promise<any[]>
94489281689,LOCAL,,pool,8,Pool;pg:Pool;Pool | __ecma.Null;__ecma.Null,<empty>,599,pool,,,0,Pool,Pool
94489281690,LOCAL,,query,8,"""\\n    SELECT \\n      p.id,\\n      p.uuid,\\n      p.name,\\n      p.full_path,\\n      pi.insights_data,\\n      pi.combined_score,\\n      pi.created_at\\n    FROM projects p\\n    INNER JOIN LATERAL (\\n      SELECT * FROM project_insights\\n      WHERE project_uuid = p.uuid\\n      ORDER BY created_at DESC\\n      LIMIT 1\\...;__ecma.String",<empty>,601,query,,,0,__ecma.String,__ecma.String
94489281691,LOCAL,,result,10,,<empty>,617,result,,,0,QueryResult<any>,QueryResult<any>
94489281692,LOCAL,,_tmp_16,43,,<empty>,617,_tmp_16,,,0,,__ecma.Array
94489281693,LOCAL,,getAllProjectsWithInsights,13,,<empty>,628,getAllProjectsWithInsights,,,0,() => Promise<any[]>,() => Promise<any[]>
94489281694,LOCAL,,pool,8,Pool;pg:Pool;Pool | __ecma.Null;__ecma.Null,<empty>,629,pool,,,0,Pool,Pool
94489281695,LOCAL,,query,8,"""\\n    SELECT \\n      p.id,\\n      p.uuid,\\n      p.name,\\n      p.full_path,\\n      pi.insights_data,\\n      pi.combined_score,\\n      pi.created_at\\n    FROM projects p\\n    INNER JOIN LATERAL (\\n      SELECT * FROM project_insights\\n      WHERE project_uuid = p.uuid\\n      ORDER BY created_at DESC\\n      LIMIT 1\\...;__ecma.String",<empty>,631,query,,,0,"""\\n    SELECT \\n      p.uuid,\\n      p.name,\\n      p.full_path,\\n      pi.final_user_score,\\n      pi.api_score,\\n      pi.combined_score,\\n      pi.created_at as last_insight_date\\n    FROM projects p\\n    LEFT JOIN LATERAL (\\n      SELECT * FROM project_insights\\n      WHERE project_uuid = p.uuid\\n      ORDER BY ...",ANY
94489281696,LOCAL,,result,10,,<empty>,651,result,,,0,QueryResult<any>,QueryResult<any>
94489281697,LOCAL,,getAllLatestProjectInsights,13,,<empty>,662,getAllLatestProjectInsights,,,0,() => Promise<any[]>,() => Promise<any[]>
94489281698,LOCAL,,pool,8,Pool;pg:Pool;Pool | __ecma.Null;__ecma.Null,<empty>,663,pool,,,0,Pool,Pool
94489281699,LOCAL,,query,8,"""\\n    SELECT \\n      p.id,\\n      p.uuid,\\n      p.name,\\n      p.full_path,\\n      pi.insights_data,\\n      pi.combined_score,\\n      pi.created_at\\n    FROM projects p\\n    INNER JOIN LATERAL (\\n      SELECT * FROM project_insights\\n      WHERE project_uuid = p.uuid\\n      ORDER BY created_at DESC\\n      LIMIT 1\\...;__ecma.String",<empty>,665,query,,,0,"""\\n    SELECT \\n      p.id,\\n      p.uuid,\\n      p.name,\\n      p.full_path,\\n      pi.insights_data,\\n      pi.final_user_score,\\n      pi.api_score,\\n      pi.combined_score,\\n      pi.created_at\\n    FROM projects p\\n    INNER JOIN LATERAL (\\n      SELECT * FROM project_insights\\n      WHERE project_uuid = p.uui...",ANY
94489281700,LOCAL,,result,10,,<empty>,688,result,,,0,QueryResult<any>,QueryResult<any>
94489281701,LOCAL,,getTotalProjectsCount,13,,<empty>,699,getTotalProjectsCount,,,0,() => Promise<number>,() => Promise<number>
94489281702,LOCAL,,pool,8,Pool;pg:Pool;Pool | __ecma.Null;__ecma.Null,<empty>,700,pool,,,0,Pool,Pool
94489281703,LOCAL,,result,10,,<empty>,703,result,,,0,QueryResult<any>,QueryResult<any>
94489281704,LOCAL,,getTrackedProjectsCount,13,,<empty>,714,getTrackedProjectsCount,,,0,() => Promise<number>,() => Promise<number>
94489281705,LOCAL,,pool,8,Pool;pg:Pool;Pool | __ecma.Null;__ecma.Null,<empty>,715,pool,,,0,Pool,Pool
94489281706,LOCAL,,result,10,,<empty>,718,result,,,0,QueryResult<any>,QueryResult<any>
94489281707,LOCAL,,getLatestCombinedScores,13,,<empty>,729,getLatestCombinedScores,,,0,() => Promise<any[]>,() => Promise<any[]>
94489281708,LOCAL,,pool,8,Pool;pg:Pool;Pool | __ecma.Null;__ecma.Null,<empty>,730,pool,,,0,Pool,Pool
94489281709,LOCAL,,query,8,"""\\n    SELECT \\n      p.id,\\n      p.uuid,\\n      p.name,\\n      p.full_path,\\n      pi.insights_data,\\n      pi.combined_score,\\n      pi.created_at\\n    FROM projects p\\n    INNER JOIN LATERAL (\\n      SELECT * FROM project_insights\\n      WHERE project_uuid = p.uuid\\n      ORDER BY created_at DESC\\n      LIMIT 1\\...;__ecma.String",<empty>,732,query,,,0,"""\\n    SELECT \\n      p.id,\\n      p.uuid,\\n      p.name,\\n      p.full_path,\\n      p.tracked,\\n      pi.combined_score,\\n      pi.created_at\\n    FROM projects p\\n    INNER JOIN LATERAL (\\n      SELECT combined_score, created_at\\n      FROM project_insights\\n      WHERE project_uuid = p.uuid\\n      ORDER BY create...",ANY
94489281710,LOCAL,,result,10,,<empty>,753,result,,,0,QueryResult<any>,QueryResult<any>
94489281711,LOCAL,,getProjectsNeedingAttention,13,,<empty>,764,getProjectsNeedingAttention,,,0,(limit?: __ecma.Number) => Promise<any[]>,(limit?: __ecma.Number) => Promise<any[]>
94489281712,LOCAL,,pool,8,Pool;pg:Pool;Pool | __ecma.Null;__ecma.Null,<empty>,765,pool,,,0,Pool,Pool
94489281713,LOCAL,,query,8,"""\\n    SELECT \\n      p.id,\\n      p.uuid,\\n      p.name,\\n      p.full_path,\\n      pi.insights_data,\\n      pi.combined_score,\\n      pi.created_at\\n    FROM projects p\\n    INNER JOIN LATERAL (\\n      SELECT * FROM project_insights\\n      WHERE project_uuid = p.uuid\\n      ORDER BY created_at DESC\\n      LIMIT 1\\...;__ecma.String",<empty>,767,query,,,0,"""\\n    SELECT \\n      p.id,\\n      p.uuid,\\n      p.name,\\n      p.full_path,\\n      pi.insights_data,\\n      pi.combined_score,\\n      pi.created_at\\n    FROM projects p\\n    INNER JOIN LATERAL (\\n      SELECT * FROM project_insights\\n      WHERE project_uuid = p.uuid\\n      ORDER BY created_at DESC\\n      LIMIT 1\\...",ANY
94489281714,LOCAL,,result,10,,<empty>,789,result,,,0,QueryResult<any>,QueryResult<any>
94489281715,LOCAL,,_tmp_17,43,,<empty>,789,_tmp_17,,,0,,__ecma.Array
94489281716,LOCAL,,error,11,,<empty>,791,error,,,0,,ANY
94489281717,LOCAL,,console,4,,<empty>,792,console,,,0,,__whatwg.console
94489281718,LOCAL,,limit,50,,<empty>,764,limit,,,0,,__ecma.Number
94489281719,LOCAL,,_tmp_17,43,,<empty>,789,_tmp_17,,,0,,__ecma.Array
94489281720,LOCAL,db/queries.ts::program:<lambda>25:getPool,getPool,15,,<empty>,765,getPool,,,0,,() => Pool
94489281721,LOCAL,,error,11,,<empty>,755,error,,,0,,ANY
94489281722,LOCAL,,console,4,,<empty>,756,console,,,0,,__whatwg.console
94489281723,LOCAL,db/queries.ts::program:<lambda>24:getPool,getPool,15,,<empty>,730,getPool,,,0,,() => Pool
94489281724,LOCAL,,error,11,,<empty>,720,error,,,0,,ANY
94489281725,LOCAL,,console,4,,<empty>,721,console,,,0,,__whatwg.console
94489281726,LOCAL,db/queries.ts::program:<lambda>23:getPool,getPool,15,,<empty>,715,getPool,,,0,,() => Pool
94489281727,LOCAL,,error,11,,<empty>,705,error,,,0,,ANY
94489281728,LOCAL,,console,4,,<empty>,706,console,,,0,,__whatwg.console
94489281729,LOCAL,db/queries.ts::program:<lambda>22:getPool,getPool,15,,<empty>,700,getPool,,,0,,() => Pool
94489281730,LOCAL,,error,11,,<empty>,690,error,,,0,,ANY
94489281731,LOCAL,,console,4,,<empty>,691,console,,,0,,__whatwg.console
94489281732,LOCAL,db/queries.ts::program:<lambda>21:getPool,getPool,15,,<empty>,663,getPool,,,0,,() => Pool
94489281733,LOCAL,,error,11,,<empty>,653,error,,,0,,ANY
94489281734,LOCAL,,console,4,,<empty>,654,console,,,0,,__whatwg.console
94489281735,LOCAL,db/queries.ts::program:<lambda>20:getPool,getPool,15,,<empty>,629,getPool,,,0,,() => Pool
94489281736,LOCAL,,error,11,,<empty>,619,error,,,0,,ANY
94489281737,LOCAL,,console,4,,<empty>,620,console,,,0,,__whatwg.console
94489281738,LOCAL,,_tmp_16,43,,<empty>,617,_tmp_16,,,0,,__ecma.Array
94489281739,LOCAL,db/queries.ts::program:<lambda>19:getPool,getPool,15,,<empty>,599,getPool,,,0,,() => Pool
94489281740,LOCAL,,error,11,,<empty>,589,error,,,0,,ANY
94489281741,LOCAL,,console,4,,<empty>,590,console,,,0,,__whatwg.console
94489281742,LOCAL,,_tmp_15,43,,<empty>,587,_tmp_15,,,0,,__ecma.Array
94489281743,LOCAL,db/queries.ts::program:<lambda>18:getPool,getPool,15,,<empty>,569,getPool,,,0,,() => Pool
94489281744,LOCAL,,error,11,,<empty>,559,error,,,0,,ANY
94489281745,LOCAL,,console,4,,<empty>,560,console,,,0,,__whatwg.console
94489281746,LOCAL,,_tmp_14,43,,<empty>,557,_tmp_14,,,0,,__ecma.Array
94489281747,LOCAL,db/queries.ts::program:<lambda>17:getPool,getPool,15,,<empty>,537,getPool,,,0,,() => Pool
94489281748,LOCAL,,error,11,,<empty>,527,error,,,0,,ANY
94489281749,LOCAL,,console,4,,<empty>,526,console,,,0,,__whatwg.console
94489281750,LOCAL,,_tmp_13,6,,<empty>,517,_tmp_13,,,0,,__ecma.Array
94489281751,LOCAL,,Error,16,,<empty>,507,Error,,,0,,ErrorConstructor
94489281752,LOCAL,,_tmp_12,12,,<empty>,507,_tmp_12,,,0,,__ecma.Error
94489281753,LOCAL,,_tmp_11,6,,<empty>,503,_tmp_11,,,0,,__ecma.Array
94489281754,LOCAL,db/queries.ts::program:<lambda>16:getPool,getPool,15,,<empty>,497,getPool,,,0,,() => Pool
94489281755,LOCAL,,error,11,,<empty>,455,error,,,0,,ANY
94489281756,LOCAL,,console,4,,<empty>,456,console,,,0,,__whatwg.console
94489281757,LOCAL,,_tmp_10,43,,<empty>,453,_tmp_10,,,0,,__ecma.Array
94489281758,LOCAL,db/queries.ts::program:<lambda>15:getPool,getPool,15,,<empty>,426,getPool,,,0,,() => Pool
94489281759,LOCAL,,error,11,,<empty>,414,error,,,0,,ANY
94489281760,LOCAL,,console,4,,<empty>,415,console,,,0,,__whatwg.console
94489281761,LOCAL,,_tmp_9,43,,<empty>,412,_tmp_9,,,0,,__ecma.Array
94489281762,LOCAL,db/queries.ts::program:<lambda>14:getPool,getPool,15,,<empty>,386,getPool,,,0,,() => Pool
94489281763,LOCAL,,error,11,,<empty>,376,error,,,0,,ANY
94489281764,LOCAL,,console,4,,<empty>,377,console,,,0,,__whatwg.console
94489281765,LOCAL,db/queries.ts::program:<lambda>13:getPool,getPool,15,,<empty>,337,getPool,,,0,,() => Pool
94489281766,LOCAL,,error,11,,<empty>,326,error,,,0,,ANY
94489281767,LOCAL,,console,4,,<empty>,327,console,,,0,,__whatwg.console
94489281768,LOCAL,,_tmp_8,43,,<empty>,310,_tmp_8,,,0,,__ecma.Array
94489281769,LOCAL,,Error,14,,<empty>,293,Error,,,0,,ErrorConstructor
94489281770,LOCAL,,_tmp_7,10,,<empty>,293,_tmp_7,,,0,,__ecma.Error
94489281771,LOCAL,db/queries.ts::program:<lambda>12:getProjectUUID,getProjectUUID,28,,<empty>,291,getProjectUUID,,,0,,(projectId: __ecma.Number) => Promise<string | __ecma.Null>
94489281772,LOCAL,db/queries.ts::program:<lambda>12:getPool,getPool,15,,<empty>,288,getPool,,,0,,() => Pool
94489281773,LOCAL,,error,11,,<empty>,259,error,,,0,,ANY
94489281774,LOCAL,,console,4,,<empty>,260,console,,,0,,__whatwg.console
94489281775,LOCAL,,_tmp_6,11,,<empty>,258,_tmp_6,,,0,,QueryResult<any>:<member>(rows)
94489281776,LOCAL,db/queries.ts::program:<lambda>10:getPool,getPool,15,,<empty>,252,getPool,,,0,,() => Pool
94489281777,LOCAL,,error,11,,<empty>,242,error,,,0,,ANY
94489281778,LOCAL,,console,4,,<empty>,243,console,,,0,,__whatwg.console
94489281779,LOCAL,,_tmp_5,43,,<empty>,240,_tmp_5,,,0,,__ecma.Array
94489281780,LOCAL,db/queries.ts::program:<lambda>9:getPool,getPool,15,,<empty>,235,getPool,,,0,,() => Pool
94489281781,LOCAL,,error,11,,<empty>,225,error,,,0,,ANY
94489281782,LOCAL,,console,4,,<empty>,226,console,,,0,,__whatwg.console
94489281783,LOCAL,,_tmp_4,43,,<empty>,223,_tmp_4,,,0,,__ecma.Array
94489281784,LOCAL,db/queries.ts::program:<lambda>8:getPool,getPool,15,,<empty>,213,getPool,,,0,,() => Pool
94489281785,LOCAL,db/queries.ts::program:<lambda>7:setProjectTracked,setProjectTracked,9,,<empty>,206,setProjectTracked,,,0,,"(id: __ecma.Number, tracked?: __ecma.Boolean) => Promise<any>"
94489281786,LOCAL,,error,11,,<empty>,196,error,,,0,,ANY
94489281787,LOCAL,,console,4,,<empty>,197,console,,,0,,__whatwg.console
94489281788,LOCAL,,tracked,52,,<empty>,183,tracked,,,0,,__ecma.Boolean
94489281789,LOCAL,,_tmp_3,43,,<empty>,194,_tmp_3,,,0,,__ecma.Array
94489281790,LOCAL,db/queries.ts::program:<lambda>6:getPool,getPool,15,,<empty>,184,getPool,,,0,,() => Pool
94489281791,LOCAL,,error,11,,<empty>,173,error,,,0,,ANY
94489281792,LOCAL,,console,4,,<empty>,174,console,,,0,,__whatwg.console
94489281793,LOCAL,,_tmp_2,43,,<empty>,171,_tmp_2,,,0,,__ecma.Array
94489281794,LOCAL,db/queries.ts::program:<lambda>5:getPool,getPool,15,,<empty>,166,getPool,,,0,,() => Pool
94489281795,LOCAL,,error,11,,<empty>,156,error,,,0,,ANY
94489281796,LOCAL,,console,4,,<empty>,157,console,,,0,,__whatwg.console
94489281797,LOCAL,,_tmp_1,43,,<empty>,154,_tmp_1,,,0,,__ecma.Array
94489281798,LOCAL,db/queries.ts::program:<lambda>4:getPool,getPool,15,,<empty>,142,getPool,,,0,,() => Pool
94489281799,LOCAL,,error,11,,<empty>,132,error,,,0,,ANY
94489281800,LOCAL,,console,4,,<empty>,133,console,,,0,,__whatwg.console
94489281801,LOCAL,db/queries.ts::program:<lambda>3:getPool,getPool,15,,<empty>,118,getPool,,,0,,() => Pool
94489281802,LOCAL,,error,11,,<empty>,108,error,,,0,,ANY
94489281803,LOCAL,,console,4,,<empty>,107,console,,,0,,__whatwg.console
94489281804,LOCAL,,project,4,{ id: __ecma.Number; name: __ecma.String; full_path?: __ecma.String | ANY; group_path?: __ecma.String | ANY; members_count?: __ecma.Number | ANY; members?: __ecma.Array | ANY; last_activity_at?: __ecma.String | ANY; parent_id?: __ecma.Number | ANY; visibility?: __ecma.String | ANY; };_result_0:value:<returnValue>:<member>(value),<empty>,104,project,,,0,,{ id: __ecma.Number; name: __ecma.String; full_path?: __ecma.String | ANY; group_path?: __ecma.String | ANY; members_count?: __ecma.Number | ANY; members?: __ecma.Array | ANY; last_activity_at?: __ecma.String | ANY; parent_id?: __ecma.Number | ANY; visibility?: __ecma.String | ANY; }
94489281805,LOCAL,db/queries.ts::program:<lambda>2:syncProjectToRegistry,syncProjectToRegistry,12,,<empty>,105,syncProjectToRegistry,,,0,,(projectData: { id: __ecma.Number; name: __ecma.String; full_path?: __ecma.String | ANY; group_path?: __ecma.String | ANY; members_count?: __ecma.Number | ANY; members?: __ecma.Array | ANY; last_activity_at?: __ecma.String | ANY; parent_id?: __ecma.Number | ANY; visibility?: __ecma.String | ANY; }) => Promise<...>
94489281806,LOCAL,,_result_0,4,,<empty>,104,_result_0,,,0,,next:<returnValue>
94489281807,LOCAL,,_iterator_0,4,,<empty>,104,_iterator_0,,,0,,ANY
94489281808,LOCAL,,error,11,,<empty>,83,error,,,0,,ANY
94489281809,LOCAL,,console,4,,<empty>,84,console,,,0,,__whatwg.console
94489281810,LOCAL,,_tmp_0,43,,<empty>,71,_tmp_0,,,0,,__ecma.Array
94489281811,LOCAL,db/queries.ts::program:<lambda>1:getPool,getPool,15,,<empty>,46,getPool,,,0,,() => Pool
94489281812,LOCAL,,error,11,,<empty>,19,error,,,0,,ANY
94489281813,LOCAL,,console,4,,<empty>,18,console,,,0,,__whatwg.console
94489281814,LOCAL,db/queries.ts::program:<lambda>0:fs,fs,19,,<empty>,16,fs,,,0,,db/queries.ts::program
94489281815,LOCAL,,__dirname,33,,<empty>,15,__dirname,,,0,,__ecma.String
94489281816,LOCAL,db/queries.ts::program:<lambda>0:path,path,23,,<empty>,15,path,,,0,,PlatformPath
94489281817,LOCAL,db/queries.ts::program:<lambda>0:getPool,getPool,15,,<empty>,12,getPool,,,0,,() => Pool
94489281818,LOCAL,,express,0,,<empty>,1,express,,,0,,e
94489281819,LOCAL,,Application,0,,<empty>,1,Application,,,0,,express:Application
94489281820,LOCAL,,Request,0,,<empty>,1,Request,,,0,,express:Request
94489281821,LOCAL,,Response,0,,<empty>,1,Response,,,0,,express:Response
94489281822,LOCAL,,NextFunction,0,,<empty>,1,NextFunction,,,0,,express:NextFunction
94489281823,LOCAL,,cors,0,,<empty>,2,cors,,,0,,"<T extends e.CorsRequest = CorsRequest>(options?: CorsOptions | CorsOptionsDelegate<T> | ANY) => (req: T, res: { statusCode?: __ecma.Number | ANY; setHeader(key: __ecma.String, value: __ecma.String): ANY; end(): ANY; }, next: (err?: ANY) => ANY) => ANY"
94489281824,LOCAL,,dotenv,0,,<empty>,3,dotenv,,,0,,index.ts::program
94489281825,LOCAL,,apiRoutes,0,,<empty>,11,apiRoutes,,,0,,Router
94489281826,LOCAL,,errorHandler,0,,<empty>,12,errorHandler,,,0,,"(err: Error, req: Request<ParamsDictionary, ANY, ANY, ParsedQs, Record<string, ANY>>, res: Response<any, Record<string, ANY>>, next: NextFunction) => ANY"
94489281827,LOCAL,,connectDB,0,,<empty>,13,connectDB,,,0,,() => Promise<void>
94489281828,LOCAL,,initializeTables,0,,<empty>,14,initializeTables,,,0,,() => Promise<void>
94489281829,LOCAL,,autoMapSonarProjectKeys,0,,<empty>,15,autoMapSonarProjectKeys,,,0,,() => Promise<void>
94489281830,LOCAL,,initWeeklyDoraSnapshotScheduler,0,,<empty>,16,initWeeklyDoraSnapshotScheduler,,,0,,() => ANY
94489281831,LOCAL,,_tmp_0,14,,<empty>,6,_tmp_0,,,0,,ANY
94489281832,LOCAL,,app,6,express:Application;Application;express:express:<returnValue>,<empty>,18,app,,,0,Application,express:Application
94489281833,LOCAL,,PORT,6,,<empty>,19,PORT,,,0,string | 5000,string | 5000
94489281834,LOCAL,,_tmp_1,13,,<empty>,22,_tmp_1,,,0,,ANY
94489281835,LOCAL,,_tmp_3,10,,<empty>,23,_tmp_3,,,0,,__ecma.Array
94489281836,LOCAL,,_tmp_4,21,,<empty>,32,_tmp_4,,,0,,ANY
94489281837,LOCAL,,_tmp_5,27,,<empty>,33,_tmp_5,,,0,,ANY
94489281838,LOCAL,,_tmp_6,11,,<empty>,40,_tmp_6,,,0,,ANY
94489281839,LOCAL,,_tmp_8,23,,<empty>,49,_tmp_8,,,0,,ANY
94489281840,LOCAL,,startServer,6,,<empty>,60,startServer,,,0,() => Promise<void>,() => Promise<void>
94489281841,LOCAL,,process,4,,<empty>,87,process,,,0,,Process
94489281842,LOCAL,,error,11,,<empty>,85,error,,,0,,ANY
94489281843,LOCAL,,console,6,,<empty>,70,console,,,0,,__whatwg.console
94489281844,LOCAL,index.ts::program:<lambda>2:<lambda>3:PORT,PORT,62,,<empty>,82,PORT,,,0,,string | 5000
94489281845,LOCAL,index.ts::program:<lambda>2:PORT,PORT,15,,<empty>,81,PORT,,,0,,string | 5000
94489281846,LOCAL,index.ts::program:<lambda>2:<lambda>3:console,console,6,,<empty>,82,console,,,0,,__whatwg.console
94489281847,LOCAL,index.ts::program:<lambda>2:app,app,4,express:Application;Application;express:express:<returnValue>,<empty>,81,app,,,0,,express:Application
94489281848,LOCAL,index.ts::program:<lambda>2:initWeeklyDoraSnapshotScheduler,initWeeklyDoraSnapshotScheduler,4,,<empty>,78,initWeeklyDoraSnapshotScheduler,,,0,,() => ANY
94489281849,LOCAL,,e,13,,<empty>,73,e,,,0,,ANY
94489281850,LOCAL,index.ts::program:<lambda>2:autoMapSonarProjectKeys,autoMapSonarProjectKeys,12,,<empty>,71,autoMapSonarProjectKeys,,,0,,() => Promise<void>
94489281851,LOCAL,index.ts::program:<lambda>2:initializeTables,initializeTables,10,,<empty>,66,initializeTables,,,0,,() => Promise<void>
94489281852,LOCAL,index.ts::program:<lambda>2:connectDB,connectDB,10,,<empty>,63,connectDB,,,0,,() => Promise<void>
94489281853,LOCAL,,_tmp_7,2,,<empty>,49,_tmp_7,,,0,,express:Response:status:<returnValue>
94489281854,LOCAL,,Boolean,11,,<empty>,28,Boolean,,,0,,BooleanConstructor
94489281855,LOCAL,,_tmp_2,10,,<empty>,23,_tmp_2,,,0,,__ecma.Array
94489281856,LOCAL,,process,10,,<empty>,7,process,,,0,,Process
94489281857,LOCAL,,_tmp_3,10,,<empty>,23,_tmp_3,,,0,,__ecma.Array
94489281858,LOCAL,,Request,0,,<empty>,2,Request,,,0,,express:Request
94489281859,LOCAL,,Response,0,,<empty>,2,Response,,,0,,express:Response
94489281860,LOCAL,,NextFunction,0,,<empty>,2,NextFunction,,,0,,express:NextFunction
94489281861,LOCAL,,errorHandler,13,,<empty>,4,errorHandler,,,0,"(err: Error, req: Request<ParamsDictionary, ANY, ANY, ParsedQs, Record<string, ANY>>, res: Response<any, Record<string, ANY>>, next: NextFunction) => ANY","(err: Error, req: Request<ParamsDictionary, ANY, ANY, ParsedQs, Record<string, ANY>>, res: Response<any, Record<string, ANY>>, next: NextFunction) => ANY"
94489281862,LOCAL,,_tmp_1,23,,<empty>,7,_tmp_1,,,0,,ANY
94489281863,LOCAL,,_tmp_0,2,,<empty>,7,_tmp_0,,,0,,express:Response:status:<returnValue>
94489281864,LOCAL,,console,2,,<empty>,5,console,,,0,,__whatwg.console
94489281865,LOCAL,,Router,0,,<empty>,4,Router,,,0,,(options?: RouterOptions | ANY) => Router
94489281866,LOCAL,,createDeploymentFrequency,0,,<empty>,5,createDeploymentFrequency,,,0,,"(req: Request<ParamsDictionary, ANY, ANY, ParsedQs, Record<string, ANY>>, res: Response<any, Record<string, ANY>>) => Promise<...>"
94489281867,LOCAL,,createLeadTimeChange,0,,<empty>,5,createLeadTimeChange,,,0,,"(req: Request<ParamsDictionary, ANY, ANY, ParsedQs, Record<string, ANY>>, res: Response<any, Record<string, ANY>>) => Promise<...>"
94489281868,LOCAL,,createChangeFailureRate,0,,<empty>,5,createChangeFailureRate,,,0,,"(req: Request<ParamsDictionary, ANY, ANY, ParsedQs, Record<string, ANY>>, res: Response<any, Record<string, ANY>>) => Promise<...>"
94489281869,LOCAL,,createTimeToRestoreService,0,,<empty>,5,createTimeToRestoreService,,,0,,"(req: Request<ParamsDictionary, ANY, ANY, ParsedQs, Record<string, ANY>>, res: Response<any, Record<string, ANY>>) => Promise<...>"
94489281870,LOCAL,,getDeploymentFrequency,0,,<empty>,5,getDeploymentFrequency,,,0,,"(req: Request<ParamsDictionary, ANY, ANY, ParsedQs, Record<string, ANY>>, res: Response<any, Record<string, ANY>>) => Promise<...>"
94489281871,LOCAL,,getLeadTimeChanges,0,,<empty>,5,getLeadTimeChanges,,,0,,"(req: Request<ParamsDictionary, ANY, ANY, ParsedQs, Record<string, ANY>>, res: Response<any, Record<string, ANY>>) => Promise<...>"
94489281872,LOCAL,,getChangeFailureRates,0,,<empty>,5,getChangeFailureRates,,,0,,"(req: Request<ParamsDictionary, ANY, ANY, ParsedQs, Record<string, ANY>>, res: Response<any, Record<string, ANY>>) => Promise<...>"
94489281873,LOCAL,,getTimeToRestoreServices,0,,<empty>,5,getTimeToRestoreServices,,,0,,"(req: Request<ParamsDictionary, ANY, ANY, ParsedQs, Record<string, ANY>>, res: Response<any, Record<string, ANY>>) => Promise<...>"
94489281874,LOCAL,,getDoraMetricsSummary,0,,<empty>,5,getDoraMetricsSummary,,,0,,"(req: Request<ParamsDictionary, ANY, ANY, ParsedQs, Record<string, ANY>>, res: Response<any, Record<string, ANY>>) => Promise<...>"
94489281875,LOCAL,,deleteDeploymentFrequencyRecord,0,,<empty>,5,deleteDeploymentFrequencyRecord,,,0,,"(req: Request<ParamsDictionary, ANY, ANY, ParsedQs, Record<string, ANY>>, res: Response<any, Record<string, ANY>>) => Promise<...>"
94489281876,LOCAL,,deleteLeadTimeChangeRecord,0,,<empty>,5,deleteLeadTimeChangeRecord,,,0,,"(req: Request<ParamsDictionary, ANY, ANY, ParsedQs, Record<string, ANY>>, res: Response<any, Record<string, ANY>>) => Promise<...>"
94489281877,LOCAL,,deleteChangeFailureRateRecord,0,,<empty>,5,deleteChangeFailureRateRecord,,,0,,"(req: Request<ParamsDictionary, ANY, ANY, ParsedQs, Record<string, ANY>>, res: Response<any, Record<string, ANY>>) => Promise<...>"
94489281878,LOCAL,,deleteTimeToRestoreServiceRecord,0,,<empty>,5,deleteTimeToRestoreServiceRecord,,,0,,"(req: Request<ParamsDictionary, ANY, ANY, ParsedQs, Record<string, ANY>>, res: Response<any, Record<string, ANY>>) => Promise<...>"
94489281879,LOCAL,,searchDeployments,0,,<empty>,5,searchDeployments,,,0,,"(req: Request<ParamsDictionary, ANY, ANY, ParsedQs, Record<string, ANY>>, res: Response<any, Record<string, ANY>>) => Promise<...>"
94489281880,LOCAL,,getWeeklySnapshots,0,,<empty>,5,getWeeklySnapshots,,,0,,"(req: Request<ParamsDictionary, ANY, ANY, ParsedQs, Record<string, ANY>>, res: Response<any, Record<string, ANY>>) => Promise<...>"
94489281881,LOCAL,,manualCaptureLastWeek,0,,<empty>,5,manualCaptureLastWeek,,,0,,"(req: Request<ParamsDictionary, ANY, ANY, ParsedQs, Record<string, ANY>>, res: Response<any, Record<string, ANY>>) => Promise<...>"
94489281882,LOCAL,,getDoraTrendsController,0,,<empty>,5,getDoraTrendsController,,,0,,"(req: Request<ParamsDictionary, ANY, ANY, ParsedQs, Record<string, ANY>>, res: Response<any, Record<string, ANY>>) => Promise<...>"
94489281883,LOCAL,,router,6,(options?: RouterOptions | ANY) => Router;Router;express:Router:<returnValue>,<empty>,25,router,,,0,Router,(options?: RouterOptions | ANY) => Router
94489281884,LOCAL,,Router,0,,<empty>,1,Router,,,0,,(options?: RouterOptions | ANY) => Router
94489281885,LOCAL,,projectController,0,controllers/projectController.ts::program:ProjectController;ProjectController,<empty>,2,projectController,,,0,,ANY
94489281886,LOCAL,,aiController,0,controllers/aiController.ts::program:AIController;AIController,<empty>,3,aiController,,,0,,ANY
94489281887,LOCAL,,issueMetricsController,0,,<empty>,4,issueMetricsController,,,0,,routes/index.ts::program
94489281888,LOCAL,,mrMetricsController,0,,<empty>,5,mrMetricsController,,,0,,routes/index.ts::program
94489281889,LOCAL,,commitMetricsController,0,,<empty>,6,commitMetricsController,,,0,,routes/index.ts::program
94489281890,LOCAL,,sonarQubeMaintainabilityController,0,,<empty>,7,sonarQubeMaintainabilityController,,,0,,routes/index.ts::program
94489281891,LOCAL,,sonarQubeReliabilityController,0,,<empty>,8,sonarQubeReliabilityController,,,0,,routes/index.ts::program
94489281892,LOCAL,,sonarQubeSecurityController,0,,<empty>,9,sonarQubeSecurityController,,,0,,routes/index.ts::program
94489281893,LOCAL,,healthScoreController,0,,<empty>,10,healthScoreController,,,0,,routes/index.ts::program
94489281894,LOCAL,,milestoneMetricsController,0,,<empty>,11,milestoneMetricsController,,,0,,routes/index.ts::program
94489281895,LOCAL,,gitlabAuthService,0,services/gitlab/gitlabAuthService.ts::program:GitLabAuthService;GitLabAuthService,<empty>,12,gitlabAuthService,,,0,,ANY
94489281896,LOCAL,,trackingRoutes,0,,<empty>,13,trackingRoutes,,,0,,(options?: RouterOptions | ANY) => Router
94489281897,LOCAL,,doraMetricsRoutes,0,,<empty>,14,doraMetricsRoutes,,,0,,(options?: RouterOptions | ANY) => Router
94489281898,LOCAL,,router,6,(options?: RouterOptions | ANY) => Router;Router;express:Router:<returnValue>,<empty>,16,router,,,0,Router,(options?: RouterOptions | ANY) => Router
94489281899,LOCAL,,_tmp_0,11,,<empty>,20,_tmp_0,,,0,,ANY
94489281900,LOCAL,,isConnected,10,,<empty>,26,isConnected,,,0,__ecma.Boolean,__ecma.Boolean
94489281901,LOCAL,,_tmp_1,13,,<empty>,27,_tmp_1,,,0,,ANY
94489281902,LOCAL,,_tmp_3,25,,<empty>,29,_tmp_3,,,0,,ANY
94489281903,LOCAL,,error,11,,<empty>,28,error,,,0,,ANY
94489281904,LOCAL,,_tmp_2,4,,<empty>,29,_tmp_2,,,0,,"Response<any, Record<string, ANY>, __ecma.Number>:status:<returnValue>"
94489281905,LOCAL,routes/index.ts::program:<lambda>1:gitlabAuthService,gitlabAuthService,30,services/gitlab/gitlabAuthService.ts::program:GitLabAuthService;GitLabAuthService,<empty>,26,gitlabAuthService,,,0,,ANY
94489281906,LOCAL,,Router,0,,<empty>,2,Router,,,0,,(options?: RouterOptions | ANY) => Router
94489281907,LOCAL,,projectController,0,controllers/projectController.ts::program:ProjectController;ProjectController,<empty>,3,projectController,,,0,,ANY
94489281908,LOCAL,,router,6,(options?: RouterOptions | ANY) => Router;Router;express:Router:<returnValue>,<empty>,5,router,,,0,Router,(options?: RouterOptions | ANY) => Router
94489281909,LOCAL,,cron,0,,<empty>,4,cron,,,0,,schedulers/weeklyDoraSnapshotScheduler.ts::program
94489281910,LOCAL,,captureLastWeekSnapshots,0,,<empty>,5,captureLastWeekSnapshots,,,0,,() => Promise<void>
94489281911,LOCAL,,initWeeklyDoraSnapshotScheduler,13,,<empty>,11,initWeeklyDoraSnapshotScheduler,,,0,() => ANY,() => ANY
94489281912,LOCAL,,_tmp_0,5,,<empty>,29,_tmp_0,,,0,,ANY
94489281913,LOCAL,,console,2,,<empty>,33,console,,,0,,__whatwg.console
94489281914,LOCAL,,error,13,,<empty>,26,error,,,0,,ANY
94489281915,LOCAL,schedulers/weeklyDoraSnapshotScheduler.ts::program:<lambda>0:<lambda>1:console,console,4,,<empty>,21,console,,,0,,__whatwg.console
94489281916,LOCAL,schedulers/weeklyDoraSnapshotScheduler.ts::program:<lambda>0:<lambda>1:captureLastWeekSnapshots,captureLastWeekSnapshots,12,,<empty>,24,captureLastWeekSnapshots,,,0,,() => Promise<void>
94489281917,LOCAL,schedulers/weeklyDoraSnapshotScheduler.ts::program:<lambda>0:captureLastWeekSnapshots,captureLastWeekSnapshots,,,<empty>,,captureLastWeekSnapshots,,,0,,() => Promise<void>
94489281918,LOCAL,schedulers/weeklyDoraSnapshotScheduler.ts::program:<lambda>0:cron,cron,2,,<empty>,20,cron,,,0,,schedulers/weeklyDoraSnapshotScheduler.ts::program
94489281919,LOCAL,,GoogleGenerativeAI,0,,<empty>,2,GoogleGenerativeAI,,,0,,@google/generative-ai:GoogleGenerativeAI
94489281920,LOCAL,,XLSX,0,,<empty>,3,XLSX,,,0,,services/ai/geminiService.ts::program
94489281921,LOCAL,,getLatestSnapshotByProjectName,0,,<empty>,4,getLatestSnapshotByProjectName,,,0,,(projectName: __ecma.String) => Promise<any>
94489281922,LOCAL,,apiKey,10,,<empty>,16,apiKey,,,0,__ecma.String,__ecma.String
94489281923,LOCAL,,_tmp_0,19,,<empty>,20,_tmp_0,,,0,,@google/generative-ai:GoogleGenerativeAI
94489281924,LOCAL,,_tmp_1,12,,<empty>,33,_tmp_1,,,0,,__ecma.Error
94489281925,LOCAL,,lastError,8,,<empty>,36,lastError,,,0,ANY,ANY
94489281926,LOCAL,,attempt,13,,<empty>,37,attempt,,,0,__ecma.Number,__ecma.Number
94489281927,LOCAL,,model,14,GenerativeModel;GoogleGenerativeAI | __ecma.Null:getGenerativeModel:<returnValue>;__ecma.Null:getGenerativeModel:<returnValue>;@google/generative-ai:GoogleGenerativeAI:getGenerativeModel:<returnValue>,<empty>,40,model,,,0,GenerativeModel,GenerativeModel
94489281928,LOCAL,,_tmp_3,52,,<empty>,40,_tmp_3,,,0,,ANY
94489281929,LOCAL,,result,14,,<empty>,41,result,,,0,GenerateContentResult,GenerateContentResult
94489281930,LOCAL,,response,14,,<empty>,42,response,,,0,EnhancedGenerateContentResponse,EnhancedGenerateContentResponse
94489281931,LOCAL,,waitTime,16,,<empty>,51,waitTime,,,0,__ecma.Number,__ecma.Number
94489281932,LOCAL,,_tmp_6,16,,<empty>,53,_tmp_6,,,0,,__ecma.Promise
94489281933,LOCAL,,_tmp_7,10,,<empty>,61,_tmp_7,,,0,,__ecma.Error
94489281934,LOCAL,,_tmp_8,12,,<empty>,78,_tmp_8,,,0,,__ecma.Error
94489281935,LOCAL,,model,12,GenerativeModel;GoogleGenerativeAI | __ecma.Null:getGenerativeModel:<returnValue>;__ecma.Null:getGenerativeModel:<returnValue>;@google/generative-ai:GoogleGenerativeAI:getGenerativeModel:<returnValue>,<empty>,82,model,,,0,GenerativeModel,GenerativeModel
94489281936,LOCAL,,_tmp_10,50,,<empty>,82,_tmp_10,,,0,,ANY
94489281937,LOCAL,,filePart,12,,<empty>,84,filePart,,,0,{ inlineData: { data: __ecma.String; mimeType: __ecma.String; }; },{ inlineData: { data: __ecma.String; mimeType: __ecma.String; }; }
94489281938,LOCAL,,_tmp_11,23,,<empty>,84,_tmp_11,,,0,,ANY
94489281939,LOCAL,,_tmp_12,20,,<empty>,85,_tmp_12,,,0,,ANY
94489281940,LOCAL,,result,12,,<empty>,91,result,,,0,GenerateContentResult,GenerateContentResult
94489281941,LOCAL,,_tmp_13,49,,<empty>,91,_tmp_13,,,0,,__ecma.Array
94489281942,LOCAL,,response,12,,<empty>,92,response,,,0,EnhancedGenerateContentResponse,EnhancedGenerateContentResponse
94489281943,LOCAL,,_tmp_14,12,,<empty>,96,_tmp_14,,,0,,__ecma.Error
94489281944,LOCAL,,_iterator_0,4,,<empty>,107,_iterator_0,,,0,,ANY
94489281945,LOCAL,,_result_0,4,,<empty>,107,_result_0,,,0,,next:<returnValue>
94489281946,LOCAL,,sheetName,4,__ecma.String;_result_0:value:<returnValue>:<member>(value),<empty>,107,sheetName,,,0,,__ecma.String
94489281947,LOCAL,,sheetData,12,__ecma.Array;services/ai/geminiService.ts::program:GeminiService:buildEnhancedPrompt:<anon-class>2:<indexAccess>,<empty>,108,sheetData,,,0,__ecma.Array,__ecma.Array
94489281948,LOCAL,,_iterator_1,6,,<empty>,109,_iterator_1,,,0,,ANY
94489281949,LOCAL,,_result_1,6,,<empty>,109,_result_1,,,0,,next:<returnValue>
94489281950,LOCAL,,row,6,,<empty>,109,row,,,0,,_result_1:value:<returnValue>:<member>(value)
94489281951,LOCAL,,projectName,16,__ecma.String;services/ai/geminiService.ts::program:GeminiService:extractProjectNameFromExcel:<returnValue>,<empty>,113,projectName,,,0,ANY,__ecma.String
94489281952,LOCAL,,projectSnapshot,12,,<empty>,130,projectSnapshot,,,0,ANY,__ecma.Null
94489281953,LOCAL,,excelDataString,10,__ecma.String;JSON.stringify:<returnValue>,<empty>,156,excelDataString,,,0,__ecma.String,__ecma.String
94489281954,LOCAL,,enhancedPrompt,8,,<empty>,157,enhancedPrompt,,,0,__ecma.String,__ecma.String
94489281955,LOCAL,,snapshotDataString,12,__ecma.String;JSON.stringify:<returnValue>,<empty>,160,snapshotDataString,,,0,__ecma.String,__ecma.String
94489281956,LOCAL,,_tmp_15,48,,<empty>,160,_tmp_15,,,0,,ANY
94489281957,LOCAL,,_tmp_16,22,,<empty>,161,_tmp_16,,,0,,ANY
94489281958,LOCAL,,_tmp_17,24,,<empty>,167,_tmp_17,,,0,,ANY
94489281959,LOCAL,,_tmp_18,28,,<empty>,172,_tmp_18,,,0,,ANY
94489281960,LOCAL,,_tmp_19,20,,<empty>,173,_tmp_19,,,0,,ANY
94489281961,LOCAL,,_tmp_20,23,,<empty>,177,_tmp_20,,,0,,ANY
94489281962,LOCAL,,_tmp_21,27,,<empty>,181,_tmp_21,,,0,,ANY
94489281963,LOCAL,,_tmp_22,12,,<empty>,206,_tmp_22,,,0,,__ecma.Error
94489281964,LOCAL,,buffer,12,Buffer<ArrayBuffer>;Buffer.from:<returnValue>,<empty>,211,buffer,,,0,Buffer<ArrayBuffer>,Buffer<ArrayBuffer>
94489281965,LOCAL,,workbook,12,WorkBook;services/ai/geminiService.ts::program:read:<returnValue>,<empty>,212,workbook,,,0,WorkBook,WorkBook
94489281966,LOCAL,,_tmp_23,41,,<empty>,212,_tmp_23,,,0,,ANY
94489281967,LOCAL,,sheets,12,,<empty>,215,sheets,,,0,{ [key: __ecma.String]: __ecma.Array; },services/ai/geminiService.ts::program:GeminiService:buildEnhancedPrompt:<anon-class>2
94489281968,LOCAL,,_tmp_24,47,,<empty>,215,_tmp_24,,,0,,ANY
94489281969,LOCAL,,worksheet,14,,<empty>,217,worksheet,,,0,WorkSheet,WorkSheet
94489281970,LOCAL,,projectName,12,__ecma.String;services/ai/geminiService.ts::program:GeminiService:extractProjectNameFromExcel:<returnValue>,<empty>,222,projectName,,,0,string | __ecma.Null,__ecma.String
94489281971,LOCAL,,projectSnapshot,10,,<empty>,225,projectSnapshot,,,0,ANY,__ecma.Null
94489281972,LOCAL,,enhancedPrompt,12,,<empty>,233,enhancedPrompt,,,0,__ecma.String,__ecma.String
94489281973,LOCAL,,model,12,GenerativeModel;GoogleGenerativeAI | __ecma.Null:getGenerativeModel:<returnValue>;__ecma.Null:getGenerativeModel:<returnValue>;@google/generative-ai:GoogleGenerativeAI:getGenerativeModel:<returnValue>,<empty>,236,model,,,0,GenerativeModel,GenerativeModel
94489281974,LOCAL,,_tmp_28,50,,<empty>,236,_tmp_28,,,0,,ANY
94489281975,LOCAL,,result,12,,<empty>,237,result,,,0,GenerateContentResult,GenerateContentResult
94489281976,LOCAL,,response,12,,<empty>,238,response,,,0,EnhancedGenerateContentResponse,EnhancedGenerateContentResponse
94489281977,LOCAL,,_tmp_29,12,,<empty>,242,_tmp_29,,,0,,__ecma.Error
94489281978,LOCAL,,GeminiService,0,,<empty>,6,GeminiService,,,0,,services/ai/geminiService.ts::program:GeminiService
94489281979,LOCAL,,_tmp_30,15,,<empty>,266,_tmp_30,,,0,,services/ai/geminiService.ts::program:GeminiService
94489281980,LOCAL,,_tmp_30,15,,<empty>,266,_tmp_30,,,0,,services/ai/geminiService.ts::program:GeminiService
94489281981,LOCAL,,mimeType,4,,<empty>,253,mimeType,,,0,,__ecma.String
94489281982,LOCAL,,error,13,,<empty>,240,error,,,0,,ANY
94489281983,LOCAL,,Error,16,,<empty>,206,Error,,,0,,ErrorConstructor
94489281984,LOCAL,,_tmp_29,12,,<empty>,242,_tmp_29,,,0,,__ecma.Error
94489281985,LOCAL,,console,8,,<empty>,229,console,,,0,,__whatwg.console
94489281986,LOCAL,,_tmp_27,20,GoogleGenerativeAI | __ecma.Null;__ecma.Null;@google/generative-ai:GoogleGenerativeAI,<empty>,236,_tmp_27,,,0,,ANY
94489281987,LOCAL,,_tmp_26,28,,<empty>,218,_tmp_26,,,0,,services/ai/geminiService.ts::program:<member>(utils)
94489281988,LOCAL,services/ai/geminiService.ts::program:GeminiService:generateResponseWithExcel:<lambda>1:XLSX,XLSX,28,,<empty>,218,XLSX,,,0,,services/ai/geminiService.ts::program
94489281989,LOCAL,services/ai/geminiService.ts::program:GeminiService:generateResponseWithExcel:XLSX,XLSX,23,,<empty>,212,XLSX,,,0,,services/ai/geminiService.ts::program
94489281990,LOCAL,services/ai/geminiService.ts::program:GeminiService:generateResponseWithExcel:<lambda>1:sheets,sheets,8,,<empty>,218,sheets,,,0,,services/ai/geminiService.ts::program:GeminiService:buildEnhancedPrompt:<anon-class>2
94489281991,LOCAL,services/ai/geminiService.ts::program:GeminiService:generateResponseWithExcel:<lambda>1:workbook,workbook,26,WorkBook;services/ai/geminiService.ts::program:read:<returnValue>,<empty>,217,workbook,,,0,,WorkBook
94489281992,LOCAL,,_tmp_25,6,WorkBook:<member>(SheetNames);services/ai/geminiService.ts::program:read:<returnValue>:<member>(SheetNames),<empty>,216,_tmp_25,,,0,,ANY
94489281993,LOCAL,,_tmp_22,12,,<empty>,206,_tmp_22,,,0,,__ecma.Error
94489281994,LOCAL,,error,13,,<empty>,138,error,,,0,,ANY
94489281995,LOCAL,,console,4,,<empty>,128,console,,,0,,__whatwg.console
94489281996,LOCAL,services/ai/geminiService.ts::program:GeminiService:fetchProjectSnapshot:getLatestSnapshotByProjectName,getLatestSnapshotByProjectName,36,,<empty>,130,getLatestSnapshotByProjectName,,,0,,(projectName: __ecma.String) => Promise<any>
94489281997,LOCAL,,row,6,,<empty>,109,row,,,0,,_result_1:value:<returnValue>:<member>(value)
94489281998,LOCAL,,_result_1,6,,<empty>,109,_result_1,,,0,,next:<returnValue>
94489281999,LOCAL,,_iterator_1,6,,<empty>,109,_iterator_1,,,0,,ANY
94489282000,LOCAL,,sheetName,4,__ecma.String;_result_0:value:<returnValue>:<member>(value),<empty>,107,sheetName,,,0,,__ecma.String
94489282001,LOCAL,,_result_0,4,,<empty>,107,_result_0,,,0,,next:<returnValue>
94489282002,LOCAL,,_iterator_0,4,,<empty>,107,_iterator_0,,,0,,ANY
94489282003,LOCAL,,error,13,,<empty>,94,error,,,0,,ANY
94489282004,LOCAL,,Error,16,,<empty>,78,Error,,,0,,ErrorConstructor
94489282005,LOCAL,,_tmp_14,12,,<empty>,96,_tmp_14,,,0,,__ecma.Error
94489282006,LOCAL,,console,6,,<empty>,95,console,,,0,,__whatwg.console
94489282007,LOCAL,,_tmp_13,49,,<empty>,91,_tmp_13,,,0,,__ecma.Array
94489282008,LOCAL,,_tmp_9,20,GoogleGenerativeAI | __ecma.Null;__ecma.Null;@google/generative-ai:GoogleGenerativeAI,<empty>,82,_tmp_9,,,0,,ANY
94489282009,LOCAL,,_tmp_8,12,,<empty>,78,_tmp_8,,,0,,__ecma.Error
94489282010,LOCAL,,maxRetries,45,,<empty>,29,maxRetries,,,0,,__ecma.Number
94489282011,LOCAL,,Error,16,,<empty>,33,Error,,,0,,ErrorConstructor
94489282012,LOCAL,,_tmp_7,10,,<empty>,61,_tmp_7,,,0,,__ecma.Error
94489282013,LOCAL,services/ai/geminiService.ts::program:GeminiService:generateTextResponse:<lambda>0:waitTime,waitTime,59,,<empty>,53,waitTime,,,0,,__ecma.Number
94489282014,LOCAL,,setTimeout,39,,<empty>,53,setTimeout,,,0,,setTimeout
94489282015,LOCAL,,Promise,20,,<empty>,53,Promise,,,0,,PromiseConstructor
94489282016,LOCAL,,_tmp_6,16,,<empty>,53,_tmp_6,,,0,,__ecma.Promise
94489282017,LOCAL,,console,8,,<empty>,39,console,,,0,,__whatwg.console
94489282018,LOCAL,,Math,27,,<empty>,51,Math,,,0,,__ecma.Math
94489282019,LOCAL,,_tmp_5,79,,<empty>,50,_tmp_5,,,0,,error:message:<returnValue>:<member>(message)
94489282020,LOCAL,,error,15,,<empty>,45,error,,,0,,ANY
94489282021,LOCAL,,_tmp_4,37,,<empty>,50,_tmp_4,,,0,,error:message:<returnValue>:<member>(message)
94489282022,LOCAL,,_tmp_2,22,GoogleGenerativeAI | __ecma.Null;__ecma.Null;@google/generative-ai:GoogleGenerativeAI,<empty>,40,_tmp_2,,,0,,ANY
94489282023,LOCAL,,_tmp_1,12,,<empty>,33,_tmp_1,,,0,,__ecma.Error
94489282024,LOCAL,,console,6,,<empty>,18,console,,,0,,__whatwg.console
94489282025,LOCAL,services/ai/geminiService.ts::program:GeminiService:initialize:GoogleGenerativeAI,GoogleGenerativeAI,23,,<empty>,20,GoogleGenerativeAI,,,0,,@google/generative-ai:GoogleGenerativeAI
94489282026,LOCAL,,_tmp_0,19,,<empty>,20,_tmp_0,,,0,,@google/generative-ai:GoogleGenerativeAI
94489282027,LOCAL,,process,19,,<empty>,16,process,,,0,,Process
94489282028,LOCAL,,initialized,10,,<empty>,8,initialized,,,0,,__ecma.Boolean
94489282029,LOCAL,,genAI,10,GoogleGenerativeAI | __ecma.Null;__ecma.Null;@google/generative-ai:GoogleGenerativeAI,<empty>,7,genAI,,,0,,ANY
94489282030,LOCAL,,axios,0,,<empty>,2,axios,,,0,,AxiosStatic
94489282031,LOCAL,,match,10,RegExpMatchArray | __ecma.Null;__ecma.String:match:<returnValue>,<empty>,11,match,,,0,RegExpMatchArray | __ecma.Null,RegExpMatchArray | __ecma.Null
94489282032,LOCAL,,_tmp_0,12,,<empty>,13,_tmp_0,,,0,,__ecma.Error
94489282033,LOCAL,,spreadsheetId,12,__ecma.String;RegExpMatchArray | __ecma.Null:<operator>.indexAccess:<returnValue>;__ecma.String:match:<returnValue>:<operator>.indexAccess:<returnValue>,<empty>,25,spreadsheetId,,,0,__ecma.String,__ecma.String
94489282034,LOCAL,,exportUrl,12,,<empty>,28,exportUrl,,,0,__ecma.String,__ecma.String
94489282035,LOCAL,,response,12,,<empty>,32,response,,,0,"AxiosResponse<any, ANY, __ecma.Object>","AxiosResponse<any, ANY, __ecma.Object>"
94489282036,LOCAL,,_tmp_1,50,,<empty>,32,_tmp_1,,,0,,ANY
94489282037,LOCAL,,base64,12,,<empty>,38,base64,,,0,__ecma.String,__ecma.String
94489282038,LOCAL,,_tmp_4,12,,<empty>,45,_tmp_4,,,0,,__ecma.Error
94489282039,LOCAL,,GoogleSheetsService,0,,<empty>,4,GoogleSheetsService,,,0,,services/ai/googleSheetsService.ts::program:GoogleSheetsService
94489282040,LOCAL,,_tmp_5,15,,<empty>,50,_tmp_5,,,0,,services/ai/googleSheetsService.ts::program:GoogleSheetsService
94489282041,LOCAL,,_tmp_5,15,,<empty>,50,_tmp_5,,,0,,services/ai/googleSheetsService.ts::program:GoogleSheetsService
94489282042,LOCAL,,error,13,,<empty>,43,error,,,0,,ANY
94489282043,LOCAL,,Error,16,,<empty>,45,Error,,,0,,ErrorConstructor
94489282044,LOCAL,,_tmp_4,12,,<empty>,45,_tmp_4,,,0,,__ecma.Error
94489282045,LOCAL,,console,6,,<empty>,30,console,,,0,,__whatwg.console
94489282046,LOCAL,,_tmp_3,62,,<empty>,40,_tmp_3,,,0,,ANY
94489282047,LOCAL,,_tmp_2,21,,<empty>,38,_tmp_2,,,0,,Buffer.from:<returnValue>
94489282048,LOCAL,services/ai/googleSheetsService.ts::program:GoogleSheetsService:downloadAsExcel:axios,axios,29,,<empty>,32,axios,,,0,,AxiosStatic
94489282049,LOCAL,,Error,16,,<empty>,13,Error,,,0,,ErrorConstructor
94489282050,LOCAL,,_tmp_0,12,,<empty>,13,_tmp_0,,,0,,__ecma.Error
94489282051,LOCAL,,extractSectionScore,6,,<empty>,6,extractSectionScore,,,0,"(detailedCalc: __ecma.String, sectionName: __ecma.String) => __ecma.Number | __ecma.Null","(detailedCalc: __ecma.String, sectionName: __ecma.String) => __ecma.Number | __ecma.Null"
94489282052,LOCAL,,sectionRegex,8,RegExpConstructor;__ecma.RegExp,<empty>,8,sectionRegex,,,0,RegExp,RegExpConstructor
94489282053,LOCAL,,_tmp_0,23,,<empty>,8,_tmp_0,,,0,,__ecma.RegExp
94489282054,LOCAL,,sectionMatch,8,RegExpMatchArray | __ecma.Null;__ecma.String:match:<returnValue>,<empty>,9,sectionMatch,,,0,RegExpMatchArray | __ecma.Null,RegExpMatchArray | __ecma.Null
94489282055,LOCAL,,calculationLine,10,__ecma.String;RegExpMatchArray | __ecma.Null:<indexAccess>;__ecma.String:match:<returnValue>:<indexAccess>,<empty>,12,calculationLine,,,0,__ecma.String,__ecma.String
94489282056,LOCAL,,boldMatch,10,RegExpMatchArray | __ecma.Null;__ecma.String:match:<returnValue>;RegExpMatchArray | __ecma.Null:<indexAccess>:match:<returnValue>;__ecma.String:match:<returnValue>:<indexAccess>:match:<returnValue>,<empty>,16,boldMatch,,,0,RegExpMatchArray | __ecma.Null,RegExpMatchArray | __ecma.Null
94489282057,LOCAL,,score,12,__ecma.Number;parseFloat:<returnValue>,<empty>,18,score,,,0,__ecma.Number,__ecma.Number
94489282058,LOCAL,,numbers,10,RegExpMatchArray | __ecma.Null;__ecma.String:match:<returnValue>;RegExpMatchArray | __ecma.Null:<indexAccess>:match:<returnValue>;__ecma.String:match:<returnValue>:<indexAccess>:match:<returnValue>,<empty>,24,numbers,,,0,RegExpMatchArray | __ecma.Null,RegExpMatchArray | __ecma.Null
94489282059,LOCAL,,lastNumber,12,,<empty>,26,lastNumber,,,0,RegExpMatchArray | __ecma.Null,RegExpMatchArray | __ecma.Null
94489282060,LOCAL,,score,14,__ecma.Number;parseFloat:<returnValue>,<empty>,28,score,,,0,__ecma.Number,__ecma.Number
94489282061,LOCAL,,directNumber,10,RegExpMatchArray | __ecma.Null;__ecma.String:match:<returnValue>;RegExpMatchArray | __ecma.Null:<indexAccess>:match:<returnValue>;__ecma.String:match:<returnValue>:<indexAccess>:match:<returnValue>,<empty>,35,directNumber,,,0,RegExpMatchArray | __ecma.Null,RegExpMatchArray | __ecma.Null
94489282062,LOCAL,,score,12,__ecma.Number;parseFloat:<returnValue>,<empty>,18,score,,,0,__ecma.Number,__ecma.Number
94489282063,LOCAL,,cleanJsonString,6,,<empty>,50,cleanJsonString,,,0,(jsonStr: __ecma.String) => __ecma.String,(jsonStr: __ecma.String) => __ecma.String
94489282064,LOCAL,,cleaned,6,__ecma.String;__ecma.String:replace:<returnValue>,<empty>,52,cleaned,,,0,__ecma.String,__ecma.String
94489282065,LOCAL,,parseAndCorrectInsights,13,,<empty>,63,parseAndCorrectInsights,,,0,(rawResponse: __ecma.String) => ANY,(rawResponse: __ecma.String) => ANY
94489282066,LOCAL,,jsonMatch,10,RegExpMatchArray | __ecma.Null;__ecma.String:match:<returnValue>,<empty>,66,jsonMatch,,,0,RegExpMatchArray | __ecma.Null,RegExpMatchArray | __ecma.Null
94489282067,LOCAL,,jsonString,8,__ecma.String;__ecma.String:replace:<returnValue>;__ecma.String:replace:<returnValue>:replace:<returnValue>,<empty>,67,jsonString,,,0,__ecma.String,__ecma.String
94489282068,LOCAL,,parsed,8,,<empty>,77,parsed,,,0,ANY,JSON.parse:<returnValue>
94489282069,LOCAL,,detailedCalc,10,__ecma.String;parsed:detailed_calculations:<returnValue>:<member>(detailed_calculations),<empty>,105,detailedCalc,,,0,ANY,__ecma.String
94489282070,LOCAL,,correctedScore,12,__ecma.Number;parseFloat:<returnValue>,<empty>,111,correctedScore,,,0,ANY,__ecma.Number
94489282071,LOCAL,,sectionName,14,,<empty>,112,sectionName,,,0,ANY,__ecma.String
94489282072,LOCAL,,_tmp_4,15,,<empty>,133,_tmp_4,,,0,,ANY
94489282073,LOCAL,,finalUserRegex,8,RegExpConstructor;__ecma.String,<empty>,142,finalUserRegex,,,0,RegExp,RegExpConstructor
94489282074,LOCAL,,finalUserMatch,8,,<empty>,143,finalUserMatch,,,0,ANY,__ecma.String:match:<returnValue>
94489282075,LOCAL,,calculationLine,12,__ecma.String;RegExpMatchArray | __ecma.Null:<indexAccess>;__ecma.String:match:<returnValue>:<indexAccess>,<empty>,145,calculationLine,,,0,ANY,__ecma.String
94489282076,LOCAL,,numbers,12,RegExpMatchArray | __ecma.Null;__ecma.String:match:<returnValue>;RegExpMatchArray | __ecma.Null:<indexAccess>:match:<returnValue>;__ecma.String:match:<returnValue>:<indexAccess>:match:<returnValue>,<empty>,149,numbers,,,0,ANY,RegExpMatchArray | __ecma.Null
94489282077,LOCAL,,lastNumber,14,,<empty>,151,lastNumber,,,0,ANY,RegExpMatchArray | __ecma.Null
94489282078,LOCAL,,roundedMatch,14,__ecma.String:match:<returnValue>;RegExpMatchArray | __ecma.Null:<indexAccess>:match:<returnValue>;__ecma.String:match:<returnValue>:<indexAccess>:match:<returnValue>,<empty>,158,roundedMatch,,,0,ANY,ANY
94489282079,LOCAL,,finalUserBoldRegex,12,RegExpConstructor;__ecma.String,<empty>,168,finalUserBoldRegex,,,0,RegExp,RegExpConstructor
94489282080,LOCAL,,finalUserBoldMatch,12,,<empty>,169,finalUserBoldMatch,,,0,ANY,__ecma.String:match:<returnValue>
94489282081,LOCAL,,apiScoreRegex,10,RegExpConstructor;__ecma.String,<empty>,177,apiScoreRegex,,,0,RegExp,RegExpConstructor
94489282082,LOCAL,,apiScoreMatch,10,,<empty>,178,apiScoreMatch,,,0,ANY,__ecma.String:match:<returnValue>
94489282083,LOCAL,,calculationLine,12,__ecma.String;RegExpMatchArray | __ecma.Null:<indexAccess>;__ecma.String:match:<returnValue>:<indexAccess>,<empty>,180,calculationLine,,,0,ANY,__ecma.String
94489282084,LOCAL,,numbers,12,RegExpMatchArray | __ecma.Null;__ecma.String:match:<returnValue>;RegExpMatchArray | __ecma.Null:<indexAccess>:match:<returnValue>;__ecma.String:match:<returnValue>:<indexAccess>:match:<returnValue>,<empty>,184,numbers,,,0,ANY,RegExpMatchArray | __ecma.Null
94489282085,LOCAL,,lastNumber,14,,<empty>,186,lastNumber,,,0,ANY,RegExpMatchArray | __ecma.Null
94489282086,LOCAL,,_tmp_7,54,,<empty>,188,_tmp_7,,,0,,ANY
94489282087,LOCAL,,roundedMatch,14,__ecma.String:match:<returnValue>;RegExpMatchArray | __ecma.Null:<indexAccess>:match:<returnValue>;__ecma.String:match:<returnValue>:<indexAccess>:match:<returnValue>,<empty>,194,roundedMatch,,,0,ANY,ANY
94489282088,LOCAL,,_tmp_8,54,,<empty>,196,_tmp_8,,,0,,ANY
94489282089,LOCAL,,combinedRegex,8,RegExpConstructor;__ecma.String,<empty>,205,combinedRegex,,,0,RegExp,RegExpConstructor
94489282090,LOCAL,,combinedMatch,8,,<empty>,206,combinedMatch,,,0,ANY,__ecma.String:match:<returnValue>
94489282091,LOCAL,,calculationLine,12,__ecma.String;RegExpMatchArray | __ecma.Null:<indexAccess>;__ecma.String:match:<returnValue>:<indexAccess>,<empty>,145,calculationLine,,,0,ANY,__ecma.String
94489282092,LOCAL,,numbers,12,RegExpMatchArray | __ecma.Null;__ecma.String:match:<returnValue>;RegExpMatchArray | __ecma.Null:<indexAccess>:match:<returnValue>;__ecma.String:match:<returnValue>:<indexAccess>:match:<returnValue>,<empty>,149,numbers,,,0,ANY,RegExpMatchArray | __ecma.Null
94489282093,LOCAL,,lastNumber,14,,<empty>,151,lastNumber,,,0,ANY,RegExpMatchArray | __ecma.Null
94489282094,LOCAL,,roundedMatch,14,__ecma.String:match:<returnValue>;RegExpMatchArray | __ecma.Null:<indexAccess>:match:<returnValue>;__ecma.String:match:<returnValue>:<indexAccess>:match:<returnValue>,<empty>,158,roundedMatch,,,0,ANY,ANY
94489282095,LOCAL,,combinedBoldRegex,12,RegExpConstructor;__ecma.String,<empty>,231,combinedBoldRegex,,,0,RegExp,RegExpConstructor
94489282096,LOCAL,,combinedBoldMatch,12,,<empty>,232,combinedBoldMatch,,,0,ANY,__ecma.String:match:<returnValue>
94489282097,LOCAL,,position,12,__ecma.Number;parseInt:<returnValue>,<empty>,254,position,,,0,__ecma.Number,__ecma.Number
94489282098,LOCAL,,jsonMatch,10,RegExpMatchArray | __ecma.Null;__ecma.String:match:<returnValue>,<empty>,66,jsonMatch,,,0,RegExpMatchArray | __ecma.Null,RegExpMatchArray | __ecma.Null
94489282099,LOCAL,,jsonString,12,__ecma.String;__ecma.String:replace:<returnValue>;__ecma.String:replace:<returnValue>:replace:<returnValue>,<empty>,256,jsonString,,,0,__ecma.String,__ecma.String
94489282100,LOCAL,,start,12,__ecma.Number;__ecma.Math:max:<returnValue>,<empty>,258,start,,,0,__ecma.Number,__ecma.Number
94489282101,LOCAL,,end,12,__ecma.Number;__ecma.Math:min:<returnValue>,<empty>,259,end,,,0,__ecma.Number,__ecma.Number
94489282102,LOCAL,,_tmp_15,10,,<empty>,265,_tmp_15,,,0,,__ecma.Error
94489282103,LOCAL,,error,11,,<empty>,249,error,,,0,,ANY
94489282104,LOCAL,,Error,14,,<empty>,265,Error,,,0,,ErrorConstructor
94489282105,LOCAL,,_tmp_15,10,,<empty>,265,_tmp_15,,,0,,__ecma.Error
94489282106,LOCAL,,Math,20,,<empty>,258,Math,,,0,,__ecma.Math
94489282107,LOCAL,,_tmp_14,29,,<empty>,262,_tmp_14,,,0,,__ecma.String
94489282108,LOCAL,,console,4,,<empty>,69,console,,,0,,__whatwg.console
94489282109,LOCAL,,_tmp_13,32,,<empty>,254,_tmp_13,,,0,,error:message:<returnValue>:<member>(message)
94489282110,LOCAL,,_tmp_12,8,,<empty>,253,_tmp_12,,,0,,error:message:<returnValue>:<member>(message)
94489282111,LOCAL,,_tmp_11,16,,<empty>,245,_tmp_11,,,0,,__ecma.String
94489282112,LOCAL,,_tmp_10,16,,<empty>,240,_tmp_10,,,0,,__ecma.String
94489282113,LOCAL,,_tmp_9,27,,<empty>,214,_tmp_9,,,0,,ANY
94489282114,LOCAL,,_tmp_6,27,,<empty>,186,_tmp_6,,,0,,ANY
94489282115,LOCAL,,_tmp_5,27,,<empty>,151,_tmp_5,,,0,,ANY
94489282116,LOCAL,services/ai/insightsParser.ts::program:<lambda>2:<lambda>3:detailedCalc,detailedCalc,47,__ecma.String;parsed:detailed_calculations:<returnValue>:<member>(detailed_calculations),<empty>,116,detailedCalc,,,0,,__ecma.String
94489282117,LOCAL,services/ai/insightsParser.ts::program:<lambda>2:<lambda>3:extractSectionScore,extractSectionScore,27,,<empty>,116,extractSectionScore,,,0,,"(detailedCalc: __ecma.String, sectionName: __ecma.String) => __ecma.Number | __ecma.Null"
94489282118,LOCAL,services/ai/insightsParser.ts::program:<lambda>2:extractSectionScore,extractSectionScore,,,<empty>,,extractSectionScore,,,0,,"(detailedCalc: __ecma.String, sectionName: __ecma.String) => __ecma.Number | __ecma.Null"
94489282119,LOCAL,,_tmp_3,28,,<empty>,112,_tmp_3,,,0,,section:name:<returnValue>:<member>(name)
94489282120,LOCAL,,_tmp_2,30,,<empty>,110,_tmp_2,,,0,,JSON.parse:<returnValue>:<member>(section_scores)
94489282121,LOCAL,,Array,33,,<empty>,109,Array,,,0,,ArrayConstructor
94489282122,LOCAL,,parseError,13,,<empty>,80,parseError,,,0,,ANY
94489282123,LOCAL,services/ai/insightsParser.ts::program:<lambda>2:cleanJsonString,cleanJsonString,17,,<empty>,72,cleanJsonString,,,0,,(jsonStr: __ecma.String) => __ecma.String
94489282124,LOCAL,,console,4,,<empty>,13,console,,,0,,__whatwg.console
94489282125,LOCAL,,_tmp_1,25,,<empty>,26,_tmp_1,,,0,,ANY
94489282126,LOCAL,,RegExp,27,,<empty>,8,RegExp,,,0,,RegExpConstructor
94489282127,LOCAL,,_tmp_0,23,,<empty>,8,_tmp_0,,,0,,__ecma.RegExp
94489282128,LOCAL,,geminiService,0,services/ai/geminiService.ts::program:GeminiService;GeminiService,<empty>,2,geminiService,,,0,,ANY
94489282129,LOCAL,,googleSheetsService,0,services/ai/googleSheetsService.ts::program:GoogleSheetsService;GoogleSheetsService,<empty>,3,googleSheetsService,,,0,,ANY
94489282130,LOCAL,,getLatestSnapshotByProjectName,0,,<empty>,4,getLatestSnapshotByProjectName,,,0,,(projectName: __ecma.String) => Promise<any>
94489282131,LOCAL,,XLSX,0,,<empty>,5,XLSX,,,0,,services/ai/projectInsightsService.ts::program
94489282132,LOCAL,,fs,0,,<empty>,6,fs,,,0,,services/ai/projectInsightsService.ts::program
94489282133,LOCAL,,path,0,,<empty>,7,path,,,0,,PlatformPath
94489282134,LOCAL,,prompt,12,__ecma.String;services/ai/projectInsightsService.ts::program:readFileSync:<returnValue>,<empty>,18,prompt,,,0,__ecma.String,__ecma.String
94489282135,LOCAL,,_tmp_0,12,,<empty>,22,_tmp_0,,,0,,__ecma.Error
94489282136,LOCAL,,_iterator_0,4,,<empty>,36,_iterator_0,,,0,,ANY
94489282137,LOCAL,,_result_0,4,,<empty>,36,_result_0,,,0,,next:<returnValue>
94489282138,LOCAL,,sheetName,4,__ecma.String;_result_0:value:<returnValue>:<member>(value),<empty>,36,sheetName,,,0,,__ecma.String
94489282139,LOCAL,,sheetData,12,__ecma.Array;services/ai/projectInsightsService.ts::program:ProjectInsightsService:extractProjectRow:<anon-class>0:<indexAccess>,<empty>,37,sheetData,,,0,__ecma.Array,__ecma.Array
94489282140,LOCAL,,_iterator_1,6,,<empty>,38,_iterator_1,,,0,,ANY
94489282141,LOCAL,,_result_1,6,,<empty>,38,_result_1,,,0,,next:<returnValue>
94489282142,LOCAL,,row,6,,<empty>,38,row,,,0,,_result_1:value:<returnValue>:<member>(value)
94489282143,LOCAL,,rowProjectName,14,,<empty>,40,rowProjectName,,,0,ANY,ANY
94489282144,LOCAL,,_tmp_1,17,,<empty>,51,_tmp_1,,,0,,ANY
94489282145,LOCAL,,prompt,8,__ecma.String;services/ai/projectInsightsService.ts::program:readFileSync:<returnValue>,<empty>,73,prompt,,,0,__ecma.String,__ecma.String
94489282146,LOCAL,,apiMetrics,12,,<empty>,83,apiMetrics,,,0,{ project_info: { name: ANY; full_path: ANY; last_activity_at: ANY; snapshot_date: ANY; }; gitlab_metrics: { open_issues: ANY; open_mrs: ANY; open_milestones: ANY; }; sonarcloud_metrics: { security_high: ANY; ... 4 more ...; maintainability_blocker: ANY; }; },{ project_info: { name: ANY; full_path: ANY; last_activity_at: ANY; snapshot_date: ANY; }; gitlab_metrics: { open_issues: ANY; open_mrs: ANY; open_milestones: ANY; }; sonarcloud_metrics: { security_high: ANY; ... 4 more ...; maintainability_blocker: ANY; }; }
94489282147,LOCAL,,_tmp_2,25,,<empty>,83,_tmp_2,,,0,,ANY
94489282148,LOCAL,,_tmp_3,22,,<empty>,84,_tmp_3,,,0,,ANY
94489282149,LOCAL,,_tmp_4,24,,<empty>,90,_tmp_4,,,0,,ANY
94489282150,LOCAL,,_tmp_5,28,,<empty>,95,_tmp_5,,,0,,ANY
94489282151,LOCAL,,basePrompt,12,,<empty>,123,basePrompt,,,0,__ecma.String,__ecma.String
94489282152,LOCAL,,excelBase64,12,,<empty>,127,excelBase64,,,0,__ecma.String,__ecma.String
94489282153,LOCAL,,buffer,12,Buffer<ArrayBuffer>;Buffer.from:<returnValue>,<empty>,130,buffer,,,0,Buffer<ArrayBuffer>,Buffer<ArrayBuffer>
94489282154,LOCAL,,workbook,12,WorkBook;services/ai/projectInsightsService.ts::program:read:<returnValue>,<empty>,131,workbook,,,0,WorkBook,WorkBook
94489282155,LOCAL,,_tmp_6,41,,<empty>,131,_tmp_6,,,0,,ANY
94489282156,LOCAL,,sheets,12,,<empty>,132,sheets,,,0,{ [key: __ecma.String]: __ecma.Array; },services/ai/projectInsightsService.ts::program:ProjectInsightsService:extractProjectRow:<anon-class>0
94489282157,LOCAL,,_tmp_7,47,,<empty>,132,_tmp_7,,,0,,ANY
94489282158,LOCAL,,worksheet,14,,<empty>,134,worksheet,,,0,WorkSheet,WorkSheet
94489282159,LOCAL,,projectRow,12,,<empty>,139,projectRow,,,0,ANY,services/ai/projectInsightsService.ts::program:ProjectInsightsService:extractProjectRow:<returnValue>
94489282160,LOCAL,,_tmp_10,14,,<empty>,141,_tmp_10,,,0,,__ecma.Error
94489282161,LOCAL,,projectSnapshot,12,,<empty>,146,projectSnapshot,,,0,ANY,ANY
94489282162,LOCAL,,enhancedPrompt,12,__ecma.String;services/ai/projectInsightsService.ts::program:readFileSync:<returnValue>,<empty>,152,enhancedPrompt,,,0,__ecma.String,__ecma.String
94489282163,LOCAL,,insights,12,,<empty>,161,insights,,,0,__ecma.String,__ecma.String
94489282164,LOCAL,,ProjectInsightsService,0,,<empty>,9,ProjectInsightsService,,,0,,services/ai/projectInsightsService.ts::program:ProjectInsightsService
94489282165,LOCAL,,_tmp_11,15,,<empty>,172,_tmp_11,,,0,,services/ai/projectInsightsService.ts::program:ProjectInsightsService
94489282166,LOCAL,,_tmp_11,15,,<empty>,172,_tmp_11,,,0,,services/ai/projectInsightsService.ts::program:ProjectInsightsService
94489282167,LOCAL,,error,13,,<empty>,165,error,,,0,,ANY
94489282168,LOCAL,,console,6,,<empty>,120,console,,,0,,__whatwg.console
94489282169,LOCAL,services/ai/projectInsightsService.ts::program:ProjectInsightsService:generateInsights:geminiService,geminiService,29,services/ai/geminiService.ts::program:GeminiService;GeminiService,<empty>,161,geminiService,,,0,,ANY
94489282170,LOCAL,services/ai/projectInsightsService.ts::program:ProjectInsightsService:generateInsights:getLatestSnapshotByProjectName,getLatestSnapshotByProjectName,36,,<empty>,146,getLatestSnapshotByProjectName,,,0,,(projectName: __ecma.String) => Promise<any>
94489282171,LOCAL,,Error,18,,<empty>,141,Error,,,0,,ErrorConstructor
94489282172,LOCAL,,_tmp_10,14,,<empty>,141,_tmp_10,,,0,,__ecma.Error
94489282173,LOCAL,,_tmp_9,28,,<empty>,135,_tmp_9,,,0,,services/ai/projectInsightsService.ts::program:<member>(utils)
94489282174,LOCAL,services/ai/projectInsightsService.ts::program:ProjectInsightsService:generateInsights:<lambda>0:XLSX,XLSX,28,,<empty>,135,XLSX,,,0,,services/ai/projectInsightsService.ts::program
94489282175,LOCAL,services/ai/projectInsightsService.ts::program:ProjectInsightsService:generateInsights:XLSX,XLSX,23,,<empty>,131,XLSX,,,0,,services/ai/projectInsightsService.ts::program
94489282176,LOCAL,services/ai/projectInsightsService.ts::program:ProjectInsightsService:generateInsights:<lambda>0:sheets,sheets,8,,<empty>,135,sheets,,,0,,services/ai/projectInsightsService.ts::program:ProjectInsightsService:extractProjectRow:<anon-class>0
94489282177,LOCAL,services/ai/projectInsightsService.ts::program:ProjectInsightsService:generateInsights:<lambda>0:workbook,workbook,26,WorkBook;services/ai/projectInsightsService.ts::program:read:<returnValue>,<empty>,134,workbook,,,0,,WorkBook
94489282178,LOCAL,,_tmp_8,6,WorkBook:<member>(SheetNames);services/ai/projectInsightsService.ts::program:read:<returnValue>:<member>(SheetNames),<empty>,133,_tmp_8,,,0,,ANY
94489282179,LOCAL,services/ai/projectInsightsService.ts::program:ProjectInsightsService:generateInsights:googleSheetsService,googleSheetsService,32,services/ai/googleSheetsService.ts::program:GoogleSheetsService;GoogleSheetsService,<empty>,127,googleSheetsService,,,0,,ANY
94489282180,LOCAL,,console,10,,<empty>,50,console,,,0,,__whatwg.console
94489282181,LOCAL,,row,6,,<empty>,38,row,,,0,,_result_1:value:<returnValue>:<member>(value)
94489282182,LOCAL,,sheetName,4,__ecma.String;_result_0:value:<returnValue>:<member>(value),<empty>,36,sheetName,,,0,,__ecma.String
94489282183,LOCAL,,_result_1,6,,<empty>,38,_result_1,,,0,,next:<returnValue>
94489282184,LOCAL,,_iterator_1,6,,<empty>,38,_iterator_1,,,0,,ANY
94489282185,LOCAL,,_result_0,4,,<empty>,36,_result_0,,,0,,next:<returnValue>
94489282186,LOCAL,,_iterator_0,4,,<empty>,36,_iterator_0,,,0,,ANY
94489282187,LOCAL,,Error,16,,<empty>,22,Error,,,0,,ErrorConstructor
94489282188,LOCAL,,_tmp_0,12,,<empty>,22,_tmp_0,,,0,,__ecma.Error
94489282189,LOCAL,,error,13,,<empty>,20,error,,,0,,ANY
94489282190,LOCAL,,console,6,,<empty>,21,console,,,0,,__whatwg.console
94489282191,LOCAL,services/ai/projectInsightsService.ts::program:ProjectInsightsService:loadPrompt:fs,fs,21,,<empty>,18,fs,,,0,,services/ai/projectInsightsService.ts::program
94489282192,LOCAL,,__dirname,48,,<empty>,11,__dirname,,,0,,__ecma.String
94489282193,LOCAL,services/ai/projectInsightsService.ts::program:ProjectInsightsService:<init>:path,path,38,,<empty>,11,path,,,0,,PlatformPath
94489282194,LOCAL,,PROMPT_FILE_PATH,19,__ecma.String;PlatformPath:join:<returnValue>,<empty>,11,PROMPT_FILE_PATH,,,0,,__ecma.String
94489282195,LOCAL,,GOOGLE_SHEET_URL,19,,<empty>,10,GOOGLE_SHEET_URL,,,0,,__ecma.String
94489282196,LOCAL,,GitLabCommit,0,,<empty>,4,GitLabCommit,,,0,,ANY
94489282197,LOCAL,,CommitMetricsCalculationResult,0,,<empty>,5,CommitMetricsCalculationResult,,,0,,ANY
94489282198,LOCAL,,ContributorCommitData,0,,<empty>,5,ContributorCommitData,,,0,,ANY
94489282199,LOCAL,,commitSizeResult,10,,<empty>,22,commitSizeResult,,,0,{ total_lines_changed: __ecma.Number; commits_analyzed: __ecma.Number; avg_commit_size: __ecma.Number; },{ total_lines_changed: __ecma.Number; commits_analyzed: __ecma.Number; avg_commit_size: __ecma.Number; }
94489282200,LOCAL,,linesResult,10,,<empty>,25,linesResult,,,0,{ total_lines_added: __ecma.Number; total_lines_deleted: __ecma.Number; lines_added_deleted_ratio: __ecma.Number; },{ total_lines_added: __ecma.Number; total_lines_deleted: __ecma.Number; lines_added_deleted_ratio: __ecma.Number; }
94489282201,LOCAL,,commits_per_week,10,__ecma.Number;__ecma.Array:<member>(length),<empty>,28,commits_per_week,,,0,__ecma.Number,__ecma.Number
94489282202,LOCAL,,busFactorResult,10,,<empty>,31,busFactorResult,,,0,{ total_contributors: __ecma.Number; contributors_above_50_percent: __ecma.Number; bus_factor: __ecma.Number; },{ total_contributors: __ecma.Number; contributors_above_50_percent: __ecma.Number; bus_factor: __ecma.Number; }
94489282203,LOCAL,,commit_details,10,,<empty>,34,commit_details,,,0,__ecma.Array,__ecma.Array
94489282204,LOCAL,,_tmp_1,77,,<empty>,34,_tmp_1,,,0,,ANY
94489282205,LOCAL,,_tmp_2,11,,<empty>,42,_tmp_2,,,0,,ANY
94489282206,LOCAL,,total_lines_changed,8,,<empty>,62,total_lines_changed,,,0,__ecma.Number,__ecma.Number
94489282207,LOCAL,,commits_analyzed,8,,<empty>,63,commits_analyzed,,,0,__ecma.Number,__ecma.Number
94489282208,LOCAL,,additions,14,,<empty>,67,additions,,,0,ANY,ANY
94489282209,LOCAL,,deletions,14,,<empty>,68,deletions,,,0,ANY,ANY
94489282210,LOCAL,,avg_commit_size,10,,<empty>,74,avg_commit_size,,,0,__ecma.Number,__ecma.Number
94489282211,LOCAL,,_tmp_3,11,,<empty>,80,_tmp_3,,,0,,ANY
94489282212,LOCAL,,total_lines_added,8,,<empty>,91,total_lines_added,,,0,__ecma.Number,__ecma.Number
94489282213,LOCAL,,total_lines_deleted,8,,<empty>,92,total_lines_deleted,,,0,__ecma.Number,__ecma.Number
94489282214,LOCAL,,lines_added_deleted_ratio,10,,<empty>,101,lines_added_deleted_ratio,,,0,__ecma.Number,__ecma.Number
94489282215,LOCAL,,_tmp_4,11,,<empty>,107,_tmp_4,,,0,,ANY
94489282216,LOCAL,,contributorMap,10,"Map<string, ContributorCommitData>;__ecma.Map",<empty>,119,contributorMap,,,0,"Map<string, ContributorCommitData>",ANY
94489282217,LOCAL,,_tmp_5,27,,<empty>,119,_tmp_5,,,0,,__ecma.Map
94489282218,LOCAL,,email,12,,<empty>,122,email,,,0,__ecma.String,__ecma.String
94489282219,LOCAL,,name,12,,<empty>,123,name,,,0,__ecma.String,__ecma.String
94489282220,LOCAL,,_tmp_6,34,,<empty>,128,_tmp_6,,,0,,ANY
94489282221,LOCAL,,contributors,10,__ecma.Array;ArrayConstructor:from:<returnValue>,<empty>,136,contributors,,,0,__ecma.Array,__ecma.Array
94489282222,LOCAL,,total_contributors,10,__ecma.Number;__ecma.Array:<member>(length);ArrayConstructor:from:<returnValue>:<member>(length),<empty>,137,total_contributors,,,0,__ecma.Number,__ecma.Number
94489282223,LOCAL,,totalCommits,10,__ecma.Number;__ecma.Array:<member>(length),<empty>,138,totalCommits,,,0,__ecma.Number,__ecma.Number
94489282224,LOCAL,,_tmp_7,13,,<empty>,141,_tmp_7,,,0,,ANY
94489282225,LOCAL,,threshold,10,,<empty>,149,threshold,,,0,__ecma.Number,__ecma.Number
94489282226,LOCAL,,contributors_above_50_percent,10,,<empty>,150,contributors_above_50_percent,,,0,__ecma.Number,__ecma.Number
94489282227,LOCAL,,bus_factor,10,,<empty>,155,bus_factor,,,0,__ecma.Number,__ecma.Number
94489282228,LOCAL,,_tmp_8,11,,<empty>,159,_tmp_8,,,0,,ANY
94489282229,LOCAL,,CommitMetricsCalculationService,0,,<empty>,7,CommitMetricsCalculationService,,,0,,services/commitMetrics/commitMetricsCalculationService.ts::program:CommitMetricsCalculationService
94489282230,LOCAL,,_tmp_9,15,,<empty>,167,_tmp_9,,,0,,services/commitMetrics/commitMetricsCalculationService.ts::program:CommitMetricsCalculationService
94489282231,LOCAL,,_tmp_9,15,,<empty>,167,_tmp_9,,,0,,services/commitMetrics/commitMetricsCalculationService.ts::program:CommitMetricsCalculationService
94489282232,LOCAL,,console,4,,<empty>,157,console,,,0,,__whatwg.console
94489282233,LOCAL,services/commitMetrics/commitMetricsCalculationService.ts::program:CommitMetricsCalculationService:calculateBusFactor:<lambda>4:threshold,threshold,28,,<empty>,151,threshold,,,0,,__ecma.Number
94489282234,LOCAL,,Array,25,,<empty>,136,Array,,,0,,ArrayConstructor
94489282235,LOCAL,services/commitMetrics/commitMetricsCalculationService.ts::program:CommitMetricsCalculationService:calculateBusFactor:<lambda>3:contributorMap,contributorMap,10,"Map<string, ContributorCommitData>;__ecma.Map",<empty>,125,contributorMap,,,0,,ANY
94489282236,LOCAL,,Map,31,,<empty>,119,Map,,,0,,MapConstructor
94489282237,LOCAL,,_tmp_5,27,,<empty>,119,_tmp_5,,,0,,__ecma.Map
94489282238,LOCAL,,console,4,,<empty>,105,console,,,0,,__whatwg.console
94489282239,LOCAL,services/commitMetrics/commitMetricsCalculationService.ts::program:CommitMetricsCalculationService:calculateLinesAddedDeleted:<lambda>2:total_lines_deleted,total_lines_deleted,8,,<empty>,97,total_lines_deleted,,,0,,__ecma.Number
94489282240,LOCAL,services/commitMetrics/commitMetricsCalculationService.ts::program:CommitMetricsCalculationService:calculateLinesAddedDeleted:<lambda>2:total_lines_added,total_lines_added,8,,<empty>,96,total_lines_added,,,0,,__ecma.Number
94489282241,LOCAL,,console,4,,<empty>,78,console,,,0,,__whatwg.console
94489282242,LOCAL,services/commitMetrics/commitMetricsCalculationService.ts::program:CommitMetricsCalculationService:calculateAvgCommitSize:<lambda>1:commits_analyzed,commits_analyzed,8,,<empty>,70,commits_analyzed,,,0,,__ecma.Number
94489282243,LOCAL,services/commitMetrics/commitMetricsCalculationService.ts::program:CommitMetricsCalculationService:calculateAvgCommitSize:<lambda>1:total_lines_changed,total_lines_changed,8,,<empty>,69,total_lines_changed,,,0,,__ecma.Number
94489282244,LOCAL,,_tmp_0,27,,<empty>,34,_tmp_0,,,0,,__ecma.Array:slice:<returnValue>
94489282245,LOCAL,,console,4,,<empty>,18,console,,,0,,__whatwg.console
94489282246,LOCAL,,getPool,0,,<empty>,5,getPool,,,0,,() => Pool
94489282247,LOCAL,,CommitHealthMetrics,0,,<empty>,6,CommitHealthMetrics,,,0,,ANY
94489282248,LOCAL,,CommitMetricsHistory,0,,<empty>,6,CommitMetricsHistory,,,0,,ANY
94489282249,LOCAL,,CommitMetricsCalculationResult,0,,<empty>,6,CommitMetricsCalculationResult,,,0,,ANY
94489282250,LOCAL,,calculateCommitHealthScore,0,,<empty>,7,calculateCommitHealthScore,,,0,,(metrics: { total_commits_last_7d: __ecma.Number; avg_commit_size: __ecma.Number; bus_factor: __ecma.Number; }) => __ecma.Number
94489282251,LOCAL,,query,12,,<empty>,19,query,,,0,"""\\n        INSERT INTO commit_health_metrics (\\n          uuid,\\n          project_id,\\n          total_commits_last_7d,\\n          total_lines_changed,\\n          commits_analyzed,\\n          avg_commit_size,\\n          total_lines_added,\\n          total_lines_deleted,\\n          lines_added_deleted_ratio,\\n      ...",__ecma.String
94489282252,LOCAL,,values,12,,<empty>,44,values,,,0,__ecma.Array,__ecma.Array
94489282253,LOCAL,,_tmp_0,21,,<empty>,44,_tmp_0,,,0,,__ecma.Array
94489282254,LOCAL,,result,12,,<empty>,60,result,,,0,QueryResult<any>,QueryResult<any>
94489282255,LOCAL,,currentMetrics,12,,<empty>,75,currentMetrics,,,0,CommitHealthMetrics | __ecma.Null,CommitHealthMetrics | __ecma.Null
94489282256,LOCAL,,_tmp_2,14,,<empty>,77,_tmp_2,,,0,,__ecma.Error
94489282257,LOCAL,,healthScore,12,,<empty>,81,healthScore,,,0,__ecma.Number,__ecma.Number
94489282258,LOCAL,,_tmp_3,53,,<empty>,81,_tmp_3,,,0,,ANY
94489282259,LOCAL,,query,12,,<empty>,87,query,,,0,"""\\n        INSERT INTO commit_metrics_history (\\n          uuid,\\n          project_id,\\n          snapshot_date,\\n          total_commits_last_7d,\\n          avg_commit_size,\\n          total_lines_added,\\n          total_lines_deleted,\\n          bus_factor,\\n          health_score,\\n          created_at\\n        ...",__ecma.String
94489282260,LOCAL,,values,12,,<empty>,106,values,,,0,__ecma.Array,__ecma.Array
94489282261,LOCAL,,_tmp_4,21,,<empty>,106,_tmp_4,,,0,,__ecma.Array
94489282262,LOCAL,,result,12,,<empty>,116,result,,,0,QueryResult<any>,QueryResult<any>
94489282263,LOCAL,,query,12,,<empty>,130,query,,,0,__ecma.String,__ecma.String
94489282264,LOCAL,,result,12,,<empty>,137,result,,,0,QueryResult<any>,QueryResult<any>
94489282265,LOCAL,,_tmp_7,50,,<empty>,137,_tmp_7,,,0,,__ecma.Array
94489282266,LOCAL,,query,12,,<empty>,150,query,,,0,__ecma.String,__ecma.String
94489282267,LOCAL,,result,12,,<empty>,156,result,,,0,QueryResult<any>,QueryResult<any>
94489282268,LOCAL,,_tmp_9,50,,<empty>,156,_tmp_9,,,0,,__ecma.Array
94489282269,LOCAL,,query,12,,<empty>,172,query,,,0,__ecma.String,__ecma.String
94489282270,LOCAL,,result,12,,<empty>,179,result,,,0,QueryResult<any>,QueryResult<any>
94489282271,LOCAL,,_tmp_11,50,,<empty>,179,_tmp_11,,,0,,__ecma.Array
94489282272,LOCAL,,_tmp_13,87,,<empty>,192,_tmp_13,,,0,,__ecma.Array
94489282273,LOCAL,,_tmp_15,88,,<empty>,195,_tmp_15,,,0,,__ecma.Array
94489282274,LOCAL,,CommitMetricsDbService,0,,<empty>,9,CommitMetricsDbService,,,0,,services/commitMetrics/commitMetricsDbService.ts::program:CommitMetricsDbService
94489282275,LOCAL,,_tmp_16,15,,<empty>,206,_tmp_16,,,0,,services/commitMetrics/commitMetricsDbService.ts::program:CommitMetricsDbService
94489282276,LOCAL,,_tmp_16,15,,<empty>,206,_tmp_16,,,0,,services/commitMetrics/commitMetricsDbService.ts::program:CommitMetricsDbService
94489282277,LOCAL,,error,13,,<empty>,199,error,,,0,,ANY
94489282278,LOCAL,,console,6,,<empty>,198,console,,,0,,__whatwg.console
94489282279,LOCAL,,_tmp_15,88,,<empty>,195,_tmp_15,,,0,,__ecma.Array
94489282280,LOCAL,,_tmp_14,12,Pool;pg:Pool;Pool | __ecma.Null;__ecma.Null,<empty>,195,_tmp_14,,,0,,Pool
94489282281,LOCAL,services/commitMetrics/commitMetricsDbService.ts::program:CommitMetricsDbService:deleteMetrics:getPool,getPool,12,,<empty>,192,getPool,,,0,,() => Pool
94489282282,LOCAL,,_tmp_13,87,,<empty>,192,_tmp_13,,,0,,__ecma.Array
94489282283,LOCAL,,_tmp_12,12,Pool;pg:Pool;Pool | __ecma.Null;__ecma.Null,<empty>,192,_tmp_12,,,0,,Pool
94489282284,LOCAL,,error,13,,<empty>,181,error,,,0,,ANY
94489282285,LOCAL,,console,6,,<empty>,182,console,,,0,,__whatwg.console
94489282286,LOCAL,,_tmp_11,50,,<empty>,179,_tmp_11,,,0,,__ecma.Array
94489282287,LOCAL,,_tmp_10,27,Pool;pg:Pool;Pool | __ecma.Null;__ecma.Null,<empty>,179,_tmp_10,,,0,,Pool
94489282288,LOCAL,services/commitMetrics/commitMetricsDbService.ts::program:CommitMetricsDbService:getMetricsHistory:getPool,getPool,27,,<empty>,179,getPool,,,0,,() => Pool
94489282289,LOCAL,,days,4,,<empty>,169,days,,,0,,__ecma.Number
94489282290,LOCAL,,error,13,,<empty>,158,error,,,0,,ANY
94489282291,LOCAL,,console,6,,<empty>,159,console,,,0,,__whatwg.console
94489282292,LOCAL,,_tmp_9,50,,<empty>,156,_tmp_9,,,0,,__ecma.Array
94489282293,LOCAL,,_tmp_8,27,Pool;pg:Pool;Pool | __ecma.Null;__ecma.Null,<empty>,156,_tmp_8,,,0,,Pool
94489282294,LOCAL,services/commitMetrics/commitMetricsDbService.ts::program:CommitMetricsDbService:getAllMetrics:getPool,getPool,27,,<empty>,156,getPool,,,0,,() => Pool
94489282295,LOCAL,,error,13,,<empty>,139,error,,,0,,ANY
94489282296,LOCAL,,console,6,,<empty>,140,console,,,0,,__whatwg.console
94489282297,LOCAL,,_tmp_7,50,,<empty>,137,_tmp_7,,,0,,__ecma.Array
94489282298,LOCAL,,_tmp_6,27,Pool;pg:Pool;Pool | __ecma.Null;__ecma.Null,<empty>,137,_tmp_6,,,0,,Pool
94489282299,LOCAL,services/commitMetrics/commitMetricsDbService.ts::program:CommitMetricsDbService:getMetrics:getPool,getPool,27,,<empty>,137,getPool,,,0,,() => Pool
94489282300,LOCAL,,error,13,,<empty>,119,error,,,0,,ANY
94489282301,LOCAL,,console,6,,<empty>,117,console,,,0,,__whatwg.console
94489282302,LOCAL,,_tmp_5,27,Pool;pg:Pool;Pool | __ecma.Null;__ecma.Null,<empty>,116,_tmp_5,,,0,,Pool
94489282303,LOCAL,services/commitMetrics/commitMetricsDbService.ts::program:CommitMetricsDbService:saveHistoricalSnapshot:getPool,getPool,27,,<empty>,116,getPool,,,0,,() => Pool
94489282304,LOCAL,,_tmp_4,21,,<empty>,106,_tmp_4,,,0,,__ecma.Array
94489282305,LOCAL,services/commitMetrics/commitMetricsDbService.ts::program:CommitMetricsDbService:saveHistoricalSnapshot:calculateCommitHealthScore,calculateCommitHealthScore,26,,<empty>,81,calculateCommitHealthScore,,,0,,(metrics: { total_commits_last_7d: __ecma.Number; avg_commit_size: __ecma.Number; bus_factor: __ecma.Number; }) => __ecma.Number
94489282306,LOCAL,,Error,18,,<empty>,77,Error,,,0,,ErrorConstructor
94489282307,LOCAL,,_tmp_2,14,,<empty>,77,_tmp_2,,,0,,__ecma.Error
94489282308,LOCAL,,error,13,,<empty>,63,error,,,0,,ANY
94489282309,LOCAL,,console,6,,<empty>,61,console,,,0,,__whatwg.console
94489282310,LOCAL,,_tmp_1,27,Pool;pg:Pool;Pool | __ecma.Null;__ecma.Null,<empty>,60,_tmp_1,,,0,,Pool
94489282311,LOCAL,services/commitMetrics/commitMetricsDbService.ts::program:CommitMetricsDbService:saveMetrics:getPool,getPool,27,,<empty>,60,getPool,,,0,,() => Pool
94489282312,LOCAL,,_tmp_0,21,,<empty>,44,_tmp_0,,,0,,__ecma.Array
94489282313,LOCAL,,gitLabCommitService,0,services/gitlab/gitLabCommitService.ts::program:GitLabCommitService;GitLabCommitService,<empty>,5,gitLabCommitService,,,0,,ANY
94489282314,LOCAL,,commitMetricsCalculationService,0,services/commitMetrics/commitMetricsCalculationService.ts::program:CommitMetricsCalculationService;CommitMetricsCalculationService,<empty>,6,commitMetricsCalculationService,,,0,,ANY
94489282315,LOCAL,,commitMetricsDbService,0,services/commitMetrics/commitMetricsDbService.ts::program:CommitMetricsDbService;CommitMetricsDbService,<empty>,7,commitMetricsDbService,,,0,,ANY
94489282316,LOCAL,,CommitHealthMetrics,0,,<empty>,8,CommitHealthMetrics,,,0,,ANY
94489282317,LOCAL,,data,12,,<empty>,21,data,,,0,{ commitsLast7d: __ecma.Array; totalCommitCount: __ecma.Number; },{ commitsLast7d: __ecma.Array; totalCommitCount: __ecma.Number; }
94489282318,LOCAL,,calculatedMetrics,12,types/commitMetrics.types.ts::program:CommitMetricsCalculationResult;CommitMetricsCalculationResult,<empty>,26,calculatedMetrics,,,0,CommitMetricsCalculationResult,ANY
94489282319,LOCAL,,savedMetrics,12,types/commitMetrics.types.ts::program:CommitHealthMetrics;CommitHealthMetrics,<empty>,34,savedMetrics,,,0,CommitHealthMetrics,ANY
94489282320,LOCAL,,sevenDaysAgo,10,DateConstructor;__ecma.Date,<empty>,56,sevenDaysAgo,,,0,Date,DateConstructor
94489282321,LOCAL,,_tmp_0,25,,<empty>,56,_tmp_0,,,0,,__ecma.Date
94489282322,LOCAL,,sevenDaysAgoISO,10,__ecma.String;DateConstructor:toISOString:<returnValue>;__ecma.Date:toISOString:<returnValue>,<empty>,58,sevenDaysAgoISO,,,0,__ecma.String,__ecma.String
94489282323,LOCAL,,commitsLast7d,10,,<empty>,63,commitsLast7d,,,0,__ecma.Array,__ecma.Array
94489282324,LOCAL,,totalCommitCount,10,,<empty>,70,totalCommitCount,,,0,__ecma.Number,__ecma.Number
94489282325,LOCAL,,_tmp_1,11,,<empty>,77,_tmp_1,,,0,,ANY
94489282326,LOCAL,,CommitMetricsSyncService,0,,<empty>,10,CommitMetricsSyncService,,,0,,services/commitMetrics/commitMetricsSyncService.ts::program:CommitMetricsSyncService
94489282327,LOCAL,,_tmp_2,15,,<empty>,84,_tmp_2,,,0,,services/commitMetrics/commitMetricsSyncService.ts::program:CommitMetricsSyncService
94489282328,LOCAL,,_tmp_2,15,,<empty>,84,_tmp_2,,,0,,services/commitMetrics/commitMetricsSyncService.ts::program:CommitMetricsSyncService
94489282329,LOCAL,,console,4,,<empty>,60,console,,,0,,__whatwg.console
94489282330,LOCAL,services/commitMetrics/commitMetricsSyncService.ts::program:CommitMetricsSyncService:fetchGitLabData:gitLabCommitService,gitLabCommitService,32,services/gitlab/gitLabCommitService.ts::program:GitLabCommitService;GitLabCommitService,<empty>,63,gitLabCommitService,,,0,,ANY
94489282331,LOCAL,,Date,29,,<empty>,56,Date,,,0,,DateConstructor
94489282332,LOCAL,,_tmp_0,25,,<empty>,56,_tmp_0,,,0,,__ecma.Date
94489282333,LOCAL,,error,13,,<empty>,46,error,,,0,,ANY
94489282334,LOCAL,,console,4,,<empty>,16,console,,,0,,__whatwg.console
94489282335,LOCAL,services/commitMetrics/commitMetricsSyncService.ts::program:CommitMetricsSyncService:syncCommitMetrics:commitMetricsDbService,commitMetricsDbService,33,services/commitMetrics/commitMetricsDbService.ts::program:CommitMetricsDbService;CommitMetricsDbService,<empty>,34,commitMetricsDbService,,,0,,ANY
94489282336,LOCAL,services/commitMetrics/commitMetricsSyncService.ts::program:CommitMetricsSyncService:syncCommitMetrics:commitMetricsCalculationService,commitMetricsCalculationService,32,services/commitMetrics/commitMetricsCalculationService.ts::program:CommitMetricsCalculationService;CommitMetricsCalculationService,<empty>,26,commitMetricsCalculationService,,,0,,ANY
94489282337,LOCAL,,getPool,0,,<empty>,4,getPool,,,0,,() => Pool
94489282338,LOCAL,,DoraMetricsSummary,0,,<empty>,5,DoraMetricsSummary,,,0,,ANY
94489282339,LOCAL,,calculateDoraMetricsSummary,13,,<empty>,12,calculateDoraMetricsSummary,,,0,"(projectId: __ecma.Number, days?: __ecma.Number) => Promise<DoraMetricsSummary>","(projectId: __ecma.Number, days?: __ecma.Number) => Promise<DoraMetricsSummary>"
94489282340,LOCAL,,pool,8,Pool;pg:Pool;Pool | __ecma.Null;__ecma.Null,<empty>,16,pool,,,0,Pool,Pool
94489282341,LOCAL,,timeFilter,8,,<empty>,20,timeFilter,,,0,__ecma.String,__ecma.String
94489282342,LOCAL,,timeFilterMerged,8,,<empty>,24,timeFilterMerged,,,0,__ecma.String,__ecma.String
94489282343,LOCAL,,timeFilterIncident,8,,<empty>,28,timeFilterIncident,,,0,__ecma.String,__ecma.String
94489282344,LOCAL,,deploymentFrequencyQuery,8,,<empty>,33,deploymentFrequencyQuery,,,0,__ecma.String,__ecma.String
94489282345,LOCAL,,deploymentResult,8,,<empty>,42,deploymentResult,,,0,QueryResult<any>,QueryResult<any>
94489282346,LOCAL,,_tmp_0,70,,<empty>,42,_tmp_0,,,0,,__ecma.Array
94489282347,LOCAL,,deploymentData,8,,<empty>,43,deploymentData,,,0,ANY,ANY
94489282348,LOCAL,,deployments_per_day,6,__ecma.Number;parseFloat:<returnValue>,<empty>,46,deployments_per_day,,,0,__ecma.Number,__ecma.Number
94489282349,LOCAL,,deployments_per_week,6,__ecma.Number;parseFloat:<returnValue>,<empty>,47,deployments_per_week,,,0,__ecma.Number,__ecma.Number
94489282350,LOCAL,,deployments_per_month,6,__ecma.Number;parseFloat:<returnValue>,<empty>,48,deployments_per_month,,,0,__ecma.Number,__ecma.Number
94489282351,LOCAL,,timeRangeQuery,10,,<empty>,52,timeRangeQuery,,,0,__ecma.String,__ecma.String
94489282352,LOCAL,,rangeResult,10,,<empty>,59,rangeResult,,,0,QueryResult<any>,QueryResult<any>
94489282353,LOCAL,,_tmp_1,57,,<empty>,59,_tmp_1,,,0,,__ecma.Array
94489282354,LOCAL,,"{ earliest, latest }",10,,<empty>,60,"{ earliest, latest }",,,0,ANY,ANY
94489282355,LOCAL,,_tmp_2,10,,<empty>,60,_tmp_2,,,0,,ANY
94489282356,LOCAL,,earliest,12,,<empty>,60,earliest,,,0,,_tmp_2:earliest:<returnValue>:<member>(earliest)
94489282357,LOCAL,,latest,22,,<empty>,60,latest,,,0,,_tmp_2:latest:<returnValue>:<member>(latest)
94489282358,LOCAL,,totalDays,12,__ecma.Number;__ecma.Math:max:<returnValue>,<empty>,63,totalDays,,,0,__ecma.Number,__ecma.Number
94489282359,LOCAL,,_tmp_4,47,,<empty>,63,_tmp_4,,,0,,__ecma.Date
94489282360,LOCAL,,_tmp_6,76,,<empty>,63,_tmp_6,,,0,,__ecma.Date
94489282361,LOCAL,,totalDeployments,12,,<empty>,64,totalDeployments,,,0,__ecma.Number,__ecma.Number
94489282362,LOCAL,,recentQuery,10,"""\\n      SELECT \\n        COUNT(*) FILTER (WHERE environment = 'production' AND deployment_timestamp >= NOW() - INTERVAL '1 day') as daily,\\n        COUNT(*) FILTER (WHERE environment = 'production' AND deployment_timestamp >= NOW() - INTERVAL '7 days') as weekly,\\n        COUNT(*) FILTER (WHERE environment = 'produ...;__ecma.String",<empty>,72,recentQuery,,,0,"""\\n      SELECT \\n        COUNT(*) FILTER (WHERE environment = 'production' AND deployment_timestamp >= NOW() - INTERVAL '1 day') as daily,\\n        COUNT(*) FILTER (WHERE environment = 'production' AND deployment_timestamp >= NOW() - INTERVAL '7 days') as weekly,\\n        COUNT(*) FILTER (WHERE environment = 'produ...",ANY
94489282363,LOCAL,,recentResult,10,,<empty>,80,recentResult,,,0,QueryResult<any>,QueryResult<any>
94489282364,LOCAL,,_tmp_10,55,,<empty>,80,_tmp_10,,,0,,__ecma.Array
94489282365,LOCAL,,recentData,10,,<empty>,81,recentData,,,0,ANY,ANY
94489282366,LOCAL,,leadTimeQuery,8,,<empty>,89,leadTimeQuery,,,0,__ecma.String,__ecma.String
94489282367,LOCAL,,leadTimeResult,8,,<empty>,101,leadTimeResult,,,0,QueryResult<any>,QueryResult<any>
94489282368,LOCAL,,_tmp_11,57,,<empty>,101,_tmp_11,,,0,,__ecma.Array
94489282369,LOCAL,,leadTimeData,8,,<empty>,102,leadTimeData,,,0,ANY,ANY
94489282370,LOCAL,,changeFailureQuery,8,,<empty>,105,changeFailureQuery,,,0,__ecma.String,__ecma.String
94489282371,LOCAL,,changeFailureResult,8,,<empty>,118,changeFailureResult,,,0,QueryResult<any>,QueryResult<any>
94489282372,LOCAL,,_tmp_12,67,,<empty>,118,_tmp_12,,,0,,__ecma.Array
94489282373,LOCAL,,changeFailureData,8,,<empty>,119,changeFailureData,,,0,ANY,ANY
94489282374,LOCAL,,timeToRestoreQuery,8,,<empty>,122,timeToRestoreQuery,,,0,__ecma.String,__ecma.String
94489282375,LOCAL,,timeToRestoreResult,8,,<empty>,134,timeToRestoreResult,,,0,QueryResult<any>,QueryResult<any>
94489282376,LOCAL,,_tmp_13,67,,<empty>,134,_tmp_13,,,0,,__ecma.Array
94489282377,LOCAL,,timeToRestoreData,8,,<empty>,135,timeToRestoreData,,,0,ANY,ANY
94489282378,LOCAL,,_tmp_14,9,,<empty>,137,_tmp_14,,,0,,ANY
94489282379,LOCAL,,_tmp_15,26,,<empty>,139,_tmp_15,,,0,,ANY
94489282380,LOCAL,,_tmp_16,15,,<empty>,146,_tmp_16,,,0,,ANY
94489282381,LOCAL,,_tmp_17,25,,<empty>,153,_tmp_17,,,0,,ANY
94489282382,LOCAL,,_tmp_18,21,,<empty>,158,_tmp_18,,,0,,ANY
94489282383,LOCAL,,_tmp_13,67,,<empty>,134,_tmp_13,,,0,,__ecma.Array
94489282384,LOCAL,,_tmp_12,67,,<empty>,118,_tmp_12,,,0,,__ecma.Array
94489282385,LOCAL,,_tmp_11,57,,<empty>,101,_tmp_11,,,0,,__ecma.Array
94489282386,LOCAL,,_tmp_10,55,,<empty>,80,_tmp_10,,,0,,__ecma.Array
94489282387,LOCAL,,_tmp_9,42,,<empty>,68,_tmp_9,,,0,,ANY
94489282388,LOCAL,,_tmp_8,41,,<empty>,67,_tmp_8,,,0,,ANY
94489282389,LOCAL,,_tmp_7,40,,<empty>,66,_tmp_7,,,0,,ANY
94489282390,LOCAL,,_tmp_5,76,,<empty>,63,_tmp_5,,,0,,__ecma.Date
94489282391,LOCAL,,Date,51,,<empty>,63,Date,,,0,,DateConstructor
94489282392,LOCAL,,_tmp_6,76,,<empty>,63,_tmp_6,,,0,,__ecma.Date
94489282393,LOCAL,,_tmp_3,47,,<empty>,63,_tmp_3,,,0,,__ecma.Date
94489282394,LOCAL,,_tmp_4,47,,<empty>,63,_tmp_4,,,0,,__ecma.Date
94489282395,LOCAL,,Math,24,,<empty>,63,Math,,,0,,__ecma.Math
94489282396,LOCAL,,_tmp_1,57,,<empty>,59,_tmp_1,,,0,,__ecma.Array
94489282397,LOCAL,,days,2,,<empty>,14,days,,,0,,__ecma.Number
94489282398,LOCAL,,_tmp_0,70,,<empty>,42,_tmp_0,,,0,,__ecma.Array
94489282399,LOCAL,services/doraMetrics/doraMetricsCalculationService.ts::program:<lambda>0:getPool,getPool,15,,<empty>,16,getPool,,,0,,() => Pool
94489282400,LOCAL,,getPool,0,,<empty>,4,getPool,,,0,,() => Pool
94489282401,LOCAL,,DeploymentFrequency,0,,<empty>,5,DeploymentFrequency,,,0,,ANY
94489282402,LOCAL,,DeploymentFrequencyInput,0,,<empty>,5,DeploymentFrequencyInput,,,0,,ANY
94489282403,LOCAL,,LeadTimeChange,0,,<empty>,5,LeadTimeChange,,,0,,ANY
94489282404,LOCAL,,LeadTimeChangeInput,0,,<empty>,5,LeadTimeChangeInput,,,0,,ANY
94489282405,LOCAL,,ChangeFailureRate,0,,<empty>,5,ChangeFailureRate,,,0,,ANY
94489282406,LOCAL,,ChangeFailureRateInput,0,,<empty>,5,ChangeFailureRateInput,,,0,,ANY
94489282407,LOCAL,,TimeToRestoreService,0,,<empty>,5,TimeToRestoreService,,,0,,ANY
94489282408,LOCAL,,TimeToRestoreServiceInput,0,,<empty>,5,TimeToRestoreServiceInput,,,0,,ANY
94489282409,LOCAL,,saveDeploymentFrequency,13,,<empty>,19,saveDeploymentFrequency,,,0,(data: DeploymentFrequencyInput) => Promise<DeploymentFrequency>,(data: DeploymentFrequencyInput) => Promise<DeploymentFrequency>
94489282410,LOCAL,,pool,8,Pool;pg:Pool;Pool | __ecma.Null;__ecma.Null,<empty>,22,pool,,,0,Pool,Pool
94489282411,LOCAL,,query,8,,<empty>,24,query,,,0,__ecma.String,__ecma.String
94489282412,LOCAL,,values,8,,<empty>,35,values,,,0,__ecma.Array,__ecma.Array
94489282413,LOCAL,,_tmp_0,17,,<empty>,35,_tmp_0,,,0,,__ecma.Array
94489282414,LOCAL,,result,8,,<empty>,43,result,,,0,QueryResult<any>,QueryResult<any>
94489282415,LOCAL,,saveLeadTimeChange,13,,<empty>,51,saveLeadTimeChange,,,0,(data: LeadTimeChangeInput) => Promise<LeadTimeChange>,(data: LeadTimeChangeInput) => Promise<LeadTimeChange>
94489282416,LOCAL,,pool,8,Pool;pg:Pool;Pool | __ecma.Null;__ecma.Null,<empty>,54,pool,,,0,Pool,Pool
94489282417,LOCAL,,mergedTime,8,DateConstructor;__ecma.Date,<empty>,57,mergedTime,,,0,Date,DateConstructor
94489282418,LOCAL,,_tmp_1,21,,<empty>,57,_tmp_1,,,0,,__ecma.Date
94489282419,LOCAL,,deployedTime,8,DateConstructor;__ecma.Date,<empty>,58,deployedTime,,,0,Date,DateConstructor
94489282420,LOCAL,,_tmp_2,23,,<empty>,58,_tmp_2,,,0,,__ecma.Date
94489282421,LOCAL,,leadTimeHours,8,,<empty>,59,leadTimeHours,,,0,__ecma.Number,__ecma.Number
94489282422,LOCAL,,query,8,,<empty>,61,query,,,0,__ecma.String,__ecma.String
94489282423,LOCAL,,values,8,,<empty>,72,values,,,0,__ecma.Array,__ecma.Array
94489282424,LOCAL,,_tmp_3,17,,<empty>,72,_tmp_3,,,0,,__ecma.Array
94489282425,LOCAL,,result,8,,<empty>,80,result,,,0,QueryResult<any>,QueryResult<any>
94489282426,LOCAL,,saveChangeFailureRate,13,,<empty>,87,saveChangeFailureRate,,,0,(data: ChangeFailureRateInput) => Promise<ChangeFailureRate>,(data: ChangeFailureRateInput) => Promise<ChangeFailureRate>
94489282427,LOCAL,,pool,8,Pool;pg:Pool;Pool | __ecma.Null;__ecma.Null,<empty>,90,pool,,,0,Pool,Pool
94489282428,LOCAL,,query,8,,<empty>,92,query,,,0,__ecma.String,__ecma.String
94489282429,LOCAL,,values,8,,<empty>,103,values,,,0,__ecma.Array,__ecma.Array
94489282430,LOCAL,,_tmp_4,17,,<empty>,103,_tmp_4,,,0,,__ecma.Array
94489282431,LOCAL,,result,8,,<empty>,111,result,,,0,QueryResult<any>,QueryResult<any>
94489282432,LOCAL,,saveTimeToRestoreService,13,,<empty>,119,saveTimeToRestoreService,,,0,(data: TimeToRestoreServiceInput) => Promise<TimeToRestoreService>,(data: TimeToRestoreServiceInput) => Promise<TimeToRestoreService>
94489282433,LOCAL,,pool,8,Pool;pg:Pool;Pool | __ecma.Null;__ecma.Null,<empty>,122,pool,,,0,Pool,Pool
94489282434,LOCAL,,startTime,8,DateConstructor;__ecma.Date,<empty>,125,startTime,,,0,Date,DateConstructor
94489282435,LOCAL,,_tmp_5,20,,<empty>,125,_tmp_5,,,0,,__ecma.Date
94489282436,LOCAL,,endTime,8,DateConstructor;__ecma.Date,<empty>,126,endTime,,,0,Date,DateConstructor
94489282437,LOCAL,,_tmp_6,18,,<empty>,126,_tmp_6,,,0,,__ecma.Date
94489282438,LOCAL,,restoreTimeHours,8,,<empty>,127,restoreTimeHours,,,0,__ecma.Number,__ecma.Number
94489282439,LOCAL,,query,8,,<empty>,129,query,,,0,__ecma.String,__ecma.String
94489282440,LOCAL,,values,8,,<empty>,141,values,,,0,__ecma.Array,__ecma.Array
94489282441,LOCAL,,_tmp_7,17,,<empty>,141,_tmp_7,,,0,,__ecma.Array
94489282442,LOCAL,,result,8,,<empty>,150,result,,,0,QueryResult<any>,QueryResult<any>
94489282443,LOCAL,,getDeploymentFrequencyByProject,13,,<empty>,157,getDeploymentFrequencyByProject,,,0,"(projectId: __ecma.Number, days?: __ecma.Number) => Promise<DeploymentFrequency[]>","(projectId: __ecma.Number, days?: __ecma.Number) => Promise<DeploymentFrequency[]>"
94489282444,LOCAL,,pool,8,Pool;pg:Pool;Pool | __ecma.Null;__ecma.Null,<empty>,161,pool,,,0,Pool,Pool
94489282445,LOCAL,,query,8,,<empty>,163,query,,,0,__ecma.String,__ecma.String
94489282446,LOCAL,,result,8,,<empty>,170,result,,,0,QueryResult<any>,QueryResult<any>
94489282447,LOCAL,,_tmp_8,41,,<empty>,170,_tmp_8,,,0,,__ecma.Array
94489282448,LOCAL,,getLeadTimeChangesByProject,13,,<empty>,177,getLeadTimeChangesByProject,,,0,"(projectId: __ecma.Number, days?: __ecma.Number) => Promise<LeadTimeChange[]>","(projectId: __ecma.Number, days?: __ecma.Number) => Promise<LeadTimeChange[]>"
94489282449,LOCAL,,pool,8,Pool;pg:Pool;Pool | __ecma.Null;__ecma.Null,<empty>,181,pool,,,0,Pool,Pool
94489282450,LOCAL,,query,8,,<empty>,183,query,,,0,__ecma.String,__ecma.String
94489282451,LOCAL,,result,8,,<empty>,190,result,,,0,QueryResult<any>,QueryResult<any>
94489282452,LOCAL,,_tmp_9,41,,<empty>,190,_tmp_9,,,0,,__ecma.Array
94489282453,LOCAL,,getChangeFailureRateByProject,13,,<empty>,197,getChangeFailureRateByProject,,,0,"(projectId: __ecma.Number, days?: __ecma.Number) => Promise<ChangeFailureRate[]>","(projectId: __ecma.Number, days?: __ecma.Number) => Promise<ChangeFailureRate[]>"
94489282454,LOCAL,,pool,8,Pool;pg:Pool;Pool | __ecma.Null;__ecma.Null,<empty>,201,pool,,,0,Pool,Pool
94489282455,LOCAL,,query,8,,<empty>,203,query,,,0,__ecma.String,__ecma.String
94489282456,LOCAL,,result,8,,<empty>,210,result,,,0,QueryResult<any>,QueryResult<any>
94489282457,LOCAL,,_tmp_10,41,,<empty>,210,_tmp_10,,,0,,__ecma.Array
94489282458,LOCAL,,getTimeToRestoreServiceByProject,13,,<empty>,217,getTimeToRestoreServiceByProject,,,0,"(projectId: __ecma.Number, days?: __ecma.Number) => Promise<TimeToRestoreService[]>","(projectId: __ecma.Number, days?: __ecma.Number) => Promise<TimeToRestoreService[]>"
94489282459,LOCAL,,pool,8,Pool;pg:Pool;Pool | __ecma.Null;__ecma.Null,<empty>,221,pool,,,0,Pool,Pool
94489282460,LOCAL,,query,8,,<empty>,223,query,,,0,__ecma.String,__ecma.String
94489282461,LOCAL,,result,8,,<empty>,230,result,,,0,QueryResult<any>,QueryResult<any>
94489282462,LOCAL,,_tmp_11,41,,<empty>,230,_tmp_11,,,0,,__ecma.Array
94489282463,LOCAL,,searchDeploymentsByIdPrefix,13,,<empty>,237,searchDeploymentsByIdPrefix,,,0,"(projectId: __ecma.Number, searchTerm: __ecma.String, limit?: __ecma.Number) => Promise<DeploymentFrequency[]>","(projectId: __ecma.Number, searchTerm: __ecma.String, limit?: __ecma.Number) => Promise<DeploymentFrequency[]>"
94489282464,LOCAL,,pool,8,Pool;pg:Pool;Pool | __ecma.Null;__ecma.Null,<empty>,242,pool,,,0,Pool,Pool
94489282465,LOCAL,,query,8,,<empty>,244,query,,,0,__ecma.String,__ecma.String
94489282466,LOCAL,,result,8,,<empty>,252,result,,,0,QueryResult<any>,QueryResult<any>
94489282467,LOCAL,,_tmp_12,41,,<empty>,252,_tmp_12,,,0,,__ecma.Array
94489282468,LOCAL,,deleteDeploymentFrequency,13,,<empty>,259,deleteDeploymentFrequency,,,0,(uuid: __ecma.String) => Promise<boolean>,(uuid: __ecma.String) => Promise<boolean>
94489282469,LOCAL,,pool,8,Pool;pg:Pool;Pool | __ecma.Null;__ecma.Null,<empty>,260,pool,,,0,Pool,Pool
94489282470,LOCAL,,result,8,,<empty>,261,result,,,0,QueryResult<any>,QueryResult<any>
94489282471,LOCAL,,_tmp_13,86,,<empty>,261,_tmp_13,,,0,,__ecma.Array
94489282472,LOCAL,,deleteLeadTimeChange,13,,<empty>,268,deleteLeadTimeChange,,,0,(uuid: __ecma.String) => Promise<boolean>,(uuid: __ecma.String) => Promise<boolean>
94489282473,LOCAL,,pool,8,Pool;pg:Pool;Pool | __ecma.Null;__ecma.Null,<empty>,269,pool,,,0,Pool,Pool
94489282474,LOCAL,,result,8,,<empty>,270,result,,,0,QueryResult<any>,QueryResult<any>
94489282475,LOCAL,,_tmp_14,83,,<empty>,270,_tmp_14,,,0,,__ecma.Array
94489282476,LOCAL,,deleteChangeFailureRate,13,,<empty>,277,deleteChangeFailureRate,,,0,(uuid: __ecma.String) => Promise<boolean>,(uuid: __ecma.String) => Promise<boolean>
94489282477,LOCAL,,pool,8,Pool;pg:Pool;Pool | __ecma.Null;__ecma.Null,<empty>,278,pool,,,0,Pool,Pool
94489282478,LOCAL,,result,8,,<empty>,279,result,,,0,QueryResult<any>,QueryResult<any>
94489282479,LOCAL,,_tmp_15,85,,<empty>,279,_tmp_15,,,0,,__ecma.Array
94489282480,LOCAL,,deleteTimeToRestoreService,13,,<empty>,286,deleteTimeToRestoreService,,,0,(uuid: __ecma.String) => Promise<boolean>,(uuid: __ecma.String) => Promise<boolean>
94489282481,LOCAL,,pool,8,Pool;pg:Pool;Pool | __ecma.Null;__ecma.Null,<empty>,287,pool,,,0,Pool,Pool
94489282482,LOCAL,,result,8,,<empty>,288,result,,,0,QueryResult<any>,QueryResult<any>
94489282483,LOCAL,,_tmp_16,89,,<empty>,288,_tmp_16,,,0,,__ecma.Array
94489282484,LOCAL,,_tmp_16,89,,<empty>,288,_tmp_16,,,0,,__ecma.Array
94489282485,LOCAL,services/doraMetrics/doraMetricsDbService.ts::program:<lambda>12:getPool,getPool,15,,<empty>,287,getPool,,,0,,() => Pool
94489282486,LOCAL,,_tmp_15,85,,<empty>,279,_tmp_15,,,0,,__ecma.Array
94489282487,LOCAL,services/doraMetrics/doraMetricsDbService.ts::program:<lambda>11:getPool,getPool,15,,<empty>,278,getPool,,,0,,() => Pool
94489282488,LOCAL,,_tmp_14,83,,<empty>,270,_tmp_14,,,0,,__ecma.Array
94489282489,LOCAL,services/doraMetrics/doraMetricsDbService.ts::program:<lambda>10:getPool,getPool,15,,<empty>,269,getPool,,,0,,() => Pool
94489282490,LOCAL,,_tmp_13,86,,<empty>,261,_tmp_13,,,0,,__ecma.Array
94489282491,LOCAL,services/doraMetrics/doraMetricsDbService.ts::program:<lambda>9:getPool,getPool,15,,<empty>,260,getPool,,,0,,() => Pool
94489282492,LOCAL,,limit,2,,<empty>,240,limit,,,0,,__ecma.Number
94489282493,LOCAL,,_tmp_12,41,,<empty>,252,_tmp_12,,,0,,__ecma.Array
94489282494,LOCAL,services/doraMetrics/doraMetricsDbService.ts::program:<lambda>8:getPool,getPool,15,,<empty>,242,getPool,,,0,,() => Pool
94489282495,LOCAL,,_tmp_11,41,,<empty>,230,_tmp_11,,,0,,__ecma.Array
94489282496,LOCAL,,days,2,,<empty>,219,days,,,0,,__ecma.Number
94489282497,LOCAL,services/doraMetrics/doraMetricsDbService.ts::program:<lambda>7:getPool,getPool,15,,<empty>,221,getPool,,,0,,() => Pool
94489282498,LOCAL,,_tmp_10,41,,<empty>,210,_tmp_10,,,0,,__ecma.Array
94489282499,LOCAL,,days,2,,<empty>,199,days,,,0,,__ecma.Number
94489282500,LOCAL,services/doraMetrics/doraMetricsDbService.ts::program:<lambda>6:getPool,getPool,15,,<empty>,201,getPool,,,0,,() => Pool
94489282501,LOCAL,,_tmp_9,41,,<empty>,190,_tmp_9,,,0,,__ecma.Array
94489282502,LOCAL,,days,2,,<empty>,179,days,,,0,,__ecma.Number
94489282503,LOCAL,services/doraMetrics/doraMetricsDbService.ts::program:<lambda>5:getPool,getPool,15,,<empty>,181,getPool,,,0,,() => Pool
94489282504,LOCAL,,_tmp_8,41,,<empty>,170,_tmp_8,,,0,,__ecma.Array
94489282505,LOCAL,,days,2,,<empty>,159,days,,,0,,__ecma.Number
94489282506,LOCAL,services/doraMetrics/doraMetricsDbService.ts::program:<lambda>4:getPool,getPool,15,,<empty>,161,getPool,,,0,,() => Pool
94489282507,LOCAL,,_tmp_7,17,,<empty>,141,_tmp_7,,,0,,__ecma.Array
94489282508,LOCAL,,Date,24,,<empty>,125,Date,,,0,,DateConstructor
94489282509,LOCAL,,_tmp_6,18,,<empty>,126,_tmp_6,,,0,,__ecma.Date
94489282510,LOCAL,,_tmp_5,20,,<empty>,125,_tmp_5,,,0,,__ecma.Date
94489282511,LOCAL,services/doraMetrics/doraMetricsDbService.ts::program:<lambda>3:getPool,getPool,15,,<empty>,122,getPool,,,0,,() => Pool
94489282512,LOCAL,,_tmp_4,17,,<empty>,103,_tmp_4,,,0,,__ecma.Array
94489282513,LOCAL,services/doraMetrics/doraMetricsDbService.ts::program:<lambda>2:getPool,getPool,15,,<empty>,90,getPool,,,0,,() => Pool
94489282514,LOCAL,,_tmp_3,17,,<empty>,72,_tmp_3,,,0,,__ecma.Array
94489282515,LOCAL,,Date,25,,<empty>,57,Date,,,0,,DateConstructor
94489282516,LOCAL,,_tmp_2,23,,<empty>,58,_tmp_2,,,0,,__ecma.Date
94489282517,LOCAL,,_tmp_1,21,,<empty>,57,_tmp_1,,,0,,__ecma.Date
94489282518,LOCAL,services/doraMetrics/doraMetricsDbService.ts::program:<lambda>1:getPool,getPool,15,,<empty>,54,getPool,,,0,,() => Pool
94489282519,LOCAL,,_tmp_0,17,,<empty>,35,_tmp_0,,,0,,__ecma.Array
94489282520,LOCAL,services/doraMetrics/doraMetricsDbService.ts::program:<lambda>0:getPool,getPool,15,,<empty>,22,getPool,,,0,,() => Pool
94489282521,LOCAL,,getPool,0,,<empty>,4,getPool,,,0,,() => Pool
94489282522,LOCAL,,calculateTrend,0,,<empty>,52,calculateTrend,,,0,,services/doraMetrics/doraTrendsService.ts::program:calculateTrend
94489282523,LOCAL,,_tmp_0,11,,<empty>,57,_tmp_0,,,0,,ANY
94489282524,LOCAL,,change_percent,8,,<empty>,60,change_percent,,,0,__ecma.Number,__ecma.Number
94489282525,LOCAL,,_tmp_1,11,,<empty>,64,_tmp_1,,,0,,ANY
94489282526,LOCAL,,_tmp_2,9,,<empty>,69,_tmp_2,,,0,,ANY
94489282527,LOCAL,,getDoraTrends,13,,<empty>,82,getDoraTrends,,,0,"(projectId: __ecma.Number, granularity?: ""weekly"" | ""monthly"" | ""yearly"", periods?: __ecma.Number, offset?: __ecma.Number) => Promise<DoraTrendResponse>","(projectId: __ecma.Number, granularity?: ""weekly"" | ""monthly"" | ""yearly"", periods?: __ecma.Number, offset?: __ecma.Number) => Promise<DoraTrendResponse>"
94489282528,LOCAL,,pool,8,Pool;pg:Pool;Pool | __ecma.Null;__ecma.Null,<empty>,88,pool,,,0,Pool,Pool
94489282529,LOCAL,,dateFormat,6,,<empty>,92,dateFormat,,,0,__ecma.String,__ecma.String
94489282530,LOCAL,,dateGrouping,6,,<empty>,93,dateGrouping,,,0,__ecma.String,__ecma.String
94489282531,LOCAL,,intervalString,6,,<empty>,94,intervalString,,,0,__ecma.String,__ecma.String
94489282532,LOCAL,,totalOffsetString,6,,<empty>,95,totalOffsetString,,,0,__ecma.String,__ecma.String
94489282533,LOCAL,,offsetIntervalString,8,,<empty>,120,offsetIntervalString,,,0,__ecma.String,__ecma.String
94489282534,LOCAL,,deploymentQuery,8,,<empty>,123,deploymentQuery,,,0,__ecma.String,__ecma.String
94489282535,LOCAL,,deploymentResult,8,,<empty>,142,deploymentResult,,,0,QueryResult<any>,QueryResult<any>
94489282536,LOCAL,,_tmp_3,61,,<empty>,142,_tmp_3,,,0,,__ecma.Array
94489282537,LOCAL,,leadTimeQuery,8,,<empty>,145,leadTimeQuery,,,0,__ecma.String,__ecma.String
94489282538,LOCAL,,leadTimeResult,8,,<empty>,159,leadTimeResult,,,0,QueryResult<any>,QueryResult<any>
94489282539,LOCAL,,_tmp_4,57,,<empty>,159,_tmp_4,,,0,,__ecma.Array
94489282540,LOCAL,,failureQuery,8,,<empty>,162,failureQuery,,,0,__ecma.String,__ecma.String
94489282541,LOCAL,,failureResult,8,,<empty>,180,failureResult,,,0,QueryResult<any>,QueryResult<any>
94489282542,LOCAL,,_tmp_5,55,,<empty>,180,_tmp_5,,,0,,__ecma.Array
94489282543,LOCAL,,restoreQuery,8,,<empty>,183,restoreQuery,,,0,__ecma.String,__ecma.String
94489282544,LOCAL,,restoreResult,8,,<empty>,197,restoreResult,,,0,QueryResult<any>,QueryResult<any>
94489282545,LOCAL,,_tmp_6,55,,<empty>,197,_tmp_6,,,0,,__ecma.Array
94489282546,LOCAL,,periodMap,8,"Map<string, DoraTrendDataPoint>;__ecma.Map",<empty>,200,periodMap,,,0,"Map<string, DoraTrendDataPoint>",ANY
94489282547,LOCAL,,_tmp_7,20,,<empty>,200,_tmp_7,,,0,,__ecma.Map
94489282548,LOCAL,,allPeriods,8,Set<string>;__ecma.Set,<empty>,203,allPeriods,,,0,Set<string>,ANY
94489282549,LOCAL,,_tmp_8,21,,<empty>,203,_tmp_8,,,0,,__ecma.Set
94489282550,LOCAL,,_tmp_13,26,,<empty>,212,_tmp_13,,,0,,ANY
94489282551,LOCAL,,point,10,"DoraTrendDataPoint | ANY;Map<string, DoraTrendDataPoint>:get:<returnValue>;__ecma.Map:get:<returnValue>",<empty>,227,point,,,0,DoraTrendDataPoint | ANY,DoraTrendDataPoint | ANY
94489282552,LOCAL,,point,10,"DoraTrendDataPoint | ANY;Map<string, DoraTrendDataPoint>:get:<returnValue>;__ecma.Map:get:<returnValue>",<empty>,236,point,,,0,DoraTrendDataPoint | ANY,DoraTrendDataPoint | ANY
94489282553,LOCAL,,point,10,"DoraTrendDataPoint | ANY;Map<string, DoraTrendDataPoint>:get:<returnValue>;__ecma.Map:get:<returnValue>",<empty>,245,point,,,0,DoraTrendDataPoint | ANY,DoraTrendDataPoint | ANY
94489282554,LOCAL,,point,10,"DoraTrendDataPoint | ANY;Map<string, DoraTrendDataPoint>:get:<returnValue>;__ecma.Map:get:<returnValue>",<empty>,254,point,,,0,DoraTrendDataPoint | ANY,DoraTrendDataPoint | ANY
94489282555,LOCAL,,data,8,,<empty>,261,data,,,0,__ecma.Array,__ecma.Array
94489282556,LOCAL,,deploymentFreqs,8,,<empty>,266,deploymentFreqs,,,0,__ecma.Array,__ecma.Array
94489282557,LOCAL,,leadTimes,8,,<empty>,267,leadTimes,,,0,__ecma.Array,__ecma.Array
94489282558,LOCAL,,failureRates,8,__ecma.Array;__ecma.Array:map:<returnValue>,<empty>,268,failureRates,,,0,__ecma.Array,__ecma.Array
94489282559,LOCAL,,restoreTimes,8,,<empty>,269,restoreTimes,,,0,__ecma.Array,__ecma.Array
94489282560,LOCAL,,current,8,,<empty>,271,current,,,0,DoraTrendDataPoint,__ecma.Number
94489282561,LOCAL,,_tmp_23,43,,<empty>,271,_tmp_23,,,0,,ANY
94489282562,LOCAL,,previous,8,,<empty>,278,previous,,,0,DoraTrendDataPoint,__ecma.Number
94489282563,LOCAL,,avgDeploymentFreq,8,,<empty>,280,avgDeploymentFreq,,,0,__ecma.Number,__ecma.Number
94489282564,LOCAL,,avgLeadTime,8,,<empty>,283,avgLeadTime,,,0,__ecma.Number,__ecma.Number
94489282565,LOCAL,,avgFailureRate,8,,<empty>,286,avgFailureRate,,,0,__ecma.Number,__ecma.Number
94489282566,LOCAL,,avgRestoreTime,8,,<empty>,289,avgRestoreTime,,,0,__ecma.Number,__ecma.Number
94489282567,LOCAL,,_tmp_24,9,,<empty>,293,_tmp_24,,,0,,ANY
94489282568,LOCAL,,_tmp_25,13,,<empty>,296,_tmp_25,,,0,,ANY
94489282569,LOCAL,,_tmp_26,28,,<empty>,297,_tmp_26,,,0,,ANY
94489282570,LOCAL,,_tmp_27,17,,<empty>,302,_tmp_27,,,0,,ANY
94489282571,LOCAL,,_tmp_28,20,,<empty>,307,_tmp_28,,,0,,ANY
94489282572,LOCAL,,_tmp_29,20,,<empty>,312,_tmp_29,,,0,,ANY
94489282573,LOCAL,services/doraMetrics/doraTrendsService.ts::program:<lambda>0:calculateTrend,calculateTrend,11,,<empty>,300,calculateTrend,,,0,,services/doraMetrics/doraTrendsService.ts::program:calculateTrend
94489282574,LOCAL,,granularity,2,,<empty>,84,granularity,,,0,,__ecma.String
94489282575,LOCAL,,_tmp_22,23,,<empty>,269,_tmp_22,,,0,,__ecma.Array:map:<returnValue>
94489282576,LOCAL,,_tmp_21,20,,<empty>,267,_tmp_21,,,0,,__ecma.Array:map:<returnValue>
94489282577,LOCAL,,_tmp_20,26,,<empty>,266,_tmp_20,,,0,,__ecma.Array:map:<returnValue>
94489282578,LOCAL,,_tmp_19,4,,<empty>,262,_tmp_19,,,0,,__ecma.String
94489282579,LOCAL,,_tmp_18,15,,<empty>,261,_tmp_18,,,0,,ArrayConstructor:from:<returnValue>
94489282580,LOCAL,,Array,15,,<empty>,261,Array,,,0,,ArrayConstructor
94489282581,LOCAL,services/doraMetrics/doraTrendsService.ts::program:<lambda>0:<lambda>9:periodMap,periodMap,18,"Map<string, DoraTrendDataPoint>;__ecma.Map",<empty>,254,periodMap,,,0,,ANY
94489282582,LOCAL,,_tmp_17,2,,<empty>,253,_tmp_17,,,0,,QueryResult<any>:<member>(rows)
94489282583,LOCAL,services/doraMetrics/doraTrendsService.ts::program:<lambda>0:<lambda>8:periodMap,periodMap,18,"Map<string, DoraTrendDataPoint>;__ecma.Map",<empty>,245,periodMap,,,0,,ANY
94489282584,LOCAL,,_tmp_16,2,,<empty>,244,_tmp_16,,,0,,QueryResult<any>:<member>(rows)
94489282585,LOCAL,services/doraMetrics/doraTrendsService.ts::program:<lambda>0:<lambda>7:periodMap,periodMap,18,"Map<string, DoraTrendDataPoint>;__ecma.Map",<empty>,236,periodMap,,,0,,ANY
94489282586,LOCAL,,_tmp_15,2,,<empty>,235,_tmp_15,,,0,,QueryResult<any>:<member>(rows)
94489282587,LOCAL,services/doraMetrics/doraTrendsService.ts::program:<lambda>0:<lambda>6:periodMap,periodMap,18,"Map<string, DoraTrendDataPoint>;__ecma.Map",<empty>,227,periodMap,,,0,,ANY
94489282588,LOCAL,,_tmp_14,2,,<empty>,226,_tmp_14,,,0,,QueryResult<any>:<member>(rows)
94489282589,LOCAL,services/doraMetrics/doraTrendsService.ts::program:<lambda>0:<lambda>5:periodMap,periodMap,4,"Map<string, DoraTrendDataPoint>;__ecma.Map",<empty>,212,periodMap,,,0,,ANY
94489282590,LOCAL,services/doraMetrics/doraTrendsService.ts::program:<lambda>0:<lambda>4:allPeriods,allPeriods,36,Set<string>;__ecma.Set,<empty>,208,allPeriods,,,0,,ANY
94489282591,LOCAL,,_tmp_12,2,,<empty>,208,_tmp_12,,,0,,QueryResult<any>:<member>(rows)
94489282592,LOCAL,services/doraMetrics/doraTrendsService.ts::program:<lambda>0:<lambda>3:allPeriods,allPeriods,36,Set<string>;__ecma.Set,<empty>,207,allPeriods,,,0,,ANY
94489282593,LOCAL,,_tmp_11,2,,<empty>,207,_tmp_11,,,0,,QueryResult<any>:<member>(rows)
94489282594,LOCAL,services/doraMetrics/doraTrendsService.ts::program:<lambda>0:<lambda>2:allPeriods,allPeriods,37,Set<string>;__ecma.Set,<empty>,206,allPeriods,,,0,,ANY
94489282595,LOCAL,,_tmp_10,2,,<empty>,206,_tmp_10,,,0,,QueryResult<any>:<member>(rows)
94489282596,LOCAL,services/doraMetrics/doraTrendsService.ts::program:<lambda>0:<lambda>1:allPeriods,allPeriods,39,Set<string>;__ecma.Set,<empty>,205,allPeriods,,,0,,ANY
94489282597,LOCAL,,_tmp_9,2,,<empty>,205,_tmp_9,,,0,,QueryResult<any>:<member>(rows)
94489282598,LOCAL,,Set,25,,<empty>,203,Set,,,0,,SetConstructor
94489282599,LOCAL,,_tmp_8,21,,<empty>,203,_tmp_8,,,0,,__ecma.Set
94489282600,LOCAL,,Map,24,,<empty>,200,Map,,,0,,MapConstructor
94489282601,LOCAL,,_tmp_7,20,,<empty>,200,_tmp_7,,,0,,__ecma.Map
94489282602,LOCAL,,_tmp_6,55,,<empty>,197,_tmp_6,,,0,,__ecma.Array
94489282603,LOCAL,,periods,2,__ecma.Number;__ecma.Math:min:<returnValue>,<empty>,85,periods,,,0,,__ecma.Number
94489282604,LOCAL,,_tmp_5,55,,<empty>,180,_tmp_5,,,0,,__ecma.Array
94489282605,LOCAL,,_tmp_4,57,,<empty>,159,_tmp_4,,,0,,__ecma.Array
94489282606,LOCAL,,_tmp_3,61,,<empty>,142,_tmp_3,,,0,,__ecma.Array
94489282607,LOCAL,,console,2,,<empty>,137,console,,,0,,__whatwg.console
94489282608,LOCAL,,offset,2,__ecma.Number;__ecma.Math:max:<returnValue>,<empty>,86,offset,,,0,,__ecma.Number
94489282609,LOCAL,,Math,12,,<empty>,89,Math,,,0,,__ecma.Math
94489282610,LOCAL,services/doraMetrics/doraTrendsService.ts::program:<lambda>0:getPool,getPool,15,,<empty>,88,getPool,,,0,,() => Pool
94489282611,LOCAL,,DoraTrendResponse,0,,<empty>,18,DoraTrendResponse,,,0,,ANY
94489282612,LOCAL,,DoraTrendDataPoint,0,,<empty>,6,DoraTrendDataPoint,,,0,,ANY
94489282613,LOCAL,,Math,6,,<empty>,63,Math,,,0,,__ecma.Math
94489282614,LOCAL,,lowerIsBetter,59,,<empty>,52,lowerIsBetter,,,0,,__ecma.Boolean
94489282615,LOCAL,,getPool,0,,<empty>,4,getPool,,,0,,() => Pool
94489282616,LOCAL,,saveWeeklyDoraSnapshot,13,,<empty>,24,saveWeeklyDoraSnapshot,,,0,"(projectId: __ecma.Number, weekStartDate: Date, weekEndDate: Date) => Promise<WeeklyDoraSnapshot>","(projectId: __ecma.Number, weekStartDate: Date, weekEndDate: Date) => Promise<WeeklyDoraSnapshot>"
94489282617,LOCAL,,pool,8,Pool;pg:Pool;Pool | __ecma.Null;__ecma.Null,<empty>,29,pool,,,0,Pool,Pool
94489282618,LOCAL,,deploymentQuery,8,,<empty>,32,deploymentQuery,,,0,__ecma.String,__ecma.String
94489282619,LOCAL,,changeFailureQuery,8,"""\\n    SELECT \\n      COUNT(*) as total_deployments,\\n      COUNT(*) FILTER (WHERE is_failure = true) as failed_deployments,\\n      CASE \\n        WHEN COUNT(*) > 0 THEN (COUNT(*) FILTER (WHERE is_failure = true)::DECIMAL / COUNT(*)) * 100\\n        ELSE 0\\n      END as failure_rate\\n    FROM change_failure_rate\\n   ...;__ecma.String",<empty>,42,changeFailureQuery,,,0,"""\\n    SELECT \\n      COUNT(*) as total_deployments,\\n      COUNT(*) FILTER (WHERE is_failure = true) as failed_deployments,\\n      CASE \\n        WHEN COUNT(*) > 0 THEN (COUNT(*) FILTER (WHERE is_failure = true)::DECIMAL / COUNT(*)) * 100\\n        ELSE 0\\n      END as failure_rate\\n    FROM change_failure_rate\\n   ...",ANY
94489282620,LOCAL,,leadTimeQuery,8,,<empty>,56,leadTimeQuery,,,0,__ecma.String,__ecma.String
94489282621,LOCAL,,restoreTimeQuery,8,,<empty>,66,restoreTimeQuery,,,0,__ecma.String,__ecma.String
94489282622,LOCAL,,"[deploymentResult, changeFailureResult, leadTimeResult, restoreTimeResult]",8,,<empty>,76,"[deploymentResult, changeFailureResult, leadTimeResult, restoreTimeResult]",,,0,ANY,ANY
94489282623,LOCAL,,_tmp_0,103,,<empty>,76,_tmp_0,,,0,,__ecma.Array
94489282624,LOCAL,,_tmp_1,32,,<empty>,77,_tmp_1,,,0,,__ecma.Array
94489282625,LOCAL,,_tmp_2,35,,<empty>,78,_tmp_2,,,0,,__ecma.Array
94489282626,LOCAL,,_tmp_3,30,,<empty>,79,_tmp_3,,,0,,__ecma.Array
94489282627,LOCAL,,_tmp_4,33,,<empty>,80,_tmp_4,,,0,,__ecma.Array
94489282628,LOCAL,,_tmp_5,8,,<empty>,76,_tmp_5,,,0,,ANY
94489282629,LOCAL,,deploymentResult,9,,<empty>,76,deploymentResult,,,0,,QueryResult<any>
94489282630,LOCAL,,changeFailureResult,27,,<empty>,76,changeFailureResult,,,0,,QueryResult<any>
94489282631,LOCAL,,leadTimeResult,48,,<empty>,76,leadTimeResult,,,0,,QueryResult<any>
94489282632,LOCAL,,restoreTimeResult,64,,<empty>,76,restoreTimeResult,,,0,,QueryResult<any>
94489282633,LOCAL,,deploymentData,8,,<empty>,83,deploymentData,,,0,ANY,ANY
94489282634,LOCAL,,changeFailureData,8,,<empty>,84,changeFailureData,,,0,ANY,ANY
94489282635,LOCAL,,leadTimeData,8,,<empty>,85,leadTimeData,,,0,ANY,ANY
94489282636,LOCAL,,restoreTimeData,8,,<empty>,86,restoreTimeData,,,0,ANY,ANY
94489282637,LOCAL,,insertQuery,8,"""\\n    INSERT INTO weekly_dora_snapshots (\\n      project_id,\\n      week_start_date,\\n      week_end_date,\\n      total_deployments,\\n      production_deployments,\\n      failed_deployments,\\n      failure_rate_percent,\\n      total_changes,\\n      avg_lead_time_hours,\\n      total_incidents,\\n      avg_restore_tim...;__ecma.String",<empty>,89,insertQuery,,,0,"""\\n    INSERT INTO weekly_dora_snapshots (\\n      project_id,\\n      week_start_date,\\n      week_end_date,\\n      total_deployments,\\n      production_deployments,\\n      failed_deployments,\\n      failure_rate_percent,\\n      total_changes,\\n      avg_lead_time_hours,\\n      total_incidents,\\n      avg_restore_tim...",ANY
94489282638,LOCAL,,result,8,,<empty>,118,result,,,0,QueryResult<any>,QueryResult<any>
94489282639,LOCAL,,_tmp_6,47,,<empty>,118,_tmp_6,,,0,,__ecma.Array
94489282640,LOCAL,,saveWeeklySnapshotsForAllProjects,13,,<empty>,138,saveWeeklySnapshotsForAllProjects,,,0,"(weekStartDate: Date, weekEndDate: Date) => Promise<void>","(weekStartDate: Date, weekEndDate: Date) => Promise<void>"
94489282641,LOCAL,,pool,8,Pool;pg:Pool;Pool | __ecma.Null;__ecma.Null,<empty>,142,pool,,,0,Pool,Pool
94489282642,LOCAL,,projectsQuery,8,,<empty>,145,projectsQuery,,,0,__ecma.String,__ecma.String
94489282643,LOCAL,,projectsResult,8,,<empty>,148,projectsResult,,,0,QueryResult<any>,QueryResult<any>
94489282644,LOCAL,,projectIds,8,,<empty>,149,projectIds,,,0,__ecma.Array,__ecma.Array
94489282645,LOCAL,,_iterator_0,2,,<empty>,153,_iterator_0,,,0,,ANY
94489282646,LOCAL,,_result_0,2,,<empty>,153,_result_0,,,0,,next:<returnValue>
94489282647,LOCAL,,projectId,2,__ecma.Number;_result_0:value:<returnValue>:<member>(value),<empty>,153,projectId,,,0,,__ecma.Number
94489282648,LOCAL,,getPreviousWeekDates,13,,<empty>,168,getPreviousWeekDates,,,0,() => { weekStart: Date; weekEnd: Date; },() => { weekStart: Date; weekEnd: Date; }
94489282649,LOCAL,,now,8,DateConstructor;__ecma.Date,<empty>,169,now,,,0,Date,DateConstructor
94489282650,LOCAL,,_tmp_8,14,,<empty>,169,_tmp_8,,,0,,__ecma.Date
94489282651,LOCAL,,dayOfWeek,8,__ecma.Number;DateConstructor:getDay:<returnValue>;__ecma.Date:getDay:<returnValue>,<empty>,170,dayOfWeek,,,0,__ecma.Number,__ecma.Number
94489282652,LOCAL,,daysToLastSunday,8,,<empty>,173,daysToLastSunday,,,0,__ecma.Number,__ecma.Number
94489282653,LOCAL,,lastSunday,8,DateConstructor;__ecma.Date,<empty>,175,lastSunday,,,0,Date,DateConstructor
94489282654,LOCAL,,_tmp_9,21,,<empty>,175,_tmp_9,,,0,,__ecma.Date
94489282655,LOCAL,,lastSaturday,8,DateConstructor;__ecma.Date,<empty>,179,lastSaturday,,,0,Date,DateConstructor
94489282656,LOCAL,,_tmp_10,23,,<empty>,179,_tmp_10,,,0,,__ecma.Date
94489282657,LOCAL,,_tmp_11,9,,<empty>,183,_tmp_11,,,0,,ANY
94489282658,LOCAL,,captureLastWeekSnapshots,13,,<empty>,192,captureLastWeekSnapshots,,,0,() => Promise<void>,() => Promise<void>
94489282659,LOCAL,,"{ weekStart, weekEnd }",8,,<empty>,193,"{ weekStart, weekEnd }",,,0,ANY,ANY
94489282660,LOCAL,,_tmp_12,8,,<empty>,193,_tmp_12,,,0,,services/doraMetrics/weeklyDoraSnapshotService.ts::program:getPreviousWeekDates:<returnValue>
94489282661,LOCAL,,weekStart,10,,<empty>,193,weekStart,,,0,,DateConstructor
94489282662,LOCAL,,weekEnd,21,,<empty>,193,weekEnd,,,0,,DateConstructor
94489282663,LOCAL,,getWeeklySnapshotsForProject,13,,<empty>,203,getWeeklySnapshotsForProject,,,0,"(projectId: __ecma.Number, limit?: __ecma.Number) => Promise<WeeklyDoraSnapshot[]>","(projectId: __ecma.Number, limit?: __ecma.Number) => Promise<WeeklyDoraSnapshot[]>"
94489282664,LOCAL,,pool,8,Pool;pg:Pool;Pool | __ecma.Null;__ecma.Null,<empty>,207,pool,,,0,Pool,Pool
94489282665,LOCAL,,query,8,,<empty>,209,query,,,0,__ecma.String,__ecma.String
94489282666,LOCAL,,result,8,,<empty>,217,result,,,0,QueryResult<any>,QueryResult<any>
94489282667,LOCAL,,_tmp_13,41,,<empty>,217,_tmp_13,,,0,,__ecma.Array
94489282668,LOCAL,,limit,2,,<empty>,205,limit,,,0,,__ecma.Number
94489282669,LOCAL,,_tmp_13,41,,<empty>,217,_tmp_13,,,0,,__ecma.Array
94489282670,LOCAL,services/doraMetrics/weeklyDoraSnapshotService.ts::program:<lambda>5:getPool,getPool,15,,<empty>,207,getPool,,,0,,() => Pool
94489282671,LOCAL,services/doraMetrics/weeklyDoraSnapshotService.ts::program:<lambda>4:saveWeeklySnapshotsForAllProjects,saveWeeklySnapshotsForAllProjects,8,,<empty>,197,saveWeeklySnapshotsForAllProjects,,,0,,"(weekStartDate: Date, weekEndDate: Date) => Promise<void>"
94489282672,LOCAL,,console,2,,<empty>,195,console,,,0,,__whatwg.console
94489282673,LOCAL,services/doraMetrics/weeklyDoraSnapshotService.ts::program:<lambda>4:getPreviousWeekDates,getPreviousWeekDates,33,,<empty>,193,getPreviousWeekDates,,,0,,() => { weekStart: Date; weekEnd: Date; }
94489282674,LOCAL,,Date,18,,<empty>,169,Date,,,0,,DateConstructor
94489282675,LOCAL,,_tmp_10,23,,<empty>,179,_tmp_10,,,0,,__ecma.Date
94489282676,LOCAL,,_tmp_9,21,,<empty>,175,_tmp_9,,,0,,__ecma.Date
94489282677,LOCAL,,_tmp_8,14,,<empty>,169,_tmp_8,,,0,,__ecma.Date
94489282678,LOCAL,,console,2,,<empty>,151,console,,,0,,__whatwg.console
94489282679,LOCAL,,error,13,,<empty>,157,error,,,0,,ANY
94489282680,LOCAL,,projectId,2,__ecma.Number;_result_0:value:<returnValue>:<member>(value),<empty>,153,projectId,,,0,,__ecma.Number
94489282681,LOCAL,services/doraMetrics/weeklyDoraSnapshotService.ts::program:<lambda>1:saveWeeklyDoraSnapshot,saveWeeklyDoraSnapshot,12,,<empty>,155,saveWeeklyDoraSnapshot,,,0,,"(projectId: __ecma.Number, weekStartDate: Date, weekEndDate: Date) => Promise<WeeklyDoraSnapshot>"
94489282682,LOCAL,,_result_0,2,,<empty>,153,_result_0,,,0,,next:<returnValue>
94489282683,LOCAL,,_iterator_0,2,,<empty>,153,_iterator_0,,,0,,ANY
94489282684,LOCAL,,_tmp_7,21,,<empty>,149,_tmp_7,,,0,,QueryResult<any>:<member>(rows)
94489282685,LOCAL,services/doraMetrics/weeklyDoraSnapshotService.ts::program:<lambda>1:getPool,getPool,15,,<empty>,142,getPool,,,0,,() => Pool
94489282686,LOCAL,,_tmp_6,47,,<empty>,118,_tmp_6,,,0,,__ecma.Array
94489282687,LOCAL,,_tmp_4,33,,<empty>,80,_tmp_4,,,0,,__ecma.Array
94489282688,LOCAL,,_tmp_3,30,,<empty>,79,_tmp_3,,,0,,__ecma.Array
94489282689,LOCAL,,_tmp_2,35,,<empty>,78,_tmp_2,,,0,,__ecma.Array
94489282690,LOCAL,,_tmp_1,32,,<empty>,77,_tmp_1,,,0,,__ecma.Array
94489282691,LOCAL,,_tmp_0,103,,<empty>,76,_tmp_0,,,0,,__ecma.Array
94489282692,LOCAL,services/doraMetrics/weeklyDoraSnapshotService.ts::program:<lambda>0:getPool,getPool,15,,<empty>,29,getPool,,,0,,() => Pool
94489282693,LOCAL,,gitlabClient,0,services/gitlab/gitlabClient.ts::program:GitLabClient;GitLabClient,<empty>,2,gitlabClient,,,0,,ANY
94489282694,LOCAL,,GitLabCommit,0,,<empty>,3,GitLabCommit,,,0,,ANY
94489282695,LOCAL,,client,12,AxiosInstance;services/gitlab/gitlabClient.ts::program:GitLabClient:getClient:<returnValue>;GitLabClient:getClient:<returnValue>,<empty>,15,client,,,0,AxiosInstance,AxiosInstance
94489282696,LOCAL,,params,12,,<empty>,16,params,,,0,ANY,ANY
94489282697,LOCAL,,_tmp_0,26,,<empty>,16,_tmp_0,,,0,,ANY
94489282698,LOCAL,,response,12,,<empty>,25,response,,,0,"AxiosResponse<any, ANY, __ecma.Object>","AxiosResponse<any, ANY, __ecma.Object>"
94489282699,LOCAL,,_tmp_1,85,,<empty>,25,_tmp_1,,,0,,ANY
94489282700,LOCAL,,client,12,AxiosInstance;services/gitlab/gitlabClient.ts::program:GitLabClient:getClient:<returnValue>;GitLabClient:getClient:<returnValue>,<empty>,41,client,,,0,AxiosInstance,AxiosInstance
94489282701,LOCAL,,response,12,,<empty>,42,response,,,0,"AxiosResponse<any, ANY, __ecma.Object>","AxiosResponse<any, ANY, __ecma.Object>"
94489282702,LOCAL,,_tmp_2,8,,<empty>,44,_tmp_2,,,0,,ANY
94489282703,LOCAL,,_tmp_3,18,,<empty>,45,_tmp_3,,,0,,ANY
94489282704,LOCAL,,client,12,AxiosInstance;services/gitlab/gitlabClient.ts::program:GitLabClient:getClient:<returnValue>;GitLabClient:getClient:<returnValue>,<empty>,66,client,,,0,AxiosInstance,AxiosInstance
94489282705,LOCAL,,params,12,,<empty>,67,params,,,0,ANY,ANY
94489282706,LOCAL,,_tmp_4,26,,<empty>,67,_tmp_4,,,0,,ANY
94489282707,LOCAL,,response,12,,<empty>,75,response,,,0,"AxiosResponse<any, ANY, __ecma.Object>","AxiosResponse<any, ANY, __ecma.Object>"
94489282708,LOCAL,,_tmp_5,8,,<empty>,77,_tmp_5,,,0,,ANY
94489282709,LOCAL,,total,12,,<empty>,80,total,,,0,ANY,ANY
94489282710,LOCAL,,GitLabCommitService,0,,<empty>,5,GitLabCommitService,,,0,,services/gitlab/gitLabCommitService.ts::program:GitLabCommitService
94489282711,LOCAL,,_tmp_6,15,,<empty>,89,_tmp_6,,,0,,services/gitlab/gitLabCommitService.ts::program:GitLabCommitService
94489282712,LOCAL,,_tmp_6,15,,<empty>,89,_tmp_6,,,0,,services/gitlab/gitLabCommitService.ts::program:GitLabCommitService
94489282713,LOCAL,,error,13,,<empty>,82,error,,,0,,ANY
94489282714,LOCAL,,console,6,,<empty>,83,console,,,0,,__whatwg.console
94489282715,LOCAL,services/gitlab/gitLabCommitService.ts::program:GitLabCommitService:<init>:<lambda>2:gitlabClient,gitlabClient,21,services/gitlab/gitlabClient.ts::program:GitLabClient;GitLabClient,<empty>,66,gitlabClient,,,0,,ANY
94489282716,LOCAL,services/gitlab/gitLabCommitService.ts::program:GitLabCommitService:<init>:gitlabClient,gitlabClient,,services/gitlab/gitlabClient.ts::program:GitLabClient;GitLabClient,<empty>,,gitlabClient,,,0,,ANY
94489282717,LOCAL,,getCommitCount,2,,<empty>,61,getCommitCount,,,0,,"(projectId: __ecma.Number, since?: __ecma.String | ANY) => Promise<number>"
94489282718,LOCAL,,error,13,,<empty>,52,error,,,0,,ANY
94489282719,LOCAL,,console,6,,<empty>,53,console,,,0,,__whatwg.console
94489282720,LOCAL,services/gitlab/gitLabCommitService.ts::program:GitLabCommitService:<init>:<lambda>1:gitlabClient,gitlabClient,21,services/gitlab/gitlabClient.ts::program:GitLabClient;GitLabClient,<empty>,41,gitlabClient,,,0,,ANY
94489282721,LOCAL,,getCommit,2,,<empty>,39,getCommit,,,0,,"(projectId: __ecma.Number, sha: __ecma.String) => Promise<any>"
94489282722,LOCAL,,error,13,,<empty>,30,error,,,0,,ANY
94489282723,LOCAL,,console,6,,<empty>,31,console,,,0,,__whatwg.console
94489282724,LOCAL,,perPage,4,,<empty>,12,perPage,,,0,,__ecma.Number
94489282725,LOCAL,services/gitlab/gitLabCommitService.ts::program:GitLabCommitService:<init>:<lambda>0:gitlabClient,gitlabClient,21,services/gitlab/gitlabClient.ts::program:GitLabClient;GitLabClient,<empty>,15,gitlabClient,,,0,,ANY
94489282726,LOCAL,,getCommits,2,,<empty>,9,getCommits,,,0,,"(projectId: __ecma.Number, since?: __ecma.String | ANY, perPage?: __ecma.Number) => Promise<GitLabCommit[]>"
94489282727,LOCAL,,gitlabClient,0,services/gitlab/gitlabClient.ts::program:GitLabClient;GitLabClient,<empty>,2,gitlabClient,,,0,,ANY
94489282728,LOCAL,,GitLabIssues,0,,<empty>,3,GitLabIssues,,,0,,ANY
94489282729,LOCAL,,GitLabIssueStateEvent,0,,<empty>,4,GitLabIssueStateEvent,,,0,,ANY
94489282730,LOCAL,,GitLabIssueMRReference,0,,<empty>,4,GitLabIssueMRReference,,,0,,ANY
94489282731,LOCAL,,client,12,AxiosInstance;services/gitlab/gitlabClient.ts::program:GitLabClient:getClient:<returnValue>;GitLabClient:getClient:<returnValue>,<empty>,12,client,,,0,AxiosInstance,AxiosInstance
94489282732,LOCAL,,response,12,,<empty>,13,response,,,0,"AxiosResponse<any, ANY, __ecma.Object>","AxiosResponse<any, ANY, __ecma.Object>"
94489282733,LOCAL,,_tmp_0,73,,<empty>,13,_tmp_0,,,0,,ANY
94489282734,LOCAL,,_tmp_1,16,,<empty>,14,_tmp_1,,,0,,ANY
94489282735,LOCAL,,_tmp_2,12,,<empty>,25,_tmp_2,,,0,,__ecma.Error
94489282736,LOCAL,,client,12,AxiosInstance;services/gitlab/gitlabClient.ts::program:GitLabClient:getClient:<returnValue>;GitLabClient:getClient:<returnValue>,<empty>,38,client,,,0,AxiosInstance,AxiosInstance
94489282737,LOCAL,,response,12,,<empty>,39,response,,,0,"AxiosResponse<any, ANY, __ecma.Object>","AxiosResponse<any, ANY, __ecma.Object>"
94489282738,LOCAL,,_tmp_3,73,,<empty>,39,_tmp_3,,,0,,ANY
94489282739,LOCAL,,_tmp_4,16,,<empty>,40,_tmp_4,,,0,,ANY
94489282740,LOCAL,,total,12,,<empty>,46,total,,,0,ANY,ANY
94489282741,LOCAL,,client,12,AxiosInstance;services/gitlab/gitlabClient.ts::program:GitLabClient:getClient:<returnValue>;GitLabClient:getClient:<returnValue>,<empty>,64,client,,,0,AxiosInstance,AxiosInstance
94489282742,LOCAL,,allIssues,12,,<empty>,65,allIssues,,,0,__ecma.Array,__ecma.Array
94489282743,LOCAL,,page,10,,<empty>,66,page,,,0,__ecma.Number,__ecma.Number
94489282744,LOCAL,,perPage,12,,<empty>,67,perPage,,,0,__ecma.Number,__ecma.Number
94489282745,LOCAL,,cutoffDate,12,,<empty>,70,cutoffDate,,,0,Date | __ecma.Null,Date | __ecma.Null
94489282746,LOCAL,,_tmp_5,39,,<empty>,70,_tmp_5,,,0,,__ecma.Date
94489282747,LOCAL,,response,14,,<empty>,73,response,,,0,"AxiosResponse<any, ANY, __ecma.Object>","AxiosResponse<any, ANY, __ecma.Object>"
94489282748,LOCAL,,_tmp_6,75,,<empty>,73,_tmp_6,,,0,,ANY
94489282749,LOCAL,,_tmp_7,18,,<empty>,74,_tmp_7,,,0,,ANY
94489282750,LOCAL,,issues,14,,<empty>,83,issues,,,0,ANY,ANY
94489282751,LOCAL,,_iterator_0,10,,<empty>,91,_iterator_0,,,0,,ANY
94489282752,LOCAL,,_result_0,10,,<empty>,91,_result_0,,,0,,next:<returnValue>
94489282753,LOCAL,,issue,10,,<empty>,91,issue,,,0,,_result_0:value:<returnValue>:<member>(value)
94489282754,LOCAL,,closedDate,20,DateConstructor;__ecma.Date,<empty>,93,closedDate,,,0,Date,DateConstructor
94489282755,LOCAL,,_tmp_8,33,,<empty>,93,_tmp_8,,,0,,__ecma.Date
94489282756,LOCAL,,client,12,AxiosInstance;services/gitlab/gitlabClient.ts::program:GitLabClient:getClient:<returnValue>;GitLabClient:getClient:<returnValue>,<empty>,137,client,,,0,AxiosInstance,AxiosInstance
94489282757,LOCAL,,allIssues,12,,<empty>,138,allIssues,,,0,__ecma.Array,__ecma.Array
94489282758,LOCAL,,page,10,,<empty>,139,page,,,0,__ecma.Number,__ecma.Number
94489282759,LOCAL,,perPage,12,,<empty>,140,perPage,,,0,__ecma.Number,__ecma.Number
94489282760,LOCAL,,response,14,,<empty>,143,response,,,0,"AxiosResponse<any, ANY, __ecma.Object>","AxiosResponse<any, ANY, __ecma.Object>"
94489282761,LOCAL,,_tmp_9,75,,<empty>,143,_tmp_9,,,0,,ANY
94489282762,LOCAL,,_tmp_10,18,,<empty>,144,_tmp_10,,,0,,ANY
94489282763,LOCAL,,issues,14,,<empty>,153,issues,,,0,ANY,ANY
94489282764,LOCAL,,client,12,AxiosInstance;services/gitlab/gitlabClient.ts::program:GitLabClient:getClient:<returnValue>;GitLabClient:getClient:<returnValue>,<empty>,186,client,,,0,AxiosInstance,AxiosInstance
94489282765,LOCAL,,params,12,,<empty>,187,params,,,0,ANY,ANY
94489282766,LOCAL,,_tmp_11,26,,<empty>,187,_tmp_11,,,0,,ANY
94489282767,LOCAL,,response,12,,<empty>,197,response,,,0,"AxiosResponse<any, ANY, __ecma.Object>","AxiosResponse<any, ANY, __ecma.Object>"
94489282768,LOCAL,,_tmp_12,73,,<empty>,197,_tmp_12,,,0,,ANY
94489282769,LOCAL,,client,12,AxiosInstance;services/gitlab/gitlabClient.ts::program:GitLabClient:getClient:<returnValue>;GitLabClient:getClient:<returnValue>,<empty>,211,client,,,0,AxiosInstance,AxiosInstance
94489282770,LOCAL,,allIssues,12,,<empty>,212,allIssues,,,0,__ecma.Array,__ecma.Array
94489282771,LOCAL,,page,10,,<empty>,213,page,,,0,__ecma.Number,__ecma.Number
94489282772,LOCAL,,perPage,12,,<empty>,214,perPage,,,0,__ecma.Number,__ecma.Number
94489282773,LOCAL,,response,14,,<empty>,217,response,,,0,"AxiosResponse<any, ANY, __ecma.Object>","AxiosResponse<any, ANY, __ecma.Object>"
94489282774,LOCAL,,_tmp_13,75,,<empty>,217,_tmp_13,,,0,,ANY
94489282775,LOCAL,,_tmp_14,18,,<empty>,218,_tmp_14,,,0,,ANY
94489282776,LOCAL,,issues,14,,<empty>,227,issues,,,0,ANY,ANY
94489282777,LOCAL,,client,12,AxiosInstance;services/gitlab/gitlabClient.ts::program:GitLabClient:getClient:<returnValue>;GitLabClient:getClient:<returnValue>,<empty>,255,client,,,0,AxiosInstance,AxiosInstance
94489282778,LOCAL,,response,12,,<empty>,256,response,,,0,"AxiosResponse<any, ANY, __ecma.Object>","AxiosResponse<any, ANY, __ecma.Object>"
94489282779,LOCAL,,client,12,AxiosInstance;services/gitlab/gitlabClient.ts::program:GitLabClient:getClient:<returnValue>;GitLabClient:getClient:<returnValue>,<empty>,272,client,,,0,AxiosInstance,AxiosInstance
94489282780,LOCAL,,response,12,,<empty>,273,response,,,0,"AxiosResponse<any, ANY, __ecma.Object>","AxiosResponse<any, ANY, __ecma.Object>"
94489282781,LOCAL,,client,12,AxiosInstance;services/gitlab/gitlabClient.ts::program:GitLabClient:getClient:<returnValue>;GitLabClient:getClient:<returnValue>,<empty>,289,client,,,0,AxiosInstance,AxiosInstance
94489282782,LOCAL,,response,12,,<empty>,290,response,,,0,"AxiosResponse<any, ANY, __ecma.Object>","AxiosResponse<any, ANY, __ecma.Object>"
94489282783,LOCAL,,GitLabIssueService,0,,<empty>,6,GitLabIssueService,,,0,,services/gitlab/gitLabIssueService.ts::program:GitLabIssueService
94489282784,LOCAL,,_tmp_15,15,,<empty>,301,_tmp_15,,,0,,services/gitlab/gitLabIssueService.ts::program:GitLabIssueService
94489282785,LOCAL,,_tmp_15,15,,<empty>,301,_tmp_15,,,0,,services/gitlab/gitLabIssueService.ts::program:GitLabIssueService
94489282786,LOCAL,,error,13,,<empty>,295,error,,,0,,ANY
94489282787,LOCAL,services/gitlab/gitLabIssueService.ts::program:GitLabIssueService:<init>:<lambda>8:gitlabClient,gitlabClient,21,services/gitlab/gitlabClient.ts::program:GitLabClient;GitLabClient,<empty>,289,gitlabClient,,,0,,ANY
94489282788,LOCAL,services/gitlab/gitLabIssueService.ts::program:GitLabIssueService:<init>:gitlabClient,gitlabClient,,services/gitlab/gitlabClient.ts::program:GitLabClient;GitLabClient,<empty>,,gitlabClient,,,0,,ANY
94489282789,LOCAL,,getIssueLinks,2,,<empty>,287,getIssueLinks,,,0,,"(projectId: __ecma.Number, issueIid: __ecma.Number) => Promise<any[]>"
94489282790,LOCAL,,error,13,,<empty>,278,error,,,0,,ANY
94489282791,LOCAL,services/gitlab/gitLabIssueService.ts::program:GitLabIssueService:<init>:<lambda>7:gitlabClient,gitlabClient,21,services/gitlab/gitlabClient.ts::program:GitLabClient;GitLabClient,<empty>,272,gitlabClient,,,0,,ANY
94489282792,LOCAL,,getIssueClosedBy,2,,<empty>,270,getIssueClosedBy,,,0,,"(projectId: __ecma.Number, issueIid: __ecma.Number) => Promise<GitLabIssueMRReference[]>"
94489282793,LOCAL,,error,13,,<empty>,261,error,,,0,,ANY
94489282794,LOCAL,,console,6,,<empty>,262,console,,,0,,__whatwg.console
94489282795,LOCAL,services/gitlab/gitLabIssueService.ts::program:GitLabIssueService:<init>:<lambda>6:gitlabClient,gitlabClient,21,services/gitlab/gitlabClient.ts::program:GitLabClient;GitLabClient,<empty>,255,gitlabClient,,,0,,ANY
94489282796,LOCAL,,getIssueStateEvents,2,,<empty>,253,getIssueStateEvents,,,0,,"(projectId: __ecma.Number, issueIid: __ecma.Number) => Promise<GitLabIssueStateEvent[]>"
94489282797,LOCAL,,error,13,,<empty>,244,error,,,0,,ANY
94489282798,LOCAL,,console,6,,<empty>,245,console,,,0,,__whatwg.console
94489282799,LOCAL,,maxResults,44,,<empty>,209,maxResults,,,0,,__ecma.Number
94489282800,LOCAL,services/gitlab/gitLabIssueService.ts::program:GitLabIssueService:<init>:<lambda>5:gitlabClient,gitlabClient,21,services/gitlab/gitlabClient.ts::program:GitLabClient;GitLabClient,<empty>,211,gitlabClient,,,0,,ANY
94489282801,LOCAL,,getOpenIssues,2,,<empty>,209,getOpenIssues,,,0,,"(projectId: __ecma.Number, maxResults?: __ecma.Number) => Promise<GitLabIssues[]>"
94489282802,LOCAL,,error,13,,<empty>,199,error,,,0,,ANY
94489282803,LOCAL,,console,6,,<empty>,200,console,,,0,,__whatwg.console
94489282804,LOCAL,,state,4,,<empty>,183,state,,,0,,__ecma.String
94489282805,LOCAL,services/gitlab/gitLabIssueService.ts::program:GitLabIssueService:<init>:<lambda>4:gitlabClient,gitlabClient,21,services/gitlab/gitlabClient.ts::program:GitLabClient;GitLabClient,<empty>,186,gitlabClient,,,0,,ANY
94489282806,LOCAL,,getIssuesByLabel,2,,<empty>,179,getIssuesByLabel,,,0,,"(projectId: __ecma.Number, labels: __ecma.String[], createdAfter?: __ecma.String | ANY, state?: __ecma.Array>"
94489282807,LOCAL,,error,13,,<empty>,170,error,,,0,,ANY
94489282808,LOCAL,,console,6,,<empty>,171,console,,,0,,__whatwg.console
94489282809,LOCAL,,maxResults,4,,<empty>,134,maxResults,,,0,,__ecma.Number
94489282810,LOCAL,services/gitlab/gitLabIssueService.ts::program:GitLabIssueService:<init>:<lambda>3:gitlabClient,gitlabClient,21,services/gitlab/gitlabClient.ts::program:GitLabClient;GitLabClient,<empty>,137,gitlabClient,,,0,,ANY
94489282811,LOCAL,,getOpenedIssues,2,,<empty>,131,getOpenedIssues,,,0,,"(projectId: __ecma.Number, createdAfter: __ecma.String, maxResults?: __ecma.Number) => Promise<GitLabIssues[]>"
94489282812,LOCAL,,error,13,,<empty>,121,error,,,0,,ANY
94489282813,LOCAL,,console,10,,<empty>,115,console,,,0,,__whatwg.console
94489282814,LOCAL,,maxResults,4,,<empty>,61,maxResults,,,0,,__ecma.Number
94489282815,LOCAL,,issue,10,,<empty>,91,issue,,,0,,_result_0:value:<returnValue>:<member>(value)
94489282816,LOCAL,,Date,43,,<empty>,70,Date,,,0,,DateConstructor
94489282817,LOCAL,,_tmp_8,33,,<empty>,93,_tmp_8,,,0,,__ecma.Date
94489282818,LOCAL,,_result_0,10,,<empty>,91,_result_0,,,0,,next:<returnValue>
94489282819,LOCAL,,_iterator_0,10,,<empty>,91,_iterator_0,,,0,,ANY
94489282820,LOCAL,,_tmp_5,39,,<empty>,70,_tmp_5,,,0,,__ecma.Date
94489282821,LOCAL,services/gitlab/gitLabIssueService.ts::program:GitLabIssueService:<init>:<lambda>2:gitlabClient,gitlabClient,21,services/gitlab/gitlabClient.ts::program:GitLabClient;GitLabClient,<empty>,64,gitlabClient,,,0,,ANY
94489282822,LOCAL,,getClosedIssues,2,,<empty>,58,getClosedIssues,,,0,,"(projectId: __ecma.Number, closedAfter?: __ecma.String | ANY, maxResults?: __ecma.Number) => Promise<GitLabIssues[]>"
94489282823,LOCAL,,error,13,,<empty>,48,error,,,0,,ANY
94489282824,LOCAL,,console,6,,<empty>,49,console,,,0,,__whatwg.console
94489282825,LOCAL,services/gitlab/gitLabIssueService.ts::program:GitLabIssueService:<init>:<lambda>1:gitlabClient,gitlabClient,21,services/gitlab/gitlabClient.ts::program:GitLabClient;GitLabClient,<empty>,38,gitlabClient,,,0,,ANY
94489282826,LOCAL,,getIssueCount,2,,<empty>,36,getIssueCount,,,0,,"(projectId: __ecma.Number, state: ""opened"" | ""closed"" | ""all"") => Promise<number>"
94489282827,LOCAL,,error,13,,<empty>,23,error,,,0,,ANY
94489282828,LOCAL,,Error,16,,<empty>,25,Error,,,0,,ErrorConstructor
94489282829,LOCAL,,_tmp_2,12,,<empty>,25,_tmp_2,,,0,,__ecma.Error
94489282830,LOCAL,,console,6,,<empty>,24,console,,,0,,__whatwg.console
94489282831,LOCAL,services/gitlab/gitLabIssueService.ts::program:GitLabIssueService:<init>:<lambda>0:gitlabClient,gitlabClient,21,services/gitlab/gitlabClient.ts::program:GitLabClient;GitLabClient,<empty>,12,gitlabClient,,,0,,ANY
94489282832,LOCAL,,getProjectIssues,2,,<empty>,10,getProjectIssues,,,0,,(projectId: __ecma.Number) => Promise<GitLabIssues[]>
94489282833,LOCAL,,gitlabClient,0,services/gitlab/gitlabClient.ts::program:GitLabClient;GitLabClient,<empty>,2,gitlabClient,,,0,,ANY
94489282834,LOCAL,,GitLabMergeRequest,0,,<empty>,3,GitLabMergeRequest,,,0,,ANY
94489282835,LOCAL,,client,12,AxiosInstance;services/gitlab/gitlabClient.ts::program:GitLabClient:getClient:<returnValue>;GitLabClient:getClient:<returnValue>,<empty>,11,client,,,0,AxiosInstance,AxiosInstance
94489282836,LOCAL,,response,12,,<empty>,12,response,,,0,"AxiosResponse<any, ANY, __ecma.Object>","AxiosResponse<any, ANY, __ecma.Object>"
94489282837,LOCAL,,_tmp_0,81,,<empty>,12,_tmp_0,,,0,,ANY
94489282838,LOCAL,,_tmp_1,16,,<empty>,13,_tmp_1,,,0,,ANY
94489282839,LOCAL,,_tmp_2,12,,<empty>,24,_tmp_2,,,0,,__ecma.Error
94489282840,LOCAL,,client,12,AxiosInstance;services/gitlab/gitlabClient.ts::program:GitLabClient:getClient:<returnValue>;GitLabClient:getClient:<returnValue>,<empty>,33,client,,,0,AxiosInstance,AxiosInstance
94489282841,LOCAL,,response,12,,<empty>,34,response,,,0,"AxiosResponse<any, ANY, __ecma.Object>","AxiosResponse<any, ANY, __ecma.Object>"
94489282842,LOCAL,,_tmp_3,81,,<empty>,34,_tmp_3,,,0,,ANY
94489282843,LOCAL,,_tmp_4,16,,<empty>,35,_tmp_4,,,0,,ANY
94489282844,LOCAL,,total,12,,<empty>,41,total,,,0,ANY,ANY
94489282845,LOCAL,,client,12,AxiosInstance;services/gitlab/gitlabClient.ts::program:GitLabClient:getClient:<returnValue>;GitLabClient:getClient:<returnValue>,<empty>,58,client,,,0,AxiosInstance,AxiosInstance
94489282846,LOCAL,,response,12,,<empty>,59,response,,,0,"AxiosResponse<any, ANY, __ecma.Object>","AxiosResponse<any, ANY, __ecma.Object>"
94489282847,LOCAL,,_tmp_5,81,,<empty>,59,_tmp_5,,,0,,ANY
94489282848,LOCAL,,_tmp_6,16,,<empty>,60,_tmp_6,,,0,,ANY
94489282849,LOCAL,,client,12,AxiosInstance;services/gitlab/gitlabClient.ts::program:GitLabClient:getClient:<returnValue>;GitLabClient:getClient:<returnValue>,<empty>,84,client,,,0,AxiosInstance,AxiosInstance
94489282850,LOCAL,,params,12,,<empty>,85,params,,,0,ANY,ANY
94489282851,LOCAL,,_tmp_7,26,,<empty>,85,_tmp_7,,,0,,ANY
94489282852,LOCAL,,response,12,,<empty>,96,response,,,0,"AxiosResponse<any, ANY, __ecma.Object>","AxiosResponse<any, ANY, __ecma.Object>"
94489282853,LOCAL,,_tmp_8,81,,<empty>,96,_tmp_8,,,0,,ANY
94489282854,LOCAL,,client,12,AxiosInstance;services/gitlab/gitlabClient.ts::program:GitLabClient:getClient:<returnValue>;GitLabClient:getClient:<returnValue>,<empty>,116,client,,,0,AxiosInstance,AxiosInstance
94489282855,LOCAL,,response,12,,<empty>,117,response,,,0,"AxiosResponse<any, ANY, __ecma.Object>","AxiosResponse<any, ANY, __ecma.Object>"
94489282856,LOCAL,,_tmp_9,81,,<empty>,117,_tmp_9,,,0,,ANY
94489282857,LOCAL,,_tmp_10,16,,<empty>,118,_tmp_10,,,0,,ANY
94489282858,LOCAL,,client,12,AxiosInstance;services/gitlab/gitlabClient.ts::program:GitLabClient:getClient:<returnValue>;GitLabClient:getClient:<returnValue>,<empty>,138,client,,,0,AxiosInstance,AxiosInstance
94489282859,LOCAL,,response,12,,<empty>,139,response,,,0,"AxiosResponse<any, ANY, __ecma.Object>","AxiosResponse<any, ANY, __ecma.Object>"
94489282860,LOCAL,,_tmp_11,8,,<empty>,141,_tmp_11,,,0,,ANY
94489282861,LOCAL,,_tmp_12,18,,<empty>,142,_tmp_12,,,0,,ANY
94489282862,LOCAL,,client,12,AxiosInstance;services/gitlab/gitlabClient.ts::program:GitLabClient:getClient:<returnValue>;GitLabClient:getClient:<returnValue>,<empty>,160,client,,,0,AxiosInstance,AxiosInstance
94489282863,LOCAL,,response,12,,<empty>,161,response,,,0,"AxiosResponse<any, ANY, __ecma.Object>","AxiosResponse<any, ANY, __ecma.Object>"
94489282864,LOCAL,,_tmp_13,8,,<empty>,163,_tmp_13,,,0,,ANY
94489282865,LOCAL,,_tmp_14,18,,<empty>,164,_tmp_14,,,0,,ANY
94489282866,LOCAL,,client,12,AxiosInstance;services/gitlab/gitlabClient.ts::program:GitLabClient:getClient:<returnValue>;GitLabClient:getClient:<returnValue>,<empty>,183,client,,,0,AxiosInstance,AxiosInstance
94489282867,LOCAL,,response,12,,<empty>,186,response,,,0,"AxiosResponse<any, ANY, __ecma.Object>","AxiosResponse<any, ANY, __ecma.Object>"
94489282868,LOCAL,,mr,12,,<empty>,190,mr,,,0,ANY,"AxiosResponse<any, ANY, __ecma.Object>:<member>(data)"
94489282869,LOCAL,,GitLabMRService,0,,<empty>,5,GitLabMRService,,,0,,services/gitlab/gitLabMRService.ts::program:GitLabMRService
94489282870,LOCAL,,_tmp_19,15,,<empty>,215,_tmp_19,,,0,,services/gitlab/gitLabMRService.ts::program:GitLabMRService
94489282871,LOCAL,,_tmp_19,15,,<empty>,215,_tmp_19,,,0,,services/gitlab/gitLabMRService.ts::program:GitLabMRService
94489282872,LOCAL,,error,13,,<empty>,208,error,,,0,,ANY
94489282873,LOCAL,,console,6,,<empty>,209,console,,,0,,__whatwg.console
94489282874,LOCAL,,_tmp_18,8,,<empty>,202,_tmp_18,,,0,,__ecma.String:toLowerCase:<returnValue>
94489282875,LOCAL,,_tmp_17,23,,<empty>,201,_tmp_17,,,0,,"AxiosResponse<any, ANY, __ecma.Object>:<member>(data):<member>(labels)"
94489282876,LOCAL,,_tmp_15,8,,<empty>,194,_tmp_15,,,0,,ANY
94489282877,LOCAL,,_tmp_16,8,,<empty>,194,_tmp_16,,,0,,"AxiosResponse<any, ANY, __ecma.Object>:<member>(data):<member>(title)"
94489282878,LOCAL,services/gitlab/gitLabMRService.ts::program:GitLabMRService:<init>:<lambda>7:gitlabClient,gitlabClient,21,services/gitlab/gitlabClient.ts::program:GitLabClient;GitLabClient,<empty>,183,gitlabClient,,,0,,ANY
94489282879,LOCAL,services/gitlab/gitLabMRService.ts::program:GitLabMRService:<init>:gitlabClient,gitlabClient,,services/gitlab/gitlabClient.ts::program:GitLabClient;GitLabClient,<empty>,,gitlabClient,,,0,,ANY
94489282880,LOCAL,,checkMRReverted,2,,<empty>,181,checkMRReverted,,,0,,"(projectId: __ecma.Number, mrIid: __ecma.Number) => Promise<boolean>"
94489282881,LOCAL,,error,13,,<empty>,172,error,,,0,,ANY
94489282882,LOCAL,,console,6,,<empty>,173,console,,,0,,__whatwg.console
94489282883,LOCAL,services/gitlab/gitLabMRService.ts::program:GitLabMRService:<init>:<lambda>6:gitlabClient,gitlabClient,21,services/gitlab/gitlabClient.ts::program:GitLabClient;GitLabClient,<empty>,160,gitlabClient,,,0,,ANY
94489282884,LOCAL,,getMRReviewers,2,,<empty>,158,getMRReviewers,,,0,,"(projectId: __ecma.Number, mrIid: __ecma.Number) => Promise<any[]>"
94489282885,LOCAL,,error,13,,<empty>,149,error,,,0,,ANY
94489282886,LOCAL,,console,6,,<empty>,150,console,,,0,,__whatwg.console
94489282887,LOCAL,services/gitlab/gitLabMRService.ts::program:GitLabMRService:<init>:<lambda>5:gitlabClient,gitlabClient,21,services/gitlab/gitlabClient.ts::program:GitLabClient;GitLabClient,<empty>,138,gitlabClient,,,0,,ANY
94489282888,LOCAL,,getMRNotes,2,,<empty>,136,getMRNotes,,,0,,"(projectId: __ecma.Number, mrIid: __ecma.Number) => Promise<any[]>"
94489282889,LOCAL,,error,13,,<empty>,127,error,,,0,,ANY
94489282890,LOCAL,,console,6,,<empty>,128,console,,,0,,__whatwg.console
94489282891,LOCAL,,perPage,4,,<empty>,113,perPage,,,0,,__ecma.Number
94489282892,LOCAL,services/gitlab/gitLabMRService.ts::program:GitLabMRService:<init>:<lambda>4:gitlabClient,gitlabClient,21,services/gitlab/gitlabClient.ts::program:GitLabClient;GitLabClient,<empty>,116,gitlabClient,,,0,,ANY
94489282893,LOCAL,,getOpenedMRs,2,,<empty>,110,getOpenedMRs,,,0,,"(projectId: __ecma.Number, createdAfter: __ecma.String, perPage?: __ecma.Number) => Promise<GitLabMergeRequest[]>"
94489282894,LOCAL,,error,13,,<empty>,101,error,,,0,,ANY
94489282895,LOCAL,,console,6,,<empty>,102,console,,,0,,__whatwg.console
94489282896,LOCAL,,perPage,4,,<empty>,81,perPage,,,0,,__ecma.Number
94489282897,LOCAL,services/gitlab/gitLabMRService.ts::program:GitLabMRService:<init>:<lambda>3:gitlabClient,gitlabClient,21,services/gitlab/gitlabClient.ts::program:GitLabClient;GitLabClient,<empty>,84,gitlabClient,,,0,,ANY
94489282898,LOCAL,,getMergedMRs,2,,<empty>,78,getMergedMRs,,,0,,"(projectId: __ecma.Number, mergedAfter?: __ecma.String | ANY, perPage?: __ecma.Number) => Promise<GitLabMergeRequest[]>"
94489282899,LOCAL,,error,13,,<empty>,69,error,,,0,,ANY
94489282900,LOCAL,,console,6,,<empty>,70,console,,,0,,__whatwg.console
94489282901,LOCAL,,perPage,41,,<empty>,56,perPage,,,0,,__ecma.Number
94489282902,LOCAL,services/gitlab/gitLabMRService.ts::program:GitLabMRService:<init>:<lambda>2:gitlabClient,gitlabClient,21,services/gitlab/gitlabClient.ts::program:GitLabClient;GitLabClient,<empty>,58,gitlabClient,,,0,,ANY
94489282903,LOCAL,,getOpenMRs,2,,<empty>,56,getOpenMRs,,,0,,"(projectId: __ecma.Number, perPage?: __ecma.Number) => Promise<GitLabMergeRequest[]>"
94489282904,LOCAL,,error,13,,<empty>,43,error,,,0,,ANY
94489282905,LOCAL,,console,6,,<empty>,44,console,,,0,,__whatwg.console
94489282906,LOCAL,,state,41,,<empty>,31,state,,,0,,__ecma.String
94489282907,LOCAL,services/gitlab/gitLabMRService.ts::program:GitLabMRService:<init>:<lambda>1:gitlabClient,gitlabClient,21,services/gitlab/gitlabClient.ts::program:GitLabClient;GitLabClient,<empty>,33,gitlabClient,,,0,,ANY
94489282908,LOCAL,,getMRCount,2,,<empty>,31,getMRCount,,,0,,"(projectId: __ecma.Number, state?: ""opened"" | ""closed"" | ""all"" | ""merged"") => Promise<number>"
94489282909,LOCAL,,error,13,,<empty>,22,error,,,0,,ANY
94489282910,LOCAL,,Error,16,,<empty>,24,Error,,,0,,ErrorConstructor
94489282911,LOCAL,,_tmp_2,12,,<empty>,24,_tmp_2,,,0,,__ecma.Error
94489282912,LOCAL,,console,6,,<empty>,23,console,,,0,,__whatwg.console
94489282913,LOCAL,services/gitlab/gitLabMRService.ts::program:GitLabMRService:<init>:<lambda>0:gitlabClient,gitlabClient,21,services/gitlab/gitlabClient.ts::program:GitLabClient;GitLabClient,<empty>,11,gitlabClient,,,0,,ANY
94489282914,LOCAL,,getProjectMergeRequests,2,,<empty>,9,getProjectMergeRequests,,,0,,(projectId: __ecma.Number) => Promise<GitLabMergeRequest[]>
94489282915,LOCAL,,gitlabClient,0,services/gitlab/gitlabClient.ts::program:GitLabClient;GitLabClient,<empty>,2,gitlabClient,,,0,,ANY
94489282916,LOCAL,,client,12,AxiosInstance;services/gitlab/gitlabClient.ts::program:GitLabClient:getClient:<returnValue>;GitLabClient:getClient:<returnValue>,<empty>,12,client,,,0,AxiosInstance,AxiosInstance
94489282917,LOCAL,,resp,12,,<empty>,14,resp,,,0,"AxiosResponse<any, ANY, __ecma.Object>","AxiosResponse<any, ANY, __ecma.Object>"
94489282918,LOCAL,,_tmp_0,74,,<empty>,14,_tmp_0,,,0,,ANY
94489282919,LOCAL,,_tmp_1,16,,<empty>,15,_tmp_1,,,0,,ANY
94489282920,LOCAL,,totalHeader,12,,<empty>,18,totalHeader,,,0,ANY,ANY
94489282921,LOCAL,,parsed,14,__ecma.Number;parseInt:<returnValue>,<empty>,20,parsed,,,0,__ecma.Number,__ecma.Number
94489282922,LOCAL,,client,12,AxiosInstance;services/gitlab/gitlabClient.ts::program:GitLabClient:getClient:<returnValue>;GitLabClient:getClient:<returnValue>,<empty>,41,client,,,0,AxiosInstance,AxiosInstance
94489282923,LOCAL,,perPage,12,,<empty>,42,perPage,,,0,__ecma.Number,__ecma.Number
94489282924,LOCAL,,page,10,,<empty>,43,page,,,0,__ecma.Number,__ecma.Number
94489282925,LOCAL,,members,12,,<empty>,44,members,,,0,__ecma.Array,__ecma.Array
94489282926,LOCAL,,resp,14,,<empty>,47,resp,,,0,"AxiosResponse<any, ANY, __ecma.Object>","AxiosResponse<any, ANY, __ecma.Object>"
94489282927,LOCAL,,_tmp_2,76,,<empty>,47,_tmp_2,,,0,,ANY
94489282928,LOCAL,,_tmp_3,18,,<empty>,48,_tmp_3,,,0,,ANY
94489282929,LOCAL,,_tmp_4,38,,<empty>,61,_tmp_4,,,0,,ANY
94489282930,LOCAL,,GitLabMemberService,0,,<empty>,4,GitLabMemberService,,,0,,services/gitlab/gitLabMemberService.ts::program:GitLabMemberService
94489282931,LOCAL,,_tmp_5,15,,<empty>,74,_tmp_5,,,0,,services/gitlab/gitLabMemberService.ts::program:GitLabMemberService
94489282932,LOCAL,,_tmp_5,15,,<empty>,74,_tmp_5,,,0,,services/gitlab/gitLabMemberService.ts::program:GitLabMemberService
94489282933,LOCAL,,error,13,,<empty>,67,error,,,0,,ANY
94489282934,LOCAL,,console,6,,<empty>,68,console,,,0,,__whatwg.console
94489282935,LOCAL,,undefined,56,,<empty>,65,undefined,,,0,,undefined
94489282936,LOCAL,,Array,13,,<empty>,51,Array,,,0,,ArrayConstructor
94489282937,LOCAL,services/gitlab/gitLabMemberService.ts::program:GitLabMemberService:<init>:<lambda>1:gitlabClient,gitlabClient,21,services/gitlab/gitlabClient.ts::program:GitLabClient;GitLabClient,<empty>,41,gitlabClient,,,0,,ANY
94489282938,LOCAL,services/gitlab/gitLabMemberService.ts::program:GitLabMemberService:<init>:gitlabClient,gitlabClient,,services/gitlab/gitlabClient.ts::program:GitLabClient;GitLabClient,<empty>,,gitlabClient,,,0,,ANY
94489282939,LOCAL,,getProjectMembers,2,,<empty>,39,getProjectMembers,,,0,,(projectId: __ecma.String | __ecma.Number) => Promise<{ id: __ecma.Number; name: __ecma.String; username: __ecma.String; accessLevel?: __ecma.Number | ANY; }[]>
94489282940,LOCAL,,error,13,,<empty>,28,error,,,0,,ANY
94489282941,LOCAL,,console,6,,<empty>,29,console,,,0,,__whatwg.console
94489282942,LOCAL,,Array,10,,<empty>,25,Array,,,0,,ArrayConstructor
94489282943,LOCAL,services/gitlab/gitLabMemberService.ts::program:GitLabMemberService:<init>:<lambda>0:gitlabClient,gitlabClient,21,services/gitlab/gitlabClient.ts::program:GitLabClient;GitLabClient,<empty>,12,gitlabClient,,,0,,ANY
94489282944,LOCAL,,getProjectMemberCount,2,,<empty>,10,getProjectMemberCount,,,0,,(projectId: __ecma.String | __ecma.Number) => Promise<number>
94489282945,LOCAL,,gitlabClient,0,services/gitlab/gitlabClient.ts::program:GitLabClient;GitLabClient,<empty>,2,gitlabClient,,,0,,ANY
94489282946,LOCAL,,client,12,AxiosInstance;services/gitlab/gitlabClient.ts::program:GitLabClient:getClient:<returnValue>;GitLabClient:getClient:<returnValue>,<empty>,10,client,,,0,AxiosInstance,AxiosInstance
94489282947,LOCAL,,client,12,AxiosInstance;services/gitlab/gitlabClient.ts::program:GitLabClient:getClient:<returnValue>;GitLabClient:getClient:<returnValue>,<empty>,24,client,,,0,AxiosInstance,AxiosInstance
94489282948,LOCAL,,response,12,,<empty>,25,response,,,0,"AxiosResponse<any, ANY, __ecma.Object>","AxiosResponse<any, ANY, __ecma.Object>"
94489282949,LOCAL,,_tmp_0,12,,<empty>,29,_tmp_0,,,0,,__ecma.Error
94489282950,LOCAL,,GitLabAuthService,0,,<empty>,4,GitLabAuthService,,,0,,services/gitlab/gitlabAuthService.ts::program:GitLabAuthService
94489282951,LOCAL,,_tmp_1,15,,<empty>,34,_tmp_1,,,0,,services/gitlab/gitlabAuthService.ts::program:GitLabAuthService
94489282952,LOCAL,,_tmp_1,15,,<empty>,34,_tmp_1,,,0,,services/gitlab/gitlabAuthService.ts::program:GitLabAuthService
94489282953,LOCAL,,error,13,,<empty>,27,error,,,0,,ANY
94489282954,LOCAL,,Error,16,,<empty>,29,Error,,,0,,ErrorConstructor
94489282955,LOCAL,,_tmp_0,12,,<empty>,29,_tmp_0,,,0,,__ecma.Error
94489282956,LOCAL,,console,6,,<empty>,28,console,,,0,,__whatwg.console
94489282957,LOCAL,services/gitlab/gitlabAuthService.ts::program:GitLabAuthService:<init>:<lambda>1:gitlabClient,gitlabClient,21,services/gitlab/gitlabClient.ts::program:GitLabClient;GitLabClient,<empty>,24,gitlabClient,,,0,,ANY
94489282958,LOCAL,services/gitlab/gitlabAuthService.ts::program:GitLabAuthService:<init>:gitlabClient,gitlabClient,,services/gitlab/gitlabClient.ts::program:GitLabClient;GitLabClient,<empty>,,gitlabClient,,,0,,ANY
94489282959,LOCAL,,getCurrentUser,2,,<empty>,22,getCurrentUser,,,0,,() => Promise<any>
94489282960,LOCAL,,error,13,,<empty>,13,error,,,0,,ANY
94489282961,LOCAL,,console,6,,<empty>,14,console,,,0,,__whatwg.console
94489282962,LOCAL,services/gitlab/gitlabAuthService.ts::program:GitLabAuthService:<init>:<lambda>0:gitlabClient,gitlabClient,21,services/gitlab/gitlabClient.ts::program:GitLabClient;GitLabClient,<empty>,10,gitlabClient,,,0,,ANY
94489282963,LOCAL,,verifyConnection,2,,<empty>,8,verifyConnection,,,0,,() => Promise<boolean>
94489282964,LOCAL,,axios,0,,<empty>,2,axios,,,0,,AxiosStatic
94489282965,LOCAL,,AxiosInstance,0,,<empty>,2,AxiosInstance,,,0,,axios:AxiosInstance
94489282966,LOCAL,,_tmp_0,31,,<empty>,24,_tmp_0,,,0,,ANY
94489282967,LOCAL,,_tmp_1,15,,<empty>,26,_tmp_1,,,0,,ANY
94489282968,LOCAL,,GitLabClient,0,,<empty>,4,GitLabClient,,,0,,services/gitlab/gitlabClient.ts::program:GitLabClient
94489282969,LOCAL,,_tmp_2,15,,<empty>,42,_tmp_2,,,0,,services/gitlab/gitlabClient.ts::program:GitLabClient
94489282970,LOCAL,,_tmp_2,15,,<empty>,42,_tmp_2,,,0,,services/gitlab/gitlabClient.ts::program:GitLabClient
94489282971,LOCAL,,getClient,2,,<empty>,34,getClient,,,0,,() => AxiosInstance
94489282972,LOCAL,services/gitlab/gitlabClient.ts::program:GitLabClient:<init>:<lambda>0:axios,axios,18,,<empty>,24,axios,,,0,,AxiosStatic
94489282973,LOCAL,services/gitlab/gitlabClient.ts::program:GitLabClient:<init>:axios,axios,,,<empty>,,axios,,,0,,AxiosStatic
94489282974,LOCAL,,console,6,,<empty>,21,console,,,0,,__whatwg.console
94489282975,LOCAL,,process,21,,<empty>,17,process,,,0,,Process
94489282976,LOCAL,,initializeClient,10,,<empty>,14,initializeClient,,,0,,() => ANY
94489282977,LOCAL,,client,10,AxiosInstance | __ecma.Null;__ecma.Null,<empty>,5,client,,,0,,ANY
94489282978,LOCAL,,gitlabClient,0,services/gitlab/gitlabClient.ts::program:GitLabClient;GitLabClient,<empty>,2,gitlabClient,,,0,,ANY
94489282979,LOCAL,,GitLabGroup,0,,<empty>,3,GitLabGroup,,,0,,ANY
94489282980,LOCAL,,client,12,AxiosInstance;services/gitlab/gitlabClient.ts::program:GitLabClient:getClient:<returnValue>;GitLabClient:getClient:<returnValue>,<empty>,11,client,,,0,AxiosInstance,AxiosInstance
94489282981,LOCAL,,response,12,,<empty>,12,response,,,0,"AxiosResponse<any, ANY, __ecma.Object>","AxiosResponse<any, ANY, __ecma.Object>"
94489282982,LOCAL,,_tmp_0,51,,<empty>,12,_tmp_0,,,0,,ANY
94489282983,LOCAL,,_tmp_1,16,,<empty>,13,_tmp_1,,,0,,ANY
94489282984,LOCAL,,_tmp_2,12,,<empty>,20,_tmp_2,,,0,,__ecma.Error
94489282985,LOCAL,,client,12,AxiosInstance;services/gitlab/gitlabClient.ts::program:GitLabClient:getClient:<returnValue>;GitLabClient:getClient:<returnValue>,<empty>,29,client,,,0,AxiosInstance,AxiosInstance
94489282986,LOCAL,,response,12,,<empty>,30,response,,,0,"AxiosResponse<any, ANY, __ecma.Object>","AxiosResponse<any, ANY, __ecma.Object>"
94489282987,LOCAL,,_tmp_3,12,,<empty>,34,_tmp_3,,,0,,__ecma.Error
94489282988,LOCAL,,groups,12,,<empty>,43,groups,,,0,__ecma.Array,__ecma.Array
94489282989,LOCAL,,currentGroupId,10,number | ANY;__ecma.Number,<empty>,44,currentGroupId,,,0,number | ANY,ANY
94489282990,LOCAL,,group,14,types/gitlab.types.ts::program:GitLabGroup;GitLabGroup,<empty>,48,group,,,0,GitLabGroup,ANY
94489282991,LOCAL,,GitLabGroupService,0,,<empty>,5,GitLabGroupService,,,0,,services/gitlab/gitlabGroupService.ts::program:GitLabGroupService
94489282992,LOCAL,,_tmp_5,15,,<empty>,62,_tmp_5,,,0,,services/gitlab/gitlabGroupService.ts::program:GitLabGroupService
94489282993,LOCAL,,_tmp_5,15,,<empty>,62,_tmp_5,,,0,,services/gitlab/gitlabGroupService.ts::program:GitLabGroupService
94489282994,LOCAL,,error,13,,<empty>,55,error,,,0,,ANY
94489282995,LOCAL,,console,6,,<empty>,56,console,,,0,,__whatwg.console
94489282996,LOCAL,,_tmp_4,13,,<empty>,54,_tmp_4,,,0,,__ecma.Array:reverse:<returnValue>
94489282997,LOCAL,,buildGroupPath,2,,<empty>,41,buildGroupPath,,,0,,(groupId: __ecma.Number) => Promise<string>
94489282998,LOCAL,,error,13,,<empty>,32,error,,,0,,ANY
94489282999,LOCAL,,Error,16,,<empty>,34,Error,,,0,,ErrorConstructor
94489283000,LOCAL,,_tmp_3,12,,<empty>,34,_tmp_3,,,0,,__ecma.Error
94489283001,LOCAL,,console,6,,<empty>,33,console,,,0,,__whatwg.console
94489283002,LOCAL,services/gitlab/gitlabGroupService.ts::program:GitLabGroupService:<init>:<lambda>1:gitlabClient,gitlabClient,21,services/gitlab/gitlabClient.ts::program:GitLabClient;GitLabClient,<empty>,29,gitlabClient,,,0,,ANY
94489283003,LOCAL,services/gitlab/gitlabGroupService.ts::program:GitLabGroupService:<init>:gitlabClient,gitlabClient,,services/gitlab/gitlabClient.ts::program:GitLabClient;GitLabClient,<empty>,,gitlabClient,,,0,,ANY
94489283004,LOCAL,,getGroupById,2,,<empty>,27,getGroupById,,,0,,(groupId: __ecma.Number) => Promise<GitLabGroup>
94489283005,LOCAL,,error,13,,<empty>,18,error,,,0,,ANY
94489283006,LOCAL,,Error,16,,<empty>,20,Error,,,0,,ErrorConstructor
94489283007,LOCAL,,_tmp_2,12,,<empty>,20,_tmp_2,,,0,,__ecma.Error
94489283008,LOCAL,,console,6,,<empty>,19,console,,,0,,__whatwg.console
94489283009,LOCAL,services/gitlab/gitlabGroupService.ts::program:GitLabGroupService:<init>:<lambda>0:gitlabClient,gitlabClient,21,services/gitlab/gitlabClient.ts::program:GitLabClient;GitLabClient,<empty>,11,gitlabClient,,,0,,ANY
94489283010,LOCAL,,getAllGroups,2,,<empty>,9,getAllGroups,,,0,,() => Promise<GitLabGroup[]>
94489283011,LOCAL,,gitlabClient,0,services/gitlab/gitlabClient.ts::program:GitLabClient;GitLabClient,<empty>,1,gitlabClient,,,0,,ANY
94489283012,LOCAL,,GitLabMilestone,0,,<empty>,2,GitLabMilestone,,,0,,ANY
94489283013,LOCAL,,client,18,AxiosInstance;services/gitlab/gitlabClient.ts::program:GitLabClient:getClient:<returnValue>;GitLabClient:getClient:<returnValue>,<empty>,11,client,,,0,AxiosInstance,AxiosInstance
94489283014,LOCAL,,response,18,,<empty>,12,response,,,0,"AxiosResponse<any, ANY, __ecma.Object>","AxiosResponse<any, ANY, __ecma.Object>"
94489283015,LOCAL,,_tmp_0,83,,<empty>,12,_tmp_0,,,0,,ANY
94489283016,LOCAL,,_tmp_1,24,,<empty>,13,_tmp_1,,,0,,ANY
94489283017,LOCAL,,milestones,18,__ecma.Array;<operator>.cast,<empty>,21,milestones,,,0,__ecma.Array,__ecma.Array
94489283018,LOCAL,,now,18,DateConstructor;__ecma.Date,<empty>,22,now,,,0,Date,DateConstructor
94489283019,LOCAL,,_tmp_2,24,,<empty>,22,_tmp_2,,,0,,__ecma.Date
94489283020,LOCAL,,dueDate,22,DateConstructor;__ecma.Date,<empty>,31,dueDate,,,0,Date,DateConstructor
94489283021,LOCAL,,_tmp_3,32,,<empty>,31,_tmp_3,,,0,,__ecma.Date
94489283022,LOCAL,,GitLabMilestoneService,0,,<empty>,4,GitLabMilestoneService,,,0,,services/gitlab/gitlabMilestoneService.ts::program:GitLabMilestoneService
94489283023,LOCAL,,_tmp_4,15,,<empty>,42,_tmp_4,,,0,,services/gitlab/gitlabMilestoneService.ts::program:GitLabMilestoneService
94489283024,LOCAL,,_tmp_4,15,,<empty>,42,_tmp_4,,,0,,services/gitlab/gitlabMilestoneService.ts::program:GitLabMilestoneService
94489283025,LOCAL,,error,17,,<empty>,35,error,,,0,,ANY
94489283026,LOCAL,,console,12,,<empty>,36,console,,,0,,__whatwg.console
94489283027,LOCAL,services/gitlab/gitlabMilestoneService.ts::program:GitLabMilestoneService:<init>:<lambda>0:<lambda>1:now,now,34,DateConstructor;__ecma.Date,<empty>,33,now,,,0,,ANY
94489283028,LOCAL,,Date,36,,<empty>,31,Date,,,0,,DateConstructor
94489283029,LOCAL,,_tmp_3,32,,<empty>,31,_tmp_3,,,0,,__ecma.Date
94489283030,LOCAL,,Date,28,,<empty>,22,Date,,,0,,DateConstructor
94489283031,LOCAL,,_tmp_2,24,,<empty>,22,_tmp_2,,,0,,__ecma.Date
94489283032,LOCAL,services/gitlab/gitlabMilestoneService.ts::program:GitLabMilestoneService:<init>:<lambda>0:gitlabClient,gitlabClient,27,services/gitlab/gitlabClient.ts::program:GitLabClient;GitLabClient,<empty>,11,gitlabClient,,,0,,ANY
94489283033,LOCAL,services/gitlab/gitlabMilestoneService.ts::program:GitLabMilestoneService:<init>:gitlabClient,gitlabClient,,services/gitlab/gitlabClient.ts::program:GitLabClient;GitLabClient,<empty>,,gitlabClient,,,0,,ANY
94489283034,LOCAL,,getProjectMilestones,4,,<empty>,9,getProjectMilestones,,,0,,(projectId: __ecma.Number) => Promise<GitLabMilestone[]>
94489283035,LOCAL,,gitlabClient,0,services/gitlab/gitlabClient.ts::program:GitLabClient;GitLabClient,<empty>,2,gitlabClient,,,0,,ANY
94489283036,LOCAL,,GitLabProject,0,,<empty>,3,GitLabProject,,,0,,ANY
94489283037,LOCAL,,client,12,AxiosInstance;services/gitlab/gitlabClient.ts::program:GitLabClient:getClient:<returnValue>;GitLabClient:getClient:<returnValue>,<empty>,11,client,,,0,AxiosInstance,AxiosInstance
94489283038,LOCAL,,allProjects,12,,<empty>,12,allProjects,,,0,__ecma.Array,__ecma.Array
94489283039,LOCAL,,page,10,,<empty>,13,page,,,0,__ecma.Number,__ecma.Number
94489283040,LOCAL,,hasMorePages,10,,<empty>,14,hasMorePages,,,0,__ecma.Boolean,__ecma.Boolean
94489283041,LOCAL,,response,14,,<empty>,19,response,,,0,"AxiosResponse<any, ANY, __ecma.Object>","AxiosResponse<any, ANY, __ecma.Object>"
94489283042,LOCAL,,_tmp_0,55,,<empty>,19,_tmp_0,,,0,,ANY
94489283043,LOCAL,,_tmp_1,18,,<empty>,20,_tmp_1,,,0,,ANY
94489283044,LOCAL,,projects,14,,<empty>,29,projects,,,0,ANY,"AxiosResponse<any, ANY, __ecma.Object>:<member>(data)"
94489283045,LOCAL,,nextPage,14,,<empty>,36,nextPage,,,0,ANY,ANY
94489283046,LOCAL,,_tmp_2,12,,<empty>,52,_tmp_2,,,0,,__ecma.Error
94489283047,LOCAL,,client,12,AxiosInstance;services/gitlab/gitlabClient.ts::program:GitLabClient:getClient:<returnValue>;GitLabClient:getClient:<returnValue>,<empty>,61,client,,,0,AxiosInstance,AxiosInstance
94489283048,LOCAL,,response,12,,<empty>,62,response,,,0,"AxiosResponse<any, ANY, __ecma.Object>","AxiosResponse<any, ANY, __ecma.Object>"
94489283049,LOCAL,,_tmp_3,12,,<empty>,66,_tmp_3,,,0,,__ecma.Error
94489283050,LOCAL,,GitLabProjectService,0,,<empty>,5,GitLabProjectService,,,0,,services/gitlab/gitlabProjectService.ts::program:GitLabProjectService
94489283051,LOCAL,,_tmp_4,15,,<empty>,71,_tmp_4,,,0,,services/gitlab/gitlabProjectService.ts::program:GitLabProjectService
94489283052,LOCAL,,_tmp_4,15,,<empty>,71,_tmp_4,,,0,,services/gitlab/gitlabProjectService.ts::program:GitLabProjectService
94489283053,LOCAL,,error,13,,<empty>,64,error,,,0,,ANY
94489283054,LOCAL,,Error,16,,<empty>,66,Error,,,0,,ErrorConstructor
94489283055,LOCAL,,_tmp_3,12,,<empty>,66,_tmp_3,,,0,,__ecma.Error
94489283056,LOCAL,,console,6,,<empty>,65,console,,,0,,__whatwg.console
94489283057,LOCAL,services/gitlab/gitlabProjectService.ts::program:GitLabProjectService:<init>:<lambda>1:gitlabClient,gitlabClient,21,services/gitlab/gitlabClient.ts::program:GitLabClient;GitLabClient,<empty>,61,gitlabClient,,,0,,ANY
94489283058,LOCAL,services/gitlab/gitlabProjectService.ts::program:GitLabProjectService:<init>:gitlabClient,gitlabClient,,services/gitlab/gitlabClient.ts::program:GitLabClient;GitLabClient,<empty>,,gitlabClient,,,0,,ANY
94489283059,LOCAL,,getProjectById,2,,<empty>,59,getProjectById,,,0,,(projectId: __ecma.String | __ecma.Number) => Promise<GitLabProject>
94489283060,LOCAL,,error,13,,<empty>,50,error,,,0,,ANY
94489283061,LOCAL,,Error,16,,<empty>,52,Error,,,0,,ErrorConstructor
94489283062,LOCAL,,_tmp_2,12,,<empty>,52,_tmp_2,,,0,,__ecma.Error
94489283063,LOCAL,,console,6,,<empty>,16,console,,,0,,__whatwg.console
94489283064,LOCAL,services/gitlab/gitlabProjectService.ts::program:GitLabProjectService:<init>:<lambda>0:gitlabClient,gitlabClient,21,services/gitlab/gitlabClient.ts::program:GitLabClient;GitLabClient,<empty>,11,gitlabClient,,,0,,ANY
94489283065,LOCAL,,getUserProjects,2,,<empty>,9,getUserProjects,,,0,,() => Promise<GitLabProject[]>
94489283066,LOCAL,,_gitlabClient,0,,<empty>,2,_gitlabClient,,,0,,ANY
94489283067,LOCAL,,_gitlabAuthService,0,,<empty>,3,_gitlabAuthService,,,0,,ANY
94489283068,LOCAL,,_gitlabProjectService,0,,<empty>,4,_gitlabProjectService,,,0,,ANY
94489283069,LOCAL,,_gitlabGroupService,0,,<empty>,5,_gitlabGroupService,,,0,,ANY
94489283070,LOCAL,,_gitLabIssueService,0,,<empty>,6,_gitLabIssueService,,,0,,ANY
94489283071,LOCAL,,_gitLabMRService,0,,<empty>,7,_gitLabMRService,,,0,,ANY
94489283072,LOCAL,,_gitlabMilestoneService,0,,<empty>,8,_gitlabMilestoneService,,,0,,ANY
94489283073,LOCAL,,_gitlabMilestoneService,0,,<empty>,2,default,,,0,,ANY
94489283074,LOCAL,,GitLabIssues,0,,<empty>,4,GitLabIssues,,,0,,ANY
94489283075,LOCAL,,IssueMetricsCalculationResult,0,,<empty>,5,IssueMetricsCalculationResult,,,0,,ANY
94489283076,LOCAL,,GitLabIssueStateEvent,0,,<empty>,5,GitLabIssueStateEvent,,,0,,ANY
94489283077,LOCAL,,issues_closed_last_7d,10,__ecma.Number;__ecma.Array:<member>(length),<empty>,37,issues_closed_last_7d,,,0,__ecma.Number,__ecma.Number
94489283078,LOCAL,,issues_closed_last_30d,10,__ecma.Number;__ecma.Array:<member>(length),<empty>,38,issues_closed_last_30d,,,0,__ecma.Number,__ecma.Number
94489283079,LOCAL,,cycleTimeResult,10,,<empty>,43,cycleTimeResult,,,0,{ total_resolution_hours: __ecma.Number; issues_with_resolution_time: __ecma.Number; avg_cycle_time_hours: __ecma.Number; avg_cycle_time_days: __ecma.Number; },{ total_resolution_hours: __ecma.Number; issues_with_resolution_time: __ecma.Number; avg_cycle_time_hours: __ecma.Number; avg_cycle_time_days: __ecma.Number; }
94489283080,LOCAL,,reopenRateResult,10,,<empty>,46,reopenRateResult,,,0,{ issues_reopened_count: __ecma.Number; issues_checked_for_reopens: __ecma.Number; reopen_rate_percent: __ecma.Number; },{ issues_reopened_count: __ecma.Number; issues_checked_for_reopens: __ecma.Number; reopen_rate_percent: __ecma.Number; }
94489283081,LOCAL,,bugRatioResult,10,,<empty>,52,bugRatioResult,,,0,{ bug_issues_count: __ecma.Number; feature_issues_count: __ecma.Number; bug_ratio_percent: __ecma.Number; },{ bug_issues_count: __ecma.Number; feature_issues_count: __ecma.Number; bug_ratio_percent: __ecma.Number; }
94489283082,LOCAL,,issues_opened_last_7d,10,__ecma.Number;__ecma.Array:<member>(length),<empty>,57,issues_opened_last_7d,,,0,__ecma.Number,__ecma.Number
94489283083,LOCAL,,issues_opened_last_30d,10,__ecma.Number;__ecma.Array:<member>(length),<empty>,58,issues_opened_last_30d,,,0,__ecma.Number,__ecma.Number
94489283084,LOCAL,,net_issue_change_7d,10,,<empty>,59,net_issue_change_7d,,,0,__ecma.Number,__ecma.Number
94489283085,LOCAL,,staleResult,10,,<empty>,62,staleResult,,,0,{ stale_issues_count: __ecma.Number; stale_issues_percent: __ecma.Number; },{ stale_issues_count: __ecma.Number; stale_issues_percent: __ecma.Number; }
94489283086,LOCAL,,criticalResult,10,,<empty>,65,criticalResult,,,0,{ critical_issues_open: __ecma.Number; blocker_issues_open: __ecma.Number; critical_avg_resolution_hours: __ecma.Number; },{ critical_issues_open: __ecma.Number; blocker_issues_open: __ecma.Number; critical_avg_resolution_hours: __ecma.Number; }
94489283087,LOCAL,,mrLinkResult,10,,<empty>,68,mrLinkResult,,,0,{ issues_with_mr_links: __ecma.Number; total_closed_issues_checked: __ecma.Number; issue_mr_link_rate_percent: __ecma.Number; },{ issues_with_mr_links: __ecma.Number; total_closed_issues_checked: __ecma.Number; issue_mr_link_rate_percent: __ecma.Number; }
94489283088,LOCAL,,closureRate,10,,<empty>,74,closureRate,,,0,__ecma.Number,__ecma.Number
94489283089,LOCAL,,velocity_alert_level,12,,<empty>,80,velocity_alert_level,,,0,__ecma.String,__ecma.String
94489283090,LOCAL,,cycle_time_alert_level,10,,<empty>,81,cycle_time_alert_level,,,0,__ecma.String,__ecma.String
94489283091,LOCAL,,reopen_rate_alert_level,10,,<empty>,84,reopen_rate_alert_level,,,0,__ecma.String,__ecma.String
94489283092,LOCAL,,bug_ratio_alert_level,10,,<empty>,87,bug_ratio_alert_level,,,0,__ecma.String,__ecma.String
94489283093,LOCAL,,_tmp_0,11,,<empty>,91,_tmp_0,,,0,,ANY
94489283094,LOCAL,,total_resolution_hours,8,,<empty>,138,total_resolution_hours,,,0,__ecma.Number,__ecma.Number
94489283095,LOCAL,,issues_with_resolution_time,8,,<empty>,139,issues_with_resolution_time,,,0,__ecma.Number,__ecma.Number
94489283096,LOCAL,,createdDate,14,DateConstructor;__ecma.Date,<empty>,145,createdDate,,,0,Date,DateConstructor
94489283097,LOCAL,,_tmp_1,28,,<empty>,145,_tmp_1,,,0,,__ecma.Date
94489283098,LOCAL,,closedDate,14,DateConstructor;__ecma.Date,<empty>,146,closedDate,,,0,Date,DateConstructor
94489283099,LOCAL,,_tmp_2,27,,<empty>,146,_tmp_2,,,0,,__ecma.Date
94489283100,LOCAL,,resolutionMs,14,,<empty>,147,resolutionMs,,,0,__ecma.Number,__ecma.Number
94489283101,LOCAL,,resolutionHours,14,,<empty>,148,resolutionHours,,,0,__ecma.Number,__ecma.Number
94489283102,LOCAL,,avg_cycle_time_hours,10,,<empty>,167,avg_cycle_time_hours,,,0,__ecma.Number,__ecma.Number
94489283103,LOCAL,,avg_cycle_time_days,10,,<empty>,172,avg_cycle_time_days,,,0,__ecma.Number,__ecma.Number
94489283104,LOCAL,,_tmp_4,11,,<empty>,176,_tmp_4,,,0,,ANY
94489283105,LOCAL,,reopen_rate_percent,10,,<empty>,188,reopen_rate_percent,,,0,__ecma.Number,__ecma.Number
94489283106,LOCAL,,_tmp_5,11,,<empty>,191,_tmp_5,,,0,,ANY
94489283107,LOCAL,,total,10,,<empty>,202,total,,,0,__ecma.Number,__ecma.Number
94489283108,LOCAL,,bug_ratio_percent,10,,<empty>,203,bug_ratio_percent,,,0,__ecma.Number,__ecma.Number
94489283109,LOCAL,,_tmp_6,11,,<empty>,205,_tmp_6,,,0,,ANY
94489283110,LOCAL,,sixtyDaysAgo,10,DateConstructor;__ecma.Date,<empty>,216,sixtyDaysAgo,,,0,Date,DateConstructor
94489283111,LOCAL,,_tmp_7,25,,<empty>,216,_tmp_7,,,0,,__ecma.Date
94489283112,LOCAL,,stale_issues_count,8,,<empty>,219,stale_issues_count,,,0,__ecma.Number,__ecma.Number
94489283113,LOCAL,,lastActivity,14,DateConstructor;__ecma.Date,<empty>,223,lastActivity,,,0,Date,DateConstructor
94489283114,LOCAL,,_tmp_8,29,,<empty>,223,_tmp_8,,,0,,__ecma.Date
94489283115,LOCAL,,stale_issues_percent,10,,<empty>,230,stale_issues_percent,,,0,__ecma.Number,__ecma.Number
94489283116,LOCAL,,_tmp_9,11,,<empty>,233,_tmp_9,,,0,,ANY
94489283117,LOCAL,,critical_issues_open,10,,<empty>,246,critical_issues_open,,,0,__ecma.Number,__ecma.Number
94489283118,LOCAL,,blocker_issues_open,10,,<empty>,249,blocker_issues_open,,,0,__ecma.Number,__ecma.Number
94489283119,LOCAL,,closedCritical,10,__ecma.Array;__ecma.Array:filter:<returnValue>,<empty>,254,closedCritical,,,0,__ecma.Array,__ecma.Array
94489283120,LOCAL,,totalResolutionHours,8,,<empty>,255,totalResolutionHours,,,0,__ecma.Number,__ecma.Number
94489283121,LOCAL,,count,8,,<empty>,256,count,,,0,__ecma.Number,__ecma.Number
94489283122,LOCAL,,resolutionMs,14,,<empty>,260,resolutionMs,,,0,__ecma.Number,__ecma.Number
94489283123,LOCAL,,_tmp_11,10,,<empty>,261,_tmp_11,,,0,,__ecma.Date
94489283124,LOCAL,,_tmp_13,48,,<empty>,261,_tmp_13,,,0,,__ecma.Date
94489283125,LOCAL,,critical_avg_resolution_hours,10,,<empty>,267,critical_avg_resolution_hours,,,0,__ecma.Number,__ecma.Number
94489283126,LOCAL,,_tmp_14,11,,<empty>,270,_tmp_14,,,0,,ANY
94489283127,LOCAL,,issue_mr_link_rate_percent,10,,<empty>,283,issue_mr_link_rate_percent,,,0,__ecma.Number,__ecma.Number
94489283128,LOCAL,,_tmp_15,11,,<empty>,286,_tmp_15,,,0,,ANY
94489283129,LOCAL,,rate,10,,<empty>,329,rate,,,0,__ecma.Number,__ecma.Number
94489283130,LOCAL,,hasReopenedState,10,__ecma.Boolean;__ecma.Array:some:<returnValue>,<empty>,340,hasReopenedState,,,0,__ecma.Boolean,__ecma.Boolean
94489283131,LOCAL,,openedCount,10,,<empty>,344,openedCount,,,0,__ecma.Number,__ecma.Number
94489283132,LOCAL,,IssueMetricsCalculationService,0,,<empty>,10,IssueMetricsCalculationService,,,0,,services/issueMetrics/issueMetricsCalculationService.ts::program:IssueMetricsCalculationService
94489283133,LOCAL,,_tmp_16,15,,<empty>,349,_tmp_16,,,0,,services/issueMetrics/issueMetricsCalculationService.ts::program:IssueMetricsCalculationService
94489283134,LOCAL,,_tmp_16,15,,<empty>,349,_tmp_16,,,0,,services/issueMetrics/issueMetricsCalculationService.ts::program:IssueMetricsCalculationService
94489283135,LOCAL,services/issueMetrics/issueMetricsCalculationService.ts::program:IssueMetricsCalculationService:calculateCriticalMetrics:<lambda>5:count,count,8,,<empty>,263,count,,,0,,__ecma.Number
94489283136,LOCAL,services/issueMetrics/issueMetricsCalculationService.ts::program:IssueMetricsCalculationService:calculateCriticalMetrics:<lambda>5:totalResolutionHours,totalResolutionHours,8,,<empty>,262,totalResolutionHours,,,0,,__ecma.Number
94489283137,LOCAL,,_tmp_12,48,,<empty>,261,_tmp_12,,,0,,__ecma.Date
94489283138,LOCAL,,Date,14,,<empty>,261,Date,,,0,,DateConstructor
94489283139,LOCAL,,_tmp_13,48,,<empty>,261,_tmp_13,,,0,,__ecma.Date
94489283140,LOCAL,,_tmp_10,10,,<empty>,261,_tmp_10,,,0,,__ecma.Date
94489283141,LOCAL,,_tmp_11,10,,<empty>,261,_tmp_11,,,0,,__ecma.Date
94489283142,LOCAL,services/issueMetrics/issueMetricsCalculationService.ts::program:IssueMetricsCalculationService:calculateStaleIssues:<lambda>1:stale_issues_count,stale_issues_count,10,,<empty>,225,stale_issues_count,,,0,,__ecma.Number
94489283143,LOCAL,services/issueMetrics/issueMetricsCalculationService.ts::program:IssueMetricsCalculationService:calculateStaleIssues:<lambda>1:sixtyDaysAgo,sixtyDaysAgo,27,DateConstructor;__ecma.Date,<empty>,224,sixtyDaysAgo,,,0,,ANY
94489283144,LOCAL,,Date,33,,<empty>,223,Date,,,0,,DateConstructor
94489283145,LOCAL,,_tmp_8,29,,<empty>,223,_tmp_8,,,0,,__ecma.Date
94489283146,LOCAL,,Date,29,,<empty>,216,Date,,,0,,DateConstructor
94489283147,LOCAL,,_tmp_7,25,,<empty>,216,_tmp_7,,,0,,__ecma.Date
94489283148,LOCAL,,console,4,,<empty>,141,console,,,0,,__whatwg.console
94489283149,LOCAL,services/issueMetrics/issueMetricsCalculationService.ts::program:IssueMetricsCalculationService:calculateCycleTime:<lambda>0:console,console,12,,<empty>,156,console,,,0,,__whatwg.console
94489283150,LOCAL,,_tmp_3,97,,<empty>,156,_tmp_3,,,0,,ANY
94489283151,LOCAL,services/issueMetrics/issueMetricsCalculationService.ts::program:IssueMetricsCalculationService:calculateCycleTime:<lambda>0:issues_with_resolution_time,issues_with_resolution_time,10,,<empty>,152,issues_with_resolution_time,,,0,,__ecma.Number
94489283152,LOCAL,services/issueMetrics/issueMetricsCalculationService.ts::program:IssueMetricsCalculationService:calculateCycleTime:<lambda>0:total_resolution_hours,total_resolution_hours,10,,<empty>,151,total_resolution_hours,,,0,,__ecma.Number
94489283153,LOCAL,,Date,32,,<empty>,145,Date,,,0,,DateConstructor
94489283154,LOCAL,,_tmp_2,27,,<empty>,146,_tmp_2,,,0,,__ecma.Date
94489283155,LOCAL,,_tmp_1,28,,<empty>,145,_tmp_1,,,0,,__ecma.Date
94489283156,LOCAL,,console,4,,<empty>,32,console,,,0,,__whatwg.console
94489283157,LOCAL,,getPool,0,,<empty>,4,getPool,,,0,,() => Pool
94489283158,LOCAL,,IssueHealthMetrics,0,,<empty>,5,IssueHealthMetrics,,,0,,ANY
94489283159,LOCAL,,IssueMetricsHistory,0,,<empty>,5,IssueMetricsHistory,,,0,,ANY
94489283160,LOCAL,,WeekOverWeekComparison,0,,<empty>,5,WeekOverWeekComparison,,,0,,ANY
94489283161,LOCAL,,calculateIssueHealthScore,0,,<empty>,10,calculateIssueHealthScore,,,0,,(metrics: { avg_cycle_time_days: __ecma.Number; reopen_rate_percent: __ecma.Number; issues_closed_last_7d: __ecma.Number; critical_issues_open: __ecma.Number; }) => __ecma.Number
94489283162,LOCAL,,query,12,,<empty>,22,query,,,0,"""\\n        INSERT INTO issue_health_metrics (\\n          uuid,\\n          project_id,\\n          total_open_issues,\\n          total_closed_issues,\\n          issues_closed_last_7d,\\n          issues_closed_last_30d,\\n          total_resolution_hours,\\n          issues_with_resolution_time,\\n          avg_cycle_time...",__ecma.String
94489283163,LOCAL,,values,12,,<empty>,66,values,,,0,__ecma.Array,__ecma.Array
94489283164,LOCAL,,_tmp_0,21,,<empty>,66,_tmp_0,,,0,,__ecma.Array
94489283165,LOCAL,,result,12,,<empty>,100,result,,,0,QueryResult<any>,QueryResult<any>
94489283166,LOCAL,,currentMetrics,12,,<empty>,115,currentMetrics,,,0,IssueHealthMetrics | __ecma.Null,IssueHealthMetrics | __ecma.Null
94489283167,LOCAL,,_tmp_2,14,,<empty>,117,_tmp_2,,,0,,__ecma.Error
94489283168,LOCAL,,healthScore,12,,<empty>,121,healthScore,,,0,__ecma.Number,__ecma.Number
94489283169,LOCAL,,_tmp_3,52,,<empty>,121,_tmp_3,,,0,,ANY
94489283170,LOCAL,,query,12,,<empty>,128,query,,,0,"""\\n        INSERT INTO issue_metrics_history (\\n          uuid,\\n          project_id,\\n          snapshot_date,\\n          total_open_issues,\\n          total_closed_issues,\\n          issues_closed_last_7d,\\n          avg_cycle_time_days,\\n          reopen_rate_percent,\\n          bug_ratio_percent,\\n          sta...",__ecma.String
94489283171,LOCAL,,values,12,,<empty>,153,values,,,0,__ecma.Array,__ecma.Array
94489283172,LOCAL,,_tmp_4,21,,<empty>,153,_tmp_4,,,0,,__ecma.Array
94489283173,LOCAL,,result,12,,<empty>,169,result,,,0,QueryResult<any>,QueryResult<any>
94489283174,LOCAL,,query,12,,<empty>,183,query,,,0,__ecma.String,__ecma.String
94489283175,LOCAL,,result,12,,<empty>,190,result,,,0,QueryResult<any>,QueryResult<any>
94489283176,LOCAL,,_tmp_7,50,,<empty>,190,_tmp_7,,,0,,__ecma.Array
94489283177,LOCAL,,query,12,,<empty>,206,query,,,0,__ecma.String,__ecma.String
94489283178,LOCAL,,result,12,,<empty>,213,result,,,0,QueryResult<any>,QueryResult<any>
94489283179,LOCAL,,_tmp_9,50,,<empty>,213,_tmp_9,,,0,,__ecma.Array
94489283180,LOCAL,,current,12,,<empty>,227,current,,,0,IssueHealthMetrics | __ecma.Null,__ecma.Number
94489283181,LOCAL,,query,12,,<empty>,233,query,,,0,__ecma.String,__ecma.String
94489283182,LOCAL,,result,12,,<empty>,241,result,,,0,QueryResult<any>,QueryResult<any>
94489283183,LOCAL,,_tmp_11,50,,<empty>,241,_tmp_11,,,0,,__ecma.Array
94489283184,LOCAL,,previous,12,,<empty>,242,previous,,,0,ANY,__ecma.Number
94489283185,LOCAL,,_tmp_12,15,,<empty>,245,_tmp_12,,,0,,ANY
94489283186,LOCAL,,_tmp_13,13,,<empty>,256,_tmp_13,,,0,,ANY
94489283187,LOCAL,,query,12,,<empty>,302,query,,,0,__ecma.String,__ecma.String
94489283188,LOCAL,,result,12,,<empty>,308,result,,,0,QueryResult<any>,QueryResult<any>
94489283189,LOCAL,,_tmp_16,50,,<empty>,308,_tmp_16,,,0,,__ecma.Array
94489283190,LOCAL,,_tmp_18,86,,<empty>,321,_tmp_18,,,0,,__ecma.Array
94489283191,LOCAL,,IssueMetricsDbService,0,,<empty>,12,IssueMetricsDbService,,,0,,services/issueMetrics/issueMetricsDbService.ts::program:IssueMetricsDbService
94489283192,LOCAL,,_tmp_19,15,,<empty>,332,_tmp_19,,,0,,services/issueMetrics/issueMetricsDbService.ts::program:IssueMetricsDbService
94489283193,LOCAL,,_tmp_19,15,,<empty>,332,_tmp_19,,,0,,services/issueMetrics/issueMetricsDbService.ts::program:IssueMetricsDbService
94489283194,LOCAL,,error,13,,<empty>,325,error,,,0,,ANY
94489283195,LOCAL,,console,6,,<empty>,324,console,,,0,,__whatwg.console
94489283196,LOCAL,,_tmp_18,86,,<empty>,321,_tmp_18,,,0,,__ecma.Array
94489283197,LOCAL,,_tmp_17,12,Pool;pg:Pool;Pool | __ecma.Null;__ecma.Null,<empty>,321,_tmp_17,,,0,,Pool
94489283198,LOCAL,services/issueMetrics/issueMetricsDbService.ts::program:IssueMetricsDbService:deleteMetrics:getPool,getPool,12,,<empty>,321,getPool,,,0,,() => Pool
94489283199,LOCAL,,error,13,,<empty>,310,error,,,0,,ANY
94489283200,LOCAL,,console,6,,<empty>,311,console,,,0,,__whatwg.console
94489283201,LOCAL,,_tmp_16,50,,<empty>,308,_tmp_16,,,0,,__ecma.Array
94489283202,LOCAL,,_tmp_15,27,Pool;pg:Pool;Pool | __ecma.Null;__ecma.Null,<empty>,308,_tmp_15,,,0,,Pool
94489283203,LOCAL,services/issueMetrics/issueMetricsDbService.ts::program:IssueMetricsDbService:getAllMetrics:getPool,getPool,27,,<empty>,308,getPool,,,0,,() => Pool
94489283204,LOCAL,,_tmp_14,23,,<empty>,294,_tmp_14,,,0,,ANY
94489283205,LOCAL,,error,13,,<empty>,283,error,,,0,,ANY
94489283206,LOCAL,,console,6,,<empty>,284,console,,,0,,__whatwg.console
94489283207,LOCAL,,_tmp_11,50,,<empty>,241,_tmp_11,,,0,,__ecma.Array
94489283208,LOCAL,,_tmp_10,27,Pool;pg:Pool;Pool | __ecma.Null;__ecma.Null,<empty>,241,_tmp_10,,,0,,Pool
94489283209,LOCAL,services/issueMetrics/issueMetricsDbService.ts::program:IssueMetricsDbService:getWeekOverWeekTrends:getPool,getPool,27,,<empty>,241,getPool,,,0,,() => Pool
94489283210,LOCAL,,error,13,,<empty>,215,error,,,0,,ANY
94489283211,LOCAL,,console,6,,<empty>,216,console,,,0,,__whatwg.console
94489283212,LOCAL,,_tmp_9,50,,<empty>,213,_tmp_9,,,0,,__ecma.Array
94489283213,LOCAL,,_tmp_8,27,Pool;pg:Pool;Pool | __ecma.Null;__ecma.Null,<empty>,213,_tmp_8,,,0,,Pool
94489283214,LOCAL,services/issueMetrics/issueMetricsDbService.ts::program:IssueMetricsDbService:getMetricsHistory:getPool,getPool,27,,<empty>,213,getPool,,,0,,() => Pool
94489283215,LOCAL,,days,4,,<empty>,203,days,,,0,,__ecma.Number
94489283216,LOCAL,,error,13,,<empty>,192,error,,,0,,ANY
94489283217,LOCAL,,console,6,,<empty>,193,console,,,0,,__whatwg.console
94489283218,LOCAL,,_tmp_7,50,,<empty>,190,_tmp_7,,,0,,__ecma.Array
94489283219,LOCAL,,_tmp_6,27,Pool;pg:Pool;Pool | __ecma.Null;__ecma.Null,<empty>,190,_tmp_6,,,0,,Pool
94489283220,LOCAL,services/issueMetrics/issueMetricsDbService.ts::program:IssueMetricsDbService:getMetrics:getPool,getPool,27,,<empty>,190,getPool,,,0,,() => Pool
94489283221,LOCAL,,error,13,,<empty>,172,error,,,0,,ANY
94489283222,LOCAL,,console,6,,<empty>,170,console,,,0,,__whatwg.console
94489283223,LOCAL,,_tmp_5,27,Pool;pg:Pool;Pool | __ecma.Null;__ecma.Null,<empty>,169,_tmp_5,,,0,,Pool
94489283224,LOCAL,services/issueMetrics/issueMetricsDbService.ts::program:IssueMetricsDbService:saveHistoricalSnapshot:getPool,getPool,27,,<empty>,169,getPool,,,0,,() => Pool
94489283225,LOCAL,,_tmp_4,21,,<empty>,153,_tmp_4,,,0,,__ecma.Array
94489283226,LOCAL,services/issueMetrics/issueMetricsDbService.ts::program:IssueMetricsDbService:saveHistoricalSnapshot:calculateIssueHealthScore,calculateIssueHealthScore,26,,<empty>,121,calculateIssueHealthScore,,,0,,(metrics: { avg_cycle_time_days: __ecma.Number; reopen_rate_percent: __ecma.Number; issues_closed_last_7d: __ecma.Number; critical_issues_open: __ecma.Number; }) => __ecma.Number
94489283227,LOCAL,,Error,18,,<empty>,117,Error,,,0,,ErrorConstructor
94489283228,LOCAL,,_tmp_2,14,,<empty>,117,_tmp_2,,,0,,__ecma.Error
94489283229,LOCAL,,error,13,,<empty>,103,error,,,0,,ANY
94489283230,LOCAL,,console,6,,<empty>,101,console,,,0,,__whatwg.console
94489283231,LOCAL,,_tmp_1,27,Pool;pg:Pool;Pool | __ecma.Null;__ecma.Null,<empty>,100,_tmp_1,,,0,,Pool
94489283232,LOCAL,services/issueMetrics/issueMetricsDbService.ts::program:IssueMetricsDbService:saveMetrics:getPool,getPool,27,,<empty>,100,getPool,,,0,,() => Pool
94489283233,LOCAL,,_tmp_0,21,,<empty>,66,_tmp_0,,,0,,__ecma.Array
94489283234,LOCAL,,gitLabIssueService,0,services/gitlab/gitLabIssueService.ts::program:GitLabIssueService;GitLabIssueService,<empty>,4,gitLabIssueService,,,0,,ANY
94489283235,LOCAL,,issueMetricsCalculationService,0,services/issueMetrics/issueMetricsCalculationService.ts::program:IssueMetricsCalculationService;IssueMetricsCalculationService,<empty>,5,issueMetricsCalculationService,,,0,,ANY
94489283236,LOCAL,,issueMetricsDbService,0,services/issueMetrics/issueMetricsDbService.ts::program:IssueMetricsDbService;IssueMetricsDbService,<empty>,6,issueMetricsDbService,,,0,,ANY
94489283237,LOCAL,,IssueHealthMetrics,0,,<empty>,7,IssueHealthMetrics,,,0,,ANY
94489283238,LOCAL,,data,12,,<empty>,20,data,,,0,{ openIssues: __ecma.Array; ... 9 more ...; mrLinkData: { ...; }; },{ openIssues: __ecma.Array; ... 9 more ...; mrLinkData: { ...; }; }
94489283239,LOCAL,,calculatedMetrics,12,types/issueMetrics.types.ts::program:IssueMetricsCalculationResult;IssueMetricsCalculationResult,<empty>,25,calculatedMetrics,,,0,IssueMetricsCalculationResult,ANY
94489283240,LOCAL,,savedMetrics,12,types/issueMetrics.types.ts::program:IssueHealthMetrics;IssueHealthMetrics,<empty>,44,savedMetrics,,,0,IssueHealthMetrics,ANY
94489283241,LOCAL,,sevenDaysAgo,10,DateConstructor;__ecma.Date,<empty>,66,sevenDaysAgo,,,0,Date,DateConstructor
94489283242,LOCAL,,_tmp_0,25,,<empty>,66,_tmp_0,,,0,,__ecma.Date
94489283243,LOCAL,,sevenDaysAgoISO,10,__ecma.String;DateConstructor:toISOString:<returnValue>;__ecma.Date:toISOString:<returnValue>,<empty>,68,sevenDaysAgoISO,,,0,__ecma.String,__ecma.String
94489283244,LOCAL,,thirtyDaysAgo,10,DateConstructor;__ecma.Date,<empty>,70,thirtyDaysAgo,,,0,Date,DateConstructor
94489283245,LOCAL,,_tmp_1,26,,<empty>,70,_tmp_1,,,0,,__ecma.Date
94489283246,LOCAL,,thirtyDaysAgoISO,10,__ecma.String;DateConstructor:toISOString:<returnValue>;__ecma.Date:toISOString:<returnValue>,<empty>,72,thirtyDaysAgoISO,,,0,__ecma.String,__ecma.String
94489283247,LOCAL,,totalClosedCount,10,,<empty>,77,totalClosedCount,,,0,__ecma.Number,__ecma.Number
94489283248,LOCAL,,totalOpenCount,10,,<empty>,78,totalOpenCount,,,0,__ecma.Number,__ecma.Number
94489283249,LOCAL,,actualTotalOpenCount,10,,<empty>,83,actualTotalOpenCount,,,0,__ecma.Number,__ecma.Number
94489283250,LOCAL,,actualTotalClosedCount,10,,<empty>,84,actualTotalClosedCount,,,0,__ecma.Number,__ecma.Number
94489283251,LOCAL,,"[
      openIssues,
      closedIssuesLast7d,
      closedIssuesLast30d,
      allRecentClosedIssues,
      openedIssuesLast7d,
      openedIssuesLast30d,
      bugIssues,
      featureIssues,
      criticalIssues,
      blockerIssues,
    ]",10,,<empty>,91,"[
      openIssues,
      closedIssuesLast7d,
      closedIssuesLast30d,
      allRecentClosedIssues,
      openedIssuesLast7d,
      openedIssuesLast30d,
      bugIssues,
      featureIssues,
      criticalIssues,
      blockerIssues,
    ]",,,0,ANY,ANY
94489283252,LOCAL,,_tmp_2,26,,<empty>,102,_tmp_2,,,0,,__ecma.Array
94489283253,LOCAL,,_tmp_3,53,,<empty>,122,_tmp_3,,,0,,__ecma.Array
94489283254,LOCAL,,_tmp_4,53,,<empty>,125,_tmp_4,,,0,,__ecma.Array
94489283255,LOCAL,,_tmp_5,53,,<empty>,128,_tmp_5,,,0,,__ecma.Array
94489283256,LOCAL,,_tmp_6,53,,<empty>,131,_tmp_6,,,0,,__ecma.Array
94489283257,LOCAL,,_tmp_7,10,,<empty>,91,_tmp_7,,,0,,ANY
94489283258,LOCAL,,openIssues,6,,<empty>,92,openIssues,,,0,,__ecma.Array
94489283259,LOCAL,,closedIssuesLast7d,6,,<empty>,93,closedIssuesLast7d,,,0,,__ecma.Array
94489283260,LOCAL,,closedIssuesLast30d,6,,<empty>,94,closedIssuesLast30d,,,0,,__ecma.Array
94489283261,LOCAL,,allRecentClosedIssues,6,,<empty>,95,allRecentClosedIssues,,,0,,__ecma.Array
94489283262,LOCAL,,openedIssuesLast7d,6,,<empty>,96,openedIssuesLast7d,,,0,,__ecma.Array
94489283263,LOCAL,,openedIssuesLast30d,6,,<empty>,97,openedIssuesLast30d,,,0,,__ecma.Array
94489283264,LOCAL,,bugIssues,6,,<empty>,98,bugIssues,,,0,,__ecma.Array
94489283265,LOCAL,,featureIssues,6,,<empty>,99,featureIssues,,,0,,__ecma.Array
94489283266,LOCAL,,criticalIssues,6,,<empty>,100,criticalIssues,,,0,,__ecma.Array
94489283267,LOCAL,,blockerIssues,6,,<empty>,101,blockerIssues,,,0,,__ecma.Array
94489283268,LOCAL,,_tmp_8,66,,<empty>,140,_tmp_8,,,0,,ANY
94489283269,LOCAL,,_tmp_9,68,,<empty>,151,_tmp_9,,,0,,ANY
94489283270,LOCAL,,reopenData,10,,<empty>,162,reopenData,,,0,{ reopened: __ecma.Number; checked: __ecma.Number; },{ reopened: __ecma.Number; checked: __ecma.Number; }
94489283271,LOCAL,,mrLinkData,10,,<empty>,167,mrLinkData,,,0,{ withLinks: __ecma.Number; checked: __ecma.Number; },{ withLinks: __ecma.Number; checked: __ecma.Number; }
94489283272,LOCAL,,_tmp_10,11,,<empty>,169,_tmp_10,,,0,,ANY
94489283273,LOCAL,,reopenedCount,8,,<empty>,191,reopenedCount,,,0,__ecma.Number,__ecma.Number
94489283274,LOCAL,,checkedCount,10,__ecma.Number;__ecma.Array:<member>(length),<empty>,192,checkedCount,,,0,__ecma.Number,__ecma.Number
94489283275,LOCAL,,_iterator_0,4,,<empty>,195,_iterator_0,,,0,,ANY
94489283276,LOCAL,,_result_0,4,,<empty>,195,_result_0,,,0,,next:<returnValue>
94489283277,LOCAL,,issue,4,_result_0:value:<returnValue>:<member>(value);_result_1:value:<returnValue>:<member>(value),<empty>,195,issue,,,0,,ANY
94489283278,LOCAL,,stateEvents,14,,<empty>,197,stateEvents,,,0,__ecma.Array,__ecma.Array
94489283279,LOCAL,,_tmp_11,14,,<empty>,207,_tmp_11,,,0,,__ecma.Promise
94489283280,LOCAL,,_tmp_12,11,,<empty>,214,_tmp_12,,,0,,ANY
94489283281,LOCAL,,withLinksCount,8,,<empty>,224,withLinksCount,,,0,__ecma.Number,__ecma.Number
94489283282,LOCAL,,checkedCount,10,__ecma.Number;__ecma.Array:<member>(length),<empty>,225,checkedCount,,,0,__ecma.Number,__ecma.Number
94489283283,LOCAL,,_iterator_1,4,,<empty>,228,_iterator_1,,,0,,ANY
94489283284,LOCAL,,_result_1,4,,<empty>,228,_result_1,,,0,,next:<returnValue>
94489283285,LOCAL,,issue,4,_result_0:value:<returnValue>:<member>(value);_result_1:value:<returnValue>:<member>(value),<empty>,228,issue,,,0,,ANY
94489283286,LOCAL,,closedByMRs,14,,<empty>,231,closedByMRs,,,0,__ecma.Array,__ecma.Array
94489283287,LOCAL,,issueLinks,14,,<empty>,237,issueLinks,,,0,__ecma.Array,__ecma.Array
94489283288,LOCAL,,_tmp_13,14,,<empty>,244,_tmp_13,,,0,,__ecma.Promise
94489283289,LOCAL,,_tmp_14,11,,<empty>,251,_tmp_14,,,0,,ANY
94489283290,LOCAL,,IssueMetricsSyncService,0,,<empty>,9,IssueMetricsSyncService,,,0,,services/issueMetrics/issueMetricsSyncService.ts::program:IssueMetricsSyncService
94489283291,LOCAL,,_tmp_15,15,,<empty>,258,_tmp_15,,,0,,services/issueMetrics/issueMetricsSyncService.ts::program:IssueMetricsSyncService
94489283292,LOCAL,,_tmp_15,15,,<empty>,258,_tmp_15,,,0,,services/issueMetrics/issueMetricsSyncService.ts::program:IssueMetricsSyncService
94489283293,LOCAL,,error,15,,<empty>,245,error,,,0,,ANY
94489283294,LOCAL,,issue,4,_result_0:value:<returnValue>:<member>(value);_result_1:value:<returnValue>:<member>(value),<empty>,228,issue,,,0,,ANY
94489283295,LOCAL,,console,8,,<empty>,246,console,,,0,,__whatwg.console
94489283296,LOCAL,,setTimeout,37,,<empty>,244,setTimeout,,,0,,setTimeout
94489283297,LOCAL,,Promise,18,,<empty>,244,Promise,,,0,,PromiseConstructor
94489283298,LOCAL,,_tmp_13,14,,<empty>,244,_tmp_13,,,0,,__ecma.Promise
94489283299,LOCAL,services/issueMetrics/issueMetricsSyncService.ts::program:IssueMetricsSyncService:calculateMRLinkRate:gitLabIssueService,gitLabIssueService,34,services/gitlab/gitLabIssueService.ts::program:GitLabIssueService;GitLabIssueService,<empty>,231,gitLabIssueService,,,0,,ANY
94489283300,LOCAL,,_result_1,4,,<empty>,228,_result_1,,,0,,next:<returnValue>
94489283301,LOCAL,,_iterator_1,4,,<empty>,228,_iterator_1,,,0,,ANY
94489283302,LOCAL,,error,15,,<empty>,208,error,,,0,,ANY
94489283303,LOCAL,,issue,4,_result_0:value:<returnValue>:<member>(value);_result_1:value:<returnValue>:<member>(value),<empty>,195,issue,,,0,,ANY
94489283304,LOCAL,,console,8,,<empty>,209,console,,,0,,__whatwg.console
94489283305,LOCAL,,setTimeout,37,,<empty>,207,setTimeout,,,0,,setTimeout
94489283306,LOCAL,,Promise,18,,<empty>,207,Promise,,,0,,PromiseConstructor
94489283307,LOCAL,,_tmp_11,14,,<empty>,207,_tmp_11,,,0,,__ecma.Promise
94489283308,LOCAL,services/issueMetrics/issueMetricsSyncService.ts::program:IssueMetricsSyncService:calculateReopenRate:issueMetricsCalculationService,issueMetricsCalculationService,12,services/issueMetrics/issueMetricsCalculationService.ts::program:IssueMetricsCalculationService;IssueMetricsCalculationService,<empty>,202,issueMetricsCalculationService,,,0,,ANY
94489283309,LOCAL,services/issueMetrics/issueMetricsSyncService.ts::program:IssueMetricsSyncService:calculateReopenRate:gitLabIssueService,gitLabIssueService,34,services/gitlab/gitLabIssueService.ts::program:GitLabIssueService;GitLabIssueService,<empty>,197,gitLabIssueService,,,0,,ANY
94489283310,LOCAL,,_result_0,4,,<empty>,195,_result_0,,,0,,next:<returnValue>
94489283311,LOCAL,,_iterator_0,4,,<empty>,195,_iterator_0,,,0,,ANY
94489283312,LOCAL,,console,4,,<empty>,74,console,,,0,,__whatwg.console
94489283313,LOCAL,,undefined,52,,<empty>,113,undefined,,,0,,undefined
94489283314,LOCAL,,_tmp_6,53,,<empty>,131,_tmp_6,,,0,,__ecma.Array
94489283315,LOCAL,services/issueMetrics/issueMetricsSyncService.ts::program:IssueMetricsSyncService:fetchGitLabData:gitLabIssueService,gitLabIssueService,35,services/gitlab/gitLabIssueService.ts::program:GitLabIssueService;GitLabIssueService,<empty>,77,gitLabIssueService,,,0,,ANY
94489283316,LOCAL,,_tmp_5,53,,<empty>,128,_tmp_5,,,0,,__ecma.Array
94489283317,LOCAL,,_tmp_4,53,,<empty>,125,_tmp_4,,,0,,__ecma.Array
94489283318,LOCAL,,_tmp_3,53,,<empty>,122,_tmp_3,,,0,,__ecma.Array
94489283319,LOCAL,,_tmp_2,26,,<empty>,102,_tmp_2,,,0,,__ecma.Array
94489283320,LOCAL,,Date,29,,<empty>,66,Date,,,0,,DateConstructor
94489283321,LOCAL,,_tmp_1,26,,<empty>,70,_tmp_1,,,0,,__ecma.Date
94489283322,LOCAL,,_tmp_0,25,,<empty>,66,_tmp_0,,,0,,__ecma.Date
94489283323,LOCAL,,error,13,,<empty>,56,error,,,0,,ANY
94489283324,LOCAL,,console,4,,<empty>,15,console,,,0,,__whatwg.console
94489283325,LOCAL,services/issueMetrics/issueMetricsSyncService.ts::program:IssueMetricsSyncService:syncIssueMetrics:issueMetricsDbService,issueMetricsDbService,33,services/issueMetrics/issueMetricsDbService.ts::program:IssueMetricsDbService;IssueMetricsDbService,<empty>,44,issueMetricsDbService,,,0,,ANY
94489283326,LOCAL,services/issueMetrics/issueMetricsSyncService.ts::program:IssueMetricsSyncService:syncIssueMetrics:issueMetricsCalculationService,issueMetricsCalculationService,32,services/issueMetrics/issueMetricsCalculationService.ts::program:IssueMetricsCalculationService;IssueMetricsCalculationService,<empty>,25,issueMetricsCalculationService,,,0,,ANY
94489283327,LOCAL,,MilestoneMetrics,0,,<empty>,4,MilestoneMetrics,,,0,,ANY
94489283328,LOCAL,,MilestoneWithIssueCount,0,,<empty>,4,MilestoneWithIssueCount,,,0,,ANY
94489283329,LOCAL,,_tmp_0,13,,<empty>,17,_tmp_0,,,0,,ANY
94489283330,LOCAL,,maxMilestone,10,types/milestoneMetrics.types.ts::program:MilestoneWithIssueCount;MilestoneWithIssueCount;__ecma.Array:reduce:<returnValue>,<empty>,28,maxMilestone,,,0,MilestoneWithIssueCount,ANY
94489283331,LOCAL,,minMilestone,10,types/milestoneMetrics.types.ts::program:MilestoneWithIssueCount;MilestoneWithIssueCount;__ecma.Array:reduce:<returnValue>,<empty>,33,minMilestone,,,0,MilestoneWithIssueCount,ANY
94489283332,LOCAL,,totalIssues,10,__ecma.Number;__ecma.Array:reduce:<returnValue>,<empty>,38,totalIssues,,,0,__ecma.Number,__ecma.Number
94489283333,LOCAL,,avgIssues,10,,<empty>,42,avgIssues,,,0,__ecma.Number,__ecma.Number
94489283334,LOCAL,,metrics,10,types/milestoneMetrics.types.ts::program:MilestoneMetrics;MilestoneMetrics,<empty>,44,metrics,,,0,MilestoneMetrics,ANY
94489283335,LOCAL,,_tmp_1,38,,<empty>,44,_tmp_1,,,0,,ANY
94489283336,LOCAL,,MilestoneMetricsCalculationService,0,,<empty>,6,MilestoneMetricsCalculationService,,,0,,services/milestoneMetrics/milestoneMetricsCalculationService.ts::program:MilestoneMetricsCalculationService
94489283337,LOCAL,,_tmp_2,15,,<empty>,59,_tmp_2,,,0,,services/milestoneMetrics/milestoneMetricsCalculationService.ts::program:MilestoneMetricsCalculationService
94489283338,LOCAL,,_tmp_2,15,,<empty>,59,_tmp_2,,,0,,services/milestoneMetrics/milestoneMetricsCalculationService.ts::program:MilestoneMetricsCalculationService
94489283339,LOCAL,,console,4,,<empty>,11,console,,,0,,__whatwg.console
94489283340,LOCAL,,Math,18,,<empty>,47,Math,,,0,,__ecma.Math
94489283341,LOCAL,,getPool,0,,<empty>,4,getPool,,,0,,() => Pool
94489283342,LOCAL,,MilestoneMetrics,0,,<empty>,5,MilestoneMetrics,,,0,,ANY
94489283343,LOCAL,,pool,10,Pool;pg:Pool;Pool | __ecma.Null;__ecma.Null,<empty>,12,pool,,,0,Pool,Pool
94489283344,LOCAL,,query,10,,<empty>,15,query,,,0,"""\\n      INSERT INTO milestone_metrics (\\n        project_id,\\n        max_issues,\\n        min_issues,\\n        avg_issues,\\n        total_milestones,\\n        milestone_with_max_issues,\\n        milestone_with_min_issues,\\n        calculated_at\\n      ) VALUES ($1, $2, $3, $4, $5, $6, $7, NOW())\\n      RETURNING *...",__ecma.String
94489283345,LOCAL,,values,10,,<empty>,29,values,,,0,__ecma.Array,__ecma.Array
94489283346,LOCAL,,_tmp_0,19,,<empty>,29,_tmp_0,,,0,,__ecma.Array
94489283347,LOCAL,,result,10,,<empty>,39,result,,,0,QueryResult<any>,QueryResult<any>
94489283348,LOCAL,,pool,12,Pool;pg:Pool;Pool | __ecma.Null;__ecma.Null,<empty>,50,pool,,,0,Pool,Pool
94489283349,LOCAL,,query,12,,<empty>,53,query,,,0,__ecma.String,__ecma.String
94489283350,LOCAL,,result,12,,<empty>,60,result,,,0,QueryResult<any>,QueryResult<any>
94489283351,LOCAL,,_tmp_1,45,,<empty>,60,_tmp_1,,,0,,__ecma.Array
94489283352,LOCAL,,MilestoneMetricsDbService,0,,<empty>,7,MilestoneMetricsDbService,,,0,,services/milestoneMetrics/milestoneMetricsDbService.ts::program:MilestoneMetricsDbService
94489283353,LOCAL,,_tmp_2,15,,<empty>,75,_tmp_2,,,0,,services/milestoneMetrics/milestoneMetricsDbService.ts::program:MilestoneMetricsDbService
94489283354,LOCAL,,_tmp_2,15,,<empty>,75,_tmp_2,,,0,,services/milestoneMetrics/milestoneMetricsDbService.ts::program:MilestoneMetricsDbService
94489283355,LOCAL,,error,13,,<empty>,68,error,,,0,,ANY
94489283356,LOCAL,,console,6,,<empty>,51,console,,,0,,__whatwg.console
94489283357,LOCAL,,_tmp_1,45,,<empty>,60,_tmp_1,,,0,,__ecma.Array
94489283358,LOCAL,services/milestoneMetrics/milestoneMetricsDbService.ts::program:MilestoneMetricsDbService:getMetrics:getPool,getPool,19,,<empty>,50,getPool,,,0,,() => Pool
94489283359,LOCAL,,console,4,,<empty>,13,console,,,0,,__whatwg.console
94489283360,LOCAL,,_tmp_0,19,,<empty>,29,_tmp_0,,,0,,__ecma.Array
94489283361,LOCAL,services/milestoneMetrics/milestoneMetricsDbService.ts::program:MilestoneMetricsDbService:saveMetrics:getPool,getPool,17,,<empty>,12,getPool,,,0,,() => Pool
94489283362,LOCAL,,gitlabMilestoneService,0,services/gitlab/gitlabMilestoneService.ts::program:GitLabMilestoneService;GitLabMilestoneService,<empty>,4,gitlabMilestoneService,,,0,,ANY
94489283363,LOCAL,,gitlabClient,0,services/gitlab/gitlabClient.ts::program:GitLabClient;GitLabClient,<empty>,5,gitlabClient,,,0,,ANY
94489283364,LOCAL,,milestoneMetricsCalculationService,0,services/milestoneMetrics/milestoneMetricsCalculationService.ts::program:MilestoneMetricsCalculationService;MilestoneMetricsCalculationService,<empty>,6,milestoneMetricsCalculationService,,,0,,ANY
94489283365,LOCAL,,milestoneMetricsDbService,0,services/milestoneMetrics/milestoneMetricsDbService.ts::program:MilestoneMetricsDbService;MilestoneMetricsDbService,<empty>,7,milestoneMetricsDbService,,,0,,ANY
94489283366,LOCAL,,MilestoneMetrics,0,,<empty>,8,MilestoneMetrics,,,0,,ANY
94489283367,LOCAL,,activeMilestones,12,,<empty>,32,activeMilestones,,,0,__ecma.Array,__ecma.Array
94489283368,LOCAL,,emptyMetrics,14,types/milestoneMetrics.types.ts::program:MilestoneMetrics;MilestoneMetrics,<empty>,38,emptyMetrics,,,0,MilestoneMetrics,ANY
94489283369,LOCAL,,_tmp_0,47,,<empty>,38,_tmp_0,,,0,,ANY
94489283370,LOCAL,,milestonesWithCounts,12,,<empty>,55,milestonesWithCounts,,,0,__ecma.Array,__ecma.Array
94489283371,LOCAL,,calculatedMetrics,12,types/milestoneMetrics.types.ts::program:MilestoneMetrics;MilestoneMetrics,<empty>,59,calculatedMetrics,,,0,MilestoneMetrics,ANY
94489283372,LOCAL,,client,10,AxiosInstance;services/gitlab/gitlabClient.ts::program:GitLabClient:getClient:<returnValue>;GitLabClient:getClient:<returnValue>,<empty>,78,client,,,0,AxiosInstance,AxiosInstance
94489283373,LOCAL,,milestonesWithCounts,10,,<empty>,80,milestonesWithCounts,,,0,__ecma.Array,__ecma.Array
94489283374,LOCAL,,allIssues,14,__ecma.Array;__ecma.Array:concat:<returnValue>,<empty>,85,allIssues,,,0,__ecma.Array,__ecma.Array
94489283375,LOCAL,,page,14,,<empty>,86,page,,,0,__ecma.Number,__ecma.Number
94489283376,LOCAL,,hasMore,14,,<empty>,87,hasMore,,,0,__ecma.Boolean,__ecma.Boolean
94489283377,LOCAL,,response,18,,<empty>,90,response,,,0,"AxiosResponse<any, ANY, __ecma.Object>","AxiosResponse<any, ANY, __ecma.Object>"
94489283378,LOCAL,,_tmp_1,14,,<empty>,92,_tmp_1,,,0,,ANY
94489283379,LOCAL,,_tmp_2,24,,<empty>,93,_tmp_2,,,0,,ANY
94489283380,LOCAL,,issues,18,,<empty>,100,issues,,,0,ANY,"AxiosResponse<any, ANY, __ecma.Object>:<member>(data)"
94489283381,LOCAL,,_tmp_3,17,,<empty>,112,_tmp_3,,,0,,ANY
94489283382,LOCAL,,_tmp_4,17,,<empty>,123,_tmp_4,,,0,,ANY
94489283383,LOCAL,,MilestoneMetricsSyncService,0,,<empty>,22,MilestoneMetricsSyncService,,,0,,services/milestoneMetrics/milestoneMetricsSyncService.ts::program:MilestoneMetricsSyncService
94489283384,LOCAL,,_tmp_5,15,,<empty>,137,_tmp_5,,,0,,services/milestoneMetrics/milestoneMetricsSyncService.ts::program:MilestoneMetricsSyncService
94489283385,LOCAL,,_tmp_5,15,,<empty>,137,_tmp_5,,,0,,services/milestoneMetrics/milestoneMetricsSyncService.ts::program:MilestoneMetricsSyncService
94489283386,LOCAL,,error,17,,<empty>,118,error,,,0,,ANY
94489283387,LOCAL,,console,10,,<empty>,108,console,,,0,,__whatwg.console
94489283388,LOCAL,services/milestoneMetrics/milestoneMetricsSyncService.ts::program:MilestoneMetricsSyncService:fetchIssueCounts:<lambda>0:projectId,projectId,27,,<empty>,91,projectId,,,0,,__ecma.Number
94489283389,LOCAL,services/milestoneMetrics/milestoneMetricsSyncService.ts::program:MilestoneMetricsSyncService:fetchIssueCounts:<lambda>0:client,client,35,AxiosInstance;services/gitlab/gitlabClient.ts::program:GitLabClient:getClient:<returnValue>;GitLabClient:getClient:<returnValue>,<empty>,90,client,,,0,,AxiosInstance
94489283390,LOCAL,services/milestoneMetrics/milestoneMetricsSyncService.ts::program:MilestoneMetricsSyncService:fetchIssueCounts:gitlabClient,gitlabClient,19,services/gitlab/gitlabClient.ts::program:GitLabClient;GitLabClient,<empty>,78,gitlabClient,,,0,,ANY
94489283391,LOCAL,,error,13,,<empty>,68,error,,,0,,ANY
94489283392,LOCAL,,console,4,,<empty>,27,console,,,0,,__whatwg.console
94489283393,LOCAL,services/milestoneMetrics/milestoneMetricsSyncService.ts::program:MilestoneMetricsSyncService:syncMilestoneMetrics:milestoneMetricsDbService,milestoneMetricsDbService,14,services/milestoneMetrics/milestoneMetricsDbService.ts::program:MilestoneMetricsDbService;MilestoneMetricsDbService,<empty>,48,milestoneMetricsDbService,,,0,,ANY
94489283394,LOCAL,services/milestoneMetrics/milestoneMetricsSyncService.ts::program:MilestoneMetricsSyncService:syncMilestoneMetrics:milestoneMetricsCalculationService,milestoneMetricsCalculationService,8,services/milestoneMetrics/milestoneMetricsCalculationService.ts::program:MilestoneMetricsCalculationService;MilestoneMetricsCalculationService,<empty>,60,milestoneMetricsCalculationService,,,0,,ANY
94489283395,LOCAL,services/milestoneMetrics/milestoneMetricsSyncService.ts::program:MilestoneMetricsSyncService:syncMilestoneMetrics:gitlabMilestoneService,gitlabMilestoneService,37,services/gitlab/gitlabMilestoneService.ts::program:GitLabMilestoneService;GitLabMilestoneService,<empty>,32,gitlabMilestoneService,,,0,,ANY
94489283396,LOCAL,,GitLabMergeRequest,0,,<empty>,5,GitLabMergeRequest,,,0,,ANY
94489283397,LOCAL,,GitLabMRNote,0,,<empty>,6,GitLabMRNote,,,0,,ANY
94489283398,LOCAL,,mrs_merged_last_7d,10,__ecma.Number;__ecma.Array:<member>(length),<empty>,30,mrs_merged_last_7d,,,0,__ecma.Number,__ecma.Number
94489283399,LOCAL,,mrs_merged_last_30d,10,__ecma.Number;__ecma.Array:<member>(length),<empty>,31,mrs_merged_last_30d,,,0,__ecma.Number,__ecma.Number
94489283400,LOCAL,,mergeTimeResult,10,,<empty>,34,mergeTimeResult,,,0,{ total_merge_time_hours: __ecma.Number; mrs_with_merge_time: __ecma.Number; avg_merge_time_hours: __ecma.Number; avg_merge_time_days: __ecma.Number; },{ total_merge_time_hours: __ecma.Number; mrs_with_merge_time: __ecma.Number; avg_merge_time_hours: __ecma.Number; avg_merge_time_days: __ecma.Number; }
94489283401,LOCAL,,commentsResult,10,,<empty>,37,commentsResult,,,0,{ total_review_comments: __ecma.Number; mrs_checked_for_comments: __ecma.Number; avg_review_comments_per_mr: __ecma.Number; },{ total_review_comments: __ecma.Number; mrs_checked_for_comments: __ecma.Number; avg_review_comments_per_mr: __ecma.Number; }
94489283402,LOCAL,,revertResult,10,,<empty>,43,revertResult,,,0,{ reverted_mrs_count: __ecma.Number; mrs_checked_for_reverts: __ecma.Number; revert_rate_percent: __ecma.Number; },{ reverted_mrs_count: __ecma.Number; mrs_checked_for_reverts: __ecma.Number; revert_rate_percent: __ecma.Number; }
94489283403,LOCAL,,mrs_opened_last_7d,10,__ecma.Number;__ecma.Array:<member>(length),<empty>,51,mrs_opened_last_7d,,,0,__ecma.Number,__ecma.Number
94489283404,LOCAL,,mrs_opened_last_30d,10,__ecma.Number;__ecma.Array:<member>(length),<empty>,52,mrs_opened_last_30d,,,0,__ecma.Number,__ecma.Number
94489283405,LOCAL,,net_mr_change_7d,10,,<empty>,53,net_mr_change_7d,,,0,__ecma.Number,__ecma.Number
94489283406,LOCAL,,staleResult,10,,<empty>,56,staleResult,,,0,{ stale_mrs_count: __ecma.Number; stale_mrs_percent: __ecma.Number; },{ stale_mrs_count: __ecma.Number; stale_mrs_percent: __ecma.Number; }
94489283407,LOCAL,,reviewersResult,10,,<empty>,59,reviewersResult,,,0,{ total_reviewers_count: __ecma.Number; mrs_checked_for_reviewers: __ecma.Number; avg_reviewers_per_mr: __ecma.Number; },{ total_reviewers_count: __ecma.Number; mrs_checked_for_reviewers: __ecma.Number; avg_reviewers_per_mr: __ecma.Number; }
94489283408,LOCAL,,closureRate,10,,<empty>,65,closureRate,,,0,__ecma.Number,__ecma.Number
94489283409,LOCAL,,merge_velocity_alert_level,10,,<empty>,71,merge_velocity_alert_level,,,0,__ecma.String,__ecma.String
94489283410,LOCAL,,merge_time_alert_level,10,,<empty>,72,merge_time_alert_level,,,0,__ecma.String,__ecma.String
94489283411,LOCAL,,revert_rate_alert_level,10,,<empty>,75,revert_rate_alert_level,,,0,__ecma.String,__ecma.String
94489283412,LOCAL,,stale_mrs_alert_level,10,,<empty>,78,stale_mrs_alert_level,,,0,__ecma.String,__ecma.String
94489283413,LOCAL,,_tmp_0,11,,<empty>,82,_tmp_0,,,0,,ANY
94489283414,LOCAL,,total_merge_time_hours,8,,<empty>,126,total_merge_time_hours,,,0,__ecma.Number,__ecma.Number
94489283415,LOCAL,,mrs_with_merge_time,8,,<empty>,127,mrs_with_merge_time,,,0,__ecma.Number,__ecma.Number
94489283416,LOCAL,,mergeTimeMs,14,,<empty>,131,mergeTimeMs,,,0,__ecma.Number,__ecma.Number
94489283417,LOCAL,,_tmp_2,10,,<empty>,132,_tmp_2,,,0,,__ecma.Date
94489283418,LOCAL,,_tmp_4,45,,<empty>,132,_tmp_4,,,0,,__ecma.Date
94489283419,LOCAL,,avg_merge_time_hours,10,,<empty>,138,avg_merge_time_hours,,,0,__ecma.Number,__ecma.Number
94489283420,LOCAL,,avg_merge_time_days,10,,<empty>,140,avg_merge_time_days,,,0,__ecma.Number,__ecma.Number
94489283421,LOCAL,,_tmp_5,11,,<empty>,142,_tmp_5,,,0,,ANY
94489283422,LOCAL,,avg_review_comments_per_mr,10,,<empty>,154,avg_review_comments_per_mr,,,0,__ecma.Number,__ecma.Number
94489283423,LOCAL,,_tmp_6,11,,<empty>,156,_tmp_6,,,0,,ANY
94489283424,LOCAL,,revert_rate_percent,10,,<empty>,167,revert_rate_percent,,,0,__ecma.Number,__ecma.Number
94489283425,LOCAL,,_tmp_7,11,,<empty>,169,_tmp_7,,,0,,ANY
94489283426,LOCAL,,fourteenDaysAgo,10,DateConstructor;__ecma.Date,<empty>,180,fourteenDaysAgo,,,0,Date,DateConstructor
94489283427,LOCAL,,_tmp_8,28,,<empty>,180,_tmp_8,,,0,,__ecma.Date
94489283428,LOCAL,,stale_mrs_count,8,,<empty>,183,stale_mrs_count,,,0,__ecma.Number,__ecma.Number
94489283429,LOCAL,,lastActivity,14,DateConstructor;__ecma.Date,<empty>,187,lastActivity,,,0,Date,DateConstructor
94489283430,LOCAL,,_tmp_9,29,,<empty>,187,_tmp_9,,,0,,__ecma.Date
94489283431,LOCAL,,stale_mrs_percent,10,,<empty>,194,stale_mrs_percent,,,0,__ecma.Number,__ecma.Number
94489283432,LOCAL,,_tmp_10,11,,<empty>,197,_tmp_10,,,0,,ANY
94489283433,LOCAL,,avg_reviewers_per_mr,10,,<empty>,207,avg_reviewers_per_mr,,,0,__ecma.Number,__ecma.Number
94489283434,LOCAL,,_tmp_11,11,,<empty>,209,_tmp_11,,,0,,ANY
94489283435,LOCAL,,rate,10,,<empty>,254,rate,,,0,__ecma.Number,__ecma.Number
94489283436,LOCAL,,MRMetricsCalculationService,0,,<empty>,8,MRMetricsCalculationService,,,0,,services/mrMetrics/mrMetricsCalculationService.ts::program:MRMetricsCalculationService
94489283437,LOCAL,,_tmp_12,15,,<empty>,268,_tmp_12,,,0,,services/mrMetrics/mrMetricsCalculationService.ts::program:MRMetricsCalculationService
94489283438,LOCAL,,_tmp_12,15,,<empty>,268,_tmp_12,,,0,,services/mrMetrics/mrMetricsCalculationService.ts::program:MRMetricsCalculationService
94489283439,LOCAL,services/mrMetrics/mrMetricsCalculationService.ts::program:MRMetricsCalculationService:calculateStaleMRs:<lambda>1:stale_mrs_count,stale_mrs_count,10,,<empty>,189,stale_mrs_count,,,0,,__ecma.Number
94489283440,LOCAL,services/mrMetrics/mrMetricsCalculationService.ts::program:MRMetricsCalculationService:calculateStaleMRs:<lambda>1:fourteenDaysAgo,fourteenDaysAgo,27,DateConstructor;__ecma.Date,<empty>,188,fourteenDaysAgo,,,0,,ANY
94489283441,LOCAL,,Date,33,,<empty>,187,Date,,,0,,DateConstructor
94489283442,LOCAL,,_tmp_9,29,,<empty>,187,_tmp_9,,,0,,__ecma.Date
94489283443,LOCAL,,Date,32,,<empty>,180,Date,,,0,,DateConstructor
94489283444,LOCAL,,_tmp_8,28,,<empty>,180,_tmp_8,,,0,,__ecma.Date
94489283445,LOCAL,services/mrMetrics/mrMetricsCalculationService.ts::program:MRMetricsCalculationService:calculateMergeTime:<lambda>0:mrs_with_merge_time,mrs_with_merge_time,8,,<empty>,134,mrs_with_merge_time,,,0,,__ecma.Number
94489283446,LOCAL,services/mrMetrics/mrMetricsCalculationService.ts::program:MRMetricsCalculationService:calculateMergeTime:<lambda>0:total_merge_time_hours,total_merge_time_hours,8,,<empty>,133,total_merge_time_hours,,,0,,__ecma.Number
94489283447,LOCAL,,_tmp_3,45,,<empty>,132,_tmp_3,,,0,,__ecma.Date
94489283448,LOCAL,,Date,14,,<empty>,132,Date,,,0,,DateConstructor
94489283449,LOCAL,,_tmp_4,45,,<empty>,132,_tmp_4,,,0,,__ecma.Date
94489283450,LOCAL,,_tmp_1,10,,<empty>,132,_tmp_1,,,0,,__ecma.Date
94489283451,LOCAL,,_tmp_2,10,,<empty>,132,_tmp_2,,,0,,__ecma.Date
94489283452,LOCAL,,getPool,0,,<empty>,5,getPool,,,0,,() => Pool
94489283453,LOCAL,,MRHealthMetrics,0,,<empty>,6,MRHealthMetrics,,,0,,ANY
94489283454,LOCAL,,MRMetricsHistory,0,,<empty>,6,MRMetricsHistory,,,0,,ANY
94489283455,LOCAL,,MRWeekOverWeekComparison,0,,<empty>,6,MRWeekOverWeekComparison,,,0,,ANY
94489283456,LOCAL,,calculateMRHealthScore,0,,<empty>,11,calculateMRHealthScore,,,0,,(metrics: { avg_merge_time_days: __ecma.Number; revert_rate_percent: __ecma.Number; mrs_merged_last_7d: __ecma.Number; avg_review_comments_per_mr: __ecma.Number; }) => __ecma.Number
94489283457,LOCAL,,query,12,,<empty>,23,query,,,0,"""\\n        INSERT INTO mr_health_metrics (\\n          uuid,\\n          project_id,\\n          total_open_mrs,\\n          total_merged_mrs,\\n          mrs_merged_last_7d,\\n          mrs_merged_last_30d,\\n          total_merge_time_hours,\\n          mrs_with_merge_time,\\n          avg_merge_time_hours,\\n          avg_...",__ecma.String
94489283458,LOCAL,,values,12,,<empty>,64,values,,,0,__ecma.Array,__ecma.Array
94489283459,LOCAL,,_tmp_0,21,,<empty>,64,_tmp_0,,,0,,__ecma.Array
94489283460,LOCAL,,result,12,,<empty>,95,result,,,0,QueryResult<any>,QueryResult<any>
94489283461,LOCAL,,currentMetrics,12,,<empty>,110,currentMetrics,,,0,MRHealthMetrics | __ecma.Null,MRHealthMetrics | __ecma.Null
94489283462,LOCAL,,_tmp_2,14,,<empty>,112,_tmp_2,,,0,,__ecma.Error
94489283463,LOCAL,,healthScore,12,,<empty>,116,healthScore,,,0,__ecma.Number,__ecma.Number
94489283464,LOCAL,,_tmp_3,49,,<empty>,116,_tmp_3,,,0,,ANY
94489283465,LOCAL,,query,12,,<empty>,123,query,,,0,"""\\n        INSERT INTO mr_metrics_history (\\n          uuid,\\n          project_id,\\n          snapshot_date,\\n          total_open_mrs,\\n          total_merged_mrs,\\n          mrs_merged_last_7d,\\n          avg_merge_time_days,\\n          avg_review_comments_per_mr,\\n          revert_rate_percent,\\n          stale_...",__ecma.String
94489283466,LOCAL,,values,12,,<empty>,148,values,,,0,__ecma.Array,__ecma.Array
94489283467,LOCAL,,_tmp_4,21,,<empty>,148,_tmp_4,,,0,,__ecma.Array
94489283468,LOCAL,,result,12,,<empty>,164,result,,,0,QueryResult<any>,QueryResult<any>
94489283469,LOCAL,,query,12,,<empty>,178,query,,,0,__ecma.String,__ecma.String
94489283470,LOCAL,,result,12,,<empty>,185,result,,,0,QueryResult<any>,QueryResult<any>
94489283471,LOCAL,,_tmp_7,50,,<empty>,185,_tmp_7,,,0,,__ecma.Array
94489283472,LOCAL,,query,12,,<empty>,201,query,,,0,__ecma.String,__ecma.String
94489283473,LOCAL,,result,12,,<empty>,208,result,,,0,QueryResult<any>,QueryResult<any>
94489283474,LOCAL,,_tmp_9,50,,<empty>,208,_tmp_9,,,0,,__ecma.Array
94489283475,LOCAL,,current,12,,<empty>,222,current,,,0,MRHealthMetrics | __ecma.Null,__ecma.Number
94489283476,LOCAL,,query,12,,<empty>,228,query,,,0,__ecma.String,__ecma.String
94489283477,LOCAL,,result,12,,<empty>,236,result,,,0,QueryResult<any>,QueryResult<any>
94489283478,LOCAL,,_tmp_11,50,,<empty>,236,_tmp_11,,,0,,__ecma.Array
94489283479,LOCAL,,previous,12,,<empty>,237,previous,,,0,ANY,__ecma.Number
94489283480,LOCAL,,_tmp_12,15,,<empty>,240,_tmp_12,,,0,,ANY
94489283481,LOCAL,,_tmp_13,13,,<empty>,249,_tmp_13,,,0,,ANY
94489283482,LOCAL,,query,12,,<empty>,287,query,,,0,__ecma.String,__ecma.String
94489283483,LOCAL,,result,12,,<empty>,293,result,,,0,QueryResult<any>,QueryResult<any>
94489283484,LOCAL,,_tmp_16,50,,<empty>,293,_tmp_16,,,0,,__ecma.Array
94489283485,LOCAL,,_tmp_18,83,,<empty>,306,_tmp_18,,,0,,__ecma.Array
94489283486,LOCAL,,MRMetricsDbService,0,,<empty>,13,MRMetricsDbService,,,0,,services/mrMetrics/mrMetricsDbService.ts::program:MRMetricsDbService
94489283487,LOCAL,,_tmp_19,15,,<empty>,317,_tmp_19,,,0,,services/mrMetrics/mrMetricsDbService.ts::program:MRMetricsDbService
94489283488,LOCAL,,_tmp_19,15,,<empty>,317,_tmp_19,,,0,,services/mrMetrics/mrMetricsDbService.ts::program:MRMetricsDbService
94489283489,LOCAL,,error,13,,<empty>,310,error,,,0,,ANY
94489283490,LOCAL,,console,6,,<empty>,309,console,,,0,,__whatwg.console
94489283491,LOCAL,,_tmp_18,83,,<empty>,306,_tmp_18,,,0,,__ecma.Array
94489283492,LOCAL,,_tmp_17,12,Pool;pg:Pool;Pool | __ecma.Null;__ecma.Null,<empty>,306,_tmp_17,,,0,,Pool
94489283493,LOCAL,services/mrMetrics/mrMetricsDbService.ts::program:MRMetricsDbService:deleteMetrics:getPool,getPool,12,,<empty>,306,getPool,,,0,,() => Pool
94489283494,LOCAL,,error,13,,<empty>,295,error,,,0,,ANY
94489283495,LOCAL,,console,6,,<empty>,296,console,,,0,,__whatwg.console
94489283496,LOCAL,,_tmp_16,50,,<empty>,293,_tmp_16,,,0,,__ecma.Array
94489283497,LOCAL,,_tmp_15,27,Pool;pg:Pool;Pool | __ecma.Null;__ecma.Null,<empty>,293,_tmp_15,,,0,,Pool
94489283498,LOCAL,services/mrMetrics/mrMetricsDbService.ts::program:MRMetricsDbService:getAllMetrics:getPool,getPool,27,,<empty>,293,getPool,,,0,,() => Pool
94489283499,LOCAL,,_tmp_14,23,,<empty>,279,_tmp_14,,,0,,ANY
94489283500,LOCAL,,error,13,,<empty>,268,error,,,0,,ANY
94489283501,LOCAL,,console,6,,<empty>,269,console,,,0,,__whatwg.console
94489283502,LOCAL,,_tmp_11,50,,<empty>,236,_tmp_11,,,0,,__ecma.Array
94489283503,LOCAL,,_tmp_10,27,Pool;pg:Pool;Pool | __ecma.Null;__ecma.Null,<empty>,236,_tmp_10,,,0,,Pool
94489283504,LOCAL,services/mrMetrics/mrMetricsDbService.ts::program:MRMetricsDbService:getWeekOverWeekTrends:getPool,getPool,27,,<empty>,236,getPool,,,0,,() => Pool
94489283505,LOCAL,,error,13,,<empty>,210,error,,,0,,ANY
94489283506,LOCAL,,console,6,,<empty>,211,console,,,0,,__whatwg.console
94489283507,LOCAL,,_tmp_9,50,,<empty>,208,_tmp_9,,,0,,__ecma.Array
94489283508,LOCAL,,_tmp_8,27,Pool;pg:Pool;Pool | __ecma.Null;__ecma.Null,<empty>,208,_tmp_8,,,0,,Pool
94489283509,LOCAL,services/mrMetrics/mrMetricsDbService.ts::program:MRMetricsDbService:getMetricsHistory:getPool,getPool,27,,<empty>,208,getPool,,,0,,() => Pool
94489283510,LOCAL,,days,4,,<empty>,198,days,,,0,,__ecma.Number
94489283511,LOCAL,,error,13,,<empty>,187,error,,,0,,ANY
94489283512,LOCAL,,console,6,,<empty>,188,console,,,0,,__whatwg.console
94489283513,LOCAL,,_tmp_7,50,,<empty>,185,_tmp_7,,,0,,__ecma.Array
94489283514,LOCAL,,_tmp_6,27,Pool;pg:Pool;Pool | __ecma.Null;__ecma.Null,<empty>,185,_tmp_6,,,0,,Pool
94489283515,LOCAL,services/mrMetrics/mrMetricsDbService.ts::program:MRMetricsDbService:getMetrics:getPool,getPool,27,,<empty>,185,getPool,,,0,,() => Pool
94489283516,LOCAL,,error,13,,<empty>,167,error,,,0,,ANY
94489283517,LOCAL,,console,6,,<empty>,165,console,,,0,,__whatwg.console
94489283518,LOCAL,,_tmp_5,27,Pool;pg:Pool;Pool | __ecma.Null;__ecma.Null,<empty>,164,_tmp_5,,,0,,Pool
94489283519,LOCAL,services/mrMetrics/mrMetricsDbService.ts::program:MRMetricsDbService:saveHistoricalSnapshot:getPool,getPool,27,,<empty>,164,getPool,,,0,,() => Pool
94489283520,LOCAL,,_tmp_4,21,,<empty>,148,_tmp_4,,,0,,__ecma.Array
94489283521,LOCAL,services/mrMetrics/mrMetricsDbService.ts::program:MRMetricsDbService:saveHistoricalSnapshot:calculateMRHealthScore,calculateMRHealthScore,26,,<empty>,116,calculateMRHealthScore,,,0,,(metrics: { avg_merge_time_days: __ecma.Number; revert_rate_percent: __ecma.Number; mrs_merged_last_7d: __ecma.Number; avg_review_comments_per_mr: __ecma.Number; }) => __ecma.Number
94489283522,LOCAL,,Error,18,,<empty>,112,Error,,,0,,ErrorConstructor
94489283523,LOCAL,,_tmp_2,14,,<empty>,112,_tmp_2,,,0,,__ecma.Error
94489283524,LOCAL,,error,13,,<empty>,98,error,,,0,,ANY
94489283525,LOCAL,,console,6,,<empty>,96,console,,,0,,__whatwg.console
94489283526,LOCAL,,_tmp_1,27,Pool;pg:Pool;Pool | __ecma.Null;__ecma.Null,<empty>,95,_tmp_1,,,0,,Pool
94489283527,LOCAL,services/mrMetrics/mrMetricsDbService.ts::program:MRMetricsDbService:saveMetrics:getPool,getPool,27,,<empty>,95,getPool,,,0,,() => Pool
94489283528,LOCAL,,_tmp_0,21,,<empty>,64,_tmp_0,,,0,,__ecma.Array
94489283529,LOCAL,,gitLabMRService,0,services/gitlab/gitLabMRService.ts::program:GitLabMRService;GitLabMRService,<empty>,5,gitLabMRService,,,0,,ANY
94489283530,LOCAL,,mrMetricsCalculationService,0,services/mrMetrics/mrMetricsCalculationService.ts::program:MRMetricsCalculationService;MRMetricsCalculationService,<empty>,6,mrMetricsCalculationService,,,0,,ANY
94489283531,LOCAL,,mrMetricsDbService,0,services/mrMetrics/mrMetricsDbService.ts::program:MRMetricsDbService;MRMetricsDbService,<empty>,7,mrMetricsDbService,,,0,,ANY
94489283532,LOCAL,,MRHealthMetrics,0,,<empty>,8,MRHealthMetrics,,,0,,ANY
94489283533,LOCAL,,data,12,,<empty>,21,data,,,0,{ openMRs: __ecma.Array; ... 6 more ...; reviewersData: { ...; }; },{ openMRs: __ecma.Array; ... 6 more ...; reviewersData: { ...; }; }
94489283534,LOCAL,,calculatedMetrics,12,,<empty>,26,calculatedMetrics,,,0,{ total_open_mrs: __ecma.Number; total_merged_mrs: __ecma.Number; mrs_merged_last_7d: __ecma.Number; mrs_merged_last_30d: __ecma.Number; total_merge_time_hours: __ecma.Number; mrs_with_merge_time: __ecma.Number; avg_merge_time_hours: __ecma.Number; ... 19 more ...; stale_mrs_alert_level: __ecma.String; },{ total_open_mrs: __ecma.Number; total_merged_mrs: __ecma.Number; mrs_merged_last_7d: __ecma.Number; mrs_merged_last_30d: __ecma.Number; total_merge_time_hours: __ecma.Number; mrs_with_merge_time: __ecma.Number; avg_merge_time_hours: __ecma.Number; ... 19 more ...; stale_mrs_alert_level: __ecma.String; }
94489283535,LOCAL,,savedMetrics,12,types/mrMetrics.types.ts::program:MRHealthMetrics;MRHealthMetrics,<empty>,43,savedMetrics,,,0,MRHealthMetrics,ANY
94489283536,LOCAL,,sevenDaysAgo,10,DateConstructor;__ecma.Date,<empty>,65,sevenDaysAgo,,,0,Date,DateConstructor
94489283537,LOCAL,,_tmp_0,25,,<empty>,65,_tmp_0,,,0,,__ecma.Date
94489283538,LOCAL,,sevenDaysAgoISO,10,__ecma.String;DateConstructor:toISOString:<returnValue>;__ecma.Date:toISOString:<returnValue>,<empty>,67,sevenDaysAgoISO,,,0,__ecma.String,__ecma.String
94489283539,LOCAL,,thirtyDaysAgo,10,DateConstructor;__ecma.Date,<empty>,69,thirtyDaysAgo,,,0,Date,DateConstructor
94489283540,LOCAL,,_tmp_1,26,,<empty>,69,_tmp_1,,,0,,__ecma.Date
94489283541,LOCAL,,thirtyDaysAgoISO,10,__ecma.String;DateConstructor:toISOString:<returnValue>;__ecma.Date:toISOString:<returnValue>,<empty>,71,thirtyDaysAgoISO,,,0,__ecma.String,__ecma.String
94489283542,LOCAL,,totalMergedCount,10,,<empty>,76,totalMergedCount,,,0,__ecma.Number,__ecma.Number
94489283543,LOCAL,,totalOpenCount,10,,<empty>,77,totalOpenCount,,,0,__ecma.Number,__ecma.Number
94489283544,LOCAL,,actualTotalOpenCount,10,,<empty>,82,actualTotalOpenCount,,,0,__ecma.Number,__ecma.Number
94489283545,LOCAL,,actualTotalMergedCount,10,,<empty>,83,actualTotalMergedCount,,,0,__ecma.Number,__ecma.Number
94489283546,LOCAL,,"[
      openMRs,
      mergedMRsLast7d,
      mergedMRsLast30d,
      allRecentMergedMRs,
      openedMRsLast7d,
      openedMRsLast30d,
    ]",10,,<empty>,88,"[
      openMRs,
      mergedMRsLast7d,
      mergedMRsLast30d,
      allRecentMergedMRs,
      openedMRsLast7d,
      openedMRsLast30d,
    ]",,,0,ANY,ANY
94489283547,LOCAL,,_tmp_2,26,,<empty>,95,_tmp_2,,,0,,__ecma.Array
94489283548,LOCAL,,_tmp_3,10,,<empty>,88,_tmp_3,,,0,,ANY
94489283549,LOCAL,,openMRs,6,,<empty>,89,openMRs,,,0,,__ecma.Array
94489283550,LOCAL,,mergedMRsLast7d,6,,<empty>,90,mergedMRsLast7d,,,0,,__ecma.Array
94489283551,LOCAL,,mergedMRsLast30d,6,,<empty>,91,mergedMRsLast30d,,,0,,__ecma.Array
94489283552,LOCAL,,allRecentMergedMRs,6,,<empty>,92,allRecentMergedMRs,,,0,,__ecma.Array
94489283553,LOCAL,,openedMRsLast7d,6,,<empty>,93,openedMRsLast7d,,,0,,__ecma.Array
94489283554,LOCAL,,openedMRsLast30d,6,,<empty>,94,openedMRsLast30d,,,0,,__ecma.Array
94489283555,LOCAL,,commentsData,10,,<empty>,120,commentsData,,,0,{ totalComments: __ecma.Number; checked: __ecma.Number; },{ totalComments: __ecma.Number; checked: __ecma.Number; }
94489283556,LOCAL,,revertData,10,,<empty>,125,revertData,,,0,{ reverted: __ecma.Number; checked: __ecma.Number; },{ reverted: __ecma.Number; checked: __ecma.Number; }
94489283557,LOCAL,,reviewersData,10,,<empty>,130,reviewersData,,,0,{ totalReviewers: __ecma.Number; checked: __ecma.Number; },{ totalReviewers: __ecma.Number; checked: __ecma.Number; }
94489283558,LOCAL,,_tmp_4,11,,<empty>,132,_tmp_4,,,0,,ANY
94489283559,LOCAL,,totalComments,8,,<empty>,151,totalComments,,,0,__ecma.Number,__ecma.Number
94489283560,LOCAL,,checkedCount,10,__ecma.Number;__ecma.Array:<member>(length),<empty>,152,checkedCount,,,0,__ecma.Number,__ecma.Number
94489283561,LOCAL,,_iterator_0,4,,<empty>,155,_iterator_0,,,0,,ANY
94489283562,LOCAL,,_result_0,4,,<empty>,155,_result_0,,,0,,next:<returnValue>
94489283563,LOCAL,,mr,4,_result_0:value:<returnValue>:<member>(value);_result_1:value:<returnValue>:<member>(value);_result_2:value:<returnValue>:<member>(value),<empty>,155,mr,,,0,,ANY
94489283564,LOCAL,,notes,14,,<empty>,157,notes,,,0,__ecma.Array,__ecma.Array
94489283565,LOCAL,,reviewComments,14,__ecma.Array;__ecma.Array:filter:<returnValue>,<empty>,160,reviewComments,,,0,__ecma.Array,__ecma.Array
94489283566,LOCAL,,_tmp_5,14,,<empty>,164,_tmp_5,,,0,,__ecma.Promise
94489283567,LOCAL,,_tmp_6,11,,<empty>,171,_tmp_6,,,0,,ANY
94489283568,LOCAL,,revertedCount,8,,<empty>,181,revertedCount,,,0,__ecma.Number,__ecma.Number
94489283569,LOCAL,,checkedCount,10,__ecma.Number;__ecma.Array:<member>(length),<empty>,182,checkedCount,,,0,__ecma.Number,__ecma.Number
94489283570,LOCAL,,_iterator_1,4,,<empty>,185,_iterator_1,,,0,,ANY
94489283571,LOCAL,,_result_1,4,,<empty>,185,_result_1,,,0,,next:<returnValue>
94489283572,LOCAL,,mr,4,_result_0:value:<returnValue>:<member>(value);_result_1:value:<returnValue>:<member>(value);_result_2:value:<returnValue>:<member>(value),<empty>,185,mr,,,0,,ANY
94489283573,LOCAL,,hasRevertInTitle,12,,<empty>,187,hasRevertInTitle,,,0,ANY,ANY
94489283574,LOCAL,,hasRevertInDescription,12,,<empty>,188,hasRevertInDescription,,,0,ANY,ANY
94489283575,LOCAL,,hasRevertLabel,12,,<empty>,191,hasRevertLabel,,,0,ANY,ANY
94489283576,LOCAL,,_tmp_8,11,,<empty>,200,_tmp_8,,,0,,ANY
94489283577,LOCAL,,totalReviewers,8,,<empty>,210,totalReviewers,,,0,__ecma.Number,__ecma.Number
94489283578,LOCAL,,checkedCount,10,__ecma.Number;__ecma.Array:<member>(length),<empty>,211,checkedCount,,,0,__ecma.Number,__ecma.Number
94489283579,LOCAL,,_iterator_2,4,,<empty>,214,_iterator_2,,,0,,ANY
94489283580,LOCAL,,_result_2,4,,<empty>,214,_result_2,,,0,,next:<returnValue>
94489283581,LOCAL,,mr,4,_result_0:value:<returnValue>:<member>(value);_result_1:value:<returnValue>:<member>(value);_result_2:value:<returnValue>:<member>(value),<empty>,214,mr,,,0,,ANY
94489283582,LOCAL,,reviewersCount,12,,<empty>,216,reviewersCount,,,0,ANY,ANY
94489283583,LOCAL,,_tmp_9,11,,<empty>,220,_tmp_9,,,0,,ANY
94489283584,LOCAL,,MRMetricsSyncService,0,,<empty>,10,MRMetricsSyncService,,,0,,services/mrMetrics/mrMetricsSyncService.ts::program:MRMetricsSyncService
94489283585,LOCAL,,_tmp_10,15,,<empty>,227,_tmp_10,,,0,,services/mrMetrics/mrMetricsSyncService.ts::program:MRMetricsSyncService
94489283586,LOCAL,,_tmp_10,15,,<empty>,227,_tmp_10,,,0,,services/mrMetrics/mrMetricsSyncService.ts::program:MRMetricsSyncService
94489283587,LOCAL,,mr,4,_result_0:value:<returnValue>:<member>(value);_result_1:value:<returnValue>:<member>(value);_result_2:value:<returnValue>:<member>(value),<empty>,214,mr,,,0,,ANY
94489283588,LOCAL,,_result_2,4,,<empty>,214,_result_2,,,0,,next:<returnValue>
94489283589,LOCAL,,_iterator_2,4,,<empty>,214,_iterator_2,,,0,,ANY
94489283590,LOCAL,,_tmp_7,8,,<empty>,192,_tmp_7,,,0,,__ecma.String:toLowerCase:<returnValue>
94489283591,LOCAL,,mr,4,_result_0:value:<returnValue>:<member>(value);_result_1:value:<returnValue>:<member>(value);_result_2:value:<returnValue>:<member>(value),<empty>,185,mr,,,0,,ANY
94489283592,LOCAL,,_result_1,4,,<empty>,185,_result_1,,,0,,next:<returnValue>
94489283593,LOCAL,,_iterator_1,4,,<empty>,185,_iterator_1,,,0,,ANY
94489283594,LOCAL,,error,15,,<empty>,165,error,,,0,,ANY
94489283595,LOCAL,,mr,4,_result_0:value:<returnValue>:<member>(value);_result_1:value:<returnValue>:<member>(value);_result_2:value:<returnValue>:<member>(value),<empty>,155,mr,,,0,,ANY
94489283596,LOCAL,,console,8,,<empty>,166,console,,,0,,__whatwg.console
94489283597,LOCAL,,setTimeout,37,,<empty>,164,setTimeout,,,0,,setTimeout
94489283598,LOCAL,,Promise,18,,<empty>,164,Promise,,,0,,PromiseConstructor
94489283599,LOCAL,,_tmp_5,14,,<empty>,164,_tmp_5,,,0,,__ecma.Promise
94489283600,LOCAL,services/mrMetrics/mrMetricsSyncService.ts::program:MRMetricsSyncService:calculateReviewComments:gitLabMRService,gitLabMRService,28,services/gitlab/gitLabMRService.ts::program:GitLabMRService;GitLabMRService,<empty>,157,gitLabMRService,,,0,,ANY
94489283601,LOCAL,,_result_0,4,,<empty>,155,_result_0,,,0,,next:<returnValue>
94489283602,LOCAL,,_iterator_0,4,,<empty>,155,_iterator_0,,,0,,ANY
94489283603,LOCAL,,console,4,,<empty>,73,console,,,0,,__whatwg.console
94489283604,LOCAL,services/mrMetrics/mrMetricsSyncService.ts::program:MRMetricsSyncService:fetchGitLabData:gitLabMRService,gitLabMRService,35,services/gitlab/gitLabMRService.ts::program:GitLabMRService;GitLabMRService,<empty>,76,gitLabMRService,,,0,,ANY
94489283605,LOCAL,,undefined,46,,<empty>,106,undefined,,,0,,undefined
94489283606,LOCAL,,_tmp_2,26,,<empty>,95,_tmp_2,,,0,,__ecma.Array
94489283607,LOCAL,,Date,29,,<empty>,65,Date,,,0,,DateConstructor
94489283608,LOCAL,,_tmp_1,26,,<empty>,69,_tmp_1,,,0,,__ecma.Date
94489283609,LOCAL,,_tmp_0,25,,<empty>,65,_tmp_0,,,0,,__ecma.Date
94489283610,LOCAL,,error,13,,<empty>,55,error,,,0,,ANY
94489283611,LOCAL,,console,4,,<empty>,16,console,,,0,,__whatwg.console
94489283612,LOCAL,services/mrMetrics/mrMetricsSyncService.ts::program:MRMetricsSyncService:syncMRMetrics:mrMetricsDbService,mrMetricsDbService,33,services/mrMetrics/mrMetricsDbService.ts::program:MRMetricsDbService;MRMetricsDbService,<empty>,43,mrMetricsDbService,,,0,,ANY
94489283613,LOCAL,services/mrMetrics/mrMetricsSyncService.ts::program:MRMetricsSyncService:syncMRMetrics:mrMetricsCalculationService,mrMetricsCalculationService,32,services/mrMetrics/mrMetricsCalculationService.ts::program:MRMetricsCalculationService;MRMetricsCalculationService,<empty>,26,mrMetricsCalculationService,,,0,,ANY
94489283614,LOCAL,,_projectSyncService,0,,<empty>,2,_projectSyncService,,,0,,ANY
94489283615,LOCAL,,_projectEnrichmentService,0,,<empty>,3,_projectEnrichmentService,,,0,,ANY
94489283616,LOCAL,,_projectTransformService,0,,<empty>,4,_projectTransformService,,,0,,ANY
94489283617,LOCAL,,_projectFetchService,0,,<empty>,5,_projectFetchService,,,0,,ANY
94489283618,LOCAL,,_projectFetchService,0,,<empty>,2,default,,,0,,ANY
94489283619,LOCAL,,GitLabProject,0,,<empty>,2,GitLabProject,,,0,,ANY
94489283620,LOCAL,,gitlabGroupService,0,services/gitlab/gitlabGroupService.ts::program:GitLabGroupService;GitLabGroupService,<empty>,3,gitlabGroupService,,,0,,ANY
94489283621,LOCAL,,gitLabIssueService,0,services/gitlab/gitLabIssueService.ts::program:GitLabIssueService;GitLabIssueService,<empty>,4,gitLabIssueService,,,0,,ANY
94489283622,LOCAL,,gitLabMRService,0,services/gitlab/gitLabMRService.ts::program:GitLabMRService;GitLabMRService,<empty>,5,gitLabMRService,,,0,,ANY
94489283623,LOCAL,,gitLabMilestoneService,0,services/gitlab/gitlabMilestoneService.ts::program:GitLabMilestoneService;GitLabMilestoneService,<empty>,6,gitLabMilestoneService,,,0,,ANY
94489283624,LOCAL,,SonarQubeService,0,services/sonarqube/sonarQubeService.ts::program:SonarQubeService;SonarQubeService,<empty>,7,SonarQubeService,,,0,,ANY
94489283625,LOCAL,,getSonarProjectKey,0,,<empty>,8,getSonarProjectKey,,,0,,(projectId: __ecma.Number) => Promise<string | __ecma.Null>
94489283626,LOCAL,,issues,12,,<empty>,51,issues,,,0,__ecma.Array,__ecma.Array
94489283627,LOCAL,,mrs,12,,<empty>,64,mrs,,,0,__ecma.Array,__ecma.Array
94489283628,LOCAL,,milestones,12,,<empty>,74,milestones,,,0,__ecma.Array,__ecma.Array
94489283629,LOCAL,,"[groupPath, totalIssues, totalMrs, totalMilestones]",10,,<empty>,86,"[groupPath, totalIssues, totalMrs, totalMilestones]",,,0,ANY,ANY
94489283630,LOCAL,,_tmp_0,82,,<empty>,86,_tmp_0,,,0,,__ecma.Array
94489283631,LOCAL,,_tmp_1,10,,<empty>,86,_tmp_1,,,0,,ANY
94489283632,LOCAL,,groupPath,11,,<empty>,86,groupPath,,,0,,__ecma.String
94489283633,LOCAL,,totalIssues,22,,<empty>,86,totalIssues,,,0,,__ecma.Number
94489283634,LOCAL,,totalMrs,35,,<empty>,86,totalMrs,,,0,,__ecma.Number
94489283635,LOCAL,,totalMilestones,45,,<empty>,86,totalMilestones,,,0,,__ecma.Number
94489283636,LOCAL,,sonarProjectKey,10,,<empty>,94,sonarProjectKey,,,0,string | __ecma.Null,string | __ecma.Null
94489283637,LOCAL,,sonarMetrics,8,,<empty>,95,sonarMetrics,,,0,{ security_high: __ecma.Number; security_blocker: __ecma.Number; reliability_high: __ecma.Number; reliability_blocker: __ecma.Number; maintainability_high: __ecma.Number; maintainability_blocker: __ecma.Number; },{ security_high: __ecma.Number; security_blocker: __ecma.Number; reliability_high: __ecma.Number; reliability_blocker: __ecma.Number; maintainability_high: __ecma.Number; maintainability_blocker: __ecma.Number; }
94489283638,LOCAL,,_tmp_2,23,,<empty>,95,_tmp_2,,,0,,ANY
94489283639,LOCAL,,sonarQubeService,14,services/sonarqube/sonarQubeService.ts::program:SonarQubeService;SonarQubeService,<empty>,106,sonarQubeService,,,0,SonarQubeService,services/sonarqube/sonarQubeService.ts::program:SonarQubeService
94489283640,LOCAL,,_tmp_3,33,services/sonarqube/sonarQubeService.ts::program:SonarQubeService;SonarQubeService,<empty>,106,_tmp_3,,,0,,ANY
94489283641,LOCAL,,_tmp_4,11,,<empty>,116,_tmp_4,,,0,,ANY
94489283642,LOCAL,,ProjectEnrichmentService,0,,<empty>,35,ProjectEnrichmentService,,,0,,services/project/projectEnrichmentService.ts::program:ProjectEnrichmentService
94489283643,LOCAL,,_tmp_5,15,,<empty>,149,_tmp_5,,,0,,services/project/projectEnrichmentService.ts::program:ProjectEnrichmentService
94489283644,LOCAL,,_tmp_5,15,,<empty>,149,_tmp_5,,,0,,services/project/projectEnrichmentService.ts::program:ProjectEnrichmentService
94489283645,LOCAL,,enrichProjects,2,,<empty>,144,enrichProjects,,,0,,(projects: __ecma.Array>
94489283646,LOCAL,,undefined,42,,<empty>,119,undefined,,,0,,undefined
94489283647,LOCAL,,console,8,,<empty>,108,console,,,0,,__whatwg.console
94489283648,LOCAL,,e,15,,<empty>,109,e,,,0,,ANY
94489283649,LOCAL,services/project/projectEnrichmentService.ts::program:ProjectEnrichmentService:<init>:<lambda>4:SonarQubeService,SonarQubeService,37,services/sonarqube/sonarQubeService.ts::program:SonarQubeService;SonarQubeService,<empty>,106,SonarQubeService,,,0,,ANY
94489283650,LOCAL,services/project/projectEnrichmentService.ts::program:ProjectEnrichmentService:<init>:SonarQubeService,SonarQubeService,,services/sonarqube/sonarQubeService.ts::program:SonarQubeService;SonarQubeService,<empty>,,SonarQubeService,,,0,,ANY
94489283651,LOCAL,,_tmp_3,33,services/sonarqube/sonarQubeService.ts::program:SonarQubeService;SonarQubeService,<empty>,106,_tmp_3,,,0,,ANY
94489283652,LOCAL,services/project/projectEnrichmentService.ts::program:ProjectEnrichmentService:<init>:<lambda>4:getSonarProjectKey,getSonarProjectKey,34,,<empty>,94,getSonarProjectKey,,,0,,(projectId: __ecma.Number) => Promise<string | __ecma.Null>
94489283653,LOCAL,services/project/projectEnrichmentService.ts::program:ProjectEnrichmentService:<init>:getSonarProjectKey,getSonarProjectKey,,,<empty>,,getSonarProjectKey,,,0,,(projectId: __ecma.Number) => Promise<string | __ecma.Null>
94489283654,LOCAL,,_tmp_0,82,,<empty>,86,_tmp_0,,,0,,__ecma.Array
94489283655,LOCAL,,enrichProject,2,,<empty>,85,enrichProject,,,0,,(project: GitLabProject) => Promise<EnrichedProject>
94489283656,LOCAL,,error,13,,<empty>,76,error,,,0,,ANY
94489283657,LOCAL,,console,6,,<empty>,77,console,,,0,,__whatwg.console
94489283658,LOCAL,services/project/projectEnrichmentService.ts::program:ProjectEnrichmentService:<init>:<lambda>3:gitLabMilestoneService,gitLabMilestoneService,31,services/gitlab/gitlabMilestoneService.ts::program:GitLabMilestoneService;GitLabMilestoneService,<empty>,74,gitLabMilestoneService,,,0,,ANY
94489283659,LOCAL,services/project/projectEnrichmentService.ts::program:ProjectEnrichmentService:<init>:gitLabMilestoneService,gitLabMilestoneService,,services/gitlab/gitlabMilestoneService.ts::program:GitLabMilestoneService;GitLabMilestoneService,<empty>,,gitLabMilestoneService,,,0,,ANY
94489283660,LOCAL,,getMilestonesCount,10,,<empty>,72,getMilestonesCount,,,0,,(projectId: __ecma.Number) => Promise<number>
94489283661,LOCAL,,error,13,,<empty>,66,error,,,0,,ANY
94489283662,LOCAL,,console,6,,<empty>,67,console,,,0,,__whatwg.console
94489283663,LOCAL,services/project/projectEnrichmentService.ts::program:ProjectEnrichmentService:<init>:<lambda>2:gitLabMRService,gitLabMRService,24,services/gitlab/gitLabMRService.ts::program:GitLabMRService;GitLabMRService,<empty>,64,gitLabMRService,,,0,,ANY
94489283664,LOCAL,services/project/projectEnrichmentService.ts::program:ProjectEnrichmentService:<init>:gitLabMRService,gitLabMRService,,services/gitlab/gitLabMRService.ts::program:GitLabMRService;GitLabMRService,<empty>,,gitLabMRService,,,0,,ANY
94489283665,LOCAL,,getMRsCount,10,,<empty>,62,getMRsCount,,,0,,(projectId: __ecma.Number) => Promise<number>
94489283666,LOCAL,,error,13,,<empty>,53,error,,,0,,ANY
94489283667,LOCAL,,console,6,,<empty>,54,console,,,0,,__whatwg.console
94489283668,LOCAL,services/project/projectEnrichmentService.ts::program:ProjectEnrichmentService:<init>:<lambda>1:gitLabIssueService,gitLabIssueService,27,services/gitlab/gitLabIssueService.ts::program:GitLabIssueService;GitLabIssueService,<empty>,51,gitLabIssueService,,,0,,ANY
94489283669,LOCAL,services/project/projectEnrichmentService.ts::program:ProjectEnrichmentService:<init>:gitLabIssueService,gitLabIssueService,,services/gitlab/gitLabIssueService.ts::program:GitLabIssueService;GitLabIssueService,<empty>,,gitLabIssueService,,,0,,ANY
94489283670,LOCAL,,getIssuesCount,10,,<empty>,49,getIssuesCount,,,0,,(projectId: __ecma.Number) => Promise<number>
94489283671,LOCAL,services/project/projectEnrichmentService.ts::program:ProjectEnrichmentService:<init>:<lambda>0:gitlabGroupService,gitlabGroupService,19,services/gitlab/gitlabGroupService.ts::program:GitLabGroupService;GitLabGroupService,<empty>,41,gitlabGroupService,,,0,,ANY
94489283672,LOCAL,services/project/projectEnrichmentService.ts::program:ProjectEnrichmentService:<init>:gitlabGroupService,gitlabGroupService,,services/gitlab/gitlabGroupService.ts::program:GitLabGroupService;GitLabGroupService,<empty>,,gitlabGroupService,,,0,,ANY
94489283673,LOCAL,,getGroupPath,10,,<empty>,39,getGroupPath,,,0,,(project: GitLabProject) => Promise<string>
94489283674,LOCAL,,getAllProjectsFromRegistry,1,,<empty>,3,getAllProjectsFromRegistry,,,0,,db/queries.ts::program:getAllProjectsFromRegistry
94489283675,LOCAL,,getLatestSnapshotsForTrackedProjects,1,,<empty>,3,getLatestSnapshotsForTrackedProjects,,,0,,db/queries.ts::program:getLatestSnapshotsForTrackedProjects
94489283676,LOCAL,,getProjectById,1,,<empty>,3,getProjectById,,,0,,db/queries.ts::program:getProjectById
94489283677,LOCAL,,projectTransformService,1,,<empty>,4,projectTransformService,,,0,,projectTransformService:projectTransformService
94489283678,LOCAL,,dbProjects,11,,<empty>,13,dbProjects,,,0,ANY,ANY
94489283679,LOCAL,,latestSnapshots,11,,<empty>,24,latestSnapshots,,,0,ANY,ANY
94489283680,LOCAL,,dbProject,11,,<empty>,34,dbProject,,,0,ANY,ANY
94489283681,LOCAL,,transformed,11,,<empty>,38,transformed,,,0,ANY,ANY
94489283682,LOCAL,,_tmp_0,67,,<empty>,38,_tmp_0,,,0,,__ecma.Array
94489283683,LOCAL,,rojectFetchService,1,,<empty>,6,rojectFetchService,,,0,,services/project/projectFetchService.ts::program:rojectFetchService
94489283684,LOCAL,,_tmp_1,16,,<empty>,43,_tmp_1,,,0,,ANY
94489283685,LOCAL,,_tmp_1,16,,<empty>,43,_tmp_1,,,0,,ANY
94489283686,LOCAL,,ProjectFetchService,20,,<empty>,43,ProjectFetchService,,,0,,ANY
94489283687,LOCAL,,_tmp_0,67,,<empty>,38,_tmp_0,,,0,,__ecma.Array
94489283688,LOCAL,,rojectTransformService.,25,,<empty>,38,rojectTransformService.,,,0,,ANY
94489283689,LOCAL,services/project/projectFetchService.ts::program:rojectFetchService:<init>:<lambda>2:projectTransformService,projectTransformService,25,,<empty>,38,projectTransformService,,,0,,projectTransformService:projectTransformService
94489283690,LOCAL,services/project/projectFetchService.ts::program:rojectFetchService:<init>:projectTransformService,projectTransformService,,,<empty>,,projectTransformService,,,0,,projectTransformService:projectTransformService
94489283691,LOCAL,services/project/projectFetchService.ts::program:rojectFetchService:<init>:<lambda>2:getProjectById,getProjectById,29,,<empty>,34,getProjectById,,,0,,db/queries.ts::program:getProjectById
94489283692,LOCAL,services/project/projectFetchService.ts::program:rojectFetchService:<init>:getProjectById,getProjectById,,,<empty>,,getProjectById,,,0,,db/queries.ts::program:getProjectById
94489283693,LOCAL,,getProjectByIdFromDB,3,,<empty>,33,getProjectByIdFromDB,,,0,,ANY
94489283694,LOCAL,,rojectTransformService.,12,,<empty>,25,rojectTransformService.,,,0,,ANY
94489283695,LOCAL,services/project/projectFetchService.ts::program:rojectFetchService:<init>:<lambda>1:projectTransformService,projectTransformService,12,,<empty>,25,projectTransformService,,,0,,projectTransformService:projectTransformService
94489283696,LOCAL,services/project/projectFetchService.ts::program:rojectFetchService:<init>:<lambda>1:getLatestSnapshotsForTrackedProjects,getLatestSnapshotsForTrackedProjects,35,,<empty>,24,getLatestSnapshotsForTrackedProjects,,,0,,db/queries.ts::program:getLatestSnapshotsForTrackedProjects
94489283697,LOCAL,services/project/projectFetchService.ts::program:rojectFetchService:<init>:getLatestSnapshotsForTrackedProjects,getLatestSnapshotsForTrackedProjects,,,<empty>,,getLatestSnapshotsForTrackedProjects,,,0,,db/queries.ts::program:getLatestSnapshotsForTrackedProjects
94489283698,LOCAL,,getTrackedProjectsFromDB,3,,<empty>,23,getTrackedProjectsFromDB,,,0,,ANY
94489283699,LOCAL,,rojectTransformService.,12,,<empty>,14,rojectTransformService.,,,0,,ANY
94489283700,LOCAL,services/project/projectFetchService.ts::program:rojectFetchService:<init>:<lambda>0:projectTransformService,projectTransformService,12,,<empty>,14,projectTransformService,,,0,,projectTransformService:projectTransformService
94489283701,LOCAL,services/project/projectFetchService.ts::program:rojectFetchService:<init>:<lambda>0:getAllProjectsFromRegistry,getAllProjectsFromRegistry,30,,<empty>,13,getAllProjectsFromRegistry,,,0,,db/queries.ts::program:getAllProjectsFromRegistry
94489283702,LOCAL,services/project/projectFetchService.ts::program:rojectFetchService:<init>:getAllProjectsFromRegistry,getAllProjectsFromRegistry,,,<empty>,,getAllProjectsFromRegistry,,,0,,db/queries.ts::program:getAllProjectsFromRegistry
94489283703,LOCAL,,getAllProjectsFromDB,3,,<empty>,12,getAllProjectsFromDB,,,0,,ANY
94489283704,LOCAL,,GitLabProject,0,,<empty>,2,GitLabProject,,,0,,ANY
94489283705,LOCAL,,gitlabProjectService,0,services/gitlab/gitlabProjectService.ts::program:GitLabProjectService;GitLabProjectService,<empty>,3,gitlabProjectService,,,0,,ANY
94489283706,LOCAL,,gitLabIssueService,0,services/gitlab/gitLabIssueService.ts::program:GitLabIssueService;GitLabIssueService,<empty>,4,gitLabIssueService,,,0,,ANY
94489283707,LOCAL,,gitLabMRService,0,services/gitlab/gitLabMRService.ts::program:GitLabMRService;GitLabMRService,<empty>,5,gitLabMRService,,,0,,ANY
94489283708,LOCAL,,gitLabMilestoneService,0,services/gitlab/gitlabMilestoneService.ts::program:GitLabMilestoneService;GitLabMilestoneService,<empty>,6,gitLabMilestoneService,,,0,,ANY
94489283709,LOCAL,,SonarQubeService,0,services/sonarqube/sonarQubeService.ts::program:SonarQubeService;SonarQubeService,<empty>,7,SonarQubeService,,,0,,ANY
94489283710,LOCAL,,getSonarProjectKey,0,,<empty>,8,getSonarProjectKey,,,0,,(projectId: __ecma.Number) => Promise<string | __ecma.Null>
94489283711,LOCAL,,insertProjectSnapshot,0,,<empty>,9,insertProjectSnapshot,,,0,,(snapshotData: { project_id: __ecma.Number; description?: __ecma.String | ANY; web_url?: __ecma.String | ANY; open_issues?: __ecma.Number | ANY; open_mrs?: __ecma.Number | ANY; open_milestones_count?: __ecma.Number | ANY; ... 6 more ...; sonar_maintainability_blocker?: __ecma.Number | ANY; }) => Promise<...>
94489283712,LOCAL,,getTrackedProjectIds,0,,<empty>,9,getTrackedProjectIds,,,0,,() => Promise<number[]>
94489283713,LOCAL,,milestones,12,,<empty>,61,milestones,,,0,__ecma.Array,__ecma.Array
94489283714,LOCAL,,openMilestones,12,__ecma.Array;__ecma.Array:filter:<returnValue>,<empty>,63,openMilestones,,,0,__ecma.Array,__ecma.Array
94489283715,LOCAL,,"[openIssues, openMrs, openMilestones]",10,,<empty>,75,"[openIssues, openMrs, openMilestones]",,,0,ANY,ANY
94489283716,LOCAL,,_tmp_0,68,,<empty>,75,_tmp_0,,,0,,__ecma.Array
94489283717,LOCAL,,_tmp_1,10,,<empty>,75,_tmp_1,,,0,,ANY
94489283718,LOCAL,,openIssues,11,,<empty>,75,openIssues,,,0,,__ecma.Number
94489283719,LOCAL,,openMrs,23,,<empty>,75,openMrs,,,0,,__ecma.Number
94489283720,LOCAL,,openMilestones,32,__ecma.Array;__ecma.Array:filter:<returnValue>,<empty>,75,openMilestones,,,0,,__ecma.Array
94489283721,LOCAL,,sonarProjectKey,10,,<empty>,82,sonarProjectKey,,,0,string | __ecma.Null,string | __ecma.Null
94489283722,LOCAL,,sonarMetrics,8,,<empty>,84,sonarMetrics,,,0,{ security_high: __ecma.Number; security_blocker: __ecma.Number; reliability_high: __ecma.Number; reliability_blocker: __ecma.Number; maintainability_high: __ecma.Number; maintainability_blocker: __ecma.Number; },{ security_high: __ecma.Number; security_blocker: __ecma.Number; reliability_high: __ecma.Number; reliability_blocker: __ecma.Number; maintainability_high: __ecma.Number; maintainability_blocker: __ecma.Number; }
94489283723,LOCAL,,_tmp_2,23,,<empty>,84,_tmp_2,,,0,,ANY
94489283724,LOCAL,,sonarQubeService,14,services/sonarqube/sonarQubeService.ts::program:SonarQubeService;SonarQubeService,<empty>,95,sonarQubeService,,,0,SonarQubeService,services/sonarqube/sonarQubeService.ts::program:SonarQubeService
94489283725,LOCAL,,_tmp_3,33,services/sonarqube/sonarQubeService.ts::program:SonarQubeService;SonarQubeService,<empty>,95,_tmp_3,,,0,,ANY
94489283726,LOCAL,,_tmp_4,11,,<empty>,102,_tmp_4,,,0,,ANY
94489283727,LOCAL,,gitlabProject,10,types/gitlab.types.ts::program:GitLabProject;GitLabProject,<empty>,124,gitlabProject,,,0,GitLabProject,ANY
94489283728,LOCAL,,snapshotData,10,services/project/projectRefreshService.ts::program:SnapshotData;SnapshotData,<empty>,127,snapshotData,,,0,SnapshotData,ANY
94489283729,LOCAL,,trackedProjectIds,12,,<empty>,148,trackedProjectIds,,,0,__ecma.Array,__ecma.Array
94489283730,LOCAL,,_iterator_0,6,,<empty>,152,_iterator_0,,,0,,ANY
94489283731,LOCAL,,_result_0,6,,<empty>,152,_result_0,,,0,,next:<returnValue>
94489283732,LOCAL,,projectId,6,__ecma.Number;_result_0:value:<returnValue>:<member>(value),<empty>,152,projectId,,,0,,__ecma.Number
94489283733,LOCAL,,ProjectRefreshService,0,,<empty>,27,ProjectRefreshService,,,0,,services/project/projectRefreshService.ts::program:ProjectRefreshService
94489283734,LOCAL,,_tmp_5,15,,<empty>,168,_tmp_5,,,0,,services/project/projectRefreshService.ts::program:ProjectRefreshService
94489283735,LOCAL,,_tmp_5,15,,<empty>,168,_tmp_5,,,0,,services/project/projectRefreshService.ts::program:ProjectRefreshService
94489283736,LOCAL,,console,6,,<empty>,140,console,,,0,,__whatwg.console
94489283737,LOCAL,,error,17,,<empty>,155,error,,,0,,ANY
94489283738,LOCAL,,projectId,6,__ecma.Number;_result_0:value:<returnValue>:<member>(value),<empty>,152,projectId,,,0,,__ecma.Number
94489283739,LOCAL,,_result_0,6,,<empty>,152,_result_0,,,0,,next:<returnValue>
94489283740,LOCAL,,_iterator_0,6,,<empty>,152,_iterator_0,,,0,,ANY
94489283741,LOCAL,services/project/projectRefreshService.ts::program:ProjectRefreshService:<init>:<lambda>6:getTrackedProjectIds,getTrackedProjectIds,38,,<empty>,148,getTrackedProjectIds,,,0,,() => Promise<number[]>
94489283742,LOCAL,services/project/projectRefreshService.ts::program:ProjectRefreshService:<init>:getTrackedProjectIds,getTrackedProjectIds,,,<empty>,,getTrackedProjectIds,,,0,,() => Promise<number[]>
94489283743,LOCAL,,refreshAllTrackedProjects,2,,<empty>,137,refreshAllTrackedProjects,,,0,,() => Promise<void>
94489283744,LOCAL,,console,4,,<empty>,131,console,,,0,,__whatwg.console
94489283745,LOCAL,services/project/projectRefreshService.ts::program:ProjectRefreshService:<init>:<lambda>5:insertProjectSnapshot,insertProjectSnapshot,10,,<empty>,130,insertProjectSnapshot,,,0,,(snapshotData: { project_id: __ecma.Number; description?: __ecma.String | ANY; web_url?: __ecma.String | ANY; open_issues?: __ecma.Number | ANY; open_mrs?: __ecma.Number | ANY; open_milestones_count?: __ecma.Number | ANY; ... 6 more ...; sonar_maintainability_blocker?: __ecma.Number | ANY; }) => Promise<...>
94489283746,LOCAL,services/project/projectRefreshService.ts::program:ProjectRefreshService:<init>:insertProjectSnapshot,insertProjectSnapshot,,,<empty>,,insertProjectSnapshot,,,0,,(snapshotData: { project_id: __ecma.Number; description?: __ecma.String | ANY; web_url?: __ecma.String | ANY; open_issues?: __ecma.Number | ANY; open_mrs?: __ecma.Number | ANY; open_milestones_count?: __ecma.Number | ANY; ... 6 more ...; sonar_maintainability_blocker?: __ecma.Number | ANY; }) => Promise<...>
94489283747,LOCAL,services/project/projectRefreshService.ts::program:ProjectRefreshService:<init>:<lambda>5:gitlabProjectService,gitlabProjectService,32,services/gitlab/gitlabProjectService.ts::program:GitLabProjectService;GitLabProjectService,<empty>,124,gitlabProjectService,,,0,,ANY
94489283748,LOCAL,services/project/projectRefreshService.ts::program:ProjectRefreshService:<init>:gitlabProjectService,gitlabProjectService,,services/gitlab/gitlabProjectService.ts::program:GitLabProjectService;GitLabProjectService,<empty>,,gitlabProjectService,,,0,,ANY
94489283749,LOCAL,,refreshProject,2,,<empty>,122,refreshProject,,,0,,(projectId: __ecma.Number) => Promise<void>
94489283750,LOCAL,,undefined,42,,<empty>,104,undefined,,,0,,undefined
94489283751,LOCAL,,e,15,,<empty>,97,e,,,0,,ANY
94489283752,LOCAL,,console,8,,<empty>,98,console,,,0,,__whatwg.console
94489283753,LOCAL,services/project/projectRefreshService.ts::program:ProjectRefreshService:<init>:<lambda>4:SonarQubeService,SonarQubeService,37,services/sonarqube/sonarQubeService.ts::program:SonarQubeService;SonarQubeService,<empty>,95,SonarQubeService,,,0,,ANY
94489283754,LOCAL,services/project/projectRefreshService.ts::program:ProjectRefreshService:<init>:SonarQubeService,SonarQubeService,,services/sonarqube/sonarQubeService.ts::program:SonarQubeService;SonarQubeService,<empty>,,SonarQubeService,,,0,,ANY
94489283755,LOCAL,,_tmp_3,33,services/sonarqube/sonarQubeService.ts::program:SonarQubeService;SonarQubeService,<empty>,95,_tmp_3,,,0,,ANY
94489283756,LOCAL,services/project/projectRefreshService.ts::program:ProjectRefreshService:<init>:<lambda>4:getSonarProjectKey,getSonarProjectKey,34,,<empty>,82,getSonarProjectKey,,,0,,(projectId: __ecma.Number) => Promise<string | __ecma.Null>
94489283757,LOCAL,services/project/projectRefreshService.ts::program:ProjectRefreshService:<init>:getSonarProjectKey,getSonarProjectKey,,,<empty>,,getSonarProjectKey,,,0,,(projectId: __ecma.Number) => Promise<string | __ecma.Null>
94489283758,LOCAL,,_tmp_0,68,,<empty>,75,_tmp_0,,,0,,__ecma.Array
94489283759,LOCAL,,createSnapshotData,10,,<empty>,74,createSnapshotData,,,0,,(project: GitLabProject) => Promise<SnapshotData>
94489283760,LOCAL,,error,13,,<empty>,65,error,,,0,,ANY
94489283761,LOCAL,,console,6,,<empty>,66,console,,,0,,__whatwg.console
94489283762,LOCAL,services/project/projectRefreshService.ts::program:ProjectRefreshService:<init>:<lambda>2:gitLabMilestoneService,gitLabMilestoneService,31,services/gitlab/gitlabMilestoneService.ts::program:GitLabMilestoneService;GitLabMilestoneService,<empty>,61,gitLabMilestoneService,,,0,,ANY
94489283763,LOCAL,services/project/projectRefreshService.ts::program:ProjectRefreshService:<init>:gitLabMilestoneService,gitLabMilestoneService,,services/gitlab/gitlabMilestoneService.ts::program:GitLabMilestoneService;GitLabMilestoneService,<empty>,,gitLabMilestoneService,,,0,,ANY
94489283764,LOCAL,,getOpenMilestonesCount,10,,<empty>,59,getOpenMilestonesCount,,,0,,(projectId: __ecma.Number) => Promise<number>
94489283765,LOCAL,,error,13,,<empty>,50,error,,,0,,ANY
94489283766,LOCAL,,console,6,,<empty>,51,console,,,0,,__whatwg.console
94489283767,LOCAL,services/project/projectRefreshService.ts::program:ProjectRefreshService:<init>:<lambda>1:gitLabMRService,gitLabMRService,19,services/gitlab/gitLabMRService.ts::program:GitLabMRService;GitLabMRService,<empty>,49,gitLabMRService,,,0,,ANY
94489283768,LOCAL,services/project/projectRefreshService.ts::program:ProjectRefreshService:<init>:gitLabMRService,gitLabMRService,,services/gitlab/gitLabMRService.ts::program:GitLabMRService;GitLabMRService,<empty>,,gitLabMRService,,,0,,ANY
94489283769,LOCAL,,getOpenMRsCount,10,,<empty>,46,getOpenMRsCount,,,0,,(projectId: __ecma.Number) => Promise<number>
94489283770,LOCAL,,error,13,,<empty>,37,error,,,0,,ANY
94489283771,LOCAL,,console,6,,<empty>,38,console,,,0,,__whatwg.console
94489283772,LOCAL,services/project/projectRefreshService.ts::program:ProjectRefreshService:<init>:<lambda>0:gitLabIssueService,gitLabIssueService,19,services/gitlab/gitLabIssueService.ts::program:GitLabIssueService;GitLabIssueService,<empty>,36,gitLabIssueService,,,0,,ANY
94489283773,LOCAL,services/project/projectRefreshService.ts::program:ProjectRefreshService:<init>:gitLabIssueService,gitLabIssueService,,services/gitlab/gitLabIssueService.ts::program:GitLabIssueService;GitLabIssueService,<empty>,,gitLabIssueService,,,0,,ANY
94489283774,LOCAL,,getOpenIssuesCount,10,,<empty>,33,getOpenIssuesCount,,,0,,(projectId: __ecma.Number) => Promise<number>
94489283775,LOCAL,,isRefreshing,10,,<empty>,28,isRefreshing,,,0,,__ecma.Boolean
94489283776,LOCAL,,gitlabProjectService,0,services/gitlab/gitlabProjectService.ts::program:GitLabProjectService;GitLabProjectService,<empty>,2,gitlabProjectService,,,0,,ANY
94489283777,LOCAL,,gitLabMemberService,0,services/gitlab/gitLabMemberService.ts::program:GitLabMemberService;GitLabMemberService,<empty>,3,gitLabMemberService,,,0,,ANY
94489283778,LOCAL,,projectEnrichmentService,0,,<empty>,4,projectEnrichmentService,,,0,,projectEnrichmentService:projectEnrichmentService
94489283779,LOCAL,,projectTransformService,0,services/project/projectTransformService.ts::program:ProjectTransformService;ProjectTransformService,<empty>,5,projectTransformService,,,0,,ANY
94489283780,LOCAL,,syncProjectsToRegistry,0,,<empty>,6,syncProjectsToRegistry,,,0,,(projects: { id: __ecma.Number; name: __ecma.String; full_path?: __ecma.String | ANY; group_path?: __ecma.String | ANY; members_count?: __ecma.Number | ANY; members?: __ecma.Array | ANY; last_activity_at?: __ecma.String | ANY; parent_id?: __ecma.Number | ANY; visibility?: __ecma.String | ANY; }[]) => Promise<...>
94489283781,LOCAL,,getAllProjectsFromRegistry,0,,<empty>,6,getAllProjectsFromRegistry,,,0,,() => Promise<any[]>
94489283782,LOCAL,,autoMapSonarProjectKeys,0,,<empty>,7,autoMapSonarProjectKeys,,,0,,() => Promise<void>
94489283783,LOCAL,,gitlabProjects,10,,<empty>,17,gitlabProjects,,,0,__ecma.Array,__ecma.Array
94489283784,LOCAL,,registryData,10,{ id: __ecma.Number; name: __ecma.String; full_path: __ecma.String | ANY; group_path: __ecma.String | ANY; members_count: __ecma.Number; members: __ecma.Array | { id: __ecma.Number; name: __ecma.String; username: __ecma.String; accessLevel?: __ecma.Number | ANY; }[]; last_activity_at: __ecma.String; parent_id: __ecma.Number; visibility: __ecma.String; };__ecma.Array,<empty>,23,registryData,,,0,__ecma.Array,__ecma.Array
94489283785,LOCAL,,i,13,,<empty>,25,i,,,0,__ecma.Number,__ecma.Number
94489283786,LOCAL,,project,12,types/gitlab.types.ts::program:GitLabProject;GitLabProject;__ecma.Array:<indexAccess>,<empty>,26,project,,,0,GitLabProject,ANY
94489283787,LOCAL,,members,10,,<empty>,29,members,,,0,__ecma.Array,__ecma.Array
94489283788,LOCAL,,_tmp_0,24,,<empty>,38,_tmp_0,,,0,,ANY
94489283789,LOCAL,,_tmp_1,14,,<empty>,57,_tmp_1,,,0,,__ecma.Promise
94489283790,LOCAL,,dbProjects,10,,<empty>,75,dbProjects,,,0,__ecma.Array,__ecma.Array
94489283791,LOCAL,,gitlabProject,10,types/gitlab.types.ts::program:GitLabProject;GitLabProject,<empty>,86,gitlabProject,,,0,GitLabProject,ANY
94489283792,LOCAL,,members,10,,<empty>,89,members,,,0,__ecma.Array,__ecma.Array
94489283793,LOCAL,,registryData,10,{ id: __ecma.Number; name: __ecma.String; full_path: __ecma.String | ANY; group_path: __ecma.String | ANY; members_count: __ecma.Number; members: __ecma.Array | { id: __ecma.Number; name: __ecma.String; username: __ecma.String; accessLevel?: __ecma.Number | ANY; }[]; last_activity_at: __ecma.String; parent_id: __ecma.Number; visibility: __ecma.String; };__ecma.Array,<empty>,91,registryData,,,0,{ id: __ecma.Number; name: __ecma.String; full_path: __ecma.String | ANY; group_path: __ecma.String | ANY; members_count: __ecma.Number; members: __ecma.Array | { id: __ecma.Number; name: __ecma.String; username: __ecma.String; accessLevel?: __ecma.Number | ANY; }[]; last_activity_at: __ecma.String; parent_id: __ecma.Number; visibility: __ecma.String; },ANY
94489283794,LOCAL,,_tmp_3,25,,<empty>,91,_tmp_3,,,0,,ANY
94489283795,LOCAL,,_tmp_4,33,,<empty>,104,_tmp_4,,,0,,__ecma.Array
94489283796,LOCAL,,dbProjects,10,,<empty>,114,dbProjects,,,0,__ecma.Array,__ecma.Array
94489283797,LOCAL,,updatedProject,10,,<empty>,115,updatedProject,,,0,ANY,__ecma.Array:find:<returnValue>
94489283798,LOCAL,,_tmp_5,12,,<empty>,118,_tmp_5,,,0,,__ecma.Error
94489283799,LOCAL,,ProjectSyncService,0,,<empty>,9,ProjectSyncService,,,0,,services/project/projectSyncService.ts::program:ProjectSyncService
94489283800,LOCAL,,_tmp_6,15,,<empty>,130,_tmp_6,,,0,,services/project/projectSyncService.ts::program:ProjectSyncService
94489283801,LOCAL,,_tmp_6,15,,<empty>,130,_tmp_6,,,0,,services/project/projectSyncService.ts::program:ProjectSyncService
94489283802,LOCAL,services/project/projectSyncService.ts::program:ProjectSyncService:<init>:<lambda>2:projectTransformService,projectTransformService,11,services/project/projectTransformService.ts::program:ProjectTransformService;ProjectTransformService,<empty>,122,projectTransformService,,,0,,ANY
94489283803,LOCAL,services/project/projectSyncService.ts::program:ProjectSyncService:<init>:projectTransformService,projectTransformService,,services/project/projectTransformService.ts::program:ProjectTransformService;ProjectTransformService,<empty>,,projectTransformService,,,0,,ANY
94489283804,LOCAL,,Error,16,,<empty>,118,Error,,,0,,ErrorConstructor
94489283805,LOCAL,,_tmp_5,12,,<empty>,118,_tmp_5,,,0,,__ecma.Error
94489283806,LOCAL,services/project/projectSyncService.ts::program:ProjectSyncService:<init>:<lambda>2:<lambda>4:projectId,projectId,57,,<empty>,115,projectId,,,0,,__ecma.Number
94489283807,LOCAL,services/project/projectSyncService.ts::program:ProjectSyncService:<init>:<lambda>2:getAllProjectsFromRegistry,getAllProjectsFromRegistry,29,,<empty>,114,getAllProjectsFromRegistry,,,0,,() => Promise<any[]>
94489283808,LOCAL,services/project/projectSyncService.ts::program:ProjectSyncService:<init>:getAllProjectsFromRegistry,getAllProjectsFromRegistry,,,<empty>,,getAllProjectsFromRegistry,,,0,,() => Promise<any[]>
94489283809,LOCAL,,e,13,,<empty>,109,e,,,0,,ANY
94489283810,LOCAL,,console,6,,<empty>,110,console,,,0,,__whatwg.console
94489283811,LOCAL,services/project/projectSyncService.ts::program:ProjectSyncService:<init>:<lambda>2:autoMapSonarProjectKeys,autoMapSonarProjectKeys,12,,<empty>,108,autoMapSonarProjectKeys,,,0,,() => Promise<void>
94489283812,LOCAL,services/project/projectSyncService.ts::program:ProjectSyncService:<init>:autoMapSonarProjectKeys,autoMapSonarProjectKeys,,,<empty>,,autoMapSonarProjectKeys,,,0,,() => Promise<void>
94489283813,LOCAL,,_tmp_4,33,,<empty>,104,_tmp_4,,,0,,__ecma.Array
94489283814,LOCAL,services/project/projectSyncService.ts::program:ProjectSyncService:<init>:<lambda>2:syncProjectsToRegistry,syncProjectsToRegistry,10,,<empty>,104,syncProjectsToRegistry,,,0,,(projects: { id: __ecma.Number; name: __ecma.String; full_path?: __ecma.String | ANY; group_path?: __ecma.String | ANY; members_count?: __ecma.Number | ANY; members?: __ecma.Array | ANY; last_activity_at?: __ecma.String | ANY; parent_id?: __ecma.Number | ANY; visibility?: __ecma.String | ANY; }[]) => Promise<...>
94489283815,LOCAL,services/project/projectSyncService.ts::program:ProjectSyncService:<init>:syncProjectsToRegistry,syncProjectsToRegistry,,,<empty>,,syncProjectsToRegistry,,,0,,(projects: { id: __ecma.Number; name: __ecma.String; full_path?: __ecma.String | ANY; group_path?: __ecma.String | ANY; members_count?: __ecma.Number | ANY; members?: __ecma.Array | ANY; last_activity_at?: __ecma.String | ANY; parent_id?: __ecma.Number | ANY; visibility?: __ecma.String | ANY; }[]) => Promise<...>
94489283816,LOCAL,,_tmp_2,26,services/gitlab/gitLabMemberService.ts::program:GitLabMemberService:getProjectMembers:<returnValue>;GitLabMemberService:getProjectMembers:<returnValue>,<empty>,89,_tmp_2,,,0,,ANY
94489283817,LOCAL,services/project/projectSyncService.ts::program:ProjectSyncService:<init>:<lambda>2:gitLabMemberService,gitLabMemberService,26,services/gitlab/gitLabMemberService.ts::program:GitLabMemberService;GitLabMemberService,<empty>,89,gitLabMemberService,,,0,,ANY
94489283818,LOCAL,services/project/projectSyncService.ts::program:ProjectSyncService:<init>:gitLabMemberService,gitLabMemberService,,services/gitlab/gitLabMemberService.ts::program:GitLabMemberService;GitLabMemberService,<empty>,,gitLabMemberService,,,0,,ANY
94489283819,LOCAL,services/project/projectSyncService.ts::program:ProjectSyncService:<init>:<lambda>2:gitlabProjectService,gitlabProjectService,32,services/gitlab/gitlabProjectService.ts::program:GitLabProjectService;GitLabProjectService,<empty>,86,gitlabProjectService,,,0,,ANY
94489283820,LOCAL,services/project/projectSyncService.ts::program:ProjectSyncService:<init>:gitlabProjectService,gitlabProjectService,,services/gitlab/gitlabProjectService.ts::program:GitLabProjectService;GitLabProjectService,<empty>,,gitlabProjectService,,,0,,ANY
94489283821,LOCAL,,syncProject,2,,<empty>,84,syncProject,,,0,,(projectId: __ecma.Number) => Promise<{ id: __ecma.Number; name: __ecma.String; description: __ecma.String | ANY; web_url: __ecma.String | ANY; lastActivityAt: __ecma.String | ANY; visibility: __ecma.String | ANY; ... 17 more ...; sonarMaintainabilityBlocker: __ecma.Number; }>
94489283822,LOCAL,services/project/projectSyncService.ts::program:ProjectSyncService:<init>:<lambda>0:projectTransformService,projectTransformService,11,services/project/projectTransformService.ts::program:ProjectTransformService;ProjectTransformService,<empty>,78,projectTransformService,,,0,,ANY
94489283823,LOCAL,services/project/projectSyncService.ts::program:ProjectSyncService:<init>:<lambda>0:getAllProjectsFromRegistry,getAllProjectsFromRegistry,29,,<empty>,75,getAllProjectsFromRegistry,,,0,,() => Promise<any[]>
94489283824,LOCAL,,e,13,,<empty>,70,e,,,0,,ANY
94489283825,LOCAL,,console,4,,<empty>,21,console,,,0,,__whatwg.console
94489283826,LOCAL,services/project/projectSyncService.ts::program:ProjectSyncService:<init>:<lambda>0:autoMapSonarProjectKeys,autoMapSonarProjectKeys,12,,<empty>,68,autoMapSonarProjectKeys,,,0,,() => Promise<void>
94489283827,LOCAL,services/project/projectSyncService.ts::program:ProjectSyncService:<init>:<lambda>0:syncProjectsToRegistry,syncProjectsToRegistry,10,,<empty>,64,syncProjectsToRegistry,,,0,,(projects: { id: __ecma.Number; name: __ecma.String; full_path?: __ecma.String | ANY; group_path?: __ecma.String | ANY; members_count?: __ecma.Number | ANY; members?: __ecma.Array | ANY; last_activity_at?: __ecma.String | ANY; parent_id?: __ecma.Number | ANY; visibility?: __ecma.String | ANY; }[]) => Promise<...>
94489283828,LOCAL,,setTimeout,37,,<empty>,57,setTimeout,,,0,,setTimeout
94489283829,LOCAL,,Promise,18,,<empty>,57,Promise,,,0,,PromiseConstructor
94489283830,LOCAL,,_tmp_1,14,,<empty>,57,_tmp_1,,,0,,__ecma.Promise
94489283831,LOCAL,,error,15,,<empty>,32,error,,,0,,ANY
94489283832,LOCAL,services/project/projectSyncService.ts::program:ProjectSyncService:<init>:<lambda>0:gitLabMemberService,gitLabMemberService,24,services/gitlab/gitLabMemberService.ts::program:GitLabMemberService;GitLabMemberService,<empty>,31,gitLabMemberService,,,0,,ANY
94489283833,LOCAL,services/project/projectSyncService.ts::program:ProjectSyncService:<init>:<lambda>0:gitlabProjectService,gitlabProjectService,33,services/gitlab/gitlabProjectService.ts::program:GitLabProjectService;GitLabProjectService,<empty>,17,gitlabProjectService,,,0,,ANY
94489283834,LOCAL,,syncAllProjects,2,,<empty>,15,syncAllProjects,,,0,,() => Promise<{ id: __ecma.Number; name: __ecma.String; description: __ecma.String | ANY; web_url: __ecma.String | ANY; lastActivityAt: __ecma.String | ANY; visibility: __ecma.String | ANY; membersCount: __ecma.Number; ... 16 more ...; sonarMaintainabilityBlocker: __ecma.Number; }[]>
94489283835,LOCAL,,_tmp_0,11,,<empty>,39,_tmp_0,,,0,,ANY
94489283836,LOCAL,,ProjectTransformService,0,,<empty>,34,ProjectTransformService,,,0,,services/project/projectTransformService.ts::program:ProjectTransformService
94489283837,LOCAL,,_tmp_1,15,,<empty>,79,_tmp_1,,,0,,services/project/projectTransformService.ts::program:ProjectTransformService
94489283838,LOCAL,,_tmp_1,15,,<empty>,79,_tmp_1,,,0,,services/project/projectTransformService.ts::program:ProjectTransformService
94489283839,LOCAL,,toApiResponseList,2,,<empty>,74,toApiResponseList,,,0,,__ecma.Array
94489283840,LOCAL,,toApiResponse,2,,<empty>,38,toApiResponse,,,0,,(dbProject: DbProject) => { id: __ecma.Number; name: __ecma.String; description: __ecma.String | ANY; web_url: __ecma.String | ANY; lastActivityAt: __ecma.String | ANY; visibility: __ecma.String | ANY; ... 17 more ...; sonarMaintainabilityBlocker: __ecma.Number; }
94489283841,LOCAL,,axios,0,,<empty>,1,axios,,,0,,AxiosStatic
94489283842,LOCAL,,SonarQubeComponentMeasures,0,,<empty>,2,SonarQubeComponentMeasures,,,0,,ANY
94489283843,LOCAL,,_tmp_0,77,,<empty>,10,_tmp_0,,,0,,ANY
94489283844,LOCAL,,_tmp_5,70,,<empty>,18,_tmp_5,,,0,,ANY
94489283845,LOCAL,,_tmp_8,12,,<empty>,28,_tmp_8,,,0,,__ecma.Error
94489283846,LOCAL,,_tmp_9,12,,<empty>,31,_tmp_9,,,0,,__ecma.Error
94489283847,LOCAL,,_tmp_10,11,,<empty>,39,_tmp_10,,,0,,ANY
94489283848,LOCAL,,metricKeys,10,__ecma.String;__ecma.Array:join:<returnValue>,<empty>,50,metricKeys,,,0,__ecma.String,__ecma.String
94489283849,LOCAL,,_tmp_13,23,,<empty>,50,_tmp_13,,,0,,__ecma.Array
94489283850,LOCAL,,url,10,,<empty>,62,url,,,0,__ecma.String,__ecma.String
94489283851,LOCAL,,response,12,,<empty>,67,response,,,0,"AxiosResponse<any, ANY, __ecma.Object>","AxiosResponse<any, ANY, __ecma.Object>"
94489283852,LOCAL,,_tmp_14,44,,<empty>,67,_tmp_14,,,0,,ANY
94489283853,LOCAL,,url,10,,<empty>,89,url,,,0,__ecma.String,__ecma.String
94489283854,LOCAL,,response,12,,<empty>,92,response,,,0,"AxiosResponse<any, ANY, __ecma.Object>","AxiosResponse<any, ANY, __ecma.Object>"
94489283855,LOCAL,,_tmp_15,44,,<empty>,92,_tmp_15,,,0,,ANY
94489283856,LOCAL,,url,10,,<empty>,110,url,,,0,__ecma.String,__ecma.String
94489283857,LOCAL,,response,12,,<empty>,114,response,,,0,"AxiosResponse<any, ANY, __ecma.Object>","AxiosResponse<any, ANY, __ecma.Object>"
94489283858,LOCAL,,_tmp_16,44,,<empty>,114,_tmp_16,,,0,,ANY
94489283859,LOCAL,,SonarMaintainabilityApiService,7,,<empty>,4,SonarMaintainabilityApiService,,,0,,services/sonarMaintainability/sonarMaintainabilityApiService.ts::program:SonarMaintainabilityApiService
94489283860,LOCAL,,err,13,,<empty>,117,err,,,0,,ANY
94489283861,LOCAL,,console,6,,<empty>,113,console,,,0,,__whatwg.console
94489283862,LOCAL,services/sonarMaintainability/sonarMaintainabilityApiService.ts::program:SonarMaintainabilityApiService:getNewCodePeriod:axios,axios,29,,<empty>,114,axios,,,0,,AxiosStatic
94489283863,LOCAL,,err,13,,<empty>,94,err,,,0,,ANY
94489283864,LOCAL,,console,6,,<empty>,95,console,,,0,,__whatwg.console
94489283865,LOCAL,services/sonarMaintainability/sonarMaintainabilityApiService.ts::program:SonarMaintainabilityApiService:getIssueCount:axios,axios,29,,<empty>,92,axios,,,0,,AxiosStatic
94489283866,LOCAL,,err,13,,<empty>,71,err,,,0,,ANY
94489283867,LOCAL,,console,6,,<empty>,65,console,,,0,,__whatwg.console
94489283868,LOCAL,services/sonarMaintainability/sonarMaintainabilityApiService.ts::program:SonarMaintainabilityApiService:getMaintainabilityMetrics:axios,axios,29,,<empty>,67,axios,,,0,,AxiosStatic
94489283869,LOCAL,,_tmp_12,23,,<empty>,50,_tmp_12,,,0,,__ecma.Array
94489283870,LOCAL,,_tmp_13,23,,<empty>,50,_tmp_13,,,0,,__ecma.Array
94489283871,LOCAL,,_tmp_11,32,,<empty>,40,_tmp_11,,,0,,Buffer.from:<returnValue>
94489283872,LOCAL,,console,4,,<empty>,35,console,,,0,,__whatwg.console
94489283873,LOCAL,,Error,16,,<empty>,28,Error,,,0,,ErrorConstructor
94489283874,LOCAL,,_tmp_9,12,,<empty>,31,_tmp_9,,,0,,__ecma.Error
94489283875,LOCAL,,_tmp_8,12,,<empty>,28,_tmp_8,,,0,,__ecma.Error
94489283876,LOCAL,,_tmp_7,26,,<empty>,27,_tmp_7,,,0,,__ecma.String
94489283877,LOCAL,,initialized,10,,<empty>,7,initialized,,,0,,__ecma.Boolean
94489283878,LOCAL,,_tmp_6,29,,<empty>,20,_tmp_6,,,0,,__ecma.String
94489283879,LOCAL,,console,4,,<empty>,10,console,,,0,,__whatwg.console
94489283880,LOCAL,,_tmp_4,18,,<empty>,17,_tmp_4,,,0,,ANY
94489283881,LOCAL,,process,14,,<empty>,13,process,,,0,,Process
94489283882,LOCAL,,_tmp_2,19,,<empty>,16,_tmp_2,,,0,,ANY
94489283883,LOCAL,,_tmp_3,20,,<empty>,16,_tmp_3,,,0,,ANY
94489283884,LOCAL,,undefined,54,,<empty>,12,undefined,,,0,,undefined
94489283885,LOCAL,,_tmp_1,49,,<empty>,14,_tmp_1,,,0,,Process:<member>(env):SONARQUBE_TOKEN
94489283886,LOCAL,,SonarQubeComponentMeasures,0,,<empty>,1,SonarQubeComponentMeasures,,,0,,ANY
94489283887,LOCAL,,SonarQubeMaintainabilityCalculationResult,0,,<empty>,1,SonarQubeMaintainabilityCalculationResult,,,0,,ANY
94489283888,LOCAL,,measures,10,,<empty>,16,measures,,,0,__ecma.Array,__ecma.Array
94489283889,LOCAL,,findMetric,10,,<empty>,19,findMetric,,,0,(key: __ecma.String) => __ecma.Number,(key: __ecma.String) => __ecma.Number
94489283890,LOCAL,,measure,12,,<empty>,20,measure,,,0,ANY,__ecma.Array:find:<returnValue>
94489283891,LOCAL,,ratingValue,10,__ecma.Number;parseFloat:<operator>.logicalOr:<returnValue>,<empty>,37,ratingValue,,,0,__ecma.Number,__ecma.Number
94489283892,LOCAL,,maintainability_rating,10,,<empty>,38,maintainability_rating,,,0,__ecma.String,__ecma.String
94489283893,LOCAL,,result,10,,<empty>,40,result,,,0,{ maintainability_high: __ecma.Number; maintainability_blocker: __ecma.Number; technical_debt_ratio: __ecma.Number; maintainability_rating: __ecma.String; code_smells_total: __ecma.Number; code_smells_new: __ecma.Number; cyclomatic_complexity: __ecma.Number; cognitive_complexity: __ecma.Number; duplicated_code_percentage: __ecma.Number; duplicated_lines_new: __ecma.Number; },{ maintainability_high: __ecma.Number; maintainability_blocker: __ecma.Number; technical_debt_ratio: __ecma.Number; maintainability_rating: __ecma.String; code_smells_total: __ecma.Number; code_smells_new: __ecma.Number; cyclomatic_complexity: __ecma.Number; cognitive_complexity: __ecma.Number; duplicated_code_percentage: __ecma.Number; duplicated_lines_new: __ecma.Number; }
94489283894,LOCAL,,_tmp_0,19,,<empty>,40,_tmp_0,,,0,,ANY
94489283895,LOCAL,,SonarMaintainabilityCalculationService,7,,<empty>,6,SonarMaintainabilityCalculationService,,,0,,services/sonarMaintainability/sonarMaintainabilityCalculationService.ts::program:SonarMaintainabilityCalculationService
94489283896,LOCAL,,console,4,,<empty>,53,console,,,0,,__whatwg.console
94489283897,LOCAL,,undefined,28,,<empty>,24,undefined,,,0,,undefined
94489283898,LOCAL,services/sonarMaintainability/sonarMaintainabilityCalculationService.ts::program:SonarMaintainabilityCalculationService:calculateMetrics:<lambda>0:<lambda>1:key,key,54,,<empty>,20,key,,,0,,__ecma.String
94489283899,LOCAL,services/sonarMaintainability/sonarMaintainabilityCalculationService.ts::program:SonarMaintainabilityCalculationService:calculateMetrics:<lambda>0:measures,measures,22,,<empty>,20,measures,,,0,,__ecma.Array
94489283900,LOCAL,,getPool,0,,<empty>,1,getPool,,,0,,() => Pool
94489283901,LOCAL,,SonarQubeMaintainabilityMetrics,0,,<empty>,2,SonarQubeMaintainabilityMetrics,,,0,,ANY
94489283902,LOCAL,,SonarQubeMaintainabilityHistory,0,,<empty>,2,SonarQubeMaintainabilityHistory,,,0,,ANY
94489283903,LOCAL,,SonarQubeMaintainabilityCalculationResult,0,,<empty>,2,SonarQubeMaintainabilityCalculationResult,,,0,,ANY
94489283904,LOCAL,,calculateMaintainabilityHealthScore,0,,<empty>,7,calculateMaintainabilityHealthScore,,,0,,(metrics: { maintainability_rating: __ecma.String; technical_debt_ratio: __ecma.Number; code_smells_total: __ecma.Number; duplicated_code_percentage: __ecma.Number; }) => __ecma.Number
94489283905,LOCAL,,pool,10,Pool;pg:Pool;Pool | __ecma.Null;__ecma.Null,<empty>,18,pool,,,0,Pool,Pool
94489283906,LOCAL,,ratingValue,10,,<empty>,21,ratingValue,,,0,__ecma.Number,__ecma.Number
94489283907,LOCAL,,query,10,,<empty>,23,query,,,0,"""\\n      INSERT INTO sonarqube_maintainability_metrics (\\n        project_id,\\n        maintainability_high,\\n        maintainability_blocker,\\n        technical_debt_ratio,\\n        maintainability_rating,\\n        maintainability_rating_value,\\n        code_smells_total,\\n        code_smells_new,\\n        cyclomat...",__ecma.String
94489283908,LOCAL,,values,10,,<empty>,41,values,,,0,__ecma.Array,__ecma.Array
94489283909,LOCAL,,_tmp_0,19,,<empty>,41,_tmp_0,,,0,,__ecma.Array
94489283910,LOCAL,,pool,10,Pool;pg:Pool;Pool | __ecma.Null;__ecma.Null,<empty>,72,pool,,,0,Pool,Pool
94489283911,LOCAL,,healthScore,10,,<empty>,75,healthScore,,,0,__ecma.Number,__ecma.Number
94489283912,LOCAL,,_tmp_1,60,,<empty>,75,_tmp_1,,,0,,ANY
94489283913,LOCAL,,query,10,,<empty>,82,query,,,0,"""\\n      INSERT INTO sonarqube_maintainability_history (\\n        project_id,\\n        maintainability_high,\\n        maintainability_blocker,\\n        technical_debt_ratio,\\n        maintainability_rating,\\n        code_smells_total,\\n        duplicated_code_percentage,\\n        health_score,\\n        snapshot_date...",__ecma.String
94489283914,LOCAL,,values,10,,<empty>,97,values,,,0,__ecma.Array,__ecma.Array
94489283915,LOCAL,,_tmp_2,19,,<empty>,97,_tmp_2,,,0,,__ecma.Array
94489283916,LOCAL,,pool,10,Pool;pg:Pool;Pool | __ecma.Null;__ecma.Null,<empty>,121,pool,,,0,Pool,Pool
94489283917,LOCAL,,query,10,,<empty>,123,query,,,0,__ecma.String,__ecma.String
94489283918,LOCAL,,result,12,,<empty>,131,result,,,0,QueryResult<any>,QueryResult<any>
94489283919,LOCAL,,_tmp_3,45,,<empty>,131,_tmp_3,,,0,,__ecma.Array
94489283920,LOCAL,,pool,10,Pool;pg:Pool;Pool | __ecma.Null;__ecma.Null,<empty>,143,pool,,,0,Pool,Pool
94489283921,LOCAL,,query,10,,<empty>,145,query,,,0,__ecma.String,__ecma.String
94489283922,LOCAL,,result,12,,<empty>,153,result,,,0,QueryResult<any>,QueryResult<any>
94489283923,LOCAL,,_tmp_4,45,,<empty>,153,_tmp_4,,,0,,__ecma.Array
94489283924,LOCAL,,pool,10,Pool;pg:Pool;Pool | __ecma.Null;__ecma.Null,<empty>,165,pool,,,0,Pool,Pool
94489283925,LOCAL,,query,10,,<empty>,167,query,,,0,__ecma.String,__ecma.String
94489283926,LOCAL,,result,12,,<empty>,174,result,,,0,QueryResult<any>,QueryResult<any>
94489283927,LOCAL,,_tmp_5,45,,<empty>,174,_tmp_5,,,0,,__ecma.Array
94489283928,LOCAL,,pool,10,Pool;pg:Pool;Pool | __ecma.Null;__ecma.Null,<empty>,186,pool,,,0,Pool,Pool
94489283929,LOCAL,,_tmp_6,94,,<empty>,189,_tmp_6,,,0,,__ecma.Array
94489283930,LOCAL,,_tmp_7,94,,<empty>,190,_tmp_7,,,0,,__ecma.Array
94489283931,LOCAL,,map,10,,<empty>,202,map,,,0,{ [key: __ecma.String]: __ecma.Number; },{ [key: __ecma.String]: __ecma.Number; }
94489283932,LOCAL,,_tmp_8,43,,<empty>,202,_tmp_8,,,0,,ANY
94489283933,LOCAL,,SonarMaintainabilityDbService,7,,<empty>,9,SonarMaintainabilityDbService,,,0,,services/sonarMaintainability/sonarMaintainabilityDbService.ts::program:SonarMaintainabilityDbService
94489283934,LOCAL,,error,13,,<empty>,192,error,,,0,,ANY
94489283935,LOCAL,,console,6,,<empty>,191,console,,,0,,__whatwg.console
94489283936,LOCAL,,_tmp_7,94,,<empty>,190,_tmp_7,,,0,,__ecma.Array
94489283937,LOCAL,,_tmp_6,94,,<empty>,189,_tmp_6,,,0,,__ecma.Array
94489283938,LOCAL,services/sonarMaintainability/sonarMaintainabilityDbService.ts::program:SonarMaintainabilityDbService:deleteMetrics:getPool,getPool,17,,<empty>,186,getPool,,,0,,() => Pool
94489283939,LOCAL,,error,13,,<empty>,176,error,,,0,,ANY
94489283940,LOCAL,,console,6,,<empty>,177,console,,,0,,__whatwg.console
94489283941,LOCAL,,_tmp_5,45,,<empty>,174,_tmp_5,,,0,,__ecma.Array
94489283942,LOCAL,services/sonarMaintainability/sonarMaintainabilityDbService.ts::program:SonarMaintainabilityDbService:getAllMetrics:getPool,getPool,17,,<empty>,165,getPool,,,0,,() => Pool
94489283943,LOCAL,,error,13,,<empty>,155,error,,,0,,ANY
94489283944,LOCAL,,console,6,,<empty>,156,console,,,0,,__whatwg.console
94489283945,LOCAL,,_tmp_4,45,,<empty>,153,_tmp_4,,,0,,__ecma.Array
94489283946,LOCAL,,days,45,,<empty>,142,days,,,0,,__ecma.Number
94489283947,LOCAL,services/sonarMaintainability/sonarMaintainabilityDbService.ts::program:SonarMaintainabilityDbService:getMetricsHistory:getPool,getPool,17,,<empty>,143,getPool,,,0,,() => Pool
94489283948,LOCAL,,error,13,,<empty>,133,error,,,0,,ANY
94489283949,LOCAL,,console,6,,<empty>,134,console,,,0,,__whatwg.console
94489283950,LOCAL,,_tmp_3,45,,<empty>,131,_tmp_3,,,0,,__ecma.Array
94489283951,LOCAL,services/sonarMaintainability/sonarMaintainabilityDbService.ts::program:SonarMaintainabilityDbService:getMetrics:getPool,getPool,17,,<empty>,121,getPool,,,0,,() => Pool
94489283952,LOCAL,,error,13,,<empty>,111,error,,,0,,ANY
94489283953,LOCAL,,console,6,,<empty>,110,console,,,0,,__whatwg.console
94489283954,LOCAL,,_tmp_2,19,,<empty>,97,_tmp_2,,,0,,__ecma.Array
94489283955,LOCAL,services/sonarMaintainability/sonarMaintainabilityDbService.ts::program:SonarMaintainabilityDbService:saveHistoricalSnapshot:calculateMaintainabilityHealthScore,calculateMaintainabilityHealthScore,24,,<empty>,75,calculateMaintainabilityHealthScore,,,0,,(metrics: { maintainability_rating: __ecma.String; technical_debt_ratio: __ecma.Number; code_smells_total: __ecma.Number; duplicated_code_percentage: __ecma.Number; }) => __ecma.Number
94489283956,LOCAL,services/sonarMaintainability/sonarMaintainabilityDbService.ts::program:SonarMaintainabilityDbService:saveHistoricalSnapshot:getPool,getPool,17,,<empty>,72,getPool,,,0,,() => Pool
94489283957,LOCAL,,error,13,,<empty>,59,error,,,0,,ANY
94489283958,LOCAL,,console,6,,<empty>,58,console,,,0,,__whatwg.console
94489283959,LOCAL,,_tmp_0,19,,<empty>,41,_tmp_0,,,0,,__ecma.Array
94489283960,LOCAL,services/sonarMaintainability/sonarMaintainabilityDbService.ts::program:SonarMaintainabilityDbService:saveMetrics:getPool,getPool,17,,<empty>,18,getPool,,,0,,() => Pool
94489283961,LOCAL,,SonarMaintainabilityApiService,0,services/sonarMaintainability/sonarMaintainabilityApiService.ts::program:SonarMaintainabilityApiService;SonarMaintainabilityApiService,<empty>,1,SonarMaintainabilityApiService,,,0,,ANY
94489283962,LOCAL,,SonarMaintainabilityCalculationService,0,services/sonarMaintainability/sonarMaintainabilityCalculationService.ts::program:SonarMaintainabilityCalculationService;SonarMaintainabilityCalculationService,<empty>,2,SonarMaintainabilityCalculationService,,,0,,ANY
94489283963,LOCAL,,SonarMaintainabilityDbService,0,services/sonarMaintainability/sonarMaintainabilityDbService.ts::program:SonarMaintainabilityDbService;SonarMaintainabilityDbService,<empty>,3,SonarMaintainabilityDbService,,,0,,ANY
94489283964,LOCAL,,getSonarProjectKey,0,,<empty>,4,getSonarProjectKey,,,0,,(projectId: __ecma.Number) => Promise<string | __ecma.Null>
94489283965,LOCAL,,_tmp_0,22,services/sonarMaintainability/sonarMaintainabilityApiService.ts::program:SonarMaintainabilityApiService;SonarMaintainabilityApiService,<empty>,12,_tmp_0,,,0,,ANY
94489283966,LOCAL,,_tmp_1,30,services/sonarMaintainability/sonarMaintainabilityCalculationService.ts::program:SonarMaintainabilityCalculationService;SonarMaintainabilityCalculationService,<empty>,13,_tmp_1,,,0,,ANY
94489283967,LOCAL,,_tmp_2,21,services/sonarMaintainability/sonarMaintainabilityDbService.ts::program:SonarMaintainabilityDbService;SonarMaintainabilityDbService,<empty>,14,_tmp_2,,,0,,ANY
94489283968,LOCAL,,sonarProjectKey,12,,<empty>,25,sonarProjectKey,,,0,string | __ecma.Null,string | __ecma.Null
94489283969,LOCAL,,_tmp_3,14,,<empty>,27,_tmp_3,,,0,,__ecma.Error
94489283970,LOCAL,,newCodePeriod,12,,<empty>,33,newCodePeriod,,,0,ANY,ANY
94489283971,LOCAL,,sonarData,12,,<empty>,36,sonarData,,,0,{ measures: { key: __ecma.String; name: __ecma.String; qualifier: __ecma.String; measures: __ecma.Array; }; highCount: __ecma.Number; blockerCount: __ecma.Number; },{ measures: { key: __ecma.String; name: __ecma.String; qualifier: __ecma.String; measures: __ecma.Array; }; highCount: __ecma.Number; blockerCount: __ecma.Number; }
94489283972,LOCAL,,metrics,12,types/sonarQubeMetrics.types.ts::program:SonarQubeMaintainabilityCalculationResult;SonarQubeMaintainabilityCalculationResult;{ maintainability_high: __ecma.Number; maintainability_blocker: __ecma.Number; technical_debt_ratio: __ecma.Number; maintainability_rating: __ecma.String; code_smells_total: __ecma.Number; code_smells_new: __ecma.Number; cyclomatic_complexity: __ecma.Number; cognitive_complexity: __ecma.Number; duplicated_code_percentage: __ecma.Number; duplicated_lines_new: __ecma.Number; },<empty>,39,metrics,,,0,SonarQubeMaintainabilityCalculationResult,ANY
94489283973,LOCAL,,_tmp_6,44,,<empty>,45,_tmp_6,,,0,,ANY
94489283974,LOCAL,,measuresResponse,10,types/sonarQubeMetrics.types.ts::program:SonarQubeComponentMeasures;SonarQubeComponentMeasures,<empty>,72,measuresResponse,,,0,SonarQubeComponentMeasures,ANY
94489283975,LOCAL,,highCount,10,,<empty>,75,highCount,,,0,__ecma.Number,__ecma.Number
94489283976,LOCAL,,blockerCount,10,,<empty>,76,blockerCount,,,0,__ecma.Number,__ecma.Number
94489283977,LOCAL,,_tmp_12,51,,<empty>,78,_tmp_12,,,0,,ANY
94489283978,LOCAL,,_tmp_13,11,,<empty>,84,_tmp_13,,,0,,ANY
94489283979,LOCAL,,SonarMaintainabilitySyncService,7,,<empty>,6,SonarMaintainabilitySyncService,,,0,,services/sonarMaintainability/sonarMaintainabilitySyncService.ts::program:SonarMaintainabilitySyncService
94489283980,LOCAL,,console,4,,<empty>,78,console,,,0,,__whatwg.console
94489283981,LOCAL,,_tmp_11,31,services/sonarMaintainability/sonarMaintainabilityApiService.ts::program:SonarMaintainabilityApiService;SonarMaintainabilityApiService,<empty>,76,_tmp_11,,,0,,ANY
94489283982,LOCAL,,_tmp_10,28,services/sonarMaintainability/sonarMaintainabilityApiService.ts::program:SonarMaintainabilityApiService;SonarMaintainabilityApiService,<empty>,75,_tmp_10,,,0,,ANY
94489283983,LOCAL,,_tmp_9,35,services/sonarMaintainability/sonarMaintainabilityApiService.ts::program:SonarMaintainabilityApiService;SonarMaintainabilityApiService,<empty>,72,_tmp_9,,,0,,ANY
94489283984,LOCAL,,error,13,,<empty>,61,error,,,0,,ANY
94489283985,LOCAL,,console,4,,<empty>,21,console,,,0,,__whatwg.console
94489283986,LOCAL,,_tmp_8,12,services/sonarMaintainability/sonarMaintainabilityDbService.ts::program:SonarMaintainabilityDbService;SonarMaintainabilityDbService,<empty>,58,_tmp_8,,,0,,ANY
94489283987,LOCAL,,_tmp_7,12,services/sonarMaintainability/sonarMaintainabilityDbService.ts::program:SonarMaintainabilityDbService;SonarMaintainabilityDbService,<empty>,55,_tmp_7,,,0,,ANY
94489283988,LOCAL,,_tmp_5,22,services/sonarMaintainability/sonarMaintainabilityCalculationService.ts::program:SonarMaintainabilityCalculationService;SonarMaintainabilityCalculationService,<empty>,39,_tmp_5,,,0,,ANY
94489283989,LOCAL,,_tmp_4,34,services/sonarMaintainability/sonarMaintainabilityApiService.ts::program:SonarMaintainabilityApiService;SonarMaintainabilityApiService,<empty>,33,_tmp_4,,,0,,ANY
94489283990,LOCAL,,Error,18,,<empty>,27,Error,,,0,,ErrorConstructor
94489283991,LOCAL,,_tmp_3,14,,<empty>,27,_tmp_3,,,0,,__ecma.Error
94489283992,LOCAL,services/sonarMaintainability/sonarMaintainabilitySyncService.ts::program:SonarMaintainabilitySyncService:syncMaintainabilityMetrics:getSonarProjectKey,getSonarProjectKey,36,,<empty>,25,getSonarProjectKey,,,0,,(projectId: __ecma.Number) => Promise<string | __ecma.Null>
94489283993,LOCAL,services/sonarMaintainability/sonarMaintainabilitySyncService.ts::program:SonarMaintainabilitySyncService:<init>:SonarMaintainabilityDbService,SonarMaintainabilityDbService,25,services/sonarMaintainability/sonarMaintainabilityDbService.ts::program:SonarMaintainabilityDbService;SonarMaintainabilityDbService,<empty>,14,SonarMaintainabilityDbService,,,0,,ANY
94489283994,LOCAL,,_tmp_2,21,services/sonarMaintainability/sonarMaintainabilityDbService.ts::program:SonarMaintainabilityDbService;SonarMaintainabilityDbService,<empty>,14,_tmp_2,,,0,,ANY
94489283995,LOCAL,services/sonarMaintainability/sonarMaintainabilitySyncService.ts::program:SonarMaintainabilitySyncService:<init>:SonarMaintainabilityCalculationService,SonarMaintainabilityCalculationService,34,services/sonarMaintainability/sonarMaintainabilityCalculationService.ts::program:SonarMaintainabilityCalculationService;SonarMaintainabilityCalculationService,<empty>,13,SonarMaintainabilityCalculationService,,,0,,ANY
94489283996,LOCAL,,_tmp_1,30,services/sonarMaintainability/sonarMaintainabilityCalculationService.ts::program:SonarMaintainabilityCalculationService;SonarMaintainabilityCalculationService,<empty>,13,_tmp_1,,,0,,ANY
94489283997,LOCAL,services/sonarMaintainability/sonarMaintainabilitySyncService.ts::program:SonarMaintainabilitySyncService:<init>:SonarMaintainabilityApiService,SonarMaintainabilityApiService,26,services/sonarMaintainability/sonarMaintainabilityApiService.ts::program:SonarMaintainabilityApiService;SonarMaintainabilityApiService,<empty>,12,SonarMaintainabilityApiService,,,0,,ANY
94489283998,LOCAL,,_tmp_0,22,services/sonarMaintainability/sonarMaintainabilityApiService.ts::program:SonarMaintainabilityApiService;SonarMaintainabilityApiService,<empty>,12,_tmp_0,,,0,,ANY
94489283999,LOCAL,,axios,0,,<empty>,1,axios,,,0,,AxiosStatic
94489284000,LOCAL,,SonarQubeComponentMeasures,0,,<empty>,2,SonarQubeComponentMeasures,,,0,,ANY
94489284001,LOCAL,,_tmp_4,12,,<empty>,18,_tmp_4,,,0,,__ecma.Error
94489284002,LOCAL,,_tmp_5,12,,<empty>,21,_tmp_5,,,0,,__ecma.Error
94489284003,LOCAL,,_tmp_6,11,,<empty>,29,_tmp_6,,,0,,ANY
94489284004,LOCAL,,metricKeys,10,__ecma.String;__ecma.Array:join:<returnValue>,<empty>,40,metricKeys,,,0,__ecma.String,__ecma.String
94489284005,LOCAL,,_tmp_9,23,,<empty>,40,_tmp_9,,,0,,__ecma.Array
94489284006,LOCAL,,url,10,,<empty>,47,url,,,0,__ecma.String,__ecma.String
94489284007,LOCAL,,response,12,,<empty>,51,response,,,0,"AxiosResponse<any, ANY, __ecma.Object>","AxiosResponse<any, ANY, __ecma.Object>"
94489284008,LOCAL,,_tmp_10,44,,<empty>,51,_tmp_10,,,0,,ANY
94489284009,LOCAL,,url,10,,<empty>,70,url,,,0,__ecma.String,__ecma.String
94489284010,LOCAL,,response,12,,<empty>,73,response,,,0,"AxiosResponse<any, ANY, __ecma.Object>","AxiosResponse<any, ANY, __ecma.Object>"
94489284011,LOCAL,,_tmp_11,44,,<empty>,73,_tmp_11,,,0,,ANY
94489284012,LOCAL,,SonarReliabilityApiService,7,,<empty>,4,SonarReliabilityApiService,,,0,,services/sonarReliability/sonarReliabilityApiService.ts::program:SonarReliabilityApiService
94489284013,LOCAL,,err,13,,<empty>,75,err,,,0,,ANY
94489284014,LOCAL,,console,6,,<empty>,76,console,,,0,,__whatwg.console
94489284015,LOCAL,services/sonarReliability/sonarReliabilityApiService.ts::program:SonarReliabilityApiService:getBugCount:axios,axios,29,,<empty>,73,axios,,,0,,AxiosStatic
94489284016,LOCAL,,err,13,,<empty>,54,err,,,0,,ANY
94489284017,LOCAL,,console,6,,<empty>,50,console,,,0,,__whatwg.console
94489284018,LOCAL,services/sonarReliability/sonarReliabilityApiService.ts::program:SonarReliabilityApiService:getReliabilityMetrics:axios,axios,29,,<empty>,51,axios,,,0,,AxiosStatic
94489284019,LOCAL,,_tmp_8,23,,<empty>,40,_tmp_8,,,0,,__ecma.Array
94489284020,LOCAL,,_tmp_9,23,,<empty>,40,_tmp_9,,,0,,__ecma.Array
94489284021,LOCAL,,_tmp_7,32,,<empty>,30,_tmp_7,,,0,,Buffer.from:<returnValue>
94489284022,LOCAL,,console,4,,<empty>,25,console,,,0,,__whatwg.console
94489284023,LOCAL,,Error,16,,<empty>,18,Error,,,0,,ErrorConstructor
94489284024,LOCAL,,_tmp_5,12,,<empty>,21,_tmp_5,,,0,,__ecma.Error
94489284025,LOCAL,,_tmp_4,12,,<empty>,18,_tmp_4,,,0,,__ecma.Error
94489284026,LOCAL,,_tmp_3,26,,<empty>,17,_tmp_3,,,0,,__ecma.String
94489284027,LOCAL,,initialized,10,,<empty>,7,initialized,,,0,,__ecma.Boolean
94489284028,LOCAL,,_tmp_2,18,,<empty>,11,_tmp_2,,,0,,ANY
94489284029,LOCAL,,process,31,,<empty>,10,process,,,0,,Process
94489284030,LOCAL,,_tmp_0,19,,<empty>,10,_tmp_0,,,0,,ANY
94489284031,LOCAL,,_tmp_1,20,,<empty>,10,_tmp_1,,,0,,ANY
94489284032,LOCAL,,SonarQubeReliabilityCalculationResult,0,,<empty>,1,SonarQubeReliabilityCalculationResult,,,0,,ANY
94489284033,LOCAL,,measures,10,,<empty>,13,measures,,,0,__ecma.Array,__ecma.Array
94489284034,LOCAL,,findMetric,10,,<empty>,16,findMetric,,,0,(key: __ecma.String) => __ecma.Number,(key: __ecma.String) => __ecma.Number
94489284035,LOCAL,,measure,12,,<empty>,17,measure,,,0,ANY,__ecma.Array:find:<returnValue>
94489284036,LOCAL,,ratingValue,10,__ecma.Number;parseFloat:<operator>.logicalOr:<returnValue>,<empty>,34,ratingValue,,,0,__ecma.Number,__ecma.Number
94489284037,LOCAL,,reliability_rating,10,,<empty>,35,reliability_rating,,,0,__ecma.String,__ecma.String
94489284038,LOCAL,,result,10,,<empty>,37,result,,,0,{ bugs_total: __ecma.Number; bugs_critical: __ecma.Number; bugs_blocker: __ecma.Number; bugs_new: __ecma.Number; reliability_rating: __ecma.String; reliability_remediation_effort: __ecma.Number; },{ bugs_total: __ecma.Number; bugs_critical: __ecma.Number; bugs_blocker: __ecma.Number; bugs_new: __ecma.Number; reliability_rating: __ecma.String; reliability_remediation_effort: __ecma.Number; }
94489284039,LOCAL,,_tmp_0,19,,<empty>,37,_tmp_0,,,0,,ANY
94489284040,LOCAL,,SonarReliabilityCalculationService,7,,<empty>,3,SonarReliabilityCalculationService,,,0,,services/sonarReliability/sonarReliabilityCalculationService.ts::program:SonarReliabilityCalculationService
94489284041,LOCAL,,console,4,,<empty>,46,console,,,0,,__whatwg.console
94489284042,LOCAL,,undefined,28,,<empty>,21,undefined,,,0,,undefined
94489284043,LOCAL,services/sonarReliability/sonarReliabilityCalculationService.ts::program:SonarReliabilityCalculationService:calculateMetrics:<lambda>0:<lambda>1:key,key,54,,<empty>,17,key,,,0,,__ecma.String
94489284044,LOCAL,services/sonarReliability/sonarReliabilityCalculationService.ts::program:SonarReliabilityCalculationService:calculateMetrics:<lambda>0:measures,measures,22,,<empty>,17,measures,,,0,,__ecma.Array
94489284045,LOCAL,,getPool,0,,<empty>,1,getPool,,,0,,() => Pool
94489284046,LOCAL,,SonarQubeReliabilityMetrics,0,,<empty>,2,SonarQubeReliabilityMetrics,,,0,,ANY
94489284047,LOCAL,,SonarQubeReliabilityHistory,0,,<empty>,2,SonarQubeReliabilityHistory,,,0,,ANY
94489284048,LOCAL,,SonarQubeReliabilityCalculationResult,0,,<empty>,2,SonarQubeReliabilityCalculationResult,,,0,,ANY
94489284049,LOCAL,,calculateReliabilityHealthScore,0,,<empty>,7,calculateReliabilityHealthScore,,,0,,(metrics: { reliability_rating: __ecma.String; bugs_total: __ecma.Number; }) => __ecma.Number
94489284050,LOCAL,,pool,10,Pool;pg:Pool;Pool | __ecma.Null;__ecma.Null,<empty>,18,pool,,,0,Pool,Pool
94489284051,LOCAL,,ratingValue,10,,<empty>,21,ratingValue,,,0,__ecma.Number,__ecma.Number
94489284052,LOCAL,,query,10,,<empty>,23,query,,,0,"""\\n      INSERT INTO sonarqube_reliability_metrics (\\n        project_id,\\n        bugs_total,\\n        bugs_critical,\\n        bugs_blocker,\\n        bugs_new,\\n        reliability_rating,\\n        reliability_rating_value,\\n        reliability_remediation_effort,\\n        calculated_at\\n      ) VALUES ($1, $2, $3,...",__ecma.String
94489284053,LOCAL,,values,10,,<empty>,37,values,,,0,__ecma.Array,__ecma.Array
94489284054,LOCAL,,_tmp_0,19,,<empty>,37,_tmp_0,,,0,,__ecma.Array
94489284055,LOCAL,,pool,10,Pool;pg:Pool;Pool | __ecma.Null;__ecma.Null,<empty>,64,pool,,,0,Pool,Pool
94489284056,LOCAL,,healthScore,10,,<empty>,67,healthScore,,,0,__ecma.Number,__ecma.Number
94489284057,LOCAL,,_tmp_1,56,,<empty>,67,_tmp_1,,,0,,ANY
94489284058,LOCAL,,query,10,,<empty>,72,query,,,0,__ecma.String,__ecma.String
94489284059,LOCAL,,values,10,,<empty>,83,values,,,0,__ecma.Array,__ecma.Array
94489284060,LOCAL,,_tmp_2,19,,<empty>,83,_tmp_2,,,0,,__ecma.Array
94489284061,LOCAL,,pool,10,Pool;pg:Pool;Pool | __ecma.Null;__ecma.Null,<empty>,103,pool,,,0,Pool,Pool
94489284062,LOCAL,,query,10,,<empty>,105,query,,,0,__ecma.String,__ecma.String
94489284063,LOCAL,,result,12,,<empty>,113,result,,,0,QueryResult<any>,QueryResult<any>
94489284064,LOCAL,,_tmp_3,45,,<empty>,113,_tmp_3,,,0,,__ecma.Array
94489284065,LOCAL,,pool,10,Pool;pg:Pool;Pool | __ecma.Null;__ecma.Null,<empty>,125,pool,,,0,Pool,Pool
94489284066,LOCAL,,query,10,,<empty>,127,query,,,0,__ecma.String,__ecma.String
94489284067,LOCAL,,result,12,,<empty>,135,result,,,0,QueryResult<any>,QueryResult<any>
94489284068,LOCAL,,_tmp_4,45,,<empty>,135,_tmp_4,,,0,,__ecma.Array
94489284069,LOCAL,,pool,10,Pool;pg:Pool;Pool | __ecma.Null;__ecma.Null,<empty>,147,pool,,,0,Pool,Pool
94489284070,LOCAL,,_tmp_5,90,,<empty>,150,_tmp_5,,,0,,__ecma.Array
94489284071,LOCAL,,_tmp_6,90,,<empty>,151,_tmp_6,,,0,,__ecma.Array
94489284072,LOCAL,,map,10,,<empty>,163,map,,,0,{ [key: __ecma.String]: __ecma.Number; },{ [key: __ecma.String]: __ecma.Number; }
94489284073,LOCAL,,_tmp_7,43,,<empty>,163,_tmp_7,,,0,,ANY
94489284074,LOCAL,,SonarReliabilityDbService,7,,<empty>,9,SonarReliabilityDbService,,,0,,services/sonarReliability/sonarReliabilityDbService.ts::program:SonarReliabilityDbService
94489284075,LOCAL,,error,13,,<empty>,153,error,,,0,,ANY
94489284076,LOCAL,,console,6,,<empty>,152,console,,,0,,__whatwg.console
94489284077,LOCAL,,_tmp_6,90,,<empty>,151,_tmp_6,,,0,,__ecma.Array
94489284078,LOCAL,,_tmp_5,90,,<empty>,150,_tmp_5,,,0,,__ecma.Array
94489284079,LOCAL,services/sonarReliability/sonarReliabilityDbService.ts::program:SonarReliabilityDbService:deleteMetrics:getPool,getPool,17,,<empty>,147,getPool,,,0,,() => Pool
94489284080,LOCAL,,error,13,,<empty>,137,error,,,0,,ANY
94489284081,LOCAL,,console,6,,<empty>,138,console,,,0,,__whatwg.console
94489284082,LOCAL,,_tmp_4,45,,<empty>,135,_tmp_4,,,0,,__ecma.Array
94489284083,LOCAL,,days,45,,<empty>,124,days,,,0,,__ecma.Number
94489284084,LOCAL,services/sonarReliability/sonarReliabilityDbService.ts::program:SonarReliabilityDbService:getMetricsHistory:getPool,getPool,17,,<empty>,125,getPool,,,0,,() => Pool
94489284085,LOCAL,,error,13,,<empty>,115,error,,,0,,ANY
94489284086,LOCAL,,console,6,,<empty>,116,console,,,0,,__whatwg.console
94489284087,LOCAL,,_tmp_3,45,,<empty>,113,_tmp_3,,,0,,__ecma.Array
94489284088,LOCAL,services/sonarReliability/sonarReliabilityDbService.ts::program:SonarReliabilityDbService:getMetrics:getPool,getPool,17,,<empty>,103,getPool,,,0,,() => Pool
94489284089,LOCAL,,error,13,,<empty>,93,error,,,0,,ANY
94489284090,LOCAL,,console,6,,<empty>,92,console,,,0,,__whatwg.console
94489284091,LOCAL,,_tmp_2,19,,<empty>,83,_tmp_2,,,0,,__ecma.Array
94489284092,LOCAL,services/sonarReliability/sonarReliabilityDbService.ts::program:SonarReliabilityDbService:saveHistoricalSnapshot:calculateReliabilityHealthScore,calculateReliabilityHealthScore,24,,<empty>,67,calculateReliabilityHealthScore,,,0,,(metrics: { reliability_rating: __ecma.String; bugs_total: __ecma.Number; }) => __ecma.Number
94489284093,LOCAL,services/sonarReliability/sonarReliabilityDbService.ts::program:SonarReliabilityDbService:saveHistoricalSnapshot:getPool,getPool,17,,<empty>,64,getPool,,,0,,() => Pool
94489284094,LOCAL,,error,13,,<empty>,51,error,,,0,,ANY
94489284095,LOCAL,,console,6,,<empty>,50,console,,,0,,__whatwg.console
94489284096,LOCAL,,_tmp_0,19,,<empty>,37,_tmp_0,,,0,,__ecma.Array
94489284097,LOCAL,services/sonarReliability/sonarReliabilityDbService.ts::program:SonarReliabilityDbService:saveMetrics:getPool,getPool,17,,<empty>,18,getPool,,,0,,() => Pool
94489284098,LOCAL,,SonarReliabilityApiService,0,services/sonarReliability/sonarReliabilityApiService.ts::program:SonarReliabilityApiService;SonarReliabilityApiService,<empty>,1,SonarReliabilityApiService,,,0,,ANY
94489284099,LOCAL,,SonarReliabilityCalculationService,0,services/sonarReliability/sonarReliabilityCalculationService.ts::program:SonarReliabilityCalculationService;SonarReliabilityCalculationService,<empty>,2,SonarReliabilityCalculationService,,,0,,ANY
94489284100,LOCAL,,SonarReliabilityDbService,0,services/sonarReliability/sonarReliabilityDbService.ts::program:SonarReliabilityDbService;SonarReliabilityDbService,<empty>,3,SonarReliabilityDbService,,,0,,ANY
94489284101,LOCAL,,getSonarProjectKey,0,,<empty>,4,getSonarProjectKey,,,0,,(projectId: __ecma.Number) => Promise<string | __ecma.Null>
94489284102,LOCAL,,_tmp_0,22,services/sonarReliability/sonarReliabilityApiService.ts::program:SonarReliabilityApiService;SonarReliabilityApiService,<empty>,12,_tmp_0,,,0,,ANY
94489284103,LOCAL,,_tmp_1,30,services/sonarReliability/sonarReliabilityCalculationService.ts::program:SonarReliabilityCalculationService;SonarReliabilityCalculationService,<empty>,13,_tmp_1,,,0,,ANY
94489284104,LOCAL,,_tmp_2,21,services/sonarReliability/sonarReliabilityDbService.ts::program:SonarReliabilityDbService;SonarReliabilityDbService,<empty>,14,_tmp_2,,,0,,ANY
94489284105,LOCAL,,sonarProjectKey,12,,<empty>,25,sonarProjectKey,,,0,string | __ecma.Null,string | __ecma.Null
94489284106,LOCAL,,_tmp_3,14,,<empty>,27,_tmp_3,,,0,,__ecma.Error
94489284107,LOCAL,,sonarData,12,,<empty>,33,sonarData,,,0,{ measures: { key: __ecma.String; name: __ecma.String; qualifier: __ecma.String; measures: __ecma.Array; }; criticalCount: __ecma.Number; blockerCount: __ecma.Number; },{ measures: { key: __ecma.String; name: __ecma.String; qualifier: __ecma.String; measures: __ecma.Array; }; criticalCount: __ecma.Number; blockerCount: __ecma.Number; }
94489284108,LOCAL,,metrics,12,types/sonarQubeMetrics.types.ts::program:SonarQubeReliabilityCalculationResult;SonarQubeReliabilityCalculationResult;{ bugs_total: __ecma.Number; bugs_critical: __ecma.Number; bugs_blocker: __ecma.Number; bugs_new: __ecma.Number; reliability_rating: __ecma.String; reliability_remediation_effort: __ecma.Number; },<empty>,36,metrics,,,0,SonarQubeReliabilityCalculationResult,ANY
94489284109,LOCAL,,measuresResponse,10,types/sonarQubeMetrics.types.ts::program:SonarQubeComponentMeasures;SonarQubeComponentMeasures,<empty>,60,measuresResponse,,,0,SonarQubeComponentMeasures,ANY
94489284110,LOCAL,,criticalCount,10,,<empty>,63,criticalCount,,,0,__ecma.Number,__ecma.Number
94489284111,LOCAL,,blockerCount,10,,<empty>,64,blockerCount,,,0,__ecma.Number,__ecma.Number
94489284112,LOCAL,,_tmp_10,11,,<empty>,66,_tmp_10,,,0,,ANY
94489284113,LOCAL,,SonarReliabilitySyncService,7,,<empty>,6,SonarReliabilitySyncService,,,0,,services/sonarReliability/sonarReliabilitySyncService.ts::program:SonarReliabilitySyncService
94489284114,LOCAL,,_tmp_9,31,services/sonarReliability/sonarReliabilityApiService.ts::program:SonarReliabilityApiService;SonarReliabilityApiService,<empty>,64,_tmp_9,,,0,,ANY
94489284115,LOCAL,,_tmp_8,32,services/sonarReliability/sonarReliabilityApiService.ts::program:SonarReliabilityApiService;SonarReliabilityApiService,<empty>,63,_tmp_8,,,0,,ANY
94489284116,LOCAL,,_tmp_7,35,services/sonarReliability/sonarReliabilityApiService.ts::program:SonarReliabilityApiService;SonarReliabilityApiService,<empty>,60,_tmp_7,,,0,,ANY
94489284117,LOCAL,,error,13,,<empty>,49,error,,,0,,ANY
94489284118,LOCAL,,console,4,,<empty>,21,console,,,0,,__whatwg.console
94489284119,LOCAL,,_tmp_6,12,services/sonarReliability/sonarReliabilityDbService.ts::program:SonarReliabilityDbService;SonarReliabilityDbService,<empty>,46,_tmp_6,,,0,,ANY
94489284120,LOCAL,,_tmp_5,12,services/sonarReliability/sonarReliabilityDbService.ts::program:SonarReliabilityDbService;SonarReliabilityDbService,<empty>,43,_tmp_5,,,0,,ANY
94489284121,LOCAL,,_tmp_4,22,services/sonarReliability/sonarReliabilityCalculationService.ts::program:SonarReliabilityCalculationService;SonarReliabilityCalculationService,<empty>,36,_tmp_4,,,0,,ANY
94489284122,LOCAL,,Error,18,,<empty>,27,Error,,,0,,ErrorConstructor
94489284123,LOCAL,,_tmp_3,14,,<empty>,27,_tmp_3,,,0,,__ecma.Error
94489284124,LOCAL,services/sonarReliability/sonarReliabilitySyncService.ts::program:SonarReliabilitySyncService:syncReliabilityMetrics:getSonarProjectKey,getSonarProjectKey,36,,<empty>,25,getSonarProjectKey,,,0,,(projectId: __ecma.Number) => Promise<string | __ecma.Null>
94489284125,LOCAL,services/sonarReliability/sonarReliabilitySyncService.ts::program:SonarReliabilitySyncService:<init>:SonarReliabilityDbService,SonarReliabilityDbService,25,services/sonarReliability/sonarReliabilityDbService.ts::program:SonarReliabilityDbService;SonarReliabilityDbService,<empty>,14,SonarReliabilityDbService,,,0,,ANY
94489284126,LOCAL,,_tmp_2,21,services/sonarReliability/sonarReliabilityDbService.ts::program:SonarReliabilityDbService;SonarReliabilityDbService,<empty>,14,_tmp_2,,,0,,ANY
94489284127,LOCAL,services/sonarReliability/sonarReliabilitySyncService.ts::program:SonarReliabilitySyncService:<init>:SonarReliabilityCalculationService,SonarReliabilityCalculationService,34,services/sonarReliability/sonarReliabilityCalculationService.ts::program:SonarReliabilityCalculationService;SonarReliabilityCalculationService,<empty>,13,SonarReliabilityCalculationService,,,0,,ANY
94489284128,LOCAL,,_tmp_1,30,services/sonarReliability/sonarReliabilityCalculationService.ts::program:SonarReliabilityCalculationService;SonarReliabilityCalculationService,<empty>,13,_tmp_1,,,0,,ANY
94489284129,LOCAL,services/sonarReliability/sonarReliabilitySyncService.ts::program:SonarReliabilitySyncService:<init>:SonarReliabilityApiService,SonarReliabilityApiService,26,services/sonarReliability/sonarReliabilityApiService.ts::program:SonarReliabilityApiService;SonarReliabilityApiService,<empty>,12,SonarReliabilityApiService,,,0,,ANY
94489284130,LOCAL,,_tmp_0,22,services/sonarReliability/sonarReliabilityApiService.ts::program:SonarReliabilityApiService;SonarReliabilityApiService,<empty>,12,_tmp_0,,,0,,ANY
94489284131,LOCAL,,axios,0,,<empty>,1,axios,,,0,,AxiosStatic
94489284132,LOCAL,,SonarQubeComponentMeasures,0,,<empty>,2,SonarQubeComponentMeasures,,,0,,ANY
94489284133,LOCAL,,_tmp_4,12,,<empty>,18,_tmp_4,,,0,,__ecma.Error
94489284134,LOCAL,,_tmp_5,12,,<empty>,21,_tmp_5,,,0,,__ecma.Error
94489284135,LOCAL,,_tmp_6,11,,<empty>,29,_tmp_6,,,0,,ANY
94489284136,LOCAL,,metricKeys,10,__ecma.String;__ecma.Array:join:<returnValue>,<empty>,40,metricKeys,,,0,__ecma.String,__ecma.String
94489284137,LOCAL,,_tmp_9,23,,<empty>,40,_tmp_9,,,0,,__ecma.Array
94489284138,LOCAL,,url,10,,<empty>,50,url,,,0,__ecma.String,__ecma.String
94489284139,LOCAL,,response,12,,<empty>,54,response,,,0,"AxiosResponse<any, ANY, __ecma.Object>","AxiosResponse<any, ANY, __ecma.Object>"
94489284140,LOCAL,,_tmp_10,44,,<empty>,54,_tmp_10,,,0,,ANY
94489284141,LOCAL,,SonarSecurityApiService,7,,<empty>,4,SonarSecurityApiService,,,0,,services/sonarSecurity/sonarSecurityApiService.ts::program:SonarSecurityApiService
94489284142,LOCAL,,err,13,,<empty>,57,err,,,0,,ANY
94489284143,LOCAL,,console,6,,<empty>,53,console,,,0,,__whatwg.console
94489284144,LOCAL,services/sonarSecurity/sonarSecurityApiService.ts::program:SonarSecurityApiService:getSecurityMetrics:axios,axios,29,,<empty>,54,axios,,,0,,AxiosStatic
94489284145,LOCAL,,_tmp_8,23,,<empty>,40,_tmp_8,,,0,,__ecma.Array
94489284146,LOCAL,,_tmp_9,23,,<empty>,40,_tmp_9,,,0,,__ecma.Array
94489284147,LOCAL,,_tmp_7,32,,<empty>,30,_tmp_7,,,0,,Buffer.from:<returnValue>
94489284148,LOCAL,,console,4,,<empty>,25,console,,,0,,__whatwg.console
94489284149,LOCAL,,Error,16,,<empty>,18,Error,,,0,,ErrorConstructor
94489284150,LOCAL,,_tmp_5,12,,<empty>,21,_tmp_5,,,0,,__ecma.Error
94489284151,LOCAL,,_tmp_4,12,,<empty>,18,_tmp_4,,,0,,__ecma.Error
94489284152,LOCAL,,_tmp_3,26,,<empty>,17,_tmp_3,,,0,,__ecma.String
94489284153,LOCAL,,initialized,10,,<empty>,7,initialized,,,0,,__ecma.Boolean
94489284154,LOCAL,,_tmp_2,18,,<empty>,11,_tmp_2,,,0,,ANY
94489284155,LOCAL,,process,31,,<empty>,10,process,,,0,,Process
94489284156,LOCAL,,_tmp_0,19,,<empty>,10,_tmp_0,,,0,,ANY
94489284157,LOCAL,,_tmp_1,20,,<empty>,10,_tmp_1,,,0,,ANY
94489284158,LOCAL,,SonarQubeSecurityCalculationResult,0,,<empty>,1,SonarQubeSecurityCalculationResult,,,0,,ANY
94489284159,LOCAL,,measures,10,,<empty>,11,measures,,,0,__ecma.Array,__ecma.Array
94489284160,LOCAL,,findMetric,10,,<empty>,14,findMetric,,,0,(key: __ecma.String) => __ecma.Number,(key: __ecma.String) => __ecma.Number
94489284161,LOCAL,,measure,12,,<empty>,15,measure,,,0,ANY,__ecma.Array:find:<returnValue>
94489284162,LOCAL,,securityRatingValue,10,__ecma.Number;parseFloat:<operator>.logicalOr:<returnValue>,<empty>,32,securityRatingValue,,,0,__ecma.Number,__ecma.Number
94489284163,LOCAL,,security_rating,10,,<empty>,33,security_rating,,,0,__ecma.String,__ecma.String
94489284164,LOCAL,,securityReviewRatingValue,10,__ecma.Number;parseFloat:<operator>.logicalOr:<returnValue>,<empty>,36,securityReviewRatingValue,,,0,__ecma.Number,__ecma.Number
94489284165,LOCAL,,security_review_rating,10,,<empty>,37,security_review_rating,,,0,__ecma.String,__ecma.String
94489284166,LOCAL,,result,10,,<empty>,39,result,,,0,{ vulnerabilities_total: __ecma.Number; vulnerabilities_new: __ecma.Number; security_rating: __ecma.String; security_hotspots_total: __ecma.Number; security_hotspots_reviewed: __ecma.Number; security_review_rating: __ecma.String; security_remediation_effort: __ecma.Number; },{ vulnerabilities_total: __ecma.Number; vulnerabilities_new: __ecma.Number; security_rating: __ecma.String; security_hotspots_total: __ecma.Number; security_hotspots_reviewed: __ecma.Number; security_review_rating: __ecma.String; security_remediation_effort: __ecma.Number; }
94489284167,LOCAL,,_tmp_0,19,,<empty>,39,_tmp_0,,,0,,ANY
94489284168,LOCAL,,SonarSecurityCalculationService,7,,<empty>,3,SonarSecurityCalculationService,,,0,,services/sonarSecurity/sonarSecurityCalculationService.ts::program:SonarSecurityCalculationService
94489284169,LOCAL,,console,4,,<empty>,49,console,,,0,,__whatwg.console
94489284170,LOCAL,,undefined,28,,<empty>,19,undefined,,,0,,undefined
94489284171,LOCAL,services/sonarSecurity/sonarSecurityCalculationService.ts::program:SonarSecurityCalculationService:calculateMetrics:<lambda>0:<lambda>1:key,key,54,,<empty>,15,key,,,0,,__ecma.String
94489284172,LOCAL,services/sonarSecurity/sonarSecurityCalculationService.ts::program:SonarSecurityCalculationService:calculateMetrics:<lambda>0:measures,measures,22,,<empty>,15,measures,,,0,,__ecma.Array
94489284173,LOCAL,,getPool,0,,<empty>,1,getPool,,,0,,() => Pool
94489284174,LOCAL,,SonarQubeSecurityMetrics,0,,<empty>,2,SonarQubeSecurityMetrics,,,0,,ANY
94489284175,LOCAL,,SonarQubeSecurityHistory,0,,<empty>,2,SonarQubeSecurityHistory,,,0,,ANY
94489284176,LOCAL,,SonarQubeSecurityCalculationResult,0,,<empty>,2,SonarQubeSecurityCalculationResult,,,0,,ANY
94489284177,LOCAL,,calculateSecurityHealthScore,0,,<empty>,7,calculateSecurityHealthScore,,,0,,(metrics: { security_rating: __ecma.String; vulnerabilities_total: __ecma.Number; security_hotspots_total: __ecma.Number; }) => __ecma.Number
94489284178,LOCAL,,pool,10,Pool;pg:Pool;Pool | __ecma.Null;__ecma.Null,<empty>,18,pool,,,0,Pool,Pool
94489284179,LOCAL,,securityRatingValue,10,,<empty>,21,securityRatingValue,,,0,__ecma.Number,__ecma.Number
94489284180,LOCAL,,securityReviewRatingValue,10,,<empty>,22,securityReviewRatingValue,,,0,__ecma.Number,__ecma.Number
94489284181,LOCAL,,query,10,,<empty>,24,query,,,0,"""\\n      INSERT INTO sonarqube_security_metrics (\\n        project_id,\\n        vulnerabilities_total,\\n        vulnerabilities_new,\\n        security_rating,\\n        security_rating_value,\\n        security_hotspots_total,\\n        security_hotspots_reviewed,\\n        security_review_rating,\\n        security_revi...",__ecma.String
94489284182,LOCAL,,values,10,,<empty>,40,values,,,0,__ecma.Array,__ecma.Array
94489284183,LOCAL,,_tmp_0,19,,<empty>,40,_tmp_0,,,0,,__ecma.Array
94489284184,LOCAL,,pool,10,Pool;pg:Pool;Pool | __ecma.Null;__ecma.Null,<empty>,69,pool,,,0,Pool,Pool
94489284185,LOCAL,,healthScore,10,,<empty>,72,healthScore,,,0,__ecma.Number,__ecma.Number
94489284186,LOCAL,,_tmp_1,53,,<empty>,72,_tmp_1,,,0,,ANY
94489284187,LOCAL,,query,10,,<empty>,78,query,,,0,__ecma.String,__ecma.String
94489284188,LOCAL,,values,10,,<empty>,90,values,,,0,__ecma.Array,__ecma.Array
94489284189,LOCAL,,_tmp_2,19,,<empty>,90,_tmp_2,,,0,,__ecma.Array
94489284190,LOCAL,,pool,10,Pool;pg:Pool;Pool | __ecma.Null;__ecma.Null,<empty>,111,pool,,,0,Pool,Pool
94489284191,LOCAL,,query,10,,<empty>,113,query,,,0,__ecma.String,__ecma.String
94489284192,LOCAL,,result,12,,<empty>,121,result,,,0,QueryResult<any>,QueryResult<any>
94489284193,LOCAL,,_tmp_3,45,,<empty>,121,_tmp_3,,,0,,__ecma.Array
94489284194,LOCAL,,pool,10,Pool;pg:Pool;Pool | __ecma.Null;__ecma.Null,<empty>,133,pool,,,0,Pool,Pool
94489284195,LOCAL,,query,10,,<empty>,135,query,,,0,__ecma.String,__ecma.String
94489284196,LOCAL,,result,12,,<empty>,143,result,,,0,QueryResult<any>,QueryResult<any>
94489284197,LOCAL,,_tmp_4,45,,<empty>,143,_tmp_4,,,0,,__ecma.Array
94489284198,LOCAL,,pool,10,Pool;pg:Pool;Pool | __ecma.Null;__ecma.Null,<empty>,155,pool,,,0,Pool,Pool
94489284199,LOCAL,,_tmp_5,87,,<empty>,158,_tmp_5,,,0,,__ecma.Array
94489284200,LOCAL,,_tmp_6,87,,<empty>,159,_tmp_6,,,0,,__ecma.Array
94489284201,LOCAL,,SonarSecurityDbService,7,,<empty>,9,SonarSecurityDbService,,,0,,services/sonarSecurity/sonarSecurityDbService.ts::program:SonarSecurityDbService
94489284202,LOCAL,,error,13,,<empty>,161,error,,,0,,ANY
94489284203,LOCAL,,console,6,,<empty>,160,console,,,0,,__whatwg.console
94489284204,LOCAL,,_tmp_6,87,,<empty>,159,_tmp_6,,,0,,__ecma.Array
94489284205,LOCAL,,_tmp_5,87,,<empty>,158,_tmp_5,,,0,,__ecma.Array
94489284206,LOCAL,services/sonarSecurity/sonarSecurityDbService.ts::program:SonarSecurityDbService:deleteMetrics:getPool,getPool,17,,<empty>,155,getPool,,,0,,() => Pool
94489284207,LOCAL,,error,13,,<empty>,145,error,,,0,,ANY
94489284208,LOCAL,,console,6,,<empty>,146,console,,,0,,__whatwg.console
94489284209,LOCAL,,_tmp_4,45,,<empty>,143,_tmp_4,,,0,,__ecma.Array
94489284210,LOCAL,,days,45,,<empty>,132,days,,,0,,__ecma.Number
94489284211,LOCAL,services/sonarSecurity/sonarSecurityDbService.ts::program:SonarSecurityDbService:getMetricsHistory:getPool,getPool,17,,<empty>,133,getPool,,,0,,() => Pool
94489284212,LOCAL,,error,13,,<empty>,123,error,,,0,,ANY
94489284213,LOCAL,,console,6,,<empty>,124,console,,,0,,__whatwg.console
94489284214,LOCAL,,_tmp_3,45,,<empty>,121,_tmp_3,,,0,,__ecma.Array
94489284215,LOCAL,services/sonarSecurity/sonarSecurityDbService.ts::program:SonarSecurityDbService:getMetrics:getPool,getPool,17,,<empty>,111,getPool,,,0,,() => Pool
94489284216,LOCAL,,error,13,,<empty>,101,error,,,0,,ANY
94489284217,LOCAL,,console,6,,<empty>,100,console,,,0,,__whatwg.console
94489284218,LOCAL,,_tmp_2,19,,<empty>,90,_tmp_2,,,0,,__ecma.Array
94489284219,LOCAL,services/sonarSecurity/sonarSecurityDbService.ts::program:SonarSecurityDbService:saveHistoricalSnapshot:calculateSecurityHealthScore,calculateSecurityHealthScore,24,,<empty>,72,calculateSecurityHealthScore,,,0,,(metrics: { security_rating: __ecma.String; vulnerabilities_total: __ecma.Number; security_hotspots_total: __ecma.Number; }) => __ecma.Number
94489284220,LOCAL,services/sonarSecurity/sonarSecurityDbService.ts::program:SonarSecurityDbService:saveHistoricalSnapshot:getPool,getPool,17,,<empty>,69,getPool,,,0,,() => Pool
94489284221,LOCAL,,error,13,,<empty>,56,error,,,0,,ANY
94489284222,LOCAL,,console,6,,<empty>,55,console,,,0,,__whatwg.console
94489284223,LOCAL,,_tmp_0,19,,<empty>,40,_tmp_0,,,0,,__ecma.Array
94489284224,LOCAL,services/sonarSecurity/sonarSecurityDbService.ts::program:SonarSecurityDbService:saveMetrics:getPool,getPool,17,,<empty>,18,getPool,,,0,,() => Pool
94489284225,LOCAL,,SonarSecurityApiService,0,services/sonarSecurity/sonarSecurityApiService.ts::program:SonarSecurityApiService;SonarSecurityApiService,<empty>,1,SonarSecurityApiService,,,0,,ANY
94489284226,LOCAL,,SonarSecurityCalculationService,0,services/sonarSecurity/sonarSecurityCalculationService.ts::program:SonarSecurityCalculationService;SonarSecurityCalculationService,<empty>,2,SonarSecurityCalculationService,,,0,,ANY
94489284227,LOCAL,,SonarSecurityDbService,0,services/sonarSecurity/sonarSecurityDbService.ts::program:SonarSecurityDbService;SonarSecurityDbService,<empty>,3,SonarSecurityDbService,,,0,,ANY
94489284228,LOCAL,,getSonarProjectKey,0,,<empty>,4,getSonarProjectKey,,,0,,(projectId: __ecma.Number) => Promise<string | __ecma.Null>
94489284229,LOCAL,,_tmp_0,22,services/sonarSecurity/sonarSecurityApiService.ts::program:SonarSecurityApiService;SonarSecurityApiService,<empty>,12,_tmp_0,,,0,,ANY
94489284230,LOCAL,,_tmp_1,30,services/sonarSecurity/sonarSecurityCalculationService.ts::program:SonarSecurityCalculationService;SonarSecurityCalculationService,<empty>,13,_tmp_1,,,0,,ANY
94489284231,LOCAL,,_tmp_2,21,services/sonarSecurity/sonarSecurityDbService.ts::program:SonarSecurityDbService;SonarSecurityDbService,<empty>,14,_tmp_2,,,0,,ANY
94489284232,LOCAL,,sonarProjectKey,12,,<empty>,25,sonarProjectKey,,,0,string | __ecma.Null,string | __ecma.Null
94489284233,LOCAL,,_tmp_3,14,,<empty>,27,_tmp_3,,,0,,__ecma.Error
94489284234,LOCAL,,sonarData,12,,<empty>,33,sonarData,,,0,{ measures: { key: __ecma.String; name: __ecma.String; qualifier: __ecma.String; measures: __ecma.Array; }; },{ measures: { key: __ecma.String; name: __ecma.String; qualifier: __ecma.String; measures: __ecma.Array; }; }
94489284235,LOCAL,,metrics,12,types/sonarQubeMetrics.types.ts::program:SonarQubeSecurityCalculationResult;SonarQubeSecurityCalculationResult;{ vulnerabilities_total: __ecma.Number; vulnerabilities_new: __ecma.Number; security_rating: __ecma.String; security_hotspots_total: __ecma.Number; security_hotspots_reviewed: __ecma.Number; security_review_rating: __ecma.String; security_remediation_effort: __ecma.Number; },<empty>,36,metrics,,,0,SonarQubeSecurityCalculationResult,ANY
94489284236,LOCAL,,measuresResponse,10,types/sonarQubeMetrics.types.ts::program:SonarQubeComponentMeasures;SonarQubeComponentMeasures,<empty>,56,measuresResponse,,,0,SonarQubeComponentMeasures,ANY
94489284237,LOCAL,,_tmp_8,11,,<empty>,58,_tmp_8,,,0,,ANY
94489284238,LOCAL,,SonarSecuritySyncService,7,,<empty>,6,SonarSecuritySyncService,,,0,,services/sonarSecurity/sonarSecuritySyncService.ts::program:SonarSecuritySyncService
94489284239,LOCAL,,_tmp_7,35,services/sonarSecurity/sonarSecurityApiService.ts::program:SonarSecurityApiService;SonarSecurityApiService,<empty>,56,_tmp_7,,,0,,ANY
94489284240,LOCAL,,error,13,,<empty>,45,error,,,0,,ANY
94489284241,LOCAL,,console,4,,<empty>,21,console,,,0,,__whatwg.console
94489284242,LOCAL,,_tmp_6,12,services/sonarSecurity/sonarSecurityDbService.ts::program:SonarSecurityDbService;SonarSecurityDbService,<empty>,42,_tmp_6,,,0,,ANY
94489284243,LOCAL,,_tmp_5,12,services/sonarSecurity/sonarSecurityDbService.ts::program:SonarSecurityDbService;SonarSecurityDbService,<empty>,39,_tmp_5,,,0,,ANY
94489284244,LOCAL,,_tmp_4,22,services/sonarSecurity/sonarSecurityCalculationService.ts::program:SonarSecurityCalculationService;SonarSecurityCalculationService,<empty>,36,_tmp_4,,,0,,ANY
94489284245,LOCAL,,Error,18,,<empty>,27,Error,,,0,,ErrorConstructor
94489284246,LOCAL,,_tmp_3,14,,<empty>,27,_tmp_3,,,0,,__ecma.Error
94489284247,LOCAL,services/sonarSecurity/sonarSecuritySyncService.ts::program:SonarSecuritySyncService:syncSecurityMetrics:getSonarProjectKey,getSonarProjectKey,36,,<empty>,25,getSonarProjectKey,,,0,,(projectId: __ecma.Number) => Promise<string | __ecma.Null>
94489284248,LOCAL,services/sonarSecurity/sonarSecuritySyncService.ts::program:SonarSecuritySyncService:<init>:SonarSecurityDbService,SonarSecurityDbService,25,services/sonarSecurity/sonarSecurityDbService.ts::program:SonarSecurityDbService;SonarSecurityDbService,<empty>,14,SonarSecurityDbService,,,0,,ANY
94489284249,LOCAL,,_tmp_2,21,services/sonarSecurity/sonarSecurityDbService.ts::program:SonarSecurityDbService;SonarSecurityDbService,<empty>,14,_tmp_2,,,0,,ANY
94489284250,LOCAL,services/sonarSecurity/sonarSecuritySyncService.ts::program:SonarSecuritySyncService:<init>:SonarSecurityCalculationService,SonarSecurityCalculationService,34,services/sonarSecurity/sonarSecurityCalculationService.ts::program:SonarSecurityCalculationService;SonarSecurityCalculationService,<empty>,13,SonarSecurityCalculationService,,,0,,ANY
94489284251,LOCAL,,_tmp_1,30,services/sonarSecurity/sonarSecurityCalculationService.ts::program:SonarSecurityCalculationService;SonarSecurityCalculationService,<empty>,13,_tmp_1,,,0,,ANY
94489284252,LOCAL,services/sonarSecurity/sonarSecuritySyncService.ts::program:SonarSecuritySyncService:<init>:SonarSecurityApiService,SonarSecurityApiService,26,services/sonarSecurity/sonarSecurityApiService.ts::program:SonarSecurityApiService;SonarSecurityApiService,<empty>,12,SonarSecurityApiService,,,0,,ANY
94489284253,LOCAL,,_tmp_0,22,services/sonarSecurity/sonarSecurityApiService.ts::program:SonarSecurityApiService;SonarSecurityApiService,<empty>,12,_tmp_0,,,0,,ANY
94489284254,LOCAL,,getPool,0,,<empty>,1,getPool,,,0,,() => Pool
94489284255,LOCAL,,axios,0,,<empty>,2,axios,,,0,,AxiosStatic
94489284256,LOCAL,,autoMapSonarProjectKeys,7,,<empty>,4,autoMapSonarProjectKeys,,,0,,services/sonarqube/autoMapSonarProjectKeys.ts::program:autoMapSonarProjectKeys
94489284257,LOCAL,,normalize,2,,<empty>,83,normalize,,,0,,services/sonarqube/autoMapSonarProjectKeys.ts::program:autoMapSonarProjectKeys:normalize
94489284258,LOCAL,,pool,8,Pool;pg:Pool;Pool | __ecma.Null;__ecma.Null,<empty>,5,pool,,,0,Pool,Pool
94489284259,LOCAL,,sonarUrl,8,,<empty>,8,sonarUrl,,,0,__ecma.String,__ecma.String
94489284260,LOCAL,,sonarToken,8,,<empty>,9,sonarToken,,,0,__ecma.String,__ecma.String
94489284261,LOCAL,,sonarOrg,8,,<empty>,10,sonarOrg,,,0,__ecma.String,__ecma.String
94489284262,LOCAL,,isSonarCloud,8,__ecma.Boolean;__ecma.String:includes:<returnValue>,<empty>,24,isSonarCloud,,,0,__ecma.Boolean,__ecma.Boolean
94489284263,LOCAL,,projects,8,,<empty>,31,projects,,,0,__ecma.Array,__ecma.Array
94489284264,LOCAL,,page,6,,<empty>,32,page,,,0,__ecma.Number,__ecma.Number
94489284265,LOCAL,,pageSize,8,,<empty>,33,pageSize,,,0,__ecma.Number,__ecma.Number
94489284266,LOCAL,,total,6,,<empty>,34,total,,,0,__ecma.Number,__ecma.Number
94489284267,LOCAL,,url,10,,<empty>,39,url,,,0,__ecma.String,__ecma.String
94489284268,LOCAL,,authHeader,12,,<empty>,45,authHeader,,,0,{ Authorization: __ecma.String; },{ Authorization: __ecma.String; }
94489284269,LOCAL,,_tmp_6,10,,<empty>,46,_tmp_6,,,0,,ANY
94489284270,LOCAL,,_tmp_7,10,,<empty>,47,_tmp_7,,,0,,ANY
94489284271,LOCAL,,resp,12,,<empty>,49,resp,,,0,"AxiosResponse<any, ANY, __ecma.Object>","AxiosResponse<any, ANY, __ecma.Object>"
94489284272,LOCAL,,_tmp_9,40,,<empty>,49,_tmp_9,,,0,,ANY
94489284273,LOCAL,,data,12,,<empty>,52,data,,,0,ANY,__ecma.String
94489284274,LOCAL,,_tmp_10,14,,<empty>,56,_tmp_10,,,0,,__ecma.Error
94489284275,LOCAL,,_iterator_0,8,,<empty>,62,_iterator_0,,,0,,ANY
94489284276,LOCAL,,_result_0,8,,<empty>,62,_result_0,,,0,,next:<returnValue>
94489284277,LOCAL,,c,8,,<empty>,62,c,,,0,,_result_0:value:<returnValue>:<member>(value)
94489284278,LOCAL,,_tmp_11,24,,<empty>,63,_tmp_11,,,0,,ANY
94489284279,LOCAL,,dbProjects,8,,<empty>,79,dbProjects,,,0,QueryResult<any>,QueryResult<any>
94489284280,LOCAL,,_iterator_1,2,,<empty>,89,_iterator_1,,,0,,ANY
94489284281,LOCAL,,_result_1,2,,<empty>,89,_result_1,,,0,,next:<returnValue>
94489284282,LOCAL,,dbProject,2,,<empty>,89,dbProject,,,0,,_result_1:value:<returnValue>:<member>(value)
94489284283,LOCAL,,dbNorm,10,,<empty>,90,dbNorm,,,0,__ecma.String,__ecma.String
94489284284,LOCAL,,match,8,{ key: __ecma.String; name: __ecma.String; } | ANY;__ecma.Array:find:<returnValue>,<empty>,93,match,,,0,{ key: __ecma.String; name: __ecma.String; } | ANY,{ key: __ecma.String; name: __ecma.String; } | ANY
94489284285,LOCAL,,keyNorm,14,,<empty>,100,keyNorm,,,0,__ecma.String,__ecma.String
94489284286,LOCAL,,_tmp_12,8,,<empty>,108,_tmp_12,,,0,,__ecma.Array
94489284287,LOCAL,,getSonarProjectKey,7,,<empty>,118,getSonarProjectKey,,,0,,services/sonarqube/autoMapSonarProjectKeys.ts::program:getSonarProjectKey
94489284288,LOCAL,,pool,8,Pool;pg:Pool;Pool | __ecma.Null;__ecma.Null,<empty>,119,pool,,,0,Pool,Pool
94489284289,LOCAL,,result,8,,<empty>,120,result,,,0,QueryResult<any>,QueryResult<any>
94489284290,LOCAL,,_tmp_13,4,,<empty>,122,_tmp_13,,,0,,__ecma.Array
94489284291,LOCAL,,_tmp_13,4,,<empty>,122,_tmp_13,,,0,,__ecma.Array
94489284292,LOCAL,services/sonarqube/autoMapSonarProjectKeys.ts::program:getSonarProjectKey:getPool,getPool,15,,<empty>,119,getPool,,,0,,() => Pool
94489284293,LOCAL,,dbProject,2,,<empty>,89,dbProject,,,0,,_result_1:value:<returnValue>:<member>(value)
94489284294,LOCAL,,console,2,,<empty>,12,console,,,0,,__whatwg.console
94489284295,LOCAL,,_tmp_12,8,,<empty>,108,_tmp_12,,,0,,__ecma.Array
94489284296,LOCAL,services/sonarqube/autoMapSonarProjectKeys.ts::program:autoMapSonarProjectKeys:<lambda>1:dbNorm,dbNorm,32,,<empty>,101,dbNorm,,,0,,__ecma.String
94489284297,LOCAL,services/sonarqube/autoMapSonarProjectKeys.ts::program:autoMapSonarProjectKeys:<lambda>1:normalize,normalize,24,,<empty>,100,normalize,,,0,,services/sonarqube/autoMapSonarProjectKeys.ts::program:autoMapSonarProjectKeys:normalize
94489284298,LOCAL,services/sonarqube/autoMapSonarProjectKeys.ts::program:autoMapSonarProjectKeys:<lambda>0:dbNorm,dbNorm,33,,<empty>,94,dbNorm,,,0,,__ecma.String
94489284299,LOCAL,services/sonarqube/autoMapSonarProjectKeys.ts::program:autoMapSonarProjectKeys:<lambda>0:normalize,normalize,11,,<empty>,94,normalize,,,0,,services/sonarqube/autoMapSonarProjectKeys.ts::program:autoMapSonarProjectKeys:normalize
94489284300,LOCAL,,_result_1,2,,<empty>,89,_result_1,,,0,,next:<returnValue>
94489284301,LOCAL,,_iterator_1,2,,<empty>,89,_iterator_1,,,0,,ANY
94489284302,LOCAL,,error,11,,<empty>,69,error,,,0,,ANY
94489284303,LOCAL,,c,8,,<empty>,62,c,,,0,,_result_0:value:<returnValue>:<member>(value)
94489284304,LOCAL,,_result_0,8,,<empty>,62,_result_0,,,0,,next:<returnValue>
94489284305,LOCAL,,_iterator_0,8,,<empty>,62,_iterator_0,,,0,,ANY
94489284306,LOCAL,,Array,29,,<empty>,61,Array,,,0,,ArrayConstructor
94489284307,LOCAL,,Error,18,,<empty>,56,Error,,,0,,ErrorConstructor
94489284308,LOCAL,,_tmp_10,14,,<empty>,56,_tmp_10,,,0,,__ecma.Error
94489284309,LOCAL,services/sonarqube/autoMapSonarProjectKeys.ts::program:autoMapSonarProjectKeys:axios,axios,25,,<empty>,49,axios,,,0,,AxiosStatic
94489284310,LOCAL,,_tmp_8,38,,<empty>,47,_tmp_8,,,0,,Buffer.from:<returnValue>
94489284311,LOCAL,,_tmp_5,20,,<empty>,10,_tmp_5,,,0,,ANY
94489284312,LOCAL,,process,20,,<empty>,8,process,,,0,,Process
94489284313,LOCAL,,_tmp_4,22,,<empty>,9,_tmp_4,,,0,,ANY
94489284314,LOCAL,,_tmp_2,19,,<empty>,8,_tmp_2,,,0,,ANY
94489284315,LOCAL,,_tmp_3,20,,<empty>,8,_tmp_3,,,0,,ANY
94489284316,LOCAL,services/sonarqube/autoMapSonarProjectKeys.ts::program:autoMapSonarProjectKeys:getPool,getPool,15,,<empty>,5,getPool,,,0,,() => Pool
94489284317,LOCAL,,_tmp_0,11,,<empty>,84,_tmp_0,,,0,,ANY
94489284318,LOCAL,,_tmp_1,11,,<empty>,84,_tmp_1,,,0,,__ecma.String:replace:<returnValue>
94489284319,LOCAL,,axios,0,,<empty>,1,axios,,,0,,AxiosStatic
94489284320,LOCAL,,_tmp_5,12,,<empty>,24,_tmp_5,,,0,,__ecma.Error
94489284321,LOCAL,,_tmp_6,12,,<empty>,27,_tmp_6,,,0,,__ecma.Error
94489284322,LOCAL,,_tmp_7,13,,<empty>,35,_tmp_7,,,0,,ANY
94489284323,LOCAL,,_tmp_8,11,,<empty>,39,_tmp_8,,,0,,ANY
94489284324,LOCAL,,fetchCount,10,,<empty>,48,fetchCount,,,0,"(type: __ecma.String, severity: __ecma.String) => Promise<any>","(type: __ecma.String, severity: __ecma.String) => Promise<any>"
94489284325,LOCAL,,url,12,,<empty>,49,url,,,0,__ecma.String,__ecma.String
94489284326,LOCAL,,resp,14,,<empty>,51,resp,,,0,"AxiosResponse<any, ANY, __ecma.Object>","AxiosResponse<any, ANY, __ecma.Object>"
94489284327,LOCAL,,_tmp_10,42,,<empty>,51,_tmp_10,,,0,,ANY
94489284328,LOCAL,,count,14,,<empty>,52,count,,,0,ANY,ANY
94489284329,LOCAL,,results,10,,<empty>,68,results,,,0,{ security_high: ANY; security_blocker: ANY; reliability_high: ANY; reliability_blocker: ANY; maintainability_high: ANY; maintainability_blocker: ANY; },{ security_high: ANY; security_blocker: ANY; reliability_high: ANY; reliability_blocker: ANY; maintainability_high: ANY; maintainability_blocker: ANY; }
94489284330,LOCAL,,_tmp_12,20,,<empty>,68,_tmp_12,,,0,,ANY
94489284331,LOCAL,,SonarQubeService,7,,<empty>,12,SonarQubeService,,,0,,services/sonarqube/sonarQubeService.ts::program:SonarQubeService
94489284332,LOCAL,,console,4,,<empty>,45,console,,,0,,__whatwg.console
94489284333,LOCAL,,err,15,,<empty>,55,err,,,0,,ANY
94489284334,LOCAL,services/sonarqube/sonarQubeService.ts::program:SonarQubeService:fetchIssueCounts:<lambda>0:console,console,8,,<empty>,53,console,,,0,,__whatwg.console
94489284335,LOCAL,,_tmp_11,82,,<empty>,60,_tmp_11,,,0,,ANY
94489284336,LOCAL,services/sonarqube/sonarQubeService.ts::program:SonarQubeService:fetchIssueCounts:<lambda>0:projectKey,projectKey,88,,<empty>,49,projectKey,,,0,,__ecma.String
94489284337,LOCAL,services/sonarqube/sonarQubeService.ts::program:SonarQubeService:fetchIssueCounts:<lambda>0:axios,axios,27,,<empty>,51,axios,,,0,,AxiosStatic
94489284338,LOCAL,services/sonarqube/sonarQubeService.ts::program:SonarQubeService:fetchIssueCounts:axios,axios,,,<empty>,,axios,,,0,,AxiosStatic
94489284339,LOCAL,,_tmp_9,32,,<empty>,40,_tmp_9,,,0,,Buffer.from:<returnValue>
94489284340,LOCAL,,console,4,,<empty>,30,console,,,0,,__whatwg.console
94489284341,LOCAL,,Error,16,,<empty>,24,Error,,,0,,ErrorConstructor
94489284342,LOCAL,,_tmp_6,12,,<empty>,27,_tmp_6,,,0,,__ecma.Error
94489284343,LOCAL,,_tmp_5,12,,<empty>,24,_tmp_5,,,0,,__ecma.Error
94489284344,LOCAL,,_tmp_4,26,,<empty>,23,_tmp_4,,,0,,__ecma.String
94489284345,LOCAL,,_tmp_3,24,,<empty>,21,_tmp_3,,,0,,__ecma.String
94489284346,LOCAL,,_tmp_2,18,,<empty>,20,_tmp_2,,,0,,ANY
94489284347,LOCAL,,process,31,,<empty>,19,process,,,0,,Process
94489284348,LOCAL,,_tmp_0,19,,<empty>,19,_tmp_0,,,0,,ANY
94489284349,LOCAL,,_tmp_1,20,,<empty>,19,_tmp_1,,,0,,ANY
94489284350,LOCAL,,SonarIssueCounts,0,,<empty>,3,SonarIssueCounts,,,0,,ANY
94489284351,LOCAL,,GitLabCommit,0,,<empty>,4,GitLabCommit,,,0,,ANY
94489284352,LOCAL,,ContributorCommitData,0,,<empty>,94,ContributorCommitData,,,0,,ANY
94489284353,LOCAL,,GitLabCommitWithStats,0,,<empty>,83,GitLabCommitWithStats,,,0,,ANY
94489284354,LOCAL,,CommitMetricsCalculationResult,0,,<empty>,65,CommitMetricsCalculationResult,,,0,,ANY
94489284355,LOCAL,,CommitMetricsHistory,0,,<empty>,47,CommitMetricsHistory,,,0,,ANY
94489284356,LOCAL,,CommitHealthMetrics,0,,<empty>,10,CommitHealthMetrics,,,0,,ANY
94489284357,LOCAL,,DoraMetricsSummary,0,,<empty>,85,DoraMetricsSummary,,,0,,ANY
94489284358,LOCAL,,TimeToRestoreServiceInput,0,,<empty>,76,TimeToRestoreServiceInput,,,0,,ANY
94489284359,LOCAL,,TimeToRestoreService,0,,<empty>,63,TimeToRestoreService,,,0,,ANY
94489284360,LOCAL,,ChangeFailureRateInput,0,,<empty>,55,ChangeFailureRateInput,,,0,,ANY
94489284361,LOCAL,,ChangeFailureRate,0,,<empty>,42,ChangeFailureRate,,,0,,ANY
94489284362,LOCAL,,LeadTimeChangeInput,0,,<empty>,35,LeadTimeChangeInput,,,0,,ANY
94489284363,LOCAL,,LeadTimeChange,0,,<empty>,23,LeadTimeChange,,,0,,ANY
94489284364,LOCAL,,DeploymentFrequencyInput,0,,<empty>,15,DeploymentFrequencyInput,,,0,,ANY
94489284365,LOCAL,,DeploymentFrequency,0,,<empty>,3,DeploymentFrequency,,,0,,ANY
94489284366,LOCAL,,GitLabMilestone,0,,<empty>,115,GitLabMilestone,,,0,,ANY
94489284367,LOCAL,,GitLabMergeRequest,0,,<empty>,96,GitLabMergeRequest,,,0,,ANY
94489284368,LOCAL,,GitLabIssues,0,,<empty>,80,GitLabIssues,,,0,,ANY
94489284369,LOCAL,,GitLabGroup,0,,<empty>,67,GitLabGroup,,,0,,ANY
94489284370,LOCAL,,GitLabBranch,0,,<empty>,55,GitLabBranch,,,0,,ANY
94489284371,LOCAL,,GitLabCommit,0,,<empty>,41,GitLabCommit,,,0,,ANY
94489284372,LOCAL,,GitLabUser,0,,<empty>,32,GitLabUser,,,0,,ANY
94489284373,LOCAL,,GitLabNamespace,0,,<empty>,23,GitLabNamespace,,,0,,ANY
94489284374,LOCAL,,GitLabProject,0,,<empty>,2,GitLabProject,,,0,,ANY
94489284375,LOCAL,,_gitlab.types,0,,<empty>,2,_gitlab.types,,,0,,ANY
94489284376,LOCAL,,_project.types,0,,<empty>,3,_project.types,,,0,,ANY
94489284377,LOCAL,,_doraMetrics.types,0,,<empty>,4,_doraMetrics.types,,,0,,ANY
94489284378,LOCAL,,IssueMetricsTrends,0,,<empty>,173,IssueMetricsTrends,,,0,,ANY
94489284379,LOCAL,,WeekOverWeekComparison,0,,<empty>,163,WeekOverWeekComparison,,,0,,ANY
94489284380,LOCAL,,IssueMetricsCalculationResult,0,,<empty>,121,IssueMetricsCalculationResult,,,0,,ANY
94489284381,LOCAL,,IssueMetricsCalculationInput,0,,<empty>,108,IssueMetricsCalculationInput,,,0,,ANY
94489284382,LOCAL,,GitLabIssueMRReference,0,,<empty>,97,GitLabIssueMRReference,,,0,,ANY
94489284383,LOCAL,,GitLabIssueLink,0,,<empty>,85,GitLabIssueLink,,,0,,ANY
94489284384,LOCAL,,GitLabIssueStateEvent,0,,<empty>,72,GitLabIssueStateEvent,,,0,,ANY
94489284385,LOCAL,,IssueMetricsHistory,0,,<empty>,52,IssueMetricsHistory,,,0,,ANY
94489284386,LOCAL,,IssueHealthMetrics,0,,<empty>,3,IssueHealthMetrics,,,0,,ANY
94489284387,LOCAL,,MilestoneWithIssueCount,0,,<empty>,14,MilestoneWithIssueCount,,,0,,ANY
94489284388,LOCAL,,MilestoneMetrics,0,,<empty>,4,MilestoneMetrics,,,0,,ANY
94489284389,LOCAL,,GitLabMergeRequest,0,,<empty>,4,GitLabMergeRequest,,,0,,ANY
94489284390,LOCAL,,MRFetchData,0,,<empty>,138,MRFetchData,,,0,,ANY
94489284391,LOCAL,,GitLabMRReviewer,0,,<empty>,127,GitLabMRReviewer,,,0,,ANY
94489284392,LOCAL,,GitLabMRNote,0,,<empty>,108,GitLabMRNote,,,0,,ANY
94489284393,LOCAL,,MRWeekOverWeekComparison,0,,<empty>,97,MRWeekOverWeekComparison,,,0,,ANY
94489284394,LOCAL,,MRMetricsHistory,0,,<empty>,74,MRMetricsHistory,,,0,,ANY
94489284395,LOCAL,,MRHealthMetrics,0,,<empty>,10,MRHealthMetrics,,,0,,ANY
94489284396,LOCAL,,ProjectWithStats,0,,<empty>,38,ProjectWithStats,,,0,,ANY
94489284397,LOCAL,,ProjectStatistics,0,,<empty>,26,ProjectStatistics,,,0,,ANY
94489284398,LOCAL,,ProjectNamespace,0,,<empty>,18,ProjectNamespace,,,0,,ANY
94489284399,LOCAL,,Project,0,,<empty>,2,Project,,,0,,ANY
94489284400,LOCAL,,SonarQubeSecurityCalculationResult,0,,<empty>,110,SonarQubeSecurityCalculationResult,,,0,,ANY
94489284401,LOCAL,,SonarQubeSecurityHistory,0,,<empty>,102,SonarQubeSecurityHistory,,,0,,ANY
94489284402,LOCAL,,SonarQubeSecurityMetrics,0,,<empty>,90,SonarQubeSecurityMetrics,,,0,,ANY
94489284403,LOCAL,,SonarQubeReliabilityCalculationResult,0,,<empty>,80,SonarQubeReliabilityCalculationResult,,,0,,ANY
94489284404,LOCAL,,SonarQubeReliabilityHistory,0,,<empty>,73,SonarQubeReliabilityHistory,,,0,,ANY
94489284405,LOCAL,,SonarQubeReliabilityMetrics,0,,<empty>,62,SonarQubeReliabilityMetrics,,,0,,ANY
94489284406,LOCAL,,SonarQubeComponentMeasures,0,,<empty>,52,SonarQubeComponentMeasures,,,0,,ANY
94489284407,LOCAL,,SonarQubeMeasure,0,,<empty>,41,SonarQubeMeasure,,,0,,ANY
94489284408,LOCAL,,SonarQubeMaintainabilityCalculationResult,0,,<empty>,27,SonarQubeMaintainabilityCalculationResult,,,0,,ANY
94489284409,LOCAL,,SonarQubeMaintainabilityHistory,0,,<empty>,16,SonarQubeMaintainabilityHistory,,,0,,ANY
94489284410,LOCAL,,SonarQubeMaintainabilityMetrics,0,,<empty>,1,SonarQubeMaintainabilityMetrics,,,0,,ANY
94489284411,LOCAL,,calculateIssueHealthScore,7,,<empty>,7,calculateIssueHealthScore,,,0,,utils/healthScoreCalculator.ts::program:calculateIssueHealthScore
94489284412,LOCAL,,cycleTimeScore,6,,<empty>,14,cycleTimeScore,,,0,__ecma.Number,__ecma.Number
94489284413,LOCAL,,reopenRateScore,6,,<empty>,23,reopenRateScore,,,0,__ecma.Number,__ecma.Number
94489284414,LOCAL,,velocityScore,6,,<empty>,32,velocityScore,,,0,__ecma.Number,__ecma.Number
94489284415,LOCAL,,criticalScore,6,,<empty>,41,criticalScore,,,0,__ecma.Number,__ecma.Number
94489284416,LOCAL,,healthScore,8,,<empty>,49,healthScore,,,0,__ecma.Number,__ecma.Number
94489284417,LOCAL,,calculateMRHealthScore,7,,<empty>,61,calculateMRHealthScore,,,0,,utils/healthScoreCalculator.ts::program:calculateMRHealthScore
94489284418,LOCAL,,mergeTimeScore,6,,<empty>,68,mergeTimeScore,,,0,__ecma.Number,__ecma.Number
94489284419,LOCAL,,revertRateScore,6,,<empty>,77,revertRateScore,,,0,__ecma.Number,__ecma.Number
94489284420,LOCAL,,velocityScore,6,,<empty>,86,velocityScore,,,0,__ecma.Number,__ecma.Number
94489284421,LOCAL,,reviewScore,6,,<empty>,95,reviewScore,,,0,__ecma.Number,__ecma.Number
94489284422,LOCAL,,healthScore,8,,<empty>,103,healthScore,,,0,__ecma.Number,__ecma.Number
94489284423,LOCAL,,calculateCommitHealthScore,7,,<empty>,115,calculateCommitHealthScore,,,0,,utils/healthScoreCalculator.ts::program:calculateCommitHealthScore
94489284424,LOCAL,,commitFreqScore,6,,<empty>,121,commitFreqScore,,,0,__ecma.Number,__ecma.Number
94489284425,LOCAL,,commitSizeScore,6,,<empty>,131,commitSizeScore,,,0,__ecma.Number,__ecma.Number
94489284426,LOCAL,,busFactorScore,6,,<empty>,141,busFactorScore,,,0,__ecma.Number,__ecma.Number
94489284427,LOCAL,,healthScore,8,,<empty>,149,healthScore,,,0,__ecma.Number,__ecma.Number
94489284428,LOCAL,,calculateReliabilityHealthScore,7,,<empty>,160,calculateReliabilityHealthScore,,,0,,utils/healthScoreCalculator.ts::program:calculateReliabilityHealthScore
94489284429,LOCAL,,ratingScore,6,,<empty>,165,ratingScore,,,0,__ecma.Number,__ecma.Number
94489284430,LOCAL,,bugsScore,6,,<empty>,174,bugsScore,,,0,__ecma.Number,__ecma.Number
94489284431,LOCAL,,healthScore,8,,<empty>,182,healthScore,,,0,__ecma.Number,__ecma.Number
94489284432,LOCAL,,calculateMaintainabilityHealthScore,7,,<empty>,192,calculateMaintainabilityHealthScore,,,0,,utils/healthScoreCalculator.ts::program:calculateMaintainabilityHealthScore
94489284433,LOCAL,,ratingScore,6,,<empty>,199,ratingScore,,,0,__ecma.Number,__ecma.Number
94489284434,LOCAL,,debtScore,6,,<empty>,208,debtScore,,,0,__ecma.Number,__ecma.Number
94489284435,LOCAL,,smellsScore,6,,<empty>,217,smellsScore,,,0,__ecma.Number,__ecma.Number
94489284436,LOCAL,,duplicationScore,6,,<empty>,226,duplicationScore,,,0,__ecma.Number,__ecma.Number
94489284437,LOCAL,,healthScore,8,,<empty>,234,healthScore,,,0,__ecma.Number,__ecma.Number
94489284438,LOCAL,,calculateSecurityHealthScore,7,,<empty>,246,calculateSecurityHealthScore,,,0,,utils/healthScoreCalculator.ts::program:calculateSecurityHealthScore
94489284439,LOCAL,,ratingScore,6,,<empty>,252,ratingScore,,,0,__ecma.Number,__ecma.Number
94489284440,LOCAL,,vulnsScore,6,,<empty>,261,vulnsScore,,,0,__ecma.Number,__ecma.Number
94489284441,LOCAL,,hotspotsScore,6,,<empty>,270,hotspotsScore,,,0,__ecma.Number,__ecma.Number
94489284442,LOCAL,,healthScore,8,,<empty>,278,healthScore,,,0,__ecma.Number,__ecma.Number
94489284443,LOCAL,,Math,9,,<empty>,283,Math,,,0,,__ecma.Math
94489284444,LOCAL,,Math,9,,<empty>,240,Math,,,0,,__ecma.Math
94489284445,LOCAL,,Math,9,,<empty>,186,Math,,,0,,__ecma.Math
94489284446,LOCAL,,Math,9,,<empty>,154,Math,,,0,,__ecma.Math
94489284447,LOCAL,,Math,9,,<empty>,109,Math,,,0,,__ecma.Math
94489284448,LOCAL,,Math,9,,<empty>,55,Math,,,0,,__ecma.Math
