158913789952,TYPE,"""\\n    SELECT \\n      p.id as project_id,\\n      p.name as project_name,\\n      p.full_path,\\n      p.last_activity_at,\\n      s.open_issues,\\n      s.open_mrs,\\n      s.open_milestones_count,\\n      s.sonar_security_high,\\n      s.sonar_security_blocker,\\n      s.sonar_reliability_high,\\n      s.sonar_reliability_b...",sonar_reliability_b,"""\\n    SELECT \\n      p.id as project_id,\\n      p.name as project_name,\\n      p.full_path,\\n      p.last_activity_at,\\n      s.open_issues,\\n      s.open_mrs,\\n      s.open_milestones_count,\\n      s.sonar_security_high,\\n      s.sonar_security_blocker,\\n      s.sonar_reliability_high,\\n      s.sonar_reliability_b..."
158913789953,TYPE,"""\\n    SELECT \\n      s.uuid,\\n      s.row_id,\\n      s.description,\\n      s.web_url,\\n      s.open_issues,\\n      s.open_mrs,\\n      s.open_milestones_count,\\n      s.sonar_project_key,\\n      s.sonar_security_high,\\n      s.sonar_security_blocker,\\n      s.sonar_reliability_high,\\n      s.sonar_reliability_blocke...",sonar_reliability_blocke,"""\\n    SELECT \\n      s.uuid,\\n      s.row_id,\\n      s.description,\\n      s.web_url,\\n      s.open_issues,\\n      s.open_mrs,\\n      s.open_milestones_count,\\n      s.sonar_project_key,\\n      s.sonar_security_high,\\n      s.sonar_security_blocker,\\n      s.sonar_reliability_high,\\n      s.sonar_reliability_blocke..."
158913789954,TYPE,AIController,AIController,AIController
158913789955,TYPE,ANY,ANY,ANY
158913789956,TYPE,Application,Application,Application
158913789957,TYPE,ArrayConstructor,ArrayConstructor,ArrayConstructor
158913789958,TYPE,AxiosInstance,AxiosInstance,AxiosInstance
158913789959,TYPE,AxiosInstance | __ecma.Null,Null,AxiosInstance | __ecma.Null
158913789960,TYPE,"AxiosResponse<any, ANY, __ecma.Object>",Object>,"AxiosResponse<any, ANY, __ecma.Object>"
158913789961,TYPE,AxiosStatic,AxiosStatic,AxiosStatic
158913789962,TYPE,BooleanConstructor,BooleanConstructor,BooleanConstructor
158913789963,TYPE,Buffer<ArrayBuffer>,Buffer<ArrayBuffer>,Buffer<ArrayBuffer>
158913789964,TYPE,ChangeFailureRate,ChangeFailureRate,ChangeFailureRate
158913789965,TYPE,ChangeFailureRateInput,ChangeFailureRateInput,ChangeFailureRateInput
158913789966,TYPE,CommitHealthMetrics,CommitHealthMetrics,CommitHealthMetrics
158913789967,TYPE,CommitHealthMetrics | __ecma.Null,Null,CommitHealthMetrics | __ecma.Null
158913789968,TYPE,CommitMetricsCalculationResult,CommitMetricsCalculationResult,CommitMetricsCalculationResult
158913789969,TYPE,CommitMetricsCalculationService,CommitMetricsCalculationService,CommitMetricsCalculationService
158913789970,TYPE,CommitMetricsDbService,CommitMetricsDbService,CommitMetricsDbService
158913789971,TYPE,CommitMetricsSyncService,CommitMetricsSyncService,CommitMetricsSyncService
158913789972,TYPE,Console,Console,Console
158913789973,TYPE,ContributorCommitData,ContributorCommitData,ContributorCommitData
158913789974,TYPE,Date,Date,Date
158913789975,TYPE,Date | __ecma.Null,Null,Date | __ecma.Null
158913789976,TYPE,DateConstructor,DateConstructor,DateConstructor
158913789977,TYPE,DbProject,DbProject,DbProject
158913789978,TYPE,DeploymentFrequency,DeploymentFrequency,DeploymentFrequency
158913789979,TYPE,DeploymentFrequencyInput,DeploymentFrequencyInput,DeploymentFrequencyInput
158913789980,TYPE,DoraMetricsSummary,DoraMetricsSummary,DoraMetricsSummary
158913789981,TYPE,DoraTrendDataPoint,DoraTrendDataPoint,DoraTrendDataPoint
158913789982,TYPE,DoraTrendDataPoint | ANY,DoraTrendDataPoint | ANY,DoraTrendDataPoint | ANY
158913789983,TYPE,DoraTrendResponse,DoraTrendResponse,DoraTrendResponse
158913789984,TYPE,EnhancedGenerateContentResponse,EnhancedGenerateContentResponse,EnhancedGenerateContentResponse
158913789985,TYPE,EnrichedProject,EnrichedProject,EnrichedProject
158913789986,TYPE,Error,Error,Error
158913789987,TYPE,ErrorConstructor,ErrorConstructor,ErrorConstructor
158913789988,TYPE,GeminiService,GeminiService,GeminiService
158913789989,TYPE,GenerateContentResult,GenerateContentResult,GenerateContentResult
158913789990,TYPE,GenerativeModel,GenerativeModel,GenerativeModel
158913789991,TYPE,GitLabAuthService,GitLabAuthService,GitLabAuthService
158913789992,TYPE,GitLabClient,GitLabClient,GitLabClient
158913789993,TYPE,GitLabCommit,GitLabCommit,GitLabCommit
158913789994,TYPE,GitLabCommitService,GitLabCommitService,GitLabCommitService
158913789995,TYPE,GitLabGroup,GitLabGroup,GitLabGroup
158913789996,TYPE,GitLabGroupService,GitLabGroupService,GitLabGroupService
158913789997,TYPE,GitLabIssueService,GitLabIssueService,GitLabIssueService
158913789998,TYPE,GitLabIssueStateEvent,GitLabIssueStateEvent,GitLabIssueStateEvent
158913789999,TYPE,GitLabIssues,GitLabIssues,GitLabIssues
158913790000,TYPE,GitLabMRService,GitLabMRService,GitLabMRService
158913790001,TYPE,GitLabMemberService,GitLabMemberService,GitLabMemberService
158913790002,TYPE,GitLabMergeRequest,GitLabMergeRequest,GitLabMergeRequest
158913790003,TYPE,GitLabMilestone,GitLabMilestone,GitLabMilestone
158913790004,TYPE,GitLabMilestoneService,GitLabMilestoneService,GitLabMilestoneService
158913790005,TYPE,GitLabNamespace,GitLabNamespace,GitLabNamespace
158913790006,TYPE,GitLabProject,GitLabProject,GitLabProject
158913790007,TYPE,GitLabProjectService,GitLabProjectService,GitLabProjectService
158913790008,TYPE,GoogleGenerativeAI,GoogleGenerativeAI,GoogleGenerativeAI
158913790009,TYPE,GoogleGenerativeAI | __ecma.Null,Null,GoogleGenerativeAI | __ecma.Null
158913790010,TYPE,GoogleSheetsService,GoogleSheetsService,GoogleSheetsService
158913790011,TYPE,IssueHealthMetrics,IssueHealthMetrics,IssueHealthMetrics
158913790012,TYPE,IssueHealthMetrics | __ecma.Null,Null,IssueHealthMetrics | __ecma.Null
158913790013,TYPE,IssueMetricsCalculationResult,IssueMetricsCalculationResult,IssueMetricsCalculationResult
158913790014,TYPE,IssueMetricsCalculationService,IssueMetricsCalculationService,IssueMetricsCalculationService
158913790015,TYPE,IssueMetricsDbService,IssueMetricsDbService,IssueMetricsDbService
158913790016,TYPE,IssueMetricsSyncService,IssueMetricsSyncService,IssueMetricsSyncService
158913790017,TYPE,LeadTimeChange,LeadTimeChange,LeadTimeChange
158913790018,TYPE,LeadTimeChangeInput,LeadTimeChangeInput,LeadTimeChangeInput
158913790019,TYPE,MRHealthMetrics,MRHealthMetrics,MRHealthMetrics
158913790020,TYPE,MRHealthMetrics | __ecma.Null,Null,MRHealthMetrics | __ecma.Null
158913790021,TYPE,MRMetricsCalculationService,MRMetricsCalculationService,MRMetricsCalculationService
158913790022,TYPE,MRMetricsDbService,MRMetricsDbService,MRMetricsDbService
158913790023,TYPE,MRMetricsSyncService,MRMetricsSyncService,MRMetricsSyncService
158913790024,TYPE,MRWeekOverWeekComparison,MRWeekOverWeekComparison,MRWeekOverWeekComparison
158913790025,TYPE,MRWeekOverWeekComparison | __ecma.Null,Null,MRWeekOverWeekComparison | __ecma.Null
158913790026,TYPE,"Map<string, ContributorCommitData>","Map<string, ContributorCommitData>","Map<string, ContributorCommitData>"
158913790027,TYPE,"Map<string, DoraTrendDataPoint>","Map<string, DoraTrendDataPoint>","Map<string, DoraTrendDataPoint>"
158913790028,TYPE,"Map<string, __ecma.Number>",Number>,"Map<string, __ecma.Number>"
158913790029,TYPE,MapConstructor,MapConstructor,MapConstructor
158913790030,TYPE,Math,Math,Math
158913790031,TYPE,MilestoneMetrics,MilestoneMetrics,MilestoneMetrics
158913790032,TYPE,MilestoneMetrics | __ecma.Null,Null,MilestoneMetrics | __ecma.Null
158913790033,TYPE,MilestoneMetricsCalculationService,MilestoneMetricsCalculationService,MilestoneMetricsCalculationService
158913790034,TYPE,MilestoneMetricsDbService,MilestoneMetricsDbService,MilestoneMetricsDbService
158913790035,TYPE,MilestoneMetricsSyncService,MilestoneMetricsSyncService,MilestoneMetricsSyncService
158913790036,TYPE,MilestoneWithIssueCount,MilestoneWithIssueCount,MilestoneWithIssueCount
158913790037,TYPE,NextFunction,NextFunction,NextFunction
158913790038,TYPE,"Omit<IssueHealthMetrics, 'uuid' | 'row_id' | 'project_id' | 'calculated_at'>","Omit<IssueHealthMetrics, 'uuid' | 'row_id' | 'project_id' | 'calculated_at'>","Omit<IssueHealthMetrics, 'uuid' | 'row_id' | 'project_id' | 'calculated_at'>"
158913790039,TYPE,"Omit<MRHealthMetrics, 'uuid' | 'row_id' | 'project_id' | 'calculated_at'>","Omit<MRHealthMetrics, 'uuid' | 'row_id' | 'project_id' | 'calculated_at'>","Omit<MRHealthMetrics, 'uuid' | 'row_id' | 'project_id' | 'calculated_at'>"
158913790040,TYPE,PlatformPath,PlatformPath,PlatformPath
158913790041,TYPE,Pool,Pool,Pool
158913790042,TYPE,Pool | __ecma.Null,Null,Pool | __ecma.Null
158913790043,TYPE,PoolClient,PoolClient,PoolClient
158913790044,TYPE,Process,Process,Process
158913790045,TYPE,ProjectController,ProjectController,ProjectController
158913790046,TYPE,ProjectEnrichmentService,ProjectEnrichmentService,ProjectEnrichmentService
158913790047,TYPE,ProjectFetchService,ProjectFetchService,ProjectFetchService
158913790048,TYPE,ProjectInsightsService,ProjectInsightsService,ProjectInsightsService
158913790049,TYPE,ProjectNamespace,ProjectNamespace,ProjectNamespace
158913790050,TYPE,ProjectRefreshService,ProjectRefreshService,ProjectRefreshService
158913790051,TYPE,ProjectStatistics,ProjectStatistics,ProjectStatistics
158913790052,TYPE,ProjectSyncService,ProjectSyncService,ProjectSyncService
158913790053,TYPE,ProjectTransformService,ProjectTransformService,ProjectTransformService
158913790054,TYPE,Promise<ChangeFailureRate>,Promise<ChangeFailureRate>,Promise<ChangeFailureRate>
158913790055,TYPE,Promise<ChangeFailureRate[]>,Promise<ChangeFailureRate[]>,Promise<ChangeFailureRate[]>
158913790056,TYPE,Promise<CommitHealthMetrics | __ecma.Null>,Null>,Promise<CommitHealthMetrics | __ecma.Null>
158913790057,TYPE,Promise<CommitHealthMetrics>,Promise<CommitHealthMetrics>,Promise<CommitHealthMetrics>
158913790058,TYPE,Promise<CommitHealthMetrics[]>,Promise<CommitHealthMetrics[]>,Promise<CommitHealthMetrics[]>
158913790059,TYPE,Promise<CommitMetricsHistory>,Promise<CommitMetricsHistory>,Promise<CommitMetricsHistory>
158913790060,TYPE,Promise<CommitMetricsHistory[]>,Promise<CommitMetricsHistory[]>,Promise<CommitMetricsHistory[]>
158913790061,TYPE,Promise<DeploymentFrequency>,Promise<DeploymentFrequency>,Promise<DeploymentFrequency>
158913790062,TYPE,Promise<DeploymentFrequency[]>,Promise<DeploymentFrequency[]>,Promise<DeploymentFrequency[]>
158913790063,TYPE,Promise<DoraMetricsSummary>,Promise<DoraMetricsSummary>,Promise<DoraMetricsSummary>
158913790064,TYPE,Promise<DoraTrendResponse>,Promise<DoraTrendResponse>,Promise<DoraTrendResponse>
158913790065,TYPE,Promise<EnrichedProject>,Promise<EnrichedProject>,Promise<EnrichedProject>
158913790066,TYPE,Promise<EnrichedProject[]>,Promise<EnrichedProject[]>,Promise<EnrichedProject[]>
158913790067,TYPE,Promise<GitLabCommit[]>,Promise<GitLabCommit[]>,Promise<GitLabCommit[]>
158913790068,TYPE,Promise<GitLabGroup>,Promise<GitLabGroup>,Promise<GitLabGroup>
158913790069,TYPE,Promise<GitLabGroup[]>,Promise<GitLabGroup[]>,Promise<GitLabGroup[]>
158913790070,TYPE,Promise<GitLabIssueMRReference[]>,Promise<GitLabIssueMRReference[]>,Promise<GitLabIssueMRReference[]>
158913790071,TYPE,Promise<GitLabIssueStateEvent[]>,Promise<GitLabIssueStateEvent[]>,Promise<GitLabIssueStateEvent[]>
158913790072,TYPE,Promise<GitLabIssues[]>,Promise<GitLabIssues[]>,Promise<GitLabIssues[]>
158913790073,TYPE,Promise<GitLabMergeRequest[]>,Promise<GitLabMergeRequest[]>,Promise<GitLabMergeRequest[]>
158913790074,TYPE,Promise<GitLabMilestone[]>,Promise<GitLabMilestone[]>,Promise<GitLabMilestone[]>
158913790075,TYPE,Promise<GitLabProject>,Promise<GitLabProject>,Promise<GitLabProject>
158913790076,TYPE,Promise<GitLabProject[]>,Promise<GitLabProject[]>,Promise<GitLabProject[]>
158913790077,TYPE,Promise<IssueHealthMetrics | __ecma.Null>,Null>,Promise<IssueHealthMetrics | __ecma.Null>
158913790078,TYPE,Promise<IssueHealthMetrics>,Promise<IssueHealthMetrics>,Promise<IssueHealthMetrics>
158913790079,TYPE,Promise<IssueHealthMetrics[]>,Promise<IssueHealthMetrics[]>,Promise<IssueHealthMetrics[]>
158913790080,TYPE,Promise<IssueMetricsHistory>,Promise<IssueMetricsHistory>,Promise<IssueMetricsHistory>
158913790081,TYPE,Promise<IssueMetricsHistory[]>,Promise<IssueMetricsHistory[]>,Promise<IssueMetricsHistory[]>
158913790082,TYPE,Promise<LeadTimeChange>,Promise<LeadTimeChange>,Promise<LeadTimeChange>
158913790083,TYPE,Promise<LeadTimeChange[]>,Promise<LeadTimeChange[]>,Promise<LeadTimeChange[]>
158913790084,TYPE,Promise<MRHealthMetrics | __ecma.Null>,Null>,Promise<MRHealthMetrics | __ecma.Null>
158913790085,TYPE,Promise<MRHealthMetrics>,Promise<MRHealthMetrics>,Promise<MRHealthMetrics>
158913790086,TYPE,Promise<MRHealthMetrics[]>,Promise<MRHealthMetrics[]>,Promise<MRHealthMetrics[]>
158913790087,TYPE,Promise<MRMetricsHistory>,Promise<MRMetricsHistory>,Promise<MRMetricsHistory>
158913790088,TYPE,Promise<MRMetricsHistory[]>,Promise<MRMetricsHistory[]>,Promise<MRMetricsHistory[]>
158913790089,TYPE,Promise<MRWeekOverWeekComparison | __ecma.Null>,Null>,Promise<MRWeekOverWeekComparison | __ecma.Null>
158913790090,TYPE,Promise<MilestoneMetrics | __ecma.Null>,Null>,Promise<MilestoneMetrics | __ecma.Null>
158913790091,TYPE,Promise<MilestoneMetrics>,Promise<MilestoneMetrics>,Promise<MilestoneMetrics>
158913790092,TYPE,"Promise<Response<any, Record<string, ANY>> | ANY>","Promise<Response<any, Record<string, ANY>> | ANY>","Promise<Response<any, Record<string, ANY>> | ANY>"
158913790093,TYPE,Promise<SnapshotData>,Promise<SnapshotData>,Promise<SnapshotData>
158913790094,TYPE,Promise<SonarIssueCounts>,Promise<SonarIssueCounts>,Promise<SonarIssueCounts>
158913790095,TYPE,Promise<SonarQubeComponentMeasures>,Promise<SonarQubeComponentMeasures>,Promise<SonarQubeComponentMeasures>
158913790096,TYPE,Promise<SonarQubeMaintainabilityHistory[]>,Promise<SonarQubeMaintainabilityHistory[]>,Promise<SonarQubeMaintainabilityHistory[]>
158913790097,TYPE,Promise<SonarQubeMaintainabilityMetrics | __ecma.Null>,Null>,Promise<SonarQubeMaintainabilityMetrics | __ecma.Null>
158913790098,TYPE,Promise<SonarQubeMaintainabilityMetrics[]>,Promise<SonarQubeMaintainabilityMetrics[]>,Promise<SonarQubeMaintainabilityMetrics[]>
158913790099,TYPE,Promise<SonarQubeReliabilityHistory[]>,Promise<SonarQubeReliabilityHistory[]>,Promise<SonarQubeReliabilityHistory[]>
158913790100,TYPE,Promise<SonarQubeReliabilityMetrics | __ecma.Null>,Null>,Promise<SonarQubeReliabilityMetrics | __ecma.Null>
158913790101,TYPE,Promise<SonarQubeSecurityHistory[]>,Promise<SonarQubeSecurityHistory[]>,Promise<SonarQubeSecurityHistory[]>
158913790102,TYPE,Promise<SonarQubeSecurityMetrics | __ecma.Null>,Null>,Promise<SonarQubeSecurityMetrics | __ecma.Null>
158913790103,TYPE,Promise<TimeToRestoreService>,Promise<TimeToRestoreService>,Promise<TimeToRestoreService>
158913790104,TYPE,Promise<TimeToRestoreService[]>,Promise<TimeToRestoreService[]>,Promise<TimeToRestoreService[]>
158913790105,TYPE,Promise<WeekOverWeekComparison | __ecma.Null>,Null>,Promise<WeekOverWeekComparison | __ecma.Null>
158913790106,TYPE,Promise<WeeklyDoraSnapshot>,Promise<WeeklyDoraSnapshot>,Promise<WeeklyDoraSnapshot>
158913790107,TYPE,Promise<WeeklyDoraSnapshot[]>,Promise<WeeklyDoraSnapshot[]>,Promise<WeeklyDoraSnapshot[]>
158913790108,TYPE,Promise<any | __ecma.Null>,Null>,Promise<any | __ecma.Null>
158913790109,TYPE,Promise<any>,Promise<any>,Promise<any>
158913790110,TYPE,Promise<any[]>,Promise<any[]>,Promise<any[]>
158913790111,TYPE,Promise<boolean>,Promise<boolean>,Promise<boolean>
158913790112,TYPE,Promise<number>,Promise<number>,Promise<number>
158913790113,TYPE,Promise<number[]>,Promise<number[]>,Promise<number[]>
158913790114,TYPE,Promise<string | __ecma.Null>,Null>,Promise<string | __ecma.Null>
158913790115,TYPE,Promise<string>,Promise<string>,Promise<string>
158913790116,TYPE,Promise<void>,Promise<void>,Promise<void>
158913790117,TYPE,PromiseConstructor,PromiseConstructor,PromiseConstructor
158913790118,TYPE,QueryResult<any>,QueryResult<any>,QueryResult<any>
158913790119,TYPE,RegExp,RegExp,RegExp
158913790120,TYPE,RegExpConstructor,RegExpConstructor,RegExpConstructor
158913790121,TYPE,RegExpMatchArray,RegExpMatchArray,RegExpMatchArray
158913790122,TYPE,RegExpMatchArray | __ecma.Null,Null,RegExpMatchArray | __ecma.Null
158913790123,TYPE,Request,Request,Request
158913790124,TYPE,"Request<ParamsDictionary, ANY, ANY, ParsedQs, Record<string, ANY>>","Request<ParamsDictionary, ANY, ANY, ParsedQs, Record<string, ANY>>","Request<ParamsDictionary, ANY, ANY, ParsedQs, Record<string, ANY>>"
158913790125,TYPE,"Request<__ecma.Object, ANY, ANY, ParsedQs, Record<string, ANY>>","Object, ANY, ANY, ParsedQs, Record<string, ANY>>","Request<__ecma.Object, ANY, ANY, ParsedQs, Record<string, ANY>>"
158913790126,TYPE,Response,Response,Response
158913790127,TYPE,"Response<any, Record<string, ANY>, __ecma.Number>",Number>,"Response<any, Record<string, ANY>, __ecma.Number>"
158913790128,TYPE,"Response<any, Record<string, ANY>>","Response<any, Record<string, ANY>>","Response<any, Record<string, ANY>>"
158913790129,TYPE,Router,Router,Router
158913790130,TYPE,Set<string>,Set<string>,Set<string>
158913790131,TYPE,SetConstructor,SetConstructor,SetConstructor
158913790132,TYPE,SnapshotData,SnapshotData,SnapshotData
158913790133,TYPE,SonarMaintainabilityApiService,SonarMaintainabilityApiService,SonarMaintainabilityApiService
158913790134,TYPE,SonarMaintainabilityCalculationService,SonarMaintainabilityCalculationService,SonarMaintainabilityCalculationService
158913790135,TYPE,SonarMaintainabilityDbService,SonarMaintainabilityDbService,SonarMaintainabilityDbService
158913790136,TYPE,SonarMaintainabilitySyncService,SonarMaintainabilitySyncService,SonarMaintainabilitySyncService
158913790137,TYPE,SonarQubeComponentMeasures,SonarQubeComponentMeasures,SonarQubeComponentMeasures
158913790138,TYPE,SonarQubeMaintainabilityCalculationResult,SonarQubeMaintainabilityCalculationResult,SonarQubeMaintainabilityCalculationResult
158913790139,TYPE,SonarQubeMaintainabilityMetrics,SonarQubeMaintainabilityMetrics,SonarQubeMaintainabilityMetrics
158913790140,TYPE,SonarQubeMaintainabilityMetrics | __ecma.Null,Null,SonarQubeMaintainabilityMetrics | __ecma.Null
158913790141,TYPE,SonarQubeReliabilityCalculationResult,SonarQubeReliabilityCalculationResult,SonarQubeReliabilityCalculationResult
158913790142,TYPE,SonarQubeReliabilityMetrics,SonarQubeReliabilityMetrics,SonarQubeReliabilityMetrics
158913790143,TYPE,SonarQubeReliabilityMetrics | __ecma.Null,Null,SonarQubeReliabilityMetrics | __ecma.Null
158913790144,TYPE,SonarQubeSecurityCalculationResult,SonarQubeSecurityCalculationResult,SonarQubeSecurityCalculationResult
158913790145,TYPE,SonarQubeSecurityMetrics,SonarQubeSecurityMetrics,SonarQubeSecurityMetrics
158913790146,TYPE,SonarQubeSecurityMetrics | __ecma.Null,Null,SonarQubeSecurityMetrics | __ecma.Null
158913790147,TYPE,SonarQubeService,SonarQubeService,SonarQubeService
158913790148,TYPE,SonarReliabilityApiService,SonarReliabilityApiService,SonarReliabilityApiService
158913790149,TYPE,SonarReliabilityCalculationService,SonarReliabilityCalculationService,SonarReliabilityCalculationService
158913790150,TYPE,SonarReliabilityDbService,SonarReliabilityDbService,SonarReliabilityDbService
158913790151,TYPE,SonarReliabilitySyncService,SonarReliabilitySyncService,SonarReliabilitySyncService
158913790152,TYPE,SonarSecurityApiService,SonarSecurityApiService,SonarSecurityApiService
158913790153,TYPE,SonarSecurityCalculationService,SonarSecurityCalculationService,SonarSecurityCalculationService
158913790154,TYPE,SonarSecurityDbService,SonarSecurityDbService,SonarSecurityDbService
158913790155,TYPE,SonarSecuritySyncService,SonarSecuritySyncService,SonarSecuritySyncService
158913790156,TYPE,TimeToRestoreService,TimeToRestoreService,TimeToRestoreService
158913790157,TYPE,TimeToRestoreServiceInput,TimeToRestoreServiceInput,TimeToRestoreServiceInput
158913790158,TYPE,Timeout,Timeout,Timeout
158913790159,TYPE,WeekOverWeekComparison,WeekOverWeekComparison,WeekOverWeekComparison
158913790160,TYPE,WeekOverWeekComparison | __ecma.Null,Null,WeekOverWeekComparison | __ecma.Null
158913790161,TYPE,WeeklyDoraSnapshot,WeeklyDoraSnapshot,WeeklyDoraSnapshot
158913790162,TYPE,WorkBook,WorkBook,WorkBook
158913790163,TYPE,WorkSheet,WorkSheet,WorkSheet
158913790164,TYPE,__ecma.Array,Array,__ecma.Array
158913790165,TYPE,__ecma.Boolean,Boolean,__ecma.Boolean
158913790166,TYPE,__ecma.Number,Number,__ecma.Number
158913790167,TYPE,__ecma.String,String,__ecma.String
158913790168,TYPE,controllers/aiController.ts::program,:program,controllers/aiController.ts::program
158913790169,TYPE,controllers/aiController.ts::program:AIController,AIController,controllers/aiController.ts::program:AIController
158913790170,TYPE,controllers/aiController.ts::program:AIController:<init>,<init>,controllers/aiController.ts::program:AIController:<init>
158913790171,TYPE,controllers/aiController.ts::program:AIController:<init>:<lambda>0,<lambda>0,controllers/aiController.ts::program:AIController:<init>:<lambda>0
158913790172,TYPE,controllers/aiController.ts::program:AIController:<init>:<lambda>1,<lambda>1,controllers/aiController.ts::program:AIController:<init>:<lambda>1
158913790173,TYPE,controllers/aiController.ts::program:AIController:<init>:<lambda>2,<lambda>2,controllers/aiController.ts::program:AIController:<init>:<lambda>2
158913790174,TYPE,controllers/aiController.ts::program:AIController:<init>:<lambda>3,<lambda>3,controllers/aiController.ts::program:AIController:<init>:<lambda>3
158913790175,TYPE,controllers/aiController.ts::program:AIController:<init>:<lambda>4,<lambda>4,controllers/aiController.ts::program:AIController:<init>:<lambda>4
158913790176,TYPE,controllers/aiController.ts::program:AIController:<init>:<lambda>5,<lambda>5,controllers/aiController.ts::program:AIController:<init>:<lambda>5
158913790177,TYPE,controllers/aiController.ts::program:AIController:<init>:<lambda>6,<lambda>6,controllers/aiController.ts::program:AIController:<init>:<lambda>6
158913790178,TYPE,controllers/aiController.ts::program:AIController:<init>:<lambda>6:<lambda>7,<lambda>7,controllers/aiController.ts::program:AIController:<init>:<lambda>6:<lambda>7
158913790179,TYPE,controllers/aiController.ts::program:AIController:<init>:<lambda>6:<lambda>7:<lambda>8,<lambda>8,controllers/aiController.ts::program:AIController:<init>:<lambda>6:<lambda>7:<lambda>8
158913790180,TYPE,controllers/commitMetricsController.ts::program,:program,controllers/commitMetricsController.ts::program
158913790181,TYPE,controllers/commitMetricsController.ts::program:<lambda>0,<lambda>0,controllers/commitMetricsController.ts::program:<lambda>0
158913790182,TYPE,controllers/commitMetricsController.ts::program:<lambda>1,<lambda>1,controllers/commitMetricsController.ts::program:<lambda>1
158913790183,TYPE,controllers/commitMetricsController.ts::program:<lambda>2,<lambda>2,controllers/commitMetricsController.ts::program:<lambda>2
158913790184,TYPE,controllers/doraMetricsController.ts::program,:program,controllers/doraMetricsController.ts::program
158913790185,TYPE,controllers/doraMetricsController.ts::program:<lambda>0,<lambda>0,controllers/doraMetricsController.ts::program:<lambda>0
158913790186,TYPE,controllers/doraMetricsController.ts::program:<lambda>1,<lambda>1,controllers/doraMetricsController.ts::program:<lambda>1
158913790187,TYPE,controllers/doraMetricsController.ts::program:<lambda>10,<lambda>10,controllers/doraMetricsController.ts::program:<lambda>10
158913790188,TYPE,controllers/doraMetricsController.ts::program:<lambda>11,<lambda>11,controllers/doraMetricsController.ts::program:<lambda>11
158913790189,TYPE,controllers/doraMetricsController.ts::program:<lambda>12,<lambda>12,controllers/doraMetricsController.ts::program:<lambda>12
158913790190,TYPE,controllers/doraMetricsController.ts::program:<lambda>13,<lambda>13,controllers/doraMetricsController.ts::program:<lambda>13
158913790191,TYPE,controllers/doraMetricsController.ts::program:<lambda>14,<lambda>14,controllers/doraMetricsController.ts::program:<lambda>14
158913790192,TYPE,controllers/doraMetricsController.ts::program:<lambda>15,<lambda>15,controllers/doraMetricsController.ts::program:<lambda>15
158913790193,TYPE,controllers/doraMetricsController.ts::program:<lambda>16,<lambda>16,controllers/doraMetricsController.ts::program:<lambda>16
158913790194,TYPE,controllers/doraMetricsController.ts::program:<lambda>2,<lambda>2,controllers/doraMetricsController.ts::program:<lambda>2
158913790195,TYPE,controllers/doraMetricsController.ts::program:<lambda>3,<lambda>3,controllers/doraMetricsController.ts::program:<lambda>3
158913790196,TYPE,controllers/doraMetricsController.ts::program:<lambda>4,<lambda>4,controllers/doraMetricsController.ts::program:<lambda>4
158913790197,TYPE,controllers/doraMetricsController.ts::program:<lambda>5,<lambda>5,controllers/doraMetricsController.ts::program:<lambda>5
158913790198,TYPE,controllers/doraMetricsController.ts::program:<lambda>6,<lambda>6,controllers/doraMetricsController.ts::program:<lambda>6
158913790199,TYPE,controllers/doraMetricsController.ts::program:<lambda>7,<lambda>7,controllers/doraMetricsController.ts::program:<lambda>7
158913790200,TYPE,controllers/doraMetricsController.ts::program:<lambda>8,<lambda>8,controllers/doraMetricsController.ts::program:<lambda>8
158913790201,TYPE,controllers/doraMetricsController.ts::program:<lambda>9,<lambda>9,controllers/doraMetricsController.ts::program:<lambda>9
158913790202,TYPE,controllers/healthScoreController.ts::program,:program,controllers/healthScoreController.ts::program
158913790203,TYPE,controllers/healthScoreController.ts::program:<lambda>0,<lambda>0,controllers/healthScoreController.ts::program:<lambda>0
158913790204,TYPE,controllers/healthScoreController.ts::program:<lambda>0:<lambda>1,<lambda>1,controllers/healthScoreController.ts::program:<lambda>0:<lambda>1
158913790205,TYPE,controllers/healthScoreController.ts::program:<lambda>0:<lambda>1:<anon-class>0,<anon-class>0,controllers/healthScoreController.ts::program:<lambda>0:<lambda>1:<anon-class>0
158913790206,TYPE,controllers/healthScoreController.ts::program:<lambda>0:<lambda>1:<anon-class>1,<anon-class>1,controllers/healthScoreController.ts::program:<lambda>0:<lambda>1:<anon-class>1
158913790207,TYPE,controllers/healthScoreController.ts::program:<lambda>0:<lambda>1:<lambda>2,<lambda>2,controllers/healthScoreController.ts::program:<lambda>0:<lambda>1:<lambda>2
158913790208,TYPE,controllers/healthScoreController.ts::program:<lambda>0:<lambda>3,<lambda>3,controllers/healthScoreController.ts::program:<lambda>0:<lambda>3
158913790209,TYPE,controllers/healthScoreController.ts::program:<lambda>0:<lambda>3:<anon-class>2,<anon-class>2,controllers/healthScoreController.ts::program:<lambda>0:<lambda>3:<anon-class>2
158913790210,TYPE,controllers/healthScoreController.ts::program:<lambda>0:<lambda>3:<anon-class>3,<anon-class>3,controllers/healthScoreController.ts::program:<lambda>0:<lambda>3:<anon-class>3
158913790211,TYPE,controllers/healthScoreController.ts::program:<lambda>0:<lambda>3:<lambda>4,<lambda>4,controllers/healthScoreController.ts::program:<lambda>0:<lambda>3:<lambda>4
158913790212,TYPE,controllers/healthScoreController.ts::program:<lambda>0:<lambda>5,<lambda>5,controllers/healthScoreController.ts::program:<lambda>0:<lambda>5
158913790213,TYPE,controllers/healthScoreController.ts::program:<lambda>6,<lambda>6,controllers/healthScoreController.ts::program:<lambda>6
158913790214,TYPE,controllers/issueMetricsController.ts::program,:program,controllers/issueMetricsController.ts::program
158913790215,TYPE,controllers/issueMetricsController.ts::program:<lambda>0,<lambda>0,controllers/issueMetricsController.ts::program:<lambda>0
158913790216,TYPE,controllers/issueMetricsController.ts::program:<lambda>1,<lambda>1,controllers/issueMetricsController.ts::program:<lambda>1
158913790217,TYPE,controllers/issueMetricsController.ts::program:<lambda>2,<lambda>2,controllers/issueMetricsController.ts::program:<lambda>2
158913790218,TYPE,controllers/issueMetricsController.ts::program:<lambda>3,<lambda>3,controllers/issueMetricsController.ts::program:<lambda>3
158913790219,TYPE,controllers/milestoneMetricsController.ts::program,:program,controllers/milestoneMetricsController.ts::program
158913790220,TYPE,controllers/milestoneMetricsController.ts::program:<lambda>0,<lambda>0,controllers/milestoneMetricsController.ts::program:<lambda>0
158913790221,TYPE,controllers/milestoneMetricsController.ts::program:<lambda>1,<lambda>1,controllers/milestoneMetricsController.ts::program:<lambda>1
158913790222,TYPE,controllers/mrMetricsController.ts::program,:program,controllers/mrMetricsController.ts::program
158913790223,TYPE,controllers/mrMetricsController.ts::program:<lambda>0,<lambda>0,controllers/mrMetricsController.ts::program:<lambda>0
158913790224,TYPE,controllers/mrMetricsController.ts::program:<lambda>1,<lambda>1,controllers/mrMetricsController.ts::program:<lambda>1
158913790225,TYPE,controllers/mrMetricsController.ts::program:<lambda>2,<lambda>2,controllers/mrMetricsController.ts::program:<lambda>2
158913790226,TYPE,controllers/mrMetricsController.ts::program:<lambda>3,<lambda>3,controllers/mrMetricsController.ts::program:<lambda>3
158913790227,TYPE,controllers/projectController.ts::program,:program,controllers/projectController.ts::program
158913790228,TYPE,controllers/projectController.ts::program:ProjectController,ProjectController,controllers/projectController.ts::program:ProjectController
158913790229,TYPE,controllers/projectController.ts::program:ProjectController:<init>,<init>,controllers/projectController.ts::program:ProjectController:<init>
158913790230,TYPE,controllers/projectController.ts::program:ProjectController:<init>:<lambda>0,<lambda>0,controllers/projectController.ts::program:ProjectController:<init>:<lambda>0
158913790231,TYPE,controllers/projectController.ts::program:ProjectController:<init>:<lambda>1,<lambda>1,controllers/projectController.ts::program:ProjectController:<init>:<lambda>1
158913790232,TYPE,controllers/projectController.ts::program:ProjectController:<init>:<lambda>11,<lambda>11,controllers/projectController.ts::program:ProjectController:<init>:<lambda>11
158913790233,TYPE,controllers/projectController.ts::program:ProjectController:<init>:<lambda>12,<lambda>12,controllers/projectController.ts::program:ProjectController:<init>:<lambda>12
158913790234,TYPE,controllers/projectController.ts::program:ProjectController:<init>:<lambda>13,<lambda>13,controllers/projectController.ts::program:ProjectController:<init>:<lambda>13
158913790235,TYPE,controllers/projectController.ts::program:ProjectController:<init>:<lambda>14,<lambda>14,controllers/projectController.ts::program:ProjectController:<init>:<lambda>14
158913790236,TYPE,controllers/projectController.ts::program:ProjectController:<init>:<lambda>14:<lambda>15,<lambda>15,controllers/projectController.ts::program:ProjectController:<init>:<lambda>14:<lambda>15
158913790237,TYPE,controllers/projectController.ts::program:ProjectController:<init>:<lambda>16,<lambda>16,controllers/projectController.ts::program:ProjectController:<init>:<lambda>16
158913790238,TYPE,controllers/projectController.ts::program:ProjectController:<init>:<lambda>16:<lambda>17,<lambda>17,controllers/projectController.ts::program:ProjectController:<init>:<lambda>16:<lambda>17
158913790239,TYPE,controllers/projectController.ts::program:ProjectController:<init>:<lambda>18,<lambda>18,controllers/projectController.ts::program:ProjectController:<init>:<lambda>18
158913790240,TYPE,controllers/projectController.ts::program:ProjectController:<init>:<lambda>18:<lambda>19,<lambda>19,controllers/projectController.ts::program:ProjectController:<init>:<lambda>18:<lambda>19
158913790241,TYPE,controllers/projectController.ts::program:ProjectController:<init>:<lambda>18:<lambda>20,<lambda>20,controllers/projectController.ts::program:ProjectController:<init>:<lambda>18:<lambda>20
158913790242,TYPE,controllers/projectController.ts::program:ProjectController:<init>:<lambda>18:<lambda>21,<lambda>21,controllers/projectController.ts::program:ProjectController:<init>:<lambda>18:<lambda>21
158913790243,TYPE,controllers/projectController.ts::program:ProjectController:<init>:<lambda>18:<lambda>22,<lambda>22,controllers/projectController.ts::program:ProjectController:<init>:<lambda>18:<lambda>22
158913790244,TYPE,controllers/projectController.ts::program:ProjectController:<init>:<lambda>2,<lambda>2,controllers/projectController.ts::program:ProjectController:<init>:<lambda>2
158913790245,TYPE,controllers/projectController.ts::program:ProjectController:<init>:<lambda>3,<lambda>3,controllers/projectController.ts::program:ProjectController:<init>:<lambda>3
158913790246,TYPE,controllers/projectController.ts::program:ProjectController:<init>:<lambda>4,<lambda>4,controllers/projectController.ts::program:ProjectController:<init>:<lambda>4
158913790247,TYPE,controllers/projectController.ts::program:ProjectController:<init>:<lambda>5,<lambda>5,controllers/projectController.ts::program:ProjectController:<init>:<lambda>5
158913790248,TYPE,controllers/projectController.ts::program:ProjectController:<init>:<lambda>6,<lambda>6,controllers/projectController.ts::program:ProjectController:<init>:<lambda>6
158913790249,TYPE,controllers/projectController.ts::program:ProjectController:<init>:<lambda>7,<lambda>7,controllers/projectController.ts::program:ProjectController:<init>:<lambda>7
158913790250,TYPE,controllers/projectController.ts::program:ProjectController:<init>:<lambda>8,<lambda>8,controllers/projectController.ts::program:ProjectController:<init>:<lambda>8
158913790251,TYPE,controllers/projectController.ts::program:ProjectController:<init>:<lambda>9,<lambda>9,controllers/projectController.ts::program:ProjectController:<init>:<lambda>9
158913790252,TYPE,controllers/projectController.ts::program:ProjectController:<init>:<lambda>9:<lambda>10,<lambda>10,controllers/projectController.ts::program:ProjectController:<init>:<lambda>9:<lambda>10
158913790253,TYPE,controllers/sonarQubeMaintainabilityController.ts::program,:program,controllers/sonarQubeMaintainabilityController.ts::program
158913790254,TYPE,controllers/sonarQubeMaintainabilityController.ts::program:<lambda>0,<lambda>0,controllers/sonarQubeMaintainabilityController.ts::program:<lambda>0
158913790255,TYPE,controllers/sonarQubeMaintainabilityController.ts::program:<lambda>1,<lambda>1,controllers/sonarQubeMaintainabilityController.ts::program:<lambda>1
158913790256,TYPE,controllers/sonarQubeMaintainabilityController.ts::program:<lambda>2,<lambda>2,controllers/sonarQubeMaintainabilityController.ts::program:<lambda>2
158913790257,TYPE,controllers/sonarQubeReliabilityController.ts::program,:program,controllers/sonarQubeReliabilityController.ts::program
158913790258,TYPE,controllers/sonarQubeReliabilityController.ts::program:<lambda>0,<lambda>0,controllers/sonarQubeReliabilityController.ts::program:<lambda>0
158913790259,TYPE,controllers/sonarQubeReliabilityController.ts::program:<lambda>1,<lambda>1,controllers/sonarQubeReliabilityController.ts::program:<lambda>1
158913790260,TYPE,controllers/sonarQubeReliabilityController.ts::program:<lambda>2,<lambda>2,controllers/sonarQubeReliabilityController.ts::program:<lambda>2
158913790261,TYPE,controllers/sonarQubeSecurityController.ts::program,:program,controllers/sonarQubeSecurityController.ts::program
158913790262,TYPE,controllers/sonarQubeSecurityController.ts::program:<lambda>0,<lambda>0,controllers/sonarQubeSecurityController.ts::program:<lambda>0
158913790263,TYPE,controllers/sonarQubeSecurityController.ts::program:<lambda>1,<lambda>1,controllers/sonarQubeSecurityController.ts::program:<lambda>1
158913790264,TYPE,controllers/sonarQubeSecurityController.ts::program:<lambda>2,<lambda>2,controllers/sonarQubeSecurityController.ts::program:<lambda>2
158913790265,TYPE,db/check-monthly-data.ts::program,:program,db/check-monthly-data.ts::program
158913790266,TYPE,db/check-monthly-data.ts::program:checkMonthlyData,checkMonthlyData,db/check-monthly-data.ts::program:checkMonthlyData
158913790267,TYPE,db/clear-and-repopulate-dora.ts::program,:program,db/clear-and-repopulate-dora.ts::program
158913790268,TYPE,db/clear-and-repopulate-dora.ts::program:clearAndRepopulateDoraMetrics,clearAndRepopulateDoraMetrics,db/clear-and-repopulate-dora.ts::program:clearAndRepopulateDoraMetrics
158913790269,TYPE,db/connection.ts::program,:program,db/connection.ts::program
158913790270,TYPE,db/connection.ts::program:<lambda>0,<lambda>0,db/connection.ts::program:<lambda>0
158913790271,TYPE,db/connection.ts::program:<lambda>0:<lambda>1,<lambda>1,db/connection.ts::program:<lambda>0:<lambda>1
158913790272,TYPE,db/connection.ts::program:<lambda>2,<lambda>2,db/connection.ts::program:<lambda>2
158913790273,TYPE,db/connection.ts::program:<lambda>3,<lambda>3,db/connection.ts::program:<lambda>3
158913790274,TYPE,db/populate-dora-metrics.ts::program,:program,db/populate-dora-metrics.ts::program
158913790275,TYPE,db/populate-dora-metrics.ts::program:populateDoraMetrics,populateDoraMetrics,db/populate-dora-metrics.ts::program:populateDoraMetrics
158913790276,TYPE,db/queries.ts::program,:program,db/queries.ts::program
158913790277,TYPE,db/queries.ts::program:<lambda>0,<lambda>0,db/queries.ts::program:<lambda>0
158913790278,TYPE,db/queries.ts::program:<lambda>1,<lambda>1,db/queries.ts::program:<lambda>1
158913790279,TYPE,db/queries.ts::program:<lambda>10,<lambda>10,db/queries.ts::program:<lambda>10
158913790280,TYPE,db/queries.ts::program:<lambda>10:<lambda>11,<lambda>11,db/queries.ts::program:<lambda>10:<lambda>11
158913790281,TYPE,db/queries.ts::program:<lambda>12,<lambda>12,db/queries.ts::program:<lambda>12
158913790282,TYPE,db/queries.ts::program:<lambda>12:<anon-class>2,<anon-class>2,db/queries.ts::program:<lambda>12:<anon-class>2
158913790283,TYPE,db/queries.ts::program:<lambda>12:<anon-class>3,<anon-class>3,db/queries.ts::program:<lambda>12:<anon-class>3
158913790284,TYPE,db/queries.ts::program:<lambda>13,<lambda>13,db/queries.ts::program:<lambda>13
158913790285,TYPE,db/queries.ts::program:<lambda>14,<lambda>14,db/queries.ts::program:<lambda>14
158913790286,TYPE,db/queries.ts::program:<lambda>15,<lambda>15,db/queries.ts::program:<lambda>15
158913790287,TYPE,db/queries.ts::program:<lambda>16,<lambda>16,db/queries.ts::program:<lambda>16
158913790288,TYPE,db/queries.ts::program:<lambda>17,<lambda>17,db/queries.ts::program:<lambda>17
158913790289,TYPE,db/queries.ts::program:<lambda>18,<lambda>18,db/queries.ts::program:<lambda>18
158913790290,TYPE,db/queries.ts::program:<lambda>19,<lambda>19,db/queries.ts::program:<lambda>19
158913790291,TYPE,db/queries.ts::program:<lambda>1:<anon-class>0,<anon-class>0,db/queries.ts::program:<lambda>1:<anon-class>0
158913790292,TYPE,db/queries.ts::program:<lambda>1:<anon-class>1,<anon-class>1,db/queries.ts::program:<lambda>1:<anon-class>1
158913790293,TYPE,db/queries.ts::program:<lambda>2,<lambda>2,db/queries.ts::program:<lambda>2
158913790294,TYPE,db/queries.ts::program:<lambda>20,<lambda>20,db/queries.ts::program:<lambda>20
158913790295,TYPE,db/queries.ts::program:<lambda>21,<lambda>21,db/queries.ts::program:<lambda>21
158913790296,TYPE,db/queries.ts::program:<lambda>22,<lambda>22,db/queries.ts::program:<lambda>22
158913790297,TYPE,db/queries.ts::program:<lambda>23,<lambda>23,db/queries.ts::program:<lambda>23
158913790298,TYPE,db/queries.ts::program:<lambda>24,<lambda>24,db/queries.ts::program:<lambda>24
158913790299,TYPE,db/queries.ts::program:<lambda>25,<lambda>25,db/queries.ts::program:<lambda>25
158913790300,TYPE,db/queries.ts::program:<lambda>3,<lambda>3,db/queries.ts::program:<lambda>3
158913790301,TYPE,db/queries.ts::program:<lambda>4,<lambda>4,db/queries.ts::program:<lambda>4
158913790302,TYPE,db/queries.ts::program:<lambda>5,<lambda>5,db/queries.ts::program:<lambda>5
158913790303,TYPE,db/queries.ts::program:<lambda>6,<lambda>6,db/queries.ts::program:<lambda>6
158913790304,TYPE,db/queries.ts::program:<lambda>7,<lambda>7,db/queries.ts::program:<lambda>7
158913790305,TYPE,db/queries.ts::program:<lambda>8,<lambda>8,db/queries.ts::program:<lambda>8
158913790306,TYPE,db/queries.ts::program:<lambda>9,<lambda>9,db/queries.ts::program:<lambda>9
158913790307,TYPE,e,e,e
158913790308,TYPE,index.ts::program,:program,index.ts::program
158913790309,TYPE,index.ts::program:<lambda>0,<lambda>0,index.ts::program:<lambda>0
158913790310,TYPE,index.ts::program:<lambda>1,<lambda>1,index.ts::program:<lambda>1
158913790311,TYPE,index.ts::program:<lambda>2,<lambda>2,index.ts::program:<lambda>2
158913790312,TYPE,index.ts::program:<lambda>2:<lambda>3,<lambda>3,index.ts::program:<lambda>2:<lambda>3
158913790313,TYPE,middleware/errorHandler.ts::program,:program,middleware/errorHandler.ts::program
158913790314,TYPE,middleware/errorHandler.ts::program:<lambda>0,<lambda>0,middleware/errorHandler.ts::program:<lambda>0
158913790315,TYPE,number | ANY,number | ANY,number | ANY
158913790316,TYPE,routes/doraMetricsRoutes.ts::program,:program,routes/doraMetricsRoutes.ts::program
158913790317,TYPE,routes/index.ts::program,:program,routes/index.ts::program
158913790318,TYPE,routes/index.ts::program:<lambda>0,<lambda>0,routes/index.ts::program:<lambda>0
158913790319,TYPE,routes/index.ts::program:<lambda>1,<lambda>1,routes/index.ts::program:<lambda>1
158913790320,TYPE,routes/trackingRoutes.ts::program,:program,routes/trackingRoutes.ts::program
158913790321,TYPE,schedulers/weeklyDoraSnapshotScheduler.ts::program,:program,schedulers/weeklyDoraSnapshotScheduler.ts::program
158913790322,TYPE,schedulers/weeklyDoraSnapshotScheduler.ts::program:<lambda>0,<lambda>0,schedulers/weeklyDoraSnapshotScheduler.ts::program:<lambda>0
158913790323,TYPE,schedulers/weeklyDoraSnapshotScheduler.ts::program:<lambda>0:<lambda>1,<lambda>1,schedulers/weeklyDoraSnapshotScheduler.ts::program:<lambda>0:<lambda>1
158913790324,TYPE,services/ai/geminiService.ts::program,:program,services/ai/geminiService.ts::program
158913790325,TYPE,services/ai/geminiService.ts::program:GeminiService,GeminiService,services/ai/geminiService.ts::program:GeminiService
158913790326,TYPE,services/ai/geminiService.ts::program:GeminiService:<init>,<init>,services/ai/geminiService.ts::program:GeminiService:<init>
158913790327,TYPE,services/ai/geminiService.ts::program:GeminiService:buildEnhancedPrompt,buildEnhancedPrompt,services/ai/geminiService.ts::program:GeminiService:buildEnhancedPrompt
158913790328,TYPE,services/ai/geminiService.ts::program:GeminiService:buildEnhancedPrompt:<anon-class>2,<anon-class>2,services/ai/geminiService.ts::program:GeminiService:buildEnhancedPrompt:<anon-class>2
158913790329,TYPE,services/ai/geminiService.ts::program:GeminiService:buildEnhancedPrompt:<anon-class>3,<anon-class>3,services/ai/geminiService.ts::program:GeminiService:buildEnhancedPrompt:<anon-class>3
158913790330,TYPE,services/ai/geminiService.ts::program:GeminiService:extractProjectNameFromExcel,extractProjectNameFromExcel,services/ai/geminiService.ts::program:GeminiService:extractProjectNameFromExcel
158913790331,TYPE,services/ai/geminiService.ts::program:GeminiService:extractProjectNameFromExcel:<anon-class>0,<anon-class>0,services/ai/geminiService.ts::program:GeminiService:extractProjectNameFromExcel:<anon-class>0
158913790332,TYPE,services/ai/geminiService.ts::program:GeminiService:extractProjectNameFromExcel:<anon-class>1,<anon-class>1,services/ai/geminiService.ts::program:GeminiService:extractProjectNameFromExcel:<anon-class>1
158913790333,TYPE,services/ai/geminiService.ts::program:GeminiService:fetchProjectSnapshot,fetchProjectSnapshot,services/ai/geminiService.ts::program:GeminiService:fetchProjectSnapshot
158913790334,TYPE,services/ai/geminiService.ts::program:GeminiService:generateResponseWithExcel,generateResponseWithExcel,services/ai/geminiService.ts::program:GeminiService:generateResponseWithExcel
158913790335,TYPE,services/ai/geminiService.ts::program:GeminiService:generateResponseWithExcel:<lambda>1,<lambda>1,services/ai/geminiService.ts::program:GeminiService:generateResponseWithExcel:<lambda>1
158913790336,TYPE,services/ai/geminiService.ts::program:GeminiService:generateResponseWithFile,generateResponseWithFile,services/ai/geminiService.ts::program:GeminiService:generateResponseWithFile
158913790337,TYPE,services/ai/geminiService.ts::program:GeminiService:generateResponseWithPDF,generateResponseWithPDF,services/ai/geminiService.ts::program:GeminiService:generateResponseWithPDF
158913790338,TYPE,services/ai/geminiService.ts::program:GeminiService:generateTextResponse,generateTextResponse,services/ai/geminiService.ts::program:GeminiService:generateTextResponse
158913790339,TYPE,services/ai/geminiService.ts::program:GeminiService:generateTextResponse:<lambda>0,<lambda>0,services/ai/geminiService.ts::program:GeminiService:generateTextResponse:<lambda>0
158913790340,TYPE,services/ai/geminiService.ts::program:GeminiService:initialize,initialize,services/ai/geminiService.ts::program:GeminiService:initialize
158913790341,TYPE,services/ai/geminiService.ts::program:GeminiService:isConfigured,isConfigured,services/ai/geminiService.ts::program:GeminiService:isConfigured
158913790342,TYPE,services/ai/googleSheetsService.ts::program,:program,services/ai/googleSheetsService.ts::program
158913790343,TYPE,services/ai/googleSheetsService.ts::program:GoogleSheetsService,GoogleSheetsService,services/ai/googleSheetsService.ts::program:GoogleSheetsService
158913790344,TYPE,services/ai/googleSheetsService.ts::program:GoogleSheetsService:<init>,<init>,services/ai/googleSheetsService.ts::program:GoogleSheetsService:<init>
158913790345,TYPE,services/ai/googleSheetsService.ts::program:GoogleSheetsService:downloadAsExcel,downloadAsExcel,services/ai/googleSheetsService.ts::program:GoogleSheetsService:downloadAsExcel
158913790346,TYPE,services/ai/googleSheetsService.ts::program:GoogleSheetsService:extractSpreadsheetId,extractSpreadsheetId,services/ai/googleSheetsService.ts::program:GoogleSheetsService:extractSpreadsheetId
158913790347,TYPE,services/ai/insightsParser.ts::program,:program,services/ai/insightsParser.ts::program
158913790348,TYPE,services/ai/insightsParser.ts::program:<lambda>0,<lambda>0,services/ai/insightsParser.ts::program:<lambda>0
158913790349,TYPE,services/ai/insightsParser.ts::program:<lambda>1,<lambda>1,services/ai/insightsParser.ts::program:<lambda>1
158913790350,TYPE,services/ai/insightsParser.ts::program:<lambda>2,<lambda>2,services/ai/insightsParser.ts::program:<lambda>2
158913790351,TYPE,services/ai/insightsParser.ts::program:<lambda>2:<lambda>3,<lambda>3,services/ai/insightsParser.ts::program:<lambda>2:<lambda>3
158913790352,TYPE,services/ai/projectInsightsService.ts::program,:program,services/ai/projectInsightsService.ts::program
158913790353,TYPE,services/ai/projectInsightsService.ts::program:ProjectInsightsService,ProjectInsightsService,services/ai/projectInsightsService.ts::program:ProjectInsightsService
158913790354,TYPE,services/ai/projectInsightsService.ts::program:ProjectInsightsService:<init>,<init>,services/ai/projectInsightsService.ts::program:ProjectInsightsService:<init>
158913790355,TYPE,services/ai/projectInsightsService.ts::program:ProjectInsightsService:buildInsightsPrompt,buildInsightsPrompt,services/ai/projectInsightsService.ts::program:ProjectInsightsService:buildInsightsPrompt
158913790356,TYPE,services/ai/projectInsightsService.ts::program:ProjectInsightsService:extractProjectRow,extractProjectRow,services/ai/projectInsightsService.ts::program:ProjectInsightsService:extractProjectRow
158913790357,TYPE,services/ai/projectInsightsService.ts::program:ProjectInsightsService:extractProjectRow:<anon-class>0,<anon-class>0,services/ai/projectInsightsService.ts::program:ProjectInsightsService:extractProjectRow:<anon-class>0
158913790358,TYPE,services/ai/projectInsightsService.ts::program:ProjectInsightsService:extractProjectRow:<anon-class>1,<anon-class>1,services/ai/projectInsightsService.ts::program:ProjectInsightsService:extractProjectRow:<anon-class>1
158913790359,TYPE,services/ai/projectInsightsService.ts::program:ProjectInsightsService:generateInsights,generateInsights,services/ai/projectInsightsService.ts::program:ProjectInsightsService:generateInsights
158913790360,TYPE,services/ai/projectInsightsService.ts::program:ProjectInsightsService:generateInsights:<lambda>0,<lambda>0,services/ai/projectInsightsService.ts::program:ProjectInsightsService:generateInsights:<lambda>0
158913790361,TYPE,services/ai/projectInsightsService.ts::program:ProjectInsightsService:loadPrompt,loadPrompt,services/ai/projectInsightsService.ts::program:ProjectInsightsService:loadPrompt
158913790362,TYPE,services/commitMetrics/commitMetricsCalculationService.ts::program,:program,services/commitMetrics/commitMetricsCalculationService.ts::program
158913790363,TYPE,services/commitMetrics/commitMetricsCalculationService.ts::program:CommitMetricsCalculationService,CommitMetricsCalculationService,services/commitMetrics/commitMetricsCalculationService.ts::program:CommitMetricsCalculationService
158913790364,TYPE,services/commitMetrics/commitMetricsCalculationService.ts::program:CommitMetricsCalculationService:<init>,<init>,services/commitMetrics/commitMetricsCalculationService.ts::program:CommitMetricsCalculationService:<init>
158913790365,TYPE,services/commitMetrics/commitMetricsCalculationService.ts::program:CommitMetricsCalculationService:calculateAvgCommitSize,calculateAvgCommitSize,services/commitMetrics/commitMetricsCalculationService.ts::program:CommitMetricsCalculationService:calculateAvgCommitSize
158913790366,TYPE,services/commitMetrics/commitMetricsCalculationService.ts::program:CommitMetricsCalculationService:calculateAvgCommitSize:<lambda>1,<lambda>1,services/commitMetrics/commitMetricsCalculationService.ts::program:CommitMetricsCalculationService:calculateAvgCommitSize:<lambda>1
158913790367,TYPE,services/commitMetrics/commitMetricsCalculationService.ts::program:CommitMetricsCalculationService:calculateBusFactor,calculateBusFactor,services/commitMetrics/commitMetricsCalculationService.ts::program:CommitMetricsCalculationService:calculateBusFactor
158913790368,TYPE,services/commitMetrics/commitMetricsCalculationService.ts::program:CommitMetricsCalculationService:calculateBusFactor:<lambda>3,<lambda>3,services/commitMetrics/commitMetricsCalculationService.ts::program:CommitMetricsCalculationService:calculateBusFactor:<lambda>3
158913790369,TYPE,services/commitMetrics/commitMetricsCalculationService.ts::program:CommitMetricsCalculationService:calculateBusFactor:<lambda>4,<lambda>4,services/commitMetrics/commitMetricsCalculationService.ts::program:CommitMetricsCalculationService:calculateBusFactor:<lambda>4
158913790370,TYPE,services/commitMetrics/commitMetricsCalculationService.ts::program:CommitMetricsCalculationService:calculateLinesAddedDeleted,calculateLinesAddedDeleted,services/commitMetrics/commitMetricsCalculationService.ts::program:CommitMetricsCalculationService:calculateLinesAddedDeleted
158913790371,TYPE,services/commitMetrics/commitMetricsCalculationService.ts::program:CommitMetricsCalculationService:calculateLinesAddedDeleted:<lambda>2,<lambda>2,services/commitMetrics/commitMetricsCalculationService.ts::program:CommitMetricsCalculationService:calculateLinesAddedDeleted:<lambda>2
158913790372,TYPE,services/commitMetrics/commitMetricsCalculationService.ts::program:CommitMetricsCalculationService:calculateMetrics,calculateMetrics,services/commitMetrics/commitMetricsCalculationService.ts::program:CommitMetricsCalculationService:calculateMetrics
158913790373,TYPE,services/commitMetrics/commitMetricsCalculationService.ts::program:CommitMetricsCalculationService:calculateMetrics:<lambda>0,<lambda>0,services/commitMetrics/commitMetricsCalculationService.ts::program:CommitMetricsCalculationService:calculateMetrics:<lambda>0
158913790374,TYPE,services/commitMetrics/commitMetricsDbService.ts::program,:program,services/commitMetrics/commitMetricsDbService.ts::program
158913790375,TYPE,services/commitMetrics/commitMetricsDbService.ts::program:CommitMetricsDbService,CommitMetricsDbService,services/commitMetrics/commitMetricsDbService.ts::program:CommitMetricsDbService
158913790376,TYPE,services/commitMetrics/commitMetricsDbService.ts::program:CommitMetricsDbService:<init>,<init>,services/commitMetrics/commitMetricsDbService.ts::program:CommitMetricsDbService:<init>
158913790377,TYPE,services/commitMetrics/commitMetricsDbService.ts::program:CommitMetricsDbService:deleteMetrics,deleteMetrics,services/commitMetrics/commitMetricsDbService.ts::program:CommitMetricsDbService:deleteMetrics
158913790378,TYPE,services/commitMetrics/commitMetricsDbService.ts::program:CommitMetricsDbService:getAllMetrics,getAllMetrics,services/commitMetrics/commitMetricsDbService.ts::program:CommitMetricsDbService:getAllMetrics
158913790379,TYPE,services/commitMetrics/commitMetricsDbService.ts::program:CommitMetricsDbService:getMetrics,getMetrics,services/commitMetrics/commitMetricsDbService.ts::program:CommitMetricsDbService:getMetrics
158913790380,TYPE,services/commitMetrics/commitMetricsDbService.ts::program:CommitMetricsDbService:getMetricsHistory,getMetricsHistory,services/commitMetrics/commitMetricsDbService.ts::program:CommitMetricsDbService:getMetricsHistory
158913790381,TYPE,services/commitMetrics/commitMetricsDbService.ts::program:CommitMetricsDbService:saveHistoricalSnapshot,saveHistoricalSnapshot,services/commitMetrics/commitMetricsDbService.ts::program:CommitMetricsDbService:saveHistoricalSnapshot
158913790382,TYPE,services/commitMetrics/commitMetricsDbService.ts::program:CommitMetricsDbService:saveMetrics,saveMetrics,services/commitMetrics/commitMetricsDbService.ts::program:CommitMetricsDbService:saveMetrics
158913790383,TYPE,services/commitMetrics/commitMetricsSyncService.ts::program,:program,services/commitMetrics/commitMetricsSyncService.ts::program
158913790384,TYPE,services/commitMetrics/commitMetricsSyncService.ts::program:CommitMetricsSyncService,CommitMetricsSyncService,services/commitMetrics/commitMetricsSyncService.ts::program:CommitMetricsSyncService
158913790385,TYPE,services/commitMetrics/commitMetricsSyncService.ts::program:CommitMetricsSyncService:<init>,<init>,services/commitMetrics/commitMetricsSyncService.ts::program:CommitMetricsSyncService:<init>
158913790386,TYPE,services/commitMetrics/commitMetricsSyncService.ts::program:CommitMetricsSyncService:fetchGitLabData,fetchGitLabData,services/commitMetrics/commitMetricsSyncService.ts::program:CommitMetricsSyncService:fetchGitLabData
158913790387,TYPE,services/commitMetrics/commitMetricsSyncService.ts::program:CommitMetricsSyncService:syncCommitMetrics,syncCommitMetrics,services/commitMetrics/commitMetricsSyncService.ts::program:CommitMetricsSyncService:syncCommitMetrics
158913790388,TYPE,services/doraMetrics/doraMetricsCalculationService.ts::program,:program,services/doraMetrics/doraMetricsCalculationService.ts::program
158913790389,TYPE,services/doraMetrics/doraMetricsCalculationService.ts::program:<lambda>0,<lambda>0,services/doraMetrics/doraMetricsCalculationService.ts::program:<lambda>0
158913790390,TYPE,services/doraMetrics/doraMetricsDbService.ts::program,:program,services/doraMetrics/doraMetricsDbService.ts::program
158913790391,TYPE,services/doraMetrics/doraMetricsDbService.ts::program:<lambda>0,<lambda>0,services/doraMetrics/doraMetricsDbService.ts::program:<lambda>0
158913790392,TYPE,services/doraMetrics/doraMetricsDbService.ts::program:<lambda>1,<lambda>1,services/doraMetrics/doraMetricsDbService.ts::program:<lambda>1
158913790393,TYPE,services/doraMetrics/doraMetricsDbService.ts::program:<lambda>10,<lambda>10,services/doraMetrics/doraMetricsDbService.ts::program:<lambda>10
158913790394,TYPE,services/doraMetrics/doraMetricsDbService.ts::program:<lambda>11,<lambda>11,services/doraMetrics/doraMetricsDbService.ts::program:<lambda>11
158913790395,TYPE,services/doraMetrics/doraMetricsDbService.ts::program:<lambda>12,<lambda>12,services/doraMetrics/doraMetricsDbService.ts::program:<lambda>12
158913790396,TYPE,services/doraMetrics/doraMetricsDbService.ts::program:<lambda>2,<lambda>2,services/doraMetrics/doraMetricsDbService.ts::program:<lambda>2
158913790397,TYPE,services/doraMetrics/doraMetricsDbService.ts::program:<lambda>3,<lambda>3,services/doraMetrics/doraMetricsDbService.ts::program:<lambda>3
158913790398,TYPE,services/doraMetrics/doraMetricsDbService.ts::program:<lambda>4,<lambda>4,services/doraMetrics/doraMetricsDbService.ts::program:<lambda>4
158913790399,TYPE,services/doraMetrics/doraMetricsDbService.ts::program:<lambda>5,<lambda>5,services/doraMetrics/doraMetricsDbService.ts::program:<lambda>5
158913790400,TYPE,services/doraMetrics/doraMetricsDbService.ts::program:<lambda>6,<lambda>6,services/doraMetrics/doraMetricsDbService.ts::program:<lambda>6
158913790401,TYPE,services/doraMetrics/doraMetricsDbService.ts::program:<lambda>7,<lambda>7,services/doraMetrics/doraMetricsDbService.ts::program:<lambda>7
158913790402,TYPE,services/doraMetrics/doraMetricsDbService.ts::program:<lambda>8,<lambda>8,services/doraMetrics/doraMetricsDbService.ts::program:<lambda>8
158913790403,TYPE,services/doraMetrics/doraMetricsDbService.ts::program:<lambda>9,<lambda>9,services/doraMetrics/doraMetricsDbService.ts::program:<lambda>9
158913790404,TYPE,services/doraMetrics/doraTrendsService.ts::program,:program,services/doraMetrics/doraTrendsService.ts::program
158913790405,TYPE,services/doraMetrics/doraTrendsService.ts::program:<lambda>0,<lambda>0,services/doraMetrics/doraTrendsService.ts::program:<lambda>0
158913790406,TYPE,services/doraMetrics/doraTrendsService.ts::program:<lambda>0:<lambda>1,<lambda>1,services/doraMetrics/doraTrendsService.ts::program:<lambda>0:<lambda>1
158913790407,TYPE,services/doraMetrics/doraTrendsService.ts::program:<lambda>0:<lambda>10,<lambda>10,services/doraMetrics/doraTrendsService.ts::program:<lambda>0:<lambda>10
158913790408,TYPE,services/doraMetrics/doraTrendsService.ts::program:<lambda>0:<lambda>11,<lambda>11,services/doraMetrics/doraTrendsService.ts::program:<lambda>0:<lambda>11
158913790409,TYPE,services/doraMetrics/doraTrendsService.ts::program:<lambda>0:<lambda>12,<lambda>12,services/doraMetrics/doraTrendsService.ts::program:<lambda>0:<lambda>12
158913790410,TYPE,services/doraMetrics/doraTrendsService.ts::program:<lambda>0:<lambda>13,<lambda>13,services/doraMetrics/doraTrendsService.ts::program:<lambda>0:<lambda>13
158913790411,TYPE,services/doraMetrics/doraTrendsService.ts::program:<lambda>0:<lambda>14,<lambda>14,services/doraMetrics/doraTrendsService.ts::program:<lambda>0:<lambda>14
158913790412,TYPE,services/doraMetrics/doraTrendsService.ts::program:<lambda>0:<lambda>15,<lambda>15,services/doraMetrics/doraTrendsService.ts::program:<lambda>0:<lambda>15
158913790413,TYPE,services/doraMetrics/doraTrendsService.ts::program:<lambda>0:<lambda>16,<lambda>16,services/doraMetrics/doraTrendsService.ts::program:<lambda>0:<lambda>16
158913790414,TYPE,services/doraMetrics/doraTrendsService.ts::program:<lambda>0:<lambda>17,<lambda>17,services/doraMetrics/doraTrendsService.ts::program:<lambda>0:<lambda>17
158913790415,TYPE,services/doraMetrics/doraTrendsService.ts::program:<lambda>0:<lambda>18,<lambda>18,services/doraMetrics/doraTrendsService.ts::program:<lambda>0:<lambda>18
158913790416,TYPE,services/doraMetrics/doraTrendsService.ts::program:<lambda>0:<lambda>19,<lambda>19,services/doraMetrics/doraTrendsService.ts::program:<lambda>0:<lambda>19
158913790417,TYPE,services/doraMetrics/doraTrendsService.ts::program:<lambda>0:<lambda>2,<lambda>2,services/doraMetrics/doraTrendsService.ts::program:<lambda>0:<lambda>2
158913790418,TYPE,services/doraMetrics/doraTrendsService.ts::program:<lambda>0:<lambda>20,<lambda>20,services/doraMetrics/doraTrendsService.ts::program:<lambda>0:<lambda>20
158913790419,TYPE,services/doraMetrics/doraTrendsService.ts::program:<lambda>0:<lambda>21,<lambda>21,services/doraMetrics/doraTrendsService.ts::program:<lambda>0:<lambda>21
158913790420,TYPE,services/doraMetrics/doraTrendsService.ts::program:<lambda>0:<lambda>3,<lambda>3,services/doraMetrics/doraTrendsService.ts::program:<lambda>0:<lambda>3
158913790421,TYPE,services/doraMetrics/doraTrendsService.ts::program:<lambda>0:<lambda>4,<lambda>4,services/doraMetrics/doraTrendsService.ts::program:<lambda>0:<lambda>4
158913790422,TYPE,services/doraMetrics/doraTrendsService.ts::program:<lambda>0:<lambda>5,<lambda>5,services/doraMetrics/doraTrendsService.ts::program:<lambda>0:<lambda>5
158913790423,TYPE,services/doraMetrics/doraTrendsService.ts::program:<lambda>0:<lambda>6,<lambda>6,services/doraMetrics/doraTrendsService.ts::program:<lambda>0:<lambda>6
158913790424,TYPE,services/doraMetrics/doraTrendsService.ts::program:<lambda>0:<lambda>7,<lambda>7,services/doraMetrics/doraTrendsService.ts::program:<lambda>0:<lambda>7
158913790425,TYPE,services/doraMetrics/doraTrendsService.ts::program:<lambda>0:<lambda>8,<lambda>8,services/doraMetrics/doraTrendsService.ts::program:<lambda>0:<lambda>8
158913790426,TYPE,services/doraMetrics/doraTrendsService.ts::program:<lambda>0:<lambda>9,<lambda>9,services/doraMetrics/doraTrendsService.ts::program:<lambda>0:<lambda>9
158913790427,TYPE,services/doraMetrics/doraTrendsService.ts::program:DoraTrendDataPoint,DoraTrendDataPoint,services/doraMetrics/doraTrendsService.ts::program:DoraTrendDataPoint
158913790428,TYPE,services/doraMetrics/doraTrendsService.ts::program:DoraTrendDataPoint:<init>,<init>,services/doraMetrics/doraTrendsService.ts::program:DoraTrendDataPoint:<init>
158913790429,TYPE,services/doraMetrics/doraTrendsService.ts::program:DoraTrendResponse,DoraTrendResponse,services/doraMetrics/doraTrendsService.ts::program:DoraTrendResponse
158913790430,TYPE,services/doraMetrics/doraTrendsService.ts::program:DoraTrendResponse:<init>,<init>,services/doraMetrics/doraTrendsService.ts::program:DoraTrendResponse:<init>
158913790431,TYPE,services/doraMetrics/doraTrendsService.ts::program:calculateTrend,calculateTrend,services/doraMetrics/doraTrendsService.ts::program:calculateTrend
158913790432,TYPE,services/doraMetrics/weeklyDoraSnapshotService.ts::program,:program,services/doraMetrics/weeklyDoraSnapshotService.ts::program
158913790433,TYPE,services/doraMetrics/weeklyDoraSnapshotService.ts::program:<lambda>0,<lambda>0,services/doraMetrics/weeklyDoraSnapshotService.ts::program:<lambda>0
158913790434,TYPE,services/doraMetrics/weeklyDoraSnapshotService.ts::program:<lambda>1,<lambda>1,services/doraMetrics/weeklyDoraSnapshotService.ts::program:<lambda>1
158913790435,TYPE,services/doraMetrics/weeklyDoraSnapshotService.ts::program:<lambda>1:<lambda>2,<lambda>2,services/doraMetrics/weeklyDoraSnapshotService.ts::program:<lambda>1:<lambda>2
158913790436,TYPE,services/doraMetrics/weeklyDoraSnapshotService.ts::program:<lambda>3,<lambda>3,services/doraMetrics/weeklyDoraSnapshotService.ts::program:<lambda>3
158913790437,TYPE,services/doraMetrics/weeklyDoraSnapshotService.ts::program:<lambda>4,<lambda>4,services/doraMetrics/weeklyDoraSnapshotService.ts::program:<lambda>4
158913790438,TYPE,services/doraMetrics/weeklyDoraSnapshotService.ts::program:<lambda>5,<lambda>5,services/doraMetrics/weeklyDoraSnapshotService.ts::program:<lambda>5
158913790439,TYPE,services/doraMetrics/weeklyDoraSnapshotService.ts::program:WeeklyDoraSnapshot,WeeklyDoraSnapshot,services/doraMetrics/weeklyDoraSnapshotService.ts::program:WeeklyDoraSnapshot
158913790440,TYPE,services/doraMetrics/weeklyDoraSnapshotService.ts::program:WeeklyDoraSnapshot:<init>,<init>,services/doraMetrics/weeklyDoraSnapshotService.ts::program:WeeklyDoraSnapshot:<init>
158913790441,TYPE,services/gitlab/gitLabCommitService.ts::program,:program,services/gitlab/gitLabCommitService.ts::program
158913790442,TYPE,services/gitlab/gitLabCommitService.ts::program:GitLabCommitService,GitLabCommitService,services/gitlab/gitLabCommitService.ts::program:GitLabCommitService
158913790443,TYPE,services/gitlab/gitLabCommitService.ts::program:GitLabCommitService:<init>,<init>,services/gitlab/gitLabCommitService.ts::program:GitLabCommitService:<init>
158913790444,TYPE,services/gitlab/gitLabCommitService.ts::program:GitLabCommitService:<init>:<lambda>0,<lambda>0,services/gitlab/gitLabCommitService.ts::program:GitLabCommitService:<init>:<lambda>0
158913790445,TYPE,services/gitlab/gitLabCommitService.ts::program:GitLabCommitService:<init>:<lambda>1,<lambda>1,services/gitlab/gitLabCommitService.ts::program:GitLabCommitService:<init>:<lambda>1
158913790446,TYPE,services/gitlab/gitLabCommitService.ts::program:GitLabCommitService:<init>:<lambda>2,<lambda>2,services/gitlab/gitLabCommitService.ts::program:GitLabCommitService:<init>:<lambda>2
158913790447,TYPE,services/gitlab/gitLabIssueService.ts::program,:program,services/gitlab/gitLabIssueService.ts::program
158913790448,TYPE,services/gitlab/gitLabIssueService.ts::program:GitLabIssueService,GitLabIssueService,services/gitlab/gitLabIssueService.ts::program:GitLabIssueService
158913790449,TYPE,services/gitlab/gitLabIssueService.ts::program:GitLabIssueService:<init>,<init>,services/gitlab/gitLabIssueService.ts::program:GitLabIssueService:<init>
158913790450,TYPE,services/gitlab/gitLabIssueService.ts::program:GitLabIssueService:<init>:<lambda>0,<lambda>0,services/gitlab/gitLabIssueService.ts::program:GitLabIssueService:<init>:<lambda>0
158913790451,TYPE,services/gitlab/gitLabIssueService.ts::program:GitLabIssueService:<init>:<lambda>1,<lambda>1,services/gitlab/gitLabIssueService.ts::program:GitLabIssueService:<init>:<lambda>1
158913790452,TYPE,services/gitlab/gitLabIssueService.ts::program:GitLabIssueService:<init>:<lambda>2,<lambda>2,services/gitlab/gitLabIssueService.ts::program:GitLabIssueService:<init>:<lambda>2
158913790453,TYPE,services/gitlab/gitLabIssueService.ts::program:GitLabIssueService:<init>:<lambda>3,<lambda>3,services/gitlab/gitLabIssueService.ts::program:GitLabIssueService:<init>:<lambda>3
158913790454,TYPE,services/gitlab/gitLabIssueService.ts::program:GitLabIssueService:<init>:<lambda>4,<lambda>4,services/gitlab/gitLabIssueService.ts::program:GitLabIssueService:<init>:<lambda>4
158913790455,TYPE,services/gitlab/gitLabIssueService.ts::program:GitLabIssueService:<init>:<lambda>5,<lambda>5,services/gitlab/gitLabIssueService.ts::program:GitLabIssueService:<init>:<lambda>5
158913790456,TYPE,services/gitlab/gitLabIssueService.ts::program:GitLabIssueService:<init>:<lambda>6,<lambda>6,services/gitlab/gitLabIssueService.ts::program:GitLabIssueService:<init>:<lambda>6
158913790457,TYPE,services/gitlab/gitLabIssueService.ts::program:GitLabIssueService:<init>:<lambda>7,<lambda>7,services/gitlab/gitLabIssueService.ts::program:GitLabIssueService:<init>:<lambda>7
158913790458,TYPE,services/gitlab/gitLabIssueService.ts::program:GitLabIssueService:<init>:<lambda>8,<lambda>8,services/gitlab/gitLabIssueService.ts::program:GitLabIssueService:<init>:<lambda>8
158913790459,TYPE,services/gitlab/gitLabMRService.ts::program,:program,services/gitlab/gitLabMRService.ts::program
158913790460,TYPE,services/gitlab/gitLabMRService.ts::program:GitLabMRService,GitLabMRService,services/gitlab/gitLabMRService.ts::program:GitLabMRService
158913790461,TYPE,services/gitlab/gitLabMRService.ts::program:GitLabMRService:<init>,<init>,services/gitlab/gitLabMRService.ts::program:GitLabMRService:<init>
158913790462,TYPE,services/gitlab/gitLabMRService.ts::program:GitLabMRService:<init>:<lambda>0,<lambda>0,services/gitlab/gitLabMRService.ts::program:GitLabMRService:<init>:<lambda>0
158913790463,TYPE,services/gitlab/gitLabMRService.ts::program:GitLabMRService:<init>:<lambda>1,<lambda>1,services/gitlab/gitLabMRService.ts::program:GitLabMRService:<init>:<lambda>1
158913790464,TYPE,services/gitlab/gitLabMRService.ts::program:GitLabMRService:<init>:<lambda>2,<lambda>2,services/gitlab/gitLabMRService.ts::program:GitLabMRService:<init>:<lambda>2
158913790465,TYPE,services/gitlab/gitLabMRService.ts::program:GitLabMRService:<init>:<lambda>3,<lambda>3,services/gitlab/gitLabMRService.ts::program:GitLabMRService:<init>:<lambda>3
158913790466,TYPE,services/gitlab/gitLabMRService.ts::program:GitLabMRService:<init>:<lambda>4,<lambda>4,services/gitlab/gitLabMRService.ts::program:GitLabMRService:<init>:<lambda>4
158913790467,TYPE,services/gitlab/gitLabMRService.ts::program:GitLabMRService:<init>:<lambda>5,<lambda>5,services/gitlab/gitLabMRService.ts::program:GitLabMRService:<init>:<lambda>5
158913790468,TYPE,services/gitlab/gitLabMRService.ts::program:GitLabMRService:<init>:<lambda>6,<lambda>6,services/gitlab/gitLabMRService.ts::program:GitLabMRService:<init>:<lambda>6
158913790469,TYPE,services/gitlab/gitLabMRService.ts::program:GitLabMRService:<init>:<lambda>7,<lambda>7,services/gitlab/gitLabMRService.ts::program:GitLabMRService:<init>:<lambda>7
158913790470,TYPE,services/gitlab/gitLabMRService.ts::program:GitLabMRService:<init>:<lambda>7:<lambda>8,<lambda>8,services/gitlab/gitLabMRService.ts::program:GitLabMRService:<init>:<lambda>7:<lambda>8
158913790471,TYPE,services/gitlab/gitLabMemberService.ts::program,:program,services/gitlab/gitLabMemberService.ts::program
158913790472,TYPE,services/gitlab/gitLabMemberService.ts::program:GitLabMemberService,GitLabMemberService,services/gitlab/gitLabMemberService.ts::program:GitLabMemberService
158913790473,TYPE,services/gitlab/gitLabMemberService.ts::program:GitLabMemberService:<init>,<init>,services/gitlab/gitLabMemberService.ts::program:GitLabMemberService:<init>
158913790474,TYPE,services/gitlab/gitLabMemberService.ts::program:GitLabMemberService:<init>:<lambda>0,<lambda>0,services/gitlab/gitLabMemberService.ts::program:GitLabMemberService:<init>:<lambda>0
158913790475,TYPE,services/gitlab/gitLabMemberService.ts::program:GitLabMemberService:<init>:<lambda>1,<lambda>1,services/gitlab/gitLabMemberService.ts::program:GitLabMemberService:<init>:<lambda>1
158913790476,TYPE,services/gitlab/gitLabMemberService.ts::program:GitLabMemberService:<init>:<lambda>1:<lambda>2,<lambda>2,services/gitlab/gitLabMemberService.ts::program:GitLabMemberService:<init>:<lambda>1:<lambda>2
158913790477,TYPE,services/gitlab/gitlabAuthService.ts::program,:program,services/gitlab/gitlabAuthService.ts::program
158913790478,TYPE,services/gitlab/gitlabAuthService.ts::program:GitLabAuthService,GitLabAuthService,services/gitlab/gitlabAuthService.ts::program:GitLabAuthService
158913790479,TYPE,services/gitlab/gitlabAuthService.ts::program:GitLabAuthService:<init>,<init>,services/gitlab/gitlabAuthService.ts::program:GitLabAuthService:<init>
158913790480,TYPE,services/gitlab/gitlabAuthService.ts::program:GitLabAuthService:<init>:<lambda>0,<lambda>0,services/gitlab/gitlabAuthService.ts::program:GitLabAuthService:<init>:<lambda>0
158913790481,TYPE,services/gitlab/gitlabAuthService.ts::program:GitLabAuthService:<init>:<lambda>1,<lambda>1,services/gitlab/gitlabAuthService.ts::program:GitLabAuthService:<init>:<lambda>1
158913790482,TYPE,services/gitlab/gitlabClient.ts::program,:program,services/gitlab/gitlabClient.ts::program
158913790483,TYPE,services/gitlab/gitlabClient.ts::program:GitLabClient,GitLabClient,services/gitlab/gitlabClient.ts::program:GitLabClient
158913790484,TYPE,services/gitlab/gitlabClient.ts::program:GitLabClient:<init>,<init>,services/gitlab/gitlabClient.ts::program:GitLabClient:<init>
158913790485,TYPE,services/gitlab/gitlabClient.ts::program:GitLabClient:<init>:<lambda>0,<lambda>0,services/gitlab/gitlabClient.ts::program:GitLabClient:<init>:<lambda>0
158913790486,TYPE,services/gitlab/gitlabClient.ts::program:GitLabClient:<init>:<lambda>1,<lambda>1,services/gitlab/gitlabClient.ts::program:GitLabClient:<init>:<lambda>1
158913790487,TYPE,services/gitlab/gitlabGroupService.ts::program,:program,services/gitlab/gitlabGroupService.ts::program
158913790488,TYPE,services/gitlab/gitlabGroupService.ts::program:GitLabGroupService,GitLabGroupService,services/gitlab/gitlabGroupService.ts::program:GitLabGroupService
158913790489,TYPE,services/gitlab/gitlabGroupService.ts::program:GitLabGroupService:<init>,<init>,services/gitlab/gitlabGroupService.ts::program:GitLabGroupService:<init>
158913790490,TYPE,services/gitlab/gitlabGroupService.ts::program:GitLabGroupService:<init>:<lambda>0,<lambda>0,services/gitlab/gitlabGroupService.ts::program:GitLabGroupService:<init>:<lambda>0
158913790491,TYPE,services/gitlab/gitlabGroupService.ts::program:GitLabGroupService:<init>:<lambda>1,<lambda>1,services/gitlab/gitlabGroupService.ts::program:GitLabGroupService:<init>:<lambda>1
158913790492,TYPE,services/gitlab/gitlabGroupService.ts::program:GitLabGroupService:<init>:<lambda>2,<lambda>2,services/gitlab/gitlabGroupService.ts::program:GitLabGroupService:<init>:<lambda>2
158913790493,TYPE,services/gitlab/gitlabMilestoneService.ts::program,:program,services/gitlab/gitlabMilestoneService.ts::program
158913790494,TYPE,services/gitlab/gitlabMilestoneService.ts::program:GitLabMilestoneService,GitLabMilestoneService,services/gitlab/gitlabMilestoneService.ts::program:GitLabMilestoneService
158913790495,TYPE,services/gitlab/gitlabMilestoneService.ts::program:GitLabMilestoneService:<init>,<init>,services/gitlab/gitlabMilestoneService.ts::program:GitLabMilestoneService:<init>
158913790496,TYPE,services/gitlab/gitlabMilestoneService.ts::program:GitLabMilestoneService:<init>:<lambda>0,<lambda>0,services/gitlab/gitlabMilestoneService.ts::program:GitLabMilestoneService:<init>:<lambda>0
158913790497,TYPE,services/gitlab/gitlabMilestoneService.ts::program:GitLabMilestoneService:<init>:<lambda>0:<lambda>1,<lambda>1,services/gitlab/gitlabMilestoneService.ts::program:GitLabMilestoneService:<init>:<lambda>0:<lambda>1
158913790498,TYPE,services/gitlab/gitlabProjectService.ts::program,:program,services/gitlab/gitlabProjectService.ts::program
158913790499,TYPE,services/gitlab/gitlabProjectService.ts::program:GitLabProjectService,GitLabProjectService,services/gitlab/gitlabProjectService.ts::program:GitLabProjectService
158913790500,TYPE,services/gitlab/gitlabProjectService.ts::program:GitLabProjectService:<init>,<init>,services/gitlab/gitlabProjectService.ts::program:GitLabProjectService:<init>
158913790501,TYPE,services/gitlab/gitlabProjectService.ts::program:GitLabProjectService:<init>:<lambda>0,<lambda>0,services/gitlab/gitlabProjectService.ts::program:GitLabProjectService:<init>:<lambda>0
158913790502,TYPE,services/gitlab/gitlabProjectService.ts::program:GitLabProjectService:<init>:<lambda>1,<lambda>1,services/gitlab/gitlabProjectService.ts::program:GitLabProjectService:<init>:<lambda>1
158913790503,TYPE,services/gitlab/index.ts::program,:program,services/gitlab/index.ts::program
158913790504,TYPE,services/issueMetrics/issueMetricsCalculationService.ts::program,:program,services/issueMetrics/issueMetricsCalculationService.ts::program
158913790505,TYPE,services/issueMetrics/issueMetricsCalculationService.ts::program:IssueMetricsCalculationService,IssueMetricsCalculationService,services/issueMetrics/issueMetricsCalculationService.ts::program:IssueMetricsCalculationService
158913790506,TYPE,services/issueMetrics/issueMetricsCalculationService.ts::program:IssueMetricsCalculationService:<init>,<init>,services/issueMetrics/issueMetricsCalculationService.ts::program:IssueMetricsCalculationService:<init>
158913790507,TYPE,services/issueMetrics/issueMetricsCalculationService.ts::program:IssueMetricsCalculationService:calculateBugRatio,calculateBugRatio,services/issueMetrics/issueMetricsCalculationService.ts::program:IssueMetricsCalculationService:calculateBugRatio
158913790508,TYPE,services/issueMetrics/issueMetricsCalculationService.ts::program:IssueMetricsCalculationService:calculateClosureRate,calculateClosureRate,services/issueMetrics/issueMetricsCalculationService.ts::program:IssueMetricsCalculationService:calculateClosureRate
158913790509,TYPE,services/issueMetrics/issueMetricsCalculationService.ts::program:IssueMetricsCalculationService:calculateCriticalMetrics,calculateCriticalMetrics,services/issueMetrics/issueMetricsCalculationService.ts::program:IssueMetricsCalculationService:calculateCriticalMetrics
158913790510,TYPE,services/issueMetrics/issueMetricsCalculationService.ts::program:IssueMetricsCalculationService:calculateCriticalMetrics:<lambda>2,<lambda>2,services/issueMetrics/issueMetricsCalculationService.ts::program:IssueMetricsCalculationService:calculateCriticalMetrics:<lambda>2
158913790511,TYPE,services/issueMetrics/issueMetricsCalculationService.ts::program:IssueMetricsCalculationService:calculateCriticalMetrics:<lambda>3,<lambda>3,services/issueMetrics/issueMetricsCalculationService.ts::program:IssueMetricsCalculationService:calculateCriticalMetrics:<lambda>3
158913790512,TYPE,services/issueMetrics/issueMetricsCalculationService.ts::program:IssueMetricsCalculationService:calculateCriticalMetrics:<lambda>4,<lambda>4,services/issueMetrics/issueMetricsCalculationService.ts::program:IssueMetricsCalculationService:calculateCriticalMetrics:<lambda>4
158913790513,TYPE,services/issueMetrics/issueMetricsCalculationService.ts::program:IssueMetricsCalculationService:calculateCriticalMetrics:<lambda>5,<lambda>5,services/issueMetrics/issueMetricsCalculationService.ts::program:IssueMetricsCalculationService:calculateCriticalMetrics:<lambda>5
158913790514,TYPE,services/issueMetrics/issueMetricsCalculationService.ts::program:IssueMetricsCalculationService:calculateCycleTime,calculateCycleTime,services/issueMetrics/issueMetricsCalculationService.ts::program:IssueMetricsCalculationService:calculateCycleTime
158913790515,TYPE,services/issueMetrics/issueMetricsCalculationService.ts::program:IssueMetricsCalculationService:calculateCycleTime:<lambda>0,<lambda>0,services/issueMetrics/issueMetricsCalculationService.ts::program:IssueMetricsCalculationService:calculateCycleTime:<lambda>0
158913790516,TYPE,services/issueMetrics/issueMetricsCalculationService.ts::program:IssueMetricsCalculationService:calculateMRLinkRate,calculateMRLinkRate,services/issueMetrics/issueMetricsCalculationService.ts::program:IssueMetricsCalculationService:calculateMRLinkRate
158913790517,TYPE,services/issueMetrics/issueMetricsCalculationService.ts::program:IssueMetricsCalculationService:calculateMetrics,calculateMetrics,services/issueMetrics/issueMetricsCalculationService.ts::program:IssueMetricsCalculationService:calculateMetrics
158913790518,TYPE,services/issueMetrics/issueMetricsCalculationService.ts::program:IssueMetricsCalculationService:calculateMetrics:<anon-class>0,<anon-class>0,services/issueMetrics/issueMetricsCalculationService.ts::program:IssueMetricsCalculationService:calculateMetrics:<anon-class>0
158913790519,TYPE,services/issueMetrics/issueMetricsCalculationService.ts::program:IssueMetricsCalculationService:calculateMetrics:<anon-class>1,<anon-class>1,services/issueMetrics/issueMetricsCalculationService.ts::program:IssueMetricsCalculationService:calculateMetrics:<anon-class>1
158913790520,TYPE,services/issueMetrics/issueMetricsCalculationService.ts::program:IssueMetricsCalculationService:calculateMetrics:<anon-class>2,<anon-class>2,services/issueMetrics/issueMetricsCalculationService.ts::program:IssueMetricsCalculationService:calculateMetrics:<anon-class>2
158913790521,TYPE,services/issueMetrics/issueMetricsCalculationService.ts::program:IssueMetricsCalculationService:calculateMetrics:<anon-class>3,<anon-class>3,services/issueMetrics/issueMetricsCalculationService.ts::program:IssueMetricsCalculationService:calculateMetrics:<anon-class>3
158913790522,TYPE,services/issueMetrics/issueMetricsCalculationService.ts::program:IssueMetricsCalculationService:calculateReopenRate,calculateReopenRate,services/issueMetrics/issueMetricsCalculationService.ts::program:IssueMetricsCalculationService:calculateReopenRate
158913790523,TYPE,services/issueMetrics/issueMetricsCalculationService.ts::program:IssueMetricsCalculationService:calculateStaleIssues,calculateStaleIssues,services/issueMetrics/issueMetricsCalculationService.ts::program:IssueMetricsCalculationService:calculateStaleIssues
158913790524,TYPE,services/issueMetrics/issueMetricsCalculationService.ts::program:IssueMetricsCalculationService:calculateStaleIssues:<lambda>1,<lambda>1,services/issueMetrics/issueMetricsCalculationService.ts::program:IssueMetricsCalculationService:calculateStaleIssues:<lambda>1
158913790525,TYPE,services/issueMetrics/issueMetricsCalculationService.ts::program:IssueMetricsCalculationService:getBugRatioAlertLevel,getBugRatioAlertLevel,services/issueMetrics/issueMetricsCalculationService.ts::program:IssueMetricsCalculationService:getBugRatioAlertLevel
158913790526,TYPE,services/issueMetrics/issueMetricsCalculationService.ts::program:IssueMetricsCalculationService:getCycleTimeAlertLevel,getCycleTimeAlertLevel,services/issueMetrics/issueMetricsCalculationService.ts::program:IssueMetricsCalculationService:getCycleTimeAlertLevel
158913790527,TYPE,services/issueMetrics/issueMetricsCalculationService.ts::program:IssueMetricsCalculationService:getReopenRateAlertLevel,getReopenRateAlertLevel,services/issueMetrics/issueMetricsCalculationService.ts::program:IssueMetricsCalculationService:getReopenRateAlertLevel
158913790528,TYPE,services/issueMetrics/issueMetricsCalculationService.ts::program:IssueMetricsCalculationService:getVelocityAlertLevel,getVelocityAlertLevel,services/issueMetrics/issueMetricsCalculationService.ts::program:IssueMetricsCalculationService:getVelocityAlertLevel
158913790529,TYPE,services/issueMetrics/issueMetricsCalculationService.ts::program:IssueMetricsCalculationService:isIssueReopened,isIssueReopened,services/issueMetrics/issueMetricsCalculationService.ts::program:IssueMetricsCalculationService:isIssueReopened
158913790530,TYPE,services/issueMetrics/issueMetricsCalculationService.ts::program:IssueMetricsCalculationService:isIssueReopened:<lambda>6,<lambda>6,services/issueMetrics/issueMetricsCalculationService.ts::program:IssueMetricsCalculationService:isIssueReopened:<lambda>6
158913790531,TYPE,services/issueMetrics/issueMetricsCalculationService.ts::program:IssueMetricsCalculationService:isIssueReopened:<lambda>7,<lambda>7,services/issueMetrics/issueMetricsCalculationService.ts::program:IssueMetricsCalculationService:isIssueReopened:<lambda>7
158913790532,TYPE,services/issueMetrics/issueMetricsDbService.ts::program,:program,services/issueMetrics/issueMetricsDbService.ts::program
158913790533,TYPE,services/issueMetrics/issueMetricsDbService.ts::program:IssueMetricsDbService,IssueMetricsDbService,services/issueMetrics/issueMetricsDbService.ts::program:IssueMetricsDbService
158913790534,TYPE,services/issueMetrics/issueMetricsDbService.ts::program:IssueMetricsDbService:<init>,<init>,services/issueMetrics/issueMetricsDbService.ts::program:IssueMetricsDbService:<init>
158913790535,TYPE,services/issueMetrics/issueMetricsDbService.ts::program:IssueMetricsDbService:calculateChange,calculateChange,services/issueMetrics/issueMetricsDbService.ts::program:IssueMetricsDbService:calculateChange
158913790536,TYPE,services/issueMetrics/issueMetricsDbService.ts::program:IssueMetricsDbService:deleteMetrics,deleteMetrics,services/issueMetrics/issueMetricsDbService.ts::program:IssueMetricsDbService:deleteMetrics
158913790537,TYPE,services/issueMetrics/issueMetricsDbService.ts::program:IssueMetricsDbService:getAllMetrics,getAllMetrics,services/issueMetrics/issueMetricsDbService.ts::program:IssueMetricsDbService:getAllMetrics
158913790538,TYPE,services/issueMetrics/issueMetricsDbService.ts::program:IssueMetricsDbService:getMetrics,getMetrics,services/issueMetrics/issueMetricsDbService.ts::program:IssueMetricsDbService:getMetrics
158913790539,TYPE,services/issueMetrics/issueMetricsDbService.ts::program:IssueMetricsDbService:getMetricsHistory,getMetricsHistory,services/issueMetrics/issueMetricsDbService.ts::program:IssueMetricsDbService:getMetricsHistory
158913790540,TYPE,services/issueMetrics/issueMetricsDbService.ts::program:IssueMetricsDbService:getWeekOverWeekTrends,getWeekOverWeekTrends,services/issueMetrics/issueMetricsDbService.ts::program:IssueMetricsDbService:getWeekOverWeekTrends
158913790541,TYPE,services/issueMetrics/issueMetricsDbService.ts::program:IssueMetricsDbService:saveHistoricalSnapshot,saveHistoricalSnapshot,services/issueMetrics/issueMetricsDbService.ts::program:IssueMetricsDbService:saveHistoricalSnapshot
158913790542,TYPE,services/issueMetrics/issueMetricsDbService.ts::program:IssueMetricsDbService:saveMetrics,saveMetrics,services/issueMetrics/issueMetricsDbService.ts::program:IssueMetricsDbService:saveMetrics
158913790543,TYPE,services/issueMetrics/issueMetricsSyncService.ts::program,:program,services/issueMetrics/issueMetricsSyncService.ts::program
158913790544,TYPE,services/issueMetrics/issueMetricsSyncService.ts::program:IssueMetricsSyncService,IssueMetricsSyncService,services/issueMetrics/issueMetricsSyncService.ts::program:IssueMetricsSyncService
158913790545,TYPE,services/issueMetrics/issueMetricsSyncService.ts::program:IssueMetricsSyncService:<init>,<init>,services/issueMetrics/issueMetricsSyncService.ts::program:IssueMetricsSyncService:<init>
158913790546,TYPE,services/issueMetrics/issueMetricsSyncService.ts::program:IssueMetricsSyncService:calculateMRLinkRate,calculateMRLinkRate,services/issueMetrics/issueMetricsSyncService.ts::program:IssueMetricsSyncService:calculateMRLinkRate
158913790547,TYPE,services/issueMetrics/issueMetricsSyncService.ts::program:IssueMetricsSyncService:calculateMRLinkRate:<lambda>1,<lambda>1,services/issueMetrics/issueMetricsSyncService.ts::program:IssueMetricsSyncService:calculateMRLinkRate:<lambda>1
158913790548,TYPE,services/issueMetrics/issueMetricsSyncService.ts::program:IssueMetricsSyncService:calculateReopenRate,calculateReopenRate,services/issueMetrics/issueMetricsSyncService.ts::program:IssueMetricsSyncService:calculateReopenRate
158913790549,TYPE,services/issueMetrics/issueMetricsSyncService.ts::program:IssueMetricsSyncService:calculateReopenRate:<lambda>0,<lambda>0,services/issueMetrics/issueMetricsSyncService.ts::program:IssueMetricsSyncService:calculateReopenRate:<lambda>0
158913790550,TYPE,services/issueMetrics/issueMetricsSyncService.ts::program:IssueMetricsSyncService:fetchGitLabData,fetchGitLabData,services/issueMetrics/issueMetricsSyncService.ts::program:IssueMetricsSyncService:fetchGitLabData
158913790551,TYPE,services/issueMetrics/issueMetricsSyncService.ts::program:IssueMetricsSyncService:syncIssueMetrics,syncIssueMetrics,services/issueMetrics/issueMetricsSyncService.ts::program:IssueMetricsSyncService:syncIssueMetrics
158913790552,TYPE,services/milestoneMetrics/milestoneMetricsCalculationService.ts::program,:program,services/milestoneMetrics/milestoneMetricsCalculationService.ts::program
158913790553,TYPE,services/milestoneMetrics/milestoneMetricsCalculationService.ts::program:MilestoneMetricsCalculationService,MilestoneMetricsCalculationService,services/milestoneMetrics/milestoneMetricsCalculationService.ts::program:MilestoneMetricsCalculationService
158913790554,TYPE,services/milestoneMetrics/milestoneMetricsCalculationService.ts::program:MilestoneMetricsCalculationService:<init>,<init>,services/milestoneMetrics/milestoneMetricsCalculationService.ts::program:MilestoneMetricsCalculationService:<init>
158913790555,TYPE,services/milestoneMetrics/milestoneMetricsCalculationService.ts::program:MilestoneMetricsCalculationService:calculateMetrics,calculateMetrics,services/milestoneMetrics/milestoneMetricsCalculationService.ts::program:MilestoneMetricsCalculationService:calculateMetrics
158913790556,TYPE,services/milestoneMetrics/milestoneMetricsCalculationService.ts::program:MilestoneMetricsCalculationService:calculateMetrics:<lambda>0,<lambda>0,services/milestoneMetrics/milestoneMetricsCalculationService.ts::program:MilestoneMetricsCalculationService:calculateMetrics:<lambda>0
158913790557,TYPE,services/milestoneMetrics/milestoneMetricsCalculationService.ts::program:MilestoneMetricsCalculationService:calculateMetrics:<lambda>1,<lambda>1,services/milestoneMetrics/milestoneMetricsCalculationService.ts::program:MilestoneMetricsCalculationService:calculateMetrics:<lambda>1
158913790558,TYPE,services/milestoneMetrics/milestoneMetricsCalculationService.ts::program:MilestoneMetricsCalculationService:calculateMetrics:<lambda>2,<lambda>2,services/milestoneMetrics/milestoneMetricsCalculationService.ts::program:MilestoneMetricsCalculationService:calculateMetrics:<lambda>2
158913790559,TYPE,services/milestoneMetrics/milestoneMetricsDbService.ts::program,:program,services/milestoneMetrics/milestoneMetricsDbService.ts::program
158913790560,TYPE,services/milestoneMetrics/milestoneMetricsDbService.ts::program:MilestoneMetricsDbService,MilestoneMetricsDbService,services/milestoneMetrics/milestoneMetricsDbService.ts::program:MilestoneMetricsDbService
158913790561,TYPE,services/milestoneMetrics/milestoneMetricsDbService.ts::program:MilestoneMetricsDbService:<init>,<init>,services/milestoneMetrics/milestoneMetricsDbService.ts::program:MilestoneMetricsDbService:<init>
158913790562,TYPE,services/milestoneMetrics/milestoneMetricsDbService.ts::program:MilestoneMetricsDbService:getMetrics,getMetrics,services/milestoneMetrics/milestoneMetricsDbService.ts::program:MilestoneMetricsDbService:getMetrics
158913790563,TYPE,services/milestoneMetrics/milestoneMetricsDbService.ts::program:MilestoneMetricsDbService:saveMetrics,saveMetrics,services/milestoneMetrics/milestoneMetricsDbService.ts::program:MilestoneMetricsDbService:saveMetrics
158913790564,TYPE,services/milestoneMetrics/milestoneMetricsSyncService.ts::program,:program,services/milestoneMetrics/milestoneMetricsSyncService.ts::program
158913790565,TYPE,services/milestoneMetrics/milestoneMetricsSyncService.ts::program:GitLabMilestone,GitLabMilestone,services/milestoneMetrics/milestoneMetricsSyncService.ts::program:GitLabMilestone
158913790566,TYPE,services/milestoneMetrics/milestoneMetricsSyncService.ts::program:GitLabMilestone:<init>,<init>,services/milestoneMetrics/milestoneMetricsSyncService.ts::program:GitLabMilestone:<init>
158913790567,TYPE,services/milestoneMetrics/milestoneMetricsSyncService.ts::program:MilestoneMetricsSyncService,MilestoneMetricsSyncService,services/milestoneMetrics/milestoneMetricsSyncService.ts::program:MilestoneMetricsSyncService
158913790568,TYPE,services/milestoneMetrics/milestoneMetricsSyncService.ts::program:MilestoneMetricsSyncService:<init>,<init>,services/milestoneMetrics/milestoneMetricsSyncService.ts::program:MilestoneMetricsSyncService:<init>
158913790569,TYPE,services/milestoneMetrics/milestoneMetricsSyncService.ts::program:MilestoneMetricsSyncService:fetchIssueCounts,fetchIssueCounts,services/milestoneMetrics/milestoneMetricsSyncService.ts::program:MilestoneMetricsSyncService:fetchIssueCounts
158913790570,TYPE,services/milestoneMetrics/milestoneMetricsSyncService.ts::program:MilestoneMetricsSyncService:fetchIssueCounts:<lambda>0,<lambda>0,services/milestoneMetrics/milestoneMetricsSyncService.ts::program:MilestoneMetricsSyncService:fetchIssueCounts:<lambda>0
158913790571,TYPE,services/milestoneMetrics/milestoneMetricsSyncService.ts::program:MilestoneMetricsSyncService:syncMilestoneMetrics,syncMilestoneMetrics,services/milestoneMetrics/milestoneMetricsSyncService.ts::program:MilestoneMetricsSyncService:syncMilestoneMetrics
158913790572,TYPE,services/mrMetrics/mrMetricsCalculationService.ts::program,:program,services/mrMetrics/mrMetricsCalculationService.ts::program
158913790573,TYPE,services/mrMetrics/mrMetricsCalculationService.ts::program:MRMetricsCalculationService,MRMetricsCalculationService,services/mrMetrics/mrMetricsCalculationService.ts::program:MRMetricsCalculationService
158913790574,TYPE,services/mrMetrics/mrMetricsCalculationService.ts::program:MRMetricsCalculationService:<init>,<init>,services/mrMetrics/mrMetricsCalculationService.ts::program:MRMetricsCalculationService:<init>
158913790575,TYPE,services/mrMetrics/mrMetricsCalculationService.ts::program:MRMetricsCalculationService:calculateAvgComments,calculateAvgComments,services/mrMetrics/mrMetricsCalculationService.ts::program:MRMetricsCalculationService:calculateAvgComments
158913790576,TYPE,services/mrMetrics/mrMetricsCalculationService.ts::program:MRMetricsCalculationService:calculateAvgReviewers,calculateAvgReviewers,services/mrMetrics/mrMetricsCalculationService.ts::program:MRMetricsCalculationService:calculateAvgReviewers
158913790577,TYPE,services/mrMetrics/mrMetricsCalculationService.ts::program:MRMetricsCalculationService:calculateClosureRate,calculateClosureRate,services/mrMetrics/mrMetricsCalculationService.ts::program:MRMetricsCalculationService:calculateClosureRate
158913790578,TYPE,services/mrMetrics/mrMetricsCalculationService.ts::program:MRMetricsCalculationService:calculateMergeTime,calculateMergeTime,services/mrMetrics/mrMetricsCalculationService.ts::program:MRMetricsCalculationService:calculateMergeTime
158913790579,TYPE,services/mrMetrics/mrMetricsCalculationService.ts::program:MRMetricsCalculationService:calculateMergeTime:<lambda>0,<lambda>0,services/mrMetrics/mrMetricsCalculationService.ts::program:MRMetricsCalculationService:calculateMergeTime:<lambda>0
158913790580,TYPE,services/mrMetrics/mrMetricsCalculationService.ts::program:MRMetricsCalculationService:calculateMetrics,calculateMetrics,services/mrMetrics/mrMetricsCalculationService.ts::program:MRMetricsCalculationService:calculateMetrics
158913790581,TYPE,services/mrMetrics/mrMetricsCalculationService.ts::program:MRMetricsCalculationService:calculateMetrics:<anon-class>0,<anon-class>0,services/mrMetrics/mrMetricsCalculationService.ts::program:MRMetricsCalculationService:calculateMetrics:<anon-class>0
158913790582,TYPE,services/mrMetrics/mrMetricsCalculationService.ts::program:MRMetricsCalculationService:calculateMetrics:<anon-class>1,<anon-class>1,services/mrMetrics/mrMetricsCalculationService.ts::program:MRMetricsCalculationService:calculateMetrics:<anon-class>1
158913790583,TYPE,services/mrMetrics/mrMetricsCalculationService.ts::program:MRMetricsCalculationService:calculateMetrics:<anon-class>2,<anon-class>2,services/mrMetrics/mrMetricsCalculationService.ts::program:MRMetricsCalculationService:calculateMetrics:<anon-class>2
158913790584,TYPE,services/mrMetrics/mrMetricsCalculationService.ts::program:MRMetricsCalculationService:calculateMetrics:<anon-class>3,<anon-class>3,services/mrMetrics/mrMetricsCalculationService.ts::program:MRMetricsCalculationService:calculateMetrics:<anon-class>3
158913790585,TYPE,services/mrMetrics/mrMetricsCalculationService.ts::program:MRMetricsCalculationService:calculateMetrics:<anon-class>4,<anon-class>4,services/mrMetrics/mrMetricsCalculationService.ts::program:MRMetricsCalculationService:calculateMetrics:<anon-class>4
158913790586,TYPE,services/mrMetrics/mrMetricsCalculationService.ts::program:MRMetricsCalculationService:calculateMetrics:<anon-class>5,<anon-class>5,services/mrMetrics/mrMetricsCalculationService.ts::program:MRMetricsCalculationService:calculateMetrics:<anon-class>5
158913790587,TYPE,services/mrMetrics/mrMetricsCalculationService.ts::program:MRMetricsCalculationService:calculateRevertRate,calculateRevertRate,services/mrMetrics/mrMetricsCalculationService.ts::program:MRMetricsCalculationService:calculateRevertRate
158913790588,TYPE,services/mrMetrics/mrMetricsCalculationService.ts::program:MRMetricsCalculationService:calculateStaleMRs,calculateStaleMRs,services/mrMetrics/mrMetricsCalculationService.ts::program:MRMetricsCalculationService:calculateStaleMRs
158913790589,TYPE,services/mrMetrics/mrMetricsCalculationService.ts::program:MRMetricsCalculationService:calculateStaleMRs:<lambda>1,<lambda>1,services/mrMetrics/mrMetricsCalculationService.ts::program:MRMetricsCalculationService:calculateStaleMRs:<lambda>1
158913790590,TYPE,services/mrMetrics/mrMetricsCalculationService.ts::program:MRMetricsCalculationService:getMergeTimeAlertLevel,getMergeTimeAlertLevel,services/mrMetrics/mrMetricsCalculationService.ts::program:MRMetricsCalculationService:getMergeTimeAlertLevel
158913790591,TYPE,services/mrMetrics/mrMetricsCalculationService.ts::program:MRMetricsCalculationService:getMergeVelocityAlertLevel,getMergeVelocityAlertLevel,services/mrMetrics/mrMetricsCalculationService.ts::program:MRMetricsCalculationService:getMergeVelocityAlertLevel
158913790592,TYPE,services/mrMetrics/mrMetricsCalculationService.ts::program:MRMetricsCalculationService:getRevertRateAlertLevel,getRevertRateAlertLevel,services/mrMetrics/mrMetricsCalculationService.ts::program:MRMetricsCalculationService:getRevertRateAlertLevel
158913790593,TYPE,services/mrMetrics/mrMetricsCalculationService.ts::program:MRMetricsCalculationService:getStaleMRsAlertLevel,getStaleMRsAlertLevel,services/mrMetrics/mrMetricsCalculationService.ts::program:MRMetricsCalculationService:getStaleMRsAlertLevel
158913790594,TYPE,services/mrMetrics/mrMetricsDbService.ts::program,:program,services/mrMetrics/mrMetricsDbService.ts::program
158913790595,TYPE,services/mrMetrics/mrMetricsDbService.ts::program:MRMetricsDbService,MRMetricsDbService,services/mrMetrics/mrMetricsDbService.ts::program:MRMetricsDbService
158913790596,TYPE,services/mrMetrics/mrMetricsDbService.ts::program:MRMetricsDbService:<init>,<init>,services/mrMetrics/mrMetricsDbService.ts::program:MRMetricsDbService:<init>
158913790597,TYPE,services/mrMetrics/mrMetricsDbService.ts::program:MRMetricsDbService:calculateChange,calculateChange,services/mrMetrics/mrMetricsDbService.ts::program:MRMetricsDbService:calculateChange
158913790598,TYPE,services/mrMetrics/mrMetricsDbService.ts::program:MRMetricsDbService:deleteMetrics,deleteMetrics,services/mrMetrics/mrMetricsDbService.ts::program:MRMetricsDbService:deleteMetrics
158913790599,TYPE,services/mrMetrics/mrMetricsDbService.ts::program:MRMetricsDbService:getAllMetrics,getAllMetrics,services/mrMetrics/mrMetricsDbService.ts::program:MRMetricsDbService:getAllMetrics
158913790600,TYPE,services/mrMetrics/mrMetricsDbService.ts::program:MRMetricsDbService:getMetrics,getMetrics,services/mrMetrics/mrMetricsDbService.ts::program:MRMetricsDbService:getMetrics
158913790601,TYPE,services/mrMetrics/mrMetricsDbService.ts::program:MRMetricsDbService:getMetricsHistory,getMetricsHistory,services/mrMetrics/mrMetricsDbService.ts::program:MRMetricsDbService:getMetricsHistory
158913790602,TYPE,services/mrMetrics/mrMetricsDbService.ts::program:MRMetricsDbService:getWeekOverWeekTrends,getWeekOverWeekTrends,services/mrMetrics/mrMetricsDbService.ts::program:MRMetricsDbService:getWeekOverWeekTrends
158913790603,TYPE,services/mrMetrics/mrMetricsDbService.ts::program:MRMetricsDbService:saveHistoricalSnapshot,saveHistoricalSnapshot,services/mrMetrics/mrMetricsDbService.ts::program:MRMetricsDbService:saveHistoricalSnapshot
158913790604,TYPE,services/mrMetrics/mrMetricsDbService.ts::program:MRMetricsDbService:saveMetrics,saveMetrics,services/mrMetrics/mrMetricsDbService.ts::program:MRMetricsDbService:saveMetrics
158913790605,TYPE,services/mrMetrics/mrMetricsSyncService.ts::program,:program,services/mrMetrics/mrMetricsSyncService.ts::program
158913790606,TYPE,services/mrMetrics/mrMetricsSyncService.ts::program:MRMetricsSyncService,MRMetricsSyncService,services/mrMetrics/mrMetricsSyncService.ts::program:MRMetricsSyncService
158913790607,TYPE,services/mrMetrics/mrMetricsSyncService.ts::program:MRMetricsSyncService:<init>,<init>,services/mrMetrics/mrMetricsSyncService.ts::program:MRMetricsSyncService:<init>
158913790608,TYPE,services/mrMetrics/mrMetricsSyncService.ts::program:MRMetricsSyncService:calculateAvgReviewersFromData,calculateAvgReviewersFromData,services/mrMetrics/mrMetricsSyncService.ts::program:MRMetricsSyncService:calculateAvgReviewersFromData
158913790609,TYPE,services/mrMetrics/mrMetricsSyncService.ts::program:MRMetricsSyncService:calculateRevertRateFromData,calculateRevertRateFromData,services/mrMetrics/mrMetricsSyncService.ts::program:MRMetricsSyncService:calculateRevertRateFromData
158913790610,TYPE,services/mrMetrics/mrMetricsSyncService.ts::program:MRMetricsSyncService:calculateRevertRateFromData:<lambda>2,<lambda>2,services/mrMetrics/mrMetricsSyncService.ts::program:MRMetricsSyncService:calculateRevertRateFromData:<lambda>2
158913790611,TYPE,services/mrMetrics/mrMetricsSyncService.ts::program:MRMetricsSyncService:calculateReviewComments,calculateReviewComments,services/mrMetrics/mrMetricsSyncService.ts::program:MRMetricsSyncService:calculateReviewComments
158913790612,TYPE,services/mrMetrics/mrMetricsSyncService.ts::program:MRMetricsSyncService:calculateReviewComments:<lambda>0,<lambda>0,services/mrMetrics/mrMetricsSyncService.ts::program:MRMetricsSyncService:calculateReviewComments:<lambda>0
158913790613,TYPE,services/mrMetrics/mrMetricsSyncService.ts::program:MRMetricsSyncService:calculateReviewComments:<lambda>1,<lambda>1,services/mrMetrics/mrMetricsSyncService.ts::program:MRMetricsSyncService:calculateReviewComments:<lambda>1
158913790614,TYPE,services/mrMetrics/mrMetricsSyncService.ts::program:MRMetricsSyncService:fetchGitLabData,fetchGitLabData,services/mrMetrics/mrMetricsSyncService.ts::program:MRMetricsSyncService:fetchGitLabData
158913790615,TYPE,services/mrMetrics/mrMetricsSyncService.ts::program:MRMetricsSyncService:syncMRMetrics,syncMRMetrics,services/mrMetrics/mrMetricsSyncService.ts::program:MRMetricsSyncService:syncMRMetrics
158913790616,TYPE,services/project/index.ts::program,:program,services/project/index.ts::program
158913790617,TYPE,services/project/projectEnrichmentService.ts::program,:program,services/project/projectEnrichmentService.ts::program
158913790618,TYPE,services/project/projectEnrichmentService.ts::program:EnrichedProject,EnrichedProject,services/project/projectEnrichmentService.ts::program:EnrichedProject
158913790619,TYPE,services/project/projectEnrichmentService.ts::program:EnrichedProject:<init>,<init>,services/project/projectEnrichmentService.ts::program:EnrichedProject:<init>
158913790620,TYPE,services/project/projectEnrichmentService.ts::program:ProjectEnrichmentService,ProjectEnrichmentService,services/project/projectEnrichmentService.ts::program:ProjectEnrichmentService
158913790621,TYPE,services/project/projectEnrichmentService.ts::program:ProjectEnrichmentService:<init>,<init>,services/project/projectEnrichmentService.ts::program:ProjectEnrichmentService:<init>
158913790622,TYPE,services/project/projectEnrichmentService.ts::program:ProjectEnrichmentService:<init>:<lambda>0,<lambda>0,services/project/projectEnrichmentService.ts::program:ProjectEnrichmentService:<init>:<lambda>0
158913790623,TYPE,services/project/projectEnrichmentService.ts::program:ProjectEnrichmentService:<init>:<lambda>1,<lambda>1,services/project/projectEnrichmentService.ts::program:ProjectEnrichmentService:<init>:<lambda>1
158913790624,TYPE,services/project/projectEnrichmentService.ts::program:ProjectEnrichmentService:<init>:<lambda>2,<lambda>2,services/project/projectEnrichmentService.ts::program:ProjectEnrichmentService:<init>:<lambda>2
158913790625,TYPE,services/project/projectEnrichmentService.ts::program:ProjectEnrichmentService:<init>:<lambda>3,<lambda>3,services/project/projectEnrichmentService.ts::program:ProjectEnrichmentService:<init>:<lambda>3
158913790626,TYPE,services/project/projectEnrichmentService.ts::program:ProjectEnrichmentService:<init>:<lambda>4,<lambda>4,services/project/projectEnrichmentService.ts::program:ProjectEnrichmentService:<init>:<lambda>4
158913790627,TYPE,services/project/projectEnrichmentService.ts::program:ProjectEnrichmentService:<init>:<lambda>5,<lambda>5,services/project/projectEnrichmentService.ts::program:ProjectEnrichmentService:<init>:<lambda>5
158913790628,TYPE,services/project/projectEnrichmentService.ts::program:ProjectEnrichmentService:<init>:<lambda>5:<lambda>6,<lambda>6,services/project/projectEnrichmentService.ts::program:ProjectEnrichmentService:<init>:<lambda>5:<lambda>6
158913790629,TYPE,services/project/projectFetchService.ts::program,:program,services/project/projectFetchService.ts::program
158913790630,TYPE,services/project/projectFetchService.ts::program:rojectFetchService,rojectFetchService,services/project/projectFetchService.ts::program:rojectFetchService
158913790631,TYPE,services/project/projectFetchService.ts::program:rojectFetchService:<init>,<init>,services/project/projectFetchService.ts::program:rojectFetchService:<init>
158913790632,TYPE,services/project/projectFetchService.ts::program:rojectFetchService:<init>:<lambda>0,<lambda>0,services/project/projectFetchService.ts::program:rojectFetchService:<init>:<lambda>0
158913790633,TYPE,services/project/projectFetchService.ts::program:rojectFetchService:<init>:<lambda>1,<lambda>1,services/project/projectFetchService.ts::program:rojectFetchService:<init>:<lambda>1
158913790634,TYPE,services/project/projectFetchService.ts::program:rojectFetchService:<init>:<lambda>2,<lambda>2,services/project/projectFetchService.ts::program:rojectFetchService:<init>:<lambda>2
158913790635,TYPE,services/project/projectRefreshService.ts::program,:program,services/project/projectRefreshService.ts::program
158913790636,TYPE,services/project/projectRefreshService.ts::program:ProjectRefreshService,ProjectRefreshService,services/project/projectRefreshService.ts::program:ProjectRefreshService
158913790637,TYPE,services/project/projectRefreshService.ts::program:ProjectRefreshService:<init>,<init>,services/project/projectRefreshService.ts::program:ProjectRefreshService:<init>
158913790638,TYPE,services/project/projectRefreshService.ts::program:ProjectRefreshService:<init>:<lambda>0,<lambda>0,services/project/projectRefreshService.ts::program:ProjectRefreshService:<init>:<lambda>0
158913790639,TYPE,services/project/projectRefreshService.ts::program:ProjectRefreshService:<init>:<lambda>1,<lambda>1,services/project/projectRefreshService.ts::program:ProjectRefreshService:<init>:<lambda>1
158913790640,TYPE,services/project/projectRefreshService.ts::program:ProjectRefreshService:<init>:<lambda>2,<lambda>2,services/project/projectRefreshService.ts::program:ProjectRefreshService:<init>:<lambda>2
158913790641,TYPE,services/project/projectRefreshService.ts::program:ProjectRefreshService:<init>:<lambda>2:<lambda>3,<lambda>3,services/project/projectRefreshService.ts::program:ProjectRefreshService:<init>:<lambda>2:<lambda>3
158913790642,TYPE,services/project/projectRefreshService.ts::program:ProjectRefreshService:<init>:<lambda>4,<lambda>4,services/project/projectRefreshService.ts::program:ProjectRefreshService:<init>:<lambda>4
158913790643,TYPE,services/project/projectRefreshService.ts::program:ProjectRefreshService:<init>:<lambda>5,<lambda>5,services/project/projectRefreshService.ts::program:ProjectRefreshService:<init>:<lambda>5
158913790644,TYPE,services/project/projectRefreshService.ts::program:ProjectRefreshService:<init>:<lambda>6,<lambda>6,services/project/projectRefreshService.ts::program:ProjectRefreshService:<init>:<lambda>6
158913790645,TYPE,services/project/projectRefreshService.ts::program:SnapshotData,SnapshotData,services/project/projectRefreshService.ts::program:SnapshotData
158913790646,TYPE,services/project/projectRefreshService.ts::program:SnapshotData:<init>,<init>,services/project/projectRefreshService.ts::program:SnapshotData:<init>
158913790647,TYPE,services/project/projectSyncService.ts::program,:program,services/project/projectSyncService.ts::program
158913790648,TYPE,services/project/projectSyncService.ts::program:ProjectSyncService,ProjectSyncService,services/project/projectSyncService.ts::program:ProjectSyncService
158913790649,TYPE,services/project/projectSyncService.ts::program:ProjectSyncService:<init>,<init>,services/project/projectSyncService.ts::program:ProjectSyncService:<init>
158913790650,TYPE,services/project/projectSyncService.ts::program:ProjectSyncService:<init>:<lambda>0,<lambda>0,services/project/projectSyncService.ts::program:ProjectSyncService:<init>:<lambda>0
158913790651,TYPE,services/project/projectSyncService.ts::program:ProjectSyncService:<init>:<lambda>0:<lambda>1,<lambda>1,services/project/projectSyncService.ts::program:ProjectSyncService:<init>:<lambda>0:<lambda>1
158913790652,TYPE,services/project/projectSyncService.ts::program:ProjectSyncService:<init>:<lambda>2,<lambda>2,services/project/projectSyncService.ts::program:ProjectSyncService:<init>:<lambda>2
158913790653,TYPE,services/project/projectSyncService.ts::program:ProjectSyncService:<init>:<lambda>2:<lambda>3,<lambda>3,services/project/projectSyncService.ts::program:ProjectSyncService:<init>:<lambda>2:<lambda>3
158913790654,TYPE,services/project/projectSyncService.ts::program:ProjectSyncService:<init>:<lambda>2:<lambda>4,<lambda>4,services/project/projectSyncService.ts::program:ProjectSyncService:<init>:<lambda>2:<lambda>4
158913790655,TYPE,services/project/projectTransformService.ts::program,:program,services/project/projectTransformService.ts::program
158913790656,TYPE,services/project/projectTransformService.ts::program:DbProject,DbProject,services/project/projectTransformService.ts::program:DbProject
158913790657,TYPE,services/project/projectTransformService.ts::program:DbProject:<init>,<init>,services/project/projectTransformService.ts::program:DbProject:<init>
158913790658,TYPE,services/project/projectTransformService.ts::program:ProjectTransformService,ProjectTransformService,services/project/projectTransformService.ts::program:ProjectTransformService
158913790659,TYPE,services/project/projectTransformService.ts::program:ProjectTransformService:<init>,<init>,services/project/projectTransformService.ts::program:ProjectTransformService:<init>
158913790660,TYPE,services/project/projectTransformService.ts::program:ProjectTransformService:<init>:<lambda>0,<lambda>0,services/project/projectTransformService.ts::program:ProjectTransformService:<init>:<lambda>0
158913790661,TYPE,services/project/projectTransformService.ts::program:ProjectTransformService:<init>:<lambda>1,<lambda>1,services/project/projectTransformService.ts::program:ProjectTransformService:<init>:<lambda>1
158913790662,TYPE,services/project/projectTransformService.ts::program:ProjectTransformService:<init>:<lambda>1:<lambda>2,<lambda>2,services/project/projectTransformService.ts::program:ProjectTransformService:<init>:<lambda>1:<lambda>2
158913790663,TYPE,services/sonarMaintainability/sonarMaintainabilityApiService.ts::program,:program,services/sonarMaintainability/sonarMaintainabilityApiService.ts::program
158913790664,TYPE,services/sonarMaintainability/sonarMaintainabilityApiService.ts::program:SonarMaintainabilityApiService,SonarMaintainabilityApiService,services/sonarMaintainability/sonarMaintainabilityApiService.ts::program:SonarMaintainabilityApiService
158913790665,TYPE,services/sonarMaintainability/sonarMaintainabilityApiService.ts::program:SonarMaintainabilityApiService:<init>,<init>,services/sonarMaintainability/sonarMaintainabilityApiService.ts::program:SonarMaintainabilityApiService:<init>
158913790666,TYPE,services/sonarMaintainability/sonarMaintainabilityApiService.ts::program:SonarMaintainabilityApiService:ensureInitialized,ensureInitialized,services/sonarMaintainability/sonarMaintainabilityApiService.ts::program:SonarMaintainabilityApiService:ensureInitialized
158913790667,TYPE,services/sonarMaintainability/sonarMaintainabilityApiService.ts::program:SonarMaintainabilityApiService:getAuthHeader,getAuthHeader,services/sonarMaintainability/sonarMaintainabilityApiService.ts::program:SonarMaintainabilityApiService:getAuthHeader
158913790668,TYPE,services/sonarMaintainability/sonarMaintainabilityApiService.ts::program:SonarMaintainabilityApiService:getIssueCount,getIssueCount,services/sonarMaintainability/sonarMaintainabilityApiService.ts::program:SonarMaintainabilityApiService:getIssueCount
158913790669,TYPE,services/sonarMaintainability/sonarMaintainabilityApiService.ts::program:SonarMaintainabilityApiService:getMaintainabilityMetrics,getMaintainabilityMetrics,services/sonarMaintainability/sonarMaintainabilityApiService.ts::program:SonarMaintainabilityApiService:getMaintainabilityMetrics
158913790670,TYPE,services/sonarMaintainability/sonarMaintainabilityApiService.ts::program:SonarMaintainabilityApiService:getNewCodePeriod,getNewCodePeriod,services/sonarMaintainability/sonarMaintainabilityApiService.ts::program:SonarMaintainabilityApiService:getNewCodePeriod
158913790671,TYPE,services/sonarMaintainability/sonarMaintainabilityCalculationService.ts::program,:program,services/sonarMaintainability/sonarMaintainabilityCalculationService.ts::program
158913790672,TYPE,services/sonarMaintainability/sonarMaintainabilityCalculationService.ts::program:SonarMaintainabilityCalculationService,SonarMaintainabilityCalculationService,services/sonarMaintainability/sonarMaintainabilityCalculationService.ts::program:SonarMaintainabilityCalculationService
158913790673,TYPE,services/sonarMaintainability/sonarMaintainabilityCalculationService.ts::program:SonarMaintainabilityCalculationService:<init>,<init>,services/sonarMaintainability/sonarMaintainabilityCalculationService.ts::program:SonarMaintainabilityCalculationService:<init>
158913790674,TYPE,services/sonarMaintainability/sonarMaintainabilityCalculationService.ts::program:SonarMaintainabilityCalculationService:calculateMetrics,calculateMetrics,services/sonarMaintainability/sonarMaintainabilityCalculationService.ts::program:SonarMaintainabilityCalculationService:calculateMetrics
158913790675,TYPE,services/sonarMaintainability/sonarMaintainabilityCalculationService.ts::program:SonarMaintainabilityCalculationService:calculateMetrics:<anon-class>0,<anon-class>0,services/sonarMaintainability/sonarMaintainabilityCalculationService.ts::program:SonarMaintainabilityCalculationService:calculateMetrics:<anon-class>0
158913790676,TYPE,services/sonarMaintainability/sonarMaintainabilityCalculationService.ts::program:SonarMaintainabilityCalculationService:calculateMetrics:<anon-class>1,<anon-class>1,services/sonarMaintainability/sonarMaintainabilityCalculationService.ts::program:SonarMaintainabilityCalculationService:calculateMetrics:<anon-class>1
158913790677,TYPE,services/sonarMaintainability/sonarMaintainabilityCalculationService.ts::program:SonarMaintainabilityCalculationService:calculateMetrics:<lambda>0,<lambda>0,services/sonarMaintainability/sonarMaintainabilityCalculationService.ts::program:SonarMaintainabilityCalculationService:calculateMetrics:<lambda>0
158913790678,TYPE,services/sonarMaintainability/sonarMaintainabilityCalculationService.ts::program:SonarMaintainabilityCalculationService:calculateMetrics:<lambda>0:<lambda>1,<lambda>1,services/sonarMaintainability/sonarMaintainabilityCalculationService.ts::program:SonarMaintainabilityCalculationService:calculateMetrics:<lambda>0:<lambda>1
158913790679,TYPE,services/sonarMaintainability/sonarMaintainabilityCalculationService.ts::program:SonarMaintainabilityCalculationService:getRatingLetter,getRatingLetter,services/sonarMaintainability/sonarMaintainabilityCalculationService.ts::program:SonarMaintainabilityCalculationService:getRatingLetter
158913790680,TYPE,services/sonarMaintainability/sonarMaintainabilityDbService.ts::program,:program,services/sonarMaintainability/sonarMaintainabilityDbService.ts::program
158913790681,TYPE,services/sonarMaintainability/sonarMaintainabilityDbService.ts::program:SonarMaintainabilityDbService,SonarMaintainabilityDbService,services/sonarMaintainability/sonarMaintainabilityDbService.ts::program:SonarMaintainabilityDbService
158913790682,TYPE,services/sonarMaintainability/sonarMaintainabilityDbService.ts::program:SonarMaintainabilityDbService:<init>,<init>,services/sonarMaintainability/sonarMaintainabilityDbService.ts::program:SonarMaintainabilityDbService:<init>
158913790683,TYPE,services/sonarMaintainability/sonarMaintainabilityDbService.ts::program:SonarMaintainabilityDbService:deleteMetrics,deleteMetrics,services/sonarMaintainability/sonarMaintainabilityDbService.ts::program:SonarMaintainabilityDbService:deleteMetrics
158913790684,TYPE,services/sonarMaintainability/sonarMaintainabilityDbService.ts::program:SonarMaintainabilityDbService:getAllMetrics,getAllMetrics,services/sonarMaintainability/sonarMaintainabilityDbService.ts::program:SonarMaintainabilityDbService:getAllMetrics
158913790685,TYPE,services/sonarMaintainability/sonarMaintainabilityDbService.ts::program:SonarMaintainabilityDbService:getMetrics,getMetrics,services/sonarMaintainability/sonarMaintainabilityDbService.ts::program:SonarMaintainabilityDbService:getMetrics
158913790686,TYPE,services/sonarMaintainability/sonarMaintainabilityDbService.ts::program:SonarMaintainabilityDbService:getMetricsHistory,getMetricsHistory,services/sonarMaintainability/sonarMaintainabilityDbService.ts::program:SonarMaintainabilityDbService:getMetricsHistory
158913790687,TYPE,services/sonarMaintainability/sonarMaintainabilityDbService.ts::program:SonarMaintainabilityDbService:getRatingValue,getRatingValue,services/sonarMaintainability/sonarMaintainabilityDbService.ts::program:SonarMaintainabilityDbService:getRatingValue
158913790688,TYPE,services/sonarMaintainability/sonarMaintainabilityDbService.ts::program:SonarMaintainabilityDbService:saveHistoricalSnapshot,saveHistoricalSnapshot,services/sonarMaintainability/sonarMaintainabilityDbService.ts::program:SonarMaintainabilityDbService:saveHistoricalSnapshot
158913790689,TYPE,services/sonarMaintainability/sonarMaintainabilityDbService.ts::program:SonarMaintainabilityDbService:saveMetrics,saveMetrics,services/sonarMaintainability/sonarMaintainabilityDbService.ts::program:SonarMaintainabilityDbService:saveMetrics
158913790690,TYPE,services/sonarMaintainability/sonarMaintainabilitySyncService.ts::program,:program,services/sonarMaintainability/sonarMaintainabilitySyncService.ts::program
158913790691,TYPE,services/sonarMaintainability/sonarMaintainabilitySyncService.ts::program:SonarMaintainabilitySyncService,SonarMaintainabilitySyncService,services/sonarMaintainability/sonarMaintainabilitySyncService.ts::program:SonarMaintainabilitySyncService
158913790692,TYPE,services/sonarMaintainability/sonarMaintainabilitySyncService.ts::program:SonarMaintainabilitySyncService:<init>,<init>,services/sonarMaintainability/sonarMaintainabilitySyncService.ts::program:SonarMaintainabilitySyncService:<init>
158913790693,TYPE,services/sonarMaintainability/sonarMaintainabilitySyncService.ts::program:SonarMaintainabilitySyncService:fetchSonarQubeData,fetchSonarQubeData,services/sonarMaintainability/sonarMaintainabilitySyncService.ts::program:SonarMaintainabilitySyncService:fetchSonarQubeData
158913790694,TYPE,services/sonarMaintainability/sonarMaintainabilitySyncService.ts::program:SonarMaintainabilitySyncService:syncMaintainabilityMetrics,syncMaintainabilityMetrics,services/sonarMaintainability/sonarMaintainabilitySyncService.ts::program:SonarMaintainabilitySyncService:syncMaintainabilityMetrics
158913790695,TYPE,services/sonarReliability/sonarReliabilityApiService.ts::program,:program,services/sonarReliability/sonarReliabilityApiService.ts::program
158913790696,TYPE,services/sonarReliability/sonarReliabilityApiService.ts::program:SonarReliabilityApiService,SonarReliabilityApiService,services/sonarReliability/sonarReliabilityApiService.ts::program:SonarReliabilityApiService
158913790697,TYPE,services/sonarReliability/sonarReliabilityApiService.ts::program:SonarReliabilityApiService:<init>,<init>,services/sonarReliability/sonarReliabilityApiService.ts::program:SonarReliabilityApiService:<init>
158913790698,TYPE,services/sonarReliability/sonarReliabilityApiService.ts::program:SonarReliabilityApiService:ensureInitialized,ensureInitialized,services/sonarReliability/sonarReliabilityApiService.ts::program:SonarReliabilityApiService:ensureInitialized
158913790699,TYPE,services/sonarReliability/sonarReliabilityApiService.ts::program:SonarReliabilityApiService:getAuthHeader,getAuthHeader,services/sonarReliability/sonarReliabilityApiService.ts::program:SonarReliabilityApiService:getAuthHeader
158913790700,TYPE,services/sonarReliability/sonarReliabilityApiService.ts::program:SonarReliabilityApiService:getBugCount,getBugCount,services/sonarReliability/sonarReliabilityApiService.ts::program:SonarReliabilityApiService:getBugCount
158913790701,TYPE,services/sonarReliability/sonarReliabilityApiService.ts::program:SonarReliabilityApiService:getReliabilityMetrics,getReliabilityMetrics,services/sonarReliability/sonarReliabilityApiService.ts::program:SonarReliabilityApiService:getReliabilityMetrics
158913790702,TYPE,services/sonarReliability/sonarReliabilityCalculationService.ts::program,:program,services/sonarReliability/sonarReliabilityCalculationService.ts::program
158913790703,TYPE,services/sonarReliability/sonarReliabilityCalculationService.ts::program:SonarReliabilityCalculationService,SonarReliabilityCalculationService,services/sonarReliability/sonarReliabilityCalculationService.ts::program:SonarReliabilityCalculationService
158913790704,TYPE,services/sonarReliability/sonarReliabilityCalculationService.ts::program:SonarReliabilityCalculationService:<init>,<init>,services/sonarReliability/sonarReliabilityCalculationService.ts::program:SonarReliabilityCalculationService:<init>
158913790705,TYPE,services/sonarReliability/sonarReliabilityCalculationService.ts::program:SonarReliabilityCalculationService:calculateMetrics,calculateMetrics,services/sonarReliability/sonarReliabilityCalculationService.ts::program:SonarReliabilityCalculationService:calculateMetrics
158913790706,TYPE,services/sonarReliability/sonarReliabilityCalculationService.ts::program:SonarReliabilityCalculationService:calculateMetrics:<anon-class>0,<anon-class>0,services/sonarReliability/sonarReliabilityCalculationService.ts::program:SonarReliabilityCalculationService:calculateMetrics:<anon-class>0
158913790707,TYPE,services/sonarReliability/sonarReliabilityCalculationService.ts::program:SonarReliabilityCalculationService:calculateMetrics:<anon-class>1,<anon-class>1,services/sonarReliability/sonarReliabilityCalculationService.ts::program:SonarReliabilityCalculationService:calculateMetrics:<anon-class>1
158913790708,TYPE,services/sonarReliability/sonarReliabilityCalculationService.ts::program:SonarReliabilityCalculationService:calculateMetrics:<lambda>0,<lambda>0,services/sonarReliability/sonarReliabilityCalculationService.ts::program:SonarReliabilityCalculationService:calculateMetrics:<lambda>0
158913790709,TYPE,services/sonarReliability/sonarReliabilityCalculationService.ts::program:SonarReliabilityCalculationService:calculateMetrics:<lambda>0:<lambda>1,<lambda>1,services/sonarReliability/sonarReliabilityCalculationService.ts::program:SonarReliabilityCalculationService:calculateMetrics:<lambda>0:<lambda>1
158913790710,TYPE,services/sonarReliability/sonarReliabilityCalculationService.ts::program:SonarReliabilityCalculationService:getRatingLetter,getRatingLetter,services/sonarReliability/sonarReliabilityCalculationService.ts::program:SonarReliabilityCalculationService:getRatingLetter
158913790711,TYPE,services/sonarReliability/sonarReliabilityDbService.ts::program,:program,services/sonarReliability/sonarReliabilityDbService.ts::program
158913790712,TYPE,services/sonarReliability/sonarReliabilityDbService.ts::program:SonarReliabilityDbService,SonarReliabilityDbService,services/sonarReliability/sonarReliabilityDbService.ts::program:SonarReliabilityDbService
158913790713,TYPE,services/sonarReliability/sonarReliabilityDbService.ts::program:SonarReliabilityDbService:<init>,<init>,services/sonarReliability/sonarReliabilityDbService.ts::program:SonarReliabilityDbService:<init>
158913790714,TYPE,services/sonarReliability/sonarReliabilityDbService.ts::program:SonarReliabilityDbService:deleteMetrics,deleteMetrics,services/sonarReliability/sonarReliabilityDbService.ts::program:SonarReliabilityDbService:deleteMetrics
158913790715,TYPE,services/sonarReliability/sonarReliabilityDbService.ts::program:SonarReliabilityDbService:getMetrics,getMetrics,services/sonarReliability/sonarReliabilityDbService.ts::program:SonarReliabilityDbService:getMetrics
158913790716,TYPE,services/sonarReliability/sonarReliabilityDbService.ts::program:SonarReliabilityDbService:getMetricsHistory,getMetricsHistory,services/sonarReliability/sonarReliabilityDbService.ts::program:SonarReliabilityDbService:getMetricsHistory
158913790717,TYPE,services/sonarReliability/sonarReliabilityDbService.ts::program:SonarReliabilityDbService:getRatingValue,getRatingValue,services/sonarReliability/sonarReliabilityDbService.ts::program:SonarReliabilityDbService:getRatingValue
158913790718,TYPE,services/sonarReliability/sonarReliabilityDbService.ts::program:SonarReliabilityDbService:saveHistoricalSnapshot,saveHistoricalSnapshot,services/sonarReliability/sonarReliabilityDbService.ts::program:SonarReliabilityDbService:saveHistoricalSnapshot
158913790719,TYPE,services/sonarReliability/sonarReliabilityDbService.ts::program:SonarReliabilityDbService:saveMetrics,saveMetrics,services/sonarReliability/sonarReliabilityDbService.ts::program:SonarReliabilityDbService:saveMetrics
158913790720,TYPE,services/sonarReliability/sonarReliabilitySyncService.ts::program,:program,services/sonarReliability/sonarReliabilitySyncService.ts::program
158913790721,TYPE,services/sonarReliability/sonarReliabilitySyncService.ts::program:SonarReliabilitySyncService,SonarReliabilitySyncService,services/sonarReliability/sonarReliabilitySyncService.ts::program:SonarReliabilitySyncService
158913790722,TYPE,services/sonarReliability/sonarReliabilitySyncService.ts::program:SonarReliabilitySyncService:<init>,<init>,services/sonarReliability/sonarReliabilitySyncService.ts::program:SonarReliabilitySyncService:<init>
158913790723,TYPE,services/sonarReliability/sonarReliabilitySyncService.ts::program:SonarReliabilitySyncService:fetchSonarQubeData,fetchSonarQubeData,services/sonarReliability/sonarReliabilitySyncService.ts::program:SonarReliabilitySyncService:fetchSonarQubeData
158913790724,TYPE,services/sonarReliability/sonarReliabilitySyncService.ts::program:SonarReliabilitySyncService:syncReliabilityMetrics,syncReliabilityMetrics,services/sonarReliability/sonarReliabilitySyncService.ts::program:SonarReliabilitySyncService:syncReliabilityMetrics
158913790725,TYPE,services/sonarSecurity/sonarSecurityApiService.ts::program,:program,services/sonarSecurity/sonarSecurityApiService.ts::program
158913790726,TYPE,services/sonarSecurity/sonarSecurityApiService.ts::program:SonarSecurityApiService,SonarSecurityApiService,services/sonarSecurity/sonarSecurityApiService.ts::program:SonarSecurityApiService
158913790727,TYPE,services/sonarSecurity/sonarSecurityApiService.ts::program:SonarSecurityApiService:<init>,<init>,services/sonarSecurity/sonarSecurityApiService.ts::program:SonarSecurityApiService:<init>
158913790728,TYPE,services/sonarSecurity/sonarSecurityApiService.ts::program:SonarSecurityApiService:ensureInitialized,ensureInitialized,services/sonarSecurity/sonarSecurityApiService.ts::program:SonarSecurityApiService:ensureInitialized
158913790729,TYPE,services/sonarSecurity/sonarSecurityApiService.ts::program:SonarSecurityApiService:getAuthHeader,getAuthHeader,services/sonarSecurity/sonarSecurityApiService.ts::program:SonarSecurityApiService:getAuthHeader
158913790730,TYPE,services/sonarSecurity/sonarSecurityApiService.ts::program:SonarSecurityApiService:getSecurityMetrics,getSecurityMetrics,services/sonarSecurity/sonarSecurityApiService.ts::program:SonarSecurityApiService:getSecurityMetrics
158913790731,TYPE,services/sonarSecurity/sonarSecurityCalculationService.ts::program,:program,services/sonarSecurity/sonarSecurityCalculationService.ts::program
158913790732,TYPE,services/sonarSecurity/sonarSecurityCalculationService.ts::program:SonarSecurityCalculationService,SonarSecurityCalculationService,services/sonarSecurity/sonarSecurityCalculationService.ts::program:SonarSecurityCalculationService
158913790733,TYPE,services/sonarSecurity/sonarSecurityCalculationService.ts::program:SonarSecurityCalculationService:<init>,<init>,services/sonarSecurity/sonarSecurityCalculationService.ts::program:SonarSecurityCalculationService:<init>
158913790734,TYPE,services/sonarSecurity/sonarSecurityCalculationService.ts::program:SonarSecurityCalculationService:calculateMetrics,calculateMetrics,services/sonarSecurity/sonarSecurityCalculationService.ts::program:SonarSecurityCalculationService:calculateMetrics
158913790735,TYPE,services/sonarSecurity/sonarSecurityCalculationService.ts::program:SonarSecurityCalculationService:calculateMetrics:<anon-class>0,<anon-class>0,services/sonarSecurity/sonarSecurityCalculationService.ts::program:SonarSecurityCalculationService:calculateMetrics:<anon-class>0
158913790736,TYPE,services/sonarSecurity/sonarSecurityCalculationService.ts::program:SonarSecurityCalculationService:calculateMetrics:<anon-class>1,<anon-class>1,services/sonarSecurity/sonarSecurityCalculationService.ts::program:SonarSecurityCalculationService:calculateMetrics:<anon-class>1
158913790737,TYPE,services/sonarSecurity/sonarSecurityCalculationService.ts::program:SonarSecurityCalculationService:calculateMetrics:<lambda>0,<lambda>0,services/sonarSecurity/sonarSecurityCalculationService.ts::program:SonarSecurityCalculationService:calculateMetrics:<lambda>0
158913790738,TYPE,services/sonarSecurity/sonarSecurityCalculationService.ts::program:SonarSecurityCalculationService:calculateMetrics:<lambda>0:<lambda>1,<lambda>1,services/sonarSecurity/sonarSecurityCalculationService.ts::program:SonarSecurityCalculationService:calculateMetrics:<lambda>0:<lambda>1
158913790739,TYPE,services/sonarSecurity/sonarSecurityCalculationService.ts::program:SonarSecurityCalculationService:getRatingLetter,getRatingLetter,services/sonarSecurity/sonarSecurityCalculationService.ts::program:SonarSecurityCalculationService:getRatingLetter
158913790740,TYPE,services/sonarSecurity/sonarSecurityDbService.ts::program,:program,services/sonarSecurity/sonarSecurityDbService.ts::program
158913790741,TYPE,services/sonarSecurity/sonarSecurityDbService.ts::program:SonarSecurityDbService,SonarSecurityDbService,services/sonarSecurity/sonarSecurityDbService.ts::program:SonarSecurityDbService
158913790742,TYPE,services/sonarSecurity/sonarSecurityDbService.ts::program:SonarSecurityDbService:<init>,<init>,services/sonarSecurity/sonarSecurityDbService.ts::program:SonarSecurityDbService:<init>
158913790743,TYPE,services/sonarSecurity/sonarSecurityDbService.ts::program:SonarSecurityDbService:deleteMetrics,deleteMetrics,services/sonarSecurity/sonarSecurityDbService.ts::program:SonarSecurityDbService:deleteMetrics
158913790744,TYPE,services/sonarSecurity/sonarSecurityDbService.ts::program:SonarSecurityDbService:getMetrics,getMetrics,services/sonarSecurity/sonarSecurityDbService.ts::program:SonarSecurityDbService:getMetrics
158913790745,TYPE,services/sonarSecurity/sonarSecurityDbService.ts::program:SonarSecurityDbService:getMetricsHistory,getMetricsHistory,services/sonarSecurity/sonarSecurityDbService.ts::program:SonarSecurityDbService:getMetricsHistory
158913790746,TYPE,services/sonarSecurity/sonarSecurityDbService.ts::program:SonarSecurityDbService:getRatingValue,getRatingValue,services/sonarSecurity/sonarSecurityDbService.ts::program:SonarSecurityDbService:getRatingValue
158913790747,TYPE,services/sonarSecurity/sonarSecurityDbService.ts::program:SonarSecurityDbService:saveHistoricalSnapshot,saveHistoricalSnapshot,services/sonarSecurity/sonarSecurityDbService.ts::program:SonarSecurityDbService:saveHistoricalSnapshot
158913790748,TYPE,services/sonarSecurity/sonarSecurityDbService.ts::program:SonarSecurityDbService:saveMetrics,saveMetrics,services/sonarSecurity/sonarSecurityDbService.ts::program:SonarSecurityDbService:saveMetrics
158913790749,TYPE,services/sonarSecurity/sonarSecuritySyncService.ts::program,:program,services/sonarSecurity/sonarSecuritySyncService.ts::program
158913790750,TYPE,services/sonarSecurity/sonarSecuritySyncService.ts::program:SonarSecuritySyncService,SonarSecuritySyncService,services/sonarSecurity/sonarSecuritySyncService.ts::program:SonarSecuritySyncService
158913790751,TYPE,services/sonarSecurity/sonarSecuritySyncService.ts::program:SonarSecuritySyncService:<init>,<init>,services/sonarSecurity/sonarSecuritySyncService.ts::program:SonarSecuritySyncService:<init>
158913790752,TYPE,services/sonarSecurity/sonarSecuritySyncService.ts::program:SonarSecuritySyncService:fetchSonarQubeData,fetchSonarQubeData,services/sonarSecurity/sonarSecuritySyncService.ts::program:SonarSecuritySyncService:fetchSonarQubeData
158913790753,TYPE,services/sonarSecurity/sonarSecuritySyncService.ts::program:SonarSecuritySyncService:syncSecurityMetrics,syncSecurityMetrics,services/sonarSecurity/sonarSecuritySyncService.ts::program:SonarSecuritySyncService:syncSecurityMetrics
158913790754,TYPE,services/sonarqube/autoMapSonarProjectKeys.ts::program,:program,services/sonarqube/autoMapSonarProjectKeys.ts::program
158913790755,TYPE,services/sonarqube/autoMapSonarProjectKeys.ts::program:autoMapSonarProjectKeys,autoMapSonarProjectKeys,services/sonarqube/autoMapSonarProjectKeys.ts::program:autoMapSonarProjectKeys
158913790756,TYPE,services/sonarqube/autoMapSonarProjectKeys.ts::program:autoMapSonarProjectKeys:<lambda>0,<lambda>0,services/sonarqube/autoMapSonarProjectKeys.ts::program:autoMapSonarProjectKeys:<lambda>0
158913790757,TYPE,services/sonarqube/autoMapSonarProjectKeys.ts::program:autoMapSonarProjectKeys:<lambda>1,<lambda>1,services/sonarqube/autoMapSonarProjectKeys.ts::program:autoMapSonarProjectKeys:<lambda>1
158913790758,TYPE,services/sonarqube/autoMapSonarProjectKeys.ts::program:autoMapSonarProjectKeys:normalize,normalize,services/sonarqube/autoMapSonarProjectKeys.ts::program:autoMapSonarProjectKeys:normalize
158913790759,TYPE,services/sonarqube/autoMapSonarProjectKeys.ts::program:getSonarProjectKey,getSonarProjectKey,services/sonarqube/autoMapSonarProjectKeys.ts::program:getSonarProjectKey
158913790760,TYPE,services/sonarqube/sonarQubeService.ts::program,:program,services/sonarqube/sonarQubeService.ts::program
158913790761,TYPE,services/sonarqube/sonarQubeService.ts::program:SonarIssueCounts,SonarIssueCounts,services/sonarqube/sonarQubeService.ts::program:SonarIssueCounts
158913790762,TYPE,services/sonarqube/sonarQubeService.ts::program:SonarIssueCounts:<init>,<init>,services/sonarqube/sonarQubeService.ts::program:SonarIssueCounts:<init>
158913790763,TYPE,services/sonarqube/sonarQubeService.ts::program:SonarQubeService,SonarQubeService,services/sonarqube/sonarQubeService.ts::program:SonarQubeService
158913790764,TYPE,services/sonarqube/sonarQubeService.ts::program:SonarQubeService:<init>,<init>,services/sonarqube/sonarQubeService.ts::program:SonarQubeService:<init>
158913790765,TYPE,services/sonarqube/sonarQubeService.ts::program:SonarQubeService:fetchIssueCounts,fetchIssueCounts,services/sonarqube/sonarQubeService.ts::program:SonarQubeService:fetchIssueCounts
158913790766,TYPE,services/sonarqube/sonarQubeService.ts::program:SonarQubeService:fetchIssueCounts:<lambda>0,<lambda>0,services/sonarqube/sonarQubeService.ts::program:SonarQubeService:fetchIssueCounts:<lambda>0
158913790767,TYPE,services/sonarqube/sonarQubeService.ts::program:SonarQubeService:getAuthHeader,getAuthHeader,services/sonarqube/sonarQubeService.ts::program:SonarQubeService:getAuthHeader
158913790768,TYPE,setTimeout,setTimeout,setTimeout
158913790769,TYPE,string | 5000,string | 5000,string | 5000
158913790770,TYPE,string | ANY,string | ANY,string | ANY
158913790771,TYPE,string | __ecma.Null,Null,string | __ecma.Null
158913790772,TYPE,string | __ecma.Number,Number,string | __ecma.Number
158913790773,TYPE,types/commitMetrics.types.ts::program,:program,types/commitMetrics.types.ts::program
158913790774,TYPE,types/commitMetrics.types.ts::program:CommitHealthMetrics,CommitHealthMetrics,types/commitMetrics.types.ts::program:CommitHealthMetrics
158913790775,TYPE,types/commitMetrics.types.ts::program:CommitHealthMetrics:<init>,<init>,types/commitMetrics.types.ts::program:CommitHealthMetrics:<init>
158913790776,TYPE,types/commitMetrics.types.ts::program:CommitMetricsCalculationResult,CommitMetricsCalculationResult,types/commitMetrics.types.ts::program:CommitMetricsCalculationResult
158913790777,TYPE,types/commitMetrics.types.ts::program:CommitMetricsCalculationResult:<init>,<init>,types/commitMetrics.types.ts::program:CommitMetricsCalculationResult:<init>
158913790778,TYPE,types/commitMetrics.types.ts::program:CommitMetricsHistory,CommitMetricsHistory,types/commitMetrics.types.ts::program:CommitMetricsHistory
158913790779,TYPE,types/commitMetrics.types.ts::program:CommitMetricsHistory:<init>,<init>,types/commitMetrics.types.ts::program:CommitMetricsHistory:<init>
158913790780,TYPE,types/commitMetrics.types.ts::program:ContributorCommitData,ContributorCommitData,types/commitMetrics.types.ts::program:ContributorCommitData
158913790781,TYPE,types/commitMetrics.types.ts::program:ContributorCommitData:<init>,<init>,types/commitMetrics.types.ts::program:ContributorCommitData:<init>
158913790782,TYPE,types/commitMetrics.types.ts::program:GitLabCommitWithStats,GitLabCommitWithStats,types/commitMetrics.types.ts::program:GitLabCommitWithStats
158913790783,TYPE,types/commitMetrics.types.ts::program:GitLabCommitWithStats:<init>,<init>,types/commitMetrics.types.ts::program:GitLabCommitWithStats:<init>
158913790784,TYPE,types/doraMetrics.types.ts::program,:program,types/doraMetrics.types.ts::program
158913790785,TYPE,types/doraMetrics.types.ts::program:ChangeFailureRate,ChangeFailureRate,types/doraMetrics.types.ts::program:ChangeFailureRate
158913790786,TYPE,types/doraMetrics.types.ts::program:ChangeFailureRate:<init>,<init>,types/doraMetrics.types.ts::program:ChangeFailureRate:<init>
158913790787,TYPE,types/doraMetrics.types.ts::program:ChangeFailureRateInput,ChangeFailureRateInput,types/doraMetrics.types.ts::program:ChangeFailureRateInput
158913790788,TYPE,types/doraMetrics.types.ts::program:ChangeFailureRateInput:<init>,<init>,types/doraMetrics.types.ts::program:ChangeFailureRateInput:<init>
158913790789,TYPE,types/doraMetrics.types.ts::program:DeploymentFrequency,DeploymentFrequency,types/doraMetrics.types.ts::program:DeploymentFrequency
158913790790,TYPE,types/doraMetrics.types.ts::program:DeploymentFrequency:<init>,<init>,types/doraMetrics.types.ts::program:DeploymentFrequency:<init>
158913790791,TYPE,types/doraMetrics.types.ts::program:DeploymentFrequencyInput,DeploymentFrequencyInput,types/doraMetrics.types.ts::program:DeploymentFrequencyInput
158913790792,TYPE,types/doraMetrics.types.ts::program:DeploymentFrequencyInput:<init>,<init>,types/doraMetrics.types.ts::program:DeploymentFrequencyInput:<init>
158913790793,TYPE,types/doraMetrics.types.ts::program:DoraMetricsSummary,DoraMetricsSummary,types/doraMetrics.types.ts::program:DoraMetricsSummary
158913790794,TYPE,types/doraMetrics.types.ts::program:DoraMetricsSummary:<init>,<init>,types/doraMetrics.types.ts::program:DoraMetricsSummary:<init>
158913790795,TYPE,types/doraMetrics.types.ts::program:LeadTimeChange,LeadTimeChange,types/doraMetrics.types.ts::program:LeadTimeChange
158913790796,TYPE,types/doraMetrics.types.ts::program:LeadTimeChange:<init>,<init>,types/doraMetrics.types.ts::program:LeadTimeChange:<init>
158913790797,TYPE,types/doraMetrics.types.ts::program:LeadTimeChangeInput,LeadTimeChangeInput,types/doraMetrics.types.ts::program:LeadTimeChangeInput
158913790798,TYPE,types/doraMetrics.types.ts::program:LeadTimeChangeInput:<init>,<init>,types/doraMetrics.types.ts::program:LeadTimeChangeInput:<init>
158913790799,TYPE,types/doraMetrics.types.ts::program:TimeToRestoreService,TimeToRestoreService,types/doraMetrics.types.ts::program:TimeToRestoreService
158913790800,TYPE,types/doraMetrics.types.ts::program:TimeToRestoreService:<init>,<init>,types/doraMetrics.types.ts::program:TimeToRestoreService:<init>
158913790801,TYPE,types/doraMetrics.types.ts::program:TimeToRestoreServiceInput,TimeToRestoreServiceInput,types/doraMetrics.types.ts::program:TimeToRestoreServiceInput
158913790802,TYPE,types/doraMetrics.types.ts::program:TimeToRestoreServiceInput:<init>,<init>,types/doraMetrics.types.ts::program:TimeToRestoreServiceInput:<init>
158913790803,TYPE,types/gitlab.types.ts::program,:program,types/gitlab.types.ts::program
158913790804,TYPE,types/gitlab.types.ts::program:GitLabBranch,GitLabBranch,types/gitlab.types.ts::program:GitLabBranch
158913790805,TYPE,types/gitlab.types.ts::program:GitLabBranch:<init>,<init>,types/gitlab.types.ts::program:GitLabBranch:<init>
158913790806,TYPE,types/gitlab.types.ts::program:GitLabCommit,GitLabCommit,types/gitlab.types.ts::program:GitLabCommit
158913790807,TYPE,types/gitlab.types.ts::program:GitLabCommit:<init>,<init>,types/gitlab.types.ts::program:GitLabCommit:<init>
158913790808,TYPE,types/gitlab.types.ts::program:GitLabGroup,GitLabGroup,types/gitlab.types.ts::program:GitLabGroup
158913790809,TYPE,types/gitlab.types.ts::program:GitLabGroup:<init>,<init>,types/gitlab.types.ts::program:GitLabGroup:<init>
158913790810,TYPE,types/gitlab.types.ts::program:GitLabIssues,GitLabIssues,types/gitlab.types.ts::program:GitLabIssues
158913790811,TYPE,types/gitlab.types.ts::program:GitLabIssues:<init>,<init>,types/gitlab.types.ts::program:GitLabIssues:<init>
158913790812,TYPE,types/gitlab.types.ts::program:GitLabMergeRequest,GitLabMergeRequest,types/gitlab.types.ts::program:GitLabMergeRequest
158913790813,TYPE,types/gitlab.types.ts::program:GitLabMergeRequest:<init>,<init>,types/gitlab.types.ts::program:GitLabMergeRequest:<init>
158913790814,TYPE,types/gitlab.types.ts::program:GitLabMilestone,GitLabMilestone,types/gitlab.types.ts::program:GitLabMilestone
158913790815,TYPE,types/gitlab.types.ts::program:GitLabMilestone:<init>,<init>,types/gitlab.types.ts::program:GitLabMilestone:<init>
158913790816,TYPE,types/gitlab.types.ts::program:GitLabNamespace,GitLabNamespace,types/gitlab.types.ts::program:GitLabNamespace
158913790817,TYPE,types/gitlab.types.ts::program:GitLabNamespace:<init>,<init>,types/gitlab.types.ts::program:GitLabNamespace:<init>
158913790818,TYPE,types/gitlab.types.ts::program:GitLabProject,GitLabProject,types/gitlab.types.ts::program:GitLabProject
158913790819,TYPE,types/gitlab.types.ts::program:GitLabProject:<init>,<init>,types/gitlab.types.ts::program:GitLabProject:<init>
158913790820,TYPE,types/gitlab.types.ts::program:GitLabUser,GitLabUser,types/gitlab.types.ts::program:GitLabUser
158913790821,TYPE,types/gitlab.types.ts::program:GitLabUser:<init>,<init>,types/gitlab.types.ts::program:GitLabUser:<init>
158913790822,TYPE,types/index.ts::program,:program,types/index.ts::program
158913790823,TYPE,types/issueMetrics.types.ts::program,:program,types/issueMetrics.types.ts::program
158913790824,TYPE,types/issueMetrics.types.ts::program:GitLabIssueLink,GitLabIssueLink,types/issueMetrics.types.ts::program:GitLabIssueLink
158913790825,TYPE,types/issueMetrics.types.ts::program:GitLabIssueLink:<init>,<init>,types/issueMetrics.types.ts::program:GitLabIssueLink:<init>
158913790826,TYPE,types/issueMetrics.types.ts::program:GitLabIssueMRReference,GitLabIssueMRReference,types/issueMetrics.types.ts::program:GitLabIssueMRReference
158913790827,TYPE,types/issueMetrics.types.ts::program:GitLabIssueMRReference:<init>,<init>,types/issueMetrics.types.ts::program:GitLabIssueMRReference:<init>
158913790828,TYPE,types/issueMetrics.types.ts::program:GitLabIssueStateEvent,GitLabIssueStateEvent,types/issueMetrics.types.ts::program:GitLabIssueStateEvent
158913790829,TYPE,types/issueMetrics.types.ts::program:GitLabIssueStateEvent:<init>,<init>,types/issueMetrics.types.ts::program:GitLabIssueStateEvent:<init>
158913790830,TYPE,types/issueMetrics.types.ts::program:IssueHealthMetrics,IssueHealthMetrics,types/issueMetrics.types.ts::program:IssueHealthMetrics
158913790831,TYPE,types/issueMetrics.types.ts::program:IssueHealthMetrics:<init>,<init>,types/issueMetrics.types.ts::program:IssueHealthMetrics:<init>
158913790832,TYPE,types/issueMetrics.types.ts::program:IssueMetricsCalculationInput,IssueMetricsCalculationInput,types/issueMetrics.types.ts::program:IssueMetricsCalculationInput
158913790833,TYPE,types/issueMetrics.types.ts::program:IssueMetricsCalculationInput:<init>,<init>,types/issueMetrics.types.ts::program:IssueMetricsCalculationInput:<init>
158913790834,TYPE,types/issueMetrics.types.ts::program:IssueMetricsCalculationResult,IssueMetricsCalculationResult,types/issueMetrics.types.ts::program:IssueMetricsCalculationResult
158913790835,TYPE,types/issueMetrics.types.ts::program:IssueMetricsCalculationResult:<init>,<init>,types/issueMetrics.types.ts::program:IssueMetricsCalculationResult:<init>
158913790836,TYPE,types/issueMetrics.types.ts::program:IssueMetricsHistory,IssueMetricsHistory,types/issueMetrics.types.ts::program:IssueMetricsHistory
158913790837,TYPE,types/issueMetrics.types.ts::program:IssueMetricsHistory:<init>,<init>,types/issueMetrics.types.ts::program:IssueMetricsHistory:<init>
158913790838,TYPE,types/issueMetrics.types.ts::program:IssueMetricsTrends,IssueMetricsTrends,types/issueMetrics.types.ts::program:IssueMetricsTrends
158913790839,TYPE,types/issueMetrics.types.ts::program:IssueMetricsTrends:<init>,<init>,types/issueMetrics.types.ts::program:IssueMetricsTrends:<init>
158913790840,TYPE,types/issueMetrics.types.ts::program:WeekOverWeekComparison,WeekOverWeekComparison,types/issueMetrics.types.ts::program:WeekOverWeekComparison
158913790841,TYPE,types/issueMetrics.types.ts::program:WeekOverWeekComparison:<init>,<init>,types/issueMetrics.types.ts::program:WeekOverWeekComparison:<init>
158913790842,TYPE,types/milestoneMetrics.types.ts::program,:program,types/milestoneMetrics.types.ts::program
158913790843,TYPE,types/milestoneMetrics.types.ts::program:MilestoneMetrics,MilestoneMetrics,types/milestoneMetrics.types.ts::program:MilestoneMetrics
158913790844,TYPE,types/milestoneMetrics.types.ts::program:MilestoneMetrics:<init>,<init>,types/milestoneMetrics.types.ts::program:MilestoneMetrics:<init>
158913790845,TYPE,types/milestoneMetrics.types.ts::program:MilestoneWithIssueCount,MilestoneWithIssueCount,types/milestoneMetrics.types.ts::program:MilestoneWithIssueCount
158913790846,TYPE,types/milestoneMetrics.types.ts::program:MilestoneWithIssueCount:<init>,<init>,types/milestoneMetrics.types.ts::program:MilestoneWithIssueCount:<init>
158913790847,TYPE,types/mrMetrics.types.ts::program,:program,types/mrMetrics.types.ts::program
158913790848,TYPE,types/mrMetrics.types.ts::program:GitLabMRNote,GitLabMRNote,types/mrMetrics.types.ts::program:GitLabMRNote
158913790849,TYPE,types/mrMetrics.types.ts::program:GitLabMRNote:<init>,<init>,types/mrMetrics.types.ts::program:GitLabMRNote:<init>
158913790850,TYPE,types/mrMetrics.types.ts::program:GitLabMRReviewer,GitLabMRReviewer,types/mrMetrics.types.ts::program:GitLabMRReviewer
158913790851,TYPE,types/mrMetrics.types.ts::program:GitLabMRReviewer:<init>,<init>,types/mrMetrics.types.ts::program:GitLabMRReviewer:<init>
158913790852,TYPE,types/mrMetrics.types.ts::program:MRFetchData,MRFetchData,types/mrMetrics.types.ts::program:MRFetchData
158913790853,TYPE,types/mrMetrics.types.ts::program:MRFetchData:<init>,<init>,types/mrMetrics.types.ts::program:MRFetchData:<init>
158913790854,TYPE,types/mrMetrics.types.ts::program:MRHealthMetrics,MRHealthMetrics,types/mrMetrics.types.ts::program:MRHealthMetrics
158913790855,TYPE,types/mrMetrics.types.ts::program:MRHealthMetrics:<init>,<init>,types/mrMetrics.types.ts::program:MRHealthMetrics:<init>
158913790856,TYPE,types/mrMetrics.types.ts::program:MRMetricsHistory,MRMetricsHistory,types/mrMetrics.types.ts::program:MRMetricsHistory
158913790857,TYPE,types/mrMetrics.types.ts::program:MRMetricsHistory:<init>,<init>,types/mrMetrics.types.ts::program:MRMetricsHistory:<init>
158913790858,TYPE,types/mrMetrics.types.ts::program:MRWeekOverWeekComparison,MRWeekOverWeekComparison,types/mrMetrics.types.ts::program:MRWeekOverWeekComparison
158913790859,TYPE,types/mrMetrics.types.ts::program:MRWeekOverWeekComparison:<init>,<init>,types/mrMetrics.types.ts::program:MRWeekOverWeekComparison:<init>
158913790860,TYPE,types/project.types.ts::program,:program,types/project.types.ts::program
158913790861,TYPE,types/project.types.ts::program:Project,Project,types/project.types.ts::program:Project
158913790862,TYPE,types/project.types.ts::program:Project:<init>,<init>,types/project.types.ts::program:Project:<init>
158913790863,TYPE,types/project.types.ts::program:ProjectNamespace,ProjectNamespace,types/project.types.ts::program:ProjectNamespace
158913790864,TYPE,types/project.types.ts::program:ProjectNamespace:<init>,<init>,types/project.types.ts::program:ProjectNamespace:<init>
158913790865,TYPE,types/project.types.ts::program:ProjectStatistics,ProjectStatistics,types/project.types.ts::program:ProjectStatistics
158913790866,TYPE,types/project.types.ts::program:ProjectStatistics:<init>,<init>,types/project.types.ts::program:ProjectStatistics:<init>
158913790867,TYPE,types/project.types.ts::program:ProjectWithStats,ProjectWithStats,types/project.types.ts::program:ProjectWithStats
158913790868,TYPE,types/project.types.ts::program:ProjectWithStats:<init>,<init>,types/project.types.ts::program:ProjectWithStats:<init>
158913790869,TYPE,types/sonarQubeMetrics.types.ts::program,:program,types/sonarQubeMetrics.types.ts::program
158913790870,TYPE,types/sonarQubeMetrics.types.ts::program:SonarQubeComponentMeasures,SonarQubeComponentMeasures,types/sonarQubeMetrics.types.ts::program:SonarQubeComponentMeasures
158913790871,TYPE,types/sonarQubeMetrics.types.ts::program:SonarQubeComponentMeasures:<init>,<init>,types/sonarQubeMetrics.types.ts::program:SonarQubeComponentMeasures:<init>
158913790872,TYPE,types/sonarQubeMetrics.types.ts::program:SonarQubeMaintainabilityCalculationResult,SonarQubeMaintainabilityCalculationResult,types/sonarQubeMetrics.types.ts::program:SonarQubeMaintainabilityCalculationResult
158913790873,TYPE,types/sonarQubeMetrics.types.ts::program:SonarQubeMaintainabilityCalculationResult:<init>,<init>,types/sonarQubeMetrics.types.ts::program:SonarQubeMaintainabilityCalculationResult:<init>
158913790874,TYPE,types/sonarQubeMetrics.types.ts::program:SonarQubeMaintainabilityHistory,SonarQubeMaintainabilityHistory,types/sonarQubeMetrics.types.ts::program:SonarQubeMaintainabilityHistory
158913790875,TYPE,types/sonarQubeMetrics.types.ts::program:SonarQubeMaintainabilityHistory:<init>,<init>,types/sonarQubeMetrics.types.ts::program:SonarQubeMaintainabilityHistory:<init>
158913790876,TYPE,types/sonarQubeMetrics.types.ts::program:SonarQubeMaintainabilityMetrics,SonarQubeMaintainabilityMetrics,types/sonarQubeMetrics.types.ts::program:SonarQubeMaintainabilityMetrics
158913790877,TYPE,types/sonarQubeMetrics.types.ts::program:SonarQubeMaintainabilityMetrics:<init>,<init>,types/sonarQubeMetrics.types.ts::program:SonarQubeMaintainabilityMetrics:<init>
158913790878,TYPE,types/sonarQubeMetrics.types.ts::program:SonarQubeMeasure,SonarQubeMeasure,types/sonarQubeMetrics.types.ts::program:SonarQubeMeasure
158913790879,TYPE,types/sonarQubeMetrics.types.ts::program:SonarQubeMeasure:<init>,<init>,types/sonarQubeMetrics.types.ts::program:SonarQubeMeasure:<init>
158913790880,TYPE,types/sonarQubeMetrics.types.ts::program:SonarQubeReliabilityCalculationResult,SonarQubeReliabilityCalculationResult,types/sonarQubeMetrics.types.ts::program:SonarQubeReliabilityCalculationResult
158913790881,TYPE,types/sonarQubeMetrics.types.ts::program:SonarQubeReliabilityCalculationResult:<init>,<init>,types/sonarQubeMetrics.types.ts::program:SonarQubeReliabilityCalculationResult:<init>
158913790882,TYPE,types/sonarQubeMetrics.types.ts::program:SonarQubeReliabilityHistory,SonarQubeReliabilityHistory,types/sonarQubeMetrics.types.ts::program:SonarQubeReliabilityHistory
158913790883,TYPE,types/sonarQubeMetrics.types.ts::program:SonarQubeReliabilityHistory:<init>,<init>,types/sonarQubeMetrics.types.ts::program:SonarQubeReliabilityHistory:<init>
158913790884,TYPE,types/sonarQubeMetrics.types.ts::program:SonarQubeReliabilityMetrics,SonarQubeReliabilityMetrics,types/sonarQubeMetrics.types.ts::program:SonarQubeReliabilityMetrics
158913790885,TYPE,types/sonarQubeMetrics.types.ts::program:SonarQubeReliabilityMetrics:<init>,<init>,types/sonarQubeMetrics.types.ts::program:SonarQubeReliabilityMetrics:<init>
158913790886,TYPE,types/sonarQubeMetrics.types.ts::program:SonarQubeSecurityCalculationResult,SonarQubeSecurityCalculationResult,types/sonarQubeMetrics.types.ts::program:SonarQubeSecurityCalculationResult
158913790887,TYPE,types/sonarQubeMetrics.types.ts::program:SonarQubeSecurityCalculationResult:<init>,<init>,types/sonarQubeMetrics.types.ts::program:SonarQubeSecurityCalculationResult:<init>
158913790888,TYPE,types/sonarQubeMetrics.types.ts::program:SonarQubeSecurityHistory,SonarQubeSecurityHistory,types/sonarQubeMetrics.types.ts::program:SonarQubeSecurityHistory
158913790889,TYPE,types/sonarQubeMetrics.types.ts::program:SonarQubeSecurityHistory:<init>,<init>,types/sonarQubeMetrics.types.ts::program:SonarQubeSecurityHistory:<init>
158913790890,TYPE,types/sonarQubeMetrics.types.ts::program:SonarQubeSecurityMetrics,SonarQubeSecurityMetrics,types/sonarQubeMetrics.types.ts::program:SonarQubeSecurityMetrics
158913790891,TYPE,types/sonarQubeMetrics.types.ts::program:SonarQubeSecurityMetrics:<init>,<init>,types/sonarQubeMetrics.types.ts::program:SonarQubeSecurityMetrics:<init>
158913790892,TYPE,undefined,undefined,undefined
158913790893,TYPE,utils/healthScoreCalculator.ts::program,:program,utils/healthScoreCalculator.ts::program
158913790894,TYPE,utils/healthScoreCalculator.ts::program:calculateCommitHealthScore,calculateCommitHealthScore,utils/healthScoreCalculator.ts::program:calculateCommitHealthScore
158913790895,TYPE,utils/healthScoreCalculator.ts::program:calculateCommitHealthScore:<anon-class>4,<anon-class>4,utils/healthScoreCalculator.ts::program:calculateCommitHealthScore:<anon-class>4
158913790896,TYPE,utils/healthScoreCalculator.ts::program:calculateCommitHealthScore:<anon-class>5,<anon-class>5,utils/healthScoreCalculator.ts::program:calculateCommitHealthScore:<anon-class>5
158913790897,TYPE,utils/healthScoreCalculator.ts::program:calculateIssueHealthScore,calculateIssueHealthScore,utils/healthScoreCalculator.ts::program:calculateIssueHealthScore
158913790898,TYPE,utils/healthScoreCalculator.ts::program:calculateIssueHealthScore:<anon-class>0,<anon-class>0,utils/healthScoreCalculator.ts::program:calculateIssueHealthScore:<anon-class>0
158913790899,TYPE,utils/healthScoreCalculator.ts::program:calculateIssueHealthScore:<anon-class>1,<anon-class>1,utils/healthScoreCalculator.ts::program:calculateIssueHealthScore:<anon-class>1
158913790900,TYPE,utils/healthScoreCalculator.ts::program:calculateMRHealthScore,calculateMRHealthScore,utils/healthScoreCalculator.ts::program:calculateMRHealthScore
158913790901,TYPE,utils/healthScoreCalculator.ts::program:calculateMRHealthScore:<anon-class>2,<anon-class>2,utils/healthScoreCalculator.ts::program:calculateMRHealthScore:<anon-class>2
158913790902,TYPE,utils/healthScoreCalculator.ts::program:calculateMRHealthScore:<anon-class>3,<anon-class>3,utils/healthScoreCalculator.ts::program:calculateMRHealthScore:<anon-class>3
158913790903,TYPE,utils/healthScoreCalculator.ts::program:calculateMaintainabilityHealthScore,calculateMaintainabilityHealthScore,utils/healthScoreCalculator.ts::program:calculateMaintainabilityHealthScore
158913790904,TYPE,utils/healthScoreCalculator.ts::program:calculateMaintainabilityHealthScore:<anon-class>8,<anon-class>8,utils/healthScoreCalculator.ts::program:calculateMaintainabilityHealthScore:<anon-class>8
158913790905,TYPE,utils/healthScoreCalculator.ts::program:calculateMaintainabilityHealthScore:<anon-class>9,<anon-class>9,utils/healthScoreCalculator.ts::program:calculateMaintainabilityHealthScore:<anon-class>9
158913790906,TYPE,utils/healthScoreCalculator.ts::program:calculateReliabilityHealthScore,calculateReliabilityHealthScore,utils/healthScoreCalculator.ts::program:calculateReliabilityHealthScore
158913790907,TYPE,utils/healthScoreCalculator.ts::program:calculateReliabilityHealthScore:<anon-class>6,<anon-class>6,utils/healthScoreCalculator.ts::program:calculateReliabilityHealthScore:<anon-class>6
158913790908,TYPE,utils/healthScoreCalculator.ts::program:calculateReliabilityHealthScore:<anon-class>7,<anon-class>7,utils/healthScoreCalculator.ts::program:calculateReliabilityHealthScore:<anon-class>7
158913790909,TYPE,utils/healthScoreCalculator.ts::program:calculateSecurityHealthScore,calculateSecurityHealthScore,utils/healthScoreCalculator.ts::program:calculateSecurityHealthScore
158913790910,TYPE,utils/healthScoreCalculator.ts::program:calculateSecurityHealthScore:<anon-class>10,<anon-class>10,utils/healthScoreCalculator.ts::program:calculateSecurityHealthScore:<anon-class>10
158913790911,TYPE,utils/healthScoreCalculator.ts::program:calculateSecurityHealthScore:<anon-class>11,<anon-class>11,utils/healthScoreCalculator.ts::program:calculateSecurityHealthScore:<anon-class>11
158913790912,TYPE,void,void,void
