90194313216,LITERAL,1,,,500,26,__ecma.Number,15,,,3,,__ecma.Number
90194313217,LITERAL,2,,,"""Gemini API key not configured. Please set GEMINI_API_KEY in environment variables.""",17,__ecma.String,16,,,2,,__ecma.String
90194313218,LITERAL,2,,,true,19,__ecma.Boolean,21,,,2,,__ecma.Boolean
90194313219,LITERAL,2,,,"""Gemini AI service is configured and ready""",17,__ecma.String,22,,,2,,__ecma.String
90194313220,LITERAL,1,,,500,17,__ecma.Number,25,,,3,,__ecma.Number
90194313221,LITERAL,1,,,400,26,__ecma.Number,37,,,3,,__ecma.Number
90194313222,LITERAL,2,,,"""Prompt is required""",45,__ecma.String,37,,,2,,__ecma.String
90194313223,LITERAL,1,,,500,17,__ecma.Number,43,,,3,,__ecma.Number
90194313224,LITERAL,1,,,400,26,__ecma.Number,55,,,3,,__ecma.Number
90194313225,LITERAL,2,,,"""Prompt is required""",45,__ecma.String,55,,,2,,__ecma.String
90194313226,LITERAL,1,,,400,26,__ecma.Number,59,,,3,,__ecma.Number
90194313227,LITERAL,2,,,"""File data is required""",45,__ecma.String,59,,,2,,__ecma.String
90194313228,LITERAL,2,,,"""application/vnd.openxmlformats-officedocument.spreadsheetml.sheet""",35,__ecma.String,63,,,2,,__ecma.String
90194313229,LITERAL,2,,,"""application/vnd.ms-excel""",35,__ecma.String,64,,,2,,__ecma.String
90194313230,LITERAL,1,,,500,17,__ecma.Number,78,,,3,,__ecma.Number
90194313231,LITERAL,1,,,400,26,__ecma.Number,90,,,3,,__ecma.Number
90194313232,LITERAL,2,,,"""Project name is required""",45,__ecma.String,90,,,2,,__ecma.String
90194313233,LITERAL,1,,,"""📊 Generating insights for project: """,19,__ecma.String,93,,,1,,__ecma.String
90194313234,LITERAL,3,,,"""""",69,__ecma.String,93,,,3,,__ecma.String
90194313235,LITERAL,1,,,"""🔍 Parsing and correcting scores...""",18,__ecma.String,99,,,3,,__ecma.String
90194313236,LITERAL,1,,,"""💾 Saving corrected insights to database...""",18,__ecma.String,103,,,3,,__ecma.String
90194313237,LITERAL,1,,,"""✅ Insights generated, corrected, and saved successfully""",18,__ecma.String,106,,,3,,__ecma.String
90194313238,LITERAL,2,,,true,15,__ecma.Boolean,112,,,2,,__ecma.Boolean
90194313239,LITERAL,1,,,"""❌ Project insights error:""",20,__ecma.String,115,,,3,,__ecma.String
90194313240,LITERAL,1,,,500,17,__ecma.Number,116,,,3,,__ecma.Number
90194313241,LITERAL,1,,,400,26,__ecma.Number,128,,,3,,__ecma.Number
90194313242,LITERAL,2,,,"""Project name is required""",45,__ecma.String,128,,,2,,__ecma.String
90194313243,LITERAL,1,,,"""📖 Fetching insights for project: """,19,__ecma.String,131,,,1,,__ecma.String
90194313244,LITERAL,3,,,"""""",67,__ecma.String,131,,,3,,__ecma.String
90194313245,LITERAL,1,,,404,26,__ecma.Number,135,,,3,,__ecma.Number
90194313246,LITERAL,2,,,"""No insights found for this project""",17,__ecma.String,136,,,2,,__ecma.String
90194313247,LITERAL,2,,,"""Generate insights first using POST /api/ai/project-insights""",19,__ecma.String,137,,,2,,__ecma.String
90194313248,LITERAL,1,,,"""❌ Failed to get project insights:""",20,__ecma.String,152,,,3,,__ecma.String
90194313249,LITERAL,1,,,500,17,__ecma.Number,153,,,3,,__ecma.Number
90194313250,LITERAL,1,,,400,26,__ecma.Number,165,,,3,,__ecma.Number
90194313251,LITERAL,2,,,"""Project ID is required""",45,__ecma.String,165,,,2,,__ecma.String
90194313252,LITERAL,1,,,"""📊 Fetching insights history for project ID: """,19,__ecma.String,168,,,1,,__ecma.String
90194313253,LITERAL,3,,,"""""",76,__ecma.String,168,,,3,,__ecma.String
90194313254,LITERAL,2,,,0,57,__ecma.Number,171,,,2,,__ecma.Number
90194313255,LITERAL,2,,,"""No insights history found for this project""",19,__ecma.String,174,,,2,,__ecma.String
90194313256,LITERAL,1,,,"""❌ Failed to get project insights history:""",20,__ecma.String,183,,,3,,__ecma.String
90194313257,LITERAL,1,,,500,17,__ecma.Number,184,,,3,,__ecma.Number
90194313258,LITERAL,1,,,/\\s+/g,67,__ecma.String,211,,,3,,__ecma.String
90194313259,LITERAL,2,,,"""""",75,__ecma.String,211,,,4,,__ecma.String
90194313260,LITERAL,1,,,"""/""",42,__ecma.String,220,,,3,,__ecma.String
90194313261,LITERAL,2,,,0,47,__ecma.Number,220,,,2,,__ecma.Number
90194313262,LITERAL,2,,,"""Unknown""",53,__ecma.String,220,,,2,,__ecma.String
90194313263,LITERAL,2,,,0,52,__ecma.Number,222,,,2,,__ecma.Number
90194313264,LITERAL,2,,,0,58,__ecma.Number,223,,,2,,__ecma.Number
90194313265,LITERAL,2,,,0,54,__ecma.Number,224,,,2,,__ecma.Number
90194313266,LITERAL,2,,,0,58,__ecma.Number,225,,,2,,__ecma.Number
90194313267,LITERAL,2,,,0,52,__ecma.Number,226,,,2,,__ecma.Number
90194313268,LITERAL,2,,,0,56,__ecma.Number,227,,,2,,__ecma.Number
90194313269,LITERAL,2,,,0,118,__ecma.Number,228,,,2,,__ecma.Number
90194313270,LITERAL,2,,,0,43,__ecma.Number,229,,,2,,__ecma.Number
90194313271,LITERAL,2,,,0,53,__ecma.Number,230,,,2,,__ecma.Number
90194313272,LITERAL,1,,,"""📊 Fetching all latest project insights...""",18,__ecma.String,193,,,3,,__ecma.String
90194313273,LITERAL,2,,,0,49,__ecma.Number,196,,,2,,__ecma.Number
90194313274,LITERAL,2,,,"""No project insights found""",19,__ecma.String,199,,,2,,__ecma.String
90194313275,LITERAL,1,,,"""❌ Failed to get all project insights:""",20,__ecma.String,241,,,3,,__ecma.String
90194313276,LITERAL,1,,,500,17,__ecma.Number,242,,,3,,__ecma.Number
90194313277,LITERAL,1,,,"""express""",0,,2,,,3,,ANY
90194313278,LITERAL,1,,,"""express""",0,,2,,,3,,ANY
90194313279,LITERAL,1,,,"""../services/ai/geminiService""",0,,3,,,3,,ANY
90194313280,LITERAL,1,,,"""../services/ai/projectInsightsService""",0,,4,,,3,,ANY
90194313281,LITERAL,1,,,"""../services/ai/insightsParser""",0,,5,,,3,,ANY
90194313282,LITERAL,1,,,"""../db/queries""",0,,6,,,3,,ANY
90194313283,LITERAL,1,,,"""../db/queries""",0,,6,,,3,,ANY
90194313284,LITERAL,1,,,"""../db/queries""",0,,6,,,3,,ANY
90194313285,LITERAL,1,,,"""../db/queries""",0,,6,,,3,,ANY
90194313286,LITERAL,2,,,"""default""",0,__ecma.String,247,,,2,,__ecma.String
90194313287,LITERAL,1,,,400,24,__ecma.Number,18,,,3,,__ecma.Number
90194313288,LITERAL,2,,,"""Invalid project ID""",43,__ecma.String,18,,,2,,__ecma.String
90194313289,LITERAL,1,,,"""[CommitMetricsController] Refreshing metrics for project """,17,__ecma.String,21,,,1,,__ecma.String
90194313290,LITERAL,3,,,"""""",86,__ecma.String,21,,,3,,__ecma.String
90194313291,LITERAL,2,,,true,15,__ecma.Boolean,26,,,2,,__ecma.Boolean
90194313292,LITERAL,1,,,"""[CommitMetricsController] Error refreshing metrics:""",18,__ecma.String,30,,,3,,__ecma.String
90194313293,LITERAL,1,,,500,15,__ecma.Number,32,,,3,,__ecma.Number
90194313294,LITERAL,2,,,"""Failed to refresh commit metrics""",13,__ecma.String,33,,,2,,__ecma.String
90194313295,LITERAL,1,,,400,24,__ecma.Number,48,,,3,,__ecma.Number
90194313296,LITERAL,2,,,false,17,__ecma.Boolean,49,,,2,,__ecma.Boolean
90194313297,LITERAL,2,,,"""Invalid project ID""",15,__ecma.String,50,,,2,,__ecma.String
90194313298,LITERAL,1,,,404,24,__ecma.Number,57,,,3,,__ecma.Number
90194313299,LITERAL,2,,,false,17,__ecma.Boolean,58,,,2,,__ecma.Boolean
90194313300,LITERAL,2,,,"""No commit metrics found for this project. Please refresh metrics first.""",15,__ecma.String,59,,,2,,__ecma.String
90194313301,LITERAL,2,,,true,15,__ecma.Boolean,64,,,2,,__ecma.Boolean
90194313302,LITERAL,1,,,"""[CommitMetricsController] Error getting commit metrics:""",18,__ecma.String,68,,,3,,__ecma.String
90194313303,LITERAL,1,,,500,15,__ecma.Number,69,,,3,,__ecma.Number
90194313304,LITERAL,2,,,false,15,__ecma.Boolean,70,,,2,,__ecma.Boolean
90194313305,LITERAL,3,,,"""Failed to get commit metrics""",54,__ecma.String,71,,,3,,__ecma.String
90194313306,LITERAL,1,,,string,26,,83,,,1,__ecma.String,ANY
90194313307,LITERAL,2,,,30,55,__ecma.Number,83,,,2,,__ecma.Number
90194313308,LITERAL,1,,,400,24,__ecma.Number,86,,,3,,__ecma.Number
90194313309,LITERAL,2,,,"""Invalid project ID""",43,__ecma.String,86,,,2,,__ecma.String
90194313310,LITERAL,1,,,"""[CommitMetricsController] Error getting commit metrics history:""",18,__ecma.String,93,,,3,,__ecma.String
90194313311,LITERAL,1,,,500,15,__ecma.Number,94,,,3,,__ecma.Number
90194313312,LITERAL,2,,,"""Failed to get commit metrics history""",13,__ecma.String,95,,,2,,__ecma.String
90194313313,LITERAL,1,,,"""express""",0,,5,,,3,,ANY
90194313314,LITERAL,1,,,"""express""",0,,5,,,3,,ANY
90194313315,LITERAL,1,,,"""../services/commitMetrics/commitMetricsSyncService""",0,,6,,,3,,ANY
90194313316,LITERAL,1,,,"""../services/commitMetrics/commitMetricsDbService""",0,,7,,,3,,ANY
90194313317,LITERAL,1,,,400,24,__ecma.Number,38,,,3,,__ecma.Number
90194313318,LITERAL,2,,,false,17,__ecma.Boolean,39,,,2,,__ecma.Boolean
90194313319,LITERAL,2,,,"""deployment_id and deployment_timestamp are required""",15,__ecma.String,40,,,2,,__ecma.String
90194313320,LITERAL,2,,,"""production""",34,__ecma.String,48,,,2,,__ecma.String
90194313321,LITERAL,1,,,201,15,__ecma.Number,54,,,3,,__ecma.Number
90194313322,LITERAL,2,,,true,15,__ecma.Boolean,55,,,2,,__ecma.Boolean
90194313323,LITERAL,2,,,"""Deployment logged successfully""",15,__ecma.String,57,,,2,,__ecma.String
90194313324,LITERAL,1,,,"""[DoraMetricsController] Error saving deployment:""",18,__ecma.String,60,,,3,,__ecma.String
90194313325,LITERAL,1,,,500,15,__ecma.Number,61,,,3,,__ecma.Number
90194313326,LITERAL,2,,,false,15,__ecma.Boolean,62,,,2,,__ecma.Boolean
90194313327,LITERAL,3,,,"""Failed to save deployment""",54,__ecma.String,63,,,3,,__ecma.String
90194313328,LITERAL,1,,,400,24,__ecma.Number,79,,,3,,__ecma.Number
90194313329,LITERAL,2,,,false,17,__ecma.Boolean,80,,,2,,__ecma.Boolean
90194313330,LITERAL,2,,,"""change_id, merged_timestamp, and deployed_timestamp are required""",15,__ecma.String,81,,,2,,__ecma.String
90194313331,LITERAL,1,,,400,24,__ecma.Number,90,,,3,,__ecma.Number
90194313332,LITERAL,2,,,false,17,__ecma.Boolean,91,,,2,,__ecma.Boolean
90194313333,LITERAL,2,,,"""deployed_timestamp must be after merged_timestamp""",15,__ecma.String,92,,,2,,__ecma.String
90194313334,LITERAL,1,,,201,15,__ecma.Number,105,,,3,,__ecma.Number
90194313335,LITERAL,2,,,true,15,__ecma.Boolean,106,,,2,,__ecma.Boolean
90194313336,LITERAL,2,,,"""Lead time data logged successfully""",15,__ecma.String,108,,,2,,__ecma.String
90194313337,LITERAL,1,,,"""[DoraMetricsController] Error saving lead time:""",18,__ecma.String,111,,,3,,__ecma.String
90194313338,LITERAL,1,,,500,15,__ecma.Number,112,,,3,,__ecma.Number
90194313339,LITERAL,2,,,false,15,__ecma.Boolean,113,,,2,,__ecma.Boolean
90194313340,LITERAL,3,,,"""Failed to save lead time data""",54,__ecma.String,114,,,3,,__ecma.String
90194313341,LITERAL,1,,,400,24,__ecma.Number,130,,,3,,__ecma.Number
90194313342,LITERAL,2,,,false,17,__ecma.Boolean,131,,,2,,__ecma.Boolean
90194313343,LITERAL,2,,,"""deployment_id, deployment_timestamp, and has_incident are required""",15,__ecma.String,132,,,2,,__ecma.String
90194313344,LITERAL,2,,,"""none""",44,__ecma.String,141,,,2,,__ecma.String
90194313345,LITERAL,1,,,201,15,__ecma.Number,146,,,3,,__ecma.Number
90194313346,LITERAL,2,,,true,15,__ecma.Boolean,147,,,2,,__ecma.Boolean
90194313347,LITERAL,2,,,"""Failure data logged successfully""",15,__ecma.String,149,,,2,,__ecma.String
90194313348,LITERAL,1,,,"""[DoraMetricsController] Error saving failure data:""",18,__ecma.String,152,,,3,,__ecma.String
90194313349,LITERAL,1,,,500,15,__ecma.Number,153,,,3,,__ecma.Number
90194313350,LITERAL,2,,,false,15,__ecma.Boolean,154,,,2,,__ecma.Boolean
90194313351,LITERAL,3,,,"""Failed to save failure data""",54,__ecma.String,155,,,3,,__ecma.String
90194313352,LITERAL,1,,,400,24,__ecma.Number,171,,,3,,__ecma.Number
90194313353,LITERAL,2,,,false,17,__ecma.Boolean,172,,,2,,__ecma.Boolean
90194313354,LITERAL,2,,,"""incident_id, start_time, and end_time are required""",15,__ecma.String,173,,,2,,__ecma.String
90194313355,LITERAL,1,,,400,24,__ecma.Number,182,,,3,,__ecma.Number
90194313356,LITERAL,2,,,false,17,__ecma.Boolean,183,,,2,,__ecma.Boolean
90194313357,LITERAL,2,,,"""end_time must be after start_time""",15,__ecma.String,184,,,2,,__ecma.String
90194313358,LITERAL,1,,,201,15,__ecma.Number,198,,,3,,__ecma.Number
90194313359,LITERAL,2,,,true,15,__ecma.Boolean,199,,,2,,__ecma.Boolean
90194313360,LITERAL,2,,,"""Incident restore time logged successfully""",15,__ecma.String,201,,,2,,__ecma.String
90194313361,LITERAL,1,,,"""[DoraMetricsController] Error saving restore time:""",18,__ecma.String,204,,,3,,__ecma.String
90194313362,LITERAL,1,,,500,15,__ecma.Number,205,,,3,,__ecma.Number
90194313363,LITERAL,2,,,false,15,__ecma.Boolean,206,,,2,,__ecma.Boolean
90194313364,LITERAL,3,,,"""Failed to save restore time""",54,__ecma.String,207,,,3,,__ecma.String
90194313365,LITERAL,1,,,string,26,,219,,,1,__ecma.String,ANY
90194313366,LITERAL,2,,,30,55,__ecma.Number,219,,,2,,__ecma.Number
90194313367,LITERAL,2,,,true,15,__ecma.Boolean,224,,,2,,__ecma.Boolean
90194313368,LITERAL,1,,,"""[DoraMetricsController] Error fetching deployments:""",18,__ecma.String,228,,,3,,__ecma.String
90194313369,LITERAL,1,,,500,15,__ecma.Number,229,,,3,,__ecma.Number
90194313370,LITERAL,2,,,false,15,__ecma.Boolean,230,,,2,,__ecma.Boolean
90194313371,LITERAL,3,,,"""Failed to fetch deployments""",54,__ecma.String,231,,,3,,__ecma.String
90194313372,LITERAL,1,,,string,26,,243,,,1,__ecma.String,ANY
90194313373,LITERAL,2,,,30,55,__ecma.Number,243,,,2,,__ecma.Number
90194313374,LITERAL,2,,,true,15,__ecma.Boolean,248,,,2,,__ecma.Boolean
90194313375,LITERAL,1,,,"""[DoraMetricsController] Error fetching lead times:""",18,__ecma.String,252,,,3,,__ecma.String
90194313376,LITERAL,1,,,500,15,__ecma.Number,253,,,3,,__ecma.Number
90194313377,LITERAL,2,,,false,15,__ecma.Boolean,254,,,2,,__ecma.Boolean
90194313378,LITERAL,3,,,"""Failed to fetch lead times""",54,__ecma.String,255,,,3,,__ecma.String
90194313379,LITERAL,1,,,string,26,,267,,,1,__ecma.String,ANY
90194313380,LITERAL,2,,,30,55,__ecma.Number,267,,,2,,__ecma.Number
90194313381,LITERAL,2,,,true,15,__ecma.Boolean,272,,,2,,__ecma.Boolean
90194313382,LITERAL,1,,,"""[DoraMetricsController] Error fetching failure rates:""",18,__ecma.String,276,,,3,,__ecma.String
90194313383,LITERAL,1,,,500,15,__ecma.Number,277,,,3,,__ecma.Number
90194313384,LITERAL,2,,,false,15,__ecma.Boolean,278,,,2,,__ecma.Boolean
90194313385,LITERAL,3,,,"""Failed to fetch failure rates""",54,__ecma.String,279,,,3,,__ecma.String
90194313386,LITERAL,1,,,string,26,,291,,,1,__ecma.String,ANY
90194313387,LITERAL,2,,,30,55,__ecma.Number,291,,,2,,__ecma.Number
90194313388,LITERAL,2,,,true,15,__ecma.Boolean,296,,,2,,__ecma.Boolean
90194313389,LITERAL,1,,,"""[DoraMetricsController] Error fetching restore times:""",18,__ecma.String,300,,,3,,__ecma.String
90194313390,LITERAL,1,,,500,15,__ecma.Number,301,,,3,,__ecma.Number
90194313391,LITERAL,2,,,false,15,__ecma.Boolean,302,,,2,,__ecma.Boolean
90194313392,LITERAL,3,,,"""Failed to fetch restore times""",54,__ecma.String,303,,,3,,__ecma.String
90194313393,LITERAL,1,,,string,22,,316,,,1,__ecma.String,ANY
90194313394,LITERAL,3,,,30,65,__ecma.Number,317,,,3,,__ecma.Number
90194313395,LITERAL,2,,,true,15,__ecma.Boolean,322,,,2,,__ecma.Boolean
90194313396,LITERAL,1,,,"""[DoraMetricsController] Error calculating summary:""",18,__ecma.String,326,,,3,,__ecma.String
90194313397,LITERAL,1,,,500,15,__ecma.Number,327,,,3,,__ecma.Number
90194313398,LITERAL,2,,,false,15,__ecma.Boolean,328,,,2,,__ecma.Boolean
90194313399,LITERAL,3,,,"""Failed to calculate DORA metrics summary""",54,__ecma.String,329,,,3,,__ecma.String
90194313400,LITERAL,1,,,string,24,,341,,,1,__ecma.String,ANY
90194313401,LITERAL,2,,,"""""",50,__ecma.String,341,,,2,,__ecma.String
90194313402,LITERAL,1,,,string,27,,342,,,1,__ecma.String,ANY
90194313403,LITERAL,2,,,10,57,__ecma.Number,342,,,2,,__ecma.Number
90194313404,LITERAL,2,,,true,17,__ecma.Boolean,346,,,2,,__ecma.Boolean
90194313405,LITERAL,2,,,true,15,__ecma.Boolean,354,,,2,,__ecma.Boolean
90194313406,LITERAL,1,,,"""[DoraMetricsController] Error searching deployments:""",18,__ecma.String,358,,,3,,__ecma.String
90194313407,LITERAL,1,,,500,15,__ecma.Number,359,,,3,,__ecma.Number
90194313408,LITERAL,2,,,false,15,__ecma.Boolean,360,,,2,,__ecma.Boolean
90194313409,LITERAL,3,,,"""Failed to search deployments""",54,__ecma.String,361,,,3,,__ecma.String
90194313410,LITERAL,2,,,true,17,__ecma.Boolean,377,,,2,,__ecma.Boolean
90194313411,LITERAL,2,,,"""Deployment record deleted successfully""",17,__ecma.String,378,,,2,,__ecma.String
90194313412,LITERAL,1,,,404,17,__ecma.Number,381,,,3,,__ecma.Number
90194313413,LITERAL,2,,,false,17,__ecma.Boolean,382,,,2,,__ecma.Boolean
90194313414,LITERAL,2,,,"""Deployment record not found""",15,__ecma.String,383,,,2,,__ecma.String
90194313415,LITERAL,1,,,"""[DoraMetricsController] Error deleting deployment:""",18,__ecma.String,387,,,3,,__ecma.String
90194313416,LITERAL,1,,,500,15,__ecma.Number,388,,,3,,__ecma.Number
90194313417,LITERAL,2,,,false,15,__ecma.Boolean,389,,,2,,__ecma.Boolean
90194313418,LITERAL,3,,,"""Failed to delete deployment""",54,__ecma.String,390,,,3,,__ecma.String
90194313419,LITERAL,2,,,true,17,__ecma.Boolean,406,,,2,,__ecma.Boolean
90194313420,LITERAL,2,,,"""Lead time record deleted successfully""",17,__ecma.String,407,,,2,,__ecma.String
90194313421,LITERAL,1,,,404,17,__ecma.Number,410,,,3,,__ecma.Number
90194313422,LITERAL,2,,,false,17,__ecma.Boolean,411,,,2,,__ecma.Boolean
90194313423,LITERAL,2,,,"""Lead time record not found""",15,__ecma.String,412,,,2,,__ecma.String
90194313424,LITERAL,1,,,"""[DoraMetricsController] Error deleting lead time:""",18,__ecma.String,416,,,3,,__ecma.String
90194313425,LITERAL,1,,,500,15,__ecma.Number,417,,,3,,__ecma.Number
90194313426,LITERAL,2,,,false,15,__ecma.Boolean,418,,,2,,__ecma.Boolean
90194313427,LITERAL,3,,,"""Failed to delete lead time""",54,__ecma.String,419,,,3,,__ecma.String
90194313428,LITERAL,2,,,true,17,__ecma.Boolean,435,,,2,,__ecma.Boolean
90194313429,LITERAL,2,,,"""Failure record deleted successfully""",17,__ecma.String,436,,,2,,__ecma.String
90194313430,LITERAL,1,,,404,17,__ecma.Number,439,,,3,,__ecma.Number
90194313431,LITERAL,2,,,false,17,__ecma.Boolean,440,,,2,,__ecma.Boolean
90194313432,LITERAL,2,,,"""Failure record not found""",15,__ecma.String,441,,,2,,__ecma.String
90194313433,LITERAL,1,,,"""[DoraMetricsController] Error deleting failure record:""",18,__ecma.String,445,,,3,,__ecma.String
90194313434,LITERAL,1,,,500,15,__ecma.Number,446,,,3,,__ecma.Number
90194313435,LITERAL,2,,,false,15,__ecma.Boolean,447,,,2,,__ecma.Boolean
90194313436,LITERAL,3,,,"""Failed to delete failure record""",54,__ecma.String,448,,,3,,__ecma.String
90194313437,LITERAL,2,,,true,17,__ecma.Boolean,464,,,2,,__ecma.Boolean
90194313438,LITERAL,2,,,"""Restore time record deleted successfully""",17,__ecma.String,465,,,2,,__ecma.String
90194313439,LITERAL,1,,,404,17,__ecma.Number,468,,,3,,__ecma.Number
90194313440,LITERAL,2,,,false,17,__ecma.Boolean,469,,,2,,__ecma.Boolean
90194313441,LITERAL,2,,,"""Restore time record not found""",15,__ecma.String,470,,,2,,__ecma.String
90194313442,LITERAL,1,,,"""[DoraMetricsController] Error deleting restore time:""",18,__ecma.String,474,,,3,,__ecma.String
90194313443,LITERAL,1,,,500,15,__ecma.Number,475,,,3,,__ecma.Number
90194313444,LITERAL,2,,,false,15,__ecma.Boolean,476,,,2,,__ecma.Boolean
90194313445,LITERAL,3,,,"""Failed to delete restore time""",54,__ecma.String,477,,,3,,__ecma.String
90194313446,LITERAL,1,,,string,27,,489,,,1,__ecma.String,ANY
90194313447,LITERAL,2,,,12,57,__ecma.Number,489,,,2,,__ecma.Number
90194313448,LITERAL,2,,,true,15,__ecma.Boolean,494,,,2,,__ecma.Boolean
90194313449,LITERAL,1,,,"""[DoraMetricsController] Error fetching weekly snapshots:""",18,__ecma.String,498,,,3,,__ecma.String
90194313450,LITERAL,1,,,500,15,__ecma.Number,499,,,3,,__ecma.Number
90194313451,LITERAL,2,,,false,15,__ecma.Boolean,500,,,2,,__ecma.Boolean
90194313452,LITERAL,3,,,"""Failed to fetch weekly snapshots""",54,__ecma.String,501,,,3,,__ecma.String
90194313453,LITERAL,2,,,true,15,__ecma.Boolean,515,,,2,,__ecma.Boolean
90194313454,LITERAL,2,,,"""Last week snapshots captured successfully""",15,__ecma.String,516,,,2,,__ecma.String
90194313455,LITERAL,1,,,"""[DoraMetricsController] Error capturing last week:""",18,__ecma.String,519,,,3,,__ecma.String
90194313456,LITERAL,1,,,500,15,__ecma.Number,520,,,3,,__ecma.Number
90194313457,LITERAL,2,,,false,15,__ecma.Boolean,521,,,2,,__ecma.Boolean
90194313458,LITERAL,3,,,"""Failed to capture last week snapshots""",54,__ecma.String,522,,,3,,__ecma.String
90194313459,LITERAL,1,,,'weekly' | 'monthly' | 'yearly',25,,534,,,1,ANY,ANY
90194313460,LITERAL,2,,,"""monthly""",86,__ecma.String,534,,,2,,__ecma.String
90194313461,LITERAL,1,,,string,29,,535,,,1,__ecma.String,ANY
90194313462,LITERAL,2,,,12,61,__ecma.Number,535,,,2,,__ecma.Number
90194313463,LITERAL,1,,,string,28,,536,,,1,__ecma.String,ANY
90194313464,LITERAL,2,,,0,59,__ecma.Number,536,,,2,,__ecma.Number
90194313465,LITERAL,1,,,"""weekly""",10,__ecma.String,539,,,3,,__ecma.String
90194313466,LITERAL,1,,,"""monthly""",20,__ecma.String,539,,,3,,__ecma.String
90194313467,LITERAL,1,,,"""yearly""",31,__ecma.String,539,,,3,,__ecma.String
90194313468,LITERAL,1,,,400,24,__ecma.Number,540,,,3,,__ecma.Number
90194313469,LITERAL,2,,,false,17,__ecma.Boolean,541,,,2,,__ecma.Boolean
90194313470,LITERAL,2,,,"""Invalid granularity. Must be weekly, monthly, or yearly""",15,__ecma.String,542,,,2,,__ecma.String
90194313471,LITERAL,1,,,"""[DoraMetricsController] Fetching trends for project """,17,__ecma.String,546,,,1,,__ecma.String
90194313472,LITERAL,3,,,""", granularity: """,81,__ecma.String,546,,,3,,__ecma.String
90194313473,LITERAL,5,,,""", periods: """,110,__ecma.String,546,,,5,,__ecma.String
90194313474,LITERAL,7,,,""", offset: """,131,__ecma.String,546,,,7,,__ecma.String
90194313475,LITERAL,9,,,"""""",150,__ecma.String,546,,,9,,__ecma.String
90194313476,LITERAL,1,,,"""[DoraMetricsController] Successfully fetched """,17,__ecma.String,550,,,1,,__ecma.String
90194313477,LITERAL,3,,,""" data points""",83,__ecma.String,550,,,3,,__ecma.String
90194313478,LITERAL,2,,,true,15,__ecma.Boolean,553,,,2,,__ecma.Boolean
90194313479,LITERAL,1,,,"""[DoraMetricsController] Error fetching trends:""",18,__ecma.String,557,,,3,,__ecma.String
90194313480,LITERAL,1,,,500,15,__ecma.Number,558,,,3,,__ecma.Number
90194313481,LITERAL,2,,,false,15,__ecma.Boolean,559,,,2,,__ecma.Boolean
90194313482,LITERAL,3,,,"""Failed to fetch DORA trends""",54,__ecma.String,560,,,3,,__ecma.String
90194313483,LITERAL,1,,,"""express""",0,,4,,,3,,ANY
90194313484,LITERAL,1,,,"""express""",0,,4,,,3,,ANY
90194313485,LITERAL,1,,,"""../services/doraMetrics/doraMetricsDbService""",0,,5,,,3,,ANY
90194313486,LITERAL,1,,,"""../services/doraMetrics/doraMetricsDbService""",0,,5,,,3,,ANY
90194313487,LITERAL,1,,,"""../services/doraMetrics/doraMetricsDbService""",0,,5,,,3,,ANY
90194313488,LITERAL,1,,,"""../services/doraMetrics/doraMetricsDbService""",0,,5,,,3,,ANY
90194313489,LITERAL,1,,,"""../services/doraMetrics/doraMetricsDbService""",0,,5,,,3,,ANY
90194313490,LITERAL,1,,,"""../services/doraMetrics/doraMetricsDbService""",0,,5,,,3,,ANY
90194313491,LITERAL,1,,,"""../services/doraMetrics/doraMetricsDbService""",0,,5,,,3,,ANY
90194313492,LITERAL,1,,,"""../services/doraMetrics/doraMetricsDbService""",0,,5,,,3,,ANY
90194313493,LITERAL,1,,,"""../services/doraMetrics/doraMetricsDbService""",0,,5,,,3,,ANY
90194313494,LITERAL,1,,,"""../services/doraMetrics/doraMetricsDbService""",0,,5,,,3,,ANY
90194313495,LITERAL,1,,,"""../services/doraMetrics/doraMetricsDbService""",0,,5,,,3,,ANY
90194313496,LITERAL,1,,,"""../services/doraMetrics/doraMetricsDbService""",0,,5,,,3,,ANY
90194313497,LITERAL,1,,,"""../services/doraMetrics/doraMetricsDbService""",0,,5,,,3,,ANY
90194313498,LITERAL,1,,,"""../services/doraMetrics/doraMetricsCalculationService""",0,,20,,,3,,ANY
90194313499,LITERAL,1,,,"""../services/doraMetrics/weeklyDoraSnapshotService""",0,,21,,,3,,ANY
90194313500,LITERAL,1,,,"""../services/doraMetrics/weeklyDoraSnapshotService""",0,,21,,,3,,ANY
90194313501,LITERAL,1,,,"""../services/doraMetrics/doraTrendsService""",0,,25,,,3,,ANY
90194313502,LITERAL,3,,,null,76,__ecma.Null,126,,,3,,__ecma.Null
90194313503,LITERAL,2,,,null,44,__ecma.Null,144,,,2,,__ecma.Null
90194313504,LITERAL,2,,,null,38,__ecma.Null,145,,,2,,__ecma.Null
90194313505,LITERAL,2,,,null,46,__ecma.Null,146,,,2,,__ecma.Null
90194313506,LITERAL,2,,,null,56,__ecma.Null,147,,,2,,__ecma.Null
90194313507,LITERAL,2,,,null,64,__ecma.Null,148,,,2,,__ecma.Null
90194313508,LITERAL,2,,,null,50,__ecma.Null,149,,,2,,__ecma.Null
90194313509,LITERAL,1,,,string,26,,14,,,1,__ecma.String,ANY
90194313510,LITERAL,2,,,30,55,__ecma.Number,14,,,2,,__ecma.Number
90194313511,LITERAL,1,,,400,24,__ecma.Number,17,,,3,,__ecma.Number
90194313512,LITERAL,2,,,false,17,__ecma.Boolean,18,,,2,,__ecma.Boolean
90194313513,LITERAL,2,,,"""Invalid project ID""",15,__ecma.String,19,,,2,,__ecma.String
90194313514,LITERAL,1,,,"""
        SELECT 
          TO_CHAR(DATE_TRUNC('day', created_at), 'YYYY-MM-DD') as date,
          AVG(health_score) as health_score
        FROM issue_metrics_history
        WHERE project_id = $1
          AND created_at >= CURRENT_TIMESTAMP - INTERVAL '""",18,__ecma.String,35,,,1,,__ecma.String
90194313515,LITERAL,3,,,""" days'
        GROUP BY DATE_TRUNC('day', created_at)
        ORDER BY DATE_TRUNC('day', created_at) ASC
      """,65,__ecma.String,41,,,3,,__ecma.String
90194313516,LITERAL,1,,,"""
        SELECT 
          TO_CHAR(DATE_TRUNC('day', created_at), 'YYYY-MM-DD') as date,
          AVG(health_score) as health_score
        FROM mr_metrics_history
        WHERE project_id = $1
          AND created_at >= CURRENT_TIMESTAMP - INTERVAL '""",18,__ecma.String,47,,,1,,__ecma.String
90194313517,LITERAL,3,,,""" days'
        GROUP BY DATE_TRUNC('day', created_at)
        ORDER BY DATE_TRUNC('day', created_at) ASC
      """,65,__ecma.String,53,,,3,,__ecma.String
90194313518,LITERAL,1,,,"""
        SELECT 
          TO_CHAR(DATE_TRUNC('day', created_at), 'YYYY-MM-DD') as date,
          AVG(health_score) as health_score
        FROM commit_metrics_history
        WHERE project_id = $1
          AND created_at >= CURRENT_TIMESTAMP - INTERVAL '""",18,__ecma.String,59,,,1,,__ecma.String
90194313519,LITERAL,3,,,""" days'
        GROUP BY DATE_TRUNC('day', created_at)
        ORDER BY DATE_TRUNC('day', created_at) ASC
      """,65,__ecma.String,65,,,3,,__ecma.String
90194313520,LITERAL,1,,,"""
        SELECT 
          TO_CHAR(DATE_TRUNC('day', created_at), 'YYYY-MM-DD') as date,
          AVG(health_score) as health_score
        FROM sonarqube_reliability_history
        WHERE project_id = $1
          AND created_at >= CURRENT_TIMESTAMP - INTERVAL '""",18,__ecma.String,71,,,1,,__ecma.String
90194313521,LITERAL,3,,,""" days'
        GROUP BY DATE_TRUNC('day', created_at)
        ORDER BY DATE_TRUNC('day', created_at) ASC
      """,65,__ecma.String,77,,,3,,__ecma.String
90194313522,LITERAL,1,,,"""
        SELECT 
          TO_CHAR(DATE_TRUNC('day', created_at), 'YYYY-MM-DD') as date,
          AVG(health_score) as health_score
        FROM sonarqube_maintainability_history
        WHERE project_id = $1
          AND created_at >= CURRENT_TIMESTAMP - INTERVAL '""",18,__ecma.String,83,,,1,,__ecma.String
90194313523,LITERAL,3,,,""" days'
        GROUP BY DATE_TRUNC('day', created_at)
        ORDER BY DATE_TRUNC('day', created_at) ASC
      """,65,__ecma.String,89,,,3,,__ecma.String
90194313524,LITERAL,1,,,"""
        SELECT 
          TO_CHAR(DATE_TRUNC('day', created_at), 'YYYY-MM-DD') as date,
          AVG(health_score) as health_score
        FROM sonarqube_security_history
        WHERE project_id = $1
          AND created_at >= CURRENT_TIMESTAMP - INTERVAL '""",18,__ecma.String,95,,,1,,__ecma.String
90194313525,LITERAL,3,,,""" days'
        GROUP BY DATE_TRUNC('day', created_at)
        ORDER BY DATE_TRUNC('day', created_at) ASC
      """,65,__ecma.String,101,,,3,,__ecma.String
90194313526,LITERAL,2,,,0,6,__ecma.Number,27,,,2,,__ecma.Number
90194313527,LITERAL,2,,,1,6,__ecma.Number,28,,,2,,__ecma.Number
90194313528,LITERAL,2,,,2,6,__ecma.Number,29,,,2,,__ecma.Number
90194313529,LITERAL,2,,,3,6,__ecma.Number,30,,,2,,__ecma.Number
90194313530,LITERAL,2,,,4,6,__ecma.Number,31,,,2,,__ecma.Number
90194313531,LITERAL,2,,,5,6,__ecma.Number,32,,,2,,__ecma.Number
90194313532,LITERAL,2,,,true,15,__ecma.Boolean,153,,,2,,__ecma.Boolean
90194313533,LITERAL,1,,,"""[HealthScoreController] Error fetching history:""",18,__ecma.String,157,,,3,,__ecma.String
90194313534,LITERAL,1,,,500,15,__ecma.Number,158,,,3,,__ecma.Number
90194313535,LITERAL,2,,,false,15,__ecma.Boolean,159,,,2,,__ecma.Boolean
90194313536,LITERAL,3,,,"""Failed to fetch health score history""",54,__ecma.String,160,,,3,,__ecma.String
90194313537,LITERAL,1,,,400,24,__ecma.Number,174,,,3,,__ecma.Number
90194313538,LITERAL,2,,,false,17,__ecma.Boolean,175,,,2,,__ecma.Boolean
90194313539,LITERAL,2,,,"""Invalid project ID""",15,__ecma.String,176,,,2,,__ecma.String
90194313540,LITERAL,1,,,"""
        SELECT health_score, created_at
        FROM issue_metrics_history
        WHERE project_id = $1
        ORDER BY created_at DESC
        LIMIT 1
      """,18,__ecma.String,191,,,3,,__ecma.String
90194313541,LITERAL,1,,,"""
        SELECT health_score, created_at
        FROM mr_metrics_history
        WHERE project_id = $1
        ORDER BY created_at DESC
        LIMIT 1
      """,18,__ecma.String,199,,,3,,__ecma.String
90194313542,LITERAL,1,,,"""
        SELECT health_score, created_at
        FROM commit_metrics_history
        WHERE project_id = $1
        ORDER BY created_at DESC
        LIMIT 1
      """,18,__ecma.String,207,,,3,,__ecma.String
90194313543,LITERAL,1,,,"""
        SELECT health_score, created_at
        FROM sonarqube_reliability_history
        WHERE project_id = $1
        ORDER BY created_at DESC
        LIMIT 1
      """,18,__ecma.String,215,,,3,,__ecma.String
90194313544,LITERAL,1,,,"""
        SELECT health_score, created_at
        FROM sonarqube_maintainability_history
        WHERE project_id = $1
        ORDER BY created_at DESC
        LIMIT 1
      """,18,__ecma.String,223,,,3,,__ecma.String
90194313545,LITERAL,1,,,"""
        SELECT health_score, created_at
        FROM sonarqube_security_history
        WHERE project_id = $1
        ORDER BY created_at DESC
        LIMIT 1
      """,18,__ecma.String,231,,,3,,__ecma.String
90194313546,LITERAL,2,,,0,6,__ecma.Number,184,,,2,,__ecma.Number
90194313547,LITERAL,2,,,1,6,__ecma.Number,185,,,2,,__ecma.Number
90194313548,LITERAL,2,,,2,6,__ecma.Number,186,,,2,,__ecma.Number
90194313549,LITERAL,2,,,3,6,__ecma.Number,187,,,2,,__ecma.Number
90194313550,LITERAL,2,,,4,6,__ecma.Number,188,,,2,,__ecma.Number
90194313551,LITERAL,2,,,5,6,__ecma.Number,189,,,2,,__ecma.Number
90194313552,LITERAL,2,,,0,37,__ecma.Number,241,,,2,,__ecma.Number
90194313553,LITERAL,2,,,0,84,__ecma.Number,241,,,2,,__ecma.Number
90194313554,LITERAL,3,,,null,103,__ecma.Null,241,,,3,,__ecma.Null
90194313555,LITERAL,2,,,0,31,__ecma.Number,242,,,2,,__ecma.Number
90194313556,LITERAL,2,,,0,75,__ecma.Number,242,,,2,,__ecma.Number
90194313557,LITERAL,3,,,null,94,__ecma.Null,242,,,3,,__ecma.Null
90194313558,LITERAL,2,,,0,39,__ecma.Number,243,,,2,,__ecma.Number
90194313559,LITERAL,2,,,0,87,__ecma.Number,243,,,2,,__ecma.Number
90194313560,LITERAL,3,,,null,106,__ecma.Null,243,,,3,,__ecma.Null
90194313561,LITERAL,2,,,0,49,__ecma.Number,244,,,2,,__ecma.Number
90194313562,LITERAL,2,,,0,102,__ecma.Number,244,,,2,,__ecma.Number
90194313563,LITERAL,3,,,null,121,__ecma.Null,244,,,3,,__ecma.Null
90194313564,LITERAL,2,,,0,57,__ecma.Number,245,,,2,,__ecma.Number
90194313565,LITERAL,2,,,0,114,__ecma.Number,245,,,2,,__ecma.Number
90194313566,LITERAL,3,,,null,133,__ecma.Null,245,,,3,,__ecma.Null
90194313567,LITERAL,2,,,0,43,__ecma.Number,246,,,2,,__ecma.Number
90194313568,LITERAL,2,,,0,93,__ecma.Number,246,,,2,,__ecma.Number
90194313569,LITERAL,3,,,null,112,__ecma.Null,246,,,3,,__ecma.Null
90194313570,LITERAL,2,,,0,35,__ecma.Number,247,,,2,,__ecma.Number
90194313571,LITERAL,2,,,null,53,__ecma.Null,247,,,2,,__ecma.Null
90194313572,LITERAL,2,,,true,15,__ecma.Boolean,251,,,2,,__ecma.Boolean
90194313573,LITERAL,1,,,"""[HealthScoreController] Error fetching latest scores:""",18,__ecma.String,255,,,3,,__ecma.String
90194313574,LITERAL,1,,,500,15,__ecma.Number,256,,,3,,__ecma.Number
90194313575,LITERAL,2,,,false,15,__ecma.Boolean,257,,,2,,__ecma.Boolean
90194313576,LITERAL,3,,,"""Failed to fetch latest health scores""",54,__ecma.String,258,,,3,,__ecma.String
90194313577,LITERAL,1,,,"""express""",0,,4,,,3,,ANY
90194313578,LITERAL,1,,,"""express""",0,,4,,,3,,ANY
90194313579,LITERAL,1,,,"""../db/connection""",0,,5,,,3,,ANY
90194313580,LITERAL,1,,,400,24,__ecma.Number,17,,,3,,__ecma.Number
90194313581,LITERAL,2,,,false,17,__ecma.Boolean,18,,,2,,__ecma.Boolean
90194313582,LITERAL,2,,,"""Invalid project ID""",15,__ecma.String,19,,,2,,__ecma.String
90194313583,LITERAL,1,,,"""[IssueMetricsController] Refresh requested for project """,17,__ecma.String,23,,,1,,__ecma.String
90194313584,LITERAL,3,,,"""""",84,__ecma.String,23,,,3,,__ecma.String
90194313585,LITERAL,2,,,true,15,__ecma.Boolean,29,,,2,,__ecma.Boolean
90194313586,LITERAL,2,,,"""Issue metrics refreshed successfully""",15,__ecma.String,30,,,2,,__ecma.String
90194313587,LITERAL,1,,,"""[IssueMetricsController] Error refreshing metrics:""",18,__ecma.String,34,,,3,,__ecma.String
90194313588,LITERAL,1,,,"""[IssueMetricsController] Error stack:""",18,__ecma.String,35,,,3,,__ecma.String
90194313589,LITERAL,3,,,"""No stack trace""",98,__ecma.String,35,,,3,,__ecma.String
90194313590,LITERAL,1,,,500,15,__ecma.Number,36,,,3,,__ecma.Number
90194313591,LITERAL,2,,,false,15,__ecma.Boolean,37,,,2,,__ecma.Boolean
90194313592,LITERAL,3,,,"""Failed to refresh issue metrics""",54,__ecma.String,38,,,3,,__ecma.String
90194313593,LITERAL,1,,,400,24,__ecma.Number,53,,,3,,__ecma.Number
90194313594,LITERAL,2,,,false,17,__ecma.Boolean,54,,,2,,__ecma.Boolean
90194313595,LITERAL,2,,,"""Invalid project ID""",15,__ecma.String,55,,,2,,__ecma.String
90194313596,LITERAL,1,,,404,24,__ecma.Number,62,,,3,,__ecma.Number
90194313597,LITERAL,2,,,false,17,__ecma.Boolean,63,,,2,,__ecma.Boolean
90194313598,LITERAL,2,,,"""No metrics found for this project. Please refresh metrics first.""",15,__ecma.String,64,,,2,,__ecma.String
90194313599,LITERAL,2,,,true,15,__ecma.Boolean,69,,,2,,__ecma.Boolean
90194313600,LITERAL,1,,,"""[IssueMetricsController] Error getting metrics:""",18,__ecma.String,73,,,3,,__ecma.String
90194313601,LITERAL,1,,,500,15,__ecma.Number,74,,,3,,__ecma.Number
90194313602,LITERAL,2,,,false,15,__ecma.Boolean,75,,,2,,__ecma.Boolean
90194313603,LITERAL,3,,,"""Failed to get issue metrics""",54,__ecma.String,76,,,3,,__ecma.String
90194313604,LITERAL,1,,,400,24,__ecma.Number,90,,,3,,__ecma.Number
90194313605,LITERAL,2,,,false,17,__ecma.Boolean,91,,,2,,__ecma.Boolean
90194313606,LITERAL,2,,,"""Invalid project ID""",15,__ecma.String,92,,,2,,__ecma.String
90194313607,LITERAL,1,,,404,24,__ecma.Number,100,,,3,,__ecma.Number
90194313608,LITERAL,2,,,false,17,__ecma.Boolean,101,,,2,,__ecma.Boolean
90194313609,LITERAL,2,,,"""No metrics found for this project. Please refresh metrics first.""",15,__ecma.String,102,,,2,,__ecma.String
90194313610,LITERAL,2,,,30,77,__ecma.Number,110,,,4,,__ecma.Number
90194313611,LITERAL,2,,,true,15,__ecma.Boolean,113,,,2,,__ecma.Boolean
90194313612,LITERAL,1,,,"""[IssueMetricsController] Error getting trends:""",18,__ecma.String,121,,,3,,__ecma.String
90194313613,LITERAL,1,,,500,15,__ecma.Number,122,,,3,,__ecma.Number
90194313614,LITERAL,2,,,false,15,__ecma.Boolean,123,,,2,,__ecma.Boolean
90194313615,LITERAL,3,,,"""Failed to get issue metrics trends""",54,__ecma.String,124,,,3,,__ecma.String
90194313616,LITERAL,1,,,string,26,,136,,,1,__ecma.String,ANY
90194313617,LITERAL,2,,,30,55,__ecma.Number,136,,,2,,__ecma.Number
90194313618,LITERAL,1,,,400,24,__ecma.Number,139,,,3,,__ecma.Number
90194313619,LITERAL,2,,,false,17,__ecma.Boolean,140,,,2,,__ecma.Boolean
90194313620,LITERAL,2,,,"""Invalid project ID""",15,__ecma.String,141,,,2,,__ecma.String
90194313621,LITERAL,2,,,true,15,__ecma.Boolean,148,,,2,,__ecma.Boolean
90194313622,LITERAL,1,,,"""[IssueMetricsController] Error getting history:""",18,__ecma.String,152,,,3,,__ecma.String
90194313623,LITERAL,1,,,500,15,__ecma.Number,153,,,3,,__ecma.Number
90194313624,LITERAL,2,,,false,15,__ecma.Boolean,154,,,2,,__ecma.Boolean
90194313625,LITERAL,3,,,"""Failed to get issue metrics history""",54,__ecma.String,155,,,3,,__ecma.String
90194313626,LITERAL,1,,,"""express""",0,,4,,,3,,ANY
90194313627,LITERAL,1,,,"""express""",0,,4,,,3,,ANY
90194313628,LITERAL,1,,,"""../services/issueMetrics/issueMetricsSyncService""",0,,5,,,3,,ANY
90194313629,LITERAL,1,,,"""../services/issueMetrics/issueMetricsDbService""",0,,6,,,3,,ANY
90194313630,LITERAL,1,,,400,24,__ecma.Number,17,,,3,,__ecma.Number
90194313631,LITERAL,2,,,false,17,__ecma.Boolean,18,,,2,,__ecma.Boolean
90194313632,LITERAL,2,,,"""Invalid project ID""",15,__ecma.String,19,,,2,,__ecma.String
90194313633,LITERAL,1,,,"""[MilestoneMetricsController] Refresh requested for project """,17,__ecma.String,23,,,1,,__ecma.String
90194313634,LITERAL,3,,,"""""",88,__ecma.String,23,,,3,,__ecma.String
90194313635,LITERAL,2,,,true,15,__ecma.Boolean,29,,,2,,__ecma.Boolean
90194313636,LITERAL,2,,,"""Milestone metrics refreshed successfully""",15,__ecma.String,30,,,2,,__ecma.String
90194313637,LITERAL,1,,,"""[MilestoneMetricsController] Error refreshing metrics:""",18,__ecma.String,34,,,3,,__ecma.String
90194313638,LITERAL,1,,,500,15,__ecma.Number,35,,,3,,__ecma.Number
90194313639,LITERAL,2,,,false,15,__ecma.Boolean,36,,,2,,__ecma.Boolean
90194313640,LITERAL,3,,,"""Failed to refresh milestone metrics""",54,__ecma.String,37,,,3,,__ecma.String
90194313641,LITERAL,1,,,400,24,__ecma.Number,51,,,3,,__ecma.Number
90194313642,LITERAL,2,,,false,17,__ecma.Boolean,52,,,2,,__ecma.Boolean
90194313643,LITERAL,2,,,"""Invalid project ID""",15,__ecma.String,53,,,2,,__ecma.String
90194313644,LITERAL,1,,,"""[MilestoneMetricsController] Get metrics requested for project """,17,__ecma.String,57,,,1,,__ecma.String
90194313645,LITERAL,3,,,"""""",92,__ecma.String,57,,,3,,__ecma.String
90194313646,LITERAL,1,,,404,24,__ecma.Number,62,,,3,,__ecma.Number
90194313647,LITERAL,2,,,false,17,__ecma.Boolean,63,,,2,,__ecma.Boolean
90194313648,LITERAL,2,,,"""Milestone metrics not found. Please refresh metrics first.""",15,__ecma.String,64,,,2,,__ecma.String
90194313649,LITERAL,2,,,true,15,__ecma.Boolean,69,,,2,,__ecma.Boolean
90194313650,LITERAL,1,,,"""[MilestoneMetricsController] Error getting metrics:""",18,__ecma.String,73,,,3,,__ecma.String
90194313651,LITERAL,1,,,500,15,__ecma.Number,74,,,3,,__ecma.Number
90194313652,LITERAL,2,,,false,15,__ecma.Boolean,75,,,2,,__ecma.Boolean
90194313653,LITERAL,3,,,"""Failed to get milestone metrics""",54,__ecma.String,76,,,3,,__ecma.String
90194313654,LITERAL,1,,,"""express""",0,,4,,,3,,ANY
90194313655,LITERAL,1,,,"""express""",0,,4,,,3,,ANY
90194313656,LITERAL,1,,,"""../services/milestoneMetrics/milestoneMetricsSyncService""",0,,5,,,3,,ANY
90194313657,LITERAL,1,,,"""../services/milestoneMetrics/milestoneMetricsDbService""",0,,6,,,3,,ANY
90194313658,LITERAL,2,,,10,46,__ecma.Number,15,,,2,,__ecma.Number
90194313659,LITERAL,1,,,400,24,__ecma.Number,18,,,3,,__ecma.Number
90194313660,LITERAL,2,,,false,17,__ecma.Boolean,19,,,2,,__ecma.Boolean
90194313661,LITERAL,2,,,"""Invalid project ID""",15,__ecma.String,20,,,2,,__ecma.String
90194313662,LITERAL,1,,,"""[MRMetricsController] Refreshing MR metrics for project """,17,__ecma.String,24,,,1,,__ecma.String
90194313663,LITERAL,3,,,"""""",85,__ecma.String,24,,,3,,__ecma.String
90194313664,LITERAL,2,,,true,15,__ecma.Boolean,29,,,2,,__ecma.Boolean
90194313665,LITERAL,2,,,"""MR metrics refreshed successfully""",15,__ecma.String,31,,,2,,__ecma.String
90194313666,LITERAL,1,,,"""[MRMetricsController] Error refreshing MR metrics:""",18,__ecma.String,34,,,3,,__ecma.String
90194313667,LITERAL,1,,,"""Stack trace:""",18,__ecma.String,35,,,3,,__ecma.String
90194313668,LITERAL,1,,,500,15,__ecma.Number,36,,,3,,__ecma.Number
90194313669,LITERAL,2,,,false,15,__ecma.Boolean,37,,,2,,__ecma.Boolean
90194313670,LITERAL,2,,,"""Failed to refresh MR metrics""",13,__ecma.String,38,,,2,,__ecma.String
90194313671,LITERAL,2,,,10,46,__ecma.Number,50,,,2,,__ecma.Number
90194313672,LITERAL,1,,,400,24,__ecma.Number,53,,,3,,__ecma.Number
90194313673,LITERAL,2,,,false,17,__ecma.Boolean,54,,,2,,__ecma.Boolean
90194313674,LITERAL,2,,,"""Invalid project ID""",15,__ecma.String,55,,,2,,__ecma.String
90194313675,LITERAL,1,,,404,24,__ecma.Number,62,,,3,,__ecma.Number
90194313676,LITERAL,2,,,false,17,__ecma.Boolean,63,,,2,,__ecma.Boolean
90194313677,LITERAL,2,,,"""No MR metrics found for this project""",15,__ecma.String,64,,,2,,__ecma.String
90194313678,LITERAL,2,,,true,15,__ecma.Boolean,69,,,2,,__ecma.Boolean
90194313679,LITERAL,1,,,"""[MRMetricsController] Error getting MR metrics:""",18,__ecma.String,73,,,3,,__ecma.String
90194313680,LITERAL,1,,,500,15,__ecma.Number,74,,,3,,__ecma.Number
90194313681,LITERAL,2,,,false,15,__ecma.Boolean,75,,,2,,__ecma.Boolean
90194313682,LITERAL,2,,,"""Failed to get MR metrics""",13,__ecma.String,76,,,2,,__ecma.String
90194313683,LITERAL,2,,,10,46,__ecma.Number,88,,,2,,__ecma.Number
90194313684,LITERAL,1,,,400,24,__ecma.Number,91,,,3,,__ecma.Number
90194313685,LITERAL,2,,,false,17,__ecma.Boolean,92,,,2,,__ecma.Boolean
90194313686,LITERAL,2,,,"""Invalid project ID""",15,__ecma.String,93,,,2,,__ecma.String
90194313687,LITERAL,1,,,404,24,__ecma.Number,100,,,3,,__ecma.Number
90194313688,LITERAL,2,,,false,17,__ecma.Boolean,101,,,2,,__ecma.Boolean
90194313689,LITERAL,2,,,"""No trend data available for this project""",15,__ecma.String,102,,,2,,__ecma.String
90194313690,LITERAL,2,,,true,15,__ecma.Boolean,107,,,2,,__ecma.Boolean
90194313691,LITERAL,1,,,"""[MRMetricsController] Error getting MR metrics trends:""",18,__ecma.String,111,,,3,,__ecma.String
90194313692,LITERAL,1,,,500,15,__ecma.Number,112,,,3,,__ecma.Number
90194313693,LITERAL,2,,,false,15,__ecma.Boolean,113,,,2,,__ecma.Boolean
90194313694,LITERAL,2,,,"""Failed to get MR metrics trends""",13,__ecma.String,114,,,2,,__ecma.String
90194313695,LITERAL,2,,,10,46,__ecma.Number,126,,,2,,__ecma.Number
90194313696,LITERAL,1,,,string,43,,127,,,1,__ecma.String,ANY
90194313697,LITERAL,2,,,10,69,__ecma.Number,127,,,2,,__ecma.Number
90194313698,LITERAL,3,,,30,75,__ecma.Number,127,,,3,,__ecma.Number
90194313699,LITERAL,1,,,400,24,__ecma.Number,130,,,3,,__ecma.Number
90194313700,LITERAL,2,,,false,17,__ecma.Boolean,131,,,2,,__ecma.Boolean
90194313701,LITERAL,2,,,"""Invalid project ID""",15,__ecma.String,132,,,2,,__ecma.String
90194313702,LITERAL,2,,,true,15,__ecma.Boolean,139,,,2,,__ecma.Boolean
90194313703,LITERAL,1,,,"""[MRMetricsController] Error getting MR metrics history:""",18,__ecma.String,143,,,3,,__ecma.String
90194313704,LITERAL,1,,,500,15,__ecma.Number,144,,,3,,__ecma.Number
90194313705,LITERAL,2,,,false,15,__ecma.Boolean,145,,,2,,__ecma.Boolean
90194313706,LITERAL,2,,,"""Failed to get MR metrics history""",13,__ecma.String,146,,,2,,__ecma.String
90194313707,LITERAL,1,,,"""express""",0,,5,,,3,,ANY
90194313708,LITERAL,1,,,"""express""",0,,5,,,3,,ANY
90194313709,LITERAL,1,,,"""../services/mrMetrics/mrMetricsSyncService""",0,,6,,,3,,ANY
90194313710,LITERAL,1,,,"""../services/mrMetrics/mrMetricsDbService""",0,,7,,,3,,ANY
90194313711,LITERAL,1,,,500,17,__ecma.Number,21,,,3,,__ecma.Number
90194313712,LITERAL,1,,,400,26,__ecma.Number,35,,,3,,__ecma.Number
90194313713,LITERAL,2,,,"""Invalid project ID""",45,__ecma.String,35,,,2,,__ecma.String
90194313714,LITERAL,1,,,404,26,__ecma.Number,41,,,3,,__ecma.Number
90194313715,LITERAL,2,,,"""Project not found""",45,__ecma.String,41,,,2,,__ecma.String
90194313716,LITERAL,1,,,500,17,__ecma.Number,46,,,3,,__ecma.Number
90194313717,LITERAL,1,,,500,17,__ecma.Number,59,,,3,,__ecma.Number
90194313718,LITERAL,1,,,500,17,__ecma.Number,72,,,3,,__ecma.Number
90194313719,LITERAL,1,,,400,26,__ecma.Number,86,,,3,,__ecma.Number
90194313720,LITERAL,2,,,"""Invalid project ID""",45,__ecma.String,86,,,2,,__ecma.String
90194313721,LITERAL,1,,,500,17,__ecma.Number,92,,,3,,__ecma.Number
90194313722,LITERAL,1,,,400,26,__ecma.Number,106,,,3,,__ecma.Number
90194313723,LITERAL,2,,,"""Invalid project ID""",45,__ecma.String,106,,,2,,__ecma.String
90194313724,LITERAL,2,,,true,26,__ecma.Boolean,110,,,2,,__ecma.Boolean
90194313725,LITERAL,1,,,500,17,__ecma.Number,112,,,3,,__ecma.Number
90194313726,LITERAL,2,,,true,26,__ecma.Boolean,123,,,2,,__ecma.Boolean
90194313727,LITERAL,1,,,500,17,__ecma.Number,125,,,3,,__ecma.Number
90194313728,LITERAL,1,,,400,26,__ecma.Number,136,,,3,,__ecma.Number
90194313729,LITERAL,2,,,"""Project id is required""",45,__ecma.String,136,,,2,,__ecma.String
90194313730,LITERAL,1,,,404,26,__ecma.Number,142,,,3,,__ecma.Number
90194313731,LITERAL,2,,,"""Project not found in database. Please refresh the page.""",45,__ecma.String,142,,,2,,__ecma.String
90194313732,LITERAL,1,,,500,17,__ecma.Number,147,,,3,,__ecma.Number
90194313733,LITERAL,1,,,404,26,__ecma.Number,158,,,3,,__ecma.Number
90194313734,LITERAL,2,,,"""Project not found or already untracked""",45,__ecma.String,158,,,2,,__ecma.String
90194313735,LITERAL,1,,,500,17,__ecma.Number,163,,,3,,__ecma.Number
90194313736,LITERAL,1,,,500,23,__ecma.Number,180,,,3,,__ecma.Number
90194313737,LITERAL,1,,,400,26,__ecma.Number,193,,,3,,__ecma.Number
90194313738,LITERAL,2,,,"""Invalid project ID""",45,__ecma.String,193,,,2,,__ecma.String
90194313739,LITERAL,1,,,500,17,__ecma.Number,199,,,3,,__ecma.Number
90194313740,LITERAL,1,,,"""❌ Failed to get dashboard stats:""",20,__ecma.String,211,,,3,,__ecma.String
90194313741,LITERAL,1,,,500,17,__ecma.Number,212,,,3,,__ecma.Number
90194313742,LITERAL,1,,,6,71,__ecma.Number,227,,,3,,__ecma.Number
90194313743,LITERAL,2,,,0,28,__ecma.Number,243,,,2,,__ecma.Number
90194313744,LITERAL,1,,,0,38,__ecma.Number,243,,,1,,__ecma.Number
90194313745,LITERAL,2,,,0,80,__ecma.Number,245,,,4,,__ecma.Number
90194313746,LITERAL,1,,,2,38,__ecma.Number,247,,,3,,__ecma.Number
90194313747,LITERAL,2,,,3,63,__ecma.Number,254,,,2,,__ecma.Number
90194313748,LITERAL,2,,,2,68,__ecma.Number,262,,,2,,__ecma.Number
90194313749,LITERAL,2,,,2,68,__ecma.Number,263,,,2,,__ecma.Number
90194313750,LITERAL,2,,,3,104,__ecma.Number,263,,,2,,__ecma.Number
90194313751,LITERAL,2,,,3,65,__ecma.Number,264,,,2,,__ecma.Number
90194313752,LITERAL,2,,,4,101,__ecma.Number,264,,,2,,__ecma.Number
90194313753,LITERAL,2,,,4,70,__ecma.Number,265,,,2,,__ecma.Number
90194313754,LITERAL,1,,,"""express""",0,,2,,,3,,ANY
90194313755,LITERAL,1,,,"""express""",0,,2,,,3,,ANY
90194313756,LITERAL,1,,,"""../db/queries""",0,,3,,,3,,ANY
90194313757,LITERAL,1,,,"""../db/queries""",0,,3,,,3,,ANY
90194313758,LITERAL,1,,,"""../db/queries""",0,,3,,,3,,ANY
90194313759,LITERAL,1,,,"""../db/queries""",0,,3,,,3,,ANY
90194313760,LITERAL,1,,,"""../db/queries""",0,,3,,,3,,ANY
90194313761,LITERAL,1,,,"""../db/queries""",0,,3,,,3,,ANY
90194313762,LITERAL,1,,,"""../services/project/projectSyncService""",0,,4,,,3,,ANY
90194313763,LITERAL,1,,,"""../services/project/projectFetchService""",0,,5,,,3,,ANY
90194313764,LITERAL,1,,,"""../services/project/projectRefreshService""",0,,6,,,3,,ANY
90194313765,LITERAL,1,,,"""../services/gitlab/gitlabGroupService""",0,,7,,,3,,ANY
90194313766,LITERAL,1,,,"""../services/gitlab/gitLabMemberService""",0,,8,,,3,,ANY
90194313767,LITERAL,2,,,"""default""",0,__ecma.String,269,,,2,,__ecma.String
90194313768,LITERAL,1,,,400,24,__ecma.Number,20,,,3,,__ecma.Number
90194313769,LITERAL,2,,,false,17,__ecma.Boolean,21,,,2,,__ecma.Boolean
90194313770,LITERAL,2,,,"""Invalid project ID""",15,__ecma.String,22,,,2,,__ecma.String
90194313771,LITERAL,1,,,"""[SonarQubeMaintainabilityController] Refreshing metrics for project """,17,__ecma.String,26,,,1,,__ecma.String
90194313772,LITERAL,3,,,"""""",97,__ecma.String,26,,,3,,__ecma.String
90194313773,LITERAL,2,,,true,15,__ecma.Boolean,32,,,2,,__ecma.Boolean
90194313774,LITERAL,1,,,"""[SonarQubeMaintainabilityController] Error refreshing metrics:""",18,__ecma.String,36,,,3,,__ecma.String
90194313775,LITERAL,1,,,500,15,__ecma.Number,38,,,3,,__ecma.Number
90194313776,LITERAL,2,,,false,15,__ecma.Boolean,39,,,2,,__ecma.Boolean
90194313777,LITERAL,2,,,"""Failed to refresh maintainability metrics""",13,__ecma.String,40,,,2,,__ecma.String
90194313778,LITERAL,1,,,400,24,__ecma.Number,57,,,3,,__ecma.Number
90194313779,LITERAL,2,,,false,17,__ecma.Boolean,58,,,2,,__ecma.Boolean
90194313780,LITERAL,2,,,"""Invalid project ID""",15,__ecma.String,59,,,2,,__ecma.String
90194313781,LITERAL,1,,,404,24,__ecma.Number,66,,,3,,__ecma.Number
90194313782,LITERAL,2,,,false,17,__ecma.Boolean,67,,,2,,__ecma.Boolean
90194313783,LITERAL,2,,,"""No maintainability metrics found for this project""",15,__ecma.String,68,,,2,,__ecma.String
90194313784,LITERAL,2,,,true,15,__ecma.Boolean,73,,,2,,__ecma.Boolean
90194313785,LITERAL,1,,,"""[SonarQubeMaintainabilityController] Error fetching metrics:""",18,__ecma.String,77,,,3,,__ecma.String
90194313786,LITERAL,1,,,500,15,__ecma.Number,78,,,3,,__ecma.Number
90194313787,LITERAL,2,,,false,15,__ecma.Boolean,79,,,2,,__ecma.Boolean
90194313788,LITERAL,2,,,"""Failed to fetch maintainability metrics""",13,__ecma.String,80,,,2,,__ecma.String
90194313789,LITERAL,1,,,string,26,,95,,,1,__ecma.String,ANY
90194313790,LITERAL,2,,,30,55,__ecma.Number,95,,,2,,__ecma.Number
90194313791,LITERAL,1,,,400,24,__ecma.Number,98,,,3,,__ecma.Number
90194313792,LITERAL,2,,,false,17,__ecma.Boolean,99,,,2,,__ecma.Boolean
90194313793,LITERAL,2,,,"""Invalid project ID""",15,__ecma.String,100,,,2,,__ecma.String
90194313794,LITERAL,2,,,true,15,__ecma.Boolean,107,,,2,,__ecma.Boolean
90194313795,LITERAL,1,,,"""[SonarQubeMaintainabilityController] Error fetching history:""",18,__ecma.String,111,,,3,,__ecma.String
90194313796,LITERAL,1,,,500,15,__ecma.Number,112,,,3,,__ecma.Number
90194313797,LITERAL,2,,,false,15,__ecma.Boolean,113,,,2,,__ecma.Boolean
90194313798,LITERAL,2,,,"""Failed to fetch maintainability metrics history""",13,__ecma.String,114,,,2,,__ecma.String
90194313799,LITERAL,1,,,"""express""",0,,5,,,3,,ANY
90194313800,LITERAL,1,,,"""express""",0,,5,,,3,,ANY
90194313801,LITERAL,1,,,"""../services/sonarMaintainability/sonarMaintainabilitySyncService""",0,,6,,,3,,ANY
90194313802,LITERAL,1,,,"""../services/sonarMaintainability/sonarMaintainabilityDbService""",0,,7,,,3,,ANY
90194313803,LITERAL,1,,,400,24,__ecma.Number,19,,,3,,__ecma.Number
90194313804,LITERAL,2,,,false,17,__ecma.Boolean,20,,,2,,__ecma.Boolean
90194313805,LITERAL,2,,,"""Invalid project ID""",15,__ecma.String,21,,,2,,__ecma.String
90194313806,LITERAL,1,,,"""[SonarReliabilityController] Refreshing metrics for project """,17,__ecma.String,25,,,1,,__ecma.String
90194313807,LITERAL,3,,,"""""",89,__ecma.String,25,,,3,,__ecma.String
90194313808,LITERAL,2,,,true,15,__ecma.Boolean,31,,,2,,__ecma.Boolean
90194313809,LITERAL,1,,,"""[SonarReliabilityController] Error refreshing metrics:""",18,__ecma.String,35,,,3,,__ecma.String
90194313810,LITERAL,1,,,500,15,__ecma.Number,36,,,3,,__ecma.Number
90194313811,LITERAL,2,,,false,15,__ecma.Boolean,37,,,2,,__ecma.Boolean
90194313812,LITERAL,2,,,"""Failed to refresh reliability metrics""",13,__ecma.String,38,,,2,,__ecma.String
90194313813,LITERAL,1,,,400,24,__ecma.Number,55,,,3,,__ecma.Number
90194313814,LITERAL,2,,,false,17,__ecma.Boolean,56,,,2,,__ecma.Boolean
90194313815,LITERAL,2,,,"""Invalid project ID""",15,__ecma.String,57,,,2,,__ecma.String
90194313816,LITERAL,1,,,404,24,__ecma.Number,64,,,3,,__ecma.Number
90194313817,LITERAL,2,,,false,17,__ecma.Boolean,65,,,2,,__ecma.Boolean
90194313818,LITERAL,2,,,"""No reliability metrics found for this project""",15,__ecma.String,66,,,2,,__ecma.String
90194313819,LITERAL,2,,,true,15,__ecma.Boolean,71,,,2,,__ecma.Boolean
90194313820,LITERAL,1,,,"""[SonarReliabilityController] Error fetching metrics:""",18,__ecma.String,75,,,3,,__ecma.String
90194313821,LITERAL,1,,,500,15,__ecma.Number,76,,,3,,__ecma.Number
90194313822,LITERAL,2,,,false,15,__ecma.Boolean,77,,,2,,__ecma.Boolean
90194313823,LITERAL,2,,,"""Failed to fetch reliability metrics""",13,__ecma.String,78,,,2,,__ecma.String
90194313824,LITERAL,1,,,string,26,,93,,,1,__ecma.String,ANY
90194313825,LITERAL,2,,,30,55,__ecma.Number,93,,,2,,__ecma.Number
90194313826,LITERAL,1,,,400,24,__ecma.Number,96,,,3,,__ecma.Number
90194313827,LITERAL,2,,,false,17,__ecma.Boolean,97,,,2,,__ecma.Boolean
90194313828,LITERAL,2,,,"""Invalid project ID""",15,__ecma.String,98,,,2,,__ecma.String
90194313829,LITERAL,2,,,true,15,__ecma.Boolean,105,,,2,,__ecma.Boolean
90194313830,LITERAL,1,,,"""[SonarReliabilityController] Error fetching history:""",18,__ecma.String,109,,,3,,__ecma.String
90194313831,LITERAL,1,,,500,15,__ecma.Number,110,,,3,,__ecma.Number
90194313832,LITERAL,2,,,false,15,__ecma.Boolean,111,,,2,,__ecma.Boolean
90194313833,LITERAL,2,,,"""Failed to fetch reliability metrics history""",13,__ecma.String,112,,,2,,__ecma.String
90194313834,LITERAL,1,,,"""express""",0,,4,,,3,,ANY
90194313835,LITERAL,1,,,"""express""",0,,4,,,3,,ANY
90194313836,LITERAL,1,,,"""../services/sonarReliability/sonarReliabilitySyncService""",0,,5,,,3,,ANY
90194313837,LITERAL,1,,,"""../services/sonarReliability/sonarReliabilityDbService""",0,,6,,,3,,ANY
90194313838,LITERAL,1,,,400,24,__ecma.Number,19,,,3,,__ecma.Number
90194313839,LITERAL,2,,,false,17,__ecma.Boolean,20,,,2,,__ecma.Boolean
90194313840,LITERAL,2,,,"""Invalid project ID""",15,__ecma.String,21,,,2,,__ecma.String
90194313841,LITERAL,1,,,"""[SonarSecurityController] Refreshing metrics for project """,17,__ecma.String,25,,,1,,__ecma.String
90194313842,LITERAL,3,,,"""""",86,__ecma.String,25,,,3,,__ecma.String
90194313843,LITERAL,2,,,true,15,__ecma.Boolean,31,,,2,,__ecma.Boolean
90194313844,LITERAL,1,,,"""[SonarSecurityController] Error refreshing metrics:""",18,__ecma.String,35,,,3,,__ecma.String
90194313845,LITERAL,1,,,500,15,__ecma.Number,36,,,3,,__ecma.Number
90194313846,LITERAL,2,,,false,15,__ecma.Boolean,37,,,2,,__ecma.Boolean
90194313847,LITERAL,2,,,"""Failed to refresh security metrics""",13,__ecma.String,38,,,2,,__ecma.String
90194313848,LITERAL,1,,,400,24,__ecma.Number,55,,,3,,__ecma.Number
90194313849,LITERAL,2,,,false,17,__ecma.Boolean,56,,,2,,__ecma.Boolean
90194313850,LITERAL,2,,,"""Invalid project ID""",15,__ecma.String,57,,,2,,__ecma.String
90194313851,LITERAL,1,,,404,24,__ecma.Number,64,,,3,,__ecma.Number
90194313852,LITERAL,2,,,false,17,__ecma.Boolean,65,,,2,,__ecma.Boolean
90194313853,LITERAL,2,,,"""No security metrics found for this project""",15,__ecma.String,66,,,2,,__ecma.String
90194313854,LITERAL,2,,,true,15,__ecma.Boolean,71,,,2,,__ecma.Boolean
90194313855,LITERAL,1,,,"""[SonarSecurityController] Error fetching metrics:""",18,__ecma.String,75,,,3,,__ecma.String
90194313856,LITERAL,1,,,500,15,__ecma.Number,76,,,3,,__ecma.Number
90194313857,LITERAL,2,,,false,15,__ecma.Boolean,77,,,2,,__ecma.Boolean
90194313858,LITERAL,2,,,"""Failed to fetch security metrics""",13,__ecma.String,78,,,2,,__ecma.String
90194313859,LITERAL,1,,,string,26,,93,,,1,__ecma.String,ANY
90194313860,LITERAL,2,,,30,55,__ecma.Number,93,,,2,,__ecma.Number
90194313861,LITERAL,1,,,400,24,__ecma.Number,96,,,3,,__ecma.Number
90194313862,LITERAL,2,,,false,17,__ecma.Boolean,97,,,2,,__ecma.Boolean
90194313863,LITERAL,2,,,"""Invalid project ID""",15,__ecma.String,98,,,2,,__ecma.String
90194313864,LITERAL,2,,,true,15,__ecma.Boolean,105,,,2,,__ecma.Boolean
90194313865,LITERAL,1,,,"""[SonarSecurityController] Error fetching metrics history:""",18,__ecma.String,109,,,3,,__ecma.String
90194313866,LITERAL,1,,,500,15,__ecma.Number,110,,,3,,__ecma.Number
90194313867,LITERAL,2,,,false,15,__ecma.Boolean,111,,,2,,__ecma.Boolean
90194313868,LITERAL,2,,,"""Failed to fetch security metrics history""",13,__ecma.String,112,,,2,,__ecma.String
90194313869,LITERAL,1,,,"""express""",0,,4,,,3,,ANY
90194313870,LITERAL,1,,,"""express""",0,,4,,,3,,ANY
90194313871,LITERAL,1,,,"""../services/sonarSecurity/sonarSecuritySyncService""",0,,5,,,3,,ANY
90194313872,LITERAL,1,,,"""../services/sonarSecurity/sonarSecurityDbService""",0,,6,,,3,,ANY
90194313873,LITERAL,1,,,"""
📅 MONTHLY BREAKDOWN - All 24 Months
""",16,__ecma.String,9,,,3,,__ecma.String
90194313874,LITERAL,2,,,"""=""",16,__ecma.String,10,,,2,,__ecma.String
90194313875,LITERAL,1,,,80,27,__ecma.Number,10,,,3,,__ecma.Number
90194313876,LITERAL,1,,,"""
      SELECT 
        TO_CHAR(deployment_timestamp, 'YYYY-MM') AS month,
        COUNT(*) AS deployments
      FROM deployment_frequency
      WHERE project_id = 1
      GROUP BY TO_CHAR(deployment_timestamp, 'YYYY-MM')
      ORDER BY month
    """,42,__ecma.String,13,,,3,,__ecma.String
90194313877,LITERAL,1,,,"""
📊 Deployment Frequency by Month:""",16,__ecma.String,23,,,3,,__ecma.String
90194313878,LITERAL,1,,,"""
✅ Total Months with Data:""",16,__ecma.String,26,,,3,,__ecma.String
90194313879,LITERAL,1,,,"""Expected: 24 months (12 for 2024 + 12 for 2025)
""",16,__ecma.String,27,,,3,,__ecma.String
90194313880,LITERAL,2,,,24,36,__ecma.Number,29,,,2,,__ecma.Number
90194313881,LITERAL,1,,,"""🎉 SUCCESS! All 24 months have data!""",18,__ecma.String,30,,,3,,__ecma.String
90194313882,LITERAL,1,,,"""⚠️  Warning: Expected 24 months but found""",18,__ecma.String,32,,,3,,__ecma.String
90194313883,LITERAL,1,,,"""
      SELECT 
        MIN(deployment_timestamp) as earliest,
        MAX(deployment_timestamp) as latest
      FROM deployment_frequency
      WHERE project_id = 1
    """,41,__ecma.String,36,,,3,,__ecma.String
90194313884,LITERAL,1,,,"""
📍 Date Range:""",16,__ecma.String,44,,,3,,__ecma.String
90194313885,LITERAL,1,,,"""  Earliest:""",16,__ecma.String,45,,,3,,__ecma.String
90194313886,LITERAL,2,,,0,47,__ecma.Number,45,,,2,,__ecma.Number
90194313887,LITERAL,1,,,"""  Latest:""",16,__ecma.String,46,,,3,,__ecma.String
90194313888,LITERAL,2,,,0,45,__ecma.Number,46,,,2,,__ecma.Number
90194313889,LITERAL,1,,,"""
      SELECT 
        TO_CHAR(merged_timestamp, 'YYYY-MM') AS month,
        COUNT(*) AS changes,
        ROUND(AVG(lead_time_hours), 2) AS avg_hours
      FROM lead_time_changes
      WHERE project_id = 1
      GROUP BY TO_CHAR(merged_timestamp, 'YYYY-MM')
      ORDER BY month
    """,46,__ecma.String,49,,,3,,__ecma.String
90194313890,LITERAL,1,,,"""

📊 Lead Time by Month:""",16,__ecma.String,60,,,3,,__ecma.String
90194313891,LITERAL,1,,,"""
✅ Months with Lead Time Data:""",16,__ecma.String,63,,,3,,__ecma.String
90194313892,LITERAL,1,,,0,17,__ecma.Number,65,,,3,,__ecma.Number
90194313893,LITERAL,1,,,"""❌ Error:""",18,__ecma.String,67,,,3,,__ecma.String
90194313894,LITERAL,1,,,1,17,__ecma.Number,68,,,3,,__ecma.Number
90194313895,LITERAL,1,,,"""dotenv/config""",0,,2,,,3,,ANY
90194313896,LITERAL,1,,,"""./connection""",0,,3,,,3,,ANY
90194313897,LITERAL,1,,,"""🗑️  Clearing existing DORA metrics data...""",16,__ecma.String,11,,,3,,__ecma.String
90194313898,LITERAL,1,,,"""📊 Repopulating with correct date ranges (52 weeks each year)...
""",16,__ecma.String,12,,,3,,__ecma.String
90194313899,LITERAL,2,,,"""seeds""",41,__ecma.String,15,,,4,,__ecma.String
90194313900,LITERAL,3,,,"""clear_and_repopulate_dora_metrics.sql""",50,__ecma.String,15,,,5,,__ecma.String
90194313901,LITERAL,2,,,"""utf8""",41,__ecma.String,16,,,4,,__ecma.String
90194313902,LITERAL,1,,,"""
✅ Successfully cleared and repopulated DORA metrics data!""",16,__ecma.String,21,,,3,,__ecma.String
90194313903,LITERAL,1,,,"""Data includes:""",16,__ecma.String,22,,,3,,__ecma.String
90194313904,LITERAL,1,,,"""  - 2024: 52 weeks (Jan-Dec 2024) - learning phase""",16,__ecma.String,23,,,3,,__ecma.String
90194313905,LITERAL,1,,,"""  - 2025: 52 weeks (Jan-Dec 2025) - mature phase""",16,__ecma.String,24,,,3,,__ecma.String
90194313906,LITERAL,1,,,"""  - All 4 DORA metrics tables updated""",16,__ecma.String,25,,,3,,__ecma.String
90194313907,LITERAL,1,,,"""  - All 24 months should now have data
""",16,__ecma.String,26,,,3,,__ecma.String
90194313908,LITERAL,1,,,0,17,__ecma.Number,28,,,3,,__ecma.Number
90194313909,LITERAL,1,,,"""❌ Error:""",18,__ecma.String,30,,,3,,__ecma.String
90194313910,LITERAL,1,,,1,17,__ecma.Number,31,,,3,,__ecma.Number
90194313911,LITERAL,1,,,"""dotenv/config""",0,,2,,,3,,ANY
90194313912,LITERAL,1,,,"""./connection""",0,,3,,,3,,ANY
90194313913,LITERAL,1,,,"""fs""",0,,4,,,3,,ANY
90194313914,LITERAL,1,,,"""path""",0,,5,,,3,,ANY
90194313915,LITERAL,1,,,"""Unexpected error on idle client""",20,__ecma.String,29,,,3,,__ecma.String
90194313916,LITERAL,1,,,"""DATABASE_URL is not defined in environment variables""",22,__ecma.String,14,,,3,,__ecma.String
90194313917,LITERAL,2,,,false,28,__ecma.Boolean,20,,,2,,__ecma.Boolean
90194313918,LITERAL,2,,,20,11,__ecma.Number,22,,,2,,__ecma.Number
90194313919,LITERAL,2,,,30000,25,__ecma.Number,23,,,2,,__ecma.Number
90194313920,LITERAL,2,,,10000,31,__ecma.Number,24,,,2,,__ecma.Number
90194313921,LITERAL,1,,,"""error""",12,__ecma.String,28,,,3,,__ecma.String
90194313922,LITERAL,1,,,"""✅ Database pool created successfully""",16,__ecma.String,32,,,3,,__ecma.String
90194313923,LITERAL,1,,,"""SELECT NOW()""",38,__ecma.String,47,,,3,,__ecma.String
90194313924,LITERAL,1,,,"""✅ Database connected successfully at:""",16,__ecma.String,48,,,3,,__ecma.String
90194313925,LITERAL,2,,,0,69,__ecma.Number,48,,,2,,__ecma.Number
90194313926,LITERAL,1,,,"""❌ Database connection failed:""",18,__ecma.String,52,,,3,,__ecma.String
90194313927,LITERAL,2,,,null,11,__ecma.Null,63,,,2,,__ecma.Null
90194313928,LITERAL,1,,,"""✅ Database connection pool closed""",16,__ecma.String,64,,,3,,__ecma.String
90194313929,LITERAL,1,,,"""pg""",0,,2,,,3,,ANY
90194313930,LITERAL,2,,,null,24,__ecma.Null,4,,,2,,__ecma.Null
90194313931,LITERAL,2,,,"""default""",0,__ecma.String,68,,,2,,__ecma.String
90194313932,LITERAL,2,,,"""default""",0,__ecma.String,68,,,2,,__ecma.String
90194313933,LITERAL,2,,,"""default""",0,__ecma.String,68,,,2,,__ecma.String
90194313934,LITERAL,1,,,"""Starting DORA metrics population...""",16,__ecma.String,11,,,3,,__ecma.String
90194313935,LITERAL,2,,,"""seeds""",41,__ecma.String,14,,,4,,__ecma.String
90194313936,LITERAL,3,,,"""populate_dora_metrics_2_years_fixed.sql""",50,__ecma.String,14,,,5,,__ecma.String
90194313937,LITERAL,2,,,"""utf8""",41,__ecma.String,15,,,4,,__ecma.String
90194313938,LITERAL,1,,,"""
✅ Successfully populated DORA metrics data!""",16,__ecma.String,20,,,3,,__ecma.String
90194313939,LITERAL,1,,,"""Data includes:""",16,__ecma.String,21,,,3,,__ecma.String
90194313940,LITERAL,1,,,"""  - 2024: 104 weeks of data (learning phase)""",16,__ecma.String,22,,,3,,__ecma.String
90194313941,LITERAL,1,,,"""  - 2025: 52 weeks of data (mature phase)""",16,__ecma.String,23,,,3,,__ecma.String
90194313942,LITERAL,1,,,"""  - All 4 DORA metrics tables populated""",16,__ecma.String,24,,,3,,__ecma.String
90194313943,LITERAL,1,,,"""  - Clear trends showing improvement over time""",16,__ecma.String,25,,,3,,__ecma.String
90194313944,LITERAL,1,,,0,17,__ecma.Number,27,,,3,,__ecma.Number
90194313945,LITERAL,1,,,"""❌ Error populating DORA metrics:""",18,__ecma.String,29,,,3,,__ecma.String
90194313946,LITERAL,1,,,1,17,__ecma.Number,30,,,3,,__ecma.Number
90194313947,LITERAL,1,,,"""dotenv/config""",0,,2,,,3,,ANY
90194313948,LITERAL,1,,,"""./connection""",0,,3,,,3,,ANY
90194313949,LITERAL,1,,,"""fs""",0,,4,,,3,,ANY
90194313950,LITERAL,1,,,"""path""",0,,5,,,3,,ANY
90194313951,LITERAL,2,,,"""schema.sql""",44,__ecma.String,15,,,4,,__ecma.String
90194313952,LITERAL,2,,,"""utf8""",47,__ecma.String,16,,,4,,__ecma.String
90194313953,LITERAL,1,,,"""✅ Database tables initialized from schema.sql (24 tables)""",16,__ecma.String,18,,,3,,__ecma.String
90194313954,LITERAL,1,,,"""❌ Failed to initialize tables:""",18,__ecma.String,20,,,3,,__ecma.String
90194313955,LITERAL,2,,,"""
    INSERT INTO projects (
      id, name, full_path, group_path, members_count, members,
      last_activity_at, parent_id, visibility,
      updated_at, synced_at
    )
    VALUES ($1, $2, $3, $4, $5, $6, $7, $8, $9, CURRENT_TIMESTAMP, CURRENT_TIMESTAMP)
    ON CONFLICT (id) 
    DO UPDATE SET 
      name = EXCLUDED.name,
      full_path = EXCLUDED.full_path,
      group_path = EXCLUDED.group_path,
      members_count = EXCLUDED.members_count,
      members = EXCLUDED.members,
      last_activity_at = EXCLUDED.last_activity_at,
      parent_id = EXCLUDED.parent_id,
      visibility = EXCLUDED.visibility,
      updated_at = CURRENT_TIMESTAMP,
      synced_at = CURRENT_TIMESTAMP
    RETURNING *;
  """,17,__ecma.String,48,,,2,,__ecma.String
90194313956,LITERAL,2,,,null,31,__ecma.Null,74,,,2,,__ecma.Null
90194313957,LITERAL,2,,,null,32,__ecma.Null,75,,,2,,__ecma.Null
90194313958,LITERAL,2,,,0,35,__ecma.Number,76,,,2,,__ecma.Number
90194313959,LITERAL,3,,,null,66,__ecma.Null,77,,,3,,__ecma.Null
90194313960,LITERAL,2,,,null,38,__ecma.Null,78,,,2,,__ecma.Null
90194313961,LITERAL,2,,,null,31,__ecma.Null,79,,,2,,__ecma.Null
90194313962,LITERAL,2,,,null,32,__ecma.Null,80,,,2,,__ecma.Null
90194313963,LITERAL,2,,,0,23,__ecma.Number,82,,,2,,__ecma.Number
90194313964,LITERAL,1,,,"""❌ Failed to sync project to registry:""",18,__ecma.String,84,,,3,,__ecma.String
90194313965,LITERAL,1,,,"""✅ Synced """,17,__ecma.String,107,,,1,,__ecma.String
90194313966,LITERAL,3,,,""" projects to registry""",44,__ecma.String,107,,,3,,__ecma.String
90194313967,LITERAL,1,,,"""❌ Failed to sync projects to registry:""",18,__ecma.String,109,,,3,,__ecma.String
90194313968,LITERAL,2,,,"""
    SELECT 
      uuid, row_id, id, name, full_path, group_path,
      members_count, members, last_activity_at, parent_id, visibility,
      tracked, created_at, updated_at, synced_at
    FROM projects
    ORDER BY synced_at DESC, name ASC;
  """,17,__ecma.String,120,,,2,,__ecma.String
90194313969,LITERAL,1,,,"""❌ Failed to get all projects from registry:""",18,__ecma.String,133,,,3,,__ecma.String
90194313970,LITERAL,2,,,"""
    SELECT 
      uuid, row_id, id, name, full_path, group_path,
      members_count, members, last_activity_at, parent_id, visibility,
      tracked, created_at, updated_at, synced_at
    FROM projects
    WHERE id = $1;
  """,17,__ecma.String,144,,,2,,__ecma.String
90194313971,LITERAL,2,,,0,23,__ecma.Number,155,,,2,,__ecma.Number
90194313972,LITERAL,2,,,null,29,__ecma.Null,155,,,2,,__ecma.Null
90194313973,LITERAL,1,,,"""❌ Failed to get project by ID:""",18,__ecma.String,157,,,3,,__ecma.String
90194313974,LITERAL,2,,,"""SELECT uuid FROM projects WHERE id = $1;""",17,__ecma.String,168,,,2,,__ecma.String
90194313975,LITERAL,2,,,0,23,__ecma.Number,172,,,2,,__ecma.Number
90194313976,LITERAL,2,,,null,35,__ecma.Null,172,,,2,,__ecma.Null
90194313977,LITERAL,1,,,"""❌ Failed to get project UUID:""",18,__ecma.String,174,,,3,,__ecma.String
90194313978,LITERAL,2,,,true,71,__ecma.Boolean,183,,,2,,__ecma.Boolean
90194313979,LITERAL,2,,,"""
    UPDATE projects
    SET tracked = $2, updated_at = CURRENT_TIMESTAMP
    WHERE id = $1
    RETURNING *;
  """,17,__ecma.String,186,,,2,,__ecma.String
90194313980,LITERAL,2,,,0,23,__ecma.Number,195,,,2,,__ecma.Number
90194313981,LITERAL,1,,,"""❌ Failed to update project tracked status:""",18,__ecma.String,197,,,3,,__ecma.String
90194313982,LITERAL,2,,,true,31,__ecma.Boolean,206,,,4,,__ecma.Boolean
90194313983,LITERAL,2,,,"""
    UPDATE projects
    SET tracked = FALSE, updated_at = CURRENT_TIMESTAMP
    WHERE id = $1
    RETURNING id;
  """,17,__ecma.String,215,,,2,,__ecma.String
90194313984,LITERAL,2,,,null,31,__ecma.Null,224,,,2,,__ecma.Null
90194313985,LITERAL,2,,,0,57,__ecma.Number,224,,,2,,__ecma.Number
90194313986,LITERAL,1,,,"""❌ Failed to untrack project:""",18,__ecma.String,226,,,3,,__ecma.String
90194313987,LITERAL,2,,,"""SELECT id FROM projects WHERE id = $1 AND tracked = TRUE;""",17,__ecma.String,237,,,2,,__ecma.String
90194313988,LITERAL,2,,,0,32,__ecma.Number,241,,,2,,__ecma.Number
90194313989,LITERAL,1,,,"""❌ Failed to check if project is tracked:""",18,__ecma.String,243,,,3,,__ecma.String
90194313990,LITERAL,2,,,"""SELECT id FROM projects WHERE tracked = TRUE;""",17,__ecma.String,254,,,2,,__ecma.String
90194313991,LITERAL,1,,,"""❌ Failed to get tracked project IDs:""",18,__ecma.String,260,,,3,,__ecma.String
90194313992,LITERAL,1,,,"""Project with ID """,21,__ecma.String,293,,,1,,__ecma.String
90194313993,LITERAL,3,,,""" not found in registry""",63,__ecma.String,293,,,3,,__ecma.String
90194313994,LITERAL,2,,,"""
    INSERT INTO tracked_project_snapshots (
      project_uuid, description, web_url,
      open_issues, open_mrs, open_milestones_count,
      sonar_project_key, sonar_security_high, sonar_security_blocker,
      sonar_reliability_high, sonar_reliability_blocker,
      sonar_maintainability_high, sonar_maintainability_blocker,
      snapshot_date
    )
    VALUES ($1, $2, $3, $4, $5, $6, $7, $8, $9, $10, $11, $12, $13, CURRENT_TIMESTAMP)
    RETURNING *;
  """,17,__ecma.String,296,,,2,,__ecma.String
90194313995,LITERAL,2,,,null,34,__ecma.Null,312,,,2,,__ecma.Null
90194313996,LITERAL,2,,,null,30,__ecma.Null,313,,,2,,__ecma.Null
90194313997,LITERAL,2,,,0,34,__ecma.Number,314,,,2,,__ecma.Number
90194313998,LITERAL,2,,,0,31,__ecma.Number,315,,,2,,__ecma.Number
90194313999,LITERAL,2,,,0,44,__ecma.Number,316,,,2,,__ecma.Number
90194314000,LITERAL,2,,,null,40,__ecma.Null,317,,,2,,__ecma.Null
90194314001,LITERAL,2,,,0,42,__ecma.Number,318,,,2,,__ecma.Number
90194314002,LITERAL,2,,,0,45,__ecma.Number,319,,,2,,__ecma.Number
90194314003,LITERAL,2,,,0,45,__ecma.Number,320,,,2,,__ecma.Number
90194314004,LITERAL,2,,,0,48,__ecma.Number,321,,,2,,__ecma.Number
90194314005,LITERAL,2,,,0,49,__ecma.Number,322,,,2,,__ecma.Number
90194314006,LITERAL,2,,,0,52,__ecma.Number,323,,,2,,__ecma.Number
90194314007,LITERAL,2,,,0,23,__ecma.Number,325,,,2,,__ecma.Number
90194314008,LITERAL,1,,,"""❌ Failed to insert project snapshot:""",18,__ecma.String,327,,,3,,__ecma.String
90194314009,LITERAL,2,,,"""
    SELECT DISTINCT ON (p.uuid)
      p.uuid,
      p.row_id,
      p.id,
      p.name,
      p.full_path,
      p.group_path,
      p.members_count,
      p.members,
      p.last_activity_at,
      p.parent_id,
      p.visibility,
      p.tracked,
      p.synced_at,
      s.description,
      s.web_url,
      s.open_issues,
      s.open_mrs,
      s.open_milestones_count,
      s.sonar_project_key,
      s.sonar_security_high,
      s.sonar_security_blocker,
      s.sonar_reliability_high,
      s.sonar_reliability_blocker,
      s.sonar_maintainability_high,
      s.sonar_maintainability_blocker,
      s.snapshot_date
    FROM projects p
    LEFT JOIN tracked_project_snapshots s ON p.uuid = s.project_uuid
    WHERE p.tracked = TRUE
    ORDER BY p.uuid, s.snapshot_date DESC NULLS LAST;
  """,17,__ecma.String,339,,,2,,__ecma.String
90194314010,LITERAL,1,,,"""❌ Failed to get latest snapshots for tracked projects:""",18,__ecma.String,377,,,3,,__ecma.String
90194314011,LITERAL,2,,,"""
    SELECT 
      s.uuid,
      s.row_id,
      s.description,
      s.web_url,
      s.open_issues,
      s.open_mrs,
      s.open_milestones_count,
      s.sonar_project_key,
      s.sonar_security_high,
      s.sonar_security_blocker,
      s.sonar_reliability_high,
      s.sonar_reliability_blocker,
      s.sonar_maintainability_high,
      s.sonar_maintainability_blocker,
      s.snapshot_date
    FROM tracked_project_snapshots s
    JOIN projects p ON s.project_uuid = p.uuid
    WHERE p.id = $1
    ORDER BY s.snapshot_date DESC;
  """,17,__ecma.String,388,,,2,,__ecma.String
90194314012,LITERAL,1,,,"""❌ Failed to get project snapshots:""",18,__ecma.String,415,,,3,,__ecma.String
90194314013,LITERAL,2,,,"""
    SELECT 
      p.id as project_id,
      p.name as project_name,
      p.full_path,
      p.last_activity_at,
      s.open_issues,
      s.open_mrs,
      s.open_milestones_count,
      s.sonar_security_high,
      s.sonar_security_blocker,
      s.sonar_reliability_high,
      s.sonar_reliability_blocker,
      s.sonar_maintainability_high,
      s.sonar_maintainability_blocker,
      s.snapshot_date
    FROM projects p
    LEFT JOIN tracked_project_snapshots s ON s.project_uuid = p.uuid
    WHERE LOWER(p.name) = LOWER($1)
      AND p.tracked = true
    ORDER BY s.snapshot_date DESC
    LIMIT 1;
  """,17,__ecma.String,428,,,2,,__ecma.String
90194314014,LITERAL,2,,,0,32,__ecma.Number,454,,,2,,__ecma.Number
90194314015,LITERAL,2,,,0,48,__ecma.Number,454,,,2,,__ecma.Number
90194314016,LITERAL,3,,,null,53,__ecma.Null,454,,,3,,__ecma.Null
90194314017,LITERAL,1,,,"""❌ Failed to get latest snapshot by project name:""",18,__ecma.String,456,,,3,,__ecma.String
90194314018,LITERAL,1,,,"""SELECT uuid FROM projects WHERE LOWER(name) = LOWER($1)""",6,__ecma.String,502,,,3,,__ecma.String
90194314019,LITERAL,2,,,0,38,__ecma.Number,506,,,2,,__ecma.Number
90194314020,LITERAL,1,,,"""Project """"",23,__ecma.String,507,,,1,,__ecma.String
90194314021,LITERAL,3,,,""""" not found in database""",46,__ecma.String,507,,,3,,__ecma.String
90194314022,LITERAL,2,,,0,43,__ecma.Number,510,,,2,,__ecma.Number
90194314023,LITERAL,1,,,"""INSERT INTO project_insights 
       (project_uuid, insights_data, final_user_score, api_score, combined_score)
       VALUES ($1, $2, $3, $4, $5)""",7,__ecma.String,514,,,3,,__ecma.String
90194314024,LITERAL,1,,,"""✅ Saved insights for project: """,17,__ecma.String,526,,,1,,__ecma.String
90194314025,LITERAL,3,,,"""""",61,__ecma.String,526,,,3,,__ecma.String
90194314026,LITERAL,1,,,"""❌ Failed to save project insights:""",18,__ecma.String,528,,,3,,__ecma.String
90194314027,LITERAL,2,,,"""
    SELECT 
      pi.uuid,
      pi.row_id,
      pi.insights_data,
      pi.final_user_score,
      pi.api_score,
      pi.combined_score,
      pi.created_at,
      p.name as project_name
    FROM project_insights pi
    JOIN projects p ON pi.project_uuid = p.uuid
    WHERE LOWER(p.name) = LOWER($1)
    ORDER BY pi.created_at DESC
    LIMIT 1;
  """,17,__ecma.String,539,,,2,,__ecma.String
90194314028,LITERAL,2,,,0,32,__ecma.Number,558,,,2,,__ecma.Number
90194314029,LITERAL,2,,,0,48,__ecma.Number,558,,,2,,__ecma.Number
90194314030,LITERAL,3,,,null,53,__ecma.Null,558,,,3,,__ecma.Null
90194314031,LITERAL,1,,,"""❌ Failed to get latest project insights:""",18,__ecma.String,560,,,3,,__ecma.String
90194314032,LITERAL,2,,,"""
    SELECT 
      pi.uuid,
      pi.row_id,
      pi.insights_data,
      pi.final_user_score,
      pi.api_score,
      pi.combined_score,
      pi.created_at
    FROM project_insights pi
    JOIN projects p ON pi.project_uuid = p.uuid
    WHERE LOWER(p.name) = LOWER($1)
    ORDER BY pi.created_at DESC;
  """,17,__ecma.String,571,,,2,,__ecma.String
90194314033,LITERAL,1,,,"""❌ Failed to get project insights history:""",18,__ecma.String,590,,,3,,__ecma.String
90194314034,LITERAL,2,,,"""
    SELECT 
      pi.uuid,
      pi.row_id,
      pi.insights_data,
      pi.final_user_score,
      pi.api_score,
      pi.combined_score,
      pi.created_at
    FROM project_insights pi
    JOIN projects p ON pi.project_uuid = p.uuid
    WHERE p.id = $1
    ORDER BY pi.created_at ASC;
  """,17,__ecma.String,601,,,2,,__ecma.String
90194314035,LITERAL,1,,,"""❌ Failed to get project insights history by ID:""",18,__ecma.String,620,,,3,,__ecma.String
90194314036,LITERAL,2,,,"""
    SELECT 
      p.uuid,
      p.name,
      p.full_path,
      pi.final_user_score,
      pi.api_score,
      pi.combined_score,
      pi.created_at as last_insight_date
    FROM projects p
    LEFT JOIN LATERAL (
      SELECT * FROM project_insights
      WHERE project_uuid = p.uuid
      ORDER BY created_at DESC
      LIMIT 1
    ) pi ON true
    ORDER BY p.name;
  """,17,__ecma.String,631,,,2,,__ecma.String
90194314037,LITERAL,1,,,"""❌ Failed to get all projects with insights:""",18,__ecma.String,654,,,3,,__ecma.String
90194314038,LITERAL,2,,,"""
    SELECT 
      p.id,
      p.uuid,
      p.name,
      p.full_path,
      pi.insights_data,
      pi.final_user_score,
      pi.api_score,
      pi.combined_score,
      pi.created_at
    FROM projects p
    INNER JOIN LATERAL (
      SELECT * FROM project_insights
      WHERE project_uuid = p.uuid
      ORDER BY created_at DESC
      LIMIT 1
    ) pi ON true
    WHERE pi.insights_data IS NOT NULL
    ORDER BY p.name;
  """,17,__ecma.String,665,,,2,,__ecma.String
90194314039,LITERAL,1,,,"""❌ Failed to get all latest project insights:""",18,__ecma.String,691,,,3,,__ecma.String
90194314040,LITERAL,1,,,"""SELECT COUNT(*) as count FROM projects""",36,__ecma.String,703,,,3,,__ecma.String
90194314041,LITERAL,2,,,0,32,__ecma.Number,704,,,2,,__ecma.Number
90194314042,LITERAL,1,,,"""❌ Failed to get total projects count:""",18,__ecma.String,706,,,3,,__ecma.String
90194314043,LITERAL,1,,,"""SELECT COUNT(*) as count FROM projects WHERE tracked = true""",36,__ecma.String,718,,,3,,__ecma.String
90194314044,LITERAL,2,,,0,32,__ecma.Number,719,,,2,,__ecma.Number
90194314045,LITERAL,1,,,"""❌ Failed to get tracked projects count:""",18,__ecma.String,721,,,3,,__ecma.String
90194314046,LITERAL,2,,,"""
    SELECT 
      p.id,
      p.uuid,
      p.name,
      p.full_path,
      p.tracked,
      pi.combined_score,
      pi.created_at
    FROM projects p
    INNER JOIN LATERAL (
      SELECT combined_score, created_at
      FROM project_insights
      WHERE project_uuid = p.uuid
      ORDER BY created_at DESC
      LIMIT 1
    ) pi ON true
    WHERE pi.combined_score IS NOT NULL;
  """,17,__ecma.String,732,,,2,,__ecma.String
90194314047,LITERAL,1,,,"""❌ Failed to get latest combined scores:""",18,__ecma.String,756,,,3,,__ecma.String
90194314048,LITERAL,2,,,6,66,__ecma.Number,764,,,2,,__ecma.Number
90194314049,LITERAL,2,,,"""
    SELECT 
      p.id,
      p.uuid,
      p.name,
      p.full_path,
      pi.insights_data,
      pi.combined_score,
      pi.created_at
    FROM projects p
    INNER JOIN LATERAL (
      SELECT * FROM project_insights
      WHERE project_uuid = p.uuid
      ORDER BY created_at DESC
      LIMIT 1
    ) pi ON true
    WHERE pi.combined_score < 3
    ORDER BY pi.combined_score ASC
    LIMIT $1;
  """,17,__ecma.String,767,,,2,,__ecma.String
90194314050,LITERAL,1,,,"""❌ Failed to get projects needing attention:""",18,__ecma.String,792,,,3,,__ecma.String
90194314051,LITERAL,1,,,"""./connection""",0,,2,,,3,,ANY
90194314052,LITERAL,1,,,"""fs""",0,,3,,,3,,ANY
90194314053,LITERAL,1,,,"""path""",0,,4,,,3,,ANY
90194314054,LITERAL,2,,,"""GitLab Final API Server""",13,__ecma.String,41,,,2,,__ecma.String
90194314055,LITERAL,2,,,"""1.0.0""",13,__ecma.String,42,,,2,,__ecma.String
90194314056,LITERAL,2,,,"""running""",12,__ecma.String,43,,,2,,__ecma.String
90194314057,LITERAL,1,,,404,13,__ecma.Number,49,,,3,,__ecma.Number
90194314058,LITERAL,2,,,false,13,__ecma.Boolean,50,,,2,,__ecma.Boolean
90194314059,LITERAL,2,,,"""Not found""",11,__ecma.String,51,,,2,,__ecma.String
90194314060,LITERAL,1,,,"""Cannot """,14,__ecma.String,52,,,1,,__ecma.String
90194314061,LITERAL,3,,,""" """,34,__ecma.String,52,,,3,,__ecma.String
90194314062,LITERAL,5,,,"""""",45,__ecma.String,52,,,5,,__ecma.String
90194314063,LITERAL,1,,,"""🚀 Server is running on http://localhost:""",19,__ecma.String,82,,,1,,__ecma.String
90194314064,LITERAL,3,,,"""""",67,__ecma.String,82,,,3,,__ecma.String
90194314065,LITERAL,1,,,"""📡 API available at http://localhost:""",19,__ecma.String,83,,,1,,__ecma.String
90194314066,LITERAL,3,,,"""/api""",63,__ecma.String,83,,,3,,__ecma.String
90194314067,LITERAL,1,,,"""🔍 Auto-mapping SonarCloud project keys...""",18,__ecma.String,70,,,3,,__ecma.String
90194314068,LITERAL,1,,,"""✅ SonarCloud project key mapping complete""",18,__ecma.String,72,,,3,,__ecma.String
90194314069,LITERAL,1,,,"""⚠️ Failed to auto-map SonarCloud keys:""",19,__ecma.String,74,,,3,,__ecma.String
90194314070,LITERAL,1,,,any,62,,74,,,1,ANY,ANY
90194314071,LITERAL,1,,,"""Failed to start server:""",18,__ecma.String,86,,,3,,__ecma.String
90194314072,LITERAL,1,,,1,17,__ecma.Number,87,,,3,,__ecma.Number
90194314073,LITERAL,1,,,"""express""",0,,1,,,3,,ANY
90194314074,LITERAL,1,,,"""express""",0,,1,,,3,,ANY
90194314075,LITERAL,1,,,"""express""",0,,1,,,3,,ANY
90194314076,LITERAL,1,,,"""express""",0,,1,,,3,,ANY
90194314077,LITERAL,1,,,"""express""",0,,1,,,3,,ANY
90194314078,LITERAL,1,,,"""cors""",0,,2,,,3,,ANY
90194314079,LITERAL,1,,,"""dotenv""",0,,3,,,3,,ANY
90194314080,LITERAL,1,,,"""./routes""",0,,11,,,3,,ANY
90194314081,LITERAL,1,,,"""./middleware/errorHandler""",0,,12,,,3,,ANY
90194314082,LITERAL,1,,,"""./db/connection""",0,,13,,,3,,ANY
90194314083,LITERAL,1,,,"""./db/queries""",0,,14,,,3,,ANY
90194314084,LITERAL,1,,,"""./services/sonarqube/autoMapSonarProjectKeys""",0,,15,,,3,,ANY
90194314085,LITERAL,1,,,"""./schedulers/weeklyDoraSnapshotScheduler""",0,,16,,,3,,ANY
90194314086,LITERAL,2,,,"""test""",35,__ecma.String,7,,,2,,__ecma.String
90194314087,LITERAL,2,,,""".env.test""",44,__ecma.String,7,,,2,,__ecma.String
90194314088,LITERAL,3,,,""".env""",58,__ecma.String,7,,,3,,__ecma.String
90194314089,LITERAL,2,,,5000,33,__ecma.Number,19,,,2,,__ecma.Number
90194314090,LITERAL,1,,,string[],10,,23,,,1,__ecma.Array,ANY
90194314091,LITERAL,1,,,"""http://localhost:5173""",4,__ecma.String,24,,,3,,__ecma.String
90194314092,LITERAL,1,,,"""http://localhost:8080""",4,__ecma.String,25,,,3,,__ecma.String
90194314093,LITERAL,1,,,"""http://192.168.0.177:8080""",4,__ecma.String,26,,,3,,__ecma.String
90194314094,LITERAL,2,,,true,15,__ecma.Boolean,29,,,2,,__ecma.Boolean
90194314095,LITERAL,2,,,"""50mb""",30,__ecma.String,32,,,2,,__ecma.String
90194314096,LITERAL,2,,,"""50mb""",36,__ecma.String,33,,,2,,__ecma.String
90194314097,LITERAL,2,,,true,54,__ecma.Boolean,33,,,2,,__ecma.Boolean
90194314098,LITERAL,1,,,"""/api""",8,__ecma.String,36,,,3,,__ecma.String
90194314099,LITERAL,1,,,"""/""",8,__ecma.String,39,,,3,,__ecma.String
90194314100,LITERAL,2,,,"""default""",0,__ecma.String,93,,,2,,__ecma.String
90194314101,LITERAL,1,,,"""Error:""",16,__ecma.String,5,,,3,,__ecma.String
90194314102,LITERAL,1,,,500,13,__ecma.Number,7,,,3,,__ecma.Number
90194314103,LITERAL,2,,,false,13,__ecma.Boolean,8,,,2,,__ecma.Boolean
90194314104,LITERAL,2,,,"""Internal server error""",11,__ecma.String,9,,,2,,__ecma.String
90194314105,LITERAL,1,,,"""express""",0,,2,,,3,,ANY
90194314106,LITERAL,1,,,"""express""",0,,2,,,3,,ANY
90194314107,LITERAL,1,,,"""express""",0,,2,,,3,,ANY
90194314108,LITERAL,1,,,"""express""",0,,4,,,3,,ANY
90194314109,LITERAL,1,,,"""../controllers/doraMetricsController""",0,,5,,,3,,ANY
90194314110,LITERAL,1,,,"""../controllers/doraMetricsController""",0,,5,,,3,,ANY
90194314111,LITERAL,1,,,"""../controllers/doraMetricsController""",0,,5,,,3,,ANY
90194314112,LITERAL,1,,,"""../controllers/doraMetricsController""",0,,5,,,3,,ANY
90194314113,LITERAL,1,,,"""../controllers/doraMetricsController""",0,,5,,,3,,ANY
90194314114,LITERAL,1,,,"""../controllers/doraMetricsController""",0,,5,,,3,,ANY
90194314115,LITERAL,1,,,"""../controllers/doraMetricsController""",0,,5,,,3,,ANY
90194314116,LITERAL,1,,,"""../controllers/doraMetricsController""",0,,5,,,3,,ANY
90194314117,LITERAL,1,,,"""../controllers/doraMetricsController""",0,,5,,,3,,ANY
90194314118,LITERAL,1,,,"""../controllers/doraMetricsController""",0,,5,,,3,,ANY
90194314119,LITERAL,1,,,"""../controllers/doraMetricsController""",0,,5,,,3,,ANY
90194314120,LITERAL,1,,,"""../controllers/doraMetricsController""",0,,5,,,3,,ANY
90194314121,LITERAL,1,,,"""../controllers/doraMetricsController""",0,,5,,,3,,ANY
90194314122,LITERAL,1,,,"""../controllers/doraMetricsController""",0,,5,,,3,,ANY
90194314123,LITERAL,1,,,"""../controllers/doraMetricsController""",0,,5,,,3,,ANY
90194314124,LITERAL,1,,,"""../controllers/doraMetricsController""",0,,5,,,3,,ANY
90194314125,LITERAL,1,,,"""../controllers/doraMetricsController""",0,,5,,,3,,ANY
90194314126,LITERAL,1,,,"""/projects/:id/dora/deployment""",12,__ecma.String,28,,,3,,__ecma.String
90194314127,LITERAL,1,,,"""/projects/:id/dora/leadtime""",12,__ecma.String,29,,,3,,__ecma.String
90194314128,LITERAL,1,,,"""/projects/:id/dora/failure""",12,__ecma.String,30,,,3,,__ecma.String
90194314129,LITERAL,1,,,"""/projects/:id/dora/restore""",12,__ecma.String,31,,,3,,__ecma.String
90194314130,LITERAL,1,,,"""/projects/:id/dora/deployment/search""",11,__ecma.String,34,,,3,,__ecma.String
90194314131,LITERAL,1,,,"""/projects/:id/dora/deployment""",11,__ecma.String,35,,,3,,__ecma.String
90194314132,LITERAL,1,,,"""/projects/:id/dora/leadtime""",11,__ecma.String,36,,,3,,__ecma.String
90194314133,LITERAL,1,,,"""/projects/:id/dora/failure""",11,__ecma.String,37,,,3,,__ecma.String
90194314134,LITERAL,1,,,"""/projects/:id/dora/restore""",11,__ecma.String,38,,,3,,__ecma.String
90194314135,LITERAL,1,,,"""/projects/:id/dora/summary""",11,__ecma.String,41,,,3,,__ecma.String
90194314136,LITERAL,1,,,"""/projects/:id/dora/trends""",11,__ecma.String,44,,,3,,__ecma.String
90194314137,LITERAL,1,,,"""/projects/:id/dora/weekly-snapshots""",11,__ecma.String,47,,,3,,__ecma.String
90194314138,LITERAL,1,,,"""/dora/capture-last-week""",12,__ecma.String,50,,,3,,__ecma.String
90194314139,LITERAL,1,,,"""/projects/:id/dora/deployment/:uuid""",14,__ecma.String,53,,,3,,__ecma.String
90194314140,LITERAL,1,,,"""/projects/:id/dora/leadtime/:uuid""",14,__ecma.String,54,,,3,,__ecma.String
90194314141,LITERAL,1,,,"""/projects/:id/dora/failure/:uuid""",14,__ecma.String,55,,,3,,__ecma.String
90194314142,LITERAL,1,,,"""/projects/:id/dora/restore/:uuid""",14,__ecma.String,56,,,3,,__ecma.String
90194314143,LITERAL,2,,,"""default""",0,__ecma.String,58,,,2,,__ecma.String
90194314144,LITERAL,2,,,"""ok""",21,__ecma.String,20,,,2,,__ecma.String
90194314145,LITERAL,1,,,500,15,__ecma.Number,29,,,3,,__ecma.Number
90194314146,LITERAL,1,,,"""express""",0,,1,,,3,,ANY
90194314147,LITERAL,1,,,"""../controllers/projectController""",0,,2,,,3,,ANY
90194314148,LITERAL,1,,,"""../controllers/aiController""",0,,3,,,3,,ANY
90194314149,LITERAL,1,,,"""../controllers/issueMetricsController""",0,,4,,,3,,ANY
90194314150,LITERAL,1,,,"""../controllers/mrMetricsController""",0,,5,,,3,,ANY
90194314151,LITERAL,1,,,"""../controllers/commitMetricsController""",0,,6,,,3,,ANY
90194314152,LITERAL,1,,,"""../controllers/sonarQubeMaintainabilityController""",0,,7,,,3,,ANY
90194314153,LITERAL,1,,,"""../controllers/sonarQubeReliabilityController""",0,,8,,,3,,ANY
90194314154,LITERAL,1,,,"""../controllers/sonarQubeSecurityController""",0,,9,,,3,,ANY
90194314155,LITERAL,1,,,"""../controllers/healthScoreController""",0,,10,,,3,,ANY
90194314156,LITERAL,1,,,"""../controllers/milestoneMetricsController""",0,,11,,,3,,ANY
90194314157,LITERAL,1,,,"""../services/gitlab/gitlabAuthService""",0,,12,,,3,,ANY
90194314158,LITERAL,1,,,"""./trackingRoutes""",0,,13,,,3,,ANY
90194314159,LITERAL,1,,,"""./doraMetricsRoutes""",0,,14,,,3,,ANY
90194314160,LITERAL,1,,,"""/health""",11,__ecma.String,19,,,3,,__ecma.String
90194314161,LITERAL,1,,,"""/gitlab/verify""",11,__ecma.String,24,,,3,,__ecma.String
90194314162,LITERAL,1,,,"""/projects/db""",11,__ecma.String,34,,,3,,__ecma.String
90194314163,LITERAL,1,,,"""/projects/dashboard-stats""",11,__ecma.String,35,,,3,,__ecma.String
90194314164,LITERAL,1,,,"""/projects/sync""",12,__ecma.String,36,,,3,,__ecma.String
90194314165,LITERAL,1,,,"""/projects/sync/:id""",12,__ecma.String,37,,,3,,__ecma.String
90194314166,LITERAL,1,,,"""/projects/refresh/:id""",12,__ecma.String,38,,,3,,__ecma.String
90194314167,LITERAL,1,,,"""/projects/refresh-all""",12,__ecma.String,39,,,3,,__ecma.String
90194314168,LITERAL,1,,,"""/projects/track""",12,__ecma.String,40,,,3,,__ecma.String
90194314169,LITERAL,1,,,"""/projects/untrack/:id""",13,__ecma.String,41,,,3,,__ecma.String
90194314170,LITERAL,1,,,"""/projects/groups""",11,__ecma.String,42,,,3,,__ecma.String
90194314171,LITERAL,1,,,"""/projects/:id""",11,__ecma.String,43,,,3,,__ecma.String
90194314172,LITERAL,1,,,"""/projects/:id/members""",11,__ecma.String,44,,,3,,__ecma.String
90194314173,LITERAL,1,,,"""/tracking""",11,__ecma.String,47,,,3,,__ecma.String
90194314174,LITERAL,1,,,"""/""",11,__ecma.String,50,,,3,,__ecma.String
90194314175,LITERAL,1,,,"""/projects/:id/issue-metrics/refresh""",12,__ecma.String,53,,,3,,__ecma.String
90194314176,LITERAL,1,,,"""/projects/:id/issue-metrics""",11,__ecma.String,54,,,3,,__ecma.String
90194314177,LITERAL,1,,,"""/projects/:id/issue-metrics/trends""",11,__ecma.String,55,,,3,,__ecma.String
90194314178,LITERAL,1,,,"""/projects/:id/issue-metrics/history""",11,__ecma.String,56,,,3,,__ecma.String
90194314179,LITERAL,1,,,"""/projects/:id/mr-metrics/refresh""",12,__ecma.String,59,,,3,,__ecma.String
90194314180,LITERAL,1,,,"""/projects/:id/mr-metrics""",11,__ecma.String,60,,,3,,__ecma.String
90194314181,LITERAL,1,,,"""/projects/:id/mr-metrics/trends""",11,__ecma.String,61,,,3,,__ecma.String
90194314182,LITERAL,1,,,"""/projects/:id/mr-metrics/history""",11,__ecma.String,62,,,3,,__ecma.String
90194314183,LITERAL,1,,,"""/projects/:id/commit-metrics/refresh""",12,__ecma.String,65,,,3,,__ecma.String
90194314184,LITERAL,1,,,"""/projects/:id/commit-metrics""",11,__ecma.String,66,,,3,,__ecma.String
90194314185,LITERAL,1,,,"""/projects/:id/commit-metrics/history""",11,__ecma.String,67,,,3,,__ecma.String
90194314186,LITERAL,1,,,"""/projects/:id/sonarqube/maintainability/refresh""",12,__ecma.String,70,,,3,,__ecma.String
90194314187,LITERAL,1,,,"""/projects/:id/sonarqube/maintainability""",11,__ecma.String,71,,,3,,__ecma.String
90194314188,LITERAL,1,,,"""/projects/:id/sonarqube/maintainability/history""",11,__ecma.String,72,,,3,,__ecma.String
90194314189,LITERAL,1,,,"""/projects/:id/sonarqube/reliability/refresh""",12,__ecma.String,75,,,3,,__ecma.String
90194314190,LITERAL,1,,,"""/projects/:id/sonarqube/reliability""",11,__ecma.String,76,,,3,,__ecma.String
90194314191,LITERAL,1,,,"""/projects/:id/sonarqube/reliability/history""",11,__ecma.String,77,,,3,,__ecma.String
90194314192,LITERAL,1,,,"""/projects/:id/sonarqube/security/refresh""",12,__ecma.String,80,,,3,,__ecma.String
90194314193,LITERAL,1,,,"""/projects/:id/sonarqube/security""",11,__ecma.String,81,,,3,,__ecma.String
90194314194,LITERAL,1,,,"""/projects/:id/sonarqube/security/history""",11,__ecma.String,82,,,3,,__ecma.String
90194314195,LITERAL,1,,,"""/projects/:id/health-scores/history""",11,__ecma.String,85,,,3,,__ecma.String
90194314196,LITERAL,1,,,"""/projects/:id/health-scores/latest""",11,__ecma.String,86,,,3,,__ecma.String
90194314197,LITERAL,1,,,"""/projects/:id/milestone-metrics/refresh""",12,__ecma.String,89,,,3,,__ecma.String
90194314198,LITERAL,1,,,"""/projects/:id/milestone-metrics""",11,__ecma.String,90,,,3,,__ecma.String
90194314199,LITERAL,1,,,"""/ai/test""",11,__ecma.String,93,,,3,,__ecma.String
90194314200,LITERAL,1,,,"""/ai/generate-text""",12,__ecma.String,94,,,3,,__ecma.String
90194314201,LITERAL,1,,,"""/ai/generate-with-pdf""",12,__ecma.String,95,,,3,,__ecma.String
90194314202,LITERAL,1,,,"""/ai/project-insights""",12,__ecma.String,96,,,3,,__ecma.String
90194314203,LITERAL,1,,,"""/ai/project-insights/:projectName""",11,__ecma.String,97,,,3,,__ecma.String
90194314204,LITERAL,1,,,"""/ai/project-insights-history/:projectId""",11,__ecma.String,98,,,3,,__ecma.String
90194314205,LITERAL,1,,,"""/ai/all-project-insights""",11,__ecma.String,99,,,3,,__ecma.String
90194314206,LITERAL,2,,,"""default""",0,__ecma.String,101,,,2,,__ecma.String
90194314207,LITERAL,1,,,"""express""",0,,2,,,3,,ANY
90194314208,LITERAL,1,,,"""../controllers/projectController""",0,,3,,,3,,ANY
90194314209,LITERAL,1,,,"""/""",11,__ecma.String,12,,,3,,__ecma.String
90194314210,LITERAL,1,,,"""/refresh-all""",12,__ecma.String,19,,,3,,__ecma.String
90194314211,LITERAL,1,,,"""/refresh/:id""",12,__ecma.String,26,,,3,,__ecma.String
90194314212,LITERAL,2,,,"""default""",0,__ecma.String,28,,,2,,__ecma.String
90194314213,LITERAL,1,,,"""🗓️  Weekly DORA snapshot scheduler triggered (Sunday 00:01)""",16,__ecma.String,21,,,3,,__ecma.String
90194314214,LITERAL,1,,,"""✅ Weekly DORA snapshots captured successfully""",18,__ecma.String,25,,,3,,__ecma.String
90194314215,LITERAL,1,,,"""❌ Failed to capture weekly DORA snapshots:""",20,__ecma.String,27,,,3,,__ecma.String
90194314216,LITERAL,1,,,"""0 1 0 * * 0""",16,__ecma.String,20,,,3,,__ecma.String
90194314217,LITERAL,2,,,"""Asia/Dhaka""",14,__ecma.String,30,,,2,,__ecma.String
90194314218,LITERAL,1,,,"""⏰ Weekly DORA snapshot scheduler initialized (runs every Sunday at 00:01)""",14,__ecma.String,33,,,3,,__ecma.String
90194314219,LITERAL,1,,,"""node-cron""",0,,4,,,3,,ANY
90194314220,LITERAL,1,,,"""../services/doraMetrics/weeklyDoraSnapshotService""",0,,5,,,3,,ANY
90194314221,LITERAL,2,,,null,45,__ecma.Null,7,,,2,,__ecma.Null
90194314222,LITERAL,2,,,false,33,__ecma.Boolean,8,,,2,,__ecma.Boolean
90194314223,LITERAL,2,,,"""""",49,__ecma.String,16,,,2,,__ecma.String
90194314224,LITERAL,1,,,"""⚠️ GEMINI_API_KEY is not set in environment variables""",19,__ecma.String,18,,,3,,__ecma.String
90194314225,LITERAL,1,,,"""✅ Gemini AI service initialized""",18,__ecma.String,21,,,3,,__ecma.String
90194314226,LITERAL,2,,,true,23,__ecma.Boolean,23,,,2,,__ecma.Boolean
90194314227,LITERAL,2,,,3,66,__ecma.Number,29,,,2,,__ecma.Number
90194314228,LITERAL,1,,,"""Gemini API key not configured""",22,__ecma.String,33,,,3,,__ecma.String
90194314229,LITERAL,2,,,1,23,__ecma.Number,37,,,2,,__ecma.Number
90194314230,LITERAL,1,,,"""🔄 Attempt """,21,__ecma.String,39,,,1,,__ecma.String
90194314231,LITERAL,3,,,"""/""",42,__ecma.String,39,,,3,,__ecma.String
90194314232,LITERAL,5,,,""" to call Gemini API...""",56,__ecma.String,39,,,5,,__ecma.String
90194314233,LITERAL,2,,,"""gemini-2.5-flash-lite""",61,__ecma.String,40,,,2,,__ecma.String
90194314234,LITERAL,1,,,"""✅ Gemini API call successful""",20,__ecma.String,43,,,3,,__ecma.String
90194314235,LITERAL,1,,,"""❌ Gemini API error (attempt """,23,__ecma.String,47,,,1,,__ecma.String
90194314236,LITERAL,3,,,"""/""",61,__ecma.String,47,,,3,,__ecma.String
90194314237,LITERAL,5,,,"""):""",75,__ecma.String,47,,,5,,__ecma.String
90194314238,LITERAL,1,,,"""fetch failed""",60,__ecma.String,50,,,3,,__ecma.String
90194314239,LITERAL,1,,,"""ECONNRESET""",102,__ecma.String,50,,,3,,__ecma.String
90194314240,LITERAL,1,,,2,36,__ecma.Number,51,,,3,,__ecma.Number
90194314241,LITERAL,2,,,1000,50,__ecma.Number,51,,,2,,__ecma.Number
90194314242,LITERAL,1,,,"""⏳ Waiting """,23,__ecma.String,52,,,1,,__ecma.String
90194314243,LITERAL,2,,,1000,44,__ecma.Number,52,,,2,,__ecma.Number
90194314244,LITERAL,3,,,"""s before retry...""",49,__ecma.String,52,,,3,,__ecma.String
90194314245,LITERAL,1,,,"""Failed to generate response after """,21,__ecma.String,61,,,1,,__ecma.String
90194314246,LITERAL,3,,,""" attempts: """,68,__ecma.String,61,,,3,,__ecma.String
90194314247,LITERAL,5,,,"""""",99,__ecma.String,61,,,5,,__ecma.String
90194314248,LITERAL,1,,,"""Gemini API key not configured""",22,__ecma.String,78,,,3,,__ecma.String
90194314249,LITERAL,2,,,"""gemini-2.5-flash-lite""",59,__ecma.String,82,,,2,,__ecma.String
90194314250,LITERAL,1,,,"""❌ Gemini API error with file:""",20,__ecma.String,95,,,3,,__ecma.String
90194314251,LITERAL,1,,,"""Failed to generate response with file: """,23,__ecma.String,96,,,1,,__ecma.String
90194314252,LITERAL,3,,,"""""",78,__ecma.String,96,,,3,,__ecma.String
90194314253,LITERAL,2,,,"""Project Name""",16,__ecma.String,111,,,2,,__ecma.String
90194314254,LITERAL,2,,,"""project_name""",39,__ecma.String,111,,,2,,__ecma.String
90194314255,LITERAL,2,,,"""ProjectName""",62,__ecma.String,111,,,2,,__ecma.String
90194314256,LITERAL,2,,,"""Project""",16,__ecma.String,112,,,2,,__ecma.String
90194314257,LITERAL,2,,,"""project""",34,__ecma.String,112,,,2,,__ecma.String
90194314258,LITERAL,2,,,"""Name""",52,__ecma.String,112,,,2,,__ecma.String
90194314259,LITERAL,2,,,"""name""",67,__ecma.String,112,,,2,,__ecma.String
90194314260,LITERAL,2,,,"""Project Name""",34,__ecma.String,113,,,2,,__ecma.String
90194314261,LITERAL,2,,,"""project_name""",57,__ecma.String,113,,,2,,__ecma.String
90194314262,LITERAL,2,,,"""ProjectName""",80,__ecma.String,113,,,2,,__ecma.String
90194314263,LITERAL,2,,,"""Project""",34,__ecma.String,114,,,2,,__ecma.String
90194314264,LITERAL,2,,,"""project""",52,__ecma.String,114,,,2,,__ecma.String
90194314265,LITERAL,2,,,"""Name""",70,__ecma.String,114,,,2,,__ecma.String
90194314266,LITERAL,2,,,"""name""",85,__ecma.String,114,,,2,,__ecma.String
90194314267,LITERAL,1,,,null,11,__ecma.Null,119,,,1,,__ecma.Null
90194314268,LITERAL,1,,,"""🔍 Found project name in Excel: """,17,__ecma.String,128,,,1,,__ecma.String
90194314269,LITERAL,3,,,"""""",63,__ecma.String,128,,,3,,__ecma.String
90194314270,LITERAL,1,,,"""✅ Found project snapshot for: """,21,__ecma.String,132,,,1,,__ecma.String
90194314271,LITERAL,3,,,"""""",65,__ecma.String,132,,,3,,__ecma.String
90194314272,LITERAL,1,,,"""⚠️ No snapshot found for project: """,21,__ecma.String,135,,,1,,__ecma.String
90194314273,LITERAL,3,,,"""""",69,__ecma.String,135,,,3,,__ecma.String
90194314274,LITERAL,1,,,null,15,__ecma.Null,136,,,1,,__ecma.Null
90194314275,LITERAL,1,,,"""❌ Error fetching snapshot for """,21,__ecma.String,139,,,1,,__ecma.String
90194314276,LITERAL,3,,,""":""",65,__ecma.String,139,,,3,,__ecma.String
90194314277,LITERAL,1,,,null,13,__ecma.Null,140,,,1,,__ecma.Null
90194314278,LITERAL,2,,,null,51,__ecma.Null,156,,,2,,__ecma.Null
90194314279,LITERAL,3,,,2,57,__ecma.Number,156,,,3,,__ecma.Number
90194314280,LITERAL,1,,,"""""",26,__ecma.String,157,,,1,,__ecma.String
90194314281,LITERAL,3,,,"""\\n\\n## Excel Data (JSON format):\\n\\`\\`\\`json\\n""",39,__ecma.String,157,,,3,,__ecma.String
90194314282,LITERAL,5,,,"""\\n\\`\\`\\`""",103,__ecma.String,157,,,5,,__ecma.String
90194314283,LITERAL,2,,,0,54,__ecma.Number,168,,,2,,__ecma.Number
90194314284,LITERAL,2,,,0,48,__ecma.Number,169,,,2,,__ecma.Number
90194314285,LITERAL,2,,,0,68,__ecma.Number,170,,,2,,__ecma.Number
90194314286,LITERAL,2,,,0,57,__ecma.Number,174,,,2,,__ecma.Number
90194314287,LITERAL,2,,,0,63,__ecma.Number,175,,,2,,__ecma.Number
90194314288,LITERAL,2,,,0,60,__ecma.Number,178,,,2,,__ecma.Number
90194314289,LITERAL,2,,,0,66,__ecma.Number,179,,,2,,__ecma.Number
90194314290,LITERAL,2,,,0,64,__ecma.Number,182,,,2,,__ecma.Number
90194314291,LITERAL,2,,,0,70,__ecma.Number,183,,,2,,__ecma.Number
90194314292,LITERAL,2,,,null,9,__ecma.Null,186,,,2,,__ecma.Null
90194314293,LITERAL,3,,,2,15,__ecma.Number,186,,,3,,__ecma.Number
90194314294,LITERAL,1,,,"""\\n\\n## Project Snapshot Data from Tracking System:\\n\\`\\`\\`json\\n""",25,__ecma.String,188,,,1,,__ecma.String
90194314295,LITERAL,3,,,"""\\n\\`\\`\\`\\n\\n**Note:** This snapshot data includes the latest GitLab metrics (open issues, MRs, milestones) and SonarCloud quality metrics (security, reliability, maintainability issues) for the project """"",110,__ecma.String,188,,,3,,__ecma.String
90194314296,LITERAL,5,,,""""".""",344,__ecma.String,188,,,5,,__ecma.String
90194314297,LITERAL,1,,,"""Gemini API key not configured""",22,__ecma.String,206,,,3,,__ecma.String
90194314298,LITERAL,2,,,"""base64""",46,__ecma.String,211,,,2,,__ecma.String
90194314299,LITERAL,2,,,"""buffer""",49,__ecma.String,212,,,2,,__ecma.String
90194314300,LITERAL,2,,,null,33,__ecma.Null,225,,,2,,__ecma.Null
90194314301,LITERAL,1,,,"""⚠️ No project name found in Excel data""",20,__ecma.String,229,,,3,,__ecma.String
90194314302,LITERAL,2,,,"""gemini-2.5-flash-lite""",59,__ecma.String,236,,,2,,__ecma.String
90194314303,LITERAL,1,,,"""❌ Gemini API error with Excel:""",20,__ecma.String,241,,,3,,__ecma.String
90194314304,LITERAL,1,,,"""Failed to generate response with Excel: """,23,__ecma.String,242,,,1,,__ecma.String
90194314305,LITERAL,3,,,"""""",79,__ecma.String,242,,,3,,__ecma.String
90194314306,LITERAL,2,,,"""application/pdf""",23,__ecma.String,253,,,2,,__ecma.String
90194314307,LITERAL,1,,,"""@google/generative-ai""",0,,2,,,3,,ANY
90194314308,LITERAL,1,,,"""xlsx""",0,,3,,,3,,ANY
90194314309,LITERAL,1,,,"""../../db/queries""",0,,4,,,3,,ANY
90194314310,LITERAL,2,,,"""default""",0,__ecma.String,266,,,2,,__ecma.String
90194314311,LITERAL,1,,,/\\/spreadsheets\\/d\\/([a-zA-Z0-9-_]+)/,28,__ecma.String,11,,,3,,__ecma.String
90194314312,LITERAL,1,,,"""Invalid Google Sheets URL""",22,__ecma.String,13,,,3,,__ecma.String
90194314313,LITERAL,2,,,1,17,__ecma.Number,15,,,2,,__ecma.Number
90194314314,LITERAL,1,,,"""https://docs.google.com/spreadsheets/d/""",25,__ecma.String,28,,,1,,__ecma.String
90194314315,LITERAL,3,,,"""/export?format=xlsx""",80,__ecma.String,28,,,3,,__ecma.String
90194314316,LITERAL,1,,,"""📥 Downloading Google Sheet: """,19,__ecma.String,30,,,1,,__ecma.String
90194314317,LITERAL,3,,,"""""",64,__ecma.String,30,,,3,,__ecma.String
90194314318,LITERAL,2,,,"""arraybuffer""",22,__ecma.String,33,,,2,,__ecma.String
90194314319,LITERAL,2,,,30000,17,__ecma.Number,34,,,2,,__ecma.Number
90194314320,LITERAL,1,,,"""base64""",57,__ecma.String,38,,,3,,__ecma.String
90194314321,LITERAL,1,,,"""✅ Successfully downloaded Google Sheet (""",19,__ecma.String,40,,,1,,__ecma.String
90194314322,LITERAL,2,,,1024,78,__ecma.Number,40,,,2,,__ecma.Number
90194314323,LITERAL,1,,,2,92,__ecma.Number,40,,,3,,__ecma.Number
90194314324,LITERAL,3,,,""" KB)""",95,__ecma.String,40,,,3,,__ecma.String
90194314325,LITERAL,1,,,"""❌ Failed to download Google Sheet:""",20,__ecma.String,44,,,3,,__ecma.String
90194314326,LITERAL,1,,,"""Failed to download Google Sheet: """,23,__ecma.String,45,,,1,,__ecma.String
90194314327,LITERAL,3,,,"""""",72,__ecma.String,45,,,3,,__ecma.String
90194314328,LITERAL,1,,,"""axios""",0,,2,,,3,,ANY
90194314329,LITERAL,2,,,"""default""",0,__ecma.String,50,,,2,,__ecma.String
90194314330,LITERAL,1,,,"""""",35,__ecma.String,8,,,1,,__ecma.String
90194314331,LITERAL,3,,,"""[\\\\s\\\\S]*?Section Score[\\\\s\\\\S]*?([^\\\\n]+)""",49,__ecma.String,8,,,3,,__ecma.String
90194314332,LITERAL,2,,,"""i""",94,__ecma.String,8,,,4,,__ecma.String
90194314333,LITERAL,2,,,1,41,__ecma.Number,12,,,2,,__ecma.Number
90194314334,LITERAL,1,,,"""[Parser] """,17,__ecma.String,13,,,1,,__ecma.String
90194314335,LITERAL,3,,,""" calculation line:""",40,__ecma.String,13,,,3,,__ecma.String
90194314336,LITERAL,1,,,/\\*\\*([\\d.]+)\\*\\*/,44,__ecma.String,16,,,3,,__ecma.String
90194314337,LITERAL,2,,,1,41,__ecma.Number,18,,,2,,__ecma.Number
90194314338,LITERAL,1,,,"""[Parser] Extracted """,19,__ecma.String,19,,,1,,__ecma.String
90194314339,LITERAL,3,,,""" score (from bold):""",52,__ecma.String,19,,,3,,__ecma.String
90194314340,LITERAL,1,,,/=\\s*([\\d.]+)/g,42,__ecma.String,24,,,3,,__ecma.String
90194314341,LITERAL,2,,,0,36,__ecma.Number,25,,,2,,__ecma.Number
90194314342,LITERAL,2,,,1,50,__ecma.Number,26,,,2,,__ecma.Number
90194314343,LITERAL,1,,,/([\\d.]+)/,59,__ecma.String,26,,,3,,__ecma.String
90194314344,LITERAL,2,,,1,44,__ecma.Number,28,,,2,,__ecma.Number
90194314345,LITERAL,1,,,"""[Parser] Extracted """,21,__ecma.String,29,,,1,,__ecma.String
90194314346,LITERAL,3,,,""" score (from = sign):""",54,__ecma.String,29,,,3,,__ecma.String
90194314347,LITERAL,1,,,/([\\d.]+)/,47,__ecma.String,35,,,3,,__ecma.String
90194314348,LITERAL,2,,,1,44,__ecma.Number,37,,,2,,__ecma.Number
90194314349,LITERAL,1,,,"""[Parser] Extracted """,19,__ecma.String,38,,,1,,__ecma.String
90194314350,LITERAL,3,,,""" score (direct fallback):""",52,__ecma.String,38,,,3,,__ecma.String
90194314351,LITERAL,1,,,"""[Parser] Could not extract """,15,__ecma.String,43,,,1,,__ecma.String
90194314352,LITERAL,3,,,""" score""",56,__ecma.String,43,,,3,,__ecma.String
90194314353,LITERAL,1,,,null,9,__ecma.Null,44,,,1,,__ecma.Null
90194314354,LITERAL,1,,,/[\\x00-\\x08\\x0B-\\x0C\\x0E-\\x1F\\x7F]/g,32,__ecma.String,52,,,3,,__ecma.String
90194314355,LITERAL,2,,,"""""",70,__ecma.String,52,,,4,,__ecma.String
90194314356,LITERAL,1,,,"""code review""",33,__ecma.String,115,,,3,,__ecma.String
90194314357,LITERAL,2,,,"""Code Review""",61,__ecma.String,116,,,4,,__ecma.String
90194314358,LITERAL,1,,,"""technical debt""",40,__ecma.String,117,,,3,,__ecma.String
90194314359,LITERAL,2,,,"""Technical Debt""",61,__ecma.String,118,,,4,,__ecma.String
90194314360,LITERAL,1,,,"""test""",40,__ecma.String,119,,,3,,__ecma.String
90194314361,LITERAL,2,,,"""Test Quality""",61,__ecma.String,120,,,4,,__ecma.String
90194314362,LITERAL,2,,,"""Test""",60,__ecma.String,121,,,4,,__ecma.String
90194314363,LITERAL,1,,,"""documentation""",40,__ecma.String,122,,,3,,__ecma.String
90194314364,LITERAL,2,,,"""Documentation""",61,__ecma.String,123,,,4,,__ecma.String
90194314365,LITERAL,1,,,"""deployment""",40,__ecma.String,124,,,3,,__ecma.String
90194314366,LITERAL,2,,,"""Deployment""",61,__ecma.String,125,,,4,,__ecma.String
90194314367,LITERAL,1,,,"""dependencies""",40,__ecma.String,126,,,3,,__ecma.String
90194314368,LITERAL,2,,,"""Dependencies""",61,__ecma.String,127,,,4,,__ecma.String
90194314369,LITERAL,1,,,"""morale""",40,__ecma.String,128,,,3,,__ecma.String
90194314370,LITERAL,1,,,"""velocity""",74,__ecma.String,128,,,3,,__ecma.String
90194314371,LITERAL,2,,,"""Team Velocity & Morale""",61,__ecma.String,129,,,4,,__ecma.String
90194314372,LITERAL,2,,,"""Team Morale""",60,__ecma.String,130,,,4,,__ecma.String
90194314373,LITERAL,1,,,/```json\\n([\\s\\S]*?)\\n```/,40,__ecma.String,66,,,3,,__ecma.String
90194314374,LITERAL,2,,,1,43,__ecma.Number,67,,,2,,__ecma.Number
90194314375,LITERAL,1,,,"""[Parser] Raw JSON first 200 chars:""",16,__ecma.String,69,,,3,,__ecma.String
90194314376,LITERAL,1,,,0,75,__ecma.Number,69,,,3,,__ecma.Number
90194314377,LITERAL,2,,,200,78,__ecma.Number,69,,,4,,__ecma.Number
90194314378,LITERAL,1,,,"""[Parser] Cleaned JSON first 200 chars:""",16,__ecma.String,74,,,3,,__ecma.String
90194314379,LITERAL,1,,,0,79,__ecma.Number,74,,,3,,__ecma.Number
90194314380,LITERAL,2,,,200,82,__ecma.Number,74,,,4,,__ecma.Number
90194314381,LITERAL,1,,,"""[Parser] Attempting to parse JSON (length:""",16,__ecma.String,75,,,3,,__ecma.String
90194314382,LITERAL,3,,,""")""",81,__ecma.String,75,,,5,,__ecma.String
90194314383,LITERAL,1,,,"""[Parser] Initial parse failed:""",19,__ecma.String,82,,,3,,__ecma.String
90194314384,LITERAL,1,,,"""[Parser] Attempting repairs...""",19,__ecma.String,83,,,3,,__ecma.String
90194314385,LITERAL,1,,,"""[Parser] Sample:""",18,__ecma.String,86,,,3,,__ecma.String
90194314386,LITERAL,1,,,0,59,__ecma.Number,86,,,3,,__ecma.Number
90194314387,LITERAL,2,,,500,62,__ecma.Number,86,,,4,,__ecma.Number
90194314388,LITERAL,1,,,"/,(\\s*[}\\]])/g",38,__ecma.String,89,,,3,,__ecma.String
90194314389,LITERAL,2,,,"""$1""",54,__ecma.String,89,,,4,,__ecma.String
90194314390,LITERAL,1,,,"/""\\s*\\n\\s*""/g",38,__ecma.String,92,,,3,,__ecma.String
90194314391,LITERAL,2,,,""""",
""""",53,__ecma.String,92,,,4,,__ecma.String
90194314392,LITERAL,1,,,"""[Parser] After repairs, first 200 chars:""",18,__ecma.String,94,,,3,,__ecma.String
90194314393,LITERAL,1,,,0,83,__ecma.Number,94,,,3,,__ecma.Number
90194314394,LITERAL,2,,,200,86,__ecma.Number,94,,,4,,__ecma.Number
90194314395,LITERAL,1,,,"""[Parser] No detailed_calculations found - returning raw parsed data""",19,__ecma.String,101,,,3,,__ecma.String
90194314396,LITERAL,1,,,"""[Parser] Starting score correction from detailed_calculations""",16,__ecma.String,106,,,3,,__ecma.String
90194314397,LITERAL,2,,,/Final User Score[:\\s]*=([^\\n]+)/i,25,__ecma.String,142,,,2,,__ecma.String
90194314398,LITERAL,2,,,1,45,__ecma.Number,145,,,2,,__ecma.Number
90194314399,LITERAL,1,,,"""[Parser] Final User Score calculation line:""",18,__ecma.String,146,,,3,,__ecma.String
90194314400,LITERAL,1,,,/=\\s*([\\d.]+)/g,44,__ecma.String,149,,,3,,__ecma.String
90194314401,LITERAL,2,,,0,38,__ecma.Number,150,,,2,,__ecma.Number
90194314402,LITERAL,2,,,1,52,__ecma.Number,151,,,2,,__ecma.Number
90194314403,LITERAL,1,,,/([\\d.]+)/,61,__ecma.String,151,,,3,,__ecma.String
90194314404,LITERAL,2,,,1,58,__ecma.Number,153,,,2,,__ecma.Number
90194314405,LITERAL,1,,,"""[Parser] Corrected Final User Score:""",22,__ecma.String,154,,,3,,__ecma.String
90194314406,LITERAL,1,,,/([\\d.]+)\\s*\\(rounded/i,51,__ecma.String,158,,,3,,__ecma.String
90194314407,LITERAL,2,,,1,60,__ecma.Number,160,,,2,,__ecma.Number
90194314408,LITERAL,1,,,"""[Parser] Corrected Final User Score (from rounded notation):""",22,__ecma.String,161,,,3,,__ecma.String
90194314409,LITERAL,2,,,1,62,__ecma.Number,167,,,2,,__ecma.Number
90194314410,LITERAL,2,,,5,93,__ecma.Number,167,,,2,,__ecma.Number
90194314411,LITERAL,2,,,/\\*\\*Final User Score:\\*\\*\\s*([\\d.]+)/i,33,__ecma.String,168,,,2,,__ecma.String
90194314412,LITERAL,2,,,1,64,__ecma.Number,171,,,2,,__ecma.Number
90194314413,LITERAL,1,,,"""[Parser] Corrected Final User Score (from bold format):""",20,__ecma.String,172,,,3,,__ecma.String
90194314414,LITERAL,2,,,/API\\s+Score[:\\s]*=([^\\n]+)/i,26,__ecma.String,177,,,2,,__ecma.String
90194314415,LITERAL,2,,,1,44,__ecma.Number,180,,,2,,__ecma.Number
90194314416,LITERAL,1,,,"""[Parser] API Score calculation line:""",18,__ecma.String,181,,,3,,__ecma.String
90194314417,LITERAL,1,,,/=\\s*([\\d.]+)/g,44,__ecma.String,184,,,3,,__ecma.String
90194314418,LITERAL,2,,,0,38,__ecma.Number,185,,,2,,__ecma.Number
90194314419,LITERAL,2,,,1,52,__ecma.Number,186,,,2,,__ecma.Number
90194314420,LITERAL,1,,,/([\\d.]+)/,61,__ecma.String,186,,,3,,__ecma.String
90194314421,LITERAL,2,,,1,62,__ecma.Number,189,,,2,,__ecma.Number
90194314422,LITERAL,1,,,"""[Parser] Corrected API Score:""",22,__ecma.String,190,,,3,,__ecma.String
90194314423,LITERAL,1,,,/([\\d.]+)\\s*\\(rounded/i,51,__ecma.String,194,,,3,,__ecma.String
90194314424,LITERAL,2,,,1,64,__ecma.Number,197,,,2,,__ecma.Number
90194314425,LITERAL,1,,,"""[Parser] Corrected API Score (from rounded notation):""",22,__ecma.String,198,,,3,,__ecma.String
90194314426,LITERAL,2,,,/Combined Score[:\\s]*=([^\\n]+)/i,24,__ecma.String,205,,,2,,__ecma.String
90194314427,LITERAL,2,,,1,44,__ecma.Number,208,,,2,,__ecma.Number
90194314428,LITERAL,1,,,"""[Parser] Combined Score calculation line:""",18,__ecma.String,209,,,3,,__ecma.String
90194314429,LITERAL,1,,,/=\\s*([\\d.]+)/g,44,__ecma.String,212,,,3,,__ecma.String
90194314430,LITERAL,2,,,0,38,__ecma.Number,213,,,2,,__ecma.Number
90194314431,LITERAL,2,,,1,52,__ecma.Number,214,,,2,,__ecma.Number
90194314432,LITERAL,1,,,/([\\d.]+)/,61,__ecma.String,214,,,3,,__ecma.String
90194314433,LITERAL,2,,,1,56,__ecma.Number,216,,,2,,__ecma.Number
90194314434,LITERAL,1,,,"""[Parser] Corrected Combined Score:""",22,__ecma.String,217,,,3,,__ecma.String
90194314435,LITERAL,1,,,/([\\d.]+)\\s*\\(rounded/i,51,__ecma.String,221,,,3,,__ecma.String
90194314436,LITERAL,2,,,1,58,__ecma.Number,223,,,2,,__ecma.Number
90194314437,LITERAL,1,,,"""[Parser] Corrected Combined Score (from rounded notation):""",22,__ecma.String,224,,,3,,__ecma.String
90194314438,LITERAL,2,,,1,58,__ecma.Number,230,,,2,,__ecma.Number
90194314439,LITERAL,2,,,5,87,__ecma.Number,230,,,2,,__ecma.Number
90194314440,LITERAL,2,,,/\\*\\*Combined Score:\\*\\*\\s*([\\d.]+)/i,32,__ecma.String,231,,,2,,__ecma.String
90194314441,LITERAL,2,,,1,61,__ecma.Number,234,,,2,,__ecma.Number
90194314442,LITERAL,1,,,"""[Parser] Corrected Combined Score (from bold format):""",20,__ecma.String,235,,,3,,__ecma.String
90194314443,LITERAL,1,,,"""[Parser] Score correction complete""",16,__ecma.String,239,,,3,,__ecma.String
90194314444,LITERAL,2,,,"""=""",16,__ecma.String,240,,,2,,__ecma.String
90194314445,LITERAL,1,,,60,27,__ecma.Number,240,,,3,,__ecma.Number
90194314446,LITERAL,1,,,"""[Parser] FINAL EXTRACTED SCORES:""",16,__ecma.String,241,,,3,,__ecma.String
90194314447,LITERAL,1,,,"""[Parser] Final User Score:""",16,__ecma.String,242,,,3,,__ecma.String
90194314448,LITERAL,1,,,"""[Parser] API Score:""",16,__ecma.String,243,,,3,,__ecma.String
90194314449,LITERAL,1,,,"""[Parser] Combined Score:""",16,__ecma.String,244,,,3,,__ecma.String
90194314450,LITERAL,2,,,"""=""",16,__ecma.String,245,,,2,,__ecma.String
90194314451,LITERAL,1,,,60,27,__ecma.Number,245,,,3,,__ecma.Number
90194314452,LITERAL,1,,,"""[Parser] Failed to parse and correct insights:""",18,__ecma.String,250,,,3,,__ecma.String
90194314453,LITERAL,1,,,"""position""",31,__ecma.String,253,,,3,,__ecma.String
90194314454,LITERAL,1,,,/position (\\d+)/,52,__ecma.String,254,,,3,,__ecma.String
90194314455,LITERAL,2,,,1,72,__ecma.Number,254,,,2,,__ecma.Number
90194314456,LITERAL,2,,,"""0""",78,__ecma.String,254,,,2,,__ecma.String
90194314457,LITERAL,1,,,/```json\\n([\\s\\S]*?)\\n```/,42,__ecma.String,255,,,3,,__ecma.String
90194314458,LITERAL,2,,,1,47,__ecma.Number,256,,,2,,__ecma.Number
90194314459,LITERAL,1,,,0,29,__ecma.Number,258,,,3,,__ecma.Number
90194314460,LITERAL,2,,,100,43,__ecma.Number,258,,,2,,__ecma.Number
90194314461,LITERAL,2,,,100,57,__ecma.Number,259,,,2,,__ecma.Number
90194314462,LITERAL,1,,,"""[Parser] Context around error position:""",20,__ecma.String,260,,,3,,__ecma.String
90194314463,LITERAL,1,,,"""...""",20,__ecma.String,261,,,3,,__ecma.String
90194314464,LITERAL,3,,,"""...""",61,__ecma.String,261,,,5,,__ecma.String
90194314465,LITERAL,1,,,"""     """,20,__ecma.String,262,,,3,,__ecma.String
90194314466,LITERAL,2,,,""" """,29,__ecma.String,262,,,2,,__ecma.String
90194314467,LITERAL,1,,,100,49,__ecma.Number,262,,,3,,__ecma.Number
90194314468,LITERAL,2,,,"""^""",75,__ecma.String,262,,,2,,__ecma.String
90194314469,LITERAL,1,,,"""Failed to parse insights: """,21,__ecma.String,265,,,1,,__ecma.String
90194314470,LITERAL,3,,,"""""",63,__ecma.String,265,,,3,,__ecma.String
90194314471,LITERAL,2,,,"""https://docs.google.com/spreadsheets/d/1wBgQiFn5LC_atxVukKXu8-mSwCJt0UyX1ynLIUNe-i4/edit?resourcekey=&gid=1029653865#gid=1029653865""",38,__ecma.String,10,,,2,,__ecma.String
90194314472,LITERAL,2,,,"""../../prompts/project-insights-prompt.txt""",59,__ecma.String,11,,,4,,__ecma.String
90194314473,LITERAL,2,,,"""utf-8""",60,__ecma.String,18,,,4,,__ecma.String
90194314474,LITERAL,1,,,"""❌ Failed to load prompt file:""",20,__ecma.String,21,,,3,,__ecma.String
90194314475,LITERAL,1,,,"""Prompt file not found. Please create the prompt file.""",22,__ecma.String,22,,,3,,__ecma.String
90194314476,LITERAL,2,,,"""Project Name""",14,__ecma.String,41,,,2,,__ecma.String
90194314477,LITERAL,2,,,"""project_name""",14,__ecma.String,42,,,2,,__ecma.String
90194314478,LITERAL,2,,,"""ProjectName""",14,__ecma.String,43,,,2,,__ecma.String
90194314479,LITERAL,2,,,"""Project""",14,__ecma.String,44,,,2,,__ecma.String
90194314480,LITERAL,2,,,"""project""",14,__ecma.String,45,,,2,,__ecma.String
90194314481,LITERAL,2,,,"""Name""",14,__ecma.String,46,,,2,,__ecma.String
90194314482,LITERAL,2,,,"""name""",14,__ecma.String,47,,,2,,__ecma.String
90194314483,LITERAL,1,,,"""✅ Found project row for: """,23,__ecma.String,50,,,1,,__ecma.String
90194314484,LITERAL,3,,,"""""",62,__ecma.String,50,,,3,,__ecma.String
90194314485,LITERAL,1,,,"""⚠️ No project row found for: """,17,__ecma.String,55,,,1,,__ecma.String
90194314486,LITERAL,3,,,"""""",60,__ecma.String,55,,,3,,__ecma.String
90194314487,LITERAL,1,,,null,11,__ecma.Null,56,,,1,,__ecma.Null
90194314488,LITERAL,1,,,"""""",18,__ecma.String,73,,,1,,__ecma.String
90194314489,LITERAL,3,,,"""\\n\\n""",31,__ecma.String,73,,,3,,__ecma.String
90194314490,LITERAL,1,,,"""## Project: """,15,__ecma.String,74,,,1,,__ecma.String
90194314491,LITERAL,3,,,"""\\n\\n""",41,__ecma.String,74,,,3,,__ecma.String
90194314492,LITERAL,1,,,"""### User Form Responses (Google Sheet Data):\\n\\`\\`\\`json\\n""",17,__ecma.String,78,,,1,,__ecma.String
90194314493,LITERAL,2,,,null,109,__ecma.Null,78,,,2,,__ecma.Null
90194314494,LITERAL,3,,,2,115,__ecma.Number,78,,,3,,__ecma.Number
90194314495,LITERAL,3,,,"""\\n\\`\\`\\`\\n\\n""",118,__ecma.String,78,,,3,,__ecma.String
90194314496,LITERAL,2,,,0,54,__ecma.Number,91,,,2,,__ecma.Number
90194314497,LITERAL,2,,,0,48,__ecma.Number,92,,,2,,__ecma.Number
90194314498,LITERAL,2,,,0,68,__ecma.Number,93,,,2,,__ecma.Number
90194314499,LITERAL,2,,,0,64,__ecma.Number,96,,,2,,__ecma.Number
90194314500,LITERAL,2,,,0,70,__ecma.Number,97,,,2,,__ecma.Number
90194314501,LITERAL,2,,,0,70,__ecma.Number,98,,,2,,__ecma.Number
90194314502,LITERAL,2,,,0,76,__ecma.Number,99,,,2,,__ecma.Number
90194314503,LITERAL,2,,,0,78,__ecma.Number,100,,,2,,__ecma.Number
90194314504,LITERAL,2,,,0,84,__ecma.Number,101,,,2,,__ecma.Number
90194314505,LITERAL,1,,,"""### API Metrics (GitLab + SonarCloud):\\n\\`\\`\\`json\\n""",17,__ecma.String,105,,,1,,__ecma.String
90194314506,LITERAL,2,,,null,98,__ecma.Null,105,,,2,,__ecma.Null
90194314507,LITERAL,3,,,2,104,__ecma.Number,105,,,3,,__ecma.Number
90194314508,LITERAL,3,,,"""\\n\\`\\`\\`\\n\\n""",107,__ecma.String,105,,,3,,__ecma.String
90194314509,LITERAL,2,,,"""\\nPlease calculate all scores, provide detailed analysis, and identify specific areas needing improvement with actionable recommendations.""",15,__ecma.String,108,,,2,,__ecma.String
90194314510,LITERAL,1,,,"""🔍 Generating insights for project: """,19,__ecma.String,120,,,1,,__ecma.String
90194314511,LITERAL,3,,,"""""",69,__ecma.String,120,,,3,,__ecma.String
90194314512,LITERAL,1,,,"""📥 Downloading Google Sheet...""",18,__ecma.String,126,,,3,,__ecma.String
90194314513,LITERAL,2,,,"""base64""",46,__ecma.String,130,,,2,,__ecma.String
90194314514,LITERAL,2,,,"""buffer""",49,__ecma.String,131,,,2,,__ecma.String
90194314515,LITERAL,1,,,"""Project """"",25,__ecma.String,141,,,1,,__ecma.String
90194314516,LITERAL,3,,,""""" not found in Google Sheet""",48,__ecma.String,141,,,3,,__ecma.String
90194314517,LITERAL,1,,,"""🔍 Fetching project snapshot...""",18,__ecma.String,145,,,3,,__ecma.String
90194314518,LITERAL,1,,,"""⚠️ No project snapshot found, continuing with form data only""",20,__ecma.String,148,,,3,,__ecma.String
90194314519,LITERAL,1,,,"""🤖 Sending to Gemini AI...""",18,__ecma.String,160,,,3,,__ecma.String
90194314520,LITERAL,1,,,"""✅ Project insights generated successfully""",18,__ecma.String,163,,,3,,__ecma.String
90194314521,LITERAL,1,,,"""❌ Failed to generate project insights:""",20,__ecma.String,166,,,3,,__ecma.String
90194314522,LITERAL,1,,,"""./geminiService""",0,,2,,,3,,ANY
90194314523,LITERAL,1,,,"""./googleSheetsService""",0,,3,,,3,,ANY
90194314524,LITERAL,1,,,"""../../db/queries""",0,,4,,,3,,ANY
90194314525,LITERAL,1,,,"""xlsx""",0,,5,,,3,,ANY
90194314526,LITERAL,1,,,"""fs""",0,,6,,,3,,ANY
90194314527,LITERAL,1,,,"""path""",0,,7,,,3,,ANY
90194314528,LITERAL,2,,,"""default""",0,__ecma.String,172,,,2,,__ecma.String
90194314529,LITERAL,2,,,"""""",38,__ecma.String,35,,,2,,__ecma.String
90194314530,LITERAL,2,,,"""""",29,__ecma.String,36,,,2,,__ecma.String
90194314531,LITERAL,2,,,"""""",33,__ecma.String,37,,,2,,__ecma.String
90194314532,LITERAL,2,,,"""""",59,__ecma.String,38,,,2,,__ecma.String
90194314533,LITERAL,2,,,"""""",64,__ecma.String,39,,,2,,__ecma.String
90194314534,LITERAL,1,,,"""[CommitMetrics] Calculating metrics for project """,17,__ecma.String,18,,,1,,__ecma.String
90194314535,LITERAL,3,,,"""""",77,__ecma.String,18,,,3,,__ecma.String
90194314536,LITERAL,1,,,"""[CommitMetrics] Analyzing """,17,__ecma.String,19,,,1,,__ecma.String
90194314537,LITERAL,3,,,""" commits from last 7 days""",66,__ecma.String,19,,,3,,__ecma.String
90194314538,LITERAL,1,,,0,47,__ecma.Number,34,,,3,,__ecma.Number
90194314539,LITERAL,2,,,100,50,__ecma.Number,34,,,4,,__ecma.Number
90194314540,LITERAL,2,,,0,52,__ecma.Number,67,,,2,,__ecma.Number
90194314541,LITERAL,2,,,0,52,__ecma.Number,68,,,2,,__ecma.Number
90194314542,LITERAL,2,,,0,30,__ecma.Number,62,,,2,,__ecma.Number
90194314543,LITERAL,2,,,0,27,__ecma.Number,63,,,2,,__ecma.Number
90194314544,LITERAL,2,,,0,47,__ecma.Number,74,,,2,,__ecma.Number
90194314545,LITERAL,3,,,0,8,__ecma.Number,76,,,3,,__ecma.Number
90194314546,LITERAL,1,,,"""[CommitMetrics] Avg commit size: """,17,__ecma.String,78,,,1,,__ecma.String
90194314547,LITERAL,1,,,2,76,__ecma.Number,78,,,3,,__ecma.Number
90194314548,LITERAL,3,,,""" lines""",79,__ecma.String,78,,,3,,__ecma.String
90194314549,LITERAL,1,,,2,58,__ecma.Number,83,,,3,,__ecma.Number
90194314550,LITERAL,2,,,0,55,__ecma.Number,96,,,2,,__ecma.Number
90194314551,LITERAL,2,,,0,57,__ecma.Number,97,,,2,,__ecma.Number
90194314552,LITERAL,2,,,0,28,__ecma.Number,91,,,2,,__ecma.Number
90194314553,LITERAL,2,,,0,30,__ecma.Number,92,,,2,,__ecma.Number
90194314554,LITERAL,2,,,0,60,__ecma.Number,101,,,2,,__ecma.Number
90194314555,LITERAL,3,,,0,8,__ecma.Number,103,,,3,,__ecma.Number
90194314556,LITERAL,1,,,"""[CommitMetrics] Lines: +""",17,__ecma.String,105,,,1,,__ecma.String
90194314557,LITERAL,3,,,""" -""",61,__ecma.String,105,,,3,,__ecma.String
90194314558,LITERAL,5,,,""" (ratio: """,85,__ecma.String,105,,,5,,__ecma.String
90194314559,LITERAL,1,,,2,130,__ecma.Number,105,,,3,,__ecma.Number
90194314560,LITERAL,7,,,""")""",133,__ecma.String,105,,,7,,__ecma.String
90194314561,LITERAL,1,,,2,78,__ecma.Number,110,,,3,,__ecma.Number
90194314562,LITERAL,2,,,"""unknown""",43,__ecma.String,122,,,2,,__ecma.String
90194314563,LITERAL,2,,,"""Unknown""",41,__ecma.String,123,,,2,,__ecma.String
90194314564,LITERAL,2,,,1,24,__ecma.Number,131,,,2,,__ecma.Number
90194314565,LITERAL,2,,,0,25,__ecma.Number,140,,,2,,__ecma.Number
90194314566,LITERAL,2,,,0,53,__ecma.Number,140,,,2,,__ecma.Number
90194314567,LITERAL,2,,,0,28,__ecma.Number,142,,,2,,__ecma.Number
90194314568,LITERAL,2,,,0,39,__ecma.Number,143,,,2,,__ecma.Number
90194314569,LITERAL,2,,,0,20,__ecma.Number,144,,,2,,__ecma.Number
90194314570,LITERAL,2,,,0.5,37,__ecma.Number,149,,,2,,__ecma.Number
90194314571,LITERAL,1,,,"""[CommitMetrics] Bus factor: """,17,__ecma.String,157,,,1,,__ecma.String
90194314572,LITERAL,3,,,""" (""",58,__ecma.String,157,,,3,,__ecma.String
90194314573,LITERAL,5,,,""" contributors, threshold: """,81,__ecma.String,157,,,5,,__ecma.String
90194314574,LITERAL,1,,,1,127,__ecma.Number,157,,,3,,__ecma.Number
90194314575,LITERAL,7,,,""" commits)""",130,__ecma.String,157,,,7,,__ecma.String
90194314576,LITERAL,1,,,"""../../types/gitlab.types""",0,,4,,,3,,ANY
90194314577,LITERAL,1,,,"""../../types/commitMetrics.types""",0,,5,,,3,,ANY
90194314578,LITERAL,1,,,"""../../types/commitMetrics.types""",0,,5,,,3,,ANY
90194314579,LITERAL,2,,,"""default""",0,__ecma.String,167,,,2,,__ecma.String
90194314580,LITERAL,2,,,"""
        INSERT INTO commit_health_metrics (
          uuid,
          project_id,
          total_commits_last_7d,
          total_lines_changed,
          commits_analyzed,
          avg_commit_size,
          total_lines_added,
          total_lines_deleted,
          lines_added_deleted_ratio,
          commits_per_week,
          total_contributors,
          contributors_above_50_percent,
          bus_factor,
          commit_details,
          calculated_at
        ) VALUES (
          gen_random_uuid(),
          $1, $2, $3, $4, $5, $6, $7, $8, $9, $10, $11, $12, $13,
          CURRENT_TIMESTAMP
        )
        RETURNING *;
      """,21,__ecma.String,19,,,2,,__ecma.String
90194314581,LITERAL,1,,,"""[CommitMetricsDb] Saved metrics for project """,19,__ecma.String,61,,,1,,__ecma.String
90194314582,LITERAL,3,,,"""""",75,__ecma.String,61,,,3,,__ecma.String
90194314583,LITERAL,2,,,0,25,__ecma.Number,62,,,2,,__ecma.Number
90194314584,LITERAL,1,,,"""[CommitMetricsDb] Error saving metrics:""",20,__ecma.String,64,,,3,,__ecma.String
90194314585,LITERAL,1,,,"""No current metrics found to create snapshot""",24,__ecma.String,77,,,3,,__ecma.String
90194314586,LITERAL,2,,,"""
        INSERT INTO commit_metrics_history (
          uuid,
          project_id,
          snapshot_date,
          total_commits_last_7d,
          avg_commit_size,
          total_lines_added,
          total_lines_deleted,
          bus_factor,
          health_score,
          created_at
        ) VALUES (
          gen_random_uuid(),
          $1, CURRENT_DATE, $2, $3, $4, $5, $6, $7, CURRENT_TIMESTAMP
        )
        RETURNING *;
      """,21,__ecma.String,87,,,2,,__ecma.String
90194314587,LITERAL,1,,,"""[CommitMetricsDb] Saved historical snapshot for project """,19,__ecma.String,117,,,1,,__ecma.String
90194314588,LITERAL,3,,,""" with health score: """,87,__ecma.String,117,,,3,,__ecma.String
90194314589,LITERAL,5,,,"""""",121,__ecma.String,117,,,5,,__ecma.String
90194314590,LITERAL,2,,,0,25,__ecma.Number,118,,,2,,__ecma.Number
90194314591,LITERAL,1,,,"""[CommitMetricsDb] Error saving historical snapshot:""",20,__ecma.String,120,,,3,,__ecma.String
90194314592,LITERAL,2,,,"""
        SELECT * FROM commit_health_metrics
        WHERE project_id = $1
        ORDER BY calculated_at DESC
        LIMIT 1;
      """,21,__ecma.String,130,,,2,,__ecma.String
90194314593,LITERAL,2,,,0,25,__ecma.Number,138,,,2,,__ecma.Number
90194314594,LITERAL,2,,,null,31,__ecma.Null,138,,,2,,__ecma.Null
90194314595,LITERAL,1,,,"""[CommitMetricsDb] Error getting metrics:""",20,__ecma.String,140,,,3,,__ecma.String
90194314596,LITERAL,2,,,"""
        SELECT * FROM commit_health_metrics
        WHERE project_id = $1
        ORDER BY calculated_at DESC;
      """,21,__ecma.String,150,,,2,,__ecma.String
90194314597,LITERAL,1,,,"""[CommitMetricsDb] Error getting all metrics:""",20,__ecma.String,159,,,3,,__ecma.String
90194314598,LITERAL,2,,,30,19,__ecma.Number,169,,,2,,__ecma.Number
90194314599,LITERAL,1,,,"""
        SELECT * FROM commit_metrics_history
        WHERE project_id = $1
          AND snapshot_date >= CURRENT_DATE - INTERVAL '""",21,__ecma.String,172,,,1,,__ecma.String
90194314600,LITERAL,3,,,""" days'
        ORDER BY snapshot_date DESC;
      """,63,__ecma.String,175,,,3,,__ecma.String
90194314601,LITERAL,1,,,"""[CommitMetricsDb] Error getting metrics history:""",20,__ecma.String,182,,,3,,__ecma.String
90194314602,LITERAL,1,,,"""DELETE FROM commit_health_metrics WHERE project_id = $1""",28,__ecma.String,192,,,3,,__ecma.String
90194314603,LITERAL,1,,,"""DELETE FROM commit_metrics_history WHERE project_id = $1""",28,__ecma.String,195,,,3,,__ecma.String
90194314604,LITERAL,1,,,"""[CommitMetricsDb] Deleted all metrics for project """,19,__ecma.String,198,,,1,,__ecma.String
90194314605,LITERAL,3,,,"""""",81,__ecma.String,198,,,3,,__ecma.String
90194314606,LITERAL,1,,,"""[CommitMetricsDb] Error deleting metrics:""",20,__ecma.String,200,,,3,,__ecma.String
90194314607,LITERAL,1,,,"""../../db/connection""",0,,5,,,3,,ANY
90194314608,LITERAL,1,,,"""../../types/commitMetrics.types""",0,,6,,,3,,ANY
90194314609,LITERAL,1,,,"""../../types/commitMetrics.types""",0,,6,,,3,,ANY
90194314610,LITERAL,1,,,"""../../types/commitMetrics.types""",0,,6,,,3,,ANY
90194314611,LITERAL,1,,,"""../../utils/healthScoreCalculator""",0,,7,,,3,,ANY
90194314612,LITERAL,2,,,"""default""",0,__ecma.String,206,,,2,,__ecma.String
90194314613,LITERAL,1,,,"""[CommitMetricsSync] Starting sync for project """,17,__ecma.String,16,,,1,,__ecma.String
90194314614,LITERAL,3,,,"""""",75,__ecma.String,16,,,3,,__ecma.String
90194314615,LITERAL,1,,,"""[CommitMetricsSync] Step 1: Fetching data from GitLab...""",18,__ecma.String,20,,,3,,__ecma.String
90194314616,LITERAL,1,,,"""[CommitMetricsSync] Step 1 completed - data fetched""",18,__ecma.String,22,,,3,,__ecma.String
90194314617,LITERAL,1,,,"""[CommitMetricsSync] Step 2: Calculating metrics...""",18,__ecma.String,25,,,3,,__ecma.String
90194314618,LITERAL,1,,,"""[CommitMetricsSync] Step 3: Saving metrics to database...""",18,__ecma.String,33,,,3,,__ecma.String
90194314619,LITERAL,1,,,"""[CommitMetricsSync] Step 4: Saving historical snapshot...""",18,__ecma.String,40,,,3,,__ecma.String
90194314620,LITERAL,1,,,"""[CommitMetricsSync] ✅ Sync completed for project """,19,__ecma.String,43,,,1,,__ecma.String
90194314621,LITERAL,3,,,"""""",80,__ecma.String,43,,,3,,__ecma.String
90194314622,LITERAL,1,,,"""[CommitMetricsSync] ❌ Error syncing project """,21,__ecma.String,47,,,1,,__ecma.String
90194314623,LITERAL,3,,,""":""",77,__ecma.String,47,,,3,,__ecma.String
90194314624,LITERAL,2,,,7,50,__ecma.Number,57,,,2,,__ecma.Number
90194314625,LITERAL,1,,,"""[CommitMetricsSync] Fetching commits from last 7 days...""",16,__ecma.String,60,,,3,,__ecma.String
90194314626,LITERAL,3,,,100,6,__ecma.Number,66,,,5,,__ecma.Number
90194314627,LITERAL,1,,,"""[CommitMetricsSync] Fetched: """,17,__ecma.String,75,,,1,,__ecma.String
90194314628,LITERAL,3,,,""" commits (""",69,__ecma.String,75,,,3,,__ecma.String
90194314629,LITERAL,5,,,""" total)""",98,__ecma.String,75,,,5,,__ecma.String
90194314630,LITERAL,1,,,"""../gitlab/gitLabCommitService""",0,,5,,,3,,ANY
90194314631,LITERAL,1,,,"""./commitMetricsCalculationService""",0,,6,,,3,,ANY
90194314632,LITERAL,1,,,"""./commitMetricsDbService""",0,,7,,,3,,ANY
90194314633,LITERAL,1,,,"""../../types/commitMetrics.types""",0,,8,,,3,,ANY
90194314634,LITERAL,2,,,"""default""",0,__ecma.String,84,,,2,,__ecma.String
90194314635,LITERAL,2,,,30,17,__ecma.Number,14,,,2,,__ecma.Number
90194314636,LITERAL,2,,,0,28,__ecma.Number,20,,,2,,__ecma.Number
90194314637,LITERAL,1,,,"""AND deployment_timestamp >= NOW() - INTERVAL '""",7,__ecma.String,21,,,1,,__ecma.String
90194314638,LITERAL,3,,,""" days'""",60,__ecma.String,21,,,3,,__ecma.String
90194314639,LITERAL,3,,,"""""",6,__ecma.String,22,,,3,,__ecma.String
90194314640,LITERAL,2,,,0,34,__ecma.Number,24,,,2,,__ecma.Number
90194314641,LITERAL,1,,,"""AND merged_timestamp >= NOW() - INTERVAL '""",7,__ecma.String,25,,,1,,__ecma.String
90194314642,LITERAL,3,,,""" days'""",56,__ecma.String,25,,,3,,__ecma.String
90194314643,LITERAL,3,,,"""""",6,__ecma.String,26,,,3,,__ecma.String
90194314644,LITERAL,2,,,0,36,__ecma.Number,28,,,2,,__ecma.Number
90194314645,LITERAL,1,,,"""AND start_time >= NOW() - INTERVAL '""",7,__ecma.String,29,,,1,,__ecma.String
90194314646,LITERAL,3,,,""" days'""",50,__ecma.String,29,,,3,,__ecma.String
90194314647,LITERAL,3,,,"""""",6,__ecma.String,30,,,3,,__ecma.String
90194314648,LITERAL,1,,,"""
    SELECT 
      COUNT(*) as total_deployments,
      COUNT(*) FILTER (WHERE environment = 'production') as production_deployments
    FROM deployment_frequency
    WHERE project_id = $1
      """,36,__ecma.String,33,,,1,,__ecma.String
90194314649,LITERAL,3,,,"""
  """,19,__ecma.String,39,,,3,,__ecma.String
90194314650,LITERAL,2,,,0,47,__ecma.Number,43,,,2,,__ecma.Number
90194314651,LITERAL,2,,,0,28,__ecma.Number,46,,,2,,__ecma.Number
90194314652,LITERAL,2,,,0,29,__ecma.Number,47,,,2,,__ecma.Number
90194314653,LITERAL,2,,,0,30,__ecma.Number,48,,,2,,__ecma.Number
90194314654,LITERAL,2,,,0,15,__ecma.Number,50,,,2,,__ecma.Number
90194314655,LITERAL,2,,,null,29,__ecma.Null,50,,,2,,__ecma.Null
90194314656,LITERAL,2,,,"""
      SELECT 
        MIN(deployment_timestamp) as earliest,
        MAX(deployment_timestamp) as latest
      FROM deployment_frequency
      WHERE project_id = $1 AND environment = 'production'
    """,28,__ecma.String,52,,,2,,__ecma.String
90194314657,LITERAL,2,,,0,50,__ecma.Number,60,,,2,,__ecma.Number
90194314658,LITERAL,1,,,1,33,__ecma.Number,63,,,3,,__ecma.Number
90194314659,LITERAL,1,,,1000,109,__ecma.Number,63,,,1,,__ecma.Number
90194314660,LITERAL,2,,,60,116,__ecma.Number,63,,,2,,__ecma.Number
90194314661,LITERAL,2,,,60,121,__ecma.Number,63,,,2,,__ecma.Number
90194314662,LITERAL,2,,,24,126,__ecma.Number,63,,,2,,__ecma.Number
90194314663,LITERAL,2,,,0,82,__ecma.Number,64,,,2,,__ecma.Number
90194314664,LITERAL,1,,,2,78,__ecma.Number,66,,,3,,__ecma.Number
90194314665,LITERAL,2,,,7,73,__ecma.Number,67,,,2,,__ecma.Number
90194314666,LITERAL,1,,,2,85,__ecma.Number,67,,,3,,__ecma.Number
90194314667,LITERAL,2,,,30,74,__ecma.Number,68,,,2,,__ecma.Number
90194314668,LITERAL,1,,,2,87,__ecma.Number,68,,,3,,__ecma.Number
90194314669,LITERAL,2,,,"""
      SELECT 
        COUNT(*) FILTER (WHERE environment = 'production' AND deployment_timestamp >= NOW() - INTERVAL '1 day') as daily,
        COUNT(*) FILTER (WHERE environment = 'production' AND deployment_timestamp >= NOW() - INTERVAL '7 days') as weekly,
        COUNT(*) FILTER (WHERE environment = 'production' AND deployment_timestamp >= NOW() - INTERVAL '30 days') as monthly
      FROM deployment_frequency
      WHERE project_id = $1
    """,25,__ecma.String,72,,,2,,__ecma.String
90194314670,LITERAL,2,,,0,41,__ecma.Number,81,,,2,,__ecma.Number
90194314671,LITERAL,2,,,0,56,__ecma.Number,83,,,2,,__ecma.Number
90194314672,LITERAL,2,,,0,58,__ecma.Number,84,,,2,,__ecma.Number
90194314673,LITERAL,2,,,0,60,__ecma.Number,85,,,2,,__ecma.Number
90194314674,LITERAL,1,,,"""
    SELECT 
      COUNT(*) as total_changes,
      AVG(lead_time_hours) as avg_lead_time,
      PERCENTILE_CONT(0.5) WITHIN GROUP (ORDER BY lead_time_hours) as median_lead_time,
      MIN(lead_time_hours) as min_lead_time,
      MAX(lead_time_hours) as max_lead_time
    FROM lead_time_changes
    WHERE project_id = $1
      """,25,__ecma.String,89,,,1,,__ecma.String
90194314675,LITERAL,3,,,"""
  """,25,__ecma.String,98,,,3,,__ecma.String
90194314676,LITERAL,2,,,0,43,__ecma.Number,102,,,2,,__ecma.Number
90194314677,LITERAL,1,,,"""
    SELECT 
      COUNT(*) as total_deployments,
      COUNT(*) FILTER (WHERE is_failure = true) as failed_deployments,
      CASE 
        WHEN COUNT(*) > 0 THEN (COUNT(*) FILTER (WHERE is_failure = true)::DECIMAL / COUNT(*)) * 100
        ELSE 0
      END as failure_rate
    FROM change_failure_rate
    WHERE project_id = $1
      """,30,__ecma.String,105,,,1,,__ecma.String
90194314678,LITERAL,3,,,"""
  """,19,__ecma.String,115,,,3,,__ecma.String
90194314679,LITERAL,2,,,0,53,__ecma.Number,119,,,2,,__ecma.Number
90194314680,LITERAL,1,,,"""
    SELECT 
      COUNT(*) as total_incidents,
      AVG(restore_time_hours) as avg_restore_time,
      PERCENTILE_CONT(0.5) WITHIN GROUP (ORDER BY restore_time_hours) as median_restore_time,
      MIN(restore_time_hours) as min_restore_time,
      MAX(restore_time_hours) as max_restore_time
    FROM time_to_restore_service
    WHERE project_id = $1
      """,30,__ecma.String,122,,,1,,__ecma.String
90194314681,LITERAL,3,,,"""
  """,27,__ecma.String,131,,,3,,__ecma.String
90194314682,LITERAL,2,,,0,53,__ecma.Number,135,,,2,,__ecma.Number
90194314683,LITERAL,2,,,0,71,__ecma.Number,140,,,2,,__ecma.Number
90194314684,LITERAL,2,,,0,81,__ecma.Number,141,,,2,,__ecma.Number
90194314685,LITERAL,2,,,0,61,__ecma.Number,147,,,2,,__ecma.Number
90194314686,LITERAL,2,,,0,69,__ecma.Number,148,,,2,,__ecma.Number
90194314687,LITERAL,2,,,0,75,__ecma.Number,149,,,2,,__ecma.Number
90194314688,LITERAL,2,,,0,69,__ecma.Number,150,,,2,,__ecma.Number
90194314689,LITERAL,2,,,0,69,__ecma.Number,151,,,2,,__ecma.Number
90194314690,LITERAL,2,,,0,74,__ecma.Number,154,,,2,,__ecma.Number
90194314691,LITERAL,2,,,0,76,__ecma.Number,155,,,2,,__ecma.Number
90194314692,LITERAL,2,,,0,74,__ecma.Number,156,,,2,,__ecma.Number
90194314693,LITERAL,2,,,0,70,__ecma.Number,159,,,2,,__ecma.Number
90194314694,LITERAL,2,,,0,80,__ecma.Number,160,,,2,,__ecma.Number
90194314695,LITERAL,2,,,0,86,__ecma.Number,161,,,2,,__ecma.Number
90194314696,LITERAL,2,,,0,80,__ecma.Number,162,,,2,,__ecma.Number
90194314697,LITERAL,2,,,0,80,__ecma.Number,163,,,2,,__ecma.Number
90194314698,LITERAL,1,,,"""../../db/connection""",0,,4,,,3,,ANY
90194314699,LITERAL,1,,,"""../../types/doraMetrics.types""",0,,5,,,3,,ANY
90194314700,LITERAL,2,,,"""
    INSERT INTO deployment_frequency (
      project_id,
      deployment_id,
      version,
      environment,
      deployment_timestamp
    ) VALUES ($1, $2, $3, $4, $5)
    RETURNING *
  """,17,__ecma.String,24,,,2,,__ecma.String
90194314701,LITERAL,2,,,null,20,__ecma.Null,38,,,2,,__ecma.Null
90194314702,LITERAL,2,,,0,21,__ecma.Number,44,,,2,,__ecma.Number
90194314703,LITERAL,1,,,1000,75,__ecma.Number,59,,,1,,__ecma.Number
90194314704,LITERAL,2,,,60,82,__ecma.Number,59,,,2,,__ecma.Number
90194314705,LITERAL,2,,,60,87,__ecma.Number,59,,,2,,__ecma.Number
90194314706,LITERAL,2,,,"""
    INSERT INTO lead_time_changes (
      project_id,
      change_id,
      merged_timestamp,
      deployed_timestamp,
      lead_time_hours
    ) VALUES ($1, $2, $3, $4, $5)
    RETURNING *
  """,17,__ecma.String,61,,,2,,__ecma.String
90194314707,LITERAL,1,,,2,26,__ecma.Number,77,,,3,,__ecma.Number
90194314708,LITERAL,2,,,0,21,__ecma.Number,81,,,2,,__ecma.Number
90194314709,LITERAL,2,,,"""
    INSERT INTO change_failure_rate (
      project_id,
      deployment_id,
      deployment_timestamp,
      has_incident,
      remediation_type
    ) VALUES ($1, $2, $3, $4, $5)
    RETURNING *
  """,17,__ecma.String,92,,,2,,__ecma.String
90194314710,LITERAL,2,,,0,21,__ecma.Number,112,,,2,,__ecma.Number
90194314711,LITERAL,1,,,1000,72,__ecma.Number,127,,,1,,__ecma.Number
90194314712,LITERAL,2,,,60,79,__ecma.Number,127,,,2,,__ecma.Number
90194314713,LITERAL,2,,,60,84,__ecma.Number,127,,,2,,__ecma.Number
90194314714,LITERAL,2,,,"""
    INSERT INTO time_to_restore_service (
      project_id,
      incident_id,
      start_time,
      end_time,
      restore_time_hours,
      description
    ) VALUES ($1, $2, $3, $4, $5, $6)
    RETURNING *
  """,17,__ecma.String,129,,,2,,__ecma.String
90194314715,LITERAL,1,,,2,29,__ecma.Number,146,,,3,,__ecma.Number
90194314716,LITERAL,2,,,null,24,__ecma.Null,147,,,2,,__ecma.Null
90194314717,LITERAL,2,,,0,21,__ecma.Number,151,,,2,,__ecma.Number
90194314718,LITERAL,2,,,30,17,__ecma.Number,159,,,2,,__ecma.Number
90194314719,LITERAL,1,,,"""
    SELECT * FROM deployment_frequency
    WHERE project_id = $1
      AND deployment_timestamp >= NOW() - INTERVAL '""",17,__ecma.String,163,,,1,,__ecma.String
90194314720,LITERAL,3,,,""" days'
    ORDER BY deployment_timestamp DESC
  """,59,__ecma.String,166,,,3,,__ecma.String
90194314721,LITERAL,2,,,30,17,__ecma.Number,179,,,2,,__ecma.Number
90194314722,LITERAL,1,,,"""
    SELECT * FROM lead_time_changes
    WHERE project_id = $1
      AND merged_timestamp >= NOW() - INTERVAL '""",17,__ecma.String,183,,,1,,__ecma.String
90194314723,LITERAL,3,,,""" days'
    ORDER BY merged_timestamp DESC
  """,55,__ecma.String,186,,,3,,__ecma.String
90194314724,LITERAL,2,,,30,17,__ecma.Number,199,,,2,,__ecma.Number
90194314725,LITERAL,1,,,"""
    SELECT * FROM change_failure_rate
    WHERE project_id = $1
      AND deployment_timestamp >= NOW() - INTERVAL '""",17,__ecma.String,203,,,1,,__ecma.String
90194314726,LITERAL,3,,,""" days'
    ORDER BY deployment_timestamp DESC
  """,59,__ecma.String,206,,,3,,__ecma.String
90194314727,LITERAL,2,,,30,17,__ecma.Number,219,,,2,,__ecma.Number
90194314728,LITERAL,1,,,"""
    SELECT * FROM time_to_restore_service
    WHERE project_id = $1
      AND start_time >= NOW() - INTERVAL '""",17,__ecma.String,223,,,1,,__ecma.String
90194314729,LITERAL,3,,,""" days'
    ORDER BY start_time DESC
  """,49,__ecma.String,226,,,3,,__ecma.String
90194314730,LITERAL,2,,,10,18,__ecma.Number,240,,,2,,__ecma.Number
90194314731,LITERAL,2,,,"""
    SELECT * FROM deployment_frequency
    WHERE project_id = $1
      AND deployment_id ILIKE $2
    ORDER BY deployment_timestamp DESC
    LIMIT $3
  """,17,__ecma.String,244,,,2,,__ecma.String
90194314732,LITERAL,1,,,"""%""",54,__ecma.String,252,,,1,,__ecma.String
90194314733,LITERAL,3,,,"""%""",68,__ecma.String,252,,,3,,__ecma.String
90194314734,LITERAL,1,,,"""DELETE FROM deployment_frequency WHERE uuid = $1""",34,__ecma.String,261,,,3,,__ecma.String
90194314735,LITERAL,2,,,0,45,__ecma.Number,262,,,2,,__ecma.Number
90194314736,LITERAL,3,,,false,49,__ecma.Boolean,262,,,3,,__ecma.Boolean
90194314737,LITERAL,1,,,"""DELETE FROM lead_time_changes WHERE uuid = $1""",34,__ecma.String,270,,,3,,__ecma.String
90194314738,LITERAL,2,,,0,45,__ecma.Number,271,,,2,,__ecma.Number
90194314739,LITERAL,3,,,false,49,__ecma.Boolean,271,,,3,,__ecma.Boolean
90194314740,LITERAL,1,,,"""DELETE FROM change_failure_rate WHERE uuid = $1""",34,__ecma.String,279,,,3,,__ecma.String
90194314741,LITERAL,2,,,0,45,__ecma.Number,280,,,2,,__ecma.Number
90194314742,LITERAL,3,,,false,49,__ecma.Boolean,280,,,3,,__ecma.Boolean
90194314743,LITERAL,1,,,"""DELETE FROM time_to_restore_service WHERE uuid = $1""",34,__ecma.String,288,,,3,,__ecma.String
90194314744,LITERAL,2,,,0,45,__ecma.Number,289,,,2,,__ecma.Number
90194314745,LITERAL,3,,,false,49,__ecma.Boolean,289,,,3,,__ecma.Boolean
90194314746,LITERAL,1,,,"""../../db/connection""",0,,4,,,3,,ANY
90194314747,LITERAL,1,,,"""../../types/doraMetrics.types""",0,,5,,,3,,ANY
90194314748,LITERAL,1,,,"""../../types/doraMetrics.types""",0,,5,,,3,,ANY
90194314749,LITERAL,1,,,"""../../types/doraMetrics.types""",0,,5,,,3,,ANY
90194314750,LITERAL,1,,,"""../../types/doraMetrics.types""",0,,5,,,3,,ANY
90194314751,LITERAL,1,,,"""../../types/doraMetrics.types""",0,,5,,,3,,ANY
90194314752,LITERAL,1,,,"""../../types/doraMetrics.types""",0,,5,,,3,,ANY
90194314753,LITERAL,1,,,"""../../types/doraMetrics.types""",0,,5,,,3,,ANY
90194314754,LITERAL,1,,,"""../../types/doraMetrics.types""",0,,5,,,3,,ANY
90194314755,LITERAL,2,,,false,84,__ecma.Boolean,52,,,2,,__ecma.Boolean
90194314756,LITERAL,2,,,0,19,__ecma.Number,56,,,2,,__ecma.Number
90194314757,LITERAL,2,,,"""stable""",20,__ecma.String,57,,,2,,__ecma.String
90194314758,LITERAL,2,,,0,46,__ecma.Number,57,,,2,,__ecma.Number
90194314759,LITERAL,2,,,100,61,__ecma.Number,60,,,2,,__ecma.Number
90194314760,LITERAL,2,,,1,33,__ecma.Number,63,,,2,,__ecma.Number
90194314761,LITERAL,2,,,"""stable""",20,__ecma.String,64,,,2,,__ecma.String
90194314762,LITERAL,2,,,0,28,__ecma.Number,70,,,2,,__ecma.Number
90194314763,LITERAL,2,,,"""up""",32,__ecma.String,70,,,2,,__ecma.String
90194314764,LITERAL,3,,,"""down""",39,__ecma.String,70,,,3,,__ecma.String
90194314765,LITERAL,2,,,0,28,__ecma.Number,214,,,2,,__ecma.Number
90194314766,LITERAL,2,,,0,27,__ecma.Number,215,,,2,,__ecma.Number
90194314767,LITERAL,2,,,0,28,__ecma.Number,216,,,2,,__ecma.Number
90194314768,LITERAL,2,,,0,30,__ecma.Number,217,,,2,,__ecma.Number
90194314769,LITERAL,2,,,0,25,__ecma.Number,218,,,2,,__ecma.Number
90194314770,LITERAL,2,,,0,21,__ecma.Number,219,,,2,,__ecma.Number
90194314771,LITERAL,2,,,0,26,__ecma.Number,220,,,2,,__ecma.Number
90194314772,LITERAL,2,,,0,23,__ecma.Number,221,,,2,,__ecma.Number
90194314773,LITERAL,2,,,0,69,__ecma.Number,229,,,2,,__ecma.Number
90194314774,LITERAL,2,,,0,66,__ecma.Number,230,,,2,,__ecma.Number
90194314775,LITERAL,2,,,0,67,__ecma.Number,238,,,2,,__ecma.Number
90194314776,LITERAL,2,,,0,58,__ecma.Number,239,,,2,,__ecma.Number
90194314777,LITERAL,2,,,0,67,__ecma.Number,247,,,2,,__ecma.Number
90194314778,LITERAL,2,,,0,65,__ecma.Number,248,,,2,,__ecma.Number
90194314779,LITERAL,2,,,0,73,__ecma.Number,256,,,2,,__ecma.Number
90194314780,LITERAL,2,,,0,62,__ecma.Number,257,,,2,,__ecma.Number
90194314781,LITERAL,2,,,0,80,__ecma.Number,266,,,2,,__ecma.Number
90194314782,LITERAL,2,,,0,73,__ecma.Number,267,,,2,,__ecma.Number
90194314783,LITERAL,2,,,0,79,__ecma.Number,269,,,2,,__ecma.Number
90194314784,LITERAL,2,,,"""monthly""",49,__ecma.String,84,,,2,,__ecma.String
90194314785,LITERAL,2,,,12,20,__ecma.Number,85,,,2,,__ecma.Number
90194314786,LITERAL,2,,,0,19,__ecma.Number,86,,,2,,__ecma.Number
90194314787,LITERAL,2,,,12,30,__ecma.Number,89,,,4,,__ecma.Number
90194314788,LITERAL,1,,,0,20,__ecma.Number,90,,,3,,__ecma.Number
90194314789,LITERAL,-1,,,"""weekly""",9,__ecma.String,98,,,2,,__ecma.String
90194314790,LITERAL,2,,,"""IYYY-""W""IW""",19,__ecma.String,99,,,2,,__ecma.String
90194314791,LITERAL,2,,,"""EXTRACT(YEAR FROM deployment_timestamp), EXTRACT(WEEK FROM deployment_timestamp)""",21,__ecma.String,100,,,2,,__ecma.String
90194314792,LITERAL,1,,,"""""",24,__ecma.String,101,,,1,,__ecma.String
90194314793,LITERAL,3,,,""" weeks""",34,__ecma.String,101,,,3,,__ecma.String
90194314794,LITERAL,1,,,"""""",27,__ecma.String,102,,,1,,__ecma.String
90194314795,LITERAL,2,,,1,49,__ecma.Number,102,,,2,,__ecma.Number
90194314796,LITERAL,3,,,""" weeks""",52,__ecma.String,102,,,3,,__ecma.String
90194314797,LITERAL,-1,,,"""yearly""",9,__ecma.String,104,,,9,,__ecma.String
90194314798,LITERAL,2,,,"""YYYY""",19,__ecma.String,105,,,2,,__ecma.String
90194314799,LITERAL,2,,,"""EXTRACT(YEAR FROM deployment_timestamp)""",21,__ecma.String,106,,,2,,__ecma.String
90194314800,LITERAL,1,,,"""""",24,__ecma.String,107,,,1,,__ecma.String
90194314801,LITERAL,3,,,""" years""",34,__ecma.String,107,,,3,,__ecma.String
90194314802,LITERAL,1,,,"""""",27,__ecma.String,108,,,1,,__ecma.String
90194314803,LITERAL,2,,,1,49,__ecma.Number,108,,,2,,__ecma.Number
90194314804,LITERAL,3,,,""" years""",52,__ecma.String,108,,,3,,__ecma.String
90194314805,LITERAL,-1,,,"""monthly""",9,__ecma.String,110,,,16,,__ecma.String
90194314806,LITERAL,2,,,"""YYYY-MM""",19,__ecma.String,112,,,2,,__ecma.String
90194314807,LITERAL,2,,,"""EXTRACT(YEAR FROM deployment_timestamp), EXTRACT(MONTH FROM deployment_timestamp)""",21,__ecma.String,113,,,2,,__ecma.String
90194314808,LITERAL,1,,,"""""",24,__ecma.String,114,,,1,,__ecma.String
90194314809,LITERAL,3,,,""" months""",34,__ecma.String,114,,,3,,__ecma.String
90194314810,LITERAL,1,,,"""""",27,__ecma.String,115,,,1,,__ecma.String
90194314811,LITERAL,2,,,1,49,__ecma.Number,115,,,2,,__ecma.Number
90194314812,LITERAL,3,,,""" months""",52,__ecma.String,115,,,3,,__ecma.String
90194314813,LITERAL,2,,,0,40,__ecma.Number,120,,,2,,__ecma.Number
90194314814,LITERAL,1,,,"""""",45,__ecma.String,120,,,1,,__ecma.String
90194314815,LITERAL,3,,,""" """,64,__ecma.String,120,,,3,,__ecma.String
90194314816,LITERAL,2,,,"""weekly""",83,__ecma.String,120,,,2,,__ecma.String
90194314817,LITERAL,2,,,"""weeks""",94,__ecma.String,120,,,2,,__ecma.String
90194314818,LITERAL,2,,,"""yearly""",120,__ecma.String,120,,,2,,__ecma.String
90194314819,LITERAL,2,,,"""years""",131,__ecma.String,120,,,2,,__ecma.String
90194314820,LITERAL,3,,,"""months""",141,__ecma.String,120,,,3,,__ecma.String
90194314821,LITERAL,5,,,"""""",150,__ecma.String,120,,,5,,__ecma.String
90194314822,LITERAL,3,,,"""0 days""",154,__ecma.String,120,,,3,,__ecma.String
90194314823,LITERAL,1,,,"""
    SELECT 
      TO_CHAR(deployment_timestamp, '""",27,__ecma.String,123,,,1,,__ecma.String
90194314824,LITERAL,3,,,"""') as period,
      COUNT(*) as deployment_count
    FROM deployment_frequency
    WHERE project_id = $1
      AND environment = 'production'
      AND deployment_timestamp >= CURRENT_DATE - INTERVAL '""",50,__ecma.String,125,,,3,,__ecma.String
90194314825,LITERAL,5,,,"""'
      AND deployment_timestamp < CURRENT_DATE - INTERVAL '""",79,__ecma.String,130,,,5,,__ecma.String
90194314826,LITERAL,7,,,"""'
    GROUP BY TO_CHAR(deployment_timestamp, '""",81,__ecma.String,131,,,7,,__ecma.String
90194314827,LITERAL,9,,,"""')
    ORDER BY period DESC
    LIMIT """,57,__ecma.String,132,,,9,,__ecma.String
90194314828,LITERAL,11,,,"""
  """,20,__ecma.String,134,,,11,,__ecma.String
90194314829,LITERAL,1,,,"""[doraTrendsService] Executing deployment query for project:""",14,__ecma.String,137,,,3,,__ecma.String
90194314830,LITERAL,1,,,"""[doraTrendsService] Date format:""",14,__ecma.String,138,,,3,,__ecma.String
90194314831,LITERAL,1,,,"""[doraTrendsService] Interval:""",14,__ecma.String,139,,,3,,__ecma.String
90194314832,LITERAL,1,,,"""[doraTrendsService] Date range: CURRENT_DATE - ${totalOffsetString} to CURRENT_DATE - ${offsetIntervalString}""",14,__ecma.String,140,,,3,,__ecma.String
90194314833,LITERAL,1,,,"""
    SELECT 
      TO_CHAR(merged_timestamp, '""",25,__ecma.String,145,,,1,,__ecma.String
90194314834,LITERAL,3,,,"""') as period,
      COUNT(*) as change_count,
      AVG(lead_time_hours) as avg_lead_time
    FROM lead_time_changes
    WHERE project_id = $1
      AND merged_timestamp >= CURRENT_DATE - INTERVAL '""",46,__ecma.String,147,,,3,,__ecma.String
90194314835,LITERAL,5,,,"""'
      AND merged_timestamp < CURRENT_DATE - INTERVAL '""",75,__ecma.String,152,,,5,,__ecma.String
90194314836,LITERAL,7,,,"""'
    GROUP BY TO_CHAR(merged_timestamp, '""",77,__ecma.String,153,,,7,,__ecma.String
90194314837,LITERAL,9,,,"""')
    ORDER BY period DESC
    LIMIT """,53,__ecma.String,154,,,9,,__ecma.String
90194314838,LITERAL,11,,,"""
  """,20,__ecma.String,156,,,11,,__ecma.String
90194314839,LITERAL,1,,,"""
    SELECT 
      TO_CHAR(deployment_timestamp, '""",24,__ecma.String,162,,,1,,__ecma.String
90194314840,LITERAL,3,,,"""') as period,
      COUNT(*) as total_deploys,
      COUNT(*) FILTER (WHERE is_failure = true) as failed_deploys,
      CASE 
        WHEN COUNT(*) > 0 THEN (COUNT(*) FILTER (WHERE is_failure = true)::DECIMAL / COUNT(*)) * 100
        ELSE 0
      END as failure_rate
    FROM change_failure_rate
    WHERE project_id = $1
      AND deployment_timestamp >= CURRENT_DATE - INTERVAL '""",50,__ecma.String,164,,,3,,__ecma.String
90194314841,LITERAL,5,,,"""'
      AND deployment_timestamp < CURRENT_DATE - INTERVAL '""",79,__ecma.String,173,,,5,,__ecma.String
90194314842,LITERAL,7,,,"""'
    GROUP BY TO_CHAR(deployment_timestamp, '""",81,__ecma.String,174,,,7,,__ecma.String
90194314843,LITERAL,9,,,"""')
    ORDER BY period DESC
    LIMIT """,57,__ecma.String,175,,,9,,__ecma.String
90194314844,LITERAL,11,,,"""
  """,20,__ecma.String,177,,,11,,__ecma.String
90194314845,LITERAL,1,,,"""
    SELECT 
      TO_CHAR(start_time, '""",24,__ecma.String,183,,,1,,__ecma.String
90194314846,LITERAL,3,,,"""') as period,
      COUNT(*) as incident_count,
      AVG(restore_time_hours) as avg_restore_time
    FROM time_to_restore_service
    WHERE project_id = $1
      AND start_time >= CURRENT_DATE - INTERVAL '""",40,__ecma.String,185,,,3,,__ecma.String
90194314847,LITERAL,5,,,"""'
      AND start_time < CURRENT_DATE - INTERVAL '""",69,__ecma.String,190,,,5,,__ecma.String
90194314848,LITERAL,7,,,"""'
    GROUP BY TO_CHAR(start_time, '""",71,__ecma.String,191,,,7,,__ecma.String
90194314849,LITERAL,9,,,"""')
    ORDER BY period DESC
    LIMIT """,47,__ecma.String,192,,,9,,__ecma.String
90194314850,LITERAL,11,,,"""
  """,20,__ecma.String,194,,,11,,__ecma.String
90194314851,LITERAL,2,,,1,37,__ecma.Number,271,,,2,,__ecma.Number
90194314852,LITERAL,2,,,0,26,__ecma.Number,272,,,2,,__ecma.Number
90194314853,LITERAL,2,,,0,25,__ecma.Number,273,,,2,,__ecma.Number
90194314854,LITERAL,2,,,0,26,__ecma.Number,274,,,2,,__ecma.Number
90194314855,LITERAL,2,,,0,28,__ecma.Number,275,,,2,,__ecma.Number
90194314856,LITERAL,2,,,2,38,__ecma.Number,278,,,2,,__ecma.Number
90194314857,LITERAL,2,,,0,53,__ecma.Number,280,,,2,,__ecma.Number
90194314858,LITERAL,2,,,0,46,__ecma.Number,281,,,4,,__ecma.Number
90194314859,LITERAL,3,,,0,6,__ecma.Number,282,,,3,,__ecma.Number
90194314860,LITERAL,2,,,0,41,__ecma.Number,283,,,2,,__ecma.Number
90194314861,LITERAL,2,,,0,40,__ecma.Number,284,,,4,,__ecma.Number
90194314862,LITERAL,3,,,0,6,__ecma.Number,285,,,3,,__ecma.Number
90194314863,LITERAL,2,,,0,47,__ecma.Number,286,,,2,,__ecma.Number
90194314864,LITERAL,2,,,0,43,__ecma.Number,287,,,4,,__ecma.Number
90194314865,LITERAL,3,,,0,6,__ecma.Number,288,,,3,,__ecma.Number
90194314866,LITERAL,2,,,0,47,__ecma.Number,289,,,2,,__ecma.Number
90194314867,LITERAL,2,,,0,43,__ecma.Number,290,,,4,,__ecma.Number
90194314868,LITERAL,3,,,0,6,__ecma.Number,291,,,3,,__ecma.Number
90194314869,LITERAL,3,,,false,87,__ecma.Boolean,300,,,5,,__ecma.Boolean
90194314870,LITERAL,3,,,true,85,__ecma.Boolean,305,,,5,,__ecma.Boolean
90194314871,LITERAL,3,,,true,87,__ecma.Boolean,310,,,5,,__ecma.Boolean
90194314872,LITERAL,3,,,true,91,__ecma.Boolean,315,,,5,,__ecma.Boolean
90194314873,LITERAL,1,,,"""../../db/connection""",0,,4,,,3,,ANY
90194314874,LITERAL,2,,,"""
    SELECT 
      COUNT(*) as total_deployments,
      COUNT(*) FILTER (WHERE environment = 'production') as production_deployments
    FROM deployment_frequency
    WHERE project_id = $1
      AND deployment_timestamp >= $2::date
      AND deployment_timestamp < ($3::date + INTERVAL '1 day')
  """,27,__ecma.String,32,,,2,,__ecma.String
90194314875,LITERAL,2,,,"""
    SELECT 
      COUNT(*) as total_deployments,
      COUNT(*) FILTER (WHERE is_failure = true) as failed_deployments,
      CASE 
        WHEN COUNT(*) > 0 THEN (COUNT(*) FILTER (WHERE is_failure = true)::DECIMAL / COUNT(*)) * 100
        ELSE 0
      END as failure_rate
    FROM change_failure_rate
    WHERE project_id = $1
      AND deployment_timestamp >= $2::date
      AND deployment_timestamp < ($3::date + INTERVAL '1 day')
  """,30,__ecma.String,42,,,2,,__ecma.String
90194314876,LITERAL,2,,,"""
    SELECT 
      COUNT(*) as total_changes,
      AVG(lead_time_hours) as avg_lead_time
    FROM lead_time_changes
    WHERE project_id = $1
      AND merged_timestamp >= $2::date
      AND merged_timestamp < ($3::date + INTERVAL '1 day')
  """,25,__ecma.String,56,,,2,,__ecma.String
90194314877,LITERAL,2,,,"""
    SELECT 
      COUNT(*) as total_incidents,
      AVG(restore_time_hours) as avg_restore_time
    FROM time_to_restore_service
    WHERE project_id = $1
      AND start_time >= $2::date
      AND start_time < ($3::date + INTERVAL '1 day')
  """,28,__ecma.String,66,,,2,,__ecma.String
90194314878,LITERAL,2,,,0,9,__ecma.Number,76,,,2,,__ecma.Number
90194314879,LITERAL,2,,,1,27,__ecma.Number,76,,,2,,__ecma.Number
90194314880,LITERAL,2,,,2,48,__ecma.Number,76,,,2,,__ecma.Number
90194314881,LITERAL,2,,,3,64,__ecma.Number,76,,,2,,__ecma.Number
90194314882,LITERAL,2,,,0,47,__ecma.Number,83,,,2,,__ecma.Number
90194314883,LITERAL,2,,,0,53,__ecma.Number,84,,,2,,__ecma.Number
90194314884,LITERAL,2,,,0,43,__ecma.Number,85,,,2,,__ecma.Number
90194314885,LITERAL,2,,,0,49,__ecma.Number,86,,,2,,__ecma.Number
90194314886,LITERAL,2,,,"""
    INSERT INTO weekly_dora_snapshots (
      project_id,
      week_start_date,
      week_end_date,
      total_deployments,
      production_deployments,
      failed_deployments,
      failure_rate_percent,
      total_changes,
      avg_lead_time_hours,
      total_incidents,
      avg_restore_time_hours
    ) VALUES ($1, $2, $3, $4, $5, $6, $7, $8, $9, $10, $11)
    ON CONFLICT (project_id, week_start_date)
    DO UPDATE SET
      week_end_date = EXCLUDED.week_end_date,
      total_deployments = EXCLUDED.total_deployments,
      production_deployments = EXCLUDED.production_deployments,
      failed_deployments = EXCLUDED.failed_deployments,
      failure_rate_percent = EXCLUDED.failure_rate_percent,
      total_changes = EXCLUDED.total_changes,
      avg_lead_time_hours = EXCLUDED.avg_lead_time_hours,
      total_incidents = EXCLUDED.total_incidents,
      avg_restore_time_hours = EXCLUDED.avg_restore_time_hours,
      created_at = NOW()
    RETURNING *
  """,23,__ecma.String,89,,,2,,__ecma.String
90194314887,LITERAL,2,,,0,50,__ecma.Number,122,,,2,,__ecma.Number
90194314888,LITERAL,2,,,0,55,__ecma.Number,123,,,2,,__ecma.Number
90194314889,LITERAL,2,,,0,54,__ecma.Number,124,,,2,,__ecma.Number
90194314890,LITERAL,2,,,0,50,__ecma.Number,125,,,2,,__ecma.Number
90194314891,LITERAL,2,,,0,44,__ecma.Number,126,,,2,,__ecma.Number
90194314892,LITERAL,3,,,null,74,__ecma.Null,127,,,3,,__ecma.Null
90194314893,LITERAL,2,,,0,49,__ecma.Number,128,,,2,,__ecma.Number
90194314894,LITERAL,3,,,null,86,__ecma.Null,129,,,3,,__ecma.Null
90194314895,LITERAL,2,,,0,21,__ecma.Number,132,,,2,,__ecma.Number
90194314896,LITERAL,2,,,"""
    SELECT DISTINCT project_id FROM tracked_project_snapshots WHERE is_active = true
  """,25,__ecma.String,145,,,2,,__ecma.String
90194314897,LITERAL,1,,,"""📊 Saving weekly DORA snapshots for """,15,__ecma.String,151,,,1,,__ecma.String
90194314898,LITERAL,3,,,""" projects...""",71,__ecma.String,151,,,3,,__ecma.String
90194314899,LITERAL,1,,,"""✅ Saved weekly snapshot for project """,19,__ecma.String,156,,,1,,__ecma.String
90194314900,LITERAL,3,,,"""""",67,__ecma.String,156,,,3,,__ecma.String
90194314901,LITERAL,1,,,"""❌ Failed to save snapshot for project """,21,__ecma.String,158,,,1,,__ecma.String
90194314902,LITERAL,3,,,""":""",71,__ecma.String,158,,,3,,__ecma.String
90194314903,LITERAL,1,,,"""✅ Weekly DORA snapshots saved for all projects""",14,__ecma.String,162,,,3,,__ecma.String
90194314904,LITERAL,2,,,0,41,__ecma.Number,173,,,2,,__ecma.Number
90194314905,LITERAL,2,,,7,45,__ecma.Number,173,,,2,,__ecma.Number
90194314906,LITERAL,1,,,0,22,__ecma.Number,177,,,3,,__ecma.Number
90194314907,LITERAL,2,,,0,25,__ecma.Number,177,,,4,,__ecma.Number
90194314908,LITERAL,3,,,0,28,__ecma.Number,177,,,5,,__ecma.Number
90194314909,LITERAL,4,,,0,31,__ecma.Number,177,,,6,,__ecma.Number
90194314910,LITERAL,2,,,6,46,__ecma.Number,180,,,2,,__ecma.Number
90194314911,LITERAL,1,,,23,24,__ecma.Number,181,,,3,,__ecma.Number
90194314912,LITERAL,2,,,59,28,__ecma.Number,181,,,4,,__ecma.Number
90194314913,LITERAL,3,,,59,32,__ecma.Number,181,,,5,,__ecma.Number
90194314914,LITERAL,4,,,999,36,__ecma.Number,181,,,6,,__ecma.Number
90194314915,LITERAL,1,,,"""📊 Capturing DORA snapshots for week: """,15,__ecma.String,195,,,1,,__ecma.String
90194314916,LITERAL,3,,,""" to """,79,__ecma.String,195,,,3,,__ecma.String
90194314917,LITERAL,5,,,"""""",107,__ecma.String,195,,,5,,__ecma.String
90194314918,LITERAL,2,,,12,18,__ecma.Number,205,,,2,,__ecma.Number
90194314919,LITERAL,2,,,"""
    SELECT *
    FROM weekly_dora_snapshots
    WHERE project_id = $1
    ORDER BY week_start_date DESC
    LIMIT $2
  """,17,__ecma.String,209,,,2,,__ecma.String
90194314920,LITERAL,1,,,"""../../db/connection""",0,,4,,,3,,ANY
90194314921,LITERAL,2,,,100,22,__ecma.Number,12,,,2,,__ecma.Number
90194314922,LITERAL,2,,,true,20,__ecma.Boolean,18,,,2,,__ecma.Boolean
90194314923,LITERAL,1,,,"""/projects/""",41,__ecma.String,25,,,1,,__ecma.String
90194314924,LITERAL,3,,,"""/repository/commits""",63,__ecma.String,25,,,3,,__ecma.String
90194314925,LITERAL,1,,,"""Error fetching commits for project """,21,__ecma.String,31,,,1,,__ecma.String
90194314926,LITERAL,3,,,""":""",68,__ecma.String,31,,,3,,__ecma.String
90194314927,LITERAL,1,,,"""/projects/""",9,__ecma.String,43,,,1,,__ecma.String
90194314928,LITERAL,3,,,"""/repository/commits/""",31,__ecma.String,43,,,3,,__ecma.String
90194314929,LITERAL,5,,,"""""",57,__ecma.String,43,,,5,,__ecma.String
90194314930,LITERAL,2,,,true,19,__ecma.Boolean,46,,,2,,__ecma.Boolean
90194314931,LITERAL,1,,,"""Error fetching commit """,21,__ecma.String,53,,,1,,__ecma.String
90194314932,LITERAL,3,,,""":""",49,__ecma.String,53,,,3,,__ecma.String
90194314933,LITERAL,1,,,null,13,__ecma.Null,54,,,1,,__ecma.Null
90194314934,LITERAL,2,,,1,18,__ecma.Number,68,,,2,,__ecma.Number
90194314935,LITERAL,1,,,"""/projects/""",9,__ecma.String,76,,,1,,__ecma.String
90194314936,LITERAL,3,,,"""/repository/commits""",31,__ecma.String,76,,,3,,__ecma.String
90194314937,LITERAL,2,,,"""x-total""",37,__ecma.String,80,,,2,,__ecma.String
90194314938,LITERAL,2,,,10,37,__ecma.Number,81,,,2,,__ecma.Number
90194314939,LITERAL,3,,,0,43,__ecma.Number,81,,,3,,__ecma.Number
90194314940,LITERAL,1,,,"""Error fetching commit count for project """,21,__ecma.String,83,,,1,,__ecma.String
90194314941,LITERAL,3,,,""":""",73,__ecma.String,83,,,3,,__ecma.String
90194314942,LITERAL,1,,,0,13,__ecma.Number,84,,,1,,__ecma.Number
90194314943,LITERAL,1,,,"""./gitlabClient""",0,,2,,,3,,ANY
90194314944,LITERAL,1,,,"""../../types""",0,,3,,,3,,ANY
90194314945,LITERAL,2,,,"""default""",0,__ecma.String,89,,,2,,__ecma.String
90194314946,LITERAL,1,,,"""/projects/""",41,__ecma.String,13,,,1,,__ecma.String
90194314947,LITERAL,3,,,"""/issues""",63,__ecma.String,13,,,3,,__ecma.String
90194314948,LITERAL,2,,,"""all""",17,__ecma.String,15,,,2,,__ecma.String
90194314949,LITERAL,2,,,"""updated_at""",20,__ecma.String,16,,,2,,__ecma.String
90194314950,LITERAL,2,,,"""desc""",16,__ecma.String,17,,,2,,__ecma.String
90194314951,LITERAL,2,,,100,20,__ecma.Number,18,,,2,,__ecma.Number
90194314952,LITERAL,1,,,"""Error fetching issues for project """,21,__ecma.String,24,,,1,,__ecma.String
90194314953,LITERAL,3,,,""":""",67,__ecma.String,24,,,3,,__ecma.String
90194314954,LITERAL,1,,,"""Failed to fetch issues: """,23,__ecma.String,25,,,1,,__ecma.String
90194314955,LITERAL,3,,,"""""",63,__ecma.String,25,,,3,,__ecma.String
90194314956,LITERAL,1,,,"""/projects/""",41,__ecma.String,39,,,1,,__ecma.String
90194314957,LITERAL,3,,,"""/issues""",63,__ecma.String,39,,,3,,__ecma.String
90194314958,LITERAL,2,,,1,20,__ecma.Number,42,,,2,,__ecma.Number
90194314959,LITERAL,2,,,"""x-total""",37,__ecma.String,46,,,2,,__ecma.String
90194314960,LITERAL,2,,,10,37,__ecma.Number,47,,,2,,__ecma.Number
90194314961,LITERAL,3,,,0,43,__ecma.Number,47,,,3,,__ecma.Number
90194314962,LITERAL,1,,,"""Error fetching issue count for project """,21,__ecma.String,49,,,1,,__ecma.String
90194314963,LITERAL,3,,,""":""",72,__ecma.String,49,,,3,,__ecma.String
90194314964,LITERAL,1,,,0,13,__ecma.Number,50,,,1,,__ecma.Number
90194314965,LITERAL,2,,,10000,25,__ecma.Number,61,,,2,,__ecma.Number
90194314966,LITERAL,2,,,1,17,__ecma.Number,66,,,2,,__ecma.Number
90194314967,LITERAL,2,,,100,22,__ecma.Number,67,,,2,,__ecma.Number
90194314968,LITERAL,3,,,null,63,__ecma.Null,70,,,3,,__ecma.Null
90194314969,LITERAL,1,,,"""/projects/""",43,__ecma.String,73,,,1,,__ecma.String
90194314970,LITERAL,3,,,"""/issues""",65,__ecma.String,73,,,3,,__ecma.String
90194314971,LITERAL,2,,,"""closed""",19,__ecma.String,75,,,2,,__ecma.String
90194314972,LITERAL,2,,,"""updated_at""",22,__ecma.String,76,,,2,,__ecma.String
90194314973,LITERAL,2,,,"""desc""",18,__ecma.String,77,,,2,,__ecma.String
90194314974,LITERAL,2,,,0,30,__ecma.Number,85,,,2,,__ecma.Number
90194314975,LITERAL,2,,,10,19,__ecma.Number,114,,,2,,__ecma.Number
90194314976,LITERAL,1,,,"""[GitLabIssueService] Reached page limit (10) for project """,24,__ecma.String,115,,,1,,__ecma.String
90194314977,LITERAL,3,,,"""""",93,__ecma.String,115,,,3,,__ecma.String
90194314978,LITERAL,1,,,0,29,__ecma.Number,120,,,3,,__ecma.Number
90194314979,LITERAL,1,,,"""Error fetching closed issues for project """,21,__ecma.String,122,,,1,,__ecma.String
90194314980,LITERAL,3,,,""":""",74,__ecma.String,122,,,3,,__ecma.String
90194314981,LITERAL,2,,,10000,25,__ecma.Number,134,,,2,,__ecma.Number
90194314982,LITERAL,2,,,1,17,__ecma.Number,139,,,2,,__ecma.Number
90194314983,LITERAL,2,,,100,22,__ecma.Number,140,,,2,,__ecma.Number
90194314984,LITERAL,1,,,"""/projects/""",43,__ecma.String,143,,,1,,__ecma.String
90194314985,LITERAL,3,,,"""/issues""",65,__ecma.String,143,,,3,,__ecma.String
90194314986,LITERAL,2,,,"""created_at""",22,__ecma.String,146,,,2,,__ecma.String
90194314987,LITERAL,2,,,"""desc""",18,__ecma.String,147,,,2,,__ecma.String
90194314988,LITERAL,2,,,0,30,__ecma.Number,155,,,2,,__ecma.Number
90194314989,LITERAL,1,,,0,29,__ecma.Number,169,,,3,,__ecma.Number
90194314990,LITERAL,1,,,"""Error fetching opened issues for project """,21,__ecma.String,171,,,1,,__ecma.String
90194314991,LITERAL,3,,,""":""",74,__ecma.String,171,,,3,,__ecma.String
90194314992,LITERAL,2,,,"""all""",41,__ecma.String,183,,,2,,__ecma.String
90194314993,LITERAL,1,,,""",""",28,__ecma.String,188,,,3,,__ecma.String
90194314994,LITERAL,2,,,100,18,__ecma.Number,190,,,2,,__ecma.Number
90194314995,LITERAL,1,,,"""/projects/""",41,__ecma.String,197,,,1,,__ecma.String
90194314996,LITERAL,3,,,"""/issues""",63,__ecma.String,197,,,3,,__ecma.String
90194314997,LITERAL,1,,,"""Error fetching issues by label for project """,21,__ecma.String,200,,,1,,__ecma.String
90194314998,LITERAL,3,,,""":""",76,__ecma.String,200,,,3,,__ecma.String
90194314999,LITERAL,2,,,10000,65,__ecma.Number,209,,,2,,__ecma.Number
90194315000,LITERAL,2,,,1,17,__ecma.Number,213,,,2,,__ecma.Number
90194315001,LITERAL,2,,,100,22,__ecma.Number,214,,,2,,__ecma.Number
90194315002,LITERAL,1,,,"""/projects/""",43,__ecma.String,217,,,1,,__ecma.String
90194315003,LITERAL,3,,,"""/issues""",65,__ecma.String,217,,,3,,__ecma.String
90194315004,LITERAL,2,,,"""opened""",19,__ecma.String,219,,,2,,__ecma.String
90194315005,LITERAL,2,,,"""updated_at""",22,__ecma.String,220,,,2,,__ecma.String
90194315006,LITERAL,2,,,"""asc""",18,__ecma.String,221,,,2,,__ecma.String
90194315007,LITERAL,2,,,0,30,__ecma.Number,229,,,2,,__ecma.Number
90194315008,LITERAL,1,,,0,29,__ecma.Number,243,,,3,,__ecma.Number
90194315009,LITERAL,1,,,"""Error fetching open issues for project """,21,__ecma.String,245,,,1,,__ecma.String
90194315010,LITERAL,3,,,""":""",72,__ecma.String,245,,,3,,__ecma.String
90194315011,LITERAL,1,,,"""/projects/""",9,__ecma.String,257,,,1,,__ecma.String
90194315012,LITERAL,3,,,"""/issues/""",31,__ecma.String,257,,,3,,__ecma.String
90194315013,LITERAL,5,,,"""/resource_state_events""",50,__ecma.String,257,,,5,,__ecma.String
90194315014,LITERAL,1,,,"""Error fetching state events for issue """,21,__ecma.String,262,,,1,,__ecma.String
90194315015,LITERAL,3,,,""":""",70,__ecma.String,262,,,3,,__ecma.String
90194315016,LITERAL,1,,,"""/projects/""",9,__ecma.String,274,,,1,,__ecma.String
90194315017,LITERAL,3,,,"""/issues/""",31,__ecma.String,274,,,3,,__ecma.String
90194315018,LITERAL,5,,,"""/closed_by""",50,__ecma.String,274,,,5,,__ecma.String
90194315019,LITERAL,1,,,"""/projects/""",9,__ecma.String,291,,,1,,__ecma.String
90194315020,LITERAL,3,,,"""/issues/""",31,__ecma.String,291,,,3,,__ecma.String
90194315021,LITERAL,5,,,"""/links""",50,__ecma.String,291,,,5,,__ecma.String
90194315022,LITERAL,1,,,"""./gitlabClient""",0,,2,,,3,,ANY
90194315023,LITERAL,1,,,"""../../types""",0,,3,,,3,,ANY
90194315024,LITERAL,1,,,"""../../types/issueMetrics.types""",0,,4,,,3,,ANY
90194315025,LITERAL,1,,,"""../../types/issueMetrics.types""",0,,4,,,3,,ANY
90194315026,LITERAL,2,,,"""default""",0,__ecma.String,301,,,2,,__ecma.String
90194315027,LITERAL,1,,,"""/projects/""",41,__ecma.String,12,,,1,,__ecma.String
90194315028,LITERAL,3,,,"""/merge_requests""",63,__ecma.String,12,,,3,,__ecma.String
90194315029,LITERAL,2,,,"""opened""",17,__ecma.String,14,,,2,,__ecma.String
90194315030,LITERAL,2,,,"""updated_at""",20,__ecma.String,15,,,2,,__ecma.String
90194315031,LITERAL,2,,,"""desc""",16,__ecma.String,16,,,2,,__ecma.String
90194315032,LITERAL,2,,,100,20,__ecma.Number,17,,,2,,__ecma.Number
90194315033,LITERAL,1,,,"""Error fetching merge requests for project """,21,__ecma.String,23,,,1,,__ecma.String
90194315034,LITERAL,3,,,""":""",75,__ecma.String,23,,,3,,__ecma.String
90194315035,LITERAL,1,,,"""Failed to fetch merge requests: """,23,__ecma.String,24,,,1,,__ecma.String
90194315036,LITERAL,3,,,"""""",71,__ecma.String,24,,,3,,__ecma.String
90194315037,LITERAL,2,,,"""opened""",89,__ecma.String,31,,,2,,__ecma.String
90194315038,LITERAL,1,,,"""/projects/""",41,__ecma.String,34,,,1,,__ecma.String
90194315039,LITERAL,3,,,"""/merge_requests""",63,__ecma.String,34,,,3,,__ecma.String
90194315040,LITERAL,2,,,1,20,__ecma.Number,37,,,2,,__ecma.Number
90194315041,LITERAL,2,,,"""x-total""",37,__ecma.String,41,,,2,,__ecma.String
90194315042,LITERAL,2,,,10,37,__ecma.Number,42,,,2,,__ecma.Number
90194315043,LITERAL,3,,,0,43,__ecma.Number,42,,,3,,__ecma.Number
90194315044,LITERAL,1,,,"""Error fetching MR count for project """,21,__ecma.String,44,,,1,,__ecma.String
90194315045,LITERAL,3,,,""":""",69,__ecma.String,44,,,3,,__ecma.String
90194315046,LITERAL,1,,,0,13,__ecma.Number,45,,,1,,__ecma.Number
90194315047,LITERAL,2,,,500,59,__ecma.Number,56,,,2,,__ecma.Number
90194315048,LITERAL,1,,,"""/projects/""",41,__ecma.String,59,,,1,,__ecma.String
90194315049,LITERAL,3,,,"""/merge_requests""",63,__ecma.String,59,,,3,,__ecma.String
90194315050,LITERAL,2,,,"""opened""",17,__ecma.String,61,,,2,,__ecma.String
90194315051,LITERAL,2,,,"""updated_at""",20,__ecma.String,62,,,2,,__ecma.String
90194315052,LITERAL,2,,,"""desc""",16,__ecma.String,63,,,2,,__ecma.String
90194315053,LITERAL,1,,,"""Error fetching open MRs for project """,21,__ecma.String,70,,,1,,__ecma.String
90194315054,LITERAL,3,,,""":""",69,__ecma.String,70,,,3,,__ecma.String
90194315055,LITERAL,2,,,500,22,__ecma.Number,81,,,2,,__ecma.Number
90194315056,LITERAL,2,,,"""merged""",15,__ecma.String,86,,,2,,__ecma.String
90194315057,LITERAL,2,,,"""updated_at""",18,__ecma.String,87,,,2,,__ecma.String
90194315058,LITERAL,2,,,"""desc""",14,__ecma.String,88,,,2,,__ecma.String
90194315059,LITERAL,1,,,"""/projects/""",41,__ecma.String,96,,,1,,__ecma.String
90194315060,LITERAL,3,,,"""/merge_requests""",63,__ecma.String,96,,,3,,__ecma.String
90194315061,LITERAL,1,,,"""Error fetching merged MRs for project """,21,__ecma.String,102,,,1,,__ecma.String
90194315062,LITERAL,3,,,""":""",71,__ecma.String,102,,,3,,__ecma.String
90194315063,LITERAL,2,,,500,22,__ecma.Number,113,,,2,,__ecma.Number
90194315064,LITERAL,1,,,"""/projects/""",41,__ecma.String,117,,,1,,__ecma.String
90194315065,LITERAL,3,,,"""/merge_requests""",63,__ecma.String,117,,,3,,__ecma.String
90194315066,LITERAL,2,,,"""created_at""",20,__ecma.String,120,,,2,,__ecma.String
90194315067,LITERAL,2,,,"""desc""",16,__ecma.String,121,,,2,,__ecma.String
90194315068,LITERAL,1,,,"""Error fetching opened MRs for project """,21,__ecma.String,128,,,1,,__ecma.String
90194315069,LITERAL,3,,,""":""",71,__ecma.String,128,,,3,,__ecma.String
90194315070,LITERAL,1,,,"""/projects/""",9,__ecma.String,140,,,1,,__ecma.String
90194315071,LITERAL,3,,,"""/merge_requests/""",31,__ecma.String,140,,,3,,__ecma.String
90194315072,LITERAL,5,,,"""/notes""",55,__ecma.String,140,,,5,,__ecma.String
90194315073,LITERAL,2,,,100,22,__ecma.Number,143,,,2,,__ecma.Number
90194315074,LITERAL,1,,,"""Error fetching notes for MR """,21,__ecma.String,150,,,1,,__ecma.String
90194315075,LITERAL,3,,,""":""",57,__ecma.String,150,,,3,,__ecma.String
90194315076,LITERAL,1,,,"""/projects/""",9,__ecma.String,162,,,1,,__ecma.String
90194315077,LITERAL,3,,,"""/merge_requests/""",31,__ecma.String,162,,,3,,__ecma.String
90194315078,LITERAL,5,,,"""""",55,__ecma.String,162,,,5,,__ecma.String
90194315079,LITERAL,2,,,false,40,__ecma.Boolean,165,,,2,,__ecma.Boolean
90194315080,LITERAL,1,,,"""Error fetching reviewers for MR """,21,__ecma.String,173,,,1,,__ecma.String
90194315081,LITERAL,3,,,""":""",61,__ecma.String,173,,,3,,__ecma.String
90194315082,LITERAL,1,,,"""revert""",37,__ecma.String,202,,,3,,__ecma.String
90194315083,LITERAL,1,,,"""/projects/""",9,__ecma.String,187,,,1,,__ecma.String
90194315084,LITERAL,3,,,"""/merge_requests/""",31,__ecma.String,187,,,3,,__ecma.String
90194315085,LITERAL,5,,,"""""",55,__ecma.String,187,,,5,,__ecma.String
90194315086,LITERAL,1,,,"""revert""",40,__ecma.String,194,,,3,,__ecma.String
90194315087,LITERAL,1,,,"""revert""",47,__ecma.String,195,,,3,,__ecma.String
90194315088,LITERAL,1,,,true,15,__ecma.Boolean,197,,,1,,__ecma.Boolean
90194315089,LITERAL,1,,,true,15,__ecma.Boolean,204,,,1,,__ecma.Boolean
90194315090,LITERAL,1,,,false,13,__ecma.Boolean,207,,,1,,__ecma.Boolean
90194315091,LITERAL,1,,,"""Error checking if MR """,21,__ecma.String,209,,,1,,__ecma.String
90194315092,LITERAL,3,,,""" was reverted:""",50,__ecma.String,209,,,3,,__ecma.String
90194315093,LITERAL,1,,,false,13,__ecma.Boolean,210,,,1,,__ecma.Boolean
90194315094,LITERAL,1,,,"""./gitlabClient""",0,,2,,,3,,ANY
90194315095,LITERAL,1,,,"""../../types""",0,,3,,,3,,ANY
90194315096,LITERAL,2,,,"""default""",0,__ecma.String,215,,,2,,__ecma.String
90194315097,LITERAL,1,,,"""/projects/""",37,__ecma.String,14,,,1,,__ecma.String
90194315098,LITERAL,3,,,"""/members/all""",59,__ecma.String,14,,,3,,__ecma.String
90194315099,LITERAL,2,,,100,28,__ecma.Number,15,,,2,,__ecma.Number
90194315100,LITERAL,2,,,1,39,__ecma.Number,15,,,2,,__ecma.Number
90194315101,LITERAL,2,,,"""x-total""",41,__ecma.String,18,,,2,,__ecma.String
90194315102,LITERAL,2,,,"""x-total-count""",70,__ecma.String,18,,,2,,__ecma.String
90194315103,LITERAL,2,,,10,45,__ecma.Number,20,,,2,,__ecma.Number
90194315104,LITERAL,1,,,0,13,__ecma.Number,27,,,1,,__ecma.Number
90194315105,LITERAL,1,,,"""⚠️ Failed to fetch members for project """,20,__ecma.String,29,,,1,,__ecma.String
90194315106,LITERAL,3,,,""": """,71,__ecma.String,29,,,3,,__ecma.String
90194315107,LITERAL,5,,,"""""",99,__ecma.String,29,,,5,,__ecma.String
90194315108,LITERAL,1,,,0,13,__ecma.Number,30,,,1,,__ecma.Number
90194315109,LITERAL,2,,,"""""",38,__ecma.String,63,,,2,,__ecma.String
90194315110,LITERAL,2,,,100,22,__ecma.Number,42,,,2,,__ecma.Number
90194315111,LITERAL,2,,,1,17,__ecma.Number,43,,,2,,__ecma.Number
90194315112,LITERAL,-1,,,true,13,__ecma.Boolean,46,,,1,,__ecma.Boolean
90194315113,LITERAL,1,,,"""/projects/""",39,__ecma.String,47,,,1,,__ecma.String
90194315114,LITERAL,3,,,"""/members/all""",61,__ecma.String,47,,,3,,__ecma.String
90194315115,LITERAL,2,,,0,62,__ecma.Number,51,,,2,,__ecma.Number
90194315116,LITERAL,2,,,1,16,__ecma.Number,57,,,2,,__ecma.Number
90194315117,LITERAL,1,,,"""⚠️ Failed to fetch member list for project """,20,__ecma.String,68,,,1,,__ecma.String
90194315118,LITERAL,3,,,""": """,75,__ecma.String,68,,,3,,__ecma.String
90194315119,LITERAL,5,,,"""""",103,__ecma.String,68,,,5,,__ecma.String
90194315120,LITERAL,1,,,"""./gitlabClient""",0,,2,,,3,,ANY
90194315121,LITERAL,2,,,"""default""",0,__ecma.String,74,,,2,,__ecma.String
90194315122,LITERAL,1,,,"""/user""",23,__ecma.String,11,,,3,,__ecma.String
90194315123,LITERAL,1,,,true,13,__ecma.Boolean,12,,,1,,__ecma.Boolean
90194315124,LITERAL,1,,,"""GitLab connection failed:""",20,__ecma.String,14,,,3,,__ecma.String
90194315125,LITERAL,1,,,false,13,__ecma.Boolean,15,,,1,,__ecma.Boolean
90194315126,LITERAL,1,,,"""/user""",40,__ecma.String,25,,,3,,__ecma.String
90194315127,LITERAL,1,,,"""Error fetching current user:""",20,__ecma.String,28,,,3,,__ecma.String
90194315128,LITERAL,1,,,"""Failed to fetch current user: """,23,__ecma.String,29,,,1,,__ecma.String
90194315129,LITERAL,3,,,"""""",69,__ecma.String,29,,,3,,__ecma.String
90194315130,LITERAL,1,,,"""./gitlabClient""",0,,2,,,3,,ANY
90194315131,LITERAL,2,,,"""default""",0,__ecma.String,34,,,2,,__ecma.String
90194315132,LITERAL,2,,,"""https://gitlab.com""",47,__ecma.String,17,,,2,,__ecma.String
90194315133,LITERAL,2,,,"""""",53,__ecma.String,18,,,2,,__ecma.String
90194315134,LITERAL,1,,,"""⚠️ GITLAB_TOKEN is not set in environment variables""",19,__ecma.String,21,,,3,,__ecma.String
90194315135,LITERAL,1,,,"""""",16,__ecma.String,25,,,1,,__ecma.String
90194315136,LITERAL,3,,,"""/api/v4""",33,__ecma.String,25,,,3,,__ecma.String
90194315137,LITERAL,2,,,"""application/json""",24,__ecma.String,28,,,2,,__ecma.String
90194315138,LITERAL,2,,,30000,15,__ecma.Number,30,,,2,,__ecma.Number
90194315139,LITERAL,2,,,null,41,__ecma.Null,5,,,2,,__ecma.Null
90194315140,LITERAL,2,,,"""""",21,__ecma.String,10,,,2,,__ecma.String
90194315141,LITERAL,2,,,"""""",17,__ecma.String,11,,,2,,__ecma.String
90194315142,LITERAL,1,,,"""axios""",0,,2,,,3,,ANY
90194315143,LITERAL,1,,,"""axios""",0,,2,,,3,,ANY
90194315144,LITERAL,2,,,"""default""",0,__ecma.String,42,,,2,,__ecma.String
90194315145,LITERAL,1,,,"""/groups""",40,__ecma.String,12,,,3,,__ecma.String
90194315146,LITERAL,2,,,100,20,__ecma.Number,14,,,2,,__ecma.Number
90194315147,LITERAL,1,,,"""Error fetching GitLab groups:""",20,__ecma.String,19,,,3,,__ecma.String
90194315148,LITERAL,1,,,"""Failed to fetch groups from GitLab: """,23,__ecma.String,20,,,1,,__ecma.String
90194315149,LITERAL,3,,,"""""",75,__ecma.String,20,,,3,,__ecma.String
90194315150,LITERAL,1,,,"""/groups/""",41,__ecma.String,30,,,1,,__ecma.String
90194315151,LITERAL,3,,,"""""",59,__ecma.String,30,,,3,,__ecma.String
90194315152,LITERAL,1,,,"""Error fetching GitLab group:""",20,__ecma.String,33,,,3,,__ecma.String
90194315153,LITERAL,1,,,"""Failed to fetch group from GitLab: """,23,__ecma.String,34,,,1,,__ecma.String
90194315154,LITERAL,3,,,"""""",74,__ecma.String,34,,,3,,__ecma.String
90194315155,LITERAL,1,,,"""/""",35,__ecma.String,54,,,3,,__ecma.String
90194315156,LITERAL,1,,,"""Error building group path:""",20,__ecma.String,56,,,3,,__ecma.String
90194315157,LITERAL,1,,,"""""",13,__ecma.String,57,,,1,,__ecma.String
90194315158,LITERAL,1,,,"""./gitlabClient""",0,,2,,,3,,ANY
90194315159,LITERAL,1,,,"""../../types""",0,,3,,,3,,ANY
90194315160,LITERAL,2,,,"""default""",0,__ecma.String,62,,,2,,__ecma.String
90194315161,LITERAL,1,,,true,27,__ecma.Boolean,28,,,1,,__ecma.Boolean
90194315162,LITERAL,1,,,"""/projects/""",47,__ecma.String,12,,,1,,__ecma.String
90194315163,LITERAL,3,,,"""/milestones""",69,__ecma.String,12,,,3,,__ecma.String
90194315164,LITERAL,2,,,"""active""",27,__ecma.String,14,,,2,,__ecma.String
90194315165,LITERAL,2,,,"""updated_at""",30,__ecma.String,15,,,2,,__ecma.String
90194315166,LITERAL,2,,,"""desc""",26,__ecma.String,16,,,2,,__ecma.String
90194315167,LITERAL,2,,,100,30,__ecma.Number,17,,,2,,__ecma.Number
90194315168,LITERAL,1,,,GitLabMilestone[],31,,21,,,1,__ecma.Array,ANY
90194315169,LITERAL,1,,,"""Error fetching project milestones:""",26,__ecma.String,36,,,3,,__ecma.String
90194315170,LITERAL,1,,,"""./gitlabClient""",0,,1,,,3,,ANY
90194315171,LITERAL,1,,,"""../../types""",0,,2,,,3,,ANY
90194315172,LITERAL,2,,,"""default""",0,__ecma.String,42,,,2,,__ecma.String
90194315173,LITERAL,2,,,1,17,__ecma.Number,13,,,2,,__ecma.Number
90194315174,LITERAL,2,,,true,25,__ecma.Boolean,14,,,2,,__ecma.Boolean
90194315175,LITERAL,1,,,"""🔄 Fetching all projects from GitLab (with pagination)...""",18,__ecma.String,16,,,3,,__ecma.String
90194315176,LITERAL,1,,,"""/projects""",42,__ecma.String,19,,,3,,__ecma.String
90194315177,LITERAL,2,,,true,24,__ecma.Boolean,21,,,2,,__ecma.Boolean
90194315178,LITERAL,2,,,100,22,__ecma.Number,22,,,2,,__ecma.Number
90194315179,LITERAL,2,,,"""last_activity_at""",22,__ecma.String,24,,,2,,__ecma.String
90194315180,LITERAL,2,,,"""desc""",18,__ecma.String,25,,,2,,__ecma.String
90194315181,LITERAL,1,,,"""   Page """,21,__ecma.String,32,,,1,,__ecma.String
90194315182,LITERAL,3,,,""": fetched """,36,__ecma.String,32,,,3,,__ecma.String
90194315183,LITERAL,5,,,""" projects (total: """,64,__ecma.String,32,,,5,,__ecma.String
90194315184,LITERAL,7,,,""")""",103,__ecma.String,32,,,7,,__ecma.String
90194315185,LITERAL,2,,,"""x-next-page""",42,__ecma.String,36,,,2,,__ecma.String
90194315186,LITERAL,2,,,"""""",48,__ecma.String,37,,,2,,__ecma.String
90194315187,LITERAL,2,,,100,74,__ecma.Number,37,,,2,,__ecma.Number
90194315188,LITERAL,2,,,20,19,__ecma.Number,42,,,2,,__ecma.Number
90194315189,LITERAL,1,,,"""⚠️  Reached page limit of 20, stopping pagination""",23,__ecma.String,43,,,3,,__ecma.String
90194315190,LITERAL,1,,,"""✅ Total projects fetched: """,19,__ecma.String,48,,,1,,__ecma.String
90194315191,LITERAL,3,,,"""""",66,__ecma.String,48,,,3,,__ecma.String
90194315192,LITERAL,1,,,"""Error fetching GitLab projects:""",20,__ecma.String,51,,,3,,__ecma.String
90194315193,LITERAL,1,,,"""Failed to fetch projects from GitLab: """,23,__ecma.String,52,,,1,,__ecma.String
90194315194,LITERAL,3,,,"""""",77,__ecma.String,52,,,3,,__ecma.String
90194315195,LITERAL,1,,,"""/projects/""",41,__ecma.String,62,,,1,,__ecma.String
90194315196,LITERAL,3,,,"""""",63,__ecma.String,62,,,3,,__ecma.String
90194315197,LITERAL,1,,,"""Error fetching GitLab project:""",20,__ecma.String,65,,,3,,__ecma.String
90194315198,LITERAL,1,,,"""Failed to fetch project from GitLab: """,23,__ecma.String,66,,,1,,__ecma.String
90194315199,LITERAL,3,,,"""""",76,__ecma.String,66,,,3,,__ecma.String
90194315200,LITERAL,1,,,"""./gitlabClient""",0,,2,,,3,,ANY
90194315201,LITERAL,1,,,"""../../types""",0,,3,,,3,,ANY
90194315202,LITERAL,2,,,"""default""",0,__ecma.String,71,,,2,,__ecma.String
90194315203,LITERAL,1,,,"""./gitlabClient""",0,,2,,,1,,ANY
90194315204,LITERAL,1,,,"""./gitlabAuthService""",0,,3,,,1,,ANY
90194315205,LITERAL,1,,,"""./gitlabProjectService""",0,,4,,,1,,ANY
90194315206,LITERAL,1,,,"""./gitlabGroupService""",0,,5,,,1,,ANY
90194315207,LITERAL,1,,,"""./gitLabIssueService""",0,,6,,,1,,ANY
90194315208,LITERAL,1,,,"""./gitLabMRService""",0,,7,,,1,,ANY
90194315209,LITERAL,1,,,"""./gitlabMilestoneService""",0,,8,,,1,,ANY
90194315210,LITERAL,1,,,"""[IssueMetrics] Calculating metrics for project """,17,__ecma.String,32,,,1,,__ecma.String
90194315211,LITERAL,3,,,"""""",76,__ecma.String,32,,,3,,__ecma.String
90194315212,LITERAL,1,,,"""[IssueMetrics] DEBUG - Calculated issues_closed_last_30d = """,17,__ecma.String,40,,,1,,__ecma.String
90194315213,LITERAL,3,,,"""""",101,__ecma.String,40,,,3,,__ecma.String
90194315214,LITERAL,1,,,1000,48,__ecma.Number,148,,,1,,__ecma.Number
90194315215,LITERAL,2,,,60,55,__ecma.Number,148,,,2,,__ecma.Number
90194315216,LITERAL,2,,,60,60,__ecma.Number,148,,,2,,__ecma.Number
90194315217,LITERAL,2,,,0,30,__ecma.Number,150,,,2,,__ecma.Number
90194315218,LITERAL,2,,,3,22,__ecma.Number,155,,,2,,__ecma.Number
90194315219,LITERAL,1,,,"""[CycleTime] Issue """,25,__ecma.String,156,,,1,,__ecma.String
90194315220,LITERAL,3,,,""": """,55,__ecma.String,156,,,3,,__ecma.String
90194315221,LITERAL,1,,,2,83,__ecma.Number,156,,,3,,__ecma.Number
90194315222,LITERAL,5,,,""" hours (""",86,__ecma.String,156,,,5,,__ecma.String
90194315223,LITERAL,2,,,24,113,__ecma.Number,156,,,2,,__ecma.Number
90194315224,LITERAL,1,,,2,125,__ecma.Number,156,,,3,,__ecma.Number
90194315225,LITERAL,7,,,""" days)""",128,__ecma.String,156,,,7,,__ecma.String
90194315226,LITERAL,2,,,3,20,__ecma.Number,161,,,2,,__ecma.Number
90194315227,LITERAL,1,,,"""[CycleTime] Issue """,23,__ecma.String,162,,,1,,__ecma.String
90194315228,LITERAL,3,,,""": Missing dates - created_at: """,53,__ecma.String,162,,,3,,__ecma.String
90194315229,LITERAL,5,,,""", closed_at: """,102,__ecma.String,162,,,5,,__ecma.String
90194315230,LITERAL,7,,,"""""",133,__ecma.String,162,,,7,,__ecma.String
90194315231,LITERAL,2,,,0,33,__ecma.Number,138,,,2,,__ecma.Number
90194315232,LITERAL,2,,,0,38,__ecma.Number,139,,,2,,__ecma.Number
90194315233,LITERAL,1,,,"""[CycleTime] Processing """,17,__ecma.String,141,,,1,,__ecma.String
90194315234,LITERAL,3,,,""" closed issues for cycle time calculation""",62,__ecma.String,141,,,3,,__ecma.String
90194315235,LITERAL,2,,,0,36,__ecma.Number,168,,,2,,__ecma.Number
90194315236,LITERAL,3,,,0,10,__ecma.Number,170,,,3,,__ecma.Number
90194315237,LITERAL,2,,,24,55,__ecma.Number,172,,,2,,__ecma.Number
90194315238,LITERAL,1,,,"""[CycleTime] Result: """,17,__ecma.String,174,,,1,,__ecma.String
90194315239,LITERAL,3,,,""" issues with valid times, avg """,67,__ecma.String,174,,,3,,__ecma.String
90194315240,LITERAL,1,,,2,127,__ecma.Number,174,,,3,,__ecma.Number
90194315241,LITERAL,5,,,""" days""",130,__ecma.String,174,,,5,,__ecma.String
90194315242,LITERAL,1,,,2,72,__ecma.Number,177,,,3,,__ecma.Number
90194315243,LITERAL,1,,,2,68,__ecma.Number,179,,,3,,__ecma.Number
90194315244,LITERAL,1,,,2,66,__ecma.Number,180,,,3,,__ecma.Number
90194315245,LITERAL,2,,,0,21,__ecma.Number,189,,,2,,__ecma.Number
90194315246,LITERAL,2,,,100,58,__ecma.Number,189,,,2,,__ecma.Number
90194315247,LITERAL,3,,,0,64,__ecma.Number,189,,,3,,__ecma.Number
90194315248,LITERAL,1,,,2,66,__ecma.Number,194,,,3,,__ecma.Number
90194315249,LITERAL,2,,,0,38,__ecma.Number,203,,,2,,__ecma.Number
90194315250,LITERAL,2,,,100,63,__ecma.Number,203,,,2,,__ecma.Number
90194315251,LITERAL,3,,,0,69,__ecma.Number,203,,,3,,__ecma.Number
90194315252,LITERAL,1,,,2,62,__ecma.Number,208,,,3,,__ecma.Number
90194315253,LITERAL,2,,,60,50,__ecma.Number,217,,,2,,__ecma.Number
90194315254,LITERAL,2,,,0,29,__ecma.Number,219,,,2,,__ecma.Number
90194315255,LITERAL,2,,,0,26,__ecma.Number,231,,,2,,__ecma.Number
90194315256,LITERAL,2,,,100,73,__ecma.Number,231,,,2,,__ecma.Number
90194315257,LITERAL,3,,,0,79,__ecma.Number,231,,,3,,__ecma.Number
90194315258,LITERAL,1,,,2,68,__ecma.Number,235,,,3,,__ecma.Number
90194315259,LITERAL,2,,,"""opened""",25,__ecma.String,247,,,2,,__ecma.String
90194315260,LITERAL,2,,,"""opened""",25,__ecma.String,250,,,2,,__ecma.String
90194315261,LITERAL,2,,,"""closed""",68,__ecma.String,254,,,2,,__ecma.String
90194315262,LITERAL,1,,,1000,48,__ecma.Number,262,,,1,,__ecma.Number
90194315263,LITERAL,2,,,60,55,__ecma.Number,262,,,2,,__ecma.Number
90194315264,LITERAL,2,,,60,60,__ecma.Number,262,,,2,,__ecma.Number
90194315265,LITERAL,2,,,0,31,__ecma.Number,255,,,2,,__ecma.Number
90194315266,LITERAL,2,,,0,16,__ecma.Number,256,,,2,,__ecma.Number
90194315267,LITERAL,2,,,0,14,__ecma.Number,268,,,2,,__ecma.Number
90194315268,LITERAL,3,,,0,49,__ecma.Number,268,,,3,,__ecma.Number
90194315269,LITERAL,1,,,2,46,__ecma.Number,274,,,3,,__ecma.Number
90194315270,LITERAL,2,,,0,16,__ecma.Number,284,,,2,,__ecma.Number
90194315271,LITERAL,2,,,100,44,__ecma.Number,284,,,2,,__ecma.Number
90194315272,LITERAL,3,,,0,50,__ecma.Number,284,,,3,,__ecma.Number
90194315273,LITERAL,1,,,2,80,__ecma.Number,289,,,3,,__ecma.Number
90194315274,LITERAL,2,,,0,21,__ecma.Number,299,,,2,,__ecma.Number
90194315275,LITERAL,1,,,"""RED_ALERT""",31,__ecma.String,299,,,1,,__ecma.String
90194315276,LITERAL,2,,,10,19,__ecma.Number,300,,,2,,__ecma.Number
90194315277,LITERAL,1,,,"""WARNING""",30,__ecma.String,300,,,1,,__ecma.String
90194315278,LITERAL,1,,,"""NORMAL""",11,__ecma.String,301,,,1,,__ecma.String
90194315279,LITERAL,2,,,14,18,__ecma.Number,305,,,2,,__ecma.Number
90194315280,LITERAL,1,,,"""RED_ALERT""",29,__ecma.String,305,,,1,,__ecma.String
90194315281,LITERAL,2,,,7,18,__ecma.Number,306,,,2,,__ecma.Number
90194315282,LITERAL,1,,,"""WARNING""",28,__ecma.String,306,,,1,,__ecma.String
90194315283,LITERAL,1,,,"""NORMAL""",11,__ecma.String,307,,,1,,__ecma.String
90194315284,LITERAL,2,,,15,21,__ecma.Number,311,,,2,,__ecma.Number
90194315285,LITERAL,1,,,"""RED_ALERT""",32,__ecma.String,311,,,1,,__ecma.String
90194315286,LITERAL,2,,,10,21,__ecma.Number,312,,,2,,__ecma.Number
90194315287,LITERAL,1,,,"""WARNING""",32,__ecma.String,312,,,1,,__ecma.String
90194315288,LITERAL,1,,,"""NORMAL""",11,__ecma.String,313,,,1,,__ecma.String
90194315289,LITERAL,2,,,50,19,__ecma.Number,317,,,2,,__ecma.Number
90194315290,LITERAL,1,,,"""RED_ALERT""",30,__ecma.String,317,,,1,,__ecma.String
90194315291,LITERAL,2,,,30,19,__ecma.Number,318,,,2,,__ecma.Number
90194315292,LITERAL,1,,,"""WARNING""",30,__ecma.String,318,,,1,,__ecma.String
90194315293,LITERAL,1,,,"""NORMAL""",11,__ecma.String,319,,,1,,__ecma.String
90194315294,LITERAL,2,,,0,26,__ecma.Number,326,,,2,,__ecma.Number
90194315295,LITERAL,1,,,0,13,__ecma.Number,327,,,1,,__ecma.Number
90194315296,LITERAL,1,,,2,35,__ecma.Number,330,,,3,,__ecma.Number
90194315297,LITERAL,2,,,"""reopened""",73,__ecma.String,340,,,2,,__ecma.String
90194315298,LITERAL,2,,,"""opened""",62,__ecma.String,344,,,2,,__ecma.String
90194315299,LITERAL,2,,,0,31,__ecma.Number,337,,,2,,__ecma.Number
90194315300,LITERAL,1,,,false,41,__ecma.Boolean,337,,,1,,__ecma.Boolean
90194315301,LITERAL,1,,,true,33,__ecma.Boolean,341,,,1,,__ecma.Boolean
90194315302,LITERAL,2,,,1,25,__ecma.Number,345,,,2,,__ecma.Number
90194315303,LITERAL,1,,,"""../../types/gitlab.types""",0,,4,,,3,,ANY
90194315304,LITERAL,1,,,"""../../types/issueMetrics.types""",0,,5,,,3,,ANY
90194315305,LITERAL,1,,,"""../../types/issueMetrics.types""",0,,5,,,3,,ANY
90194315306,LITERAL,2,,,"""default""",0,__ecma.String,349,,,2,,__ecma.String
90194315307,LITERAL,2,,,"""
        INSERT INTO issue_health_metrics (
          uuid,
          project_id,
          total_open_issues,
          total_closed_issues,
          issues_closed_last_7d,
          issues_closed_last_30d,
          total_resolution_hours,
          issues_with_resolution_time,
          avg_cycle_time_hours,
          avg_cycle_time_days,
          issues_reopened_count,
          issues_checked_for_reopens,
          reopen_rate_percent,
          bug_issues_count,
          feature_issues_count,
          bug_ratio_percent,
          issues_opened_last_7d,
          issues_opened_last_30d,
          net_issue_change_7d,
          stale_issues_count,
          stale_issues_percent,
          critical_issues_open,
          blocker_issues_open,
          critical_avg_resolution_hours,
          issues_with_mr_links,
          total_closed_issues_checked,
          issue_mr_link_rate_percent,
          closure_rate_percent,
          velocity_alert_level,
          cycle_time_alert_level,
          reopen_rate_alert_level,
          bug_ratio_alert_level,
          calculated_at
        ) VALUES (
          gen_random_uuid(),
          $1, $2, $3, $4, $5, $6, $7, $8, $9, $10, $11, $12, $13, $14, $15,
          $16, $17, $18, $19, $20, $21, $22, $23, $24, $25, $26, $27, $28, $29, $30, $31,
          CURRENT_TIMESTAMP
        )
        RETURNING *;
      """,21,__ecma.String,22,,,2,,__ecma.String
90194315308,LITERAL,1,,,"""[IssueMetricsDb] Saved metrics for project """,19,__ecma.String,101,,,1,,__ecma.String
90194315309,LITERAL,3,,,"""""",74,__ecma.String,101,,,3,,__ecma.String
90194315310,LITERAL,2,,,0,25,__ecma.Number,102,,,2,,__ecma.Number
90194315311,LITERAL,1,,,"""[IssueMetricsDb] Error saving metrics:""",20,__ecma.String,104,,,3,,__ecma.String
90194315312,LITERAL,1,,,"""No metrics found for project """,25,__ecma.String,117,,,1,,__ecma.String
90194315313,LITERAL,3,,,"""""",66,__ecma.String,117,,,3,,__ecma.String
90194315314,LITERAL,2,,,"""
        INSERT INTO issue_metrics_history (
          uuid,
          project_id,
          snapshot_date,
          total_open_issues,
          total_closed_issues,
          issues_closed_last_7d,
          avg_cycle_time_days,
          reopen_rate_percent,
          bug_ratio_percent,
          stale_issues_count,
          critical_issues_open,
          closure_rate_percent,
          issues_closed_last_30d,
          issues_opened_last_30d,
          health_score,
          created_at
        ) VALUES (
          gen_random_uuid(),
          $1, CURRENT_DATE, $2, $3, $4, $5, $6, $7, $8, $9, $10, $11, $12, $13, CURRENT_TIMESTAMP
        )
        RETURNING *;
      """,21,__ecma.String,128,,,2,,__ecma.String
90194315315,LITERAL,1,,,"""[IssueMetricsDb] Saved historical snapshot for project """,19,__ecma.String,170,,,1,,__ecma.String
90194315316,LITERAL,3,,,""" with health score: """,86,__ecma.String,170,,,3,,__ecma.String
90194315317,LITERAL,5,,,"""""",120,__ecma.String,170,,,5,,__ecma.String
90194315318,LITERAL,2,,,0,25,__ecma.Number,171,,,2,,__ecma.Number
90194315319,LITERAL,1,,,"""[IssueMetricsDb] Error saving historical snapshot:""",20,__ecma.String,173,,,3,,__ecma.String
90194315320,LITERAL,2,,,"""
        SELECT * FROM issue_health_metrics
        WHERE project_id = $1
        ORDER BY calculated_at DESC
        LIMIT 1;
      """,21,__ecma.String,183,,,2,,__ecma.String
90194315321,LITERAL,2,,,0,25,__ecma.Number,191,,,2,,__ecma.Number
90194315322,LITERAL,2,,,null,31,__ecma.Null,191,,,2,,__ecma.Null
90194315323,LITERAL,1,,,"""[IssueMetricsDb] Error getting metrics:""",20,__ecma.String,193,,,3,,__ecma.String
90194315324,LITERAL,2,,,30,19,__ecma.Number,203,,,2,,__ecma.Number
90194315325,LITERAL,1,,,"""
        SELECT * FROM issue_metrics_history
        WHERE project_id = $1
          AND snapshot_date >= CURRENT_DATE - INTERVAL '""",21,__ecma.String,206,,,1,,__ecma.String
90194315326,LITERAL,3,,,""" days'
        ORDER BY snapshot_date DESC;
      """,63,__ecma.String,209,,,3,,__ecma.String
90194315327,LITERAL,1,,,"""[IssueMetricsDb] Error getting metrics history:""",20,__ecma.String,216,,,3,,__ecma.String
90194315328,LITERAL,1,,,null,15,__ecma.Null,229,,,1,,__ecma.Null
90194315329,LITERAL,2,,,"""
        SELECT * FROM issue_metrics_history
        WHERE project_id = $1
          AND snapshot_date = CURRENT_DATE - INTERVAL '7 days'
        ORDER BY snapshot_date DESC
        LIMIT 1;
      """,21,__ecma.String,233,,,2,,__ecma.String
90194315330,LITERAL,2,,,0,35,__ecma.Number,242,,,2,,__ecma.Number
90194315331,LITERAL,2,,,false,25,__ecma.Boolean,246,,,2,,__ecma.Boolean
90194315332,LITERAL,2,,,null,27,__ecma.Null,247,,,2,,__ecma.Null
90194315333,LITERAL,2,,,null,29,__ecma.Null,248,,,2,,__ecma.Null
90194315334,LITERAL,2,,,null,30,__ecma.Null,249,,,2,,__ecma.Null
90194315335,LITERAL,2,,,null,28,__ecma.Null,250,,,2,,__ecma.Null
90194315336,LITERAL,2,,,null,31,__ecma.Null,251,,,2,,__ecma.Null
90194315337,LITERAL,2,,,null,34,__ecma.Null,252,,,2,,__ecma.Null
90194315338,LITERAL,2,,,true,23,__ecma.Boolean,257,,,2,,__ecma.Boolean
90194315339,LITERAL,1,,,"""[IssueMetricsDb] Error calculating trends:""",20,__ecma.String,284,,,3,,__ecma.String
90194315340,LITERAL,2,,,0,21,__ecma.Number,293,,,2,,__ecma.Number
90194315341,LITERAL,2,,,0,41,__ecma.Number,293,,,2,,__ecma.Number
90194315342,LITERAL,2,,,100,45,__ecma.Number,293,,,2,,__ecma.Number
90194315343,LITERAL,3,,,0,51,__ecma.Number,293,,,3,,__ecma.Number
90194315344,LITERAL,2,,,100,59,__ecma.Number,294,,,2,,__ecma.Number
90194315345,LITERAL,1,,,2,72,__ecma.Number,294,,,3,,__ecma.Number
90194315346,LITERAL,2,,,"""
        SELECT * FROM issue_health_metrics
        WHERE project_id = $1
        ORDER BY calculated_at DESC;
      """,21,__ecma.String,302,,,2,,__ecma.String
90194315347,LITERAL,1,,,"""[IssueMetricsDb] Error getting all metrics:""",20,__ecma.String,311,,,3,,__ecma.String
90194315348,LITERAL,1,,,"""DELETE FROM issue_health_metrics WHERE project_id = $1""",28,__ecma.String,321,,,3,,__ecma.String
90194315349,LITERAL,1,,,"""[IssueMetricsDb] Deleted metrics for project """,19,__ecma.String,324,,,1,,__ecma.String
90194315350,LITERAL,3,,,"""""",76,__ecma.String,324,,,3,,__ecma.String
90194315351,LITERAL,1,,,"""[IssueMetricsDb] Error deleting metrics:""",20,__ecma.String,326,,,3,,__ecma.String
90194315352,LITERAL,1,,,"""../../db/connection""",0,,4,,,3,,ANY
90194315353,LITERAL,1,,,"""../../types/issueMetrics.types""",0,,5,,,3,,ANY
90194315354,LITERAL,1,,,"""../../types/issueMetrics.types""",0,,5,,,3,,ANY
90194315355,LITERAL,1,,,"""../../types/issueMetrics.types""",0,,5,,,3,,ANY
90194315356,LITERAL,1,,,"""../../utils/healthScoreCalculator""",0,,10,,,3,,ANY
90194315357,LITERAL,2,,,"""default""",0,__ecma.String,332,,,2,,__ecma.String
90194315358,LITERAL,1,,,"""[IssueMetricsSync] Starting sync for project """,17,__ecma.String,15,,,1,,__ecma.String
90194315359,LITERAL,3,,,"""""",74,__ecma.String,15,,,3,,__ecma.String
90194315360,LITERAL,1,,,"""[IssueMetricsSync] Step 1: Fetching data from GitLab...""",18,__ecma.String,19,,,3,,__ecma.String
90194315361,LITERAL,1,,,"""[IssueMetricsSync] Step 1 completed - data fetched""",18,__ecma.String,21,,,3,,__ecma.String
90194315362,LITERAL,1,,,"""[IssueMetricsSync] Step 2: Calculating metrics...""",18,__ecma.String,24,,,3,,__ecma.String
90194315363,LITERAL,1,,,"""[IssueMetricsSync] Step 3: Saving metrics to database...""",18,__ecma.String,43,,,3,,__ecma.String
90194315364,LITERAL,1,,,"""[IssueMetricsSync] Step 4: Saving historical snapshot...""",18,__ecma.String,50,,,3,,__ecma.String
90194315365,LITERAL,1,,,"""[IssueMetricsSync] ✅ Sync completed for project """,19,__ecma.String,53,,,1,,__ecma.String
90194315366,LITERAL,3,,,"""""",79,__ecma.String,53,,,3,,__ecma.String
90194315367,LITERAL,1,,,"""[IssueMetricsSync] ❌ Error syncing project """,21,__ecma.String,57,,,1,,__ecma.String
90194315368,LITERAL,3,,,""":""",76,__ecma.String,57,,,3,,__ecma.String
90194315369,LITERAL,2,,,7,50,__ecma.Number,67,,,2,,__ecma.Number
90194315370,LITERAL,2,,,30,52,__ecma.Number,71,,,2,,__ecma.Number
90194315371,LITERAL,1,,,"""[IssueMetricsSync] Fetching basic counts...""",16,__ecma.String,74,,,3,,__ecma.String
90194315372,LITERAL,2,,,"""closed""",79,__ecma.String,77,,,4,,__ecma.String
90194315373,LITERAL,2,,,"""opened""",77,__ecma.String,78,,,4,,__ecma.String
90194315374,LITERAL,1,,,"""[IssueMetricsSync] Total issues: """,17,__ecma.String,80,,,1,,__ecma.String
90194315375,LITERAL,3,,,""" open, """,67,__ecma.String,80,,,3,,__ecma.String
90194315376,LITERAL,5,,,""" closed""",93,__ecma.String,80,,,5,,__ecma.String
90194315377,LITERAL,1,,,"""[IssueMetricsSync] DEBUG - Header says """,17,__ecma.String,86,,,1,,__ecma.String
90194315378,LITERAL,3,,,""" total closed""",75,__ecma.String,86,,,3,,__ecma.String
90194315379,LITERAL,1,,,"""[IssueMetricsSync] Fetching issue data...""",16,__ecma.String,89,,,3,,__ecma.String
90194315380,LITERAL,2,,,10000,50,__ecma.Number,104,,,4,,__ecma.Number
90194315381,LITERAL,3,,,10000,69,__ecma.Number,107,,,5,,__ecma.Number
90194315382,LITERAL,3,,,10000,70,__ecma.Number,110,,,5,,__ecma.Number
90194315383,LITERAL,3,,,10000,63,__ecma.Number,113,,,5,,__ecma.Number
90194315384,LITERAL,3,,,10000,69,__ecma.Number,116,,,5,,__ecma.Number
90194315385,LITERAL,3,,,10000,70,__ecma.Number,119,,,5,,__ecma.Number
90194315386,LITERAL,1,,,"""bug""",54,__ecma.String,122,,,3,,__ecma.String
90194315387,LITERAL,4,,,"""all""",73,__ecma.String,122,,,6,,__ecma.String
90194315388,LITERAL,1,,,"""feature""",54,__ecma.String,125,,,3,,__ecma.String
90194315389,LITERAL,4,,,"""all""",77,__ecma.String,125,,,6,,__ecma.String
90194315390,LITERAL,1,,,"""priority::critical""",54,__ecma.String,128,,,3,,__ecma.String
90194315391,LITERAL,4,,,"""opened""",88,__ecma.String,128,,,6,,__ecma.String
90194315392,LITERAL,1,,,"""priority::blocker""",54,__ecma.String,131,,,3,,__ecma.String
90194315393,LITERAL,4,,,"""opened""",87,__ecma.String,131,,,6,,__ecma.String
90194315394,LITERAL,2,,,0,6,__ecma.Number,92,,,2,,__ecma.Number
90194315395,LITERAL,2,,,1,6,__ecma.Number,93,,,2,,__ecma.Number
90194315396,LITERAL,2,,,2,6,__ecma.Number,94,,,2,,__ecma.Number
90194315397,LITERAL,2,,,3,6,__ecma.Number,95,,,2,,__ecma.Number
90194315398,LITERAL,2,,,4,6,__ecma.Number,96,,,2,,__ecma.Number
90194315399,LITERAL,2,,,5,6,__ecma.Number,97,,,2,,__ecma.Number
90194315400,LITERAL,2,,,6,6,__ecma.Number,98,,,2,,__ecma.Number
90194315401,LITERAL,2,,,7,6,__ecma.Number,99,,,2,,__ecma.Number
90194315402,LITERAL,2,,,8,6,__ecma.Number,100,,,2,,__ecma.Number
90194315403,LITERAL,2,,,9,6,__ecma.Number,101,,,2,,__ecma.Number
90194315404,LITERAL,1,,,"""[IssueMetricsSync] Fetched: """,17,__ecma.String,134,,,1,,__ecma.String
90194315405,LITERAL,3,,,""" open, """,65,__ecma.String,134,,,3,,__ecma.String
90194315406,LITERAL,5,,,""" closed(7d), """,100,__ecma.String,134,,,5,,__ecma.String
90194315407,LITERAL,7,,,""" closed(30d), """,142,__ecma.String,134,,,7,,__ecma.String
90194315408,LITERAL,9,,,""" total recent closed""",187,__ecma.String,134,,,9,,__ecma.String
90194315409,LITERAL,1,,,"""[IssueMetricsSync] DEBUG - closedIssuesLast30d.length = """,17,__ecma.String,135,,,1,,__ecma.String
90194315410,LITERAL,3,,,"""""",102,__ecma.String,135,,,3,,__ecma.String
90194315411,LITERAL,1,,,"""[IssueMetricsSync] Bugs: """,17,__ecma.String,136,,,1,,__ecma.String
90194315412,LITERAL,3,,,""", Features: """,61,__ecma.String,136,,,3,,__ecma.String
90194315413,LITERAL,5,,,""", Critical: """,96,__ecma.String,136,,,5,,__ecma.String
90194315414,LITERAL,7,,,"""""",132,__ecma.String,136,,,7,,__ecma.String
90194315415,LITERAL,2,,,0,36,__ecma.Number,139,,,2,,__ecma.Number
90194315416,LITERAL,1,,,"""[IssueMetricsSync] Sample closed issue (7d):""",19,__ecma.String,140,,,3,,__ecma.String
90194315417,LITERAL,2,,,0,31,__ecma.Number,141,,,2,,__ecma.Number
90194315418,LITERAL,2,,,0,34,__ecma.Number,142,,,2,,__ecma.Number
90194315419,LITERAL,1,,,0,54,__ecma.Number,142,,,3,,__ecma.Number
90194315420,LITERAL,2,,,50,57,__ecma.Number,142,,,4,,__ecma.Number
90194315421,LITERAL,2,,,0,38,__ecma.Number,143,,,2,,__ecma.Number
90194315422,LITERAL,2,,,0,39,__ecma.Number,144,,,2,,__ecma.Number
90194315423,LITERAL,1,,,"""[IssueMetricsSync] ⚠️ No closed issues found in last 7 days!""",19,__ecma.String,147,,,3,,__ecma.String
90194315424,LITERAL,2,,,0,39,__ecma.Number,150,,,2,,__ecma.Number
90194315425,LITERAL,1,,,"""[IssueMetricsSync] Sample recent closed issue:""",19,__ecma.String,151,,,3,,__ecma.String
90194315426,LITERAL,2,,,0,34,__ecma.Number,152,,,2,,__ecma.Number
90194315427,LITERAL,2,,,0,37,__ecma.Number,153,,,2,,__ecma.Number
90194315428,LITERAL,1,,,0,57,__ecma.Number,153,,,3,,__ecma.Number
90194315429,LITERAL,2,,,50,60,__ecma.Number,153,,,4,,__ecma.Number
90194315430,LITERAL,2,,,0,41,__ecma.Number,154,,,2,,__ecma.Number
90194315431,LITERAL,2,,,0,42,__ecma.Number,155,,,2,,__ecma.Number
90194315432,LITERAL,1,,,"""[IssueMetricsSync] Calculating reopen rate (sampling)...""",16,__ecma.String,159,,,3,,__ecma.String
90194315433,LITERAL,1,,,0,93,__ecma.Number,162,,,3,,__ecma.Number
90194315434,LITERAL,2,,,50,96,__ecma.Number,162,,,4,,__ecma.Number
90194315435,LITERAL,1,,,"""[IssueMetricsSync] Calculating MR link rate (sampling)...""",16,__ecma.String,164,,,3,,__ecma.String
90194315436,LITERAL,1,,,0,93,__ecma.Number,167,,,3,,__ecma.Number
90194315437,LITERAL,2,,,30,96,__ecma.Number,167,,,4,,__ecma.Number
90194315438,LITERAL,2,,,100,57,__ecma.Number,207,,,4,,__ecma.Number
90194315439,LITERAL,2,,,0,24,__ecma.Number,191,,,2,,__ecma.Number
90194315440,LITERAL,1,,,"""[IssueMetricsSync] Error checking reopen for issue """,23,__ecma.String,209,,,1,,__ecma.String
90194315441,LITERAL,3,,,""":""",86,__ecma.String,209,,,3,,__ecma.String
90194315442,LITERAL,2,,,100,57,__ecma.Number,244,,,4,,__ecma.Number
90194315443,LITERAL,2,,,0,25,__ecma.Number,224,,,2,,__ecma.Number
90194315444,LITERAL,2,,,0,33,__ecma.Number,239,,,2,,__ecma.Number
90194315445,LITERAL,2,,,0,58,__ecma.Number,239,,,2,,__ecma.Number
90194315446,LITERAL,1,,,"""[IssueMetricsSync] Error checking MR links for issue """,23,__ecma.String,246,,,1,,__ecma.String
90194315447,LITERAL,3,,,""":""",88,__ecma.String,246,,,3,,__ecma.String
90194315448,LITERAL,1,,,"""../gitlab/gitLabIssueService""",0,,4,,,3,,ANY
90194315449,LITERAL,1,,,"""./issueMetricsCalculationService""",0,,5,,,3,,ANY
90194315450,LITERAL,1,,,"""./issueMetricsDbService""",0,,6,,,3,,ANY
90194315451,LITERAL,1,,,"""../../types/issueMetrics.types""",0,,7,,,3,,ANY
90194315452,LITERAL,2,,,"""default""",0,__ecma.String,258,,,2,,__ecma.String
90194315453,LITERAL,1,,,"""[MilestoneMetricsCalculation] Calculating metrics for """,7,__ecma.String,12,,,1,,__ecma.String
90194315454,LITERAL,3,,,""" milestones""",91,__ecma.String,12,,,3,,__ecma.String
90194315455,LITERAL,2,,,0,40,__ecma.Number,16,,,2,,__ecma.Number
90194315456,LITERAL,2,,,0,20,__ecma.Number,18,,,2,,__ecma.Number
90194315457,LITERAL,2,,,0,20,__ecma.Number,19,,,2,,__ecma.Number
90194315458,LITERAL,2,,,0,20,__ecma.Number,20,,,2,,__ecma.Number
90194315459,LITERAL,2,,,0,26,__ecma.Number,21,,,2,,__ecma.Number
90194315460,LITERAL,2,,,null,35,__ecma.Null,22,,,2,,__ecma.Null
90194315461,LITERAL,2,,,null,35,__ecma.Null,23,,,2,,__ecma.Null
90194315462,LITERAL,2,,,0,6,__ecma.Number,40,,,4,,__ecma.Number
90194315463,LITERAL,2,,,10,41,__ecma.Number,47,,,2,,__ecma.Number
90194315464,LITERAL,2,,,10,47,__ecma.Number,47,,,2,,__ecma.Number
90194315465,LITERAL,1,,,"""[MilestoneMetricsCalculation] Metrics calculated:""",16,__ecma.String,53,,,3,,__ecma.String
90194315466,LITERAL,1,,,"""../../types/milestoneMetrics.types""",0,,4,,,3,,ANY
90194315467,LITERAL,1,,,"""../../types/milestoneMetrics.types""",0,,4,,,3,,ANY
90194315468,LITERAL,2,,,"""default""",0,__ecma.String,59,,,2,,__ecma.String
90194315469,LITERAL,1,,,"""[MilestoneMetricsDb] Saving metrics for project """,17,__ecma.String,13,,,1,,__ecma.String
90194315470,LITERAL,3,,,"""""",77,__ecma.String,13,,,3,,__ecma.String
90194315471,LITERAL,2,,,"""
      INSERT INTO milestone_metrics (
        project_id,
        max_issues,
        min_issues,
        avg_issues,
        total_milestones,
        milestone_with_max_issues,
        milestone_with_min_issues,
        calculated_at
      ) VALUES ($1, $2, $3, $4, $5, $6, $7, NOW())
      RETURNING *;
    """,19,__ecma.String,15,,,2,,__ecma.String
90194315472,LITERAL,1,,,"""[MilestoneMetricsDb] ✅ Metrics saved for project """,17,__ecma.String,40,,,1,,__ecma.String
90194315473,LITERAL,3,,,"""""",78,__ecma.String,40,,,3,,__ecma.String
90194315474,LITERAL,2,,,0,23,__ecma.Number,42,,,2,,__ecma.Number
90194315475,LITERAL,1,,,"""[MilestoneMetricsDb] Fetching latest metrics for project """,19,__ecma.String,51,,,1,,__ecma.String
90194315476,LITERAL,3,,,"""""",88,__ecma.String,51,,,3,,__ecma.String
90194315477,LITERAL,2,,,"""
        SELECT * FROM milestone_metrics
        WHERE project_id = $1
        ORDER BY calculated_at DESC
        LIMIT 1;
      """,21,__ecma.String,53,,,2,,__ecma.String
90194315478,LITERAL,2,,,0,33,__ecma.Number,62,,,2,,__ecma.Number
90194315479,LITERAL,1,,,"""[MilestoneMetricsDb] No metrics found for project """,21,__ecma.String,63,,,1,,__ecma.String
90194315480,LITERAL,3,,,"""""",83,__ecma.String,63,,,3,,__ecma.String
90194315481,LITERAL,1,,,null,15,__ecma.Null,64,,,1,,__ecma.Null
90194315482,LITERAL,2,,,0,25,__ecma.Number,67,,,2,,__ecma.Number
90194315483,LITERAL,1,,,"""[MilestoneMetricsDb] Error getting metrics:""",20,__ecma.String,69,,,3,,__ecma.String
90194315484,LITERAL,1,,,"""../../db/connection""",0,,4,,,3,,ANY
90194315485,LITERAL,1,,,"""../../types/milestoneMetrics.types""",0,,5,,,3,,ANY
90194315486,LITERAL,2,,,"""default""",0,__ecma.String,75,,,2,,__ecma.String
90194315487,LITERAL,1,,,"""[MilestoneMetricsSync] Starting sync for project """,17,__ecma.String,27,,,1,,__ecma.String
90194315488,LITERAL,3,,,"""""",78,__ecma.String,27,,,3,,__ecma.String
90194315489,LITERAL,1,,,"""[MilestoneMetricsSync] Step 1: Fetching active milestones...""",18,__ecma.String,31,,,3,,__ecma.String
90194315490,LITERAL,1,,,"""[MilestoneMetricsSync] Found """,9,__ecma.String,34,,,1,,__ecma.String
90194315491,LITERAL,3,,,""" active, non-expired milestones""",64,__ecma.String,34,,,3,,__ecma.String
90194315492,LITERAL,2,,,0,38,__ecma.Number,37,,,2,,__ecma.Number
90194315493,LITERAL,2,,,0,22,__ecma.Number,39,,,2,,__ecma.Number
90194315494,LITERAL,2,,,0,22,__ecma.Number,40,,,2,,__ecma.Number
90194315495,LITERAL,2,,,0,22,__ecma.Number,41,,,2,,__ecma.Number
90194315496,LITERAL,2,,,0,28,__ecma.Number,42,,,2,,__ecma.Number
90194315497,LITERAL,2,,,null,37,__ecma.Null,43,,,2,,__ecma.Null
90194315498,LITERAL,2,,,null,37,__ecma.Null,44,,,2,,__ecma.Null
90194315499,LITERAL,1,,,"""[MilestoneMetricsSync] Step 2: Fetching issue counts for milestones...""",18,__ecma.String,54,,,3,,__ecma.String
90194315500,LITERAL,1,,,"""[MilestoneMetricsSync] Step 3: Calculating metrics...""",18,__ecma.String,58,,,3,,__ecma.String
90194315501,LITERAL,1,,,"""[MilestoneMetricsSync] Step 4: Saving metrics to database...""",18,__ecma.String,63,,,3,,__ecma.String
90194315502,LITERAL,1,,,"""[MilestoneMetricsSync] ✅ Sync completed for project """,19,__ecma.String,66,,,1,,__ecma.String
90194315503,LITERAL,3,,,"""""",83,__ecma.String,66,,,3,,__ecma.String
90194315504,LITERAL,1,,,"""[MilestoneMetricsSync] ❌ Error syncing project """,21,__ecma.String,69,,,1,,__ecma.String
90194315505,LITERAL,3,,,""":""",80,__ecma.String,69,,,3,,__ecma.String
90194315506,LITERAL,2,,,1,21,__ecma.Number,86,,,2,,__ecma.Number
90194315507,LITERAL,2,,,true,24,__ecma.Boolean,87,,,2,,__ecma.Boolean
90194315508,LITERAL,1,,,"""/projects/""",15,__ecma.String,91,,,1,,__ecma.String
90194315509,LITERAL,3,,,"""/milestones/""",37,__ecma.String,91,,,3,,__ecma.String
90194315510,LITERAL,5,,,"""/issues""",64,__ecma.String,91,,,5,,__ecma.String
90194315511,LITERAL,2,,,100,28,__ecma.Number,94,,,2,,__ecma.Number
90194315512,LITERAL,2,,,100,40,__ecma.Number,104,,,2,,__ecma.Number
90194315513,LITERAL,1,,,"""[MilestoneMetricsSync] Milestone """"",13,__ecma.String,109,,,1,,__ecma.String
90194315514,LITERAL,3,,,""""" (ID: """,65,__ecma.String,109,,,3,,__ecma.String
90194315515,LITERAL,5,,,""") has """,87,__ecma.String,109,,,5,,__ecma.String
90194315516,LITERAL,7,,,""" issues""",112,__ecma.String,109,,,7,,__ecma.String
90194315517,LITERAL,1,,,"""[MilestoneMetricsSync] Error fetching issue count for milestone """,13,__ecma.String,120,,,1,,__ecma.String
90194315518,LITERAL,3,,,""":""",92,__ecma.String,120,,,3,,__ecma.String
90194315519,LITERAL,2,,,0,25,__ecma.Number,126,,,2,,__ecma.Number
90194315520,LITERAL,1,,,"""../gitlab/gitlabMilestoneService""",0,,4,,,3,,ANY
90194315521,LITERAL,1,,,"""../gitlab/gitlabClient""",0,,5,,,3,,ANY
90194315522,LITERAL,1,,,"""./milestoneMetricsCalculationService""",0,,6,,,3,,ANY
90194315523,LITERAL,1,,,"""./milestoneMetricsDbService""",0,,7,,,3,,ANY
90194315524,LITERAL,1,,,"""../../types/milestoneMetrics.types""",0,,8,,,3,,ANY
90194315525,LITERAL,2,,,"""default""",0,__ecma.String,137,,,2,,__ecma.String
90194315526,LITERAL,1,,,1000,49,__ecma.Number,133,,,1,,__ecma.Number
90194315527,LITERAL,2,,,60,56,__ecma.Number,133,,,2,,__ecma.Number
90194315528,LITERAL,2,,,60,61,__ecma.Number,133,,,2,,__ecma.Number
90194315529,LITERAL,2,,,0,33,__ecma.Number,126,,,2,,__ecma.Number
90194315530,LITERAL,2,,,0,30,__ecma.Number,127,,,2,,__ecma.Number
90194315531,LITERAL,2,,,0,28,__ecma.Number,139,,,2,,__ecma.Number
90194315532,LITERAL,3,,,0,79,__ecma.Number,139,,,3,,__ecma.Number
90194315533,LITERAL,2,,,24,55,__ecma.Number,140,,,2,,__ecma.Number
90194315534,LITERAL,1,,,2,72,__ecma.Number,143,,,3,,__ecma.Number
90194315535,LITERAL,1,,,2,68,__ecma.Number,145,,,3,,__ecma.Number
90194315536,LITERAL,1,,,2,66,__ecma.Number,146,,,3,,__ecma.Number
90194315537,LITERAL,2,,,0,49,__ecma.Number,154,,,2,,__ecma.Number
90194315538,LITERAL,3,,,0,79,__ecma.Number,154,,,3,,__ecma.Number
90194315539,LITERAL,1,,,2,80,__ecma.Number,159,,,3,,__ecma.Number
90194315540,LITERAL,2,,,0,42,__ecma.Number,167,,,2,,__ecma.Number
90194315541,LITERAL,2,,,100,69,__ecma.Number,167,,,2,,__ecma.Number
90194315542,LITERAL,3,,,0,75,__ecma.Number,167,,,3,,__ecma.Number
90194315543,LITERAL,1,,,2,66,__ecma.Number,172,,,3,,__ecma.Number
90194315544,LITERAL,2,,,14,56,__ecma.Number,181,,,2,,__ecma.Number
90194315545,LITERAL,2,,,0,26,__ecma.Number,183,,,2,,__ecma.Number
90194315546,LITERAL,2,,,0,23,__ecma.Number,195,,,2,,__ecma.Number
90194315547,LITERAL,2,,,100,64,__ecma.Number,195,,,2,,__ecma.Number
90194315548,LITERAL,3,,,0,70,__ecma.Number,195,,,3,,__ecma.Number
90194315549,LITERAL,1,,,2,62,__ecma.Number,199,,,3,,__ecma.Number
90194315550,LITERAL,2,,,0,43,__ecma.Number,207,,,2,,__ecma.Number
90194315551,LITERAL,3,,,0,74,__ecma.Number,207,,,3,,__ecma.Number
90194315552,LITERAL,1,,,2,68,__ecma.Number,212,,,3,,__ecma.Number
90194315553,LITERAL,2,,,0,26,__ecma.Number,224,,,2,,__ecma.Number
90194315554,LITERAL,1,,,"""RED_ALERT""",36,__ecma.String,224,,,1,,__ecma.String
90194315555,LITERAL,2,,,5,24,__ecma.Number,225,,,2,,__ecma.Number
90194315556,LITERAL,1,,,"""WARNING""",34,__ecma.String,225,,,1,,__ecma.String
90194315557,LITERAL,1,,,"""NORMAL""",11,__ecma.String,226,,,1,,__ecma.String
90194315558,LITERAL,2,,,7,27,__ecma.Number,233,,,2,,__ecma.Number
90194315559,LITERAL,1,,,"""RED_ALERT""",37,__ecma.String,233,,,1,,__ecma.String
90194315560,LITERAL,2,,,3,27,__ecma.Number,234,,,2,,__ecma.Number
90194315561,LITERAL,1,,,"""WARNING""",37,__ecma.String,234,,,1,,__ecma.String
90194315562,LITERAL,1,,,"""NORMAL""",11,__ecma.String,235,,,1,,__ecma.String
90194315563,LITERAL,2,,,10,28,__ecma.Number,242,,,2,,__ecma.Number
90194315564,LITERAL,1,,,"""RED_ALERT""",39,__ecma.String,242,,,1,,__ecma.String
90194315565,LITERAL,2,,,5,28,__ecma.Number,243,,,2,,__ecma.Number
90194315566,LITERAL,1,,,"""WARNING""",38,__ecma.String,243,,,1,,__ecma.String
90194315567,LITERAL,1,,,"""NORMAL""",11,__ecma.String,244,,,1,,__ecma.String
90194315568,LITERAL,2,,,0,26,__ecma.Number,251,,,2,,__ecma.Number
90194315569,LITERAL,1,,,0,13,__ecma.Number,252,,,1,,__ecma.Number
90194315570,LITERAL,1,,,2,35,__ecma.Number,255,,,3,,__ecma.Number
90194315571,LITERAL,2,,,10,24,__ecma.Number,262,,,2,,__ecma.Number
90194315572,LITERAL,1,,,"""RED_ALERT""",35,__ecma.String,262,,,1,,__ecma.String
90194315573,LITERAL,2,,,5,24,__ecma.Number,263,,,2,,__ecma.Number
90194315574,LITERAL,1,,,"""WARNING""",34,__ecma.String,263,,,1,,__ecma.String
90194315575,LITERAL,1,,,"""NORMAL""",11,__ecma.String,264,,,1,,__ecma.String
90194315576,LITERAL,1,,,"""../../types/gitlab.types""",0,,5,,,3,,ANY
90194315577,LITERAL,1,,,"""../../types/mrMetrics.types""",0,,6,,,3,,ANY
90194315578,LITERAL,2,,,"""default""",0,__ecma.String,268,,,2,,__ecma.String
90194315579,LITERAL,2,,,"""
        INSERT INTO mr_health_metrics (
          uuid,
          project_id,
          total_open_mrs,
          total_merged_mrs,
          mrs_merged_last_7d,
          mrs_merged_last_30d,
          total_merge_time_hours,
          mrs_with_merge_time,
          avg_merge_time_hours,
          avg_merge_time_days,
          total_review_comments,
          mrs_checked_for_comments,
          avg_review_comments_per_mr,
          reverted_mrs_count,
          mrs_checked_for_reverts,
          revert_rate_percent,
          mrs_opened_last_7d,
          mrs_opened_last_30d,
          net_mr_change_7d,
          stale_mrs_count,
          stale_mrs_percent,
          total_reviewers_count,
          mrs_checked_for_reviewers,
          avg_reviewers_per_mr,
          closure_rate_percent,
          merge_velocity_alert_level,
          merge_time_alert_level,
          revert_rate_alert_level,
          stale_mrs_alert_level,
          calculated_at
        ) VALUES (
          gen_random_uuid(),
          $1, $2, $3, $4, $5, $6, $7, $8, $9, $10, $11, $12, $13, $14, $15,
          $16, $17, $18, $19, $20, $21, $22, $23, $24, $25, $26, $27, $28,
          CURRENT_TIMESTAMP
        )
        RETURNING *;
      """,21,__ecma.String,23,,,2,,__ecma.String
90194315580,LITERAL,1,,,"""[MRMetricsDb] Saved metrics for project """,19,__ecma.String,96,,,1,,__ecma.String
90194315581,LITERAL,3,,,"""""",71,__ecma.String,96,,,3,,__ecma.String
90194315582,LITERAL,2,,,0,25,__ecma.Number,97,,,2,,__ecma.Number
90194315583,LITERAL,1,,,"""[MRMetricsDb] Error saving metrics:""",20,__ecma.String,99,,,3,,__ecma.String
90194315584,LITERAL,1,,,"""No current metrics found to create snapshot""",24,__ecma.String,112,,,3,,__ecma.String
90194315585,LITERAL,2,,,"""
        INSERT INTO mr_metrics_history (
          uuid,
          project_id,
          snapshot_date,
          total_open_mrs,
          total_merged_mrs,
          mrs_merged_last_7d,
          avg_merge_time_days,
          avg_review_comments_per_mr,
          revert_rate_percent,
          stale_mrs_count,
          avg_reviewers_per_mr,
          closure_rate_percent,
          mrs_merged_last_30d,
          mrs_opened_last_30d,
          health_score,
          created_at
        ) VALUES (
          gen_random_uuid(),
          $1, CURRENT_DATE, $2, $3, $4, $5, $6, $7, $8, $9, $10, $11, $12, $13, CURRENT_TIMESTAMP
        )
        RETURNING *;
      """,21,__ecma.String,123,,,2,,__ecma.String
90194315586,LITERAL,1,,,"""[MRMetricsDb] Saved historical snapshot for project """,19,__ecma.String,165,,,1,,__ecma.String
90194315587,LITERAL,3,,,""" with health score: """,83,__ecma.String,165,,,3,,__ecma.String
90194315588,LITERAL,5,,,"""""",117,__ecma.String,165,,,5,,__ecma.String
90194315589,LITERAL,2,,,0,25,__ecma.Number,166,,,2,,__ecma.Number
90194315590,LITERAL,1,,,"""[MRMetricsDb] Error saving historical snapshot:""",20,__ecma.String,168,,,3,,__ecma.String
90194315591,LITERAL,2,,,"""
        SELECT * FROM mr_health_metrics
        WHERE project_id = $1
        ORDER BY calculated_at DESC
        LIMIT 1;
      """,21,__ecma.String,178,,,2,,__ecma.String
90194315592,LITERAL,2,,,0,25,__ecma.Number,186,,,2,,__ecma.Number
90194315593,LITERAL,2,,,null,31,__ecma.Null,186,,,2,,__ecma.Null
90194315594,LITERAL,1,,,"""[MRMetricsDb] Error getting metrics:""",20,__ecma.String,188,,,3,,__ecma.String
90194315595,LITERAL,2,,,30,19,__ecma.Number,198,,,2,,__ecma.Number
90194315596,LITERAL,1,,,"""
        SELECT * FROM mr_metrics_history
        WHERE project_id = $1
          AND snapshot_date >= CURRENT_DATE - INTERVAL '""",21,__ecma.String,201,,,1,,__ecma.String
90194315597,LITERAL,3,,,""" days'
        ORDER BY snapshot_date DESC;
      """,63,__ecma.String,204,,,3,,__ecma.String
90194315598,LITERAL,1,,,"""[MRMetricsDb] Error getting metrics history:""",20,__ecma.String,211,,,3,,__ecma.String
90194315599,LITERAL,1,,,null,15,__ecma.Null,224,,,1,,__ecma.Null
90194315600,LITERAL,2,,,"""
        SELECT * FROM mr_metrics_history
        WHERE project_id = $1
          AND snapshot_date = CURRENT_DATE - INTERVAL '7 days'
        ORDER BY snapshot_date DESC
        LIMIT 1;
      """,21,__ecma.String,228,,,2,,__ecma.String
90194315601,LITERAL,2,,,0,35,__ecma.Number,237,,,2,,__ecma.Number
90194315602,LITERAL,2,,,false,25,__ecma.Boolean,241,,,2,,__ecma.Boolean
90194315603,LITERAL,2,,,null,33,__ecma.Null,242,,,2,,__ecma.Null
90194315604,LITERAL,2,,,null,29,__ecma.Null,243,,,2,,__ecma.Null
90194315605,LITERAL,2,,,null,30,__ecma.Null,244,,,2,,__ecma.Null
90194315606,LITERAL,2,,,null,28,__ecma.Null,245,,,2,,__ecma.Null
90194315607,LITERAL,2,,,true,23,__ecma.Boolean,250,,,2,,__ecma.Boolean
90194315608,LITERAL,1,,,"""[MRMetricsDb] Error calculating trends:""",20,__ecma.String,269,,,3,,__ecma.String
90194315609,LITERAL,2,,,0,21,__ecma.Number,278,,,2,,__ecma.Number
90194315610,LITERAL,2,,,0,41,__ecma.Number,278,,,2,,__ecma.Number
90194315611,LITERAL,2,,,100,45,__ecma.Number,278,,,2,,__ecma.Number
90194315612,LITERAL,3,,,0,51,__ecma.Number,278,,,3,,__ecma.Number
90194315613,LITERAL,2,,,100,59,__ecma.Number,279,,,2,,__ecma.Number
90194315614,LITERAL,1,,,2,72,__ecma.Number,279,,,3,,__ecma.Number
90194315615,LITERAL,2,,,"""
        SELECT * FROM mr_health_metrics
        WHERE project_id = $1
        ORDER BY calculated_at DESC;
      """,21,__ecma.String,287,,,2,,__ecma.String
90194315616,LITERAL,1,,,"""[MRMetricsDb] Error getting all metrics:""",20,__ecma.String,296,,,3,,__ecma.String
90194315617,LITERAL,1,,,"""DELETE FROM mr_health_metrics WHERE project_id = $1""",28,__ecma.String,306,,,3,,__ecma.String
90194315618,LITERAL,1,,,"""[MRMetricsDb] Deleted metrics for project """,19,__ecma.String,309,,,1,,__ecma.String
90194315619,LITERAL,3,,,"""""",73,__ecma.String,309,,,3,,__ecma.String
90194315620,LITERAL,1,,,"""[MRMetricsDb] Error deleting metrics:""",20,__ecma.String,311,,,3,,__ecma.String
90194315621,LITERAL,1,,,"""../../db/connection""",0,,5,,,3,,ANY
90194315622,LITERAL,1,,,"""../../types/mrMetrics.types""",0,,6,,,3,,ANY
90194315623,LITERAL,1,,,"""../../types/mrMetrics.types""",0,,6,,,3,,ANY
90194315624,LITERAL,1,,,"""../../types/mrMetrics.types""",0,,6,,,3,,ANY
90194315625,LITERAL,1,,,"""../../utils/healthScoreCalculator""",0,,11,,,3,,ANY
90194315626,LITERAL,2,,,"""default""",0,__ecma.String,317,,,2,,__ecma.String
90194315627,LITERAL,1,,,"""[MRMetricsSync] Starting sync for project """,17,__ecma.String,16,,,1,,__ecma.String
90194315628,LITERAL,3,,,"""""",71,__ecma.String,16,,,3,,__ecma.String
90194315629,LITERAL,1,,,"""[MRMetricsSync] Step 1: Fetching data from GitLab...""",18,__ecma.String,20,,,3,,__ecma.String
90194315630,LITERAL,1,,,"""[MRMetricsSync] Step 1 completed - data fetched""",18,__ecma.String,22,,,3,,__ecma.String
90194315631,LITERAL,1,,,"""[MRMetricsSync] Step 2: Calculating metrics...""",18,__ecma.String,25,,,3,,__ecma.String
90194315632,LITERAL,1,,,"""[MRMetricsSync] Step 3: Saving metrics to database...""",18,__ecma.String,42,,,3,,__ecma.String
90194315633,LITERAL,1,,,"""[MRMetricsSync] Step 4: Saving historical snapshot...""",18,__ecma.String,49,,,3,,__ecma.String
90194315634,LITERAL,1,,,"""[MRMetricsSync] ✅ Sync completed for project """,19,__ecma.String,52,,,1,,__ecma.String
90194315635,LITERAL,3,,,"""""",76,__ecma.String,52,,,3,,__ecma.String
90194315636,LITERAL,1,,,"""[MRMetricsSync] ❌ Error syncing project """,21,__ecma.String,56,,,1,,__ecma.String
90194315637,LITERAL,3,,,""":""",73,__ecma.String,56,,,3,,__ecma.String
90194315638,LITERAL,2,,,7,50,__ecma.Number,66,,,2,,__ecma.Number
90194315639,LITERAL,2,,,30,52,__ecma.Number,70,,,2,,__ecma.Number
90194315640,LITERAL,1,,,"""[MRMetricsSync] Fetching basic counts...""",16,__ecma.String,73,,,3,,__ecma.String
90194315641,LITERAL,2,,,"""merged""",73,__ecma.String,76,,,4,,__ecma.String
90194315642,LITERAL,2,,,"""opened""",71,__ecma.String,77,,,4,,__ecma.String
90194315643,LITERAL,1,,,"""[MRMetricsSync] Total MRs: """,17,__ecma.String,79,,,1,,__ecma.String
90194315644,LITERAL,3,,,""" open, """,61,__ecma.String,79,,,3,,__ecma.String
90194315645,LITERAL,5,,,""" merged""",87,__ecma.String,79,,,5,,__ecma.String
90194315646,LITERAL,1,,,"""[MRMetricsSync] Fetching MR data...""",16,__ecma.String,86,,,3,,__ecma.String
90194315647,LITERAL,2,,,500,44,__ecma.Number,97,,,4,,__ecma.Number
90194315648,LITERAL,3,,,500,63,__ecma.Number,100,,,5,,__ecma.Number
90194315649,LITERAL,3,,,500,64,__ecma.Number,103,,,5,,__ecma.Number
90194315650,LITERAL,3,,,500,57,__ecma.Number,106,,,5,,__ecma.Number
90194315651,LITERAL,3,,,500,63,__ecma.Number,109,,,5,,__ecma.Number
90194315652,LITERAL,3,,,500,64,__ecma.Number,112,,,5,,__ecma.Number
90194315653,LITERAL,2,,,0,6,__ecma.Number,89,,,2,,__ecma.Number
90194315654,LITERAL,2,,,1,6,__ecma.Number,90,,,2,,__ecma.Number
90194315655,LITERAL,2,,,2,6,__ecma.Number,91,,,2,,__ecma.Number
90194315656,LITERAL,2,,,3,6,__ecma.Number,92,,,2,,__ecma.Number
90194315657,LITERAL,2,,,4,6,__ecma.Number,93,,,2,,__ecma.Number
90194315658,LITERAL,2,,,5,6,__ecma.Number,94,,,2,,__ecma.Number
90194315659,LITERAL,1,,,"""[MRMetricsSync] Fetched: """,17,__ecma.String,115,,,1,,__ecma.String
90194315660,LITERAL,3,,,""" open, """,59,__ecma.String,115,,,3,,__ecma.String
90194315661,LITERAL,5,,,""" merged(7d), """,91,__ecma.String,115,,,5,,__ecma.String
90194315662,LITERAL,7,,,""" merged(30d)""",130,__ecma.String,115,,,7,,__ecma.String
90194315663,LITERAL,1,,,"""[MRMetricsSync] Calculating review comments (sampling)...""",16,__ecma.String,117,,,3,,__ecma.String
90194315664,LITERAL,1,,,0,94,__ecma.Number,120,,,3,,__ecma.Number
90194315665,LITERAL,2,,,50,97,__ecma.Number,120,,,4,,__ecma.Number
90194315666,LITERAL,1,,,"""[MRMetricsSync] Checking for reverted MRs (sampling)...""",16,__ecma.String,122,,,3,,__ecma.String
90194315667,LITERAL,1,,,0,79,__ecma.Number,125,,,3,,__ecma.Number
90194315668,LITERAL,2,,,50,82,__ecma.Number,125,,,4,,__ecma.Number
90194315669,LITERAL,1,,,"""[MRMetricsSync] Calculating average reviewers (sampling)...""",16,__ecma.String,127,,,3,,__ecma.String
90194315670,LITERAL,1,,,0,84,__ecma.Number,130,,,3,,__ecma.Number
90194315671,LITERAL,2,,,50,87,__ecma.Number,130,,,4,,__ecma.Number
90194315672,LITERAL,2,,,100,57,__ecma.Number,164,,,4,,__ecma.Number
90194315673,LITERAL,2,,,0,24,__ecma.Number,151,,,2,,__ecma.Number
90194315674,LITERAL,1,,,"""[MRMetricsSync] Error fetching notes for MR """,23,__ecma.String,166,,,1,,__ecma.String
90194315675,LITERAL,3,,,""":""",76,__ecma.String,166,,,3,,__ecma.String
90194315676,LITERAL,1,,,"""revert""",37,__ecma.String,192,,,3,,__ecma.String
90194315677,LITERAL,2,,,0,24,__ecma.Number,181,,,2,,__ecma.Number
90194315678,LITERAL,1,,,"""revert""",64,__ecma.String,187,,,3,,__ecma.String
90194315679,LITERAL,2,,,false,77,__ecma.Boolean,187,,,2,,__ecma.Boolean
90194315680,LITERAL,1,,,"""revert""",76,__ecma.String,188,,,3,,__ecma.String
90194315681,LITERAL,2,,,false,89,__ecma.Boolean,188,,,2,,__ecma.Boolean
90194315682,LITERAL,2,,,false,11,__ecma.Boolean,193,,,2,,__ecma.Boolean
90194315683,LITERAL,2,,,0,25,__ecma.Number,210,,,2,,__ecma.Number
90194315684,LITERAL,2,,,0,53,__ecma.Number,216,,,2,,__ecma.Number
90194315685,LITERAL,1,,,"""../gitlab/gitLabMRService""",0,,5,,,3,,ANY
90194315686,LITERAL,1,,,"""./mrMetricsCalculationService""",0,,6,,,3,,ANY
90194315687,LITERAL,1,,,"""./mrMetricsDbService""",0,,7,,,3,,ANY
90194315688,LITERAL,1,,,"""../../types/mrMetrics.types""",0,,8,,,3,,ANY
90194315689,LITERAL,2,,,"""default""",0,__ecma.String,227,,,2,,__ecma.String
90194315690,LITERAL,1,,,"""./projectSyncService""",0,,2,,,1,,ANY
90194315691,LITERAL,1,,,"""./projectEnrichmentService""",0,,3,,,1,,ANY
90194315692,LITERAL,1,,,"""./projectTransformService""",0,,4,,,1,,ANY
90194315693,LITERAL,1,,,"""./projectFetchService""",0,,5,,,1,,ANY
90194315694,LITERAL,2,,,"""group""",60,__ecma.String,40,,,2,,__ecma.String
90194315695,LITERAL,1,,,"""""",11,__ecma.String,43,,,1,,__ecma.String
90194315696,LITERAL,1,,,"""⚠️ Failed to fetch issues for project """,20,__ecma.String,54,,,1,,__ecma.String
90194315697,LITERAL,3,,,""":""",70,__ecma.String,54,,,3,,__ecma.String
90194315698,LITERAL,1,,,0,13,__ecma.Number,55,,,1,,__ecma.Number
90194315699,LITERAL,1,,,"""⚠️ Failed to fetch MRs for project """,20,__ecma.String,67,,,1,,__ecma.String
90194315700,LITERAL,3,,,""":""",67,__ecma.String,67,,,3,,__ecma.String
90194315701,LITERAL,1,,,0,13,__ecma.Number,68,,,1,,__ecma.Number
90194315702,LITERAL,1,,,"""⚠️ Failed to fetch milestones for project """,20,__ecma.String,77,,,1,,__ecma.String
90194315703,LITERAL,3,,,""":""",74,__ecma.String,77,,,3,,__ecma.String
90194315704,LITERAL,1,,,0,13,__ecma.Number,78,,,1,,__ecma.Number
90194315705,LITERAL,2,,,0,11,__ecma.Number,86,,,2,,__ecma.Number
90194315706,LITERAL,2,,,1,22,__ecma.Number,86,,,2,,__ecma.Number
90194315707,LITERAL,2,,,2,35,__ecma.Number,86,,,2,,__ecma.Number
90194315708,LITERAL,2,,,3,45,__ecma.Number,86,,,2,,__ecma.Number
90194315709,LITERAL,2,,,0,21,__ecma.Number,96,,,2,,__ecma.Number
90194315710,LITERAL,2,,,0,24,__ecma.Number,97,,,2,,__ecma.Number
90194315711,LITERAL,2,,,0,24,__ecma.Number,98,,,2,,__ecma.Number
90194315712,LITERAL,2,,,0,27,__ecma.Number,99,,,2,,__ecma.Number
90194315713,LITERAL,2,,,0,28,__ecma.Number,100,,,2,,__ecma.Number
90194315714,LITERAL,2,,,0,31,__ecma.Number,101,,,2,,__ecma.Number
90194315715,LITERAL,1,,,"""✅ Fetched SonarQube metrics for """,21,__ecma.String,108,,,1,,__ecma.String
90194315716,LITERAL,3,,,""" (key: """,68,__ecma.String,108,,,3,,__ecma.String
90194315717,LITERAL,5,,,""")""",93,__ecma.String,108,,,5,,__ecma.String
90194315718,LITERAL,1,,,"""⚠️ Failed to fetch SonarQube metrics for """,22,__ecma.String,110,,,1,,__ecma.String
90194315719,LITERAL,3,,,""":""",81,__ecma.String,110,,,3,,__ecma.String
90194315720,LITERAL,1,,,any,86,,110,,,1,ANY,ANY
90194315721,LITERAL,1,,,"""⚠️ No SonarCloud key mapped for project """,20,__ecma.String,113,,,1,,__ecma.String
90194315722,LITERAL,3,,,""" (ID: """,75,__ecma.String,113,,,3,,__ecma.String
90194315723,LITERAL,5,,,""")""",94,__ecma.String,113,,,5,,__ecma.String
90194315724,LITERAL,1,,,"""""",30,__ecma.String,127,,,1,,__ecma.String
90194315725,LITERAL,3,,,"""/""",45,__ecma.String,127,,,3,,__ecma.String
90194315726,LITERAL,5,,,"""""",58,__ecma.String,127,,,5,,__ecma.String
90194315727,LITERAL,1,,,"""../../types""",0,,2,,,3,,ANY
90194315728,LITERAL,1,,,"""../gitlab/gitlabGroupService""",0,,3,,,3,,ANY
90194315729,LITERAL,1,,,"""../gitlab/gitLabIssueService""",0,,4,,,3,,ANY
90194315730,LITERAL,1,,,"""../gitlab/gitLabMRService""",0,,5,,,3,,ANY
90194315731,LITERAL,1,,,"""../gitlab/gitlabMilestoneService""",0,,6,,,3,,ANY
90194315732,LITERAL,1,,,"""../sonarqube/sonarQubeService""",0,,7,,,3,,ANY
90194315733,LITERAL,1,,,"""../sonarqube/autoMapSonarProjectKeys""",0,,8,,,3,,ANY
90194315734,LITERAL,2,,,"""default""",0,__ecma.String,149,,,2,,__ecma.String
90194315735,LITERAL,1,,,ull;,14,__ecma.Null,36,,,1,,__ecma.Null
90194315736,LITERAL,2,,,],24,__ecma.Number,39,,,2,,__ecma.Number
90194315737,LITERAL,2,,,ull;,30,__ecma.Null,39,,,2,,__ecma.Null
90194315738,LITERAL,1,,,"""../../db/queries""",1,,3,,,3,,ANY
90194315739,LITERAL,1,,,"""../../db/queries""",1,,3,,,3,,ANY
90194315740,LITERAL,1,,,"""../../db/queries""",1,,3,,,3,,ANY
90194315741,LITERAL,1,,,"""./projectTransformService""",1,,4,,,3,,ANY
90194315742,LITERAL,2,,,"""default""",1,__ecma.String,43,,,2,,__ecma.String
90194315743,LITERAL,2,,,"""opened""",63,__ecma.String,36,,,4,,__ecma.String
90194315744,LITERAL,1,,,"""⚠️ Failed to fetch issues count for project """,20,__ecma.String,38,,,1,,__ecma.String
90194315745,LITERAL,3,,,""":""",76,__ecma.String,38,,,3,,__ecma.String
90194315746,LITERAL,1,,,0,13,__ecma.Number,39,,,1,,__ecma.Number
90194315747,LITERAL,2,,,"""opened""",57,__ecma.String,49,,,4,,__ecma.String
90194315748,LITERAL,1,,,"""⚠️ Failed to fetch MRs count for project """,20,__ecma.String,51,,,1,,__ecma.String
90194315749,LITERAL,3,,,""":""",73,__ecma.String,51,,,3,,__ecma.String
90194315750,LITERAL,1,,,0,13,__ecma.Number,52,,,1,,__ecma.Number
90194315751,LITERAL,2,,,"""active""",64,__ecma.String,63,,,2,,__ecma.String
90194315752,LITERAL,1,,,"""⚠️ Failed to fetch milestones for project """,20,__ecma.String,66,,,1,,__ecma.String
90194315753,LITERAL,3,,,""":""",74,__ecma.String,66,,,3,,__ecma.String
90194315754,LITERAL,1,,,0,13,__ecma.Number,67,,,1,,__ecma.Number
90194315755,LITERAL,2,,,0,11,__ecma.Number,75,,,2,,__ecma.Number
90194315756,LITERAL,2,,,1,23,__ecma.Number,75,,,2,,__ecma.Number
90194315757,LITERAL,2,,,2,32,__ecma.Number,75,,,2,,__ecma.Number
90194315758,LITERAL,2,,,0,21,__ecma.Number,85,,,2,,__ecma.Number
90194315759,LITERAL,2,,,0,24,__ecma.Number,86,,,2,,__ecma.Number
90194315760,LITERAL,2,,,0,24,__ecma.Number,87,,,2,,__ecma.Number
90194315761,LITERAL,2,,,0,27,__ecma.Number,88,,,2,,__ecma.Number
90194315762,LITERAL,2,,,0,28,__ecma.Number,89,,,2,,__ecma.Number
90194315763,LITERAL,2,,,0,31,__ecma.Number,90,,,2,,__ecma.Number
90194315764,LITERAL,1,,,"""⚠️ Failed to fetch SonarQube metrics for """,22,__ecma.String,98,,,1,,__ecma.String
90194315765,LITERAL,3,,,""":""",81,__ecma.String,98,,,3,,__ecma.String
90194315766,LITERAL,1,,,any,86,,98,,,1,ANY,ANY
90194315767,LITERAL,1,,,"""✅ Created snapshot for project """,17,__ecma.String,131,,,1,,__ecma.String
90194315768,LITERAL,3,,,"""""",69,__ecma.String,131,,,3,,__ecma.String
90194315769,LITERAL,1,,,"""⚠️ Refresh already in progress, skipping duplicate request""",19,__ecma.String,140,,,3,,__ecma.String
90194315770,LITERAL,2,,,true,26,__ecma.Boolean,145,,,2,,__ecma.Boolean
90194315771,LITERAL,1,,,"""📊 Refreshing """,19,__ecma.String,149,,,1,,__ecma.String
90194315772,LITERAL,3,,,""" tracked projects...""",60,__ecma.String,149,,,3,,__ecma.String
90194315773,LITERAL,1,,,"""❌ Failed to refresh project """,25,__ecma.String,156,,,1,,__ecma.String
90194315774,LITERAL,3,,,""":""",65,__ecma.String,156,,,3,,__ecma.String
90194315775,LITERAL,1,,,"""✅ Completed refresh of tracked projects""",19,__ecma.String,161,,,3,,__ecma.String
90194315776,LITERAL,2,,,false,26,__ecma.Boolean,163,,,2,,__ecma.Boolean
90194315777,LITERAL,2,,,false,34,__ecma.Boolean,28,,,2,,__ecma.Boolean
90194315778,LITERAL,1,,,"""../../types""",0,,2,,,3,,ANY
90194315779,LITERAL,1,,,"""../gitlab/gitlabProjectService""",0,,3,,,3,,ANY
90194315780,LITERAL,1,,,"""../gitlab/gitLabIssueService""",0,,4,,,3,,ANY
90194315781,LITERAL,1,,,"""../gitlab/gitLabMRService""",0,,5,,,3,,ANY
90194315782,LITERAL,1,,,"""../gitlab/gitlabMilestoneService""",0,,6,,,3,,ANY
90194315783,LITERAL,1,,,"""../sonarqube/sonarQubeService""",0,,7,,,3,,ANY
90194315784,LITERAL,1,,,"""../sonarqube/autoMapSonarProjectKeys""",0,,8,,,3,,ANY
90194315785,LITERAL,1,,,"""../../db/queries""",0,,9,,,3,,ANY
90194315786,LITERAL,1,,,"""../../db/queries""",0,,9,,,3,,ANY
90194315787,LITERAL,2,,,"""default""",0,__ecma.String,168,,,2,,__ecma.String
90194315788,LITERAL,2,,,200,57,__ecma.Number,57,,,4,,__ecma.Number
90194315789,LITERAL,1,,,"""🔄 Fetching members for """,17,__ecma.String,21,,,1,,__ecma.String
90194315790,LITERAL,3,,,""" projects (sequential)...""",65,__ecma.String,21,,,3,,__ecma.String
90194315791,LITERAL,2,,,0,17,__ecma.Number,25,,,2,,__ecma.Number
90194315792,LITERAL,2,,,1,15,__ecma.Number,51,,,2,,__ecma.Number
90194315793,LITERAL,2,,,10,20,__ecma.Number,51,,,2,,__ecma.Number
90194315794,LITERAL,2,,,0,27,__ecma.Number,51,,,2,,__ecma.Number
90194315795,LITERAL,1,,,"""   Progress: """,21,__ecma.String,52,,,1,,__ecma.String
90194315796,LITERAL,2,,,1,40,__ecma.Number,52,,,2,,__ecma.Number
90194315797,LITERAL,3,,,"""/""",42,__ecma.String,52,,,3,,__ecma.String
90194315798,LITERAL,5,,,""" projects processed""",67,__ecma.String,52,,,5,,__ecma.String
90194315799,LITERAL,2,,,1,38,__ecma.Number,56,,,2,,__ecma.Number
90194315800,LITERAL,1,,,"""✅ Processed all """,17,__ecma.String,61,,,1,,__ecma.String
90194315801,LITERAL,3,,,""" projects with member data""",57,__ecma.String,61,,,3,,__ecma.String
90194315802,LITERAL,1,,,"""✅ Auto-mapped SonarCloud project keys""",18,__ecma.String,69,,,3,,__ecma.String
90194315803,LITERAL,1,,,"""⚠️ Failed to auto-map SonarCloud keys:""",19,__ecma.String,71,,,3,,__ecma.String
90194315804,LITERAL,1,,,any,62,,71,,,1,ANY,ANY
90194315805,LITERAL,1,,,"""⚠️ Failed to auto-map SonarCloud keys:""",19,__ecma.String,110,,,3,,__ecma.String
90194315806,LITERAL,1,,,any,62,,110,,,1,ANY,ANY
90194315807,LITERAL,1,,,"""Project not found after sync""",22,__ecma.String,118,,,3,,__ecma.String
90194315808,LITERAL,1,,,"""../gitlab/gitlabProjectService""",0,,2,,,3,,ANY
90194315809,LITERAL,1,,,"""../gitlab/gitLabMemberService""",0,,3,,,3,,ANY
90194315810,LITERAL,1,,,"""./projectEnrichmentService""",0,,4,,,3,,ANY
90194315811,LITERAL,1,,,"""./projectTransformService""",0,,5,,,3,,ANY
90194315812,LITERAL,1,,,"""../../db/queries""",0,,6,,,3,,ANY
90194315813,LITERAL,1,,,"""../../db/queries""",0,,6,,,3,,ANY
90194315814,LITERAL,1,,,"""../sonarqube/autoMapSonarProjectKeys""",0,,7,,,3,,ANY
90194315815,LITERAL,2,,,"""default""",0,__ecma.String,130,,,2,,__ecma.String
90194315816,LITERAL,2,,,0,47,__ecma.Number,46,,,2,,__ecma.Number
90194315817,LITERAL,2,,,0,43,__ecma.Number,55,,,2,,__ecma.Number
90194315818,LITERAL,2,,,0,37,__ecma.Number,56,,,2,,__ecma.Number
90194315819,LITERAL,2,,,0,62,__ecma.Number,57,,,2,,__ecma.Number
90194315820,LITERAL,2,,,0,58,__ecma.Number,62,,,2,,__ecma.Number
90194315821,LITERAL,2,,,0,64,__ecma.Number,63,,,2,,__ecma.Number
90194315822,LITERAL,2,,,0,64,__ecma.Number,64,,,2,,__ecma.Number
90194315823,LITERAL,2,,,0,70,__ecma.Number,65,,,2,,__ecma.Number
90194315824,LITERAL,2,,,0,72,__ecma.Number,66,,,2,,__ecma.Number
90194315825,LITERAL,2,,,0,78,__ecma.Number,67,,,2,,__ecma.Number
90194315826,LITERAL,2,,,"""default""",0,__ecma.String,79,,,2,,__ecma.String
90194315827,LITERAL,2,,,false,33,__ecma.Boolean,7,,,2,,__ecma.Boolean
90194315828,LITERAL,1,,,"""[SonarMaintainabilityApiService] Constructor called with:""",16,__ecma.String,10,,,3,,__ecma.String
90194315829,LITERAL,1,,,"""""",22,__ecma.String,12,,,1,,__ecma.String
90194315830,LITERAL,1,,,0,40,__ecma.Number,12,,,3,,__ecma.Number
90194315831,LITERAL,2,,,10,43,__ecma.Number,12,,,4,,__ecma.Number
90194315832,LITERAL,3,,,"""...""",47,__ecma.String,12,,,3,,__ecma.String
90194315833,LITERAL,1,,,"""""",47,__ecma.String,14,,,1,,__ecma.String
90194315834,LITERAL,1,,,0,87,__ecma.Number,14,,,3,,__ecma.Number
90194315835,LITERAL,2,,,10,90,__ecma.Number,14,,,4,,__ecma.Number
90194315836,LITERAL,3,,,"""...""",94,__ecma.String,14,,,3,,__ecma.String
90194315837,LITERAL,2,,,"""""",60,__ecma.String,16,,,2,,__ecma.String
90194315838,LITERAL,1,,,/\\/$/,79,__ecma.String,16,,,3,,__ecma.String
90194315839,LITERAL,2,,,"""""",86,__ecma.String,16,,,4,,__ecma.String
90194315840,LITERAL,2,,,"""""",58,__ecma.String,17,,,2,,__ecma.String
90194315841,LITERAL,1,,,"""[SonarMaintainabilityApiService] After assignment:""",16,__ecma.String,18,,,3,,__ecma.String
90194315842,LITERAL,1,,,"""""",27,__ecma.String,20,,,1,,__ecma.String
90194315843,LITERAL,1,,,0,50,__ecma.Number,20,,,3,,__ecma.Number
90194315844,LITERAL,2,,,10,53,__ecma.Number,20,,,4,,__ecma.Number
90194315845,LITERAL,3,,,"""...""",57,__ecma.String,20,,,3,,__ecma.String
90194315846,LITERAL,3,,,"""EMPTY""",64,__ecma.String,20,,,3,,__ecma.String
90194315847,LITERAL,2,,,/^https?:\\/\\//,26,__ecma.String,27,,,2,,__ecma.String
90194315848,LITERAL,1,,,"""Invalid or missing SONARQUBE_URL. Please set it in your .env file.""",22,__ecma.String,28,,,3,,__ecma.String
90194315849,LITERAL,1,,,"""Missing SONARQUBE_TOKEN. Please set it in your .env file.""",22,__ecma.String,31,,,3,,__ecma.String
90194315850,LITERAL,2,,,true,23,__ecma.Boolean,34,,,2,,__ecma.Boolean
90194315851,LITERAL,1,,,"""🔧 SonarMaintainabilityApiService initialized with URL: """,17,__ecma.String,35,,,1,,__ecma.String
90194315852,LITERAL,3,,,"""""",88,__ecma.String,35,,,3,,__ecma.String
90194315853,LITERAL,1,,,"""Basic """,21,__ecma.String,40,,,1,,__ecma.String
90194315854,LITERAL,2,,,""":""",57,__ecma.String,40,,,2,,__ecma.String
90194315855,LITERAL,1,,,"""base64""",71,__ecma.String,40,,,3,,__ecma.String
90194315856,LITERAL,1,,,"""sqale_debt_ratio""",6,__ecma.String,51,,,3,,__ecma.String
90194315857,LITERAL,1,,,"""sqale_rating""",6,__ecma.String,52,,,3,,__ecma.String
90194315858,LITERAL,1,,,"""code_smells""",6,__ecma.String,53,,,3,,__ecma.String
90194315859,LITERAL,1,,,"""new_code_smells""",6,__ecma.String,54,,,3,,__ecma.String
90194315860,LITERAL,1,,,"""complexity""",6,__ecma.String,55,,,3,,__ecma.String
90194315861,LITERAL,1,,,"""cognitive_complexity""",6,__ecma.String,56,,,3,,__ecma.String
90194315862,LITERAL,1,,,"""duplicated_lines_density""",6,__ecma.String,57,,,3,,__ecma.String
90194315863,LITERAL,1,,,"""new_duplicated_lines_density""",6,__ecma.String,58,,,3,,__ecma.String
90194315864,LITERAL,1,,,"""ncloc""",6,__ecma.String,59,,,3,,__ecma.String
90194315865,LITERAL,1,,,""",""",11,__ecma.String,60,,,3,,__ecma.String
90194315866,LITERAL,1,,,"""""",17,__ecma.String,62,,,1,,__ecma.String
90194315867,LITERAL,3,,,"""/api/measures/component?component=""",32,__ecma.String,62,,,3,,__ecma.String
90194315868,LITERAL,5,,,"""&metricKeys=""",99,__ecma.String,62,,,5,,__ecma.String
90194315869,LITERAL,7,,,"""""",124,__ecma.String,62,,,7,,__ecma.String
90194315870,LITERAL,1,,,"""📊 Fetching maintainability metrics for project: """,19,__ecma.String,65,,,1,,__ecma.String
90194315871,LITERAL,3,,,"""""",81,__ecma.String,65,,,3,,__ecma.String
90194315872,LITERAL,1,,,"""📍 URL: """,19,__ecma.String,66,,,1,,__ecma.String
90194315873,LITERAL,3,,,"""""",33,__ecma.String,66,,,3,,__ecma.String
90194315874,LITERAL,1,,,"""✅ Received response with """,19,__ecma.String,68,,,1,,__ecma.String
90194315875,LITERAL,2,,,0,91,__ecma.Number,68,,,2,,__ecma.Number
90194315876,LITERAL,3,,,""" measures""",93,__ecma.String,68,,,3,,__ecma.String
90194315877,LITERAL,1,,,"""📦 Measures received:""",18,__ecma.String,69,,,3,,__ecma.String
90194315878,LITERAL,2,,,null,93,__ecma.Null,69,,,2,,__ecma.Null
90194315879,LITERAL,3,,,2,99,__ecma.Number,69,,,3,,__ecma.Number
90194315880,LITERAL,1,,,"""[SonarMaintainabilityApiService] Error fetching metrics for """,21,__ecma.String,72,,,1,,__ecma.String
90194315881,LITERAL,3,,,"""""",94,__ecma.String,72,,,3,,__ecma.String
90194315882,LITERAL,1,,,"""Response status:""",22,__ecma.String,74,,,3,,__ecma.String
90194315883,LITERAL,1,,,"""Response data:""",22,__ecma.String,75,,,3,,__ecma.String
90194315884,LITERAL,1,,,"""Error:""",22,__ecma.String,77,,,3,,__ecma.String
90194315885,LITERAL,1,,,"""""",17,__ecma.String,89,,,1,,__ecma.String
90194315886,LITERAL,3,,,"""/api/issues/search?componentKeys=""",32,__ecma.String,89,,,3,,__ecma.String
90194315887,LITERAL,5,,,"""&types=""",98,__ecma.String,89,,,5,,__ecma.String
90194315888,LITERAL,7,,,"""&severities=""",112,__ecma.String,89,,,7,,__ecma.String
90194315889,LITERAL,9,,,"""&resolved=false""",135,__ecma.String,89,,,9,,__ecma.String
90194315890,LITERAL,2,,,0,36,__ecma.Number,93,,,2,,__ecma.Number
90194315891,LITERAL,1,,,"""[SonarMaintainabilityApiService] Error fetching """,21,__ecma.String,95,,,1,,__ecma.String
90194315892,LITERAL,3,,,"""/""",76,__ecma.String,95,,,3,,__ecma.String
90194315893,LITERAL,5,,,""" for """,88,__ecma.String,95,,,5,,__ecma.String
90194315894,LITERAL,7,,,"""""",106,__ecma.String,95,,,7,,__ecma.String
90194315895,LITERAL,1,,,"""Response status:""",22,__ecma.String,97,,,3,,__ecma.String
90194315896,LITERAL,1,,,"""Response data:""",22,__ecma.String,98,,,3,,__ecma.String
90194315897,LITERAL,1,,,"""""",17,__ecma.String,110,,,1,,__ecma.String
90194315898,LITERAL,3,,,"""/api/new_code_periods/show?project=""",32,__ecma.String,110,,,3,,__ecma.String
90194315899,LITERAL,5,,,"""""",100,__ecma.String,110,,,5,,__ecma.String
90194315900,LITERAL,1,,,"""📅 Fetching New Code Period definition for: """,19,__ecma.String,113,,,1,,__ecma.String
90194315901,LITERAL,3,,,"""""",76,__ecma.String,113,,,3,,__ecma.String
90194315902,LITERAL,1,,,"""📅 New Code Period:""",18,__ecma.String,115,,,3,,__ecma.String
90194315903,LITERAL,2,,,null,71,__ecma.Null,115,,,2,,__ecma.Null
90194315904,LITERAL,3,,,2,77,__ecma.Number,115,,,3,,__ecma.Number
90194315905,LITERAL,1,,,"""[SonarMaintainabilityApiService] Error fetching New Code Period for """,21,__ecma.String,118,,,1,,__ecma.String
90194315906,LITERAL,3,,,"""""",102,__ecma.String,118,,,3,,__ecma.String
90194315907,LITERAL,1,,,"""Response status:""",22,__ecma.String,120,,,3,,__ecma.String
90194315908,LITERAL,1,,,null,13,__ecma.Null,123,,,1,,__ecma.Null
90194315909,LITERAL,1,,,"""axios""",0,,1,,,3,,ANY
90194315910,LITERAL,1,,,"""../../types/sonarQubeMetrics.types""",0,,2,,,3,,ANY
90194315911,LITERAL,1,,,0,27,__ecma.Number,21,,,1,,__ecma.Number
90194315912,LITERAL,2,,,0,44,__ecma.Number,25,,,2,,__ecma.Number
90194315913,LITERAL,2,,,0,51,__ecma.Number,30,,,2,,__ecma.Number
90194315914,LITERAL,1,,,0,13,__ecma.Number,33,,,1,,__ecma.Number
90194315915,LITERAL,1,,,"""sqale_rating""",35,__ecma.String,37,,,3,,__ecma.String
90194315916,LITERAL,1,,,"""sqale_debt_ratio""",39,__ecma.String,43,,,3,,__ecma.String
90194315917,LITERAL,1,,,"""code_smells""",36,__ecma.String,45,,,3,,__ecma.String
90194315918,LITERAL,1,,,"""new_code_smells""",34,__ecma.String,46,,,3,,__ecma.String
90194315919,LITERAL,1,,,"""complexity""",40,__ecma.String,47,,,3,,__ecma.String
90194315920,LITERAL,1,,,"""cognitive_complexity""",39,__ecma.String,48,,,3,,__ecma.String
90194315921,LITERAL,1,,,"""duplicated_lines_density""",45,__ecma.String,49,,,3,,__ecma.String
90194315922,LITERAL,1,,,"""new_duplicated_lines_density""",39,__ecma.String,50,,,3,,__ecma.String
90194315923,LITERAL,1,,,"""📊 Calculated metrics (detailed):""",16,__ecma.String,53,,,3,,__ecma.String
90194315924,LITERAL,2,,,1,18,__ecma.Number,62,,,2,,__ecma.Number
90194315925,LITERAL,1,,,"""A""",28,__ecma.String,62,,,1,,__ecma.String
90194315926,LITERAL,2,,,2,18,__ecma.Number,63,,,2,,__ecma.Number
90194315927,LITERAL,1,,,"""B""",28,__ecma.String,63,,,1,,__ecma.String
90194315928,LITERAL,2,,,3,18,__ecma.Number,64,,,2,,__ecma.Number
90194315929,LITERAL,1,,,"""C""",28,__ecma.String,64,,,1,,__ecma.String
90194315930,LITERAL,2,,,4,18,__ecma.Number,65,,,2,,__ecma.Number
90194315931,LITERAL,1,,,"""D""",28,__ecma.String,65,,,1,,__ecma.String
90194315932,LITERAL,1,,,"""E""",11,__ecma.String,66,,,1,,__ecma.String
90194315933,LITERAL,1,,,"""../../types/sonarQubeMetrics.types""",0,,1,,,3,,ANY
90194315934,LITERAL,1,,,"""../../types/sonarQubeMetrics.types""",0,,1,,,3,,ANY
90194315935,LITERAL,2,,,"""
      INSERT INTO sonarqube_maintainability_metrics (
        project_id,
        maintainability_high,
        maintainability_blocker,
        technical_debt_ratio,
        maintainability_rating,
        maintainability_rating_value,
        code_smells_total,
        code_smells_new,
        cyclomatic_complexity,
        cognitive_complexity,
        duplicated_code_percentage,
        duplicated_lines_new,
        calculated_at
      ) VALUES ($1, $2, $3, $4, $5, $6, $7, $8, $9, $10, $11, $12, NOW())
    """,19,__ecma.String,23,,,2,,__ecma.String
90194315936,LITERAL,1,,,"""✅ Saved maintainability metrics for project """,19,__ecma.String,58,,,1,,__ecma.String
90194315937,LITERAL,3,,,"""""",75,__ecma.String,58,,,3,,__ecma.String
90194315938,LITERAL,1,,,"""❌ Failed to save maintainability metrics for project """,21,__ecma.String,60,,,1,,__ecma.String
90194315939,LITERAL,3,,,""":""",86,__ecma.String,60,,,3,,__ecma.String
90194315940,LITERAL,2,,,"""
      INSERT INTO sonarqube_maintainability_history (
        project_id,
        maintainability_high,
        maintainability_blocker,
        technical_debt_ratio,
        maintainability_rating,
        code_smells_total,
        duplicated_code_percentage,
        health_score,
        snapshot_date,
        created_at
      ) VALUES ($1, $2, $3, $4, $5, $6, $7, $8, CURRENT_DATE, CURRENT_TIMESTAMP)
    """,19,__ecma.String,82,,,2,,__ecma.String
90194315941,LITERAL,1,,,"""✅ Saved maintainability historical snapshot for project """,19,__ecma.String,110,,,1,,__ecma.String
90194315942,LITERAL,3,,,""" with health score: """,87,__ecma.String,110,,,3,,__ecma.String
90194315943,LITERAL,5,,,"""""",121,__ecma.String,110,,,5,,__ecma.String
90194315944,LITERAL,1,,,"""❌ Failed to save maintainability historical snapshot for project """,21,__ecma.String,112,,,1,,__ecma.String
90194315945,LITERAL,3,,,""":""",98,__ecma.String,112,,,3,,__ecma.String
90194315946,LITERAL,2,,,"""
      SELECT * FROM sonarqube_maintainability_metrics
      WHERE project_id = $1
      ORDER BY calculated_at DESC
      LIMIT 1
    """,19,__ecma.String,123,,,2,,__ecma.String
90194315947,LITERAL,2,,,0,34,__ecma.Number,132,,,2,,__ecma.Number
90194315948,LITERAL,2,,,0,50,__ecma.Number,132,,,2,,__ecma.Number
90194315949,LITERAL,3,,,null,55,__ecma.Null,132,,,3,,__ecma.Null
90194315950,LITERAL,1,,,"""❌ Failed to get maintainability metrics for project """,21,__ecma.String,134,,,1,,__ecma.String
90194315951,LITERAL,3,,,""":""",85,__ecma.String,134,,,3,,__ecma.String
90194315952,LITERAL,2,,,30,60,__ecma.Number,142,,,2,,__ecma.Number
90194315953,LITERAL,1,,,"""
      SELECT * FROM sonarqube_maintainability_history
      WHERE project_id = $1
        AND snapshot_date >= CURRENT_DATE - INTERVAL '""",19,__ecma.String,145,,,1,,__ecma.String
90194315954,LITERAL,3,,,""" days'
      ORDER BY snapshot_date DESC
    """,61,__ecma.String,148,,,3,,__ecma.String
90194315955,LITERAL,1,,,"""❌ Failed to get maintainability metrics history for project """,21,__ecma.String,156,,,1,,__ecma.String
90194315956,LITERAL,3,,,""":""",93,__ecma.String,156,,,3,,__ecma.String
90194315957,LITERAL,2,,,"""
      SELECT * FROM sonarqube_maintainability_metrics
      WHERE project_id = $1
      ORDER BY calculated_at DESC
    """,19,__ecma.String,167,,,2,,__ecma.String
90194315958,LITERAL,1,,,"""❌ Failed to get all maintainability metrics for project """,21,__ecma.String,177,,,1,,__ecma.String
90194315959,LITERAL,3,,,""":""",89,__ecma.String,177,,,3,,__ecma.String
90194315960,LITERAL,1,,,"""DELETE FROM sonarqube_maintainability_metrics WHERE project_id = $1""",23,__ecma.String,189,,,3,,__ecma.String
90194315961,LITERAL,1,,,"""DELETE FROM sonarqube_maintainability_history WHERE project_id = $1""",23,__ecma.String,190,,,3,,__ecma.String
90194315962,LITERAL,1,,,"""✅ Deleted all maintainability metrics for project """,19,__ecma.String,191,,,1,,__ecma.String
90194315963,LITERAL,3,,,"""""",81,__ecma.String,191,,,3,,__ecma.String
90194315964,LITERAL,1,,,"""❌ Failed to delete maintainability metrics for project """,21,__ecma.String,193,,,1,,__ecma.String
90194315965,LITERAL,3,,,""":""",88,__ecma.String,193,,,3,,__ecma.String
90194315966,LITERAL,2,,,1,11,__ecma.Number,203,,,2,,__ecma.Number
90194315967,LITERAL,2,,,2,11,__ecma.Number,204,,,2,,__ecma.Number
90194315968,LITERAL,2,,,3,11,__ecma.Number,205,,,2,,__ecma.Number
90194315969,LITERAL,2,,,4,11,__ecma.Number,206,,,2,,__ecma.Number
90194315970,LITERAL,2,,,5,11,__ecma.Number,207,,,2,,__ecma.Number
90194315971,LITERAL,2,,,1,26,__ecma.Number,209,,,2,,__ecma.Number
90194315972,LITERAL,1,,,"""../../db/connection""",0,,1,,,3,,ANY
90194315973,LITERAL,1,,,"""../../types/sonarQubeMetrics.types""",0,,2,,,3,,ANY
90194315974,LITERAL,1,,,"""../../types/sonarQubeMetrics.types""",0,,2,,,3,,ANY
90194315975,LITERAL,1,,,"""../../types/sonarQubeMetrics.types""",0,,2,,,3,,ANY
90194315976,LITERAL,1,,,"""../../utils/healthScoreCalculator""",0,,7,,,3,,ANY
90194315977,LITERAL,1,,,"""\\n🔄 Starting maintainability metrics sync for project """,17,__ecma.String,21,,,1,,__ecma.String
90194315978,LITERAL,3,,,"""""",84,__ecma.String,21,,,3,,__ecma.String
90194315979,LITERAL,1,,,"""No SonarQube project key found for project """,25,__ecma.String,27,,,1,,__ecma.String
90194315980,LITERAL,3,,,"""""",80,__ecma.String,27,,,3,,__ecma.String
90194315981,LITERAL,1,,,"""📌 SonarQube project key: """,19,__ecma.String,30,,,1,,__ecma.String
90194315982,LITERAL,3,,,"""""",63,__ecma.String,30,,,3,,__ecma.String
90194315983,LITERAL,1,,,"""📊 Calculated metrics:""",19,__ecma.String,45,,,3,,__ecma.String
90194315984,LITERAL,1,,,"""✅ Successfully synced maintainability metrics for project """,19,__ecma.String,60,,,1,,__ecma.String
90194315985,LITERAL,3,,,"""\\n""",89,__ecma.String,60,,,3,,__ecma.String
90194315986,LITERAL,1,,,"""❌ Failed to sync maintainability metrics for project """,21,__ecma.String,62,,,1,,__ecma.String
90194315987,LITERAL,3,,,""":""",86,__ecma.String,62,,,3,,__ecma.String
90194315988,LITERAL,2,,,"""CODE_SMELL""",70,__ecma.String,75,,,4,,__ecma.String
90194315989,LITERAL,3,,,"""CRITICAL""",84,__ecma.String,75,,,5,,__ecma.String
90194315990,LITERAL,2,,,"""CODE_SMELL""",73,__ecma.String,76,,,4,,__ecma.String
90194315991,LITERAL,3,,,"""BLOCKER""",87,__ecma.String,76,,,5,,__ecma.String
90194315992,LITERAL,1,,,"""🔍 Measures response structure:""",16,__ecma.String,78,,,3,,__ecma.String
90194315993,LITERAL,2,,,0,69,__ecma.Number,81,,,2,,__ecma.Number
90194315994,LITERAL,1,,,"""./sonarMaintainabilityApiService""",0,,1,,,3,,ANY
90194315995,LITERAL,1,,,"""./sonarMaintainabilityCalculationService""",0,,2,,,3,,ANY
90194315996,LITERAL,1,,,"""./sonarMaintainabilityDbService""",0,,3,,,3,,ANY
90194315997,LITERAL,1,,,"""../sonarqube/autoMapSonarProjectKeys""",0,,4,,,3,,ANY
90194315998,LITERAL,2,,,false,33,__ecma.Boolean,7,,,2,,__ecma.Boolean
90194315999,LITERAL,2,,,"""""",60,__ecma.String,10,,,2,,__ecma.String
90194316000,LITERAL,1,,,/\\/$/,79,__ecma.String,10,,,3,,__ecma.String
90194316001,LITERAL,2,,,"""""",86,__ecma.String,10,,,4,,__ecma.String
90194316002,LITERAL,2,,,"""""",58,__ecma.String,11,,,2,,__ecma.String
90194316003,LITERAL,2,,,/^https?:\\/\\//,26,__ecma.String,17,,,2,,__ecma.String
90194316004,LITERAL,1,,,"""Invalid or missing SONARQUBE_URL. Please set it in your .env file.""",22,__ecma.String,18,,,3,,__ecma.String
90194316005,LITERAL,1,,,"""Missing SONARQUBE_TOKEN. Please set it in your .env file.""",22,__ecma.String,21,,,3,,__ecma.String
90194316006,LITERAL,2,,,true,23,__ecma.Boolean,24,,,2,,__ecma.Boolean
90194316007,LITERAL,1,,,"""🔧 SonarReliabilityApiService initialized with URL: """,17,__ecma.String,25,,,1,,__ecma.String
90194316008,LITERAL,3,,,"""""",84,__ecma.String,25,,,3,,__ecma.String
90194316009,LITERAL,1,,,"""Basic """,21,__ecma.String,30,,,1,,__ecma.String
90194316010,LITERAL,2,,,""":""",57,__ecma.String,30,,,2,,__ecma.String
90194316011,LITERAL,1,,,"""base64""",71,__ecma.String,30,,,3,,__ecma.String
90194316012,LITERAL,1,,,"""bugs""",6,__ecma.String,41,,,3,,__ecma.String
90194316013,LITERAL,1,,,"""new_bugs""",6,__ecma.String,42,,,3,,__ecma.String
90194316014,LITERAL,1,,,"""reliability_rating""",6,__ecma.String,43,,,3,,__ecma.String
90194316015,LITERAL,1,,,"""reliability_remediation_effort""",6,__ecma.String,44,,,3,,__ecma.String
90194316016,LITERAL,1,,,""",""",11,__ecma.String,45,,,3,,__ecma.String
90194316017,LITERAL,1,,,"""""",17,__ecma.String,47,,,1,,__ecma.String
90194316018,LITERAL,3,,,"""/api/measures/component?component=""",32,__ecma.String,47,,,3,,__ecma.String
90194316019,LITERAL,5,,,"""&metricKeys=""",99,__ecma.String,47,,,5,,__ecma.String
90194316020,LITERAL,7,,,"""""",124,__ecma.String,47,,,7,,__ecma.String
90194316021,LITERAL,1,,,"""📊 Fetching reliability metrics for project: """,19,__ecma.String,50,,,1,,__ecma.String
90194316022,LITERAL,3,,,"""""",77,__ecma.String,50,,,3,,__ecma.String
90194316023,LITERAL,1,,,"""✅ Received response with """,19,__ecma.String,52,,,1,,__ecma.String
90194316024,LITERAL,2,,,0,91,__ecma.Number,52,,,2,,__ecma.Number
90194316025,LITERAL,3,,,""" measures""",93,__ecma.String,52,,,3,,__ecma.String
90194316026,LITERAL,1,,,"""[SonarReliabilityApiService] Error fetching metrics for """,21,__ecma.String,55,,,1,,__ecma.String
90194316027,LITERAL,3,,,"""""",90,__ecma.String,55,,,3,,__ecma.String
90194316028,LITERAL,1,,,"""Response status:""",22,__ecma.String,57,,,3,,__ecma.String
90194316029,LITERAL,1,,,"""Response data:""",22,__ecma.String,58,,,3,,__ecma.String
90194316030,LITERAL,1,,,"""""",17,__ecma.String,70,,,1,,__ecma.String
90194316031,LITERAL,3,,,"""/api/issues/search?componentKeys=""",32,__ecma.String,70,,,3,,__ecma.String
90194316032,LITERAL,5,,,"""&types=BUG&severities=""",98,__ecma.String,70,,,5,,__ecma.String
90194316033,LITERAL,7,,,"""&resolved=false""",131,__ecma.String,70,,,7,,__ecma.String
90194316034,LITERAL,2,,,0,36,__ecma.Number,74,,,2,,__ecma.Number
90194316035,LITERAL,1,,,"""[SonarReliabilityApiService] Error fetching BUG/""",21,__ecma.String,76,,,1,,__ecma.String
90194316036,LITERAL,3,,,""" for """,80,__ecma.String,76,,,3,,__ecma.String
90194316037,LITERAL,5,,,"""""",98,__ecma.String,76,,,5,,__ecma.String
90194316038,LITERAL,1,,,"""Response status:""",22,__ecma.String,78,,,3,,__ecma.String
90194316039,LITERAL,1,,,"""axios""",0,,1,,,3,,ANY
90194316040,LITERAL,1,,,"""../../types/sonarQubeMetrics.types""",0,,2,,,3,,ANY
90194316041,LITERAL,1,,,0,27,__ecma.Number,18,,,1,,__ecma.Number
90194316042,LITERAL,2,,,0,44,__ecma.Number,22,,,2,,__ecma.Number
90194316043,LITERAL,2,,,0,51,__ecma.Number,27,,,2,,__ecma.Number
90194316044,LITERAL,1,,,0,13,__ecma.Number,30,,,1,,__ecma.Number
90194316045,LITERAL,1,,,"""reliability_rating""",35,__ecma.String,34,,,3,,__ecma.String
90194316046,LITERAL,1,,,"""bugs""",29,__ecma.String,38,,,3,,__ecma.String
90194316047,LITERAL,1,,,"""new_bugs""",27,__ecma.String,41,,,3,,__ecma.String
90194316048,LITERAL,1,,,"""reliability_remediation_effort""",49,__ecma.String,43,,,3,,__ecma.String
90194316049,LITERAL,1,,,"""📊 Calculated reliability metrics:""",16,__ecma.String,46,,,3,,__ecma.String
90194316050,LITERAL,2,,,1,18,__ecma.Number,55,,,2,,__ecma.Number
90194316051,LITERAL,1,,,"""A""",28,__ecma.String,55,,,1,,__ecma.String
90194316052,LITERAL,2,,,2,18,__ecma.Number,56,,,2,,__ecma.Number
90194316053,LITERAL,1,,,"""B""",28,__ecma.String,56,,,1,,__ecma.String
90194316054,LITERAL,2,,,3,18,__ecma.Number,57,,,2,,__ecma.Number
90194316055,LITERAL,1,,,"""C""",28,__ecma.String,57,,,1,,__ecma.String
90194316056,LITERAL,2,,,4,18,__ecma.Number,58,,,2,,__ecma.Number
90194316057,LITERAL,1,,,"""D""",28,__ecma.String,58,,,1,,__ecma.String
90194316058,LITERAL,1,,,"""E""",11,__ecma.String,59,,,1,,__ecma.String
90194316059,LITERAL,1,,,"""../../types/sonarQubeMetrics.types""",0,,1,,,3,,ANY
90194316060,LITERAL,2,,,"""
      INSERT INTO sonarqube_reliability_metrics (
        project_id,
        bugs_total,
        bugs_critical,
        bugs_blocker,
        bugs_new,
        reliability_rating,
        reliability_rating_value,
        reliability_remediation_effort,
        calculated_at
      ) VALUES ($1, $2, $3, $4, $5, $6, $7, $8, NOW())
    """,19,__ecma.String,23,,,2,,__ecma.String
90194316061,LITERAL,1,,,"""✅ Saved reliability metrics for project """,19,__ecma.String,50,,,1,,__ecma.String
90194316062,LITERAL,3,,,"""""",71,__ecma.String,50,,,3,,__ecma.String
90194316063,LITERAL,1,,,"""❌ Failed to save reliability metrics for project """,21,__ecma.String,52,,,1,,__ecma.String
90194316064,LITERAL,3,,,""":""",82,__ecma.String,52,,,3,,__ecma.String
90194316065,LITERAL,2,,,"""
      INSERT INTO sonarqube_reliability_history (
        project_id,
        bugs_total,
        reliability_rating,
        health_score,
        snapshot_date,
        created_at
      ) VALUES ($1, $2, $3, $4, CURRENT_DATE, CURRENT_TIMESTAMP)
    """,19,__ecma.String,72,,,2,,__ecma.String
90194316066,LITERAL,1,,,"""✅ Saved reliability historical snapshot for project """,19,__ecma.String,92,,,1,,__ecma.String
90194316067,LITERAL,3,,,""" with health score: """,83,__ecma.String,92,,,3,,__ecma.String
90194316068,LITERAL,5,,,"""""",117,__ecma.String,92,,,5,,__ecma.String
90194316069,LITERAL,1,,,"""❌ Failed to save reliability historical snapshot for project """,21,__ecma.String,94,,,1,,__ecma.String
90194316070,LITERAL,3,,,""":""",94,__ecma.String,94,,,3,,__ecma.String
90194316071,LITERAL,2,,,"""
      SELECT * FROM sonarqube_reliability_metrics
      WHERE project_id = $1
      ORDER BY calculated_at DESC
      LIMIT 1
    """,19,__ecma.String,105,,,2,,__ecma.String
90194316072,LITERAL,2,,,0,34,__ecma.Number,114,,,2,,__ecma.Number
90194316073,LITERAL,2,,,0,50,__ecma.Number,114,,,2,,__ecma.Number
90194316074,LITERAL,3,,,null,55,__ecma.Null,114,,,3,,__ecma.Null
90194316075,LITERAL,1,,,"""❌ Failed to get reliability metrics for project """,21,__ecma.String,116,,,1,,__ecma.String
90194316076,LITERAL,3,,,""":""",81,__ecma.String,116,,,3,,__ecma.String
90194316077,LITERAL,2,,,30,60,__ecma.Number,124,,,2,,__ecma.Number
90194316078,LITERAL,1,,,"""
      SELECT * FROM sonarqube_reliability_history
      WHERE project_id = $1
        AND snapshot_date >= CURRENT_DATE - INTERVAL '""",19,__ecma.String,127,,,1,,__ecma.String
90194316079,LITERAL,3,,,""" days'
      ORDER BY snapshot_date DESC
    """,61,__ecma.String,130,,,3,,__ecma.String
90194316080,LITERAL,1,,,"""❌ Failed to get reliability metrics history for project """,21,__ecma.String,138,,,1,,__ecma.String
90194316081,LITERAL,3,,,""":""",89,__ecma.String,138,,,3,,__ecma.String
90194316082,LITERAL,1,,,"""DELETE FROM sonarqube_reliability_metrics WHERE project_id = $1""",23,__ecma.String,150,,,3,,__ecma.String
90194316083,LITERAL,1,,,"""DELETE FROM sonarqube_reliability_history WHERE project_id = $1""",23,__ecma.String,151,,,3,,__ecma.String
90194316084,LITERAL,1,,,"""✅ Deleted all reliability metrics for project """,19,__ecma.String,152,,,1,,__ecma.String
90194316085,LITERAL,3,,,"""""",77,__ecma.String,152,,,3,,__ecma.String
90194316086,LITERAL,1,,,"""❌ Failed to delete reliability metrics for project """,21,__ecma.String,154,,,1,,__ecma.String
90194316087,LITERAL,3,,,""":""",84,__ecma.String,154,,,3,,__ecma.String
90194316088,LITERAL,2,,,1,11,__ecma.Number,164,,,2,,__ecma.Number
90194316089,LITERAL,2,,,2,11,__ecma.Number,165,,,2,,__ecma.Number
90194316090,LITERAL,2,,,3,11,__ecma.Number,166,,,2,,__ecma.Number
90194316091,LITERAL,2,,,4,11,__ecma.Number,167,,,2,,__ecma.Number
90194316092,LITERAL,2,,,5,11,__ecma.Number,168,,,2,,__ecma.Number
90194316093,LITERAL,2,,,1,26,__ecma.Number,170,,,2,,__ecma.Number
90194316094,LITERAL,1,,,"""../../db/connection""",0,,1,,,3,,ANY
90194316095,LITERAL,1,,,"""../../types/sonarQubeMetrics.types""",0,,2,,,3,,ANY
90194316096,LITERAL,1,,,"""../../types/sonarQubeMetrics.types""",0,,2,,,3,,ANY
90194316097,LITERAL,1,,,"""../../types/sonarQubeMetrics.types""",0,,2,,,3,,ANY
90194316098,LITERAL,1,,,"""../../utils/healthScoreCalculator""",0,,7,,,3,,ANY
90194316099,LITERAL,1,,,"""\\n🔄 Starting reliability metrics sync for project """,17,__ecma.String,21,,,1,,__ecma.String
90194316100,LITERAL,3,,,"""""",80,__ecma.String,21,,,3,,__ecma.String
90194316101,LITERAL,1,,,"""No SonarQube project key found for project """,25,__ecma.String,27,,,1,,__ecma.String
90194316102,LITERAL,3,,,"""""",80,__ecma.String,27,,,3,,__ecma.String
90194316103,LITERAL,1,,,"""📌 SonarQube project key: """,19,__ecma.String,30,,,1,,__ecma.String
90194316104,LITERAL,3,,,"""""",63,__ecma.String,30,,,3,,__ecma.String
90194316105,LITERAL,1,,,"""✅ Successfully synced reliability metrics for project """,19,__ecma.String,48,,,1,,__ecma.String
90194316106,LITERAL,3,,,"""\\n""",85,__ecma.String,48,,,3,,__ecma.String
90194316107,LITERAL,1,,,"""❌ Failed to sync reliability metrics for project """,21,__ecma.String,50,,,1,,__ecma.String
90194316108,LITERAL,3,,,""":""",82,__ecma.String,50,,,3,,__ecma.String
90194316109,LITERAL,2,,,"""CRITICAL""",72,__ecma.String,63,,,4,,__ecma.String
90194316110,LITERAL,2,,,"""BLOCKER""",71,__ecma.String,64,,,4,,__ecma.String
90194316111,LITERAL,1,,,"""./sonarReliabilityApiService""",0,,1,,,3,,ANY
90194316112,LITERAL,1,,,"""./sonarReliabilityCalculationService""",0,,2,,,3,,ANY
90194316113,LITERAL,1,,,"""./sonarReliabilityDbService""",0,,3,,,3,,ANY
90194316114,LITERAL,1,,,"""../sonarqube/autoMapSonarProjectKeys""",0,,4,,,3,,ANY
90194316115,LITERAL,2,,,false,33,__ecma.Boolean,7,,,2,,__ecma.Boolean
90194316116,LITERAL,2,,,"""""",60,__ecma.String,10,,,2,,__ecma.String
90194316117,LITERAL,1,,,/\\/$/,79,__ecma.String,10,,,3,,__ecma.String
90194316118,LITERAL,2,,,"""""",86,__ecma.String,10,,,4,,__ecma.String
90194316119,LITERAL,2,,,"""""",58,__ecma.String,11,,,2,,__ecma.String
90194316120,LITERAL,2,,,/^https?:\\/\\//,26,__ecma.String,17,,,2,,__ecma.String
90194316121,LITERAL,1,,,"""Invalid or missing SONARQUBE_URL. Please set it in your .env file.""",22,__ecma.String,18,,,3,,__ecma.String
90194316122,LITERAL,1,,,"""Missing SONARQUBE_TOKEN. Please set it in your .env file.""",22,__ecma.String,21,,,3,,__ecma.String
90194316123,LITERAL,2,,,true,23,__ecma.Boolean,24,,,2,,__ecma.Boolean
90194316124,LITERAL,1,,,"""🔧 SonarSecurityApiService initialized with URL: """,17,__ecma.String,25,,,1,,__ecma.String
90194316125,LITERAL,3,,,"""""",81,__ecma.String,25,,,3,,__ecma.String
90194316126,LITERAL,1,,,"""Basic """,21,__ecma.String,30,,,1,,__ecma.String
90194316127,LITERAL,2,,,""":""",57,__ecma.String,30,,,2,,__ecma.String
90194316128,LITERAL,1,,,"""base64""",71,__ecma.String,30,,,3,,__ecma.String
90194316129,LITERAL,1,,,"""vulnerabilities""",6,__ecma.String,41,,,3,,__ecma.String
90194316130,LITERAL,1,,,"""new_vulnerabilities""",6,__ecma.String,42,,,3,,__ecma.String
90194316131,LITERAL,1,,,"""security_rating""",6,__ecma.String,43,,,3,,__ecma.String
90194316132,LITERAL,1,,,"""security_hotspots""",6,__ecma.String,44,,,3,,__ecma.String
90194316133,LITERAL,1,,,"""security_hotspots_reviewed""",6,__ecma.String,45,,,3,,__ecma.String
90194316134,LITERAL,1,,,"""security_review_rating""",6,__ecma.String,46,,,3,,__ecma.String
90194316135,LITERAL,1,,,"""security_remediation_effort""",6,__ecma.String,47,,,3,,__ecma.String
90194316136,LITERAL,1,,,""",""",11,__ecma.String,48,,,3,,__ecma.String
90194316137,LITERAL,1,,,"""""",17,__ecma.String,50,,,1,,__ecma.String
90194316138,LITERAL,3,,,"""/api/measures/component?component=""",32,__ecma.String,50,,,3,,__ecma.String
90194316139,LITERAL,5,,,"""&metricKeys=""",99,__ecma.String,50,,,5,,__ecma.String
90194316140,LITERAL,7,,,"""""",124,__ecma.String,50,,,7,,__ecma.String
90194316141,LITERAL,1,,,"""📊 Fetching security metrics for project: """,19,__ecma.String,53,,,1,,__ecma.String
90194316142,LITERAL,3,,,"""""",74,__ecma.String,53,,,3,,__ecma.String
90194316143,LITERAL,1,,,"""✅ Received response with """,19,__ecma.String,55,,,1,,__ecma.String
90194316144,LITERAL,2,,,0,91,__ecma.Number,55,,,2,,__ecma.Number
90194316145,LITERAL,3,,,""" measures""",93,__ecma.String,55,,,3,,__ecma.String
90194316146,LITERAL,1,,,"""[SonarSecurityApiService] Error fetching metrics for """,21,__ecma.String,58,,,1,,__ecma.String
90194316147,LITERAL,3,,,"""""",87,__ecma.String,58,,,3,,__ecma.String
90194316148,LITERAL,1,,,"""Response status:""",22,__ecma.String,60,,,3,,__ecma.String
90194316149,LITERAL,1,,,"""Response data:""",22,__ecma.String,61,,,3,,__ecma.String
90194316150,LITERAL,1,,,"""axios""",0,,1,,,3,,ANY
90194316151,LITERAL,1,,,"""../../types/sonarQubeMetrics.types""",0,,2,,,3,,ANY
90194316152,LITERAL,1,,,0,27,__ecma.Number,16,,,1,,__ecma.Number
90194316153,LITERAL,2,,,0,44,__ecma.Number,20,,,2,,__ecma.Number
90194316154,LITERAL,2,,,0,51,__ecma.Number,25,,,2,,__ecma.Number
90194316155,LITERAL,1,,,0,13,__ecma.Number,28,,,1,,__ecma.Number
90194316156,LITERAL,1,,,"""security_rating""",43,__ecma.String,32,,,3,,__ecma.String
90194316157,LITERAL,1,,,"""security_review_rating""",49,__ecma.String,36,,,3,,__ecma.String
90194316158,LITERAL,1,,,"""vulnerabilities""",40,__ecma.String,40,,,3,,__ecma.String
90194316159,LITERAL,1,,,"""new_vulnerabilities""",38,__ecma.String,41,,,3,,__ecma.String
90194316160,LITERAL,1,,,"""security_hotspots""",42,__ecma.String,43,,,3,,__ecma.String
90194316161,LITERAL,1,,,"""security_hotspots_reviewed""",45,__ecma.String,44,,,3,,__ecma.String
90194316162,LITERAL,1,,,"""security_remediation_effort""",46,__ecma.String,46,,,3,,__ecma.String
90194316163,LITERAL,1,,,"""📊 Calculated security metrics:""",16,__ecma.String,49,,,3,,__ecma.String
90194316164,LITERAL,2,,,1,18,__ecma.Number,58,,,2,,__ecma.Number
90194316165,LITERAL,1,,,"""A""",28,__ecma.String,58,,,1,,__ecma.String
90194316166,LITERAL,2,,,2,18,__ecma.Number,59,,,2,,__ecma.Number
90194316167,LITERAL,1,,,"""B""",28,__ecma.String,59,,,1,,__ecma.String
90194316168,LITERAL,2,,,3,18,__ecma.Number,60,,,2,,__ecma.Number
90194316169,LITERAL,1,,,"""C""",28,__ecma.String,60,,,1,,__ecma.String
90194316170,LITERAL,2,,,4,18,__ecma.Number,61,,,2,,__ecma.Number
90194316171,LITERAL,1,,,"""D""",28,__ecma.String,61,,,1,,__ecma.String
90194316172,LITERAL,1,,,"""E""",11,__ecma.String,62,,,1,,__ecma.String
90194316173,LITERAL,1,,,"""../../types/sonarQubeMetrics.types""",0,,1,,,3,,ANY
90194316174,LITERAL,2,,,"""
      INSERT INTO sonarqube_security_metrics (
        project_id,
        vulnerabilities_total,
        vulnerabilities_new,
        security_rating,
        security_rating_value,
        security_hotspots_total,
        security_hotspots_reviewed,
        security_review_rating,
        security_review_rating_value,
        security_remediation_effort,
        calculated_at
      ) VALUES ($1, $2, $3, $4, $5, $6, $7, $8, $9, $10, NOW())
    """,19,__ecma.String,24,,,2,,__ecma.String
90194316175,LITERAL,1,,,"""✅ Saved security metrics for project """,19,__ecma.String,55,,,1,,__ecma.String
90194316176,LITERAL,3,,,"""""",68,__ecma.String,55,,,3,,__ecma.String
90194316177,LITERAL,1,,,"""❌ Failed to save security metrics for project """,21,__ecma.String,57,,,1,,__ecma.String
90194316178,LITERAL,3,,,""":""",79,__ecma.String,57,,,3,,__ecma.String
90194316179,LITERAL,2,,,"""
      INSERT INTO sonarqube_security_history (
        project_id,
        vulnerabilities_total,
        security_rating,
        security_hotspots_total,
        health_score,
        snapshot_date,
        created_at
      ) VALUES ($1, $2, $3, $4, $5, CURRENT_DATE, CURRENT_TIMESTAMP)
    """,19,__ecma.String,78,,,2,,__ecma.String
90194316180,LITERAL,1,,,"""✅ Saved security historical snapshot for project """,19,__ecma.String,100,,,1,,__ecma.String
90194316181,LITERAL,3,,,""" with health score: """,80,__ecma.String,100,,,3,,__ecma.String
90194316182,LITERAL,5,,,"""""",114,__ecma.String,100,,,5,,__ecma.String
90194316183,LITERAL,1,,,"""❌ Failed to save security historical snapshot for project """,21,__ecma.String,102,,,1,,__ecma.String
90194316184,LITERAL,3,,,""":""",91,__ecma.String,102,,,3,,__ecma.String
90194316185,LITERAL,2,,,"""
      SELECT * FROM sonarqube_security_metrics
      WHERE project_id = $1
      ORDER BY calculated_at DESC
      LIMIT 1
    """,19,__ecma.String,113,,,2,,__ecma.String
90194316186,LITERAL,2,,,0,34,__ecma.Number,122,,,2,,__ecma.Number
90194316187,LITERAL,2,,,0,50,__ecma.Number,122,,,2,,__ecma.Number
90194316188,LITERAL,3,,,null,55,__ecma.Null,122,,,3,,__ecma.Null
90194316189,LITERAL,1,,,"""❌ Failed to get security metrics for project """,21,__ecma.String,124,,,1,,__ecma.String
90194316190,LITERAL,3,,,""":""",78,__ecma.String,124,,,3,,__ecma.String
90194316191,LITERAL,2,,,30,60,__ecma.Number,132,,,2,,__ecma.Number
90194316192,LITERAL,1,,,"""
      SELECT * FROM sonarqube_security_history
      WHERE project_id = $1
        AND snapshot_date >= CURRENT_DATE - INTERVAL '""",19,__ecma.String,135,,,1,,__ecma.String
90194316193,LITERAL,3,,,""" days'
      ORDER BY snapshot_date DESC
    """,61,__ecma.String,138,,,3,,__ecma.String
90194316194,LITERAL,1,,,"""❌ Failed to get security metrics history for project """,21,__ecma.String,146,,,1,,__ecma.String
90194316195,LITERAL,3,,,""":""",86,__ecma.String,146,,,3,,__ecma.String
90194316196,LITERAL,1,,,"""DELETE FROM sonarqube_security_metrics WHERE project_id = $1""",23,__ecma.String,158,,,3,,__ecma.String
90194316197,LITERAL,1,,,"""DELETE FROM sonarqube_security_history WHERE project_id = $1""",23,__ecma.String,159,,,3,,__ecma.String
90194316198,LITERAL,1,,,"""✅ Deleted all security metrics for project """,19,__ecma.String,160,,,1,,__ecma.String
90194316199,LITERAL,3,,,"""""",74,__ecma.String,160,,,3,,__ecma.String
90194316200,LITERAL,1,,,"""❌ Failed to delete security metrics for project """,21,__ecma.String,162,,,1,,__ecma.String
90194316201,LITERAL,3,,,""":""",81,__ecma.String,162,,,3,,__ecma.String
90194316202,LITERAL,-1,,,"""A""",11,__ecma.String,172,,,2,,__ecma.String
90194316203,LITERAL,1,,,1,23,__ecma.Number,172,,,1,,__ecma.Number
90194316204,LITERAL,-1,,,"""B""",11,__ecma.String,173,,,5,,__ecma.String
90194316205,LITERAL,1,,,2,23,__ecma.Number,173,,,1,,__ecma.Number
90194316206,LITERAL,-1,,,"""C""",11,__ecma.String,174,,,8,,__ecma.String
90194316207,LITERAL,1,,,3,23,__ecma.Number,174,,,1,,__ecma.Number
90194316208,LITERAL,-1,,,"""D""",11,__ecma.String,175,,,11,,__ecma.String
90194316209,LITERAL,1,,,4,23,__ecma.Number,175,,,1,,__ecma.Number
90194316210,LITERAL,-1,,,"""E""",11,__ecma.String,176,,,14,,__ecma.String
90194316211,LITERAL,1,,,5,23,__ecma.Number,176,,,1,,__ecma.Number
90194316212,LITERAL,1,,,5,22,__ecma.Number,177,,,1,,__ecma.Number
90194316213,LITERAL,1,,,"""../../db/connection""",0,,1,,,3,,ANY
90194316214,LITERAL,1,,,"""../../types/sonarQubeMetrics.types""",0,,2,,,3,,ANY
90194316215,LITERAL,1,,,"""../../types/sonarQubeMetrics.types""",0,,2,,,3,,ANY
90194316216,LITERAL,1,,,"""../../types/sonarQubeMetrics.types""",0,,2,,,3,,ANY
90194316217,LITERAL,1,,,"""../../utils/healthScoreCalculator""",0,,7,,,3,,ANY
90194316218,LITERAL,1,,,"""\\n🔄 Starting security metrics sync for project """,17,__ecma.String,21,,,1,,__ecma.String
90194316219,LITERAL,3,,,"""""",77,__ecma.String,21,,,3,,__ecma.String
90194316220,LITERAL,1,,,"""No SonarQube project key found for project """,25,__ecma.String,27,,,1,,__ecma.String
90194316221,LITERAL,3,,,"""""",80,__ecma.String,27,,,3,,__ecma.String
90194316222,LITERAL,1,,,"""📌 SonarQube project key: """,19,__ecma.String,30,,,1,,__ecma.String
90194316223,LITERAL,3,,,"""""",63,__ecma.String,30,,,3,,__ecma.String
90194316224,LITERAL,1,,,"""✅ Successfully synced security metrics for project """,19,__ecma.String,44,,,1,,__ecma.String
90194316225,LITERAL,3,,,"""\\n""",82,__ecma.String,44,,,3,,__ecma.String
90194316226,LITERAL,1,,,"""❌ Failed to sync security metrics for project """,21,__ecma.String,46,,,1,,__ecma.String
90194316227,LITERAL,3,,,""":""",79,__ecma.String,46,,,3,,__ecma.String
90194316228,LITERAL,1,,,"""./sonarSecurityApiService""",0,,1,,,3,,ANY
90194316229,LITERAL,1,,,"""./sonarSecurityCalculationService""",0,,2,,,3,,ANY
90194316230,LITERAL,1,,,"""./sonarSecurityDbService""",0,,3,,,3,,ANY
90194316231,LITERAL,1,,,"""../sonarqube/autoMapSonarProjectKeys""",0,,4,,,3,,ANY
90194316232,LITERAL,1,,,/[-_]/g,23,__ecma.String,84,,,3,,__ecma.String
90194316233,LITERAL,2,,,"""""",32,__ecma.String,84,,,4,,__ecma.String
90194316234,LITERAL,2,,,"""""",49,__ecma.String,8,,,2,,__ecma.String
90194316235,LITERAL,1,,,/\\/$/,68,__ecma.String,8,,,3,,__ecma.String
90194316236,LITERAL,2,,,"""""",75,__ecma.String,8,,,4,,__ecma.String
90194316237,LITERAL,2,,,"""""",53,__ecma.String,9,,,2,,__ecma.String
90194316238,LITERAL,2,,,"""""",58,__ecma.String,10,,,2,,__ecma.String
90194316239,LITERAL,1,,,"""🔧 SonarQube Configuration:""",14,__ecma.String,12,,,3,,__ecma.String
90194316240,LITERAL,1,,,"""  URL: """"",15,__ecma.String,13,,,1,,__ecma.String
90194316241,LITERAL,3,,,"""""""",34,__ecma.String,13,,,3,,__ecma.String
90194316242,LITERAL,1,,,"""  Token: """,15,__ecma.String,14,,,1,,__ecma.String
90194316243,LITERAL,1,,,0,60,__ecma.Number,14,,,3,,__ecma.Number
90194316244,LITERAL,2,,,10,63,__ecma.Number,14,,,4,,__ecma.Number
90194316245,LITERAL,2,,,"""...""",69,__ecma.String,14,,,2,,__ecma.String
90194316246,LITERAL,3,,,"""NOT SET""",77,__ecma.String,14,,,3,,__ecma.String
90194316247,LITERAL,3,,,"""""",87,__ecma.String,14,,,3,,__ecma.String
90194316248,LITERAL,1,,,"""  Token length: """,15,__ecma.String,15,,,1,,__ecma.String
90194316249,LITERAL,3,,,""" characters""",51,__ecma.String,15,,,3,,__ecma.String
90194316250,LITERAL,1,,,"""  Organization: """,15,__ecma.String,16,,,1,,__ecma.String
90194316251,LITERAL,2,,,"""NOT SET (OK for self-hosted)""",45,__ecma.String,16,,,2,,__ecma.String
90194316252,LITERAL,3,,,"""""",76,__ecma.String,16,,,3,,__ecma.String
90194316253,LITERAL,1,,,"""❌ SONARQUBE_URL or SONARQUBE_TOKEN not configured""",18,__ecma.String,19,,,3,,__ecma.String
90194316254,LITERAL,1,,,"""sonarcloud.io""",41,__ecma.String,24,,,3,,__ecma.String
90194316255,LITERAL,1,,,"""⚠️ SONARQUBE_ORGANIZATION is required for SonarCloud. Skipping auto-mapping.""",17,__ecma.String,27,,,3,,__ecma.String
90194316256,LITERAL,2,,,1,13,__ecma.Number,32,,,2,,__ecma.Number
90194316257,LITERAL,2,,,500,19,__ecma.Number,33,,,2,,__ecma.Number
90194316258,LITERAL,2,,,0,14,__ecma.Number,34,,,2,,__ecma.Number
90194316259,LITERAL,1,,,"""""",17,__ecma.String,39,,,1,,__ecma.String
90194316260,LITERAL,3,,,"""/api/components/search?qualifiers=TRK&p=""",28,__ecma.String,39,,,3,,__ecma.String
90194316261,LITERAL,5,,,"""&ps=""",75,__ecma.String,39,,,5,,__ecma.String
90194316262,LITERAL,7,,,"""""",90,__ecma.String,39,,,7,,__ecma.String
90194316263,LITERAL,1,,,"""&organization=""",16,__ecma.String,41,,,1,,__ecma.String
90194316264,LITERAL,3,,,"""""",41,__ecma.String,41,,,3,,__ecma.String
90194316265,LITERAL,1,,,"""Bearer """,28,__ecma.String,46,,,1,,__ecma.String
90194316266,LITERAL,3,,,"""""",48,__ecma.String,46,,,3,,__ecma.String
90194316267,LITERAL,1,,,"""Basic """,27,__ecma.String,47,,,1,,__ecma.String
90194316268,LITERAL,2,,,""":""",63,__ecma.String,47,,,2,,__ecma.String
90194316269,LITERAL,1,,,"""base64""",77,__ecma.String,47,,,3,,__ecma.String
90194316270,LITERAL,2,,,"""string""",26,__ecma.String,55,,,2,,__ecma.String
90194316271,LITERAL,1,,,"""<!DOCTYPE html>""",52,__ecma.String,55,,,3,,__ecma.String
90194316272,LITERAL,1,,,"""Authentication failed: Received HTML login page instead of JSON. Check your SONARQUBE_TOKEN.""",24,__ecma.String,56,,,3,,__ecma.String
90194316273,LITERAL,1,,,"""✅ Successfully fetched SonarQube data""",18,__ecma.String,59,,,3,,__ecma.String
90194316274,LITERAL,1,,,"""Failed to fetch SonarQube projects:""",18,__ecma.String,70,,,3,,__ecma.String
90194316275,LITERAL,1,,,"""Response status:""",20,__ecma.String,72,,,3,,__ecma.String
90194316276,LITERAL,1,,,"""Response data:""",20,__ecma.String,73,,,3,,__ecma.String
90194316277,LITERAL,1,,,"""SELECT id, name FROM projects""",38,__ecma.String,79,,,3,,__ecma.String
90194316278,LITERAL,1,,,"""\\n📋 Found """,15,__ecma.String,81,,,1,,__ecma.String
90194316279,LITERAL,3,,,""" SonarQube projects and """,44,__ecma.String,81,,,3,,__ecma.String
90194316280,LITERAL,5,,,""" database projects""",93,__ecma.String,81,,,5,,__ecma.String
90194316281,LITERAL,1,,,"""
🔍 Matching results:
""",14,__ecma.String,87,,,3,,__ecma.String
90194316282,LITERAL,1,,,"""UPDATE projects SET sonar_project_key = $1 WHERE id = $2""",8,__ecma.String,107,,,3,,__ecma.String
90194316283,LITERAL,1,,,"""✅ """"",19,__ecma.String,110,,,1,,__ecma.String
90194316284,LITERAL,3,,,""""" → """"",39,__ecma.String,110,,,3,,__ecma.String
90194316285,LITERAL,5,,,"""""""",56,__ecma.String,110,,,5,,__ecma.String
90194316286,LITERAL,1,,,"""❌ """"",19,__ecma.String,112,,,1,,__ecma.String
90194316287,LITERAL,3,,,""""" → No match""",39,__ecma.String,112,,,3,,__ecma.String
90194316288,LITERAL,1,,,"""SELECT sonar_project_key FROM projects WHERE id = $1""",4,__ecma.String,121,,,3,,__ecma.String
90194316289,LITERAL,2,,,0,27,__ecma.Number,124,,,2,,__ecma.Number
90194316290,LITERAL,2,,,0,44,__ecma.Number,124,,,2,,__ecma.Number
90194316291,LITERAL,2,,,0,23,__ecma.Number,125,,,2,,__ecma.Number
90194316292,LITERAL,1,,,null,9,__ecma.Null,127,,,1,,__ecma.Null
90194316293,LITERAL,1,,,"""../../db/connection""",0,,1,,,3,,ANY
90194316294,LITERAL,1,,,"""axios""",0,,2,,,3,,ANY
90194316295,LITERAL,2,,,"""""",60,__ecma.String,19,,,2,,__ecma.String
90194316296,LITERAL,1,,,/\\/$/,79,__ecma.String,19,,,3,,__ecma.String
90194316297,LITERAL,2,,,"""""",86,__ecma.String,19,,,4,,__ecma.String
90194316298,LITERAL,2,,,"""""",58,__ecma.String,20,,,2,,__ecma.String
90194316299,LITERAL,1,,,"""sonarcloud.io""",46,__ecma.String,21,,,3,,__ecma.String
90194316300,LITERAL,2,,,/^https?:\\/\\//,26,__ecma.String,23,,,2,,__ecma.String
90194316301,LITERAL,1,,,"""Invalid or missing SONARQUBE_URL. Please set it in your .env file.""",22,__ecma.String,24,,,3,,__ecma.String
90194316302,LITERAL,1,,,"""Missing SONARQUBE_TOKEN. Please set it in your .env file.""",22,__ecma.String,27,,,3,,__ecma.String
90194316303,LITERAL,1,,,"""🔧 SonarQubeService initialized with URL: """,17,__ecma.String,30,,,1,,__ecma.String
90194316304,LITERAL,3,,,"""""",74,__ecma.String,30,,,3,,__ecma.String
90194316305,LITERAL,1,,,"""Bearer """,24,__ecma.String,36,,,1,,__ecma.String
90194316306,LITERAL,3,,,"""""",44,__ecma.String,36,,,3,,__ecma.String
90194316307,LITERAL,1,,,"""Basic """,21,__ecma.String,40,,,1,,__ecma.String
90194316308,LITERAL,2,,,""":""",57,__ecma.String,40,,,2,,__ecma.String
90194316309,LITERAL,1,,,"""base64""",71,__ecma.String,40,,,3,,__ecma.String
90194316310,LITERAL,1,,,"""""",19,__ecma.String,49,,,1,,__ecma.String
90194316311,LITERAL,3,,,"""/api/issues/search?componentKeys=""",34,__ecma.String,49,,,3,,__ecma.String
90194316312,LITERAL,5,,,"""&types=""",100,__ecma.String,49,,,5,,__ecma.String
90194316313,LITERAL,7,,,"""&severities=""",114,__ecma.String,49,,,7,,__ecma.String
90194316314,LITERAL,9,,,"""&resolved=false""",137,__ecma.String,49,,,9,,__ecma.String
90194316315,LITERAL,2,,,0,41,__ecma.Number,52,,,2,,__ecma.Number
90194316316,LITERAL,1,,,"""  ✓ """,21,__ecma.String,53,,,1,,__ecma.String
90194316317,LITERAL,3,,,"""/""",32,__ecma.String,53,,,3,,__ecma.String
90194316318,LITERAL,5,,,""": """,44,__ecma.String,53,,,5,,__ecma.String
90194316319,LITERAL,7,,,"""""",54,__ecma.String,53,,,7,,__ecma.String
90194316320,LITERAL,1,,,"""[SonarQubeService] Error for projectKey='""",23,__ecma.String,57,,,1,,__ecma.String
90194316321,LITERAL,3,,,"""' type='""",77,__ecma.String,57,,,3,,__ecma.String
90194316322,LITERAL,5,,,"""' severity='""",92,__ecma.String,57,,,5,,__ecma.String
90194316323,LITERAL,7,,,"""'""",115,__ecma.String,57,,,7,,__ecma.String
90194316324,LITERAL,1,,,"""Response status:""",24,__ecma.String,59,,,3,,__ecma.String
90194316325,LITERAL,1,,,"""Response data:""",24,__ecma.String,60,,,3,,__ecma.String
90194316326,LITERAL,2,,,"""string""",71,__ecma.String,60,,,2,,__ecma.String
90194316327,LITERAL,1,,,0,110,__ecma.Number,60,,,3,,__ecma.Number
90194316328,LITERAL,2,,,200,113,__ecma.Number,60,,,4,,__ecma.Number
90194316329,LITERAL,1,,,"""Error:""",24,__ecma.String,62,,,3,,__ecma.String
90194316330,LITERAL,1,,,"""📊 Fetching SonarQube metrics for project: """,17,__ecma.String,45,,,1,,__ecma.String
90194316331,LITERAL,3,,,"""""",73,__ecma.String,45,,,3,,__ecma.String
90194316332,LITERAL,1,,,"""VULNERABILITY""",38,__ecma.String,69,,,3,,__ecma.String
90194316333,LITERAL,2,,,"""CRITICAL""",55,__ecma.String,69,,,4,,__ecma.String
90194316334,LITERAL,1,,,"""VULNERABILITY""",41,__ecma.String,70,,,3,,__ecma.String
90194316335,LITERAL,2,,,"""BLOCKER""",58,__ecma.String,70,,,4,,__ecma.String
90194316336,LITERAL,1,,,"""BUG""",41,__ecma.String,71,,,3,,__ecma.String
90194316337,LITERAL,2,,,"""CRITICAL""",48,__ecma.String,71,,,4,,__ecma.String
90194316338,LITERAL,1,,,"""BUG""",44,__ecma.String,72,,,3,,__ecma.String
90194316339,LITERAL,2,,,"""BLOCKER""",51,__ecma.String,72,,,4,,__ecma.String
90194316340,LITERAL,1,,,"""CODE_SMELL""",45,__ecma.String,73,,,3,,__ecma.String
90194316341,LITERAL,2,,,"""CRITICAL""",59,__ecma.String,73,,,4,,__ecma.String
90194316342,LITERAL,1,,,"""CODE_SMELL""",48,__ecma.String,74,,,3,,__ecma.String
90194316343,LITERAL,2,,,"""BLOCKER""",62,__ecma.String,74,,,4,,__ecma.String
90194316344,LITERAL,1,,,"""✅ Successfully fetched SonarQube metrics for """,17,__ecma.String,77,,,1,,__ecma.String
90194316345,LITERAL,3,,,"""""",75,__ecma.String,77,,,3,,__ecma.String
90194316346,LITERAL,1,,,"""axios""",0,,1,,,3,,ANY
90194316347,LITERAL,1,,,"""./gitlab.types""",0,,4,,,3,,ANY
90194316348,LITERAL,1,,,"""./gitlab.types""",0,,2,,,1,,ANY
90194316349,LITERAL,1,,,"""./project.types""",0,,3,,,1,,ANY
90194316350,LITERAL,1,,,"""./doraMetrics.types""",0,,4,,,1,,ANY
90194316351,LITERAL,1,,,"""./gitlab.types""",0,,4,,,3,,ANY
90194316352,LITERAL,2,,,0,23,__ecma.Number,14,,,2,,__ecma.Number
90194316353,LITERAL,2,,,1,36,__ecma.Number,15,,,2,,__ecma.Number
90194316354,LITERAL,2,,,5,56,__ecma.Number,15,,,2,,__ecma.Number
90194316355,LITERAL,2,,,3,41,__ecma.Number,16,,,2,,__ecma.Number
90194316356,LITERAL,2,,,4,61,__ecma.Number,16,,,2,,__ecma.Number
90194316357,LITERAL,2,,,7,41,__ecma.Number,17,,,2,,__ecma.Number
90194316358,LITERAL,2,,,3,61,__ecma.Number,17,,,2,,__ecma.Number
90194316359,LITERAL,2,,,14,41,__ecma.Number,18,,,2,,__ecma.Number
90194316360,LITERAL,2,,,2,62,__ecma.Number,18,,,2,,__ecma.Number
90194316361,LITERAL,2,,,30,41,__ecma.Number,19,,,2,,__ecma.Number
90194316362,LITERAL,2,,,1,62,__ecma.Number,19,,,2,,__ecma.Number
90194316363,LITERAL,2,,,0,24,__ecma.Number,20,,,2,,__ecma.Number
90194316364,LITERAL,2,,,0,24,__ecma.Number,23,,,2,,__ecma.Number
90194316365,LITERAL,2,,,5,36,__ecma.Number,24,,,2,,__ecma.Number
90194316366,LITERAL,2,,,5,57,__ecma.Number,24,,,2,,__ecma.Number
90194316367,LITERAL,2,,,10,41,__ecma.Number,25,,,2,,__ecma.Number
90194316368,LITERAL,2,,,4,63,__ecma.Number,25,,,2,,__ecma.Number
90194316369,LITERAL,2,,,20,41,__ecma.Number,26,,,2,,__ecma.Number
90194316370,LITERAL,2,,,3,63,__ecma.Number,26,,,2,,__ecma.Number
90194316371,LITERAL,2,,,30,41,__ecma.Number,27,,,2,,__ecma.Number
90194316372,LITERAL,2,,,2,63,__ecma.Number,27,,,2,,__ecma.Number
90194316373,LITERAL,2,,,50,41,__ecma.Number,28,,,2,,__ecma.Number
90194316374,LITERAL,2,,,1,63,__ecma.Number,28,,,2,,__ecma.Number
90194316375,LITERAL,2,,,0,25,__ecma.Number,29,,,2,,__ecma.Number
90194316376,LITERAL,2,,,0,22,__ecma.Number,32,,,2,,__ecma.Number
90194316377,LITERAL,2,,,20,38,__ecma.Number,33,,,2,,__ecma.Number
90194316378,LITERAL,2,,,5,58,__ecma.Number,33,,,2,,__ecma.Number
90194316379,LITERAL,2,,,10,44,__ecma.Number,34,,,2,,__ecma.Number
90194316380,LITERAL,2,,,4,64,__ecma.Number,34,,,2,,__ecma.Number
90194316381,LITERAL,2,,,5,44,__ecma.Number,35,,,2,,__ecma.Number
90194316382,LITERAL,2,,,3,63,__ecma.Number,35,,,2,,__ecma.Number
90194316383,LITERAL,2,,,2,44,__ecma.Number,36,,,2,,__ecma.Number
90194316384,LITERAL,2,,,2,63,__ecma.Number,36,,,2,,__ecma.Number
90194316385,LITERAL,2,,,1,44,__ecma.Number,37,,,2,,__ecma.Number
90194316386,LITERAL,2,,,1,63,__ecma.Number,37,,,2,,__ecma.Number
90194316387,LITERAL,2,,,0,23,__ecma.Number,38,,,2,,__ecma.Number
90194316388,LITERAL,2,,,0,22,__ecma.Number,41,,,2,,__ecma.Number
90194316389,LITERAL,2,,,0,39,__ecma.Number,42,,,2,,__ecma.Number
90194316390,LITERAL,2,,,5,58,__ecma.Number,42,,,2,,__ecma.Number
90194316391,LITERAL,2,,,2,43,__ecma.Number,43,,,2,,__ecma.Number
90194316392,LITERAL,2,,,4,62,__ecma.Number,43,,,2,,__ecma.Number
90194316393,LITERAL,2,,,5,43,__ecma.Number,44,,,2,,__ecma.Number
90194316394,LITERAL,2,,,3,62,__ecma.Number,44,,,2,,__ecma.Number
90194316395,LITERAL,2,,,10,43,__ecma.Number,45,,,2,,__ecma.Number
90194316396,LITERAL,2,,,2,63,__ecma.Number,45,,,2,,__ecma.Number
90194316397,LITERAL,2,,,20,43,__ecma.Number,46,,,2,,__ecma.Number
90194316398,LITERAL,2,,,1,63,__ecma.Number,46,,,2,,__ecma.Number
90194316399,LITERAL,2,,,0,23,__ecma.Number,47,,,2,,__ecma.Number
90194316400,LITERAL,2,,,0.30,21,__ecma.Number,50,,,2,,__ecma.Number
90194316401,LITERAL,2,,,0.25,22,__ecma.Number,51,,,2,,__ecma.Number
90194316402,LITERAL,2,,,0.25,20,__ecma.Number,52,,,2,,__ecma.Number
90194316403,LITERAL,2,,,0.20,20,__ecma.Number,53,,,2,,__ecma.Number
90194316404,LITERAL,2,,,10,34,__ecma.Number,55,,,2,,__ecma.Number
90194316405,LITERAL,2,,,10,40,__ecma.Number,55,,,2,,__ecma.Number
90194316406,LITERAL,2,,,0,23,__ecma.Number,68,,,2,,__ecma.Number
90194316407,LITERAL,2,,,1,36,__ecma.Number,69,,,2,,__ecma.Number
90194316408,LITERAL,2,,,5,56,__ecma.Number,69,,,2,,__ecma.Number
90194316409,LITERAL,2,,,2,41,__ecma.Number,70,,,2,,__ecma.Number
90194316410,LITERAL,2,,,4,61,__ecma.Number,70,,,2,,__ecma.Number
90194316411,LITERAL,2,,,5,41,__ecma.Number,71,,,2,,__ecma.Number
90194316412,LITERAL,2,,,3,61,__ecma.Number,71,,,2,,__ecma.Number
90194316413,LITERAL,2,,,10,41,__ecma.Number,72,,,2,,__ecma.Number
90194316414,LITERAL,2,,,2,62,__ecma.Number,72,,,2,,__ecma.Number
90194316415,LITERAL,2,,,20,41,__ecma.Number,73,,,2,,__ecma.Number
90194316416,LITERAL,2,,,1,62,__ecma.Number,73,,,2,,__ecma.Number
90194316417,LITERAL,2,,,0,24,__ecma.Number,74,,,2,,__ecma.Number
90194316418,LITERAL,2,,,0,24,__ecma.Number,77,,,2,,__ecma.Number
90194316419,LITERAL,2,,,3,36,__ecma.Number,78,,,2,,__ecma.Number
90194316420,LITERAL,2,,,5,57,__ecma.Number,78,,,2,,__ecma.Number
90194316421,LITERAL,2,,,5,41,__ecma.Number,79,,,2,,__ecma.Number
90194316422,LITERAL,2,,,4,62,__ecma.Number,79,,,2,,__ecma.Number
90194316423,LITERAL,2,,,10,41,__ecma.Number,80,,,2,,__ecma.Number
90194316424,LITERAL,2,,,3,63,__ecma.Number,80,,,2,,__ecma.Number
90194316425,LITERAL,2,,,20,41,__ecma.Number,81,,,2,,__ecma.Number
90194316426,LITERAL,2,,,2,63,__ecma.Number,81,,,2,,__ecma.Number
90194316427,LITERAL,2,,,30,41,__ecma.Number,82,,,2,,__ecma.Number
90194316428,LITERAL,2,,,1,63,__ecma.Number,82,,,2,,__ecma.Number
90194316429,LITERAL,2,,,0,25,__ecma.Number,83,,,2,,__ecma.Number
90194316430,LITERAL,2,,,0,22,__ecma.Number,86,,,2,,__ecma.Number
90194316431,LITERAL,2,,,15,35,__ecma.Number,87,,,2,,__ecma.Number
90194316432,LITERAL,2,,,5,55,__ecma.Number,87,,,2,,__ecma.Number
90194316433,LITERAL,2,,,8,41,__ecma.Number,88,,,2,,__ecma.Number
90194316434,LITERAL,2,,,4,60,__ecma.Number,88,,,2,,__ecma.Number
90194316435,LITERAL,2,,,4,41,__ecma.Number,89,,,2,,__ecma.Number
90194316436,LITERAL,2,,,3,60,__ecma.Number,89,,,2,,__ecma.Number
90194316437,LITERAL,2,,,2,41,__ecma.Number,90,,,2,,__ecma.Number
90194316438,LITERAL,2,,,2,60,__ecma.Number,90,,,2,,__ecma.Number
90194316439,LITERAL,2,,,1,41,__ecma.Number,91,,,2,,__ecma.Number
90194316440,LITERAL,2,,,1,60,__ecma.Number,91,,,2,,__ecma.Number
90194316441,LITERAL,2,,,0,23,__ecma.Number,92,,,2,,__ecma.Number
90194316442,LITERAL,2,,,0,20,__ecma.Number,95,,,2,,__ecma.Number
90194316443,LITERAL,2,,,10,43,__ecma.Number,96,,,2,,__ecma.Number
90194316444,LITERAL,2,,,5,61,__ecma.Number,96,,,2,,__ecma.Number
90194316445,LITERAL,2,,,5,49,__ecma.Number,97,,,2,,__ecma.Number
90194316446,LITERAL,2,,,4,66,__ecma.Number,97,,,2,,__ecma.Number
90194316447,LITERAL,2,,,3,49,__ecma.Number,98,,,2,,__ecma.Number
90194316448,LITERAL,2,,,3,66,__ecma.Number,98,,,2,,__ecma.Number
90194316449,LITERAL,2,,,1,49,__ecma.Number,99,,,2,,__ecma.Number
90194316450,LITERAL,2,,,2,66,__ecma.Number,99,,,2,,__ecma.Number
90194316451,LITERAL,2,,,0,48,__ecma.Number,100,,,2,,__ecma.Number
90194316452,LITERAL,2,,,1,65,__ecma.Number,100,,,2,,__ecma.Number
90194316453,LITERAL,2,,,0,21,__ecma.Number,101,,,2,,__ecma.Number
90194316454,LITERAL,2,,,0.35,21,__ecma.Number,104,,,2,,__ecma.Number
90194316455,LITERAL,2,,,0.25,22,__ecma.Number,105,,,2,,__ecma.Number
90194316456,LITERAL,2,,,0.25,20,__ecma.Number,106,,,2,,__ecma.Number
90194316457,LITERAL,2,,,0.15,18,__ecma.Number,107,,,2,,__ecma.Number
90194316458,LITERAL,2,,,10,34,__ecma.Number,109,,,2,,__ecma.Number
90194316459,LITERAL,2,,,10,40,__ecma.Number,109,,,2,,__ecma.Number
90194316460,LITERAL,2,,,0,24,__ecma.Number,121,,,2,,__ecma.Number
90194316461,LITERAL,2,,,50,38,__ecma.Number,122,,,2,,__ecma.Number
90194316462,LITERAL,2,,,5,60,__ecma.Number,122,,,2,,__ecma.Number
90194316463,LITERAL,2,,,25,44,__ecma.Number,123,,,2,,__ecma.Number
90194316464,LITERAL,2,,,4,66,__ecma.Number,123,,,2,,__ecma.Number
90194316465,LITERAL,2,,,10,44,__ecma.Number,124,,,2,,__ecma.Number
90194316466,LITERAL,2,,,3,66,__ecma.Number,124,,,2,,__ecma.Number
90194316467,LITERAL,2,,,5,44,__ecma.Number,125,,,2,,__ecma.Number
90194316468,LITERAL,2,,,2,65,__ecma.Number,125,,,2,,__ecma.Number
90194316469,LITERAL,2,,,1,44,__ecma.Number,126,,,2,,__ecma.Number
90194316470,LITERAL,2,,,1,65,__ecma.Number,126,,,2,,__ecma.Number
90194316471,LITERAL,2,,,0,25,__ecma.Number,127,,,2,,__ecma.Number
90194316472,LITERAL,2,,,0,24,__ecma.Number,131,,,2,,__ecma.Number
90194316473,LITERAL,2,,,200,32,__ecma.Number,132,,,2,,__ecma.Number
90194316474,LITERAL,2,,,5,55,__ecma.Number,132,,,2,,__ecma.Number
90194316475,LITERAL,2,,,500,37,__ecma.Number,133,,,2,,__ecma.Number
90194316476,LITERAL,2,,,4,60,__ecma.Number,133,,,2,,__ecma.Number
90194316477,LITERAL,2,,,1000,37,__ecma.Number,134,,,2,,__ecma.Number
90194316478,LITERAL,2,,,3,61,__ecma.Number,134,,,2,,__ecma.Number
90194316479,LITERAL,2,,,2000,37,__ecma.Number,135,,,2,,__ecma.Number
90194316480,LITERAL,2,,,2,61,__ecma.Number,135,,,2,,__ecma.Number
90194316481,LITERAL,2,,,5000,37,__ecma.Number,136,,,2,,__ecma.Number
90194316482,LITERAL,2,,,1,61,__ecma.Number,136,,,2,,__ecma.Number
90194316483,LITERAL,2,,,0.5,25,__ecma.Number,137,,,2,,__ecma.Number
90194316484,LITERAL,2,,,0,23,__ecma.Number,141,,,2,,__ecma.Number
90194316485,LITERAL,2,,,5,28,__ecma.Number,142,,,2,,__ecma.Number
90194316486,LITERAL,2,,,5,48,__ecma.Number,142,,,2,,__ecma.Number
90194316487,LITERAL,2,,,4,33,__ecma.Number,143,,,2,,__ecma.Number
90194316488,LITERAL,2,,,4,53,__ecma.Number,143,,,2,,__ecma.Number
90194316489,LITERAL,2,,,3,33,__ecma.Number,144,,,2,,__ecma.Number
90194316490,LITERAL,2,,,3.5,53,__ecma.Number,144,,,2,,__ecma.Number
90194316491,LITERAL,2,,,2,34,__ecma.Number,145,,,2,,__ecma.Number
90194316492,LITERAL,2,,,2.5,54,__ecma.Number,145,,,2,,__ecma.Number
90194316493,LITERAL,2,,,1,34,__ecma.Number,146,,,2,,__ecma.Number
90194316494,LITERAL,2,,,1.5,54,__ecma.Number,146,,,2,,__ecma.Number
90194316495,LITERAL,2,,,0.5,24,__ecma.Number,147,,,2,,__ecma.Number
90194316496,LITERAL,2,,,0.40,22,__ecma.Number,150,,,2,,__ecma.Number
90194316497,LITERAL,2,,,0.30,22,__ecma.Number,151,,,2,,__ecma.Number
90194316498,LITERAL,2,,,0.30,21,__ecma.Number,152,,,2,,__ecma.Number
90194316499,LITERAL,2,,,10,34,__ecma.Number,154,,,2,,__ecma.Number
90194316500,LITERAL,2,,,10,40,__ecma.Number,154,,,2,,__ecma.Number
90194316501,LITERAL,2,,,0,20,__ecma.Number,165,,,2,,__ecma.Number
90194316502,LITERAL,2,,,"""A""",37,__ecma.String,166,,,2,,__ecma.String
90194316503,LITERAL,2,,,5,56,__ecma.Number,166,,,2,,__ecma.Number
90194316504,LITERAL,2,,,"""B""",42,__ecma.String,167,,,2,,__ecma.String
90194316505,LITERAL,2,,,4,61,__ecma.Number,167,,,2,,__ecma.Number
90194316506,LITERAL,2,,,"""C""",42,__ecma.String,168,,,2,,__ecma.String
90194316507,LITERAL,2,,,3,61,__ecma.Number,168,,,2,,__ecma.Number
90194316508,LITERAL,2,,,"""D""",42,__ecma.String,169,,,2,,__ecma.String
90194316509,LITERAL,2,,,2,61,__ecma.Number,169,,,2,,__ecma.Number
90194316510,LITERAL,2,,,"""E""",42,__ecma.String,170,,,2,,__ecma.String
90194316511,LITERAL,2,,,1,61,__ecma.Number,170,,,2,,__ecma.Number
90194316512,LITERAL,2,,,0,21,__ecma.Number,171,,,2,,__ecma.Number
90194316513,LITERAL,2,,,0,18,__ecma.Number,174,,,2,,__ecma.Number
90194316514,LITERAL,2,,,0,29,__ecma.Number,175,,,2,,__ecma.Number
90194316515,LITERAL,2,,,5,44,__ecma.Number,175,,,2,,__ecma.Number
90194316516,LITERAL,2,,,5,33,__ecma.Number,176,,,2,,__ecma.Number
90194316517,LITERAL,2,,,4,48,__ecma.Number,176,,,2,,__ecma.Number
90194316518,LITERAL,2,,,15,33,__ecma.Number,177,,,2,,__ecma.Number
90194316519,LITERAL,2,,,3,49,__ecma.Number,177,,,2,,__ecma.Number
90194316520,LITERAL,2,,,30,33,__ecma.Number,178,,,2,,__ecma.Number
90194316521,LITERAL,2,,,2,49,__ecma.Number,178,,,2,,__ecma.Number
90194316522,LITERAL,2,,,50,33,__ecma.Number,179,,,2,,__ecma.Number
90194316523,LITERAL,2,,,1,49,__ecma.Number,179,,,2,,__ecma.Number
90194316524,LITERAL,2,,,0,19,__ecma.Number,180,,,2,,__ecma.Number
90194316525,LITERAL,2,,,0.50,18,__ecma.Number,183,,,2,,__ecma.Number
90194316526,LITERAL,2,,,0.50,16,__ecma.Number,184,,,2,,__ecma.Number
90194316527,LITERAL,2,,,10,34,__ecma.Number,186,,,2,,__ecma.Number
90194316528,LITERAL,2,,,10,40,__ecma.Number,186,,,2,,__ecma.Number
90194316529,LITERAL,2,,,0,20,__ecma.Number,199,,,2,,__ecma.Number
90194316530,LITERAL,2,,,"""A""",41,__ecma.String,200,,,2,,__ecma.String
90194316531,LITERAL,2,,,5,60,__ecma.Number,200,,,2,,__ecma.Number
90194316532,LITERAL,2,,,"""B""",46,__ecma.String,201,,,2,,__ecma.String
90194316533,LITERAL,2,,,4,65,__ecma.Number,201,,,2,,__ecma.Number
90194316534,LITERAL,2,,,"""C""",46,__ecma.String,202,,,2,,__ecma.String
90194316535,LITERAL,2,,,3,65,__ecma.Number,202,,,2,,__ecma.Number
90194316536,LITERAL,2,,,"""D""",46,__ecma.String,203,,,2,,__ecma.String
90194316537,LITERAL,2,,,2,65,__ecma.Number,203,,,2,,__ecma.Number
90194316538,LITERAL,2,,,"""E""",46,__ecma.String,204,,,2,,__ecma.String
90194316539,LITERAL,2,,,1,65,__ecma.Number,204,,,2,,__ecma.Number
90194316540,LITERAL,2,,,0,21,__ecma.Number,205,,,2,,__ecma.Number
90194316541,LITERAL,2,,,0,18,__ecma.Number,208,,,2,,__ecma.Number
90194316542,LITERAL,2,,,5,37,__ecma.Number,209,,,2,,__ecma.Number
90194316543,LITERAL,2,,,5,52,__ecma.Number,209,,,2,,__ecma.Number
90194316544,LITERAL,2,,,10,42,__ecma.Number,210,,,2,,__ecma.Number
90194316545,LITERAL,2,,,4,58,__ecma.Number,210,,,2,,__ecma.Number
90194316546,LITERAL,2,,,20,42,__ecma.Number,211,,,2,,__ecma.Number
90194316547,LITERAL,2,,,3,58,__ecma.Number,211,,,2,,__ecma.Number
90194316548,LITERAL,2,,,30,42,__ecma.Number,212,,,2,,__ecma.Number
90194316549,LITERAL,2,,,2,58,__ecma.Number,212,,,2,,__ecma.Number
90194316550,LITERAL,2,,,50,42,__ecma.Number,213,,,2,,__ecma.Number
90194316551,LITERAL,2,,,1,58,__ecma.Number,213,,,2,,__ecma.Number
90194316552,LITERAL,2,,,0,19,__ecma.Number,214,,,2,,__ecma.Number
90194316553,LITERAL,2,,,0,20,__ecma.Number,217,,,2,,__ecma.Number
90194316554,LITERAL,2,,,0,36,__ecma.Number,218,,,2,,__ecma.Number
90194316555,LITERAL,2,,,5,53,__ecma.Number,218,,,2,,__ecma.Number
90194316556,LITERAL,2,,,10,40,__ecma.Number,219,,,2,,__ecma.Number
90194316557,LITERAL,2,,,4,58,__ecma.Number,219,,,2,,__ecma.Number
90194316558,LITERAL,2,,,30,40,__ecma.Number,220,,,2,,__ecma.Number
90194316559,LITERAL,2,,,3,58,__ecma.Number,220,,,2,,__ecma.Number
90194316560,LITERAL,2,,,50,40,__ecma.Number,221,,,2,,__ecma.Number
90194316561,LITERAL,2,,,2,58,__ecma.Number,221,,,2,,__ecma.Number
90194316562,LITERAL,2,,,100,40,__ecma.Number,222,,,2,,__ecma.Number
90194316563,LITERAL,2,,,1,59,__ecma.Number,222,,,2,,__ecma.Number
90194316564,LITERAL,2,,,0,21,__ecma.Number,223,,,2,,__ecma.Number
90194316565,LITERAL,2,,,0,25,__ecma.Number,226,,,2,,__ecma.Number
90194316566,LITERAL,2,,,3,43,__ecma.Number,227,,,2,,__ecma.Number
90194316567,LITERAL,2,,,5,65,__ecma.Number,227,,,2,,__ecma.Number
90194316568,LITERAL,2,,,5,48,__ecma.Number,228,,,2,,__ecma.Number
90194316569,LITERAL,2,,,4,70,__ecma.Number,228,,,2,,__ecma.Number
90194316570,LITERAL,2,,,10,48,__ecma.Number,229,,,2,,__ecma.Number
90194316571,LITERAL,2,,,3,71,__ecma.Number,229,,,2,,__ecma.Number
90194316572,LITERAL,2,,,20,48,__ecma.Number,230,,,2,,__ecma.Number
90194316573,LITERAL,2,,,2,71,__ecma.Number,230,,,2,,__ecma.Number
90194316574,LITERAL,2,,,30,48,__ecma.Number,231,,,2,,__ecma.Number
90194316575,LITERAL,2,,,1,71,__ecma.Number,231,,,2,,__ecma.Number
90194316576,LITERAL,2,,,0,26,__ecma.Number,232,,,2,,__ecma.Number
90194316577,LITERAL,2,,,0.30,18,__ecma.Number,235,,,2,,__ecma.Number
90194316578,LITERAL,2,,,0.30,16,__ecma.Number,236,,,2,,__ecma.Number
90194316579,LITERAL,2,,,0.20,18,__ecma.Number,237,,,2,,__ecma.Number
90194316580,LITERAL,2,,,0.20,23,__ecma.Number,238,,,2,,__ecma.Number
90194316581,LITERAL,2,,,10,34,__ecma.Number,240,,,2,,__ecma.Number
90194316582,LITERAL,2,,,10,40,__ecma.Number,240,,,2,,__ecma.Number
90194316583,LITERAL,2,,,0,20,__ecma.Number,252,,,2,,__ecma.Number
90194316584,LITERAL,2,,,"""A""",34,__ecma.String,253,,,2,,__ecma.String
90194316585,LITERAL,2,,,5,53,__ecma.Number,253,,,2,,__ecma.Number
90194316586,LITERAL,2,,,"""B""",39,__ecma.String,254,,,2,,__ecma.String
90194316587,LITERAL,2,,,4,58,__ecma.Number,254,,,2,,__ecma.Number
90194316588,LITERAL,2,,,"""C""",39,__ecma.String,255,,,2,,__ecma.String
90194316589,LITERAL,2,,,3,58,__ecma.Number,255,,,2,,__ecma.Number
90194316590,LITERAL,2,,,"""D""",39,__ecma.String,256,,,2,,__ecma.String
90194316591,LITERAL,2,,,2,58,__ecma.Number,256,,,2,,__ecma.Number
90194316592,LITERAL,2,,,"""E""",39,__ecma.String,257,,,2,,__ecma.String
90194316593,LITERAL,2,,,1,58,__ecma.Number,257,,,2,,__ecma.Number
90194316594,LITERAL,2,,,0,21,__ecma.Number,258,,,2,,__ecma.Number
90194316595,LITERAL,2,,,0,19,__ecma.Number,261,,,2,,__ecma.Number
90194316596,LITERAL,2,,,0,40,__ecma.Number,262,,,2,,__ecma.Number
90194316597,LITERAL,2,,,5,56,__ecma.Number,262,,,2,,__ecma.Number
90194316598,LITERAL,2,,,3,44,__ecma.Number,263,,,2,,__ecma.Number
90194316599,LITERAL,2,,,4,60,__ecma.Number,263,,,2,,__ecma.Number
90194316600,LITERAL,2,,,10,44,__ecma.Number,264,,,2,,__ecma.Number
90194316601,LITERAL,2,,,3,61,__ecma.Number,264,,,2,,__ecma.Number
90194316602,LITERAL,2,,,20,44,__ecma.Number,265,,,2,,__ecma.Number
90194316603,LITERAL,2,,,2,61,__ecma.Number,265,,,2,,__ecma.Number
90194316604,LITERAL,2,,,40,44,__ecma.Number,266,,,2,,__ecma.Number
90194316605,LITERAL,2,,,1,61,__ecma.Number,266,,,2,,__ecma.Number
90194316606,LITERAL,2,,,0,20,__ecma.Number,267,,,2,,__ecma.Number
90194316607,LITERAL,2,,,0,22,__ecma.Number,270,,,2,,__ecma.Number
90194316608,LITERAL,2,,,0,42,__ecma.Number,271,,,2,,__ecma.Number
90194316609,LITERAL,2,,,5,61,__ecma.Number,271,,,2,,__ecma.Number
90194316610,LITERAL,2,,,5,46,__ecma.Number,272,,,2,,__ecma.Number
90194316611,LITERAL,2,,,4,65,__ecma.Number,272,,,2,,__ecma.Number
90194316612,LITERAL,2,,,15,46,__ecma.Number,273,,,2,,__ecma.Number
90194316613,LITERAL,2,,,3,66,__ecma.Number,273,,,2,,__ecma.Number
90194316614,LITERAL,2,,,30,46,__ecma.Number,274,,,2,,__ecma.Number
90194316615,LITERAL,2,,,2,66,__ecma.Number,274,,,2,,__ecma.Number
90194316616,LITERAL,2,,,50,46,__ecma.Number,275,,,2,,__ecma.Number
90194316617,LITERAL,2,,,1,66,__ecma.Number,275,,,2,,__ecma.Number
90194316618,LITERAL,2,,,0,23,__ecma.Number,276,,,2,,__ecma.Number
90194316619,LITERAL,2,,,0.50,18,__ecma.Number,279,,,2,,__ecma.Number
90194316620,LITERAL,2,,,0.30,17,__ecma.Number,280,,,2,,__ecma.Number
90194316621,LITERAL,2,,,0.20,20,__ecma.Number,281,,,2,,__ecma.Number
90194316622,LITERAL,2,,,10,34,__ecma.Number,283,,,2,,__ecma.Number
90194316623,LITERAL,2,,,10,40,__ecma.Number,283,,,2,,__ecma.Number
