47244640256,CONTROL_STRUCTURE,-1,,,"try {
      if (!geminiService.isConfigured()) {
        return res.status(500).json({ 
          error: 'Gemini API key not configured. Please set GEMINI_API_KEY in environment variables.' 
        });
      }

      res.json({ 
        connected: true, 
        message: 'Gemini AI service is configured and ready' 
      });
    } catch (error: any) {
      res.status(500).json({ error: error.message });
    }",4,TRY,13,,,1,BabelNodeInfo
47244640257,CONTROL_STRUCTURE,-1,,,"if (!geminiService.isConfigured()) {
        return res.status(500).json({ 
          error: 'Gemini API key not configured. Please set GEMINI_API_KEY in environment variables.' 
        });
      }",6,IF,14,,,1,BabelNodeInfo
47244640258,CONTROL_STRUCTURE,2,,,"catch (error: any) {
      res.status(500).json({ error: error.message });
    }",6,CATCH,24,,,2,BabelNodeInfo
47244640259,CONTROL_STRUCTURE,-1,,,"try {
      const { prompt } = req.body;

      if (!prompt) {
        return res.status(400).json({ error: 'Prompt is required' });
      }

      const response = await geminiService.generateTextResponse(prompt);
      res.json({ response });
    } catch (error: any) {
      res.status(500).json({ error: error.message });
    }",4,TRY,33,,,1,BabelNodeInfo
47244640260,CONTROL_STRUCTURE,-1,,,"if (!prompt) {
        return res.status(400).json({ error: 'Prompt is required' });
      }",6,IF,36,,,2,BabelNodeInfo
47244640261,CONTROL_STRUCTURE,2,,,"catch (error: any) {
      res.status(500).json({ error: error.message });
    }",6,CATCH,42,,,2,BabelNodeInfo
47244640262,CONTROL_STRUCTURE,-1,,,"try {
      const { prompt, fileData, mimeType } = req.body;

      if (!prompt) {
        return res.status(400).json({ error: 'Prompt is required' });
      }

      if (!fileData) {
        return res.status(400).json({ error: 'File data is required' });
      }

      // Check if it's an Excel file
      const isExcel = mimeType === 'application/vnd.openxmlformats-officedocument.spreadsheetml.sheet' || 
                      mimeType === 'application/vnd.ms-excel';

      let response: string;
      
      if (isExcel) {
        // Parse Excel and send as JSON
        response = await geminiService.generateResponseWithExcel(prompt, fileData);
      } else {
        // Send other files (PDF) directly
        response = await geminiService.generateResponseWithFile(prompt, fileData, mimeType);
      }

      res.json({ response });
    } catch (error: any) {
      res.status(500).json({ error: error.message });
    }",4,TRY,51,,,1,BabelNodeInfo
47244640263,CONTROL_STRUCTURE,-1,,,"if (!prompt) {
        return res.status(400).json({ error: 'Prompt is required' });
      }",6,IF,54,,,2,BabelNodeInfo
47244640264,CONTROL_STRUCTURE,-1,,,"if (!fileData) {
        return res.status(400).json({ error: 'File data is required' });
      }",6,IF,58,,,3,BabelNodeInfo
47244640265,CONTROL_STRUCTURE,-1,,,"if (isExcel) {
        // Parse Excel and send as JSON
        response = await geminiService.generateResponseWithExcel(prompt, fileData);
      } else {
        // Send other files (PDF) directly
        response = await geminiService.generateResponseWithFile(prompt, fileData, mimeType);
      }",6,IF,68,,,5,BabelNodeInfo
47244640266,CONTROL_STRUCTURE,2,,,"catch (error: any) {
      res.status(500).json({ error: error.message });
    }",6,CATCH,77,,,2,BabelNodeInfo
47244640267,CONTROL_STRUCTURE,-1,,,"try {
      const { projectName } = req.body;

      if (!projectName) {
        return res.status(400).json({ error: 'Project name is required' });
      }

      console.log(`📊 Generating insights for project: ${projectName}`);
      
      // Step 1: Generate raw AI insights
      const rawInsights = await projectInsightsService.generateInsights(projectName);
      
      // Step 2: Parse and correct scores from detailed_calculations
      console.log('🔍 Parsing and correcting scores...');
      const correctedInsights = parseAndCorrectInsights(rawInsights);
      
      // Step 3: Save corrected insights to database
      console.log('💾 Saving corrected insights to database...');
      await saveProjectInsights(projectName, correctedInsights);
      
      console.log('✅ Insights generated, corrected, and saved successfully');

      res.json({ 
        projectName,
        insights: rawInsights,  // Return raw for backward compatibility
        corre...",4,TRY,86,,,1,BabelNodeInfo
47244640268,CONTROL_STRUCTURE,-1,,,"if (!projectName) {
        return res.status(400).json({ error: 'Project name is required' });
      }",6,IF,89,,,2,BabelNodeInfo
47244640269,CONTROL_STRUCTURE,2,,,"catch (error: any) {
      console.error('❌ Project insights error:', error.message);
      res.status(500).json({ error: error.message });
    }",6,CATCH,114,,,2,BabelNodeInfo
47244640270,CONTROL_STRUCTURE,-1,,,"try {
      const { projectName } = req.params;

      if (!projectName) {
        return res.status(400).json({ error: 'Project name is required' });
      }

      console.log(`📖 Fetching insights for project: ${projectName}`);
      const savedInsights = await getLatestProjectInsights(projectName);

      if (!savedInsights) {
        return res.status(404).json({ 
          error: 'No insights found for this project',
          message: 'Generate insights first using POST /api/ai/project-insights'
        });
      }

      res.json({ 
        projectName: savedInsights.project_name,
        insights: savedInsights.insights_data,
        scores: {
          final_user_score: savedInsights.final_user_score,
          api_score: savedInsights.api_score,
          combined_score: savedInsights.combined_score
        },
        created_at: savedInsights.created_at
      });
    } catch (error: any) {
      console.error('❌ Failed to get project insights:...",4,TRY,124,,,1,BabelNodeInfo
47244640271,CONTROL_STRUCTURE,-1,,,"if (!projectName) {
        return res.status(400).json({ error: 'Project name is required' });
      }",6,IF,127,,,2,BabelNodeInfo
47244640272,CONTROL_STRUCTURE,-1,,,"if (!savedInsights) {
        return res.status(404).json({ 
          error: 'No insights found for this project',
          message: 'Generate insights first using POST /api/ai/project-insights'
        });
      }",6,IF,134,,,5,BabelNodeInfo
47244640273,CONTROL_STRUCTURE,2,,,"catch (error: any) {
      console.error('❌ Failed to get project insights:', error.message);
      res.status(500).json({ error: error.message });
    }",6,CATCH,151,,,2,BabelNodeInfo
47244640274,CONTROL_STRUCTURE,-1,,,"try {
      const { projectId } = req.params;

      if (!projectId) {
        return res.status(400).json({ error: 'Project ID is required' });
      }

      console.log(`📊 Fetching insights history for project ID: ${projectId}`);
      const insightsHistory = await getProjectInsightsHistoryById(parseInt(projectId));

      if (!insightsHistory || insightsHistory.length === 0) {
        return res.json({ 
          history: [],
          message: 'No insights history found for this project'
        });
      }

      res.json({ 
        projectId: parseInt(projectId),
        history: insightsHistory
      });
    } catch (error: any) {
      console.error('❌ Failed to get project insights history:', error.message);
      res.status(500).json({ error: error.message });
    }",4,TRY,161,,,1,BabelNodeInfo
47244640275,CONTROL_STRUCTURE,-1,,,"if (!projectId) {
        return res.status(400).json({ error: 'Project ID is required' });
      }",6,IF,164,,,2,BabelNodeInfo
47244640276,CONTROL_STRUCTURE,-1,,,"if (!insightsHistory || insightsHistory.length === 0) {
        return res.json({ 
          history: [],
          message: 'No insights history found for this project'
        });
      }",6,IF,171,,,5,BabelNodeInfo
47244640277,CONTROL_STRUCTURE,2,,,"catch (error: any) {
      console.error('❌ Failed to get project insights history:', error.message);
      res.status(500).json({ error: error.message });
    }",6,CATCH,182,,,2,BabelNodeInfo
47244640278,CONTROL_STRUCTURE,-1,,,"if (insightsData.section_scores && Array.isArray(insightsData.section_scores)) {
          insightsData.section_scores.forEach((section: any) => {
            const sectionName = section.name.toLowerCase().replace(/\\s+/g, '');
            sectionScores[sectionName] = section.score;
          });
        }",8,IF,209,,,3,BabelNodeInfo
47244640279,CONTROL_STRUCTURE,-1,,,"try {
      console.log('📊 Fetching all latest project insights...');
      const allInsights = await getAllLatestProjectInsights();

      if (!allInsights || allInsights.length === 0) {
        return res.json({ 
          projects: [],
          message: 'No project insights found'
        });
      }

      // Transform data to extract section scores from insights_data
      const formattedInsights = allInsights.map((project: any) => {
        const insightsData = project.insights_data;
        const sectionScores: any = {};

        // Extract section scores from section_scores array
        if (insightsData.section_scores && Array.isArray(insightsData.section_scores)) {
          insightsData.section_scores.forEach((section: any) => {
            const sectionName = section.name.toLowerCase().replace(/\\s+/g, '');
            sectionScores[sectionName] = section.score;
          });
        }

        return {
          id: project.id,
          uuid:...",4,TRY,192,,,1,BabelNodeInfo
47244640280,CONTROL_STRUCTURE,-1,,,"if (!allInsights || allInsights.length === 0) {
        return res.json({ 
          projects: [],
          message: 'No project insights found'
        });
      }",6,IF,196,,,3,BabelNodeInfo
47244640281,CONTROL_STRUCTURE,2,,,"catch (error: any) {
      console.error('❌ Failed to get all project insights:', error.message);
      res.status(500).json({ error: error.message });
    }",6,CATCH,240,,,2,BabelNodeInfo
47244640282,CONTROL_STRUCTURE,-1,,,"try {
    const projectId = parseInt(req.params.id);

    if (isNaN(projectId)) {
      return res.status(400).json({ error: 'Invalid project ID' });
    }

    console.log(`[CommitMetricsController] Refreshing metrics for project ${projectId}`);

    const metrics = await commitMetricsSyncService.syncCommitMetrics(projectId);

    res.json({
      success: true,
      data: metrics,
    });
  } catch (error: any) {
    console.error('[CommitMetricsController] Error refreshing metrics:', error);
    console.error(error.stack);
    res.status(500).json({
      error: 'Failed to refresh commit metrics',
      message: error.message,
    });
  }",2,TRY,14,,,1,BabelNodeInfo
47244640283,CONTROL_STRUCTURE,-1,,,"if (isNaN(projectId)) {
      return res.status(400).json({ error: 'Invalid project ID' });
    }",4,IF,17,,,2,BabelNodeInfo
47244640284,CONTROL_STRUCTURE,2,,,"catch (error: any) {
    console.error('[CommitMetricsController] Error refreshing metrics:', error);
    console.error(error.stack);
    res.status(500).json({
      error: 'Failed to refresh commit metrics',
      message: error.message,
    });
  }",4,CATCH,29,,,2,BabelNodeInfo
47244640285,CONTROL_STRUCTURE,-1,,,"try {
    const projectId = parseInt(req.params.id);

    if (isNaN(projectId)) {
      return res.status(400).json({
        success: false,
        error: 'Invalid project ID',
      });
    }

    const metrics = await commitMetricsDbService.getMetrics(projectId);

    if (!metrics) {
      return res.status(404).json({
        success: false,
        error: 'No commit metrics found for this project. Please refresh metrics first.',
      });
    }

    res.json({
      success: true,
      data: metrics,
    });
  } catch (error: any) {
    console.error('[CommitMetricsController] Error getting commit metrics:', error);
    res.status(500).json({
      success: false,
      error: error instanceof Error ? error.message : 'Failed to get commit metrics',
    });
  }",2,TRY,44,,,1,BabelNodeInfo
47244640286,CONTROL_STRUCTURE,-1,,,"if (isNaN(projectId)) {
      return res.status(400).json({
        success: false,
        error: 'Invalid project ID',
      });
    }",4,IF,47,,,2,BabelNodeInfo
47244640287,CONTROL_STRUCTURE,-1,,,"if (!metrics) {
      return res.status(404).json({
        success: false,
        error: 'No commit metrics found for this project. Please refresh metrics first.',
      });
    }",4,IF,56,,,4,BabelNodeInfo
47244640288,CONTROL_STRUCTURE,2,,,"catch (error: any) {
    console.error('[CommitMetricsController] Error getting commit metrics:', error);
    res.status(500).json({
      success: false,
      error: error instanceof Error ? error.message : 'Failed to get commit metrics',
    });
  }",4,CATCH,67,,,2,BabelNodeInfo
47244640289,CONTROL_STRUCTURE,-1,,,"try {
    const projectId = parseInt(req.params.id);
    const days = parseInt(req.query.days as string) || 30;

    if (isNaN(projectId)) {
      return res.status(400).json({ error: 'Invalid project ID' });
    }

    const history = await commitMetricsDbService.getMetricsHistory(projectId, days);

    res.json(history);
  } catch (error: any) {
    console.error('[CommitMetricsController] Error getting commit metrics history:', error);
    res.status(500).json({
      error: 'Failed to get commit metrics history',
      message: error.message,
    });
  }",2,TRY,81,,,1,BabelNodeInfo
47244640290,CONTROL_STRUCTURE,-1,,,"if (isNaN(projectId)) {
      return res.status(400).json({ error: 'Invalid project ID' });
    }",4,IF,85,,,3,BabelNodeInfo
47244640291,CONTROL_STRUCTURE,2,,,"catch (error: any) {
    console.error('[CommitMetricsController] Error getting commit metrics history:', error);
    res.status(500).json({
      error: 'Failed to get commit metrics history',
      message: error.message,
    });
  }",4,CATCH,92,,,2,BabelNodeInfo
47244640292,CONTROL_STRUCTURE,-1,,,"try {
    const projectId = parseInt(req.params.id);
    const { deployment_id, version, environment, deployment_timestamp } = req.body;

    // Validation
    if (!deployment_id || !deployment_timestamp) {
      return res.status(400).json({
        success: false,
        error: 'deployment_id and deployment_timestamp are required',
      });
    }

    const data = {
      project_id: projectId,
      deployment_id,
      version,
      environment: environment || 'production',
      deployment_timestamp,
    };

    const result = await saveDeploymentFrequency(data);

    res.status(201).json({
      success: true,
      data: result,
      message: 'Deployment logged successfully',
    });
  } catch (error) {
    console.error('[DoraMetricsController] Error saving deployment:', error);
    res.status(500).json({
      success: false,
      error: error instanceof Error ? error.message : 'Failed to save deployment',
    });
  }",2,TRY,32,,,1,BabelNodeInfo
47244640293,CONTROL_STRUCTURE,-1,,,"if (!deployment_id || !deployment_timestamp) {
      return res.status(400).json({
        success: false,
        error: 'deployment_id and deployment_timestamp are required',
      });
    }",4,IF,37,,,3,BabelNodeInfo
47244640294,CONTROL_STRUCTURE,2,,,"catch (error) {
    console.error('[DoraMetricsController] Error saving deployment:', error);
    res.status(500).json({
      success: false,
      error: error instanceof Error ? error.message : 'Failed to save deployment',
    });
  }",4,CATCH,59,,,2,BabelNodeInfo
47244640295,CONTROL_STRUCTURE,-1,,,"try {
    const projectId = parseInt(req.params.id);
    const { change_id, merged_timestamp, deployed_timestamp } = req.body;

    // Validation
    if (!change_id || !merged_timestamp || !deployed_timestamp) {
      return res.status(400).json({
        success: false,
        error: 'change_id, merged_timestamp, and deployed_timestamp are required',
      });
    }

    // Validate timestamps
    const mergedTime = new Date(merged_timestamp);
    const deployedTime = new Date(deployed_timestamp);

    if (deployedTime <= mergedTime) {
      return res.status(400).json({
        success: false,
        error: 'deployed_timestamp must be after merged_timestamp',
      });
    }

    const data = {
      project_id: projectId,
      change_id,
      merged_timestamp,
      deployed_timestamp,
    };

    const result = await saveLeadTimeChange(data);

    res.status(201).json({
      success: true,
      data: result,
      message: 'Lead time data...",2,TRY,73,,,1,BabelNodeInfo
47244640296,CONTROL_STRUCTURE,-1,,,"if (!change_id || !merged_timestamp || !deployed_timestamp) {
      return res.status(400).json({
        success: false,
        error: 'change_id, merged_timestamp, and deployed_timestamp are required',
      });
    }",4,IF,78,,,3,BabelNodeInfo
47244640297,CONTROL_STRUCTURE,-1,,,"if (deployedTime <= mergedTime) {
      return res.status(400).json({
        success: false,
        error: 'deployed_timestamp must be after merged_timestamp',
      });
    }",4,IF,89,,,6,BabelNodeInfo
47244640298,CONTROL_STRUCTURE,2,,,"catch (error) {
    console.error('[DoraMetricsController] Error saving lead time:', error);
    res.status(500).json({
      success: false,
      error: error instanceof Error ? error.message : 'Failed to save lead time data',
    });
  }",4,CATCH,110,,,2,BabelNodeInfo
47244640299,CONTROL_STRUCTURE,-1,,,"try {
    const projectId = parseInt(req.params.id);
    const { deployment_id, deployment_timestamp, has_incident, remediation_type } = req.body;

    // Validation
    if (!deployment_id || !deployment_timestamp || has_incident === undefined) {
      return res.status(400).json({
        success: false,
        error: 'deployment_id, deployment_timestamp, and has_incident are required',
      });
    }

    const data = {
      project_id: projectId,
      deployment_id,
      deployment_timestamp,
      has_incident,
      remediation_type: remediation_type || 'none',
    };

    const result = await saveChangeFailureRate(data);

    res.status(201).json({
      success: true,
      data: result,
      message: 'Failure data logged successfully',
    });
  } catch (error) {
    console.error('[DoraMetricsController] Error saving failure data:', error);
    res.status(500).json({
      success: false,
      error: error instanceof Error ? error.messa...",2,TRY,124,,,1,BabelNodeInfo
47244640300,CONTROL_STRUCTURE,-1,,,"if (!deployment_id || !deployment_timestamp || has_incident === undefined) {
      return res.status(400).json({
        success: false,
        error: 'deployment_id, deployment_timestamp, and has_incident are required',
      });
    }",4,IF,129,,,3,BabelNodeInfo
47244640301,CONTROL_STRUCTURE,2,,,"catch (error) {
    console.error('[DoraMetricsController] Error saving failure data:', error);
    res.status(500).json({
      success: false,
      error: error instanceof Error ? error.message : 'Failed to save failure data',
    });
  }",4,CATCH,151,,,2,BabelNodeInfo
47244640302,CONTROL_STRUCTURE,-1,,,"try {
    const projectId = parseInt(req.params.id);
    const { incident_id, start_time, end_time, description } = req.body;

    // Validation
    if (!incident_id || !start_time || !end_time) {
      return res.status(400).json({
        success: false,
        error: 'incident_id, start_time, and end_time are required',
      });
    }

    // Validate timestamps
    const startTime = new Date(start_time);
    const endTime = new Date(end_time);

    if (endTime <= startTime) {
      return res.status(400).json({
        success: false,
        error: 'end_time must be after start_time',
      });
    }

    const data = {
      project_id: projectId,
      incident_id,
      start_time,
      end_time,
      description,
    };

    const result = await saveTimeToRestoreService(data);

    res.status(201).json({
      success: true,
      data: result,
      message: 'Incident restore time logged successfully',
    });
  } catch (error) {
...",2,TRY,165,,,1,BabelNodeInfo
47244640303,CONTROL_STRUCTURE,-1,,,"if (!incident_id || !start_time || !end_time) {
      return res.status(400).json({
        success: false,
        error: 'incident_id, start_time, and end_time are required',
      });
    }",4,IF,170,,,3,BabelNodeInfo
47244640304,CONTROL_STRUCTURE,-1,,,"if (endTime <= startTime) {
      return res.status(400).json({
        success: false,
        error: 'end_time must be after start_time',
      });
    }",4,IF,181,,,6,BabelNodeInfo
47244640305,CONTROL_STRUCTURE,2,,,"catch (error) {
    console.error('[DoraMetricsController] Error saving restore time:', error);
    res.status(500).json({
      success: false,
      error: error instanceof Error ? error.message : 'Failed to save restore time',
    });
  }",4,CATCH,203,,,2,BabelNodeInfo
47244640306,CONTROL_STRUCTURE,-1,,,"try {
    const projectId = parseInt(req.params.id);
    const days = parseInt(req.query.days as string) || 30;

    const data = await getDeploymentFrequencyByProject(projectId, days);

    res.json({
      success: true,
      data,
    });
  } catch (error) {
    console.error('[DoraMetricsController] Error fetching deployments:', error);
    res.status(500).json({
      success: false,
      error: error instanceof Error ? error.message : 'Failed to fetch deployments',
    });
  }",2,TRY,217,,,1,BabelNodeInfo
47244640307,CONTROL_STRUCTURE,2,,,"catch (error) {
    console.error('[DoraMetricsController] Error fetching deployments:', error);
    res.status(500).json({
      success: false,
      error: error instanceof Error ? error.message : 'Failed to fetch deployments',
    });
  }",4,CATCH,227,,,2,BabelNodeInfo
47244640308,CONTROL_STRUCTURE,-1,,,"try {
    const projectId = parseInt(req.params.id);
    const days = parseInt(req.query.days as string) || 30;

    const data = await getLeadTimeChangesByProject(projectId, days);

    res.json({
      success: true,
      data,
    });
  } catch (error) {
    console.error('[DoraMetricsController] Error fetching lead times:', error);
    res.status(500).json({
      success: false,
      error: error instanceof Error ? error.message : 'Failed to fetch lead times',
    });
  }",2,TRY,241,,,1,BabelNodeInfo
47244640309,CONTROL_STRUCTURE,2,,,"catch (error) {
    console.error('[DoraMetricsController] Error fetching lead times:', error);
    res.status(500).json({
      success: false,
      error: error instanceof Error ? error.message : 'Failed to fetch lead times',
    });
  }",4,CATCH,251,,,2,BabelNodeInfo
47244640310,CONTROL_STRUCTURE,-1,,,"try {
    const projectId = parseInt(req.params.id);
    const days = parseInt(req.query.days as string) || 30;

    const data = await getChangeFailureRateByProject(projectId, days);

    res.json({
      success: true,
      data,
    });
  } catch (error) {
    console.error('[DoraMetricsController] Error fetching failure rates:', error);
    res.status(500).json({
      success: false,
      error: error instanceof Error ? error.message : 'Failed to fetch failure rates',
    });
  }",2,TRY,265,,,1,BabelNodeInfo
47244640311,CONTROL_STRUCTURE,2,,,"catch (error) {
    console.error('[DoraMetricsController] Error fetching failure rates:', error);
    res.status(500).json({
      success: false,
      error: error instanceof Error ? error.message : 'Failed to fetch failure rates',
    });
  }",4,CATCH,275,,,2,BabelNodeInfo
47244640312,CONTROL_STRUCTURE,-1,,,"try {
    const projectId = parseInt(req.params.id);
    const days = parseInt(req.query.days as string) || 30;

    const data = await getTimeToRestoreServiceByProject(projectId, days);

    res.json({
      success: true,
      data,
    });
  } catch (error) {
    console.error('[DoraMetricsController] Error fetching restore times:', error);
    res.status(500).json({
      success: false,
      error: error instanceof Error ? error.message : 'Failed to fetch restore times',
    });
  }",2,TRY,289,,,1,BabelNodeInfo
47244640313,CONTROL_STRUCTURE,2,,,"catch (error) {
    console.error('[DoraMetricsController] Error fetching restore times:', error);
    res.status(500).json({
      success: false,
      error: error instanceof Error ? error.message : 'Failed to fetch restore times',
    });
  }",4,CATCH,299,,,2,BabelNodeInfo
47244640314,CONTROL_STRUCTURE,-1,,,"try {
    const projectId = parseInt(req.params.id);
    // days=0 means all-time, otherwise use the provided value or default to 30
    const daysParam = req.query.days as string;
    const days = daysParam !== undefined ? parseInt(daysParam) : 30;

    const summary = await calculateDoraMetricsSummary(projectId, days);

    res.json({
      success: true,
      data: summary,
    });
  } catch (error) {
    console.error('[DoraMetricsController] Error calculating summary:', error);
    res.status(500).json({
      success: false,
      error: error instanceof Error ? error.message : 'Failed to calculate DORA metrics summary',
    });
  }",2,TRY,313,,,1,BabelNodeInfo
47244640315,CONTROL_STRUCTURE,2,,,"catch (error) {
    console.error('[DoraMetricsController] Error calculating summary:', error);
    res.status(500).json({
      success: false,
      error: error instanceof Error ? error.message : 'Failed to calculate DORA metrics summary',
    });
  }",4,CATCH,325,,,2,BabelNodeInfo
47244640316,CONTROL_STRUCTURE,-1,,,"try {
    const projectId = parseInt(req.params.id);
    const searchTerm = (req.query.q as string) || '';
    const limit = parseInt(req.query.limit as string) || 10;

    if (!searchTerm) {
      return res.json({
        success: true,
        data: [],
      });
    }

    const data = await searchDeploymentsByIdPrefix(projectId, searchTerm, limit);

    res.json({
      success: true,
      data,
    });
  } catch (error) {
    console.error('[DoraMetricsController] Error searching deployments:', error);
    res.status(500).json({
      success: false,
      error: error instanceof Error ? error.message : 'Failed to search deployments',
    });
  }",2,TRY,339,,,1,BabelNodeInfo
47244640317,CONTROL_STRUCTURE,-1,,,"if (!searchTerm) {
      return res.json({
        success: true,
        data: [],
      });
    }",4,IF,344,,,4,BabelNodeInfo
47244640318,CONTROL_STRUCTURE,2,,,"catch (error) {
    console.error('[DoraMetricsController] Error searching deployments:', error);
    res.status(500).json({
      success: false,
      error: error instanceof Error ? error.message : 'Failed to search deployments',
    });
  }",4,CATCH,357,,,2,BabelNodeInfo
47244640319,CONTROL_STRUCTURE,-1,,,"try {
    const { uuid } = req.params;
    const deleted = await deleteDeploymentFrequency(uuid);

    if (deleted) {
      res.json({
        success: true,
        message: 'Deployment record deleted successfully',
      });
    } else {
      res.status(404).json({
        success: false,
        error: 'Deployment record not found',
      });
    }
  } catch (error) {
    console.error('[DoraMetricsController] Error deleting deployment:', error);
    res.status(500).json({
      success: false,
      error: error instanceof Error ? error.message : 'Failed to delete deployment',
    });
  }",2,TRY,371,,,1,BabelNodeInfo
47244640320,CONTROL_STRUCTURE,-1,,,"if (deleted) {
      res.json({
        success: true,
        message: 'Deployment record deleted successfully',
      });
    } else {
      res.status(404).json({
        success: false,
        error: 'Deployment record not found',
      });
    }",4,IF,375,,,3,BabelNodeInfo
47244640321,CONTROL_STRUCTURE,2,,,"catch (error) {
    console.error('[DoraMetricsController] Error deleting deployment:', error);
    res.status(500).json({
      success: false,
      error: error instanceof Error ? error.message : 'Failed to delete deployment',
    });
  }",4,CATCH,386,,,2,BabelNodeInfo
47244640322,CONTROL_STRUCTURE,-1,,,"try {
    const { uuid } = req.params;
    const deleted = await deleteLeadTimeChange(uuid);

    if (deleted) {
      res.json({
        success: true,
        message: 'Lead time record deleted successfully',
      });
    } else {
      res.status(404).json({
        success: false,
        error: 'Lead time record not found',
      });
    }
  } catch (error) {
    console.error('[DoraMetricsController] Error deleting lead time:', error);
    res.status(500).json({
      success: false,
      error: error instanceof Error ? error.message : 'Failed to delete lead time',
    });
  }",2,TRY,400,,,1,BabelNodeInfo
47244640323,CONTROL_STRUCTURE,-1,,,"if (deleted) {
      res.json({
        success: true,
        message: 'Lead time record deleted successfully',
      });
    } else {
      res.status(404).json({
        success: false,
        error: 'Lead time record not found',
      });
    }",4,IF,404,,,3,BabelNodeInfo
47244640324,CONTROL_STRUCTURE,2,,,"catch (error) {
    console.error('[DoraMetricsController] Error deleting lead time:', error);
    res.status(500).json({
      success: false,
      error: error instanceof Error ? error.message : 'Failed to delete lead time',
    });
  }",4,CATCH,415,,,2,BabelNodeInfo
47244640325,CONTROL_STRUCTURE,-1,,,"try {
    const { uuid } = req.params;
    const deleted = await deleteChangeFailureRate(uuid);

    if (deleted) {
      res.json({
        success: true,
        message: 'Failure record deleted successfully',
      });
    } else {
      res.status(404).json({
        success: false,
        error: 'Failure record not found',
      });
    }
  } catch (error) {
    console.error('[DoraMetricsController] Error deleting failure record:', error);
    res.status(500).json({
      success: false,
      error: error instanceof Error ? error.message : 'Failed to delete failure record',
    });
  }",2,TRY,429,,,1,BabelNodeInfo
47244640326,CONTROL_STRUCTURE,-1,,,"if (deleted) {
      res.json({
        success: true,
        message: 'Failure record deleted successfully',
      });
    } else {
      res.status(404).json({
        success: false,
        error: 'Failure record not found',
      });
    }",4,IF,433,,,3,BabelNodeInfo
47244640327,CONTROL_STRUCTURE,2,,,"catch (error) {
    console.error('[DoraMetricsController] Error deleting failure record:', error);
    res.status(500).json({
      success: false,
      error: error instanceof Error ? error.message : 'Failed to delete failure record',
    });
  }",4,CATCH,444,,,2,BabelNodeInfo
47244640328,CONTROL_STRUCTURE,-1,,,"try {
    const { uuid } = req.params;
    const deleted = await deleteTimeToRestoreService(uuid);

    if (deleted) {
      res.json({
        success: true,
        message: 'Restore time record deleted successfully',
      });
    } else {
      res.status(404).json({
        success: false,
        error: 'Restore time record not found',
      });
    }
  } catch (error) {
    console.error('[DoraMetricsController] Error deleting restore time:', error);
    res.status(500).json({
      success: false,
      error: error instanceof Error ? error.message : 'Failed to delete restore time',
    });
  }",2,TRY,458,,,1,BabelNodeInfo
47244640329,CONTROL_STRUCTURE,-1,,,"if (deleted) {
      res.json({
        success: true,
        message: 'Restore time record deleted successfully',
      });
    } else {
      res.status(404).json({
        success: false,
        error: 'Restore time record not found',
      });
    }",4,IF,462,,,3,BabelNodeInfo
47244640330,CONTROL_STRUCTURE,2,,,"catch (error) {
    console.error('[DoraMetricsController] Error deleting restore time:', error);
    res.status(500).json({
      success: false,
      error: error instanceof Error ? error.message : 'Failed to delete restore time',
    });
  }",4,CATCH,473,,,2,BabelNodeInfo
47244640331,CONTROL_STRUCTURE,-1,,,"try {
    const projectId = parseInt(req.params.id);
    const limit = parseInt(req.query.limit as string) || 12; // Default 12 weeks

    const snapshots = await getWeeklySnapshotsForProject(projectId, limit);

    res.json({
      success: true,
      data: snapshots,
    });
  } catch (error) {
    console.error('[DoraMetricsController] Error fetching weekly snapshots:', error);
    res.status(500).json({
      success: false,
      error: error instanceof Error ? error.message : 'Failed to fetch weekly snapshots',
    });
  }",2,TRY,487,,,1,BabelNodeInfo
47244640332,CONTROL_STRUCTURE,2,,,"catch (error) {
    console.error('[DoraMetricsController] Error fetching weekly snapshots:', error);
    res.status(500).json({
      success: false,
      error: error instanceof Error ? error.message : 'Failed to fetch weekly snapshots',
    });
  }",4,CATCH,497,,,2,BabelNodeInfo
47244640333,CONTROL_STRUCTURE,-1,,,"try {
    await captureLastWeekSnapshots();
    
    res.json({
      success: true,
      message: 'Last week snapshots captured successfully',
    });
  } catch (error) {
    console.error('[DoraMetricsController] Error capturing last week:', error);
    res.status(500).json({
      success: false,
      error: error instanceof Error ? error.message : 'Failed to capture last week snapshots',
    });
  }",2,TRY,511,,,1,BabelNodeInfo
47244640334,CONTROL_STRUCTURE,2,,,"catch (error) {
    console.error('[DoraMetricsController] Error capturing last week:', error);
    res.status(500).json({
      success: false,
      error: error instanceof Error ? error.message : 'Failed to capture last week snapshots',
    });
  }",4,CATCH,518,,,2,BabelNodeInfo
47244640335,CONTROL_STRUCTURE,-1,,,"try {
    const projectId = parseInt(req.params.id);
    const granularity = (req.query.granularity as 'weekly' | 'monthly' | 'yearly') || 'monthly';
    const periods = parseInt(req.query.periods as string) || 12;
    const offset = parseInt(req.query.offset as string) || 0;

    // Validate granularity
    if (!['weekly', 'monthly', 'yearly'].includes(granularity)) {
      return res.status(400).json({
        success: false,
        error: 'Invalid granularity. Must be weekly, monthly, or yearly',
      });
    }

    console.log(`[DoraMetricsController] Fetching trends for project ${projectId}, granularity: ${granularity}, periods: ${periods}, offset: ${offset}`);

    const trends = await getDoraTrends(projectId, granularity, periods, offset);

    console.log(`[DoraMetricsController] Successfully fetched ${trends.data.length} data points`);

    res.json({
      success: true,
      data: trends,
    });
  } catch (error) {
    console.error('[DoraMetr...",2,TRY,532,,,1,BabelNodeInfo
47244640336,CONTROL_STRUCTURE,-1,,,"if (!['weekly', 'monthly', 'yearly'].includes(granularity)) {
      return res.status(400).json({
        success: false,
        error: 'Invalid granularity. Must be weekly, monthly, or yearly',
      });
    }",4,IF,539,,,5,BabelNodeInfo
47244640337,CONTROL_STRUCTURE,2,,,"catch (error) {
    console.error('[DoraMetricsController] Error fetching trends:', error);
    res.status(500).json({
      success: false,
      error: error instanceof Error ? error.message : 'Failed to fetch DORA trends',
      details: error instanceof Error ? error.stack : undefined,
    });
  }",4,CATCH,556,,,2,BabelNodeInfo
47244640338,CONTROL_STRUCTURE,-1,,,"try {
    const projectId = parseInt(req.params.id);
    const days = parseInt(req.query.days as string) || 30;

    if (isNaN(projectId)) {
      return res.status(400).json({
        success: false,
        error: 'Invalid project ID',
      });
    }

    const pool = getPool();

    // Fetch health scores from all 6 history tables, grouped by day
    const [
      issueHistory,
      mrHistory,
      commitHistory,
      reliabilityHistory,
      maintainabilityHistory,
      securityHistory,
    ] = await Promise.all([
      // Issue Metrics History
      pool.query(`
        SELECT 
          TO_CHAR(DATE_TRUNC('day', created_at), 'YYYY-MM-DD') as date,
          AVG(health_score) as health_score
        FROM issue_metrics_history
        WHERE project_id = $1
          AND created_at >= CURRENT_TIMESTAMP - INTERVAL '${days} days'
        GROUP BY DATE_TRUNC('day', created_at)
        ORDER BY DATE_TRUNC('day', created_at) ASC
      `, [projectI...",2,TRY,12,,,1,BabelNodeInfo
47244640339,CONTROL_STRUCTURE,-1,,,"if (isNaN(projectId)) {
      return res.status(400).json({
        success: false,
        error: 'Invalid project ID',
      });
    }",4,IF,16,,,3,BabelNodeInfo
47244640340,CONTROL_STRUCTURE,2,,,"catch (error) {
    console.error('[HealthScoreController] Error fetching history:', error);
    res.status(500).json({
      success: false,
      error: error instanceof Error ? error.message : 'Failed to fetch health score history',
    });
  }",4,CATCH,156,,,2,BabelNodeInfo
47244640341,CONTROL_STRUCTURE,-1,,,"try {
    const projectId = parseInt(req.params.id);

    if (isNaN(projectId)) {
      return res.status(400).json({
        success: false,
        error: 'Invalid project ID',
      });
    }

    const pool = getPool();

    // Fetch latest health scores from all 6 history tables
    const [
      issueLatest,
      mrLatest,
      commitLatest,
      reliabilityLatest,
      maintainabilityLatest,
      securityLatest,
    ] = await Promise.all([
      pool.query(`
        SELECT health_score, created_at
        FROM issue_metrics_history
        WHERE project_id = $1
        ORDER BY created_at DESC
        LIMIT 1
      `, [projectId]),

      pool.query(`
        SELECT health_score, created_at
        FROM mr_metrics_history
        WHERE project_id = $1
        ORDER BY created_at DESC
        LIMIT 1
      `, [projectId]),

      pool.query(`
        SELECT health_score, created_at
        FROM commit_metrics_history
        WHERE p...",2,TRY,170,,,1,BabelNodeInfo
47244640342,CONTROL_STRUCTURE,-1,,,"if (isNaN(projectId)) {
      return res.status(400).json({
        success: false,
        error: 'Invalid project ID',
      });
    }",4,IF,173,,,2,BabelNodeInfo
47244640343,CONTROL_STRUCTURE,2,,,"catch (error) {
    console.error('[HealthScoreController] Error fetching latest scores:', error);
    res.status(500).json({
      success: false,
      error: error instanceof Error ? error.message : 'Failed to fetch latest health scores',
    });
  }",4,CATCH,254,,,2,BabelNodeInfo
47244640344,CONTROL_STRUCTURE,-1,,,"try {
    const projectId = parseInt(req.params.id);

    if (isNaN(projectId)) {
      return res.status(400).json({
        success: false,
        error: 'Invalid project ID',
      });
    }

    console.log(`[IssueMetricsController] Refresh requested for project ${projectId}`);

    // Trigger sync
    const metrics = await issueMetricsSyncService.syncIssueMetrics(projectId);

    res.json({
      success: true,
      message: 'Issue metrics refreshed successfully',
      data: metrics,
    });
  } catch (error) {
    console.error('[IssueMetricsController] Error refreshing metrics:', error);
    console.error('[IssueMetricsController] Error stack:', error instanceof Error ? error.stack : 'No stack trace');
    res.status(500).json({
      success: false,
      error: error instanceof Error ? error.message : 'Failed to refresh issue metrics',
      details: error instanceof Error ? error.stack : undefined,
    });
  }",2,TRY,13,,,1,BabelNodeInfo
47244640345,CONTROL_STRUCTURE,-1,,,"if (isNaN(projectId)) {
      return res.status(400).json({
        success: false,
        error: 'Invalid project ID',
      });
    }",4,IF,16,,,2,BabelNodeInfo
47244640346,CONTROL_STRUCTURE,2,,,"catch (error) {
    console.error('[IssueMetricsController] Error refreshing metrics:', error);
    console.error('[IssueMetricsController] Error stack:', error instanceof Error ? error.stack : 'No stack trace');
    res.status(500).json({
      success: false,
      error: error instanceof Error ? error.message : 'Failed to refresh issue metrics',
      details: error instanceof Error ? error.stack : undefined,
    });
  }",4,CATCH,33,,,2,BabelNodeInfo
47244640347,CONTROL_STRUCTURE,-1,,,"try {
    const projectId = parseInt(req.params.id);

    if (isNaN(projectId)) {
      return res.status(400).json({
        success: false,
        error: 'Invalid project ID',
      });
    }

    const metrics = await issueMetricsDbService.getMetrics(projectId);

    if (!metrics) {
      return res.status(404).json({
        success: false,
        error: 'No metrics found for this project. Please refresh metrics first.',
      });
    }

    res.json({
      success: true,
      data: metrics,
    });
  } catch (error) {
    console.error('[IssueMetricsController] Error getting metrics:', error);
    res.status(500).json({
      success: false,
      error: error instanceof Error ? error.message : 'Failed to get issue metrics',
    });
  }",2,TRY,49,,,1,BabelNodeInfo
47244640348,CONTROL_STRUCTURE,-1,,,"if (isNaN(projectId)) {
      return res.status(400).json({
        success: false,
        error: 'Invalid project ID',
      });
    }",4,IF,52,,,2,BabelNodeInfo
47244640349,CONTROL_STRUCTURE,-1,,,"if (!metrics) {
      return res.status(404).json({
        success: false,
        error: 'No metrics found for this project. Please refresh metrics first.',
      });
    }",4,IF,61,,,4,BabelNodeInfo
47244640350,CONTROL_STRUCTURE,2,,,"catch (error) {
    console.error('[IssueMetricsController] Error getting metrics:', error);
    res.status(500).json({
      success: false,
      error: error instanceof Error ? error.message : 'Failed to get issue metrics',
    });
  }",4,CATCH,72,,,2,BabelNodeInfo
47244640351,CONTROL_STRUCTURE,-1,,,"try {
    const projectId = parseInt(req.params.id);

    if (isNaN(projectId)) {
      return res.status(400).json({
        success: false,
        error: 'Invalid project ID',
      });
    }

    // Get current metrics
    const currentMetrics = await issueMetricsDbService.getMetrics(projectId);

    if (!currentMetrics) {
      return res.status(404).json({
        success: false,
        error: 'No metrics found for this project. Please refresh metrics first.',
      });
    }

    // Get week-over-week comparison
    const trends = await issueMetricsDbService.getWeekOverWeekTrends(projectId);

    // Get historical data (last 30 days)
    const history = await issueMetricsDbService.getMetricsHistory(projectId, 30);

    res.json({
      success: true,
      data: {
        current: currentMetrics,
        weekOverWeek: trends,
        history,
      },
    });
  } catch (error) {
    console.error('[IssueMetricsController] Error getting tren...",2,TRY,86,,,1,BabelNodeInfo
47244640352,CONTROL_STRUCTURE,-1,,,"if (isNaN(projectId)) {
      return res.status(400).json({
        success: false,
        error: 'Invalid project ID',
      });
    }",4,IF,89,,,2,BabelNodeInfo
47244640353,CONTROL_STRUCTURE,-1,,,"if (!currentMetrics) {
      return res.status(404).json({
        success: false,
        error: 'No metrics found for this project. Please refresh metrics first.',
      });
    }",4,IF,99,,,4,BabelNodeInfo
47244640354,CONTROL_STRUCTURE,2,,,"catch (error) {
    console.error('[IssueMetricsController] Error getting trends:', error);
    res.status(500).json({
      success: false,
      error: error instanceof Error ? error.message : 'Failed to get issue metrics trends',
    });
  }",4,CATCH,120,,,2,BabelNodeInfo
47244640355,CONTROL_STRUCTURE,-1,,,"try {
    const projectId = parseInt(req.params.id);
    const days = parseInt(req.query.days as string) || 30;

    if (isNaN(projectId)) {
      return res.status(400).json({
        success: false,
        error: 'Invalid project ID',
      });
    }

    const history = await issueMetricsDbService.getMetricsHistory(projectId, days);

    res.json({
      success: true,
      data: history,
    });
  } catch (error) {
    console.error('[IssueMetricsController] Error getting history:', error);
    res.status(500).json({
      success: false,
      error: error instanceof Error ? error.message : 'Failed to get issue metrics history',
    });
  }",2,TRY,134,,,1,BabelNodeInfo
47244640356,CONTROL_STRUCTURE,-1,,,"if (isNaN(projectId)) {
      return res.status(400).json({
        success: false,
        error: 'Invalid project ID',
      });
    }",4,IF,138,,,3,BabelNodeInfo
47244640357,CONTROL_STRUCTURE,2,,,"catch (error) {
    console.error('[IssueMetricsController] Error getting history:', error);
    res.status(500).json({
      success: false,
      error: error instanceof Error ? error.message : 'Failed to get issue metrics history',
    });
  }",4,CATCH,151,,,2,BabelNodeInfo
47244640358,CONTROL_STRUCTURE,-1,,,"try {
    const projectId = parseInt(req.params.id);

    if (isNaN(projectId)) {
      return res.status(400).json({
        success: false,
        error: 'Invalid project ID',
      });
    }

    console.log(`[MilestoneMetricsController] Refresh requested for project ${projectId}`);

    // Trigger sync
    const metrics = await milestoneMetricsSyncService.syncMilestoneMetrics(projectId);

    res.json({
      success: true,
      message: 'Milestone metrics refreshed successfully',
      data: metrics,
    });
  } catch (error) {
    console.error('[MilestoneMetricsController] Error refreshing metrics:', error);
    res.status(500).json({
      success: false,
      error: error instanceof Error ? error.message : 'Failed to refresh milestone metrics',
    });
  }",2,TRY,13,,,1,BabelNodeInfo
47244640359,CONTROL_STRUCTURE,-1,,,"if (isNaN(projectId)) {
      return res.status(400).json({
        success: false,
        error: 'Invalid project ID',
      });
    }",4,IF,16,,,2,BabelNodeInfo
47244640360,CONTROL_STRUCTURE,2,,,"catch (error) {
    console.error('[MilestoneMetricsController] Error refreshing metrics:', error);
    res.status(500).json({
      success: false,
      error: error instanceof Error ? error.message : 'Failed to refresh milestone metrics',
    });
  }",4,CATCH,33,,,2,BabelNodeInfo
47244640361,CONTROL_STRUCTURE,-1,,,"try {
    const projectId = parseInt(req.params.id);

    if (isNaN(projectId)) {
      return res.status(400).json({
        success: false,
        error: 'Invalid project ID',
      });
    }

    console.log(`[MilestoneMetricsController] Get metrics requested for project ${projectId}`);

    const metrics = await milestoneMetricsDbService.getMetrics(projectId);

    if (!metrics) {
      return res.status(404).json({
        success: false,
        error: 'Milestone metrics not found. Please refresh metrics first.',
      });
    }

    res.json({
      success: true,
      data: metrics,
    });
  } catch (error) {
    console.error('[MilestoneMetricsController] Error getting metrics:', error);
    res.status(500).json({
      success: false,
      error: error instanceof Error ? error.message : 'Failed to get milestone metrics',
    });
  }",2,TRY,47,,,1,BabelNodeInfo
47244640362,CONTROL_STRUCTURE,-1,,,"if (isNaN(projectId)) {
      return res.status(400).json({
        success: false,
        error: 'Invalid project ID',
      });
    }",4,IF,50,,,2,BabelNodeInfo
47244640363,CONTROL_STRUCTURE,-1,,,"if (!metrics) {
      return res.status(404).json({
        success: false,
        error: 'Milestone metrics not found. Please refresh metrics first.',
      });
    }",4,IF,61,,,5,BabelNodeInfo
47244640364,CONTROL_STRUCTURE,2,,,"catch (error) {
    console.error('[MilestoneMetricsController] Error getting metrics:', error);
    res.status(500).json({
      success: false,
      error: error instanceof Error ? error.message : 'Failed to get milestone metrics',
    });
  }",4,CATCH,72,,,2,BabelNodeInfo
47244640365,CONTROL_STRUCTURE,-1,,,"try {
    const projectId = parseInt(req.params.id, 10);

    if (isNaN(projectId)) {
      return res.status(400).json({
        success: false,
        error: 'Invalid project ID',
      });
    }

    console.log(`[MRMetricsController] Refreshing MR metrics for project ${projectId}`);

    const metrics = await mrMetricsSyncService.syncMRMetrics(projectId);

    res.json({
      success: true,
      data: metrics,
      message: 'MR metrics refreshed successfully',
    });
  } catch (error: any) {
    console.error('[MRMetricsController] Error refreshing MR metrics:', error);
    console.error('Stack trace:', error.stack);
    res.status(500).json({
      success: false,
      error: 'Failed to refresh MR metrics',
      details: error.message,
    });
  }",2,TRY,14,,,1,BabelNodeInfo
47244640366,CONTROL_STRUCTURE,-1,,,"if (isNaN(projectId)) {
      return res.status(400).json({
        success: false,
        error: 'Invalid project ID',
      });
    }",4,IF,17,,,2,BabelNodeInfo
47244640367,CONTROL_STRUCTURE,2,,,"catch (error: any) {
    console.error('[MRMetricsController] Error refreshing MR metrics:', error);
    console.error('Stack trace:', error.stack);
    res.status(500).json({
      success: false,
      error: 'Failed to refresh MR metrics',
      details: error.message,
    });
  }",4,CATCH,33,,,2,BabelNodeInfo
47244640368,CONTROL_STRUCTURE,-1,,,"try {
    const projectId = parseInt(req.params.id, 10);

    if (isNaN(projectId)) {
      return res.status(400).json({
        success: false,
        error: 'Invalid project ID',
      });
    }

    const metrics = await mrMetricsDbService.getMetrics(projectId);

    if (!metrics) {
      return res.status(404).json({
        success: false,
        error: 'No MR metrics found for this project',
      });
    }

    res.json({
      success: true,
      data: metrics,
    });
  } catch (error: any) {
    console.error('[MRMetricsController] Error getting MR metrics:', error);
    res.status(500).json({
      success: false,
      error: 'Failed to get MR metrics',
      details: error.message,
    });
  }",2,TRY,49,,,1,BabelNodeInfo
47244640369,CONTROL_STRUCTURE,-1,,,"if (isNaN(projectId)) {
      return res.status(400).json({
        success: false,
        error: 'Invalid project ID',
      });
    }",4,IF,52,,,2,BabelNodeInfo
47244640370,CONTROL_STRUCTURE,-1,,,"if (!metrics) {
      return res.status(404).json({
        success: false,
        error: 'No MR metrics found for this project',
      });
    }",4,IF,61,,,4,BabelNodeInfo
47244640371,CONTROL_STRUCTURE,2,,,"catch (error: any) {
    console.error('[MRMetricsController] Error getting MR metrics:', error);
    res.status(500).json({
      success: false,
      error: 'Failed to get MR metrics',
      details: error.message,
    });
  }",4,CATCH,72,,,2,BabelNodeInfo
47244640372,CONTROL_STRUCTURE,-1,,,"try {
    const projectId = parseInt(req.params.id, 10);

    if (isNaN(projectId)) {
      return res.status(400).json({
        success: false,
        error: 'Invalid project ID',
      });
    }

    const trends = await mrMetricsDbService.getWeekOverWeekTrends(projectId);

    if (!trends) {
      return res.status(404).json({
        success: false,
        error: 'No trend data available for this project',
      });
    }

    res.json({
      success: true,
      data: trends,
    });
  } catch (error: any) {
    console.error('[MRMetricsController] Error getting MR metrics trends:', error);
    res.status(500).json({
      success: false,
      error: 'Failed to get MR metrics trends',
      details: error.message,
    });
  }",2,TRY,87,,,1,BabelNodeInfo
47244640373,CONTROL_STRUCTURE,-1,,,"if (isNaN(projectId)) {
      return res.status(400).json({
        success: false,
        error: 'Invalid project ID',
      });
    }",4,IF,90,,,2,BabelNodeInfo
47244640374,CONTROL_STRUCTURE,-1,,,"if (!trends) {
      return res.status(404).json({
        success: false,
        error: 'No trend data available for this project',
      });
    }",4,IF,99,,,4,BabelNodeInfo
47244640375,CONTROL_STRUCTURE,2,,,"catch (error: any) {
    console.error('[MRMetricsController] Error getting MR metrics trends:', error);
    res.status(500).json({
      success: false,
      error: 'Failed to get MR metrics trends',
      details: error.message,
    });
  }",4,CATCH,110,,,2,BabelNodeInfo
47244640376,CONTROL_STRUCTURE,-1,,,"try {
    const projectId = parseInt(req.params.id, 10);
    const days = req.query.days ? parseInt(req.query.days as string, 10) : 30;

    if (isNaN(projectId)) {
      return res.status(400).json({
        success: false,
        error: 'Invalid project ID',
      });
    }

    const history = await mrMetricsDbService.getMetricsHistory(projectId, days);

    res.json({
      success: true,
      data: history,
    });
  } catch (error: any) {
    console.error('[MRMetricsController] Error getting MR metrics history:', error);
    res.status(500).json({
      success: false,
      error: 'Failed to get MR metrics history',
      details: error.message,
    });
  }",2,TRY,125,,,1,BabelNodeInfo
47244640377,CONTROL_STRUCTURE,-1,,,"if (isNaN(projectId)) {
      return res.status(400).json({
        success: false,
        error: 'Invalid project ID',
      });
    }",4,IF,129,,,3,BabelNodeInfo
47244640378,CONTROL_STRUCTURE,2,,,"catch (error: any) {
    console.error('[MRMetricsController] Error getting MR metrics history:', error);
    res.status(500).json({
      success: false,
      error: 'Failed to get MR metrics history',
      details: error.message,
    });
  }",4,CATCH,142,,,2,BabelNodeInfo
47244640379,CONTROL_STRUCTURE,-1,,,"try {
      const projects = await projectFetchService.getAllProjectsFromDB();
      res.json(projects);
    } catch (error: any) {
      res.status(500).json({ error: error.message });
    }",4,TRY,17,,,1,BabelNodeInfo
47244640380,CONTROL_STRUCTURE,2,,,"catch (error: any) {
      res.status(500).json({ error: error.message });
    }",6,CATCH,20,,,2,BabelNodeInfo
47244640381,CONTROL_STRUCTURE,-1,,,"try {
      const { id } = req.params;
      const projectId = Number(id);

      if (!projectId || isNaN(projectId)) {
        return res.status(400).json({ error: 'Invalid project ID' });
      }

      const project = await projectFetchService.getProjectByIdFromDB(projectId);
      
      if (!project) {
        return res.status(404).json({ error: 'Project not found' });
      }

      res.json(project);
    } catch (error: any) {
      res.status(500).json({ error: error.message });
    }",4,TRY,30,,,1,BabelNodeInfo
47244640382,CONTROL_STRUCTURE,-1,,,"if (!projectId || isNaN(projectId)) {
        return res.status(400).json({ error: 'Invalid project ID' });
      }",6,IF,34,,,3,BabelNodeInfo
47244640383,CONTROL_STRUCTURE,-1,,,"if (!project) {
        return res.status(404).json({ error: 'Project not found' });
      }",6,IF,40,,,5,BabelNodeInfo
47244640384,CONTROL_STRUCTURE,2,,,"catch (error: any) {
      res.status(500).json({ error: error.message });
    }",6,CATCH,45,,,2,BabelNodeInfo
47244640385,CONTROL_STRUCTURE,-1,,,"try {
      const projects = await projectFetchService.getTrackedProjectsFromDB();
      res.json(projects);
    } catch (error: any) {
      res.status(500).json({ error: error.message });
    }",4,TRY,55,,,1,BabelNodeInfo
47244640386,CONTROL_STRUCTURE,2,,,"catch (error: any) {
      res.status(500).json({ error: error.message });
    }",6,CATCH,58,,,2,BabelNodeInfo
47244640387,CONTROL_STRUCTURE,-1,,,"try {
      const projects = await projectSyncService.syncAllProjects();
      res.json(projects);
    } catch (error: any) {
      res.status(500).json({ error: error.message });
    }",4,TRY,68,,,1,BabelNodeInfo
47244640388,CONTROL_STRUCTURE,2,,,"catch (error: any) {
      res.status(500).json({ error: error.message });
    }",6,CATCH,71,,,2,BabelNodeInfo
47244640389,CONTROL_STRUCTURE,-1,,,"try {
      const { id } = req.params;
      const projectId = Number(id);

      if (!projectId || isNaN(projectId)) {
        return res.status(400).json({ error: 'Invalid project ID' });
      }

      const project = await projectSyncService.syncProject(projectId);
      res.json(project);
    } catch (error: any) {
      res.status(500).json({ error: error.message });
    }",4,TRY,81,,,1,BabelNodeInfo
47244640390,CONTROL_STRUCTURE,-1,,,"if (!projectId || isNaN(projectId)) {
        return res.status(400).json({ error: 'Invalid project ID' });
      }",6,IF,85,,,3,BabelNodeInfo
47244640391,CONTROL_STRUCTURE,2,,,"catch (error: any) {
      res.status(500).json({ error: error.message });
    }",6,CATCH,91,,,2,BabelNodeInfo
47244640392,CONTROL_STRUCTURE,-1,,,"try {
      const { id } = req.params;
      const projectId = Number(id);

      if (!projectId || isNaN(projectId)) {
        return res.status(400).json({ error: 'Invalid project ID' });
      }

      await projectRefreshService.refreshProject(projectId);
      res.json({ success: true, id: projectId });
    } catch (error: any) {
      res.status(500).json({ error: error.message });
    }",4,TRY,101,,,1,BabelNodeInfo
47244640393,CONTROL_STRUCTURE,-1,,,"if (!projectId || isNaN(projectId)) {
        return res.status(400).json({ error: 'Invalid project ID' });
      }",6,IF,105,,,3,BabelNodeInfo
47244640394,CONTROL_STRUCTURE,2,,,"catch (error: any) {
      res.status(500).json({ error: error.message });
    }",6,CATCH,111,,,2,BabelNodeInfo
47244640395,CONTROL_STRUCTURE,-1,,,"try {
      await projectRefreshService.refreshAllTrackedProjects();
      res.json({ success: true });
    } catch (error: any) {
      res.status(500).json({ error: error.message });
    }",4,TRY,121,,,1,BabelNodeInfo
47244640396,CONTROL_STRUCTURE,2,,,"catch (error: any) {
      res.status(500).json({ error: error.message });
    }",6,CATCH,124,,,2,BabelNodeInfo
47244640397,CONTROL_STRUCTURE,-1,,,"try {
      const { id } = req.body;
      
      if (!id) {
        return res.status(400).json({ error: 'Project id is required' });
      }

      const trackedProject = await trackProject(id);
      
      if (!trackedProject) {
        return res.status(404).json({ error: 'Project not found in database. Please refresh the page.' });
      }
      
      res.json(trackedProject);
    } catch (error: any) {
      res.status(500).json({ error: error.message });
    }",4,TRY,132,,,1,BabelNodeInfo
47244640398,CONTROL_STRUCTURE,-1,,,"if (!id) {
        return res.status(400).json({ error: 'Project id is required' });
      }",6,IF,135,,,2,BabelNodeInfo
47244640399,CONTROL_STRUCTURE,-1,,,"if (!trackedProject) {
        return res.status(404).json({ error: 'Project not found in database. Please refresh the page.' });
      }",6,IF,141,,,4,BabelNodeInfo
47244640400,CONTROL_STRUCTURE,2,,,"catch (error: any) {
      res.status(500).json({ error: error.message });
    }",6,CATCH,146,,,2,BabelNodeInfo
47244640401,CONTROL_STRUCTURE,-1,,,"try {
      const { id } = req.params;
      
      const success = await untrackProject(Number(id));
      
      if (!success) {
        return res.status(404).json({ error: 'Project not found or already untracked' });
      }
      
      res.json({ id: Number(id) });
    } catch (error: any) {
      res.status(500).json({ error: error.message });
    }",4,TRY,152,,,1,BabelNodeInfo
47244640402,CONTROL_STRUCTURE,-1,,,"if (!success) {
        return res.status(404).json({ error: 'Project not found or already untracked' });
      }",6,IF,157,,,3,BabelNodeInfo
47244640403,CONTROL_STRUCTURE,2,,,"catch (error: any) {
      res.status(500).json({ error: error.message });
    }",6,CATCH,162,,,2,BabelNodeInfo
47244640404,CONTROL_STRUCTURE,-1,,,"try {
            const groups = await gitlabGroupService.getAllGroups();
            
            // Map to return only id and name
            const simplifiedGroups = groups.map(group => ({
                    id: group.id,
                    name: group.name
            }));
            
            res.json(simplifiedGroups);
    }
    catch (error: any) {
            res.status(500).json({ error: error.message });
    }",4,TRY,168,,,1,BabelNodeInfo
47244640405,CONTROL_STRUCTURE,2,,,"catch (error: any) {
            res.status(500).json({ error: error.message });
    }",4,CATCH,179,,,2,BabelNodeInfo
47244640406,CONTROL_STRUCTURE,-1,,,"try {
      const { id } = req.params;
      const projectId = Number(id);

      if (!projectId || isNaN(projectId)) {
        return res.status(400).json({ error: 'Invalid project ID' });
      }

      const members = await gitLabMemberService.getProjectMembers(projectId);
      res.json(members);
    } catch (error: any) {
      res.status(500).json({ error: error.message });
    }",4,TRY,188,,,1,BabelNodeInfo
47244640407,CONTROL_STRUCTURE,-1,,,"if (!projectId || isNaN(projectId)) {
        return res.status(400).json({ error: 'Invalid project ID' });
      }",6,IF,192,,,3,BabelNodeInfo
47244640408,CONTROL_STRUCTURE,2,,,"catch (error: any) {
      res.status(500).json({ error: error.message });
    }",6,CATCH,198,,,2,BabelNodeInfo
47244640409,CONTROL_STRUCTURE,-1,,,"try {
      const stats = await this.calculateDashboardStats();
      res.json(stats);
    } catch (error: any) {
      console.error('❌ Failed to get dashboard stats:', error.message);
      res.status(500).json({ error: error.message });
    }",4,TRY,207,,,1,BabelNodeInfo
47244640410,CONTROL_STRUCTURE,2,,,"catch (error: any) {
      console.error('❌ Failed to get dashboard stats:', error.message);
      res.status(500).json({ error: error.message });
    }",6,CATCH,210,,,2,BabelNodeInfo
47244640411,CONTROL_STRUCTURE,-1,,,if (projects.length === 0) return 0;,4,IF,243,,,1,BabelNodeInfo
47244640412,CONTROL_STRUCTURE,-1,,,"try {
    const projectId = parseInt(req.params.id);

    if (isNaN(projectId)) {
      return res.status(400).json({ 
        success: false,
        error: 'Invalid project ID' 
      });
    }

    console.log(`[SonarQubeMaintainabilityController] Refreshing metrics for project ${projectId}`);

    await syncService.syncMaintainabilityMetrics(projectId);
    const metrics = await dbService.getMetrics(projectId);

    res.json({
      success: true,
      data: metrics,
    });
  } catch (error: any) {
    console.error('[SonarQubeMaintainabilityController] Error refreshing metrics:', error);
    console.error(error.stack);
    res.status(500).json({
      success: false,
      error: 'Failed to refresh maintainability metrics',
      message: error.message,
    });
  }",2,TRY,16,,,3,BabelNodeInfo
47244640413,CONTROL_STRUCTURE,-1,,,"if (isNaN(projectId)) {
      return res.status(400).json({ 
        success: false,
        error: 'Invalid project ID' 
      });
    }",4,IF,19,,,2,BabelNodeInfo
47244640414,CONTROL_STRUCTURE,2,,,"catch (error: any) {
    console.error('[SonarQubeMaintainabilityController] Error refreshing metrics:', error);
    console.error(error.stack);
    res.status(500).json({
      success: false,
      error: 'Failed to refresh maintainability metrics',
      message: error.message,
    });
  }",4,CATCH,35,,,2,BabelNodeInfo
47244640415,CONTROL_STRUCTURE,-1,,,"try {
    const projectId = parseInt(req.params.id);

    if (isNaN(projectId)) {
      return res.status(400).json({
        success: false,
        error: 'Invalid project ID',
      });
    }

    const metrics = await dbService.getMetrics(projectId);

    if (!metrics) {
      return res.status(404).json({
        success: false,
        error: 'No maintainability metrics found for this project',
      });
    }

    res.json({
      success: true,
      data: metrics,
    });
  } catch (error: any) {
    console.error('[SonarQubeMaintainabilityController] Error fetching metrics:', error);
    res.status(500).json({
      success: false,
      error: 'Failed to fetch maintainability metrics',
      message: error.message,
    });
  }",2,TRY,53,,,2,BabelNodeInfo
47244640416,CONTROL_STRUCTURE,-1,,,"if (isNaN(projectId)) {
      return res.status(400).json({
        success: false,
        error: 'Invalid project ID',
      });
    }",4,IF,56,,,2,BabelNodeInfo
47244640417,CONTROL_STRUCTURE,-1,,,"if (!metrics) {
      return res.status(404).json({
        success: false,
        error: 'No maintainability metrics found for this project',
      });
    }",4,IF,65,,,4,BabelNodeInfo
47244640418,CONTROL_STRUCTURE,2,,,"catch (error: any) {
    console.error('[SonarQubeMaintainabilityController] Error fetching metrics:', error);
    res.status(500).json({
      success: false,
      error: 'Failed to fetch maintainability metrics',
      message: error.message,
    });
  }",4,CATCH,76,,,2,BabelNodeInfo
47244640419,CONTROL_STRUCTURE,-1,,,"try {
    const projectId = parseInt(req.params.id);
    const days = parseInt(req.query.days as string) || 30;

    if (isNaN(projectId)) {
      return res.status(400).json({
        success: false,
        error: 'Invalid project ID',
      });
    }

    const history = await dbService.getMetricsHistory(projectId, days);

    res.json({
      success: true,
      data: history,
    });
  } catch (error: any) {
    console.error('[SonarQubeMaintainabilityController] Error fetching history:', error);
    res.status(500).json({
      success: false,
      error: 'Failed to fetch maintainability metrics history',
      message: error.message,
    });
  }",2,TRY,93,,,2,BabelNodeInfo
47244640420,CONTROL_STRUCTURE,-1,,,"if (isNaN(projectId)) {
      return res.status(400).json({
        success: false,
        error: 'Invalid project ID',
      });
    }",4,IF,97,,,3,BabelNodeInfo
47244640421,CONTROL_STRUCTURE,2,,,"catch (error: any) {
    console.error('[SonarQubeMaintainabilityController] Error fetching history:', error);
    res.status(500).json({
      success: false,
      error: 'Failed to fetch maintainability metrics history',
      message: error.message,
    });
  }",4,CATCH,110,,,2,BabelNodeInfo
47244640422,CONTROL_STRUCTURE,-1,,,"try {
    const projectId = parseInt(req.params.id);

    if (isNaN(projectId)) {
      return res.status(400).json({ 
        success: false,
        error: 'Invalid project ID' 
      });
    }

    console.log(`[SonarReliabilityController] Refreshing metrics for project ${projectId}`);

    await syncService.syncReliabilityMetrics(projectId);
    const metrics = await dbService.getMetrics(projectId);

    res.json({
      success: true,
      data: metrics,
    });
  } catch (error: any) {
    console.error('[SonarReliabilityController] Error refreshing metrics:', error);
    res.status(500).json({
      success: false,
      error: 'Failed to refresh reliability metrics',
      message: error.message,
    });
  }",2,TRY,15,,,3,BabelNodeInfo
47244640423,CONTROL_STRUCTURE,-1,,,"if (isNaN(projectId)) {
      return res.status(400).json({ 
        success: false,
        error: 'Invalid project ID' 
      });
    }",4,IF,18,,,2,BabelNodeInfo
47244640424,CONTROL_STRUCTURE,2,,,"catch (error: any) {
    console.error('[SonarReliabilityController] Error refreshing metrics:', error);
    res.status(500).json({
      success: false,
      error: 'Failed to refresh reliability metrics',
      message: error.message,
    });
  }",4,CATCH,34,,,2,BabelNodeInfo
47244640425,CONTROL_STRUCTURE,-1,,,"try {
    const projectId = parseInt(req.params.id);

    if (isNaN(projectId)) {
      return res.status(400).json({
        success: false,
        error: 'Invalid project ID',
      });
    }

    const metrics = await dbService.getMetrics(projectId);

    if (!metrics) {
      return res.status(404).json({
        success: false,
        error: 'No reliability metrics found for this project',
      });
    }

    res.json({
      success: true,
      data: metrics,
    });
  } catch (error: any) {
    console.error('[SonarReliabilityController] Error fetching metrics:', error);
    res.status(500).json({
      success: false,
      error: 'Failed to fetch reliability metrics',
      message: error.message,
    });
  }",2,TRY,51,,,2,BabelNodeInfo
47244640426,CONTROL_STRUCTURE,-1,,,"if (isNaN(projectId)) {
      return res.status(400).json({
        success: false,
        error: 'Invalid project ID',
      });
    }",4,IF,54,,,2,BabelNodeInfo
47244640427,CONTROL_STRUCTURE,-1,,,"if (!metrics) {
      return res.status(404).json({
        success: false,
        error: 'No reliability metrics found for this project',
      });
    }",4,IF,63,,,4,BabelNodeInfo
47244640428,CONTROL_STRUCTURE,2,,,"catch (error: any) {
    console.error('[SonarReliabilityController] Error fetching metrics:', error);
    res.status(500).json({
      success: false,
      error: 'Failed to fetch reliability metrics',
      message: error.message,
    });
  }",4,CATCH,74,,,2,BabelNodeInfo
47244640429,CONTROL_STRUCTURE,-1,,,"try {
    const projectId = parseInt(req.params.id);
    const days = parseInt(req.query.days as string) || 30;

    if (isNaN(projectId)) {
      return res.status(400).json({
        success: false,
        error: 'Invalid project ID',
      });
    }

    const history = await dbService.getMetricsHistory(projectId, days);

    res.json({
      success: true,
      data: history,
    });
  } catch (error: any) {
    console.error('[SonarReliabilityController] Error fetching history:', error);
    res.status(500).json({
      success: false,
      error: 'Failed to fetch reliability metrics history',
      message: error.message,
    });
  }",2,TRY,91,,,2,BabelNodeInfo
47244640430,CONTROL_STRUCTURE,-1,,,"if (isNaN(projectId)) {
      return res.status(400).json({
        success: false,
        error: 'Invalid project ID',
      });
    }",4,IF,95,,,3,BabelNodeInfo
47244640431,CONTROL_STRUCTURE,2,,,"catch (error: any) {
    console.error('[SonarReliabilityController] Error fetching history:', error);
    res.status(500).json({
      success: false,
      error: 'Failed to fetch reliability metrics history',
      message: error.message,
    });
  }",4,CATCH,108,,,2,BabelNodeInfo
47244640432,CONTROL_STRUCTURE,-1,,,"try {
    const projectId = parseInt(req.params.id);

    if (isNaN(projectId)) {
      return res.status(400).json({ 
        success: false,
        error: 'Invalid project ID' 
      });
    }

    console.log(`[SonarSecurityController] Refreshing metrics for project ${projectId}`);

    await syncService.syncSecurityMetrics(projectId);
    const metrics = await dbService.getMetrics(projectId);

    res.json({
      success: true,
      data: metrics,
    });
  } catch (error: any) {
    console.error('[SonarSecurityController] Error refreshing metrics:', error);
    res.status(500).json({
      success: false,
      error: 'Failed to refresh security metrics',
      message: error.message,
    });
  }",2,TRY,15,,,3,BabelNodeInfo
47244640433,CONTROL_STRUCTURE,-1,,,"if (isNaN(projectId)) {
      return res.status(400).json({ 
        success: false,
        error: 'Invalid project ID' 
      });
    }",4,IF,18,,,2,BabelNodeInfo
47244640434,CONTROL_STRUCTURE,2,,,"catch (error: any) {
    console.error('[SonarSecurityController] Error refreshing metrics:', error);
    res.status(500).json({
      success: false,
      error: 'Failed to refresh security metrics',
      message: error.message,
    });
  }",4,CATCH,34,,,2,BabelNodeInfo
47244640435,CONTROL_STRUCTURE,-1,,,"try {
    const projectId = parseInt(req.params.id);

    if (isNaN(projectId)) {
      return res.status(400).json({
        success: false,
        error: 'Invalid project ID',
      });
    }

    const metrics = await dbService.getMetrics(projectId);

    if (!metrics) {
      return res.status(404).json({
        success: false,
        error: 'No security metrics found for this project',
      });
    }

    res.json({
      success: true,
      data: metrics,
    });
  } catch (error: any) {
    console.error('[SonarSecurityController] Error fetching metrics:', error);
    res.status(500).json({
      success: false,
      error: 'Failed to fetch security metrics',
      message: error.message,
    });
  }",2,TRY,51,,,2,BabelNodeInfo
47244640436,CONTROL_STRUCTURE,-1,,,"if (isNaN(projectId)) {
      return res.status(400).json({
        success: false,
        error: 'Invalid project ID',
      });
    }",4,IF,54,,,2,BabelNodeInfo
47244640437,CONTROL_STRUCTURE,-1,,,"if (!metrics) {
      return res.status(404).json({
        success: false,
        error: 'No security metrics found for this project',
      });
    }",4,IF,63,,,4,BabelNodeInfo
47244640438,CONTROL_STRUCTURE,2,,,"catch (error: any) {
    console.error('[SonarSecurityController] Error fetching metrics:', error);
    res.status(500).json({
      success: false,
      error: 'Failed to fetch security metrics',
      message: error.message,
    });
  }",4,CATCH,74,,,2,BabelNodeInfo
47244640439,CONTROL_STRUCTURE,-1,,,"try {
    const projectId = parseInt(req.params.id);
    const days = parseInt(req.query.days as string) || 30;

    if (isNaN(projectId)) {
      return res.status(400).json({
        success: false,
        error: 'Invalid project ID',
      });
    }

    const history = await dbService.getMetricsHistory(projectId, days);

    res.json({
      success: true,
      data: history,
    });
  } catch (error: any) {
    console.error('[SonarSecurityController] Error fetching metrics history:', error);
    res.status(500).json({
      success: false,
      error: 'Failed to fetch security metrics history',
      message: error.message,
    });
  }",2,TRY,91,,,2,BabelNodeInfo
47244640440,CONTROL_STRUCTURE,-1,,,"if (isNaN(projectId)) {
      return res.status(400).json({
        success: false,
        error: 'Invalid project ID',
      });
    }",4,IF,95,,,3,BabelNodeInfo
47244640441,CONTROL_STRUCTURE,2,,,"catch (error: any) {
    console.error('[SonarSecurityController] Error fetching metrics history:', error);
    res.status(500).json({
      success: false,
      error: 'Failed to fetch security metrics history',
      message: error.message,
    });
  }",4,CATCH,108,,,2,BabelNodeInfo
47244640442,CONTROL_STRUCTURE,-1,,,"try {
    console.log('\\n📅 MONTHLY BREAKDOWN - All 24 Months\\n');
    console.log('='.repeat(80));
    
    // Check all months have data
    const monthlyData = await pool.query(`
      SELECT 
        TO_CHAR(deployment_timestamp, 'YYYY-MM') AS month,
        COUNT(*) AS deployments
      FROM deployment_frequency
      WHERE project_id = 1
      GROUP BY TO_CHAR(deployment_timestamp, 'YYYY-MM')
      ORDER BY month
    `);
    
    console.log('\\n📊 Deployment Frequency by Month:');
    console.table(monthlyData.rows);
    
    console.log('\\n✅ Total Months with Data:', monthlyData.rows.length);
    console.log('Expected: 24 months (12 for 2024 + 12 for 2025)\\n');
    
    if (monthlyData.rows.length === 24) {
      console.log('🎉 SUCCESS! All 24 months have data!');
    } else {
      console.log('⚠️  Warning: Expected 24 months but found', monthlyData.rows.length);
    }
    
    // Check date ranges
    const dateRanges = await pool.query(`
     ...",2,TRY,8,,,2,BabelNodeInfo
47244640443,CONTROL_STRUCTURE,-1,,,"if (monthlyData.rows.length === 24) {
      console.log('🎉 SUCCESS! All 24 months have data!');
    } else {
      console.log('⚠️  Warning: Expected 24 months but found', monthlyData.rows.length);
    }",4,IF,29,,,8,BabelNodeInfo
47244640444,CONTROL_STRUCTURE,2,,,"catch (error) {
    console.error('❌ Error:', error);
    process.exit(1);
  }",4,CATCH,66,,,2,BabelNodeInfo
47244640445,CONTROL_STRUCTURE,-1,,,"try {
    console.log('🗑️  Clearing existing DORA metrics data...');
    console.log('📊 Repopulating with correct date ranges (52 weeks each year)...\\n');
    
    // Read the SQL file
    const sqlPath = path.join(__dirname, 'seeds', 'clear_and_repopulate_dora_metrics.sql');
    const sql = fs.readFileSync(sqlPath, 'utf8');
    
    // Execute the SQL
    await pool.query(sql);
    
    console.log('\\n✅ Successfully cleared and repopulated DORA metrics data!');
    console.log('Data includes:');
    console.log('  - 2024: 52 weeks (Jan-Dec 2024) - learning phase');
    console.log('  - 2025: 52 weeks (Jan-Dec 2025) - mature phase');
    console.log('  - All 4 DORA metrics tables updated');
    console.log('  - All 24 months should now have data\\n');
    
    process.exit(0);
  } catch (error) {
    console.error('❌ Error:', error);
    process.exit(1);
  }",2,TRY,10,,,2,BabelNodeInfo
47244640446,CONTROL_STRUCTURE,2,,,"catch (error) {
    console.error('❌ Error:', error);
    process.exit(1);
  }",4,CATCH,29,,,2,BabelNodeInfo
47244640447,CONTROL_STRUCTURE,-1,,,"if (!pool) {
    const connectionString = process.env.DATABASE_URL;
    
    if (!connectionString) {
      throw new Error('DATABASE_URL is not defined in environment variables');
    }

    pool = new Pool({
      connectionString,
      ssl: {
        rejectUnauthorized: false, // Required for Neon
      },
      max: 20, // Maximum number of clients in the pool
      idleTimeoutMillis: 30000,
      connectionTimeoutMillis: 10000, // Increased timeout
    });

    // Handle pool errors
    pool.on('error', (err) => {
      console.error('Unexpected error on idle client', err);
    });

    console.log('✅ Database pool created successfully');
  }",2,IF,10,,,1,BabelNodeInfo
47244640448,CONTROL_STRUCTURE,-1,,,"if (!connectionString) {
      throw new Error('DATABASE_URL is not defined in environment variables');
    }",4,IF,13,,,2,BabelNodeInfo
47244640449,CONTROL_STRUCTURE,-1,,,"try {
    const pool = getPool();
    const client = await pool.connect();
    
    // Test the connection
    const result = await client.query('SELECT NOW()');
    console.log('✅ Database connected successfully at:', result.rows[0].now);
    
    client.release();
  } catch (error: any) {
    console.error('❌ Database connection failed:', error.message);
    throw error;
  }",2,TRY,42,,,1,BabelNodeInfo
47244640450,CONTROL_STRUCTURE,2,,,"catch (error: any) {
    console.error('❌ Database connection failed:', error.message);
    throw error;
  }",4,CATCH,51,,,2,BabelNodeInfo
47244640451,CONTROL_STRUCTURE,-1,,,"if (pool) {
    await pool.end();
    pool = null;
    console.log('✅ Database connection pool closed');
  }",2,IF,61,,,1,BabelNodeInfo
47244640452,CONTROL_STRUCTURE,-1,,,"try {
    console.log('Starting DORA metrics population...');
    
    // Read the SQL file
    const sqlPath = path.join(__dirname, 'seeds', 'populate_dora_metrics_2_years_fixed.sql');
    const sql = fs.readFileSync(sqlPath, 'utf8');
    
    // Execute the SQL
    await pool.query(sql);
    
    console.log('\\n✅ Successfully populated DORA metrics data!');
    console.log('Data includes:');
    console.log('  - 2024: 104 weeks of data (learning phase)');
    console.log('  - 2025: 52 weeks of data (mature phase)');
    console.log('  - All 4 DORA metrics tables populated');
    console.log('  - Clear trends showing improvement over time');
    
    process.exit(0);
  } catch (error) {
    console.error('❌ Error populating DORA metrics:', error);
    process.exit(1);
  }",2,TRY,10,,,2,BabelNodeInfo
47244640453,CONTROL_STRUCTURE,2,,,"catch (error) {
    console.error('❌ Error populating DORA metrics:', error);
    process.exit(1);
  }",4,CATCH,28,,,2,BabelNodeInfo
47244640454,CONTROL_STRUCTURE,-1,,,"try {
    const schemaPath = path.join(__dirname, 'schema.sql');
    const schema = fs.readFileSync(schemaPath, 'utf8');
    await pool.query(schema);
    console.log('✅ Database tables initialized from schema.sql (24 tables)');
  } catch (error: any) {
    console.error('❌ Failed to initialize tables:', error.message);
    throw error;
  }",2,TRY,14,,,2,BabelNodeInfo
47244640455,CONTROL_STRUCTURE,2,,,"catch (error: any) {
    console.error('❌ Failed to initialize tables:', error.message);
    throw error;
  }",4,CATCH,19,,,2,BabelNodeInfo
47244640456,CONTROL_STRUCTURE,-1,,,"try {
    const result = await pool.query(query, [
      projectData.id,
      projectData.name,
      projectData.full_path || null,
      projectData.group_path || null,
      projectData.members_count || 0,
      projectData.members ? JSON.stringify(projectData.members) : null,
      projectData.last_activity_at || null,
      projectData.parent_id || null,
      projectData.visibility || null,
    ]);
    return result.rows[0];
  } catch (error: any) {
    console.error('❌ Failed to sync project to registry:', error.message);
    throw error;
  }",2,TRY,70,,,3,BabelNodeInfo
47244640457,CONTROL_STRUCTURE,2,,,"catch (error: any) {
    console.error('❌ Failed to sync project to registry:', error.message);
    throw error;
  }",4,CATCH,83,,,2,BabelNodeInfo
47244640458,CONTROL_STRUCTURE,-1,,,"try {
    for (const project of projects) {
      await syncProjectToRegistry(project);
    }
    console.log(`✅ Synced ${projects.length} projects to registry`);
  } catch (error: any) {
    console.error('❌ Failed to sync projects to registry:', error.message);
    throw error;
  }",2,TRY,103,,,1,BabelNodeInfo
47244640459,CONTROL_STRUCTURE,-1,,,"for (const project of projects) {
      await syncProjectToRegistry(project);
    }",4,WHILE,104,,,4,BabelNodeInfo
47244640460,CONTROL_STRUCTURE,2,,,"catch (error: any) {
    console.error('❌ Failed to sync projects to registry:', error.message);
    throw error;
  }",4,CATCH,108,,,2,BabelNodeInfo
47244640461,CONTROL_STRUCTURE,-1,,,"try {
    const result = await pool.query(query);
    return result.rows;
  } catch (error: any) {
    console.error('❌ Failed to get all projects from registry:', error.message);
    throw error;
  }",2,TRY,129,,,3,BabelNodeInfo
47244640462,CONTROL_STRUCTURE,2,,,"catch (error: any) {
    console.error('❌ Failed to get all projects from registry:', error.message);
    throw error;
  }",4,CATCH,132,,,2,BabelNodeInfo
47244640463,CONTROL_STRUCTURE,-1,,,"try {
    const result = await pool.query(query, [projectId]);
    return result.rows[0] || null;
  } catch (error: any) {
    console.error('❌ Failed to get project by ID:', error.message);
    throw error;
  }",2,TRY,153,,,3,BabelNodeInfo
47244640464,CONTROL_STRUCTURE,2,,,"catch (error: any) {
    console.error('❌ Failed to get project by ID:', error.message);
    throw error;
  }",4,CATCH,156,,,2,BabelNodeInfo
47244640465,CONTROL_STRUCTURE,-1,,,"try {
    const result = await pool.query(query, [projectId]);
    return result.rows[0]?.uuid || null;
  } catch (error: any) {
    console.error('❌ Failed to get project UUID:', error.message);
    throw error;
  }",2,TRY,170,,,3,BabelNodeInfo
47244640466,CONTROL_STRUCTURE,2,,,"catch (error: any) {
    console.error('❌ Failed to get project UUID:', error.message);
    throw error;
  }",4,CATCH,173,,,2,BabelNodeInfo
47244640467,CONTROL_STRUCTURE,-1,,,"try {
    const result = await pool.query(query, [id, tracked]);
    return result.rows[0];
  } catch (error: any) {
    console.error('❌ Failed to update project tracked status:', error.message);
    throw error;
  }",2,TRY,193,,,4,BabelNodeInfo
47244640468,CONTROL_STRUCTURE,2,,,"catch (error: any) {
    console.error('❌ Failed to update project tracked status:', error.message);
    throw error;
  }",4,CATCH,196,,,2,BabelNodeInfo
47244640469,CONTROL_STRUCTURE,-1,,,"try {
    const result = await pool.query(query, [id]);
    return result.rowCount !== null && result.rowCount > 0;
  } catch (error: any) {
    console.error('❌ Failed to untrack project:', error.message);
    throw error;
  }",2,TRY,222,,,3,BabelNodeInfo
47244640470,CONTROL_STRUCTURE,2,,,"catch (error: any) {
    console.error('❌ Failed to untrack project:', error.message);
    throw error;
  }",4,CATCH,225,,,2,BabelNodeInfo
47244640471,CONTROL_STRUCTURE,-1,,,"try {
    const result = await pool.query(query, [id]);
    return result.rows.length > 0;
  } catch (error: any) {
    console.error('❌ Failed to check if project is tracked:', error.message);
    throw error;
  }",2,TRY,239,,,3,BabelNodeInfo
47244640472,CONTROL_STRUCTURE,2,,,"catch (error: any) {
    console.error('❌ Failed to check if project is tracked:', error.message);
    throw error;
  }",4,CATCH,242,,,2,BabelNodeInfo
47244640473,CONTROL_STRUCTURE,-1,,,"try {
    const result = await pool.query(query);
    return result.rows.map(row => row.id);
  } catch (error: any) {
    console.error('❌ Failed to get tracked project IDs:', error.message);
    throw error;
  }",2,TRY,256,,,3,BabelNodeInfo
47244640474,CONTROL_STRUCTURE,2,,,"catch (error: any) {
    console.error('❌ Failed to get tracked project IDs:', error.message);
    throw error;
  }",4,CATCH,259,,,2,BabelNodeInfo
47244640475,CONTROL_STRUCTURE,-1,,,"if (!projectUUID) {
    throw new Error(`Project with ID ${snapshotData.project_id} not found in registry`);
  }",2,IF,292,,,3,BabelNodeInfo
47244640476,CONTROL_STRUCTURE,-1,,,"try {
    const result = await pool.query(query, [
      projectUUID,
      snapshotData.description || null,
      snapshotData.web_url || null,
      snapshotData.open_issues ?? 0,
      snapshotData.open_mrs ?? 0,
      snapshotData.open_milestones_count ?? 0,
      snapshotData.sonar_project_key || null,
      snapshotData.sonar_security_high ?? 0,
      snapshotData.sonar_security_blocker ?? 0,
      snapshotData.sonar_reliability_high ?? 0,
      snapshotData.sonar_reliability_blocker ?? 0,
      snapshotData.sonar_maintainability_high ?? 0,
      snapshotData.sonar_maintainability_blocker ?? 0,
    ]);
    return result.rows[0];
  } catch (error: any) {
    console.error('❌ Failed to insert project snapshot:', error.message);
    throw error;
  }",2,TRY,309,,,5,BabelNodeInfo
47244640477,CONTROL_STRUCTURE,2,,,"catch (error: any) {
    console.error('❌ Failed to insert project snapshot:', error.message);
    throw error;
  }",4,CATCH,326,,,2,BabelNodeInfo
47244640478,CONTROL_STRUCTURE,-1,,,"try {
    const result = await pool.query(query);
    return result.rows;
  } catch (error: any) {
    console.error('❌ Failed to get latest snapshots for tracked projects:', error.message);
    throw error;
  }",2,TRY,373,,,3,BabelNodeInfo
47244640479,CONTROL_STRUCTURE,2,,,"catch (error: any) {
    console.error('❌ Failed to get latest snapshots for tracked projects:', error.message);
    throw error;
  }",4,CATCH,376,,,2,BabelNodeInfo
47244640480,CONTROL_STRUCTURE,-1,,,"try {
    const result = await pool.query(query, [projectId]);
    return result.rows;
  } catch (error: any) {
    console.error('❌ Failed to get project snapshots:', error.message);
    throw error;
  }",2,TRY,411,,,3,BabelNodeInfo
47244640481,CONTROL_STRUCTURE,2,,,"catch (error: any) {
    console.error('❌ Failed to get project snapshots:', error.message);
    throw error;
  }",4,CATCH,414,,,2,BabelNodeInfo
47244640482,CONTROL_STRUCTURE,-1,,,"try {
    const result = await pool.query(query, [projectName]);
    return result.rows.length > 0 ? result.rows[0] : null;
  } catch (error: any) {
    console.error('❌ Failed to get latest snapshot by project name:', error.message);
    throw error;
  }",2,TRY,452,,,3,BabelNodeInfo
47244640483,CONTROL_STRUCTURE,2,,,"catch (error: any) {
    console.error('❌ Failed to get latest snapshot by project name:', error.message);
    throw error;
  }",4,CATCH,455,,,2,BabelNodeInfo
47244640484,CONTROL_STRUCTURE,-1,,,"try {
    // First, get the project UUID
    const projectResult = await pool.query(
      'SELECT uuid FROM projects WHERE LOWER(name) = LOWER($1)',
      [projectName]
    );
    
    if (projectResult.rows.length === 0) {
      throw new Error(`Project ""${projectName}"" not found in database`);
    }
    
    const projectUuid = projectResult.rows[0].uuid;
    
    // Insert insights (one per day per project)
    await pool.query(
      `INSERT INTO project_insights 
       (project_uuid, insights_data, final_user_score, api_score, combined_score)
       VALUES ($1, $2, $3, $4, $5)`,
      [
        projectUuid,
        JSON.stringify(insightsData),
        insightsData.final_user_score,
        insightsData.api_scores?.api_score,
        insightsData.combined_score
      ]
    );
    
    console.log(`✅ Saved insights for project: ${projectName}`);
  } catch (error: any) {
    console.error('❌ Failed to save project insights:', error.message);
    th...",2,TRY,499,,,2,BabelNodeInfo
47244640485,CONTROL_STRUCTURE,-1,,,"if (projectResult.rows.length === 0) {
      throw new Error(`Project ""${projectName}"" not found in database`);
    }",4,IF,506,,,2,BabelNodeInfo
47244640486,CONTROL_STRUCTURE,2,,,"catch (error: any) {
    console.error('❌ Failed to save project insights:', error.message);
    throw error;
  }",4,CATCH,527,,,2,BabelNodeInfo
47244640487,CONTROL_STRUCTURE,-1,,,"try {
    const result = await pool.query(query, [projectName]);
    return result.rows.length > 0 ? result.rows[0] : null;
  } catch (error: any) {
    console.error('❌ Failed to get latest project insights:', error.message);
    throw error;
  }",2,TRY,556,,,3,BabelNodeInfo
47244640488,CONTROL_STRUCTURE,2,,,"catch (error: any) {
    console.error('❌ Failed to get latest project insights:', error.message);
    throw error;
  }",4,CATCH,559,,,2,BabelNodeInfo
47244640489,CONTROL_STRUCTURE,-1,,,"try {
    const result = await pool.query(query, [projectName]);
    return result.rows;
  } catch (error: any) {
    console.error('❌ Failed to get project insights history:', error.message);
    throw error;
  }",2,TRY,586,,,3,BabelNodeInfo
47244640490,CONTROL_STRUCTURE,2,,,"catch (error: any) {
    console.error('❌ Failed to get project insights history:', error.message);
    throw error;
  }",4,CATCH,589,,,2,BabelNodeInfo
47244640491,CONTROL_STRUCTURE,-1,,,"try {
    const result = await pool.query(query, [projectId]);
    return result.rows;
  } catch (error: any) {
    console.error('❌ Failed to get project insights history by ID:', error.message);
    throw error;
  }",2,TRY,616,,,3,BabelNodeInfo
47244640492,CONTROL_STRUCTURE,2,,,"catch (error: any) {
    console.error('❌ Failed to get project insights history by ID:', error.message);
    throw error;
  }",4,CATCH,619,,,2,BabelNodeInfo
47244640493,CONTROL_STRUCTURE,-1,,,"try {
    const result = await pool.query(query);
    return result.rows;
  } catch (error: any) {
    console.error('❌ Failed to get all projects with insights:', error.message);
    throw error;
  }",2,TRY,650,,,3,BabelNodeInfo
47244640494,CONTROL_STRUCTURE,2,,,"catch (error: any) {
    console.error('❌ Failed to get all projects with insights:', error.message);
    throw error;
  }",4,CATCH,653,,,2,BabelNodeInfo
47244640495,CONTROL_STRUCTURE,-1,,,"try {
    const result = await pool.query(query);
    return result.rows;
  } catch (error: any) {
    console.error('❌ Failed to get all latest project insights:', error.message);
    throw error;
  }",2,TRY,687,,,3,BabelNodeInfo
47244640496,CONTROL_STRUCTURE,2,,,"catch (error: any) {
    console.error('❌ Failed to get all latest project insights:', error.message);
    throw error;
  }",4,CATCH,690,,,2,BabelNodeInfo
47244640497,CONTROL_STRUCTURE,-1,,,"try {
    const result = await pool.query('SELECT COUNT(*) as count FROM projects');
    return parseInt(result.rows[0].count);
  } catch (error: any) {
    console.error('❌ Failed to get total projects count:', error.message);
    throw error;
  }",2,TRY,702,,,2,BabelNodeInfo
47244640498,CONTROL_STRUCTURE,2,,,"catch (error: any) {
    console.error('❌ Failed to get total projects count:', error.message);
    throw error;
  }",4,CATCH,705,,,2,BabelNodeInfo
47244640499,CONTROL_STRUCTURE,-1,,,"try {
    const result = await pool.query('SELECT COUNT(*) as count FROM projects WHERE tracked = true');
    return parseInt(result.rows[0].count);
  } catch (error: any) {
    console.error('❌ Failed to get tracked projects count:', error.message);
    throw error;
  }",2,TRY,717,,,2,BabelNodeInfo
47244640500,CONTROL_STRUCTURE,2,,,"catch (error: any) {
    console.error('❌ Failed to get tracked projects count:', error.message);
    throw error;
  }",4,CATCH,720,,,2,BabelNodeInfo
47244640501,CONTROL_STRUCTURE,-1,,,"try {
    const result = await pool.query(query);
    return result.rows;
  } catch (error: any) {
    console.error('❌ Failed to get latest combined scores:', error.message);
    throw error;
  }",2,TRY,752,,,3,BabelNodeInfo
47244640502,CONTROL_STRUCTURE,2,,,"catch (error: any) {
    console.error('❌ Failed to get latest combined scores:', error.message);
    throw error;
  }",4,CATCH,755,,,2,BabelNodeInfo
47244640503,CONTROL_STRUCTURE,-1,,,"try {
    const result = await pool.query(query, [limit]);
    return result.rows;
  } catch (error: any) {
    console.error('❌ Failed to get projects needing attention:', error.message);
    throw error;
  }",2,TRY,788,,,4,BabelNodeInfo
47244640504,CONTROL_STRUCTURE,2,,,"catch (error: any) {
    console.error('❌ Failed to get projects needing attention:', error.message);
    throw error;
  }",4,CATCH,791,,,2,BabelNodeInfo
47244640505,CONTROL_STRUCTURE,-1,,,"try {
    // Connect to database
    await connectDB();
    
    // Initialize database tables
    await initializeTables();
    
    // Auto-map SonarCloud project keys (run after table init)
    try {
      console.log('🔍 Auto-mapping SonarCloud project keys...');
      await autoMapSonarProjectKeys();
      console.log('✅ SonarCloud project key mapping complete');
    } catch (e) {
      console.warn('⚠️ Failed to auto-map SonarCloud keys:', (e as any).message);
    }
    
    // Initialize weekly DORA snapshot scheduler
    initWeeklyDoraSnapshotScheduler();
    
    // Start Express server
    app.listen(PORT, () => {
      console.log(`🚀 Server is running on http://localhost:${PORT}`);
      console.log(`📡 API available at http://localhost:${PORT}/api`);
    });
  } catch (error) {
    console.error('Failed to start server:', error);
    process.exit(1);
  }",2,TRY,61,,,1,BabelNodeInfo
47244640506,CONTROL_STRUCTURE,-1,,,"try {
      console.log('🔍 Auto-mapping SonarCloud project keys...');
      await autoMapSonarProjectKeys();
      console.log('✅ SonarCloud project key mapping complete');
    } catch (e) {
      console.warn('⚠️ Failed to auto-map SonarCloud keys:', (e as any).message);
    }",4,TRY,69,,,3,BabelNodeInfo
47244640507,CONTROL_STRUCTURE,2,,,"catch (e) {
      console.warn('⚠️ Failed to auto-map SonarCloud keys:', (e as any).message);
    }",6,CATCH,73,,,2,BabelNodeInfo
47244640508,CONTROL_STRUCTURE,2,,,"catch (error) {
    console.error('Failed to start server:', error);
    process.exit(1);
  }",4,CATCH,85,,,2,BabelNodeInfo
47244640509,CONTROL_STRUCTURE,-1,,,"try {
    const isConnected = await gitlabAuthService.verifyConnection();
    res.json({ connected: isConnected });
  } catch (error: any) {
    res.status(500).json({ error: error.message });
  }",2,TRY,25,,,1,BabelNodeInfo
47244640510,CONTROL_STRUCTURE,2,,,"catch (error: any) {
    res.status(500).json({ error: error.message });
  }",4,CATCH,28,,,2,BabelNodeInfo
47244640511,CONTROL_STRUCTURE,-1,,,"try {
      await captureLastWeekSnapshots();
      console.log('✅ Weekly DORA snapshots captured successfully');
    } catch (error) {
      console.error('❌ Failed to capture weekly DORA snapshots:', error);
    }",4,TRY,23,,,2,BabelNodeInfo
47244640512,CONTROL_STRUCTURE,2,,,"catch (error) {
      console.error('❌ Failed to capture weekly DORA snapshots:', error);
    }",6,CATCH,26,,,2,BabelNodeInfo
47244640513,CONTROL_STRUCTURE,-1,,,if (this.initialized) return;,4,IF,14,,,1,BabelNodeInfo
47244640514,CONTROL_STRUCTURE,-1,,,"if (!apiKey) {
      console.warn('⚠️ GEMINI_API_KEY is not set in environment variables');
    } else {
      this.genAI = new GoogleGenerativeAI(apiKey);
      console.log('✅ Gemini AI service initialized');
    }",4,IF,17,,,3,BabelNodeInfo
47244640515,CONTROL_STRUCTURE,-1,,,"if (!this.genAI) {
      throw new Error('Gemini API key not configured');
    }",4,IF,32,,,3,BabelNodeInfo
47244640516,CONTROL_STRUCTURE,-1,,,"for (let attempt = 1; attempt <= maxRetries; attempt++) {
      try {
        console.log(`🔄 Attempt ${attempt}/${maxRetries} to call Gemini API...`);
        const model = this.genAI.getGenerativeModel({ model: 'gemini-2.5-flash-lite' });
        const result = await model.generateContent(prompt);
        const response = result.response;
        console.log('✅ Gemini API call successful');
        return response.text();
      } catch (error: any) {
        lastError = error;
        console.error(`❌ Gemini API error (attempt ${attempt}/${maxRetries}):`, error.message);
        
        // If it's a fetch error and we have retries left, wait and retry
        if (attempt < maxRetries && (error.message.includes('fetch failed') || error.message.includes('ECONNRESET'))) {
          const waitTime = Math.pow(2, attempt) * 1000; // Exponential backoff: 2s, 4s, 8s
          console.log(`⏳ Waiting ${waitTime/1000}s before retry...`);
          await new Promise(resolve =...",4,FOR,37,,,4,BabelNodeInfo
47244640517,CONTROL_STRUCTURE,-1,,,"try {
        console.log(`🔄 Attempt ${attempt}/${maxRetries} to call Gemini API...`);
        const model = this.genAI.getGenerativeModel({ model: 'gemini-2.5-flash-lite' });
        const result = await model.generateContent(prompt);
        const response = result.response;
        console.log('✅ Gemini API call successful');
        return response.text();
      } catch (error: any) {
        lastError = error;
        console.error(`❌ Gemini API error (attempt ${attempt}/${maxRetries}):`, error.message);
        
        // If it's a fetch error and we have retries left, wait and retry
        if (attempt < maxRetries && (error.message.includes('fetch failed') || error.message.includes('ECONNRESET'))) {
          const waitTime = Math.pow(2, attempt) * 1000; // Exponential backoff: 2s, 4s, 8s
          console.log(`⏳ Waiting ${waitTime/1000}s before retry...`);
          await new Promise(resolve => setTimeout(resolve, waitTime));
        } else if (attempt ===...",6,TRY,38,,,1,BabelNodeInfo
47244640518,CONTROL_STRUCTURE,2,,,"catch (error: any) {
        lastError = error;
        console.error(`❌ Gemini API error (attempt ${attempt}/${maxRetries}):`, error.message);
        
        // If it's a fetch error and we have retries left, wait and retry
        if (attempt < maxRetries && (error.message.includes('fetch failed') || error.message.includes('ECONNRESET'))) {
          const waitTime = Math.pow(2, attempt) * 1000; // Exponential backoff: 2s, 4s, 8s
          console.log(`⏳ Waiting ${waitTime/1000}s before retry...`);
          await new Promise(resolve => setTimeout(resolve, waitTime));
        } else if (attempt === maxRetries) {
          // Last attempt failed
          break;
        }
      }",8,CATCH,45,,,2,BabelNodeInfo
47244640519,CONTROL_STRUCTURE,-1,,,"if (attempt < maxRetries && (error.message.includes('fetch failed') || error.message.includes('ECONNRESET'))) {
          const waitTime = Math.pow(2, attempt) * 1000; // Exponential backoff: 2s, 4s, 8s
          console.log(`⏳ Waiting ${waitTime/1000}s before retry...`);
          await new Promise(resolve => setTimeout(resolve, waitTime));
        } else if (attempt === maxRetries) {
          // Last attempt failed
          break;
        }",8,IF,50,,,4,BabelNodeInfo
47244640520,CONTROL_STRUCTURE,-1,,,"if (attempt === maxRetries) {
          // Last attempt failed
          break;
        }",15,IF,54,,,3,BabelNodeInfo
47244640521,CONTROL_STRUCTURE,-1,,,break;,10,BREAK,56,,,1,BabelNodeInfo
47244640522,CONTROL_STRUCTURE,-1,,,"if (!this.genAI) {
      throw new Error('Gemini API key not configured');
    }",4,IF,77,,,2,BabelNodeInfo
47244640523,CONTROL_STRUCTURE,-1,,,"try {
      const model = this.genAI.getGenerativeModel({ model: 'gemini-2.5-flash-lite' });

      const filePart = {
        inlineData: {
          data: fileBase64,
          mimeType: mimeType,
        },
      };

      const result = await model.generateContent([prompt, filePart]);
      const response = result.response;
      return response.text();
    } catch (error: any) {
      console.error('❌ Gemini API error with file:', error.message);
      throw new Error(`Failed to generate response with file: ${error.message}`);
    }",4,TRY,81,,,3,BabelNodeInfo
47244640524,CONTROL_STRUCTURE,2,,,"catch (error: any) {
      console.error('❌ Gemini API error with file:', error.message);
      throw new Error(`Failed to generate response with file: ${error.message}`);
    }",6,CATCH,94,,,2,BabelNodeInfo
47244640525,CONTROL_STRUCTURE,-1,,,"for (const sheetName in sheets) {
      const sheetData = sheets[sheetName];
      for (const row of sheetData) {
        // Look for common field names that might contain project name
        if (row['Project Name'] || row['project_name'] || row['ProjectName'] || 
            row['Project'] || row['project'] || row['Name'] || row['name']) {
          const projectName = row['Project Name'] || row['project_name'] || row['ProjectName'] || 
                              row['Project'] || row['project'] || row['Name'] || row['name'];
          return projectName;
        }
      }
    }",4,WHILE,107,,,4,BabelNodeInfo
47244640526,CONTROL_STRUCTURE,-1,,,"for (const row of sheetData) {
        // Look for common field names that might contain project name
        if (row['Project Name'] || row['project_name'] || row['ProjectName'] || 
            row['Project'] || row['project'] || row['Name'] || row['name']) {
          const projectName = row['Project Name'] || row['project_name'] || row['ProjectName'] || 
                              row['Project'] || row['project'] || row['Name'] || row['name'];
          return projectName;
        }
      }",6,WHILE,109,,,4,BabelNodeInfo
47244640527,CONTROL_STRUCTURE,-1,,,"if (row['Project Name'] || row['project_name'] || row['ProjectName'] || 
            row['Project'] || row['project'] || row['Name'] || row['name']) {
          const projectName = row['Project Name'] || row['project_name'] || row['ProjectName'] || 
                              row['Project'] || row['project'] || row['Name'] || row['name'];
          return projectName;
        }",8,IF,111,,,1,BabelNodeInfo
47244640528,CONTROL_STRUCTURE,-1,,,"try {
      const projectSnapshot = await getLatestSnapshotByProjectName(projectName);
      if (projectSnapshot) {
        console.log(`✅ Found project snapshot for: ${projectName}`);
        return projectSnapshot;
      } else {
        console.log(`⚠️ No snapshot found for project: ${projectName}`);
        return null;
      }
    } catch (error: any) {
      console.error(`❌ Error fetching snapshot for ${projectName}:`, error.message);
      return null;
    }",4,TRY,129,,,2,BabelNodeInfo
47244640529,CONTROL_STRUCTURE,-1,,,"if (projectSnapshot) {
        console.log(`✅ Found project snapshot for: ${projectName}`);
        return projectSnapshot;
      } else {
        console.log(`⚠️ No snapshot found for project: ${projectName}`);
        return null;
      }",6,IF,131,,,2,BabelNodeInfo
47244640530,CONTROL_STRUCTURE,2,,,"catch (error: any) {
      console.error(`❌ Error fetching snapshot for ${projectName}:`, error.message);
      return null;
    }",6,CATCH,138,,,2,BabelNodeInfo
47244640531,CONTROL_STRUCTURE,-1,,,"if (projectSnapshot) {
      const snapshotDataString = JSON.stringify({
        project_info: {
          name: projectSnapshot.project_name,
          full_path: projectSnapshot.full_path,
          last_activity_at: projectSnapshot.last_activity_at,
          snapshot_date: projectSnapshot.snapshot_date
        },
        gitlab_metrics: {
          open_issues: projectSnapshot.open_issues || 0,
          open_mrs: projectSnapshot.open_mrs || 0,
          open_milestones: projectSnapshot.open_milestones_count || 0
        },
        sonarcloud_metrics: {
          security: {
            high: projectSnapshot.sonar_security_high || 0,
            blocker: projectSnapshot.sonar_security_blocker || 0
          },
          reliability: {
            high: projectSnapshot.sonar_reliability_high || 0,
            blocker: projectSnapshot.sonar_reliability_blocker || 0
          },
          maintainability: {
            high: projectSnapshot.sonar_maintainabil...",4,IF,159,,,3,BabelNodeInfo
47244640532,CONTROL_STRUCTURE,-1,,,"if (!this.genAI) {
      throw new Error('Gemini API key not configured');
    }",4,IF,205,,,2,BabelNodeInfo
47244640533,CONTROL_STRUCTURE,-1,,,"try {
      // Convert base64 to buffer and parse Excel
      const buffer = Buffer.from(excelBase64, 'base64');
      const workbook = XLSX.read(buffer, { type: 'buffer' });
      
      // Convert all sheets to JSON
      const sheets: { [key: string]: any[] } = {};
      workbook.SheetNames.forEach((sheetName) => {
        const worksheet = workbook.Sheets[sheetName];
        sheets[sheetName] = XLSX.utils.sheet_to_json(worksheet);
      });

      // Extract project name from Excel
      const projectName = this.extractProjectNameFromExcel(sheets);
      
      // Fetch project snapshot if project name found
      let projectSnapshot: any = null;
      if (projectName) {
        projectSnapshot = await this.fetchProjectSnapshot(projectName);
      } else {
        console.log('⚠️ No project name found in Excel data');
      }

      // Build enhanced prompt with Excel data and optional snapshot
      const enhancedPrompt = this.buildEnhancedPrompt(prompt,...",4,TRY,209,,,3,BabelNodeInfo
47244640534,CONTROL_STRUCTURE,-1,,,"if (projectName) {
        projectSnapshot = await this.fetchProjectSnapshot(projectName);
      } else {
        console.log('⚠️ No project name found in Excel data');
      }",6,IF,226,,,7,BabelNodeInfo
47244640535,CONTROL_STRUCTURE,2,,,"catch (error: any) {
      console.error('❌ Gemini API error with Excel:', error.message);
      throw new Error(`Failed to generate response with Excel: ${error.message}`);
    }",6,CATCH,240,,,2,BabelNodeInfo
47244640536,CONTROL_STRUCTURE,-1,,,"if (!match) {
      throw new Error('Invalid Google Sheets URL');
    }",4,IF,12,,,2,BabelNodeInfo
47244640537,CONTROL_STRUCTURE,-1,,,"try {
      const spreadsheetId = this.extractSpreadsheetId(spreadsheetUrl);
      
      // Google Sheets export URL for Excel format
      const exportUrl = `https://docs.google.com/spreadsheets/d/${spreadsheetId}/export?format=xlsx`;
      
      console.log(`📥 Downloading Google Sheet: ${spreadsheetId}`);
      
      const response = await axios.get(exportUrl, {
        responseType: 'arraybuffer',
        timeout: 30000, // 30 seconds timeout
      });

      // Convert to base64
      const base64 = Buffer.from(response.data).toString('base64');
      
      console.log(`✅ Successfully downloaded Google Sheet (${(base64.length / 1024).toFixed(2)} KB)`);
      
      return base64;
    } catch (error: any) {
      console.error('❌ Failed to download Google Sheet:', error.message);
      throw new Error(`Failed to download Google Sheet: ${error.message}`);
    }",4,TRY,24,,,1,BabelNodeInfo
47244640538,CONTROL_STRUCTURE,2,,,"catch (error: any) {
      console.error('❌ Failed to download Google Sheet:', error.message);
      throw new Error(`Failed to download Google Sheet: ${error.message}`);
    }",6,CATCH,43,,,2,BabelNodeInfo
47244640539,CONTROL_STRUCTURE,-1,,,"if (sectionMatch) {
    const calculationLine = sectionMatch[1];
    console.log(`[Parser] ${sectionName} calculation line:`, calculationLine);
    
    // Try format 1: ""... -> **2.99** (rounded to 2 decimals)""
    const boldMatch = calculationLine.match(/\\*\\*([\\d.]+)\\*\\*/);
    if (boldMatch) {
      const score = parseFloat(boldMatch[1]);
      console.log(`[Parser] Extracted ${sectionName} score (from bold):`, score);
      return score;
    }
    
    // Try format 2: Extract all numbers after = signs, take the last one (final result)
    const numbers = calculationLine.match(/=\\s*([\\d.]+)/g);
    if (numbers && numbers.length > 0) {
      const lastNumber = numbers[numbers.length - 1].match(/([\\d.]+)/);
      if (lastNumber) {
        const score = parseFloat(lastNumber[1]);
        console.log(`[Parser] Extracted ${sectionName} score (from = sign):`, score);
        return score;
      }
    }
    
    // Try format 3: Get the first number directly (fal...",2,IF,11,,,3,BabelNodeInfo
47244640540,CONTROL_STRUCTURE,-1,,,"if (boldMatch) {
      const score = parseFloat(boldMatch[1]);
      console.log(`[Parser] Extracted ${sectionName} score (from bold):`, score);
      return score;
    }",4,IF,17,,,4,BabelNodeInfo
47244640541,CONTROL_STRUCTURE,-1,,,"if (numbers && numbers.length > 0) {
      const lastNumber = numbers[numbers.length - 1].match(/([\\d.]+)/);
      if (lastNumber) {
        const score = parseFloat(lastNumber[1]);
        console.log(`[Parser] Extracted ${sectionName} score (from = sign):`, score);
        return score;
      }
    }",4,IF,25,,,6,BabelNodeInfo
47244640542,CONTROL_STRUCTURE,-1,,,"if (lastNumber) {
        const score = parseFloat(lastNumber[1]);
        console.log(`[Parser] Extracted ${sectionName} score (from = sign):`, score);
        return score;
      }",6,IF,27,,,2,BabelNodeInfo
47244640543,CONTROL_STRUCTURE,-1,,,"if (directNumber) {
      const score = parseFloat(directNumber[1]);
      console.log(`[Parser] Extracted ${sectionName} score (direct fallback):`, score);
      return score;
    }",4,IF,36,,,8,BabelNodeInfo
47244640544,CONTROL_STRUCTURE,-1,,,"if (sectionName.includes('code review')) {
          correctedScore = extractSectionScore(detailedCalc, 'Code Review') ?? section.score;
        } else if (sectionName.includes('technical debt')) {
          correctedScore = extractSectionScore(detailedCalc, 'Technical Debt') ?? section.score;
        } else if (sectionName.includes('test')) {
          correctedScore = extractSectionScore(detailedCalc, 'Test Quality') ?? 
                          extractSectionScore(detailedCalc, 'Test') ?? section.score;
        } else if (sectionName.includes('documentation')) {
          correctedScore = extractSectionScore(detailedCalc, 'Documentation') ?? section.score;
        } else if (sectionName.includes('deployment')) {
          correctedScore = extractSectionScore(detailedCalc, 'Deployment') ?? section.score;
        } else if (sectionName.includes('dependencies')) {
          correctedScore = extractSectionScore(detailedCalc, 'Dependencies') ?? section.score;
        } e...",8,IF,115,,,3,BabelNodeInfo
47244640545,CONTROL_STRUCTURE,-1,,,"if (sectionName.includes('technical debt')) {
          correctedScore = extractSectionScore(detailedCalc, 'Technical Debt') ?? section.score;
        } else if (sectionName.includes('test')) {
          correctedScore = extractSectionScore(detailedCalc, 'Test Quality') ?? 
                          extractSectionScore(detailedCalc, 'Test') ?? section.score;
        } else if (sectionName.includes('documentation')) {
          correctedScore = extractSectionScore(detailedCalc, 'Documentation') ?? section.score;
        } else if (sectionName.includes('deployment')) {
          correctedScore = extractSectionScore(detailedCalc, 'Deployment') ?? section.score;
        } else if (sectionName.includes('dependencies')) {
          correctedScore = extractSectionScore(detailedCalc, 'Dependencies') ?? section.score;
        } else if (sectionName.includes('morale') || sectionName.includes('velocity')) {
          correctedScore = extractSectionScore(detailedCalc, 'Team Velocity...",15,IF,117,,,3,BabelNodeInfo
47244640546,CONTROL_STRUCTURE,-1,,,"if (sectionName.includes('test')) {
          correctedScore = extractSectionScore(detailedCalc, 'Test Quality') ?? 
                          extractSectionScore(detailedCalc, 'Test') ?? section.score;
        } else if (sectionName.includes('documentation')) {
          correctedScore = extractSectionScore(detailedCalc, 'Documentation') ?? section.score;
        } else if (sectionName.includes('deployment')) {
          correctedScore = extractSectionScore(detailedCalc, 'Deployment') ?? section.score;
        } else if (sectionName.includes('dependencies')) {
          correctedScore = extractSectionScore(detailedCalc, 'Dependencies') ?? section.score;
        } else if (sectionName.includes('morale') || sectionName.includes('velocity')) {
          correctedScore = extractSectionScore(detailedCalc, 'Team Velocity & Morale') ?? 
                          extractSectionScore(detailedCalc, 'Team Morale') ?? section.score;
        }",15,IF,119,,,3,BabelNodeInfo
47244640547,CONTROL_STRUCTURE,-1,,,"if (sectionName.includes('documentation')) {
          correctedScore = extractSectionScore(detailedCalc, 'Documentation') ?? section.score;
        } else if (sectionName.includes('deployment')) {
          correctedScore = extractSectionScore(detailedCalc, 'Deployment') ?? section.score;
        } else if (sectionName.includes('dependencies')) {
          correctedScore = extractSectionScore(detailedCalc, 'Dependencies') ?? section.score;
        } else if (sectionName.includes('morale') || sectionName.includes('velocity')) {
          correctedScore = extractSectionScore(detailedCalc, 'Team Velocity & Morale') ?? 
                          extractSectionScore(detailedCalc, 'Team Morale') ?? section.score;
        }",15,IF,122,,,3,BabelNodeInfo
47244640548,CONTROL_STRUCTURE,-1,,,"if (sectionName.includes('deployment')) {
          correctedScore = extractSectionScore(detailedCalc, 'Deployment') ?? section.score;
        } else if (sectionName.includes('dependencies')) {
          correctedScore = extractSectionScore(detailedCalc, 'Dependencies') ?? section.score;
        } else if (sectionName.includes('morale') || sectionName.includes('velocity')) {
          correctedScore = extractSectionScore(detailedCalc, 'Team Velocity & Morale') ?? 
                          extractSectionScore(detailedCalc, 'Team Morale') ?? section.score;
        }",15,IF,124,,,3,BabelNodeInfo
47244640549,CONTROL_STRUCTURE,-1,,,"if (sectionName.includes('dependencies')) {
          correctedScore = extractSectionScore(detailedCalc, 'Dependencies') ?? section.score;
        } else if (sectionName.includes('morale') || sectionName.includes('velocity')) {
          correctedScore = extractSectionScore(detailedCalc, 'Team Velocity & Morale') ?? 
                          extractSectionScore(detailedCalc, 'Team Morale') ?? section.score;
        }",15,IF,126,,,3,BabelNodeInfo
47244640550,CONTROL_STRUCTURE,-1,,,"if (sectionName.includes('morale') || sectionName.includes('velocity')) {
          correctedScore = extractSectionScore(detailedCalc, 'Team Velocity & Morale') ?? 
                          extractSectionScore(detailedCalc, 'Team Morale') ?? section.score;
        }",15,IF,128,,,3,BabelNodeInfo
47244640551,CONTROL_STRUCTURE,-1,,,"try {
    // Extract JSON from markdown code block
    const jsonMatch = rawResponse.match(/```json\\n([\\s\\S]*?)\\n```/);
    let jsonString = jsonMatch ? jsonMatch[1] : rawResponse;
    
    console.log('[Parser] Raw JSON first 200 chars:', jsonString.substring(0, 200));
    
    // Clean the JSON string
    jsonString = cleanJsonString(jsonString);
    
    console.log('[Parser] Cleaned JSON first 200 chars:', jsonString.substring(0, 200));
    console.log('[Parser] Attempting to parse JSON (length:', jsonString.length, ')');
    
    let parsed;
    try {
      parsed = JSON.parse(jsonString);
    } catch (parseError: any) {
      // If parsing fails, try to fix common issues
      console.warn('[Parser] Initial parse failed:', parseError.message);
      console.warn('[Parser] Attempting repairs...');
      
      // Log a sample of what we're trying to parse
      console.log('[Parser] Sample:', jsonString.substring(0, 500));
      
      // Try to fix trai...",2,TRY,64,,,1,BabelNodeInfo
47244640552,CONTROL_STRUCTURE,-1,,,"try {
      parsed = JSON.parse(jsonString);
    } catch (parseError: any) {
      // If parsing fails, try to fix common issues
      console.warn('[Parser] Initial parse failed:', parseError.message);
      console.warn('[Parser] Attempting repairs...');
      
      // Log a sample of what we're trying to parse
      console.log('[Parser] Sample:', jsonString.substring(0, 500));
      
      // Try to fix trailing commas
      jsonString = jsonString.replace(/,(\\s*[}\\]])/g, '$1');
      
      // Try to fix missing commas between properties
      jsonString = jsonString.replace(/""\\s*\\n\\s*""/g, '"",\\n""');
      
      console.log('[Parser] After repairs, first 200 chars:', jsonString.substring(0, 200));
      
      // Try again
      parsed = JSON.parse(jsonString);
    }",4,TRY,78,,,7,BabelNodeInfo
47244640553,CONTROL_STRUCTURE,2,,,"catch (parseError: any) {
      // If parsing fails, try to fix common issues
      console.warn('[Parser] Initial parse failed:', parseError.message);
      console.warn('[Parser] Attempting repairs...');
      
      // Log a sample of what we're trying to parse
      console.log('[Parser] Sample:', jsonString.substring(0, 500));
      
      // Try to fix trailing commas
      jsonString = jsonString.replace(/,(\\s*[}\\]])/g, '$1');
      
      // Try to fix missing commas between properties
      jsonString = jsonString.replace(/""\\s*\\n\\s*""/g, '"",\\n""');
      
      console.log('[Parser] After repairs, first 200 chars:', jsonString.substring(0, 200));
      
      // Try again
      parsed = JSON.parse(jsonString);
    }",6,CATCH,80,,,2,BabelNodeInfo
47244640554,CONTROL_STRUCTURE,-1,,,"if (!parsed.detailed_calculations) {
      console.warn('[Parser] No detailed_calculations found - returning raw parsed data');
      return parsed;
    }",4,IF,100,,,8,BabelNodeInfo
47244640555,CONTROL_STRUCTURE,-1,,,"if (parsed.section_scores && Array.isArray(parsed.section_scores)) {
      parsed.section_scores = parsed.section_scores.map((section: any) => {
        let correctedScore = section.score;
        const sectionName = section.name.toLowerCase();
        
        // Match section name to extraction pattern
        if (sectionName.includes('code review')) {
          correctedScore = extractSectionScore(detailedCalc, 'Code Review') ?? section.score;
        } else if (sectionName.includes('technical debt')) {
          correctedScore = extractSectionScore(detailedCalc, 'Technical Debt') ?? section.score;
        } else if (sectionName.includes('test')) {
          correctedScore = extractSectionScore(detailedCalc, 'Test Quality') ?? 
                          extractSectionScore(detailedCalc, 'Test') ?? section.score;
        } else if (sectionName.includes('documentation')) {
          correctedScore = extractSectionScore(detailedCalc, 'Documentation') ?? section.score;...",4,IF,109,,,11,BabelNodeInfo
47244640556,CONTROL_STRUCTURE,-1,,,"if (finalUserMatch) {
      const calculationLine = finalUserMatch[1];
      console.log('[Parser] Final User Score calculation line:', calculationLine);
      
      // Extract all numbers after = signs, take the last one (final result)
      const numbers = calculationLine.match(/=\\s*([\\d.]+)/g);
      if (numbers && numbers.length > 0) {
        const lastNumber = numbers[numbers.length - 1].match(/([\\d.]+)/);
        if (lastNumber) {
          parsed.final_user_score = parseFloat(lastNumber[1]);
          console.log('[Parser] Corrected Final User Score:', parsed.final_user_score);
        }
      } else {
        // Try to find number in parentheses at the end (rounded to X decimals)
        const roundedMatch = calculationLine.match(/([\\d.]+)\\s*\\(rounded/i);
        if (roundedMatch) {
          parsed.final_user_score = parseFloat(roundedMatch[1]);
          console.log('[Parser] Corrected Final User Score (from rounded notation):', parsed.final_user_score);...",4,IF,144,,,14,BabelNodeInfo
47244640557,CONTROL_STRUCTURE,-1,,,"if (numbers && numbers.length > 0) {
        const lastNumber = numbers[numbers.length - 1].match(/([\\d.]+)/);
        if (lastNumber) {
          parsed.final_user_score = parseFloat(lastNumber[1]);
          console.log('[Parser] Corrected Final User Score:', parsed.final_user_score);
        }
      } else {
        // Try to find number in parentheses at the end (rounded to X decimals)
        const roundedMatch = calculationLine.match(/([\\d.]+)\\s*\\(rounded/i);
        if (roundedMatch) {
          parsed.final_user_score = parseFloat(roundedMatch[1]);
          console.log('[Parser] Corrected Final User Score (from rounded notation):', parsed.final_user_score);
        }
      }",6,IF,150,,,4,BabelNodeInfo
47244640558,CONTROL_STRUCTURE,-1,,,"if (lastNumber) {
          parsed.final_user_score = parseFloat(lastNumber[1]);
          console.log('[Parser] Corrected Final User Score:', parsed.final_user_score);
        }",8,IF,152,,,2,BabelNodeInfo
47244640559,CONTROL_STRUCTURE,-1,,,"if (roundedMatch) {
          parsed.final_user_score = parseFloat(roundedMatch[1]);
          console.log('[Parser] Corrected Final User Score (from rounded notation):', parsed.final_user_score);
        }",8,IF,159,,,2,BabelNodeInfo
47244640560,CONTROL_STRUCTURE,-1,,,"if (!parsed.final_user_score || parsed.final_user_score < 1 || parsed.final_user_score > 5) {
      const finalUserBoldRegex = /\\*\\*Final User Score:\\*\\*\\s*([\\d.]+)/i;
      const finalUserBoldMatch = detailedCalc.match(finalUserBoldRegex);
      if (finalUserBoldMatch) {
        parsed.final_user_score = parseFloat(finalUserBoldMatch[1]);
        console.log('[Parser] Corrected Final User Score (from bold format):', parsed.final_user_score);
      }
    }",4,IF,167,,,15,BabelNodeInfo
47244640561,CONTROL_STRUCTURE,-1,,,"if (finalUserBoldMatch) {
        parsed.final_user_score = parseFloat(finalUserBoldMatch[1]);
        console.log('[Parser] Corrected Final User Score (from bold format):', parsed.final_user_score);
      }",6,IF,170,,,3,BabelNodeInfo
47244640562,CONTROL_STRUCTURE,-1,,,"if (apiScoreMatch) {
      const calculationLine = apiScoreMatch[1];
      console.log('[Parser] API Score calculation line:', calculationLine);
      
      // Extract all numbers after = signs, take the last one (final result)
      const numbers = calculationLine.match(/=\\s*([\\d.]+)/g);
      if (numbers && numbers.length > 0) {
        const lastNumber = numbers[numbers.length - 1].match(/([\\d.]+)/);
        if (lastNumber) {
          if (!parsed.api_scores) parsed.api_scores = {};
          parsed.api_scores.api_score = parseFloat(lastNumber[1]);
          console.log('[Parser] Corrected API Score:', parsed.api_scores.api_score);
        }
      } else {
        // Try to find number in parentheses at the end (rounded to X decimals)
        const roundedMatch = calculationLine.match(/([\\d.]+)\\s*\\(rounded/i);
        if (roundedMatch) {
          if (!parsed.api_scores) parsed.api_scores = {};
          parsed.api_scores.api_score = parseFloat(roundedMatch[1])...",4,IF,179,,,18,BabelNodeInfo
47244640563,CONTROL_STRUCTURE,-1,,,"if (numbers && numbers.length > 0) {
        const lastNumber = numbers[numbers.length - 1].match(/([\\d.]+)/);
        if (lastNumber) {
          if (!parsed.api_scores) parsed.api_scores = {};
          parsed.api_scores.api_score = parseFloat(lastNumber[1]);
          console.log('[Parser] Corrected API Score:', parsed.api_scores.api_score);
        }
      } else {
        // Try to find number in parentheses at the end (rounded to X decimals)
        const roundedMatch = calculationLine.match(/([\\d.]+)\\s*\\(rounded/i);
        if (roundedMatch) {
          if (!parsed.api_scores) parsed.api_scores = {};
          parsed.api_scores.api_score = parseFloat(roundedMatch[1]);
          console.log('[Parser] Corrected API Score (from rounded notation):', parsed.api_scores.api_score);
        }
      }",6,IF,185,,,4,BabelNodeInfo
47244640564,CONTROL_STRUCTURE,-1,,,"if (lastNumber) {
          if (!parsed.api_scores) parsed.api_scores = {};
          parsed.api_scores.api_score = parseFloat(lastNumber[1]);
          console.log('[Parser] Corrected API Score:', parsed.api_scores.api_score);
        }",8,IF,187,,,2,BabelNodeInfo
47244640565,CONTROL_STRUCTURE,-1,,,if (!parsed.api_scores) parsed.api_scores = {};,10,IF,188,,,1,BabelNodeInfo
47244640566,CONTROL_STRUCTURE,-1,,,"if (roundedMatch) {
          if (!parsed.api_scores) parsed.api_scores = {};
          parsed.api_scores.api_score = parseFloat(roundedMatch[1]);
          console.log('[Parser] Corrected API Score (from rounded notation):', parsed.api_scores.api_score);
        }",8,IF,195,,,2,BabelNodeInfo
47244640567,CONTROL_STRUCTURE,-1,,,if (!parsed.api_scores) parsed.api_scores = {};,10,IF,196,,,1,BabelNodeInfo
47244640568,CONTROL_STRUCTURE,-1,,,"if (combinedMatch) {
      const calculationLine = combinedMatch[1];
      console.log('[Parser] Combined Score calculation line:', calculationLine);
      
      // Extract all numbers after = signs, take the last one (final result)
      const numbers = calculationLine.match(/=\\s*([\\d.]+)/g);
      if (numbers && numbers.length > 0) {
        const lastNumber = numbers[numbers.length - 1].match(/([\\d.]+)/);
        if (lastNumber) {
          parsed.combined_score = parseFloat(lastNumber[1]);
          console.log('[Parser] Corrected Combined Score:', parsed.combined_score);
        }
      } else {
        // Try to find number in parentheses at the end (rounded to X decimals)
        const roundedMatch = calculationLine.match(/([\\d.]+)\\s*\\(rounded/i);
        if (roundedMatch) {
          parsed.combined_score = parseFloat(roundedMatch[1]);
          console.log('[Parser] Corrected Combined Score (from rounded notation):', parsed.combined_score);
        }
   ...",4,IF,207,,,21,BabelNodeInfo
47244640569,CONTROL_STRUCTURE,-1,,,"if (numbers && numbers.length > 0) {
        const lastNumber = numbers[numbers.length - 1].match(/([\\d.]+)/);
        if (lastNumber) {
          parsed.combined_score = parseFloat(lastNumber[1]);
          console.log('[Parser] Corrected Combined Score:', parsed.combined_score);
        }
      } else {
        // Try to find number in parentheses at the end (rounded to X decimals)
        const roundedMatch = calculationLine.match(/([\\d.]+)\\s*\\(rounded/i);
        if (roundedMatch) {
          parsed.combined_score = parseFloat(roundedMatch[1]);
          console.log('[Parser] Corrected Combined Score (from rounded notation):', parsed.combined_score);
        }
      }",6,IF,213,,,4,BabelNodeInfo
47244640570,CONTROL_STRUCTURE,-1,,,"if (lastNumber) {
          parsed.combined_score = parseFloat(lastNumber[1]);
          console.log('[Parser] Corrected Combined Score:', parsed.combined_score);
        }",8,IF,215,,,2,BabelNodeInfo
47244640571,CONTROL_STRUCTURE,-1,,,"if (roundedMatch) {
          parsed.combined_score = parseFloat(roundedMatch[1]);
          console.log('[Parser] Corrected Combined Score (from rounded notation):', parsed.combined_score);
        }",8,IF,222,,,2,BabelNodeInfo
47244640572,CONTROL_STRUCTURE,-1,,,"if (!parsed.combined_score || parsed.combined_score < 1 || parsed.combined_score > 5) {
      const combinedBoldRegex = /\\*\\*Combined Score:\\*\\*\\s*([\\d.]+)/i;
      const combinedBoldMatch = detailedCalc.match(combinedBoldRegex);
      if (combinedBoldMatch) {
        parsed.combined_score = parseFloat(combinedBoldMatch[1]);
        console.log('[Parser] Corrected Combined Score (from bold format):', parsed.combined_score);
      }
    }",4,IF,230,,,22,BabelNodeInfo
47244640573,CONTROL_STRUCTURE,-1,,,"if (combinedBoldMatch) {
        parsed.combined_score = parseFloat(combinedBoldMatch[1]);
        console.log('[Parser] Corrected Combined Score (from bold format):', parsed.combined_score);
      }",6,IF,233,,,3,BabelNodeInfo
47244640574,CONTROL_STRUCTURE,2,,,"catch (error: any) {
    console.error('[Parser] Failed to parse and correct insights:', error.message);
    
    // Log the problematic part of the JSON
    if (error.message.includes('position')) {
      const position = parseInt(error.message.match(/position (\\d+)/)?.[1] || '0');
      const jsonMatch = rawResponse.match(/```json\\n([\\s\\S]*?)\\n```/);
      const jsonString = jsonMatch ? jsonMatch[1] : rawResponse;
      
      const start = Math.max(0, position - 100);
      const end = Math.min(jsonString.length, position + 100);
      console.error('[Parser] Context around error position:');
      console.error('...', jsonString.substring(start, end), '...');
      console.error('     ', ' '.repeat(Math.min(100, position - start)) + '^');
    }
    
    throw new Error(`Failed to parse insights: ${error.message}`);
  }",4,CATCH,249,,,2,BabelNodeInfo
47244640575,CONTROL_STRUCTURE,-1,,,"if (error.message.includes('position')) {
      const position = parseInt(error.message.match(/position (\\d+)/)?.[1] || '0');
      const jsonMatch = rawResponse.match(/```json\\n([\\s\\S]*?)\\n```/);
      const jsonString = jsonMatch ? jsonMatch[1] : rawResponse;
      
      const start = Math.max(0, position - 100);
      const end = Math.min(jsonString.length, position + 100);
      console.error('[Parser] Context around error position:');
      console.error('...', jsonString.substring(start, end), '...');
      console.error('     ', ' '.repeat(Math.min(100, position - start)) + '^');
    }",4,IF,253,,,3,BabelNodeInfo
47244640576,CONTROL_STRUCTURE,-1,,,"try {
      const prompt = fs.readFileSync(this.PROMPT_FILE_PATH, 'utf-8');
      return prompt;
    } catch (error: any) {
      console.error('❌ Failed to load prompt file:', error.message);
      throw new Error('Prompt file not found. Please create the prompt file.');
    }",4,TRY,17,,,1,BabelNodeInfo
47244640577,CONTROL_STRUCTURE,2,,,"catch (error: any) {
      console.error('❌ Failed to load prompt file:', error.message);
      throw new Error('Prompt file not found. Please create the prompt file.');
    }",6,CATCH,20,,,2,BabelNodeInfo
47244640578,CONTROL_STRUCTURE,-1,,,"for (const sheetName in sheets) {
      const sheetData = sheets[sheetName];
      for (const row of sheetData) {
        // Check various possible project name fields
        const rowProjectName = 
          row['Project Name'] || 
          row['project_name'] || 
          row['ProjectName'] || 
          row['Project'] || 
          row['project'] || 
          row['Name'] || 
          row['name'];

        if (rowProjectName && rowProjectName.toLowerCase() === projectName.toLowerCase()) {
          console.log(`✅ Found project row for: ${projectName}`);
          return { sheetName, data: row };
        }
      }
    }",4,WHILE,36,,,4,BabelNodeInfo
47244640579,CONTROL_STRUCTURE,-1,,,"for (const row of sheetData) {
        // Check various possible project name fields
        const rowProjectName = 
          row['Project Name'] || 
          row['project_name'] || 
          row['ProjectName'] || 
          row['Project'] || 
          row['project'] || 
          row['Name'] || 
          row['name'];

        if (rowProjectName && rowProjectName.toLowerCase() === projectName.toLowerCase()) {
          console.log(`✅ Found project row for: ${projectName}`);
          return { sheetName, data: row };
        }
      }",6,WHILE,38,,,4,BabelNodeInfo
47244640580,CONTROL_STRUCTURE,-1,,,"if (rowProjectName && rowProjectName.toLowerCase() === projectName.toLowerCase()) {
          console.log(`✅ Found project row for: ${projectName}`);
          return { sheetName, data: row };
        }",8,IF,49,,,2,BabelNodeInfo
47244640581,CONTROL_STRUCTURE,-1,,,"if (projectRow) {
      prompt += `### User Form Responses (Google Sheet Data):\\n\\`\\`\\`json\\n${JSON.stringify(projectRow.data, null, 2)}\\n\\`\\`\\`\\n\\n`;
    }",4,IF,77,,,3,BabelNodeInfo
47244640582,CONTROL_STRUCTURE,-1,,,"if (projectSnapshot) {
      const apiMetrics = {
        project_info: {
          name: projectSnapshot.project_name,
          full_path: projectSnapshot.full_path,
          last_activity_at: projectSnapshot.last_activity_at,
          snapshot_date: projectSnapshot.snapshot_date
        },
        gitlab_metrics: {
          open_issues: projectSnapshot.open_issues || 0,
          open_mrs: projectSnapshot.open_mrs || 0,
          open_milestones: projectSnapshot.open_milestones_count || 0
        },
        sonarcloud_metrics: {
          security_high: projectSnapshot.sonar_security_high || 0,
          security_blocker: projectSnapshot.sonar_security_blocker || 0,
          reliability_high: projectSnapshot.sonar_reliability_high || 0,
          reliability_blocker: projectSnapshot.sonar_reliability_blocker || 0,
          maintainability_high: projectSnapshot.sonar_maintainability_high || 0,
          maintainability_blocker: projectSnapshot.sonar_maintai...",4,IF,82,,,4,BabelNodeInfo
47244640583,CONTROL_STRUCTURE,-1,,,"try {
      console.log(`🔍 Generating insights for project: ${projectName}`);

      // Step 1: Load prompt template
      const basePrompt = await this.loadPrompt();

      // Step 2: Download Google Sheet as Excel
      console.log('📥 Downloading Google Sheet...');
      const excelBase64 = await googleSheetsService.downloadAsExcel(this.GOOGLE_SHEET_URL);

      // Step 3: Parse Excel
      const buffer = Buffer.from(excelBase64, 'base64');
      const workbook = XLSX.read(buffer, { type: 'buffer' });
      const sheets: { [key: string]: any[] } = {};
      workbook.SheetNames.forEach((sheetName) => {
        const worksheet = workbook.Sheets[sheetName];
        sheets[sheetName] = XLSX.utils.sheet_to_json(worksheet);
      });

      // Step 4: Extract project row
      const projectRow = this.extractProjectRow(sheets, projectName);
      if (!projectRow) {
        throw new Error(`Project ""${projectName}"" not found in Google Sheet`);
      }

      // ...",4,TRY,119,,,1,BabelNodeInfo
47244640584,CONTROL_STRUCTURE,-1,,,"if (!projectRow) {
        throw new Error(`Project ""${projectName}"" not found in Google Sheet`);
      }",6,IF,140,,,10,BabelNodeInfo
47244640585,CONTROL_STRUCTURE,-1,,,"if (!projectSnapshot) {
        console.log('⚠️ No project snapshot found, continuing with form data only');
      }",6,IF,147,,,13,BabelNodeInfo
47244640586,CONTROL_STRUCTURE,2,,,"catch (error: any) {
      console.error('❌ Failed to generate project insights:', error.message);
      throw error;
    }",6,CATCH,165,,,2,BabelNodeInfo
47244640587,CONTROL_STRUCTURE,-1,,,"if (commit.stats) {
        const additions = commit.stats.additions || 0;
        const deletions = commit.stats.deletions || 0;
        total_lines_changed += (additions + deletions);
        commits_analyzed++;
      }",6,IF,66,,,1,BabelNodeInfo
47244640588,CONTROL_STRUCTURE,-1,,,"if (commit.stats) {
        total_lines_added += commit.stats.additions || 0;
        total_lines_deleted += commit.stats.deletions || 0;
      }",6,IF,95,,,1,BabelNodeInfo
47244640589,CONTROL_STRUCTURE,-1,,,"if (contributorMap.has(email)) {
        contributorMap.get(email)!.commit_count++;
      } else {
        contributorMap.set(email, {
          author_email: email,
          author_name: name,
          commit_count: 1,
        });
      }",6,IF,125,,,3,BabelNodeInfo
47244640590,CONTROL_STRUCTURE,-1,,,"if (totalCommits === 0 || total_contributors === 0) {
      return {
        total_contributors: 0,
        contributors_above_50_percent: 0,
        bus_factor: 0,
      };
    }",4,IF,140,,,6,BabelNodeInfo
47244640591,CONTROL_STRUCTURE,-1,,,"try {
      const query = `
        INSERT INTO commit_health_metrics (
          uuid,
          project_id,
          total_commits_last_7d,
          total_lines_changed,
          commits_analyzed,
          avg_commit_size,
          total_lines_added,
          total_lines_deleted,
          lines_added_deleted_ratio,
          commits_per_week,
          total_contributors,
          contributors_above_50_percent,
          bus_factor,
          commit_details,
          calculated_at
        ) VALUES (
          gen_random_uuid(),
          $1, $2, $3, $4, $5, $6, $7, $8, $9, $10, $11, $12, $13,
          CURRENT_TIMESTAMP
        )
        RETURNING *;
      `;

      const values = [
        projectId,
        metrics.total_commits_last_7d,
        metrics.total_lines_changed,
        metrics.commits_analyzed,
        metrics.avg_commit_size,
        metrics.total_lines_added,
        metrics.total_lines_deleted,
        metrics.lines_adde...",4,TRY,18,,,1,BabelNodeInfo
47244640592,CONTROL_STRUCTURE,2,,,"catch (error) {
      console.error('[CommitMetricsDb] Error saving metrics:', error);
      throw error;
    }",6,CATCH,63,,,2,BabelNodeInfo
47244640593,CONTROL_STRUCTURE,-1,,,"try {
      // Get current metrics
      const currentMetrics = await this.getMetrics(projectId);
      if (!currentMetrics) {
        throw new Error('No current metrics found to create snapshot');
      }

      // Calculate health score
      const healthScore = calculateCommitHealthScore({
        total_commits_last_7d: currentMetrics.total_commits_last_7d,
        avg_commit_size: currentMetrics.avg_commit_size,
        bus_factor: currentMetrics.bus_factor,
      });

      const query = `
        INSERT INTO commit_metrics_history (
          uuid,
          project_id,
          snapshot_date,
          total_commits_last_7d,
          avg_commit_size,
          total_lines_added,
          total_lines_deleted,
          bus_factor,
          health_score,
          created_at
        ) VALUES (
          gen_random_uuid(),
          $1, CURRENT_DATE, $2, $3, $4, $5, $6, $7, CURRENT_TIMESTAMP
        )
        RETURNING *;
      `;

      con...",4,TRY,73,,,1,BabelNodeInfo
47244640594,CONTROL_STRUCTURE,-1,,,"if (!currentMetrics) {
        throw new Error('No current metrics found to create snapshot');
      }",6,IF,76,,,2,BabelNodeInfo
47244640595,CONTROL_STRUCTURE,2,,,"catch (error) {
      console.error('[CommitMetricsDb] Error saving historical snapshot:', error);
      throw error;
    }",6,CATCH,119,,,2,BabelNodeInfo
47244640596,CONTROL_STRUCTURE,-1,,,"try {
      const query = `
        SELECT * FROM commit_health_metrics
        WHERE project_id = $1
        ORDER BY calculated_at DESC
        LIMIT 1;
      `;

      const result = await getPool().query(query, [projectId]);
      return result.rows[0] || null;
    } catch (error) {
      console.error('[CommitMetricsDb] Error getting metrics:', error);
      throw error;
    }",4,TRY,129,,,1,BabelNodeInfo
47244640597,CONTROL_STRUCTURE,2,,,"catch (error) {
      console.error('[CommitMetricsDb] Error getting metrics:', error);
      throw error;
    }",6,CATCH,139,,,2,BabelNodeInfo
47244640598,CONTROL_STRUCTURE,-1,,,"try {
      const query = `
        SELECT * FROM commit_health_metrics
        WHERE project_id = $1
        ORDER BY calculated_at DESC;
      `;

      const result = await getPool().query(query, [projectId]);
      return result.rows;
    } catch (error) {
      console.error('[CommitMetricsDb] Error getting all metrics:', error);
      throw error;
    }",4,TRY,149,,,1,BabelNodeInfo
47244640599,CONTROL_STRUCTURE,2,,,"catch (error) {
      console.error('[CommitMetricsDb] Error getting all metrics:', error);
      throw error;
    }",6,CATCH,158,,,2,BabelNodeInfo
47244640600,CONTROL_STRUCTURE,-1,,,"try {
      const query = `
        SELECT * FROM commit_metrics_history
        WHERE project_id = $1
          AND snapshot_date >= CURRENT_DATE - INTERVAL '${days} days'
        ORDER BY snapshot_date DESC;
      `;

      const result = await getPool().query(query, [projectId]);
      return result.rows;
    } catch (error) {
      console.error('[CommitMetricsDb] Error getting metrics history:', error);
      throw error;
    }",4,TRY,171,,,2,BabelNodeInfo
47244640601,CONTROL_STRUCTURE,2,,,"catch (error) {
      console.error('[CommitMetricsDb] Error getting metrics history:', error);
      throw error;
    }",6,CATCH,181,,,2,BabelNodeInfo
47244640602,CONTROL_STRUCTURE,-1,,,"try {
      await getPool().query('DELETE FROM commit_health_metrics WHERE project_id = $1', [
        projectId,
      ]);
      await getPool().query('DELETE FROM commit_metrics_history WHERE project_id = $1', [
        projectId,
      ]);
      console.log(`[CommitMetricsDb] Deleted all metrics for project ${projectId}`);
    } catch (error) {
      console.error('[CommitMetricsDb] Error deleting metrics:', error);
      throw error;
    }",4,TRY,191,,,1,BabelNodeInfo
47244640603,CONTROL_STRUCTURE,2,,,"catch (error) {
      console.error('[CommitMetricsDb] Error deleting metrics:', error);
      throw error;
    }",6,CATCH,199,,,2,BabelNodeInfo
47244640604,CONTROL_STRUCTURE,-1,,,"try {
      // STEP 1: Fetch all required data from GitLab
      console.log('[CommitMetricsSync] Step 1: Fetching data from GitLab...');
      const data = await this.fetchGitLabData(projectId);
      console.log('[CommitMetricsSync] Step 1 completed - data fetched');

      // STEP 2: Calculate metrics
      console.log('[CommitMetricsSync] Step 2: Calculating metrics...');
      const calculatedMetrics = commitMetricsCalculationService.calculateMetrics(
        projectId,
        data.commitsLast7d,
        data.totalCommitCount
      );

      // STEP 3: Save metrics to database
      console.log('[CommitMetricsSync] Step 3: Saving metrics to database...');
      const savedMetrics = await commitMetricsDbService.saveMetrics(
        projectId,
        calculatedMetrics
      );

      // STEP 4: Save historical snapshot
      console.log('[CommitMetricsSync] Step 4: Saving historical snapshot...');
      await commitMetricsDbService.saveHistoricalSnapshot(...",4,TRY,18,,,2,BabelNodeInfo
47244640605,CONTROL_STRUCTURE,2,,,"catch (error) {
      console.error(`[CommitMetricsSync] ❌ Error syncing project ${projectId}:`, error);
      throw error;
    }",6,CATCH,46,,,2,BabelNodeInfo
47244640606,CONTROL_STRUCTURE,-1,,,"if (days === 0 || days === null) {
    // Calculate based on entire dataset time range
    const timeRangeQuery = `
      SELECT 
        MIN(deployment_timestamp) as earliest,
        MAX(deployment_timestamp) as latest
      FROM deployment_frequency
      WHERE project_id = $1 AND environment = 'production'
    `;
    const rangeResult = await pool.query(timeRangeQuery, [projectId]);
    const { earliest, latest } = rangeResult.rows[0];
    
    if (earliest && latest) {
      const totalDays = Math.max(1, Math.ceil((new Date(latest).getTime() - new Date(earliest).getTime()) / (1000 * 60 * 60 * 24)));
      const totalDeployments = parseInt(deploymentData.production_deployments) || 0;
      
      deployments_per_day = parseFloat((totalDeployments / totalDays).toFixed(2));
      deployments_per_week = parseFloat((totalDeployments / (totalDays / 7)).toFixed(2));
      deployments_per_month = parseFloat((totalDeployments / (totalDays / 30)).toFixed(2));
    }
  ...",2,IF,50,,,12,BabelNodeInfo
47244640607,CONTROL_STRUCTURE,-1,,,"if (earliest && latest) {
      const totalDays = Math.max(1, Math.ceil((new Date(latest).getTime() - new Date(earliest).getTime()) / (1000 * 60 * 60 * 24)));
      const totalDeployments = parseInt(deploymentData.production_deployments) || 0;
      
      deployments_per_day = parseFloat((totalDeployments / totalDays).toFixed(2));
      deployments_per_week = parseFloat((totalDeployments / (totalDays / 7)).toFixed(2));
      deployments_per_month = parseFloat((totalDeployments / (totalDays / 30)).toFixed(2));
    }",4,IF,62,,,4,BabelNodeInfo
47244640608,CONTROL_STRUCTURE,-1,,,"if (previous === 0) {
    return { trend: 'stable', change_percent: 0 };
  }",2,IF,56,,,2,BabelNodeInfo
47244640609,CONTROL_STRUCTURE,-1,,,"if (Math.abs(change_percent) < 1) {
    return { trend: 'stable', change_percent };
  }",2,IF,63,,,4,BabelNodeInfo
47244640610,CONTROL_STRUCTURE,-1,,,"if (point) {
      point.deployment_frequency = parseInt(row.deployment_count) || 0;
      point.total_deployments = parseInt(row.deployment_count) || 0;
    }",4,IF,228,,,2,BabelNodeInfo
47244640611,CONTROL_STRUCTURE,-1,,,"if (point) {
      point.avg_lead_time_hours = parseFloat(row.avg_lead_time) || 0;
      point.total_changes = parseInt(row.change_count) || 0;
    }",4,IF,237,,,2,BabelNodeInfo
47244640612,CONTROL_STRUCTURE,-1,,,"if (point) {
      point.failure_rate_percent = parseFloat(row.failure_rate) || 0;
      point.failed_deployments = parseInt(row.failed_deploys) || 0;
    }",4,IF,246,,,2,BabelNodeInfo
47244640613,CONTROL_STRUCTURE,-1,,,"if (point) {
      point.avg_restore_time_hours = parseFloat(row.avg_restore_time) || 0;
      point.total_incidents = parseInt(row.incident_count) || 0;
    }",4,IF,255,,,2,BabelNodeInfo
47244640614,CONTROL_STRUCTURE,-1,,,"switch (granularity) {
    case 'weekly':
      dateFormat = 'IYYY-""W""IW'; // ISO week format: 2024-W01
      dateGrouping = 'EXTRACT(YEAR FROM deployment_timestamp), EXTRACT(WEEK FROM deployment_timestamp)';
      intervalString = `${periods} weeks`;
      totalOffsetString = `${periods * (offset + 1)} weeks`;
      break;
    case 'yearly':
      dateFormat = 'YYYY';
      dateGrouping = 'EXTRACT(YEAR FROM deployment_timestamp)';
      intervalString = `${periods} years`;
      totalOffsetString = `${periods * (offset + 1)} years`;
      break;
    case 'monthly':
    default:
      dateFormat = 'YYYY-MM';
      dateGrouping = 'EXTRACT(YEAR FROM deployment_timestamp), EXTRACT(MONTH FROM deployment_timestamp)';
      intervalString = `${periods} months`;
      totalOffsetString = `${periods * (offset + 1)} months`;
      break;
  }",2,SWITCH,97,,,7,BabelNodeInfo
47244640615,CONTROL_STRUCTURE,-1,,,break;,6,BREAK,103,,,7,BabelNodeInfo
47244640616,CONTROL_STRUCTURE,-1,,,break;,6,BREAK,109,,,14,BabelNodeInfo
47244640617,CONTROL_STRUCTURE,-1,,,break;,6,BREAK,116,,,22,BabelNodeInfo
47244640618,CONTROL_STRUCTURE,-1,,,"for (const projectId of projectIds) {
    try {
      await saveWeeklyDoraSnapshot(projectId, weekStartDate, weekEndDate);
      console.log(`✅ Saved weekly snapshot for project ${projectId}`);
    } catch (error) {
      console.error(`❌ Failed to save snapshot for project ${projectId}:`, error);
    }
  }",2,WHILE,153,,,4,BabelNodeInfo
47244640619,CONTROL_STRUCTURE,-1,,,"try {
      await saveWeeklyDoraSnapshot(projectId, weekStartDate, weekEndDate);
      console.log(`✅ Saved weekly snapshot for project ${projectId}`);
    } catch (error) {
      console.error(`❌ Failed to save snapshot for project ${projectId}:`, error);
    }",4,TRY,154,,,1,BabelNodeInfo
47244640620,CONTROL_STRUCTURE,2,,,"catch (error) {
      console.error(`❌ Failed to save snapshot for project ${projectId}:`, error);
    }",6,CATCH,157,,,2,BabelNodeInfo
47244640621,CONTROL_STRUCTURE,-1,,,"try {
      const client = gitlabClient.getClient();
      const params: any = {
        per_page: perPage,
        with_stats: true, // Include additions/deletions stats
      };

      if (since) {
        params.since = since;
      }

      const response = await client.get(`/projects/${projectId}/repository/commits`, {
        params,
      });
      
      return response.data;
    } catch (error: any) {
      console.error(`Error fetching commits for project ${projectId}:`, error.message);
      return [];
    }",4,TRY,14,,,2,BabelNodeInfo
47244640622,CONTROL_STRUCTURE,-1,,,"if (since) {
        params.since = since;
      }",6,IF,21,,,3,BabelNodeInfo
47244640623,CONTROL_STRUCTURE,2,,,"catch (error: any) {
      console.error(`Error fetching commits for project ${projectId}:`, error.message);
      return [];
    }",6,CATCH,30,,,2,BabelNodeInfo
47244640624,CONTROL_STRUCTURE,-1,,,"try {
      const client = gitlabClient.getClient();
      const response = await client.get(
        `/projects/${projectId}/repository/commits/${sha}`,
        {
          params: {
            stats: true,
          },
        }
      );
      
      return response.data;
    } catch (error: any) {
      console.error(`Error fetching commit ${sha}:`, error.message);
      return null;
    }",4,TRY,40,,,1,BabelNodeInfo
47244640625,CONTROL_STRUCTURE,2,,,"catch (error: any) {
      console.error(`Error fetching commit ${sha}:`, error.message);
      return null;
    }",6,CATCH,52,,,2,BabelNodeInfo
47244640626,CONTROL_STRUCTURE,-1,,,"try {
      const client = gitlabClient.getClient();
      const params: any = {
        per_page: 1, // Minimize data transfer
      };

      if (since) {
        params.since = since;
      }

      const response = await client.get(
        `/projects/${projectId}/repository/commits`,
        { params }
      );
      
      const total = response.headers['x-total'];
      return total ? parseInt(total, 10) : 0;
    } catch (error: any) {
      console.error(`Error fetching commit count for project ${projectId}:`, error.message);
      return 0;
    }",4,TRY,65,,,1,BabelNodeInfo
47244640627,CONTROL_STRUCTURE,-1,,,"if (since) {
        params.since = since;
      }",6,IF,71,,,3,BabelNodeInfo
47244640628,CONTROL_STRUCTURE,2,,,"catch (error: any) {
      console.error(`Error fetching commit count for project ${projectId}:`, error.message);
      return 0;
    }",6,CATCH,82,,,2,BabelNodeInfo
47244640629,CONTROL_STRUCTURE,-1,,,"try {
      const client = gitlabClient.getClient();
      const response = await client.get(`/projects/${projectId}/issues`, {
        params: {
          state: 'all',
          order_by: 'updated_at',
          sort: 'desc',
          per_page: 100,
        },
      });
      
      return response.data;
    } catch (error: any) {
      console.error(`Error fetching issues for project ${projectId}:`, error.message);
      throw new Error(`Failed to fetch issues: ${error.message}`);
    }",4,TRY,11,,,1,BabelNodeInfo
47244640630,CONTROL_STRUCTURE,2,,,"catch (error: any) {
      console.error(`Error fetching issues for project ${projectId}:`, error.message);
      throw new Error(`Failed to fetch issues: ${error.message}`);
    }",6,CATCH,23,,,2,BabelNodeInfo
47244640631,CONTROL_STRUCTURE,-1,,,"try {
      const client = gitlabClient.getClient();
      const response = await client.get(`/projects/${projectId}/issues`, {
        params: {
          state,
          per_page: 1,
        },
      });
      
      const total = response.headers['x-total'];
      return total ? parseInt(total, 10) : 0;
    } catch (error: any) {
      console.error(`Error fetching issue count for project ${projectId}:`, error.message);
      return 0;
    }",4,TRY,37,,,1,BabelNodeInfo
47244640632,CONTROL_STRUCTURE,2,,,"catch (error: any) {
      console.error(`Error fetching issue count for project ${projectId}:`, error.message);
      return 0;
    }",6,CATCH,48,,,2,BabelNodeInfo
47244640633,CONTROL_STRUCTURE,-1,,,"try {
      const client = gitlabClient.getClient();
      const allIssues: GitLabIssues[] = [];
      let page = 1;
      const perPage = 100; // GitLab max per page
      
      // If we have a date filter, we need to fetch multiple pages until we go past the date
      const cutoffDate = closedAfter ? new Date(closedAfter) : null;
      
      while (allIssues.length < maxResults) {
        const response = await client.get(`/projects/${projectId}/issues`, {
          params: {
            state: 'closed',
            order_by: 'updated_at',  // closed_at not supported in all GitLab versions
            sort: 'desc',  // Most recently updated first
            per_page: perPage,
            page,
          },
        });
        
        const issues = response.data || [];
        
        if (issues.length === 0) {
          break; // No more issues
        }
        
        // If we have a cutoff date, filter and check if we should continue
        i...",4,TRY,63,,,2,BabelNodeInfo
47244640634,CONTROL_STRUCTURE,-1,,,"while (allIssues.length < maxResults) {
        const response = await client.get(`/projects/${projectId}/issues`, {
          params: {
            state: 'closed',
            order_by: 'updated_at',  // closed_at not supported in all GitLab versions
            sort: 'desc',  // Most recently updated first
            per_page: perPage,
            page,
          },
        });
        
        const issues = response.data || [];
        
        if (issues.length === 0) {
          break; // No more issues
        }
        
        // If we have a cutoff date, filter and check if we should continue
        if (cutoffDate) {
          for (const issue of issues) {
            if (issue.closed_at) {
              const closedDate = new Date(issue.closed_at);
              if (closedDate >= cutoffDate) {
                allIssues.push(issue);
              } else {
                // We've reached issues older than cutoff, stop fetching
                r...",6,WHILE,72,,,6,BabelNodeInfo
47244640635,CONTROL_STRUCTURE,-1,,,"if (issues.length === 0) {
          break; // No more issues
        }",8,IF,85,,,3,BabelNodeInfo
47244640636,CONTROL_STRUCTURE,-1,,,break;,10,BREAK,86,,,1,BabelNodeInfo
47244640637,CONTROL_STRUCTURE,-1,,,"if (cutoffDate) {
          for (const issue of issues) {
            if (issue.closed_at) {
              const closedDate = new Date(issue.closed_at);
              if (closedDate >= cutoffDate) {
                allIssues.push(issue);
              } else {
                // We've reached issues older than cutoff, stop fetching
                return allIssues;
              }
            }
          }
        } else {
          allIssues.push(...issues);
        }",8,IF,90,,,4,BabelNodeInfo
47244640638,CONTROL_STRUCTURE,-1,,,"for (const issue of issues) {
            if (issue.closed_at) {
              const closedDate = new Date(issue.closed_at);
              if (closedDate >= cutoffDate) {
                allIssues.push(issue);
              } else {
                // We've reached issues older than cutoff, stop fetching
                return allIssues;
              }
            }
          }",10,WHILE,91,,,4,BabelNodeInfo
47244640639,CONTROL_STRUCTURE,-1,,,"if (issue.closed_at) {
              const closedDate = new Date(issue.closed_at);
              if (closedDate >= cutoffDate) {
                allIssues.push(issue);
              } else {
                // We've reached issues older than cutoff, stop fetching
                return allIssues;
              }
            }",12,IF,92,,,1,BabelNodeInfo
47244640640,CONTROL_STRUCTURE,-1,,,"if (closedDate >= cutoffDate) {
                allIssues.push(issue);
              } else {
                // We've reached issues older than cutoff, stop fetching
                return allIssues;
              }",14,IF,94,,,2,BabelNodeInfo
47244640641,CONTROL_STRUCTURE,-1,,,"if (issues.length < perPage) {
          break;
        }",8,IF,107,,,5,BabelNodeInfo
47244640642,CONTROL_STRUCTURE,-1,,,break;,10,BREAK,108,,,1,BabelNodeInfo
47244640643,CONTROL_STRUCTURE,-1,,,"if (page > 10) {
          console.warn(`[GitLabIssueService] Reached page limit (10) for project ${projectId}`);
          break;
        }",8,IF,114,,,7,BabelNodeInfo
47244640644,CONTROL_STRUCTURE,-1,,,break;,10,BREAK,116,,,2,BabelNodeInfo
47244640645,CONTROL_STRUCTURE,2,,,"catch (error: any) {
      console.error(`Error fetching closed issues for project ${projectId}:`, error.message);
      return [];
    }",6,CATCH,121,,,2,BabelNodeInfo
47244640646,CONTROL_STRUCTURE,-1,,,"try {
      const client = gitlabClient.getClient();
      const allIssues: GitLabIssues[] = [];
      let page = 1;
      const perPage = 100; // GitLab max per page
      
      while (allIssues.length < maxResults) {
        const response = await client.get(`/projects/${projectId}/issues`, {
          params: {
            created_after: createdAfter,
            order_by: 'created_at',
            sort: 'desc',
            per_page: perPage,
            page,
          },
        });
        
        const issues = response.data || [];
        
        if (issues.length === 0) {
          break; // No more issues
        }
        
        allIssues.push(...issues);
        
        // If we got less than perPage, we've reached the end
        if (issues.length < perPage) {
          break;
        }
        
        page++;
      }
      
      return allIssues.slice(0, maxResults);
    } catch (error: any) {
      console.error(`Error fetchi...",4,TRY,136,,,2,BabelNodeInfo
47244640647,CONTROL_STRUCTURE,-1,,,"while (allIssues.length < maxResults) {
        const response = await client.get(`/projects/${projectId}/issues`, {
          params: {
            created_after: createdAfter,
            order_by: 'created_at',
            sort: 'desc',
            per_page: perPage,
            page,
          },
        });
        
        const issues = response.data || [];
        
        if (issues.length === 0) {
          break; // No more issues
        }
        
        allIssues.push(...issues);
        
        // If we got less than perPage, we've reached the end
        if (issues.length < perPage) {
          break;
        }
        
        page++;
      }",6,WHILE,142,,,5,BabelNodeInfo
47244640648,CONTROL_STRUCTURE,-1,,,"if (issues.length === 0) {
          break; // No more issues
        }",8,IF,155,,,3,BabelNodeInfo
47244640649,CONTROL_STRUCTURE,-1,,,break;,10,BREAK,156,,,1,BabelNodeInfo
47244640650,CONTROL_STRUCTURE,-1,,,"if (issues.length < perPage) {
          break;
        }",8,IF,162,,,5,BabelNodeInfo
47244640651,CONTROL_STRUCTURE,-1,,,break;,10,BREAK,163,,,1,BabelNodeInfo
47244640652,CONTROL_STRUCTURE,2,,,"catch (error: any) {
      console.error(`Error fetching opened issues for project ${projectId}:`, error.message);
      return [];
    }",6,CATCH,170,,,2,BabelNodeInfo
47244640653,CONTROL_STRUCTURE,-1,,,"try {
      const client = gitlabClient.getClient();
      const params: any = {
        labels: labels.join(','),
        state,
        per_page: 100,
      };

      if (createdAfter) {
        params.created_after = createdAfter;
      }

      const response = await client.get(`/projects/${projectId}/issues`, { params });
      return response.data || [];
    } catch (error: any) {
      console.error(`Error fetching issues by label for project ${projectId}:`, error.message);
      return [];
    }",4,TRY,185,,,2,BabelNodeInfo
47244640654,CONTROL_STRUCTURE,-1,,,"if (createdAfter) {
        params.created_after = createdAfter;
      }",6,IF,193,,,3,BabelNodeInfo
47244640655,CONTROL_STRUCTURE,2,,,"catch (error: any) {
      console.error(`Error fetching issues by label for project ${projectId}:`, error.message);
      return [];
    }",6,CATCH,199,,,2,BabelNodeInfo
47244640656,CONTROL_STRUCTURE,-1,,,"try {
      const client = gitlabClient.getClient();
      const allIssues: GitLabIssues[] = [];
      let page = 1;
      const perPage = 100; // GitLab max per page
      
      while (allIssues.length < maxResults) {
        const response = await client.get(`/projects/${projectId}/issues`, {
          params: {
            state: 'opened',
            order_by: 'updated_at',
            sort: 'asc',  // Oldest first (for stale detection)
            per_page: perPage,
            page,
          },
        });
        
        const issues = response.data || [];
        
        if (issues.length === 0) {
          break; // No more issues
        }
        
        allIssues.push(...issues);
        
        // If we got less than perPage, we've reached the end
        if (issues.length < perPage) {
          break;
        }
        
        page++;
      }
      
      return allIssues.slice(0, maxResults);
    } catch (error: any) {
      c...",4,TRY,210,,,2,BabelNodeInfo
47244640657,CONTROL_STRUCTURE,-1,,,"while (allIssues.length < maxResults) {
        const response = await client.get(`/projects/${projectId}/issues`, {
          params: {
            state: 'opened',
            order_by: 'updated_at',
            sort: 'asc',  // Oldest first (for stale detection)
            per_page: perPage,
            page,
          },
        });
        
        const issues = response.data || [];
        
        if (issues.length === 0) {
          break; // No more issues
        }
        
        allIssues.push(...issues);
        
        // If we got less than perPage, we've reached the end
        if (issues.length < perPage) {
          break;
        }
        
        page++;
      }",6,WHILE,216,,,5,BabelNodeInfo
47244640658,CONTROL_STRUCTURE,-1,,,"if (issues.length === 0) {
          break; // No more issues
        }",8,IF,229,,,3,BabelNodeInfo
47244640659,CONTROL_STRUCTURE,-1,,,break;,10,BREAK,230,,,1,BabelNodeInfo
47244640660,CONTROL_STRUCTURE,-1,,,"if (issues.length < perPage) {
          break;
        }",8,IF,236,,,5,BabelNodeInfo
47244640661,CONTROL_STRUCTURE,-1,,,break;,10,BREAK,237,,,1,BabelNodeInfo
47244640662,CONTROL_STRUCTURE,2,,,"catch (error: any) {
      console.error(`Error fetching open issues for project ${projectId}:`, error.message);
      return [];
    }",6,CATCH,244,,,2,BabelNodeInfo
47244640663,CONTROL_STRUCTURE,-1,,,"try {
      const client = gitlabClient.getClient();
      const response = await client.get(
        `/projects/${projectId}/issues/${issueIid}/resource_state_events`
      );
      
      return response.data || [];
    } catch (error: any) {
      console.error(`Error fetching state events for issue ${issueIid}:`, error.message);
      return [];
    }",4,TRY,254,,,1,BabelNodeInfo
47244640664,CONTROL_STRUCTURE,2,,,"catch (error: any) {
      console.error(`Error fetching state events for issue ${issueIid}:`, error.message);
      return [];
    }",6,CATCH,261,,,2,BabelNodeInfo
47244640665,CONTROL_STRUCTURE,-1,,,"try {
      const client = gitlabClient.getClient();
      const response = await client.get(
        `/projects/${projectId}/issues/${issueIid}/closed_by`
      );
      
      return response.data || [];
    } catch (error: any) {
      // This endpoint might not exist in all GitLab versions
      return [];
    }",4,TRY,271,,,1,BabelNodeInfo
47244640666,CONTROL_STRUCTURE,2,,,"catch (error: any) {
      // This endpoint might not exist in all GitLab versions
      return [];
    }",6,CATCH,278,,,2,BabelNodeInfo
47244640667,CONTROL_STRUCTURE,-1,,,"try {
      const client = gitlabClient.getClient();
      const response = await client.get(
        `/projects/${projectId}/issues/${issueIid}/links`
      );
      
      return response.data || [];
    } catch (error: any) {
      return [];
    }",4,TRY,288,,,1,BabelNodeInfo
47244640668,CONTROL_STRUCTURE,2,,,"catch (error: any) {
      return [];
    }",6,CATCH,295,,,2,BabelNodeInfo
47244640669,CONTROL_STRUCTURE,-1,,,"try {
      const client = gitlabClient.getClient();
      const response = await client.get(`/projects/${projectId}/merge_requests`, {
        params: {
          state: 'opened', // Fetch only open merge requests
          order_by: 'updated_at',
          sort: 'desc',
          per_page: 100,
        },
      });
      
      return response.data;
    } catch (error: any) {
      console.error(`Error fetching merge requests for project ${projectId}:`, error.message);
      throw new Error(`Failed to fetch merge requests: ${error.message}`);
    }",4,TRY,10,,,1,BabelNodeInfo
47244640670,CONTROL_STRUCTURE,2,,,"catch (error: any) {
      console.error(`Error fetching merge requests for project ${projectId}:`, error.message);
      throw new Error(`Failed to fetch merge requests: ${error.message}`);
    }",6,CATCH,22,,,2,BabelNodeInfo
47244640671,CONTROL_STRUCTURE,-1,,,"try {
      const client = gitlabClient.getClient();
      const response = await client.get(`/projects/${projectId}/merge_requests`, {
        params: {
          state,
          per_page: 1, // Minimize data transfer
        },
      });
      
      const total = response.headers['x-total'];
      return total ? parseInt(total, 10) : 0;
    } catch (error: any) {
      console.error(`Error fetching MR count for project ${projectId}:`, error.message);
      return 0;
    }",4,TRY,32,,,2,BabelNodeInfo
47244640672,CONTROL_STRUCTURE,2,,,"catch (error: any) {
      console.error(`Error fetching MR count for project ${projectId}:`, error.message);
      return 0;
    }",6,CATCH,43,,,2,BabelNodeInfo
47244640673,CONTROL_STRUCTURE,-1,,,"try {
      const client = gitlabClient.getClient();
      const response = await client.get(`/projects/${projectId}/merge_requests`, {
        params: {
          state: 'opened',
          order_by: 'updated_at',
          sort: 'desc',
          per_page: perPage,
        },
      });
      
      return response.data;
    } catch (error: any) {
      console.error(`Error fetching open MRs for project ${projectId}:`, error.message);
      return [];
    }",4,TRY,57,,,2,BabelNodeInfo
47244640674,CONTROL_STRUCTURE,2,,,"catch (error: any) {
      console.error(`Error fetching open MRs for project ${projectId}:`, error.message);
      return [];
    }",6,CATCH,69,,,2,BabelNodeInfo
47244640675,CONTROL_STRUCTURE,-1,,,"try {
      const client = gitlabClient.getClient();
      const params: any = {
        state: 'merged',
        order_by: 'updated_at',
        sort: 'desc',
        per_page: perPage,
      };

      if (mergedAfter) {
        params.updated_after = mergedAfter;
      }

      const response = await client.get(`/projects/${projectId}/merge_requests`, {
        params,
      });
      
      return response.data;
    } catch (error: any) {
      console.error(`Error fetching merged MRs for project ${projectId}:`, error.message);
      return [];
    }",4,TRY,83,,,2,BabelNodeInfo
47244640676,CONTROL_STRUCTURE,-1,,,"if (mergedAfter) {
        params.updated_after = mergedAfter;
      }",6,IF,92,,,3,BabelNodeInfo
47244640677,CONTROL_STRUCTURE,2,,,"catch (error: any) {
      console.error(`Error fetching merged MRs for project ${projectId}:`, error.message);
      return [];
    }",6,CATCH,101,,,2,BabelNodeInfo
47244640678,CONTROL_STRUCTURE,-1,,,"try {
      const client = gitlabClient.getClient();
      const response = await client.get(`/projects/${projectId}/merge_requests`, {
        params: {
          created_after: createdAfter,
          order_by: 'created_at',
          sort: 'desc',
          per_page: perPage,
        },
      });
      
      return response.data;
    } catch (error: any) {
      console.error(`Error fetching opened MRs for project ${projectId}:`, error.message);
      return [];
    }",4,TRY,115,,,2,BabelNodeInfo
47244640679,CONTROL_STRUCTURE,2,,,"catch (error: any) {
      console.error(`Error fetching opened MRs for project ${projectId}:`, error.message);
      return [];
    }",6,CATCH,127,,,2,BabelNodeInfo
47244640680,CONTROL_STRUCTURE,-1,,,"try {
      const client = gitlabClient.getClient();
      const response = await client.get(
        `/projects/${projectId}/merge_requests/${mrIid}/notes`,
        {
          params: {
            per_page: 100,
          },
        }
      );
      
      return response.data;
    } catch (error: any) {
      console.error(`Error fetching notes for MR ${mrIid}:`, error.message);
      return [];
    }",4,TRY,137,,,1,BabelNodeInfo
47244640681,CONTROL_STRUCTURE,2,,,"catch (error: any) {
      console.error(`Error fetching notes for MR ${mrIid}:`, error.message);
      return [];
    }",6,CATCH,149,,,2,BabelNodeInfo
47244640682,CONTROL_STRUCTURE,-1,,,"try {
      const client = gitlabClient.getClient();
      const response = await client.get(
        `/projects/${projectId}/merge_requests/${mrIid}`,
        {
          params: {
            include_rebase_in_progress: false,
          },
        }
      );
      
      // Return reviewers array (can be empty)
      return response.data.reviewers || [];
    } catch (error: any) {
      console.error(`Error fetching reviewers for MR ${mrIid}:`, error.message);
      return [];
    }",4,TRY,159,,,1,BabelNodeInfo
47244640683,CONTROL_STRUCTURE,2,,,"catch (error: any) {
      console.error(`Error fetching reviewers for MR ${mrIid}:`, error.message);
      return [];
    }",6,CATCH,172,,,2,BabelNodeInfo
47244640684,CONTROL_STRUCTURE,-1,,,"try {
      const client = gitlabClient.getClient();
      
      // Get MR details to check if it has been reverted
      const response = await client.get(
        `/projects/${projectId}/merge_requests/${mrIid}`
      );
      
      const mr = response.data;
      
      // Check if title contains ""Revert"" pattern
      if (mr.title && (
        mr.title.toLowerCase().includes('revert') ||
        mr.description?.toLowerCase().includes('revert')
      )) {
        return true;
      }
      
      // Check labels
      if (mr.labels && mr.labels.some((label: string) => 
        label.toLowerCase().includes('revert')
      )) {
        return true;
      }
      
      return false;
    } catch (error: any) {
      console.error(`Error checking if MR ${mrIid} was reverted:`, error.message);
      return false;
    }",4,TRY,182,,,1,BabelNodeInfo
47244640685,CONTROL_STRUCTURE,-1,,,"if (mr.title && (
        mr.title.toLowerCase().includes('revert') ||
        mr.description?.toLowerCase().includes('revert')
      )) {
        return true;
      }",6,IF,193,,,4,BabelNodeInfo
47244640686,CONTROL_STRUCTURE,-1,,,"if (mr.labels && mr.labels.some((label: string) => 
        label.toLowerCase().includes('revert')
      )) {
        return true;
      }",6,IF,201,,,5,BabelNodeInfo
47244640687,CONTROL_STRUCTURE,2,,,"catch (error: any) {
      console.error(`Error checking if MR ${mrIid} was reverted:`, error.message);
      return false;
    }",6,CATCH,208,,,2,BabelNodeInfo
47244640688,CONTROL_STRUCTURE,-1,,,"try {
      const client = gitlabClient.getClient();
      // Request first page with a large per_page; this covers most cases.
      const resp = await client.get(`/projects/${projectId}/members/all`, {
        params: { per_page: 100, page: 1 },
      });

      const totalHeader = resp.headers?.['x-total'] ?? resp.headers?.['x-total-count'];
      if (totalHeader) {
        const parsed = parseInt(totalHeader, 10);
        if (!isNaN(parsed)) return parsed;
      }

      // Fallback: return the number of items in the response body
      if (Array.isArray(resp.data)) return resp.data.length;

      return 0;
    } catch (error: any) {
      console.warn(`⚠️ Failed to fetch members for project ${projectId}: ${error?.message || error}`);
      return 0;
    }",4,TRY,11,,,1,BabelNodeInfo
47244640689,CONTROL_STRUCTURE,-1,,,"if (totalHeader) {
        const parsed = parseInt(totalHeader, 10);
        if (!isNaN(parsed)) return parsed;
      }",6,IF,19,,,4,BabelNodeInfo
47244640690,CONTROL_STRUCTURE,-1,,,if (!isNaN(parsed)) return parsed;,8,IF,21,,,2,BabelNodeInfo
47244640691,CONTROL_STRUCTURE,-1,,,if (Array.isArray(resp.data)) return resp.data.length;,6,IF,25,,,5,BabelNodeInfo
47244640692,CONTROL_STRUCTURE,2,,,"catch (error: any) {
      console.warn(`⚠️ Failed to fetch members for project ${projectId}: ${error?.message || error}`);
      return 0;
    }",6,CATCH,28,,,2,BabelNodeInfo
47244640693,CONTROL_STRUCTURE,-1,,,"try {
      const client = gitlabClient.getClient();
      const perPage = 100;
      let page = 1;
      const members: Array<any> = [];

      while (true) {
        const resp = await client.get(`/projects/${projectId}/members/all`, {
          params: { per_page: perPage, page },
        });

        if (!Array.isArray(resp.data) || resp.data.length === 0) break;

        members.push(...resp.data);

        // If fewer than perPage returned, we're done
        if (resp.data.length < perPage) break;
        page += 1;
      }

      // Map to simplified shape
      return members.map((m: any) => ({
        id: m.id,
        name: m.name || m.username || '',
        username: m.username,
        accessLevel: m.access_level || m.accessLevel || undefined,
      }));
    } catch (error: any) {
      console.warn(`⚠️ Failed to fetch member list for project ${projectId}: ${error?.message || error}`);
      return [];
    }",4,TRY,40,,,1,BabelNodeInfo
47244640694,CONTROL_STRUCTURE,-1,,,"while (true) {
        const resp = await client.get(`/projects/${projectId}/members/all`, {
          params: { per_page: perPage, page },
        });

        if (!Array.isArray(resp.data) || resp.data.length === 0) break;

        members.push(...resp.data);

        // If fewer than perPage returned, we're done
        if (resp.data.length < perPage) break;
        page += 1;
      }",6,WHILE,46,,,5,BabelNodeInfo
47244640695,CONTROL_STRUCTURE,-1,,,if (!Array.isArray(resp.data) || resp.data.length === 0) break;,8,IF,51,,,2,BabelNodeInfo
47244640696,CONTROL_STRUCTURE,-1,,,break;,65,BREAK,51,,,2,BabelNodeInfo
47244640697,CONTROL_STRUCTURE,-1,,,if (resp.data.length < perPage) break;,8,IF,56,,,4,BabelNodeInfo
47244640698,CONTROL_STRUCTURE,-1,,,break;,40,BREAK,56,,,2,BabelNodeInfo
47244640699,CONTROL_STRUCTURE,2,,,"catch (error: any) {
      console.warn(`⚠️ Failed to fetch member list for project ${projectId}: ${error?.message || error}`);
      return [];
    }",6,CATCH,67,,,2,BabelNodeInfo
47244640700,CONTROL_STRUCTURE,-1,,,"try {
      const client = gitlabClient.getClient();
      await client.get('/user');
      return true;
    } catch (error: any) {
      console.error('GitLab connection failed:', error.message);
      return false;
    }",4,TRY,9,,,1,BabelNodeInfo
47244640701,CONTROL_STRUCTURE,2,,,"catch (error: any) {
      console.error('GitLab connection failed:', error.message);
      return false;
    }",6,CATCH,13,,,2,BabelNodeInfo
47244640702,CONTROL_STRUCTURE,-1,,,"try {
      const client = gitlabClient.getClient();
      const response = await client.get('/user');
      return response.data;
    } catch (error: any) {
      console.error('Error fetching current user:', error.message);
      throw new Error(`Failed to fetch current user: ${error.message}`);
    }",4,TRY,23,,,1,BabelNodeInfo
47244640703,CONTROL_STRUCTURE,2,,,"catch (error: any) {
      console.error('Error fetching current user:', error.message);
      throw new Error(`Failed to fetch current user: ${error.message}`);
    }",6,CATCH,27,,,2,BabelNodeInfo
47244640704,CONTROL_STRUCTURE,-1,,,if (this.client) return;,4,IF,15,,,1,BabelNodeInfo
47244640705,CONTROL_STRUCTURE,-1,,,"if (!this.token) {
      console.warn('⚠️ GITLAB_TOKEN is not set in environment variables');
    }",4,IF,20,,,4,BabelNodeInfo
47244640706,CONTROL_STRUCTURE,-1,,,"if (!this.client) {
      this.initializeClient();
    }",4,IF,35,,,1,BabelNodeInfo
47244640707,CONTROL_STRUCTURE,-1,,,"try {
      const client = gitlabClient.getClient();
      const response = await client.get('/groups', {
        params: {
          per_page: 100,
        },
      });
      return response.data;
    } catch (error: any) {
      console.error('Error fetching GitLab groups:', error.message);
      throw new Error(`Failed to fetch groups from GitLab: ${error.message}`);
    }",4,TRY,10,,,1,BabelNodeInfo
47244640708,CONTROL_STRUCTURE,2,,,"catch (error: any) {
      console.error('Error fetching GitLab groups:', error.message);
      throw new Error(`Failed to fetch groups from GitLab: ${error.message}`);
    }",6,CATCH,18,,,2,BabelNodeInfo
47244640709,CONTROL_STRUCTURE,-1,,,"try {
      const client = gitlabClient.getClient();
      const response = await client.get(`/groups/${groupId}`);
      return response.data;
    } catch (error: any) {
      console.error('Error fetching GitLab group:', error.message);
      throw new Error(`Failed to fetch group from GitLab: ${error.message}`);
    }",4,TRY,28,,,1,BabelNodeInfo
47244640710,CONTROL_STRUCTURE,2,,,"catch (error: any) {
      console.error('Error fetching GitLab group:', error.message);
      throw new Error(`Failed to fetch group from GitLab: ${error.message}`);
    }",6,CATCH,32,,,2,BabelNodeInfo
47244640711,CONTROL_STRUCTURE,-1,,,"try {
      const groups: string[] = [];
      let currentGroupId: number | undefined = groupId;

      // Traverse up the hierarchy
      while (currentGroupId) {
        const group = await this.getGroupById(currentGroupId);
        groups.push(group.name); // Collect all group names
        currentGroupId = group.parent_id;
      }

      // Reverse to show: current -> parent1 -> parent2
      return groups.reverse().join('/');
    } catch (error: any) {
      console.error('Error building group path:', error.message);
      return '';
    }",4,TRY,42,,,1,BabelNodeInfo
47244640712,CONTROL_STRUCTURE,-1,,,"while (currentGroupId) {
        const group = await this.getGroupById(currentGroupId);
        groups.push(group.name); // Collect all group names
        currentGroupId = group.parent_id;
      }",6,WHILE,47,,,3,BabelNodeInfo
47244640713,CONTROL_STRUCTURE,2,,,"catch (error: any) {
      console.error('Error building group path:', error.message);
      return '';
    }",6,CATCH,55,,,2,BabelNodeInfo
47244640714,CONTROL_STRUCTURE,-1,,,"if (!milestone.due_date) {
                    // No due date = not expired, keep it
                    return true;
                }",16,IF,26,,,1,BabelNodeInfo
47244640715,CONTROL_STRUCTURE,-1,,,"try {
            const client = gitlabClient.getClient();
            const response = await client.get(`/projects/${projectId}/milestones`, {
                params: {
                    state: 'active', // Get active milestones
                    order_by: 'updated_at',
                    sort: 'desc',
                    per_page: 100,
                }
            });
            
            const milestones = response.data as GitLabMilestone[];
            const now = new Date();
            
            // Filter out expired milestones (due_date is in the past)
            return milestones.filter(milestone => {
                if (!milestone.due_date) {
                    // No due date = not expired, keep it
                    return true;
                }
                
                const dueDate = new Date(milestone.due_date);
                // Keep only milestones that are not expired (due date is in future or today)
                re...",8,TRY,10,,,1,BabelNodeInfo
47244640716,CONTROL_STRUCTURE,2,,,"catch (error) {
            console.error('Error fetching project milestones:', error);
            throw error;
        }",10,CATCH,35,,,2,BabelNodeInfo
47244640717,CONTROL_STRUCTURE,-1,,,"try {
      const client = gitlabClient.getClient();
      const allProjects: GitLabProject[] = [];
      let page = 1;
      let hasMorePages = true;
      
      console.log('🔄 Fetching all projects from GitLab (with pagination)...');
      
      while (hasMorePages) {
        const response = await client.get('/projects', {
          params: {
            membership: true,
            per_page: 100,
            page: page,
            order_by: 'last_activity_at',
            sort: 'desc',
          },
        });
        
        const projects = response.data;
        allProjects.push(...projects);
        
        console.log(`   Page ${page}: fetched ${projects.length} projects (total: ${allProjects.length})`);
        
        // Check if there are more pages
        // GitLab uses 'x-next-page' header or checks if we got less than per_page
        const nextPage = response.headers['x-next-page'];
        hasMorePages = nextPage && nextPage !== '...",4,TRY,10,,,1,BabelNodeInfo
47244640718,CONTROL_STRUCTURE,-1,,,"while (hasMorePages) {
        const response = await client.get('/projects', {
          params: {
            membership: true,
            per_page: 100,
            page: page,
            order_by: 'last_activity_at',
            sort: 'desc',
          },
        });
        
        const projects = response.data;
        allProjects.push(...projects);
        
        console.log(`   Page ${page}: fetched ${projects.length} projects (total: ${allProjects.length})`);
        
        // Check if there are more pages
        // GitLab uses 'x-next-page' header or checks if we got less than per_page
        const nextPage = response.headers['x-next-page'];
        hasMorePages = nextPage && nextPage !== '' && projects.length === 100;
        
        page++;
        
        // Safety limit to prevent infinite loops
        if (page > 20) {
          console.warn('⚠️  Reached page limit of 20, stopping pagination');
          break;
        }
      }",6,WHILE,18,,,6,BabelNodeInfo
47244640719,CONTROL_STRUCTURE,-1,,,"if (page > 20) {
          console.warn('⚠️  Reached page limit of 20, stopping pagination');
          break;
        }",8,IF,42,,,8,BabelNodeInfo
47244640720,CONTROL_STRUCTURE,-1,,,break;,10,BREAK,44,,,2,BabelNodeInfo
47244640721,CONTROL_STRUCTURE,2,,,"catch (error: any) {
      console.error('Error fetching GitLab projects:', error.message);
      throw new Error(`Failed to fetch projects from GitLab: ${error.message}`);
    }",6,CATCH,50,,,2,BabelNodeInfo
47244640722,CONTROL_STRUCTURE,-1,,,"try {
      const client = gitlabClient.getClient();
      const response = await client.get(`/projects/${projectId}`);
      return response.data;
    } catch (error: any) {
      console.error('Error fetching GitLab project:', error.message);
      throw new Error(`Failed to fetch project from GitLab: ${error.message}`);
    }",4,TRY,60,,,1,BabelNodeInfo
47244640723,CONTROL_STRUCTURE,2,,,"catch (error: any) {
      console.error('Error fetching GitLab project:', error.message);
      throw new Error(`Failed to fetch project from GitLab: ${error.message}`);
    }",6,CATCH,64,,,2,BabelNodeInfo
47244640724,CONTROL_STRUCTURE,-1,,,"if (issue.created_at && issue.closed_at) {
        const createdDate = new Date(issue.created_at);
        const closedDate = new Date(issue.closed_at);
        const resolutionMs = closedDate.getTime() - createdDate.getTime();
        const resolutionHours = resolutionMs / (1000 * 60 * 60);

        if (resolutionHours > 0) {
          total_resolution_hours += resolutionHours;
          issues_with_resolution_time++;
          
          // Log first few for debugging
          if (index < 3) {
            console.log(`[CycleTime] Issue ${issue.iid}: ${resolutionHours.toFixed(2)} hours (${(resolutionHours/24).toFixed(2)} days)`);
          }
        }
      } else {
        // Log issues without proper dates
        if (index < 3) {
          console.log(`[CycleTime] Issue ${issue.iid}: Missing dates - created_at: ${issue.created_at}, closed_at: ${issue.closed_at}`);
        }
      }",6,IF,144,,,1,BabelNodeInfo
47244640725,CONTROL_STRUCTURE,-1,,,"if (resolutionHours > 0) {
          total_resolution_hours += resolutionHours;
          issues_with_resolution_time++;
          
          // Log first few for debugging
          if (index < 3) {
            console.log(`[CycleTime] Issue ${issue.iid}: ${resolutionHours.toFixed(2)} hours (${(resolutionHours/24).toFixed(2)} days)`);
          }
        }",8,IF,150,,,5,BabelNodeInfo
47244640726,CONTROL_STRUCTURE,-1,,,"if (index < 3) {
            console.log(`[CycleTime] Issue ${issue.iid}: ${resolutionHours.toFixed(2)} hours (${(resolutionHours/24).toFixed(2)} days)`);
          }",10,IF,155,,,3,BabelNodeInfo
47244640727,CONTROL_STRUCTURE,-1,,,"if (index < 3) {
          console.log(`[CycleTime] Issue ${issue.iid}: Missing dates - created_at: ${issue.created_at}, closed_at: ${issue.closed_at}`);
        }",8,IF,161,,,1,BabelNodeInfo
47244640728,CONTROL_STRUCTURE,-1,,,"if (issue.updated_at) {
        const lastActivity = new Date(issue.updated_at);
        if (lastActivity < sixtyDaysAgo) {
          stale_issues_count++;
        }
      }",6,IF,222,,,1,BabelNodeInfo
47244640729,CONTROL_STRUCTURE,-1,,,"if (lastActivity < sixtyDaysAgo) {
          stale_issues_count++;
        }",8,IF,224,,,2,BabelNodeInfo
47244640730,CONTROL_STRUCTURE,-1,,,"if (issue.created_at && issue.closed_at) {
        const resolutionMs =
          new Date(issue.closed_at).getTime() - new Date(issue.created_at).getTime();
        totalResolutionHours += resolutionMs / (1000 * 60 * 60);
        count++;
      }",6,IF,259,,,1,BabelNodeInfo
47244640731,CONTROL_STRUCTURE,-1,,,if (velocity === 0) return 'RED_ALERT';,4,IF,299,,,1,BabelNodeInfo
47244640732,CONTROL_STRUCTURE,-1,,,if (velocity < 10) return 'WARNING';,4,IF,300,,,2,BabelNodeInfo
47244640733,CONTROL_STRUCTURE,-1,,,if (avgDays > 14) return 'RED_ALERT';,4,IF,305,,,1,BabelNodeInfo
47244640734,CONTROL_STRUCTURE,-1,,,if (avgDays > 7) return 'WARNING';,4,IF,306,,,2,BabelNodeInfo
47244640735,CONTROL_STRUCTURE,-1,,,if (reopenRate > 15) return 'RED_ALERT';,4,IF,311,,,1,BabelNodeInfo
47244640736,CONTROL_STRUCTURE,-1,,,if (reopenRate > 10) return 'WARNING';,4,IF,312,,,2,BabelNodeInfo
47244640737,CONTROL_STRUCTURE,-1,,,if (bugRatio > 50) return 'RED_ALERT';,4,IF,317,,,1,BabelNodeInfo
47244640738,CONTROL_STRUCTURE,-1,,,if (bugRatio > 30) return 'WARNING';,4,IF,318,,,2,BabelNodeInfo
47244640739,CONTROL_STRUCTURE,-1,,,"if (openedLast30d === 0) {
      return 0;
    }",4,IF,326,,,1,BabelNodeInfo
47244640740,CONTROL_STRUCTURE,-1,,,if (stateEvents.length === 0) return false;,4,IF,337,,,1,BabelNodeInfo
47244640741,CONTROL_STRUCTURE,-1,,,if (hasReopenedState) return true;,4,IF,341,,,3,BabelNodeInfo
47244640742,CONTROL_STRUCTURE,-1,,,"try {
      const query = `
        INSERT INTO issue_health_metrics (
          uuid,
          project_id,
          total_open_issues,
          total_closed_issues,
          issues_closed_last_7d,
          issues_closed_last_30d,
          total_resolution_hours,
          issues_with_resolution_time,
          avg_cycle_time_hours,
          avg_cycle_time_days,
          issues_reopened_count,
          issues_checked_for_reopens,
          reopen_rate_percent,
          bug_issues_count,
          feature_issues_count,
          bug_ratio_percent,
          issues_opened_last_7d,
          issues_opened_last_30d,
          net_issue_change_7d,
          stale_issues_count,
          stale_issues_percent,
          critical_issues_open,
          blocker_issues_open,
          critical_avg_resolution_hours,
          issues_with_mr_links,
          total_closed_issues_checked,
          issue_mr_link_rate_percent,
          closure_rate_percent,...",4,TRY,21,,,1,BabelNodeInfo
47244640743,CONTROL_STRUCTURE,2,,,"catch (error) {
      console.error('[IssueMetricsDb] Error saving metrics:', error);
      throw error;
    }",6,CATCH,103,,,2,BabelNodeInfo
47244640744,CONTROL_STRUCTURE,-1,,,"try {
      // Get current metrics
      const currentMetrics = await this.getMetrics(projectId);
      if (!currentMetrics) {
        throw new Error(`No metrics found for project ${projectId}`);
      }

      // Calculate health score
      const healthScore = calculateIssueHealthScore({
        avg_cycle_time_days: currentMetrics.avg_cycle_time_days,
        reopen_rate_percent: currentMetrics.reopen_rate_percent,
        issues_closed_last_7d: currentMetrics.issues_closed_last_7d,
        critical_issues_open: currentMetrics.critical_issues_open,
      });

      const query = `
        INSERT INTO issue_metrics_history (
          uuid,
          project_id,
          snapshot_date,
          total_open_issues,
          total_closed_issues,
          issues_closed_last_7d,
          avg_cycle_time_days,
          reopen_rate_percent,
          bug_ratio_percent,
          stale_issues_count,
          critical_issues_open,
          closure_rate_pe...",4,TRY,113,,,1,BabelNodeInfo
47244640745,CONTROL_STRUCTURE,-1,,,"if (!currentMetrics) {
        throw new Error(`No metrics found for project ${projectId}`);
      }",6,IF,116,,,2,BabelNodeInfo
47244640746,CONTROL_STRUCTURE,2,,,"catch (error) {
      console.error('[IssueMetricsDb] Error saving historical snapshot:', error);
      throw error;
    }",6,CATCH,172,,,2,BabelNodeInfo
47244640747,CONTROL_STRUCTURE,-1,,,"try {
      const query = `
        SELECT * FROM issue_health_metrics
        WHERE project_id = $1
        ORDER BY calculated_at DESC
        LIMIT 1;
      `;

      const result = await getPool().query(query, [projectId]);
      return result.rows[0] || null;
    } catch (error) {
      console.error('[IssueMetricsDb] Error getting metrics:', error);
      throw error;
    }",4,TRY,182,,,1,BabelNodeInfo
47244640748,CONTROL_STRUCTURE,2,,,"catch (error) {
      console.error('[IssueMetricsDb] Error getting metrics:', error);
      throw error;
    }",6,CATCH,192,,,2,BabelNodeInfo
47244640749,CONTROL_STRUCTURE,-1,,,"try {
      const query = `
        SELECT * FROM issue_metrics_history
        WHERE project_id = $1
          AND snapshot_date >= CURRENT_DATE - INTERVAL '${days} days'
        ORDER BY snapshot_date DESC;
      `;

      const result = await getPool().query(query, [projectId]);
      return result.rows;
    } catch (error) {
      console.error('[IssueMetricsDb] Error getting metrics history:', error);
      throw error;
    }",4,TRY,205,,,2,BabelNodeInfo
47244640750,CONTROL_STRUCTURE,2,,,"catch (error) {
      console.error('[IssueMetricsDb] Error getting metrics history:', error);
      throw error;
    }",6,CATCH,215,,,2,BabelNodeInfo
47244640751,CONTROL_STRUCTURE,-1,,,"try {
      // Get current metrics
      const current = await this.getMetrics(projectId);
      if (!current) {
        return null;
      }

      // Get metrics from 7 days ago
      const query = `
        SELECT * FROM issue_metrics_history
        WHERE project_id = $1
          AND snapshot_date = CURRENT_DATE - INTERVAL '7 days'
        ORDER BY snapshot_date DESC
        LIMIT 1;
      `;

      const result = await getPool().query(query, [projectId]);
      const previous = result.rows[0];

      if (!previous) {
        return {
          hasComparison: false,
          velocity_change: null,
          cycle_time_change: null,
          reopen_rate_change: null,
          bug_ratio_change: null,
          stale_issues_change: null,
          critical_issues_change: null,
        };
      }

      return {
        hasComparison: true,
        velocity_change: this.calculateChange(
          current.issues_closed_last_7d,
          previou...",4,TRY,225,,,1,BabelNodeInfo
47244640752,CONTROL_STRUCTURE,-1,,,"if (!current) {
        return null;
      }",6,IF,228,,,2,BabelNodeInfo
47244640753,CONTROL_STRUCTURE,-1,,,"if (!previous) {
        return {
          hasComparison: false,
          velocity_change: null,
          cycle_time_change: null,
          reopen_rate_change: null,
          bug_ratio_change: null,
          stale_issues_change: null,
          critical_issues_change: null,
        };
      }",6,IF,244,,,6,BabelNodeInfo
47244640754,CONTROL_STRUCTURE,2,,,"catch (error) {
      console.error('[IssueMetricsDb] Error calculating trends:', error);
      throw error;
    }",6,CATCH,283,,,2,BabelNodeInfo
47244640755,CONTROL_STRUCTURE,-1,,,if (previous === 0) return current > 0 ? 100 : 0;,4,IF,293,,,1,BabelNodeInfo
47244640756,CONTROL_STRUCTURE,-1,,,"try {
      const query = `
        SELECT * FROM issue_health_metrics
        WHERE project_id = $1
        ORDER BY calculated_at DESC;
      `;

      const result = await getPool().query(query, [projectId]);
      return result.rows;
    } catch (error) {
      console.error('[IssueMetricsDb] Error getting all metrics:', error);
      throw error;
    }",4,TRY,301,,,1,BabelNodeInfo
47244640757,CONTROL_STRUCTURE,2,,,"catch (error) {
      console.error('[IssueMetricsDb] Error getting all metrics:', error);
      throw error;
    }",6,CATCH,310,,,2,BabelNodeInfo
47244640758,CONTROL_STRUCTURE,-1,,,"try {
      await getPool().query('DELETE FROM issue_health_metrics WHERE project_id = $1', [
        projectId,
      ]);
      console.log(`[IssueMetricsDb] Deleted metrics for project ${projectId}`);
    } catch (error) {
      console.error('[IssueMetricsDb] Error deleting metrics:', error);
      throw error;
    }",4,TRY,320,,,1,BabelNodeInfo
47244640759,CONTROL_STRUCTURE,2,,,"catch (error) {
      console.error('[IssueMetricsDb] Error deleting metrics:', error);
      throw error;
    }",6,CATCH,325,,,2,BabelNodeInfo
47244640760,CONTROL_STRUCTURE,-1,,,"try {
      // STEP 1: Fetch all required data from GitLab
      console.log('[IssueMetricsSync] Step 1: Fetching data from GitLab...');
      const data = await this.fetchGitLabData(projectId);
      console.log('[IssueMetricsSync] Step 1 completed - data fetched');

      // STEP 2: Calculate metrics
      console.log('[IssueMetricsSync] Step 2: Calculating metrics...');
      const calculatedMetrics = issueMetricsCalculationService.calculateMetrics(
        projectId,
        data.openIssues,
        data.closedIssuesLast7d,
        data.closedIssuesLast30d, // Correct: closed issues in last 30 days
        data.openedIssuesLast7d,
        data.openedIssuesLast30d,
        data.bugIssues,
        data.featureIssues,
        data.criticalIssues,
        data.blockerIssues,
        data.totalOpenCount,
        data.totalClosedCount,
        data.reopenData,
        data.mrLinkData
      );

      // STEP 3: Save metrics to database
      console.log('[Issu...",4,TRY,17,,,2,BabelNodeInfo
47244640761,CONTROL_STRUCTURE,2,,,"catch (error) {
      console.error(`[IssueMetricsSync] ❌ Error syncing project ${projectId}:`, error);
      throw error;
    }",6,CATCH,56,,,2,BabelNodeInfo
47244640762,CONTROL_STRUCTURE,-1,,,"if (closedIssuesLast7d.length > 0) {
      console.log(`[IssueMetricsSync] Sample closed issue (7d):`, {
        id: closedIssuesLast7d[0].id,
        title: closedIssuesLast7d[0].title?.substring(0, 50),
        closed_at: closedIssuesLast7d[0].closed_at,
        created_at: closedIssuesLast7d[0].created_at
      });
    } else {
      console.log(`[IssueMetricsSync] ⚠️ No closed issues found in last 7 days!`);
    }",4,IF,139,,,19,BabelNodeInfo
47244640763,CONTROL_STRUCTURE,-1,,,"if (allRecentClosedIssues.length > 0) {
      console.log(`[IssueMetricsSync] Sample recent closed issue:`, {
        id: allRecentClosedIssues[0].id,
        title: allRecentClosedIssues[0].title?.substring(0, 50),
        closed_at: allRecentClosedIssues[0].closed_at,
        created_at: allRecentClosedIssues[0].created_at
      });
    }",4,IF,150,,,20,BabelNodeInfo
47244640764,CONTROL_STRUCTURE,-1,,,"for (const issue of closedIssuesSample) {
      try {
        const stateEvents = await gitLabIssueService.getIssueStateEvents(
          projectId,
          issue.iid
        );

        if (issueMetricsCalculationService.isIssueReopened(stateEvents)) {
          reopenedCount++;
        }
        
        // Add 100ms delay between calls to avoid rate limiting
        await new Promise(resolve => setTimeout(resolve, 100));
      } catch (error) {
        console.error(`[IssueMetricsSync] Error checking reopen for issue ${issue.iid}:`, error);
        // Continue with other issues
      }
    }",4,WHILE,195,,,4,BabelNodeInfo
47244640765,CONTROL_STRUCTURE,-1,,,"try {
        const stateEvents = await gitLabIssueService.getIssueStateEvents(
          projectId,
          issue.iid
        );

        if (issueMetricsCalculationService.isIssueReopened(stateEvents)) {
          reopenedCount++;
        }
        
        // Add 100ms delay between calls to avoid rate limiting
        await new Promise(resolve => setTimeout(resolve, 100));
      } catch (error) {
        console.error(`[IssueMetricsSync] Error checking reopen for issue ${issue.iid}:`, error);
        // Continue with other issues
      }",6,TRY,196,,,1,BabelNodeInfo
47244640766,CONTROL_STRUCTURE,-1,,,"if (issueMetricsCalculationService.isIssueReopened(stateEvents)) {
          reopenedCount++;
        }",8,IF,202,,,2,BabelNodeInfo
47244640767,CONTROL_STRUCTURE,2,,,"catch (error) {
        console.error(`[IssueMetricsSync] Error checking reopen for issue ${issue.iid}:`, error);
        // Continue with other issues
      }",8,CATCH,208,,,2,BabelNodeInfo
47244640768,CONTROL_STRUCTURE,-1,,,"for (const issue of closedIssuesSample) {
      try {
        // Check if closed by MR
        const closedByMRs = await gitLabIssueService.getIssueClosedBy(
          projectId,
          issue.iid
        );

        // Also check issue links
        const issueLinks = await gitLabIssueService.getIssueLinks(projectId, issue.iid);

        if (closedByMRs.length > 0 || issueLinks.length > 0) {
          withLinksCount++;
        }
        
        // Add 100ms delay between calls to avoid rate limiting
        await new Promise(resolve => setTimeout(resolve, 100));
      } catch (error) {
        console.error(`[IssueMetricsSync] Error checking MR links for issue ${issue.iid}:`, error);
        // Continue with other issues
      }
    }",4,WHILE,228,,,4,BabelNodeInfo
47244640769,CONTROL_STRUCTURE,-1,,,"try {
        // Check if closed by MR
        const closedByMRs = await gitLabIssueService.getIssueClosedBy(
          projectId,
          issue.iid
        );

        // Also check issue links
        const issueLinks = await gitLabIssueService.getIssueLinks(projectId, issue.iid);

        if (closedByMRs.length > 0 || issueLinks.length > 0) {
          withLinksCount++;
        }
        
        // Add 100ms delay between calls to avoid rate limiting
        await new Promise(resolve => setTimeout(resolve, 100));
      } catch (error) {
        console.error(`[IssueMetricsSync] Error checking MR links for issue ${issue.iid}:`, error);
        // Continue with other issues
      }",6,TRY,229,,,1,BabelNodeInfo
47244640770,CONTROL_STRUCTURE,-1,,,"if (closedByMRs.length > 0 || issueLinks.length > 0) {
          withLinksCount++;
        }",8,IF,239,,,3,BabelNodeInfo
47244640771,CONTROL_STRUCTURE,2,,,"catch (error) {
        console.error(`[IssueMetricsSync] Error checking MR links for issue ${issue.iid}:`, error);
        // Continue with other issues
      }",8,CATCH,245,,,2,BabelNodeInfo
47244640772,CONTROL_STRUCTURE,-1,,,"if (milestonesWithCounts.length === 0) {
      return {
        max_issues: 0,
        min_issues: 0,
        avg_issues: 0,
        total_milestones: 0,
        milestone_with_max_issues: null,
        milestone_with_min_issues: null,
      };
    }",4,IF,16,,,2,BabelNodeInfo
47244640773,CONTROL_STRUCTURE,-1,,,"try {
      const pool = getPool();
      console.log(`[MilestoneMetricsDb] Fetching latest metrics for project ${projectId}`);

      const query = `
        SELECT * FROM milestone_metrics
        WHERE project_id = $1
        ORDER BY calculated_at DESC
        LIMIT 1;
      `;

      const result = await pool.query(query, [projectId]);
      
      if (result.rows.length === 0) {
        console.log(`[MilestoneMetricsDb] No metrics found for project ${projectId}`);
        return null;
      }

      return result.rows[0];
    } catch (error) {
      console.error('[MilestoneMetricsDb] Error getting metrics:', error);
      throw error;
    }",4,TRY,49,,,1,BabelNodeInfo
47244640774,CONTROL_STRUCTURE,-1,,,"if (result.rows.length === 0) {
        console.log(`[MilestoneMetricsDb] No metrics found for project ${projectId}`);
        return null;
      }",6,IF,62,,,5,BabelNodeInfo
47244640775,CONTROL_STRUCTURE,2,,,"catch (error) {
      console.error('[MilestoneMetricsDb] Error getting metrics:', error);
      throw error;
    }",6,CATCH,68,,,2,BabelNodeInfo
47244640776,CONTROL_STRUCTURE,-1,,,"try {
      // STEP 1: Fetch active, non-expired milestones
      console.log('[MilestoneMetricsSync] Step 1: Fetching active milestones...');
      const activeMilestones = await gitlabMilestoneService.getProjectMilestones(projectId);
      console.log(
        `[MilestoneMetricsSync] Found ${activeMilestones.length} active, non-expired milestones`
      );

      if (activeMilestones.length === 0) {
        const emptyMetrics: MilestoneMetrics = {
          max_issues: 0,
          min_issues: 0,
          avg_issues: 0,
          total_milestones: 0,
          milestone_with_max_issues: null,
          milestone_with_min_issues: null,
        };

        // Save empty metrics
        await milestoneMetricsDbService.saveMetrics(projectId, emptyMetrics);
        
        return emptyMetrics;
      }

      // STEP 2: Fetch issue counts for each milestone
      console.log('[MilestoneMetricsSync] Step 2: Fetching issue counts for milestones...');
      cons...",4,TRY,29,,,2,BabelNodeInfo
47244640777,CONTROL_STRUCTURE,-1,,,"if (activeMilestones.length === 0) {
        const emptyMetrics: MilestoneMetrics = {
          max_issues: 0,
          min_issues: 0,
          avg_issues: 0,
          total_milestones: 0,
          milestone_with_max_issues: null,
          milestone_with_min_issues: null,
        };

        // Save empty metrics
        await milestoneMetricsDbService.saveMetrics(projectId, emptyMetrics);
        
        return emptyMetrics;
      }",6,IF,37,,,4,BabelNodeInfo
47244640778,CONTROL_STRUCTURE,2,,,"catch (error) {
      console.error(`[MilestoneMetricsSync] ❌ Error syncing project ${projectId}:`, error);
      throw error;
    }",6,CATCH,68,,,2,BabelNodeInfo
47244640779,CONTROL_STRUCTURE,-1,,,"try {
          // Fetch actual issues from the milestone to get accurate count
          // Use pagination to get all issues
          let allIssues: any[] = [];
          let page = 1;
          let hasMore = true;

          while (hasMore) {
            const response = await client.get(
              `/projects/${projectId}/milestones/${milestone.id}/issues`,
              {
                params: {
                  per_page: 100,
                  page: page,
                },
              }
            );

            const issues = response.data;
            allIssues = allIssues.concat(issues);

            // Check if there are more pages
            hasMore = issues.length === 100;
            page++;
          }

          console.log(
            `[MilestoneMetricsSync] Milestone ""${milestone.title}"" (ID: ${milestone.id}) has ${allIssues.length} issues`
          );

          return {
            id: milestone.id,
            title: ...",8,TRY,82,,,1,BabelNodeInfo
47244640780,CONTROL_STRUCTURE,-1,,,"while (hasMore) {
            const response = await client.get(
              `/projects/${projectId}/milestones/${milestone.id}/issues`,
              {
                params: {
                  per_page: 100,
                  page: page,
                },
              }
            );

            const issues = response.data;
            allIssues = allIssues.concat(issues);

            // Check if there are more pages
            hasMore = issues.length === 100;
            page++;
          }",10,WHILE,89,,,4,BabelNodeInfo
47244640781,CONTROL_STRUCTURE,2,,,"catch (error) {
          console.error(
            `[MilestoneMetricsSync] Error fetching issue count for milestone ${milestone.id}:`,
            error
          );
          return {
            id: milestone.id,
            title: milestone.title,
            issue_count: 0,
            due_date: milestone.due_date,
          };
        }",10,CATCH,118,,,2,BabelNodeInfo
47244640782,CONTROL_STRUCTURE,-1,,,"if (mr.created_at && mr.merged_at) {
        const mergeTimeMs =
          new Date(mr.merged_at).getTime() - new Date(mr.created_at).getTime();
        total_merge_time_hours += mergeTimeMs / (1000 * 60 * 60);
        mrs_with_merge_time++;
      }",6,IF,130,,,1,BabelNodeInfo
47244640783,CONTROL_STRUCTURE,-1,,,"if (mr.updated_at) {
        const lastActivity = new Date(mr.updated_at);
        if (lastActivity < fourteenDaysAgo) {
          stale_mrs_count++;
        }
      }",6,IF,186,,,1,BabelNodeInfo
47244640784,CONTROL_STRUCTURE,-1,,,"if (lastActivity < fourteenDaysAgo) {
          stale_mrs_count++;
        }",8,IF,188,,,2,BabelNodeInfo
47244640785,CONTROL_STRUCTURE,-1,,,if (mergedLast30d === 0) return 'RED_ALERT';,4,IF,224,,,1,BabelNodeInfo
47244640786,CONTROL_STRUCTURE,-1,,,if (mergedLast30d < 5) return 'WARNING';,4,IF,225,,,2,BabelNodeInfo
47244640787,CONTROL_STRUCTURE,-1,,,if (avgMergeTimeDays > 7) return 'RED_ALERT';,4,IF,233,,,1,BabelNodeInfo
47244640788,CONTROL_STRUCTURE,-1,,,if (avgMergeTimeDays > 3) return 'WARNING';,4,IF,234,,,2,BabelNodeInfo
47244640789,CONTROL_STRUCTURE,-1,,,if (revertRatePercent > 10) return 'RED_ALERT';,4,IF,242,,,1,BabelNodeInfo
47244640790,CONTROL_STRUCTURE,-1,,,if (revertRatePercent > 5) return 'WARNING';,4,IF,243,,,2,BabelNodeInfo
47244640791,CONTROL_STRUCTURE,-1,,,"if (openedLast30d === 0) {
      return 0;
    }",4,IF,251,,,1,BabelNodeInfo
47244640792,CONTROL_STRUCTURE,-1,,,if (staleMRsCount > 10) return 'RED_ALERT';,4,IF,262,,,1,BabelNodeInfo
47244640793,CONTROL_STRUCTURE,-1,,,if (staleMRsCount > 5) return 'WARNING';,4,IF,263,,,2,BabelNodeInfo
47244640794,CONTROL_STRUCTURE,-1,,,"try {
      const query = `
        INSERT INTO mr_health_metrics (
          uuid,
          project_id,
          total_open_mrs,
          total_merged_mrs,
          mrs_merged_last_7d,
          mrs_merged_last_30d,
          total_merge_time_hours,
          mrs_with_merge_time,
          avg_merge_time_hours,
          avg_merge_time_days,
          total_review_comments,
          mrs_checked_for_comments,
          avg_review_comments_per_mr,
          reverted_mrs_count,
          mrs_checked_for_reverts,
          revert_rate_percent,
          mrs_opened_last_7d,
          mrs_opened_last_30d,
          net_mr_change_7d,
          stale_mrs_count,
          stale_mrs_percent,
          total_reviewers_count,
          mrs_checked_for_reviewers,
          avg_reviewers_per_mr,
          closure_rate_percent,
          merge_velocity_alert_level,
          merge_time_alert_level,
          revert_rate_alert_level,
          stale_mrs_alert_le...",4,TRY,22,,,1,BabelNodeInfo
47244640795,CONTROL_STRUCTURE,2,,,"catch (error) {
      console.error('[MRMetricsDb] Error saving metrics:', error);
      throw error;
    }",6,CATCH,98,,,2,BabelNodeInfo
47244640796,CONTROL_STRUCTURE,-1,,,"try {
      // Get current metrics
      const currentMetrics = await this.getMetrics(projectId);
      if (!currentMetrics) {
        throw new Error('No current metrics found to create snapshot');
      }

      // Calculate health score
      const healthScore = calculateMRHealthScore({
        avg_merge_time_days: currentMetrics.avg_merge_time_days,
        revert_rate_percent: currentMetrics.revert_rate_percent,
        mrs_merged_last_7d: currentMetrics.mrs_merged_last_7d,
        avg_review_comments_per_mr: currentMetrics.avg_review_comments_per_mr,
      });

      const query = `
        INSERT INTO mr_metrics_history (
          uuid,
          project_id,
          snapshot_date,
          total_open_mrs,
          total_merged_mrs,
          mrs_merged_last_7d,
          avg_merge_time_days,
          avg_review_comments_per_mr,
          revert_rate_percent,
          stale_mrs_count,
          avg_reviewers_per_mr,
          closure_rate_per...",4,TRY,108,,,1,BabelNodeInfo
47244640797,CONTROL_STRUCTURE,-1,,,"if (!currentMetrics) {
        throw new Error('No current metrics found to create snapshot');
      }",6,IF,111,,,2,BabelNodeInfo
47244640798,CONTROL_STRUCTURE,2,,,"catch (error) {
      console.error('[MRMetricsDb] Error saving historical snapshot:', error);
      throw error;
    }",6,CATCH,167,,,2,BabelNodeInfo
47244640799,CONTROL_STRUCTURE,-1,,,"try {
      const query = `
        SELECT * FROM mr_health_metrics
        WHERE project_id = $1
        ORDER BY calculated_at DESC
        LIMIT 1;
      `;

      const result = await getPool().query(query, [projectId]);
      return result.rows[0] || null;
    } catch (error) {
      console.error('[MRMetricsDb] Error getting metrics:', error);
      throw error;
    }",4,TRY,177,,,1,BabelNodeInfo
47244640800,CONTROL_STRUCTURE,2,,,"catch (error) {
      console.error('[MRMetricsDb] Error getting metrics:', error);
      throw error;
    }",6,CATCH,187,,,2,BabelNodeInfo
47244640801,CONTROL_STRUCTURE,-1,,,"try {
      const query = `
        SELECT * FROM mr_metrics_history
        WHERE project_id = $1
          AND snapshot_date >= CURRENT_DATE - INTERVAL '${days} days'
        ORDER BY snapshot_date DESC;
      `;

      const result = await getPool().query(query, [projectId]);
      return result.rows;
    } catch (error) {
      console.error('[MRMetricsDb] Error getting metrics history:', error);
      throw error;
    }",4,TRY,200,,,2,BabelNodeInfo
47244640802,CONTROL_STRUCTURE,2,,,"catch (error) {
      console.error('[MRMetricsDb] Error getting metrics history:', error);
      throw error;
    }",6,CATCH,210,,,2,BabelNodeInfo
47244640803,CONTROL_STRUCTURE,-1,,,"try {
      // Get current metrics
      const current = await this.getMetrics(projectId);
      if (!current) {
        return null;
      }

      // Get metrics from 7 days ago
      const query = `
        SELECT * FROM mr_metrics_history
        WHERE project_id = $1
          AND snapshot_date = CURRENT_DATE - INTERVAL '7 days'
        ORDER BY snapshot_date DESC
        LIMIT 1;
      `;

      const result = await getPool().query(query, [projectId]);
      const previous = result.rows[0];

      if (!previous) {
        return {
          hasComparison: false,
          merge_velocity_change: null,
          merge_time_change: null,
          revert_rate_change: null,
          stale_mrs_change: null,
        };
      }

      return {
        hasComparison: true,
        merge_velocity_change: this.calculateChange(
          current.mrs_merged_last_7d,
          previous.mrs_merged_last_7d
        ),
        merge_time_change: this.calcula...",4,TRY,220,,,1,BabelNodeInfo
47244640804,CONTROL_STRUCTURE,-1,,,"if (!current) {
        return null;
      }",6,IF,223,,,2,BabelNodeInfo
47244640805,CONTROL_STRUCTURE,-1,,,"if (!previous) {
        return {
          hasComparison: false,
          merge_velocity_change: null,
          merge_time_change: null,
          revert_rate_change: null,
          stale_mrs_change: null,
        };
      }",6,IF,239,,,6,BabelNodeInfo
47244640806,CONTROL_STRUCTURE,2,,,"catch (error) {
      console.error('[MRMetricsDb] Error calculating trends:', error);
      throw error;
    }",6,CATCH,268,,,2,BabelNodeInfo
47244640807,CONTROL_STRUCTURE,-1,,,if (previous === 0) return current > 0 ? 100 : 0;,4,IF,278,,,1,BabelNodeInfo
47244640808,CONTROL_STRUCTURE,-1,,,"try {
      const query = `
        SELECT * FROM mr_health_metrics
        WHERE project_id = $1
        ORDER BY calculated_at DESC;
      `;

      const result = await getPool().query(query, [projectId]);
      return result.rows;
    } catch (error) {
      console.error('[MRMetricsDb] Error getting all metrics:', error);
      throw error;
    }",4,TRY,286,,,1,BabelNodeInfo
47244640809,CONTROL_STRUCTURE,2,,,"catch (error) {
      console.error('[MRMetricsDb] Error getting all metrics:', error);
      throw error;
    }",6,CATCH,295,,,2,BabelNodeInfo
47244640810,CONTROL_STRUCTURE,-1,,,"try {
      await getPool().query('DELETE FROM mr_health_metrics WHERE project_id = $1', [
        projectId,
      ]);
      console.log(`[MRMetricsDb] Deleted metrics for project ${projectId}`);
    } catch (error) {
      console.error('[MRMetricsDb] Error deleting metrics:', error);
      throw error;
    }",4,TRY,305,,,1,BabelNodeInfo
47244640811,CONTROL_STRUCTURE,2,,,"catch (error) {
      console.error('[MRMetricsDb] Error deleting metrics:', error);
      throw error;
    }",6,CATCH,310,,,2,BabelNodeInfo
47244640812,CONTROL_STRUCTURE,-1,,,"try {
      // STEP 1: Fetch all required data from GitLab
      console.log('[MRMetricsSync] Step 1: Fetching data from GitLab...');
      const data = await this.fetchGitLabData(projectId);
      console.log('[MRMetricsSync] Step 1 completed - data fetched');

      // STEP 2: Calculate metrics
      console.log('[MRMetricsSync] Step 2: Calculating metrics...');
      const calculatedMetrics = mrMetricsCalculationService.calculateMetrics(
        projectId,
        data.openMRs,
        data.mergedMRsLast7d,
        data.mergedMRsLast30d,
        data.allRecentMergedMRs,
        data.openedMRsLast7d,
        data.openedMRsLast30d,
        data.totalOpenCount,
        data.totalMergedCount,
        data.commentsData,
        data.revertData,
        data.reviewersData
      );

      // STEP 3: Save metrics to database
      console.log('[MRMetricsSync] Step 3: Saving metrics to database...');
      const savedMetrics = await mrMetricsDbService.saveMetrics(...",4,TRY,18,,,2,BabelNodeInfo
47244640813,CONTROL_STRUCTURE,2,,,"catch (error) {
      console.error(`[MRMetricsSync] ❌ Error syncing project ${projectId}:`, error);
      throw error;
    }",6,CATCH,55,,,2,BabelNodeInfo
47244640814,CONTROL_STRUCTURE,-1,,,"for (const mr of mergedMRsSample) {
      try {
        const notes = await gitLabMRService.getMRNotes(projectId, mr.iid);
        
        // Count non-system notes (actual review comments)
        const reviewComments = notes.filter((note: any) => !note.system);
        totalComments += reviewComments.length;
        
        // Add 100ms delay between calls to avoid rate limiting
        await new Promise(resolve => setTimeout(resolve, 100));
      } catch (error) {
        console.error(`[MRMetricsSync] Error fetching notes for MR ${mr.iid}:`, error);
        // Continue with other MRs
      }
    }",4,WHILE,155,,,4,BabelNodeInfo
47244640815,CONTROL_STRUCTURE,-1,,,"try {
        const notes = await gitLabMRService.getMRNotes(projectId, mr.iid);
        
        // Count non-system notes (actual review comments)
        const reviewComments = notes.filter((note: any) => !note.system);
        totalComments += reviewComments.length;
        
        // Add 100ms delay between calls to avoid rate limiting
        await new Promise(resolve => setTimeout(resolve, 100));
      } catch (error) {
        console.error(`[MRMetricsSync] Error fetching notes for MR ${mr.iid}:`, error);
        // Continue with other MRs
      }",6,TRY,156,,,1,BabelNodeInfo
47244640816,CONTROL_STRUCTURE,2,,,"catch (error) {
        console.error(`[MRMetricsSync] Error fetching notes for MR ${mr.iid}:`, error);
        // Continue with other MRs
      }",8,CATCH,165,,,2,BabelNodeInfo
47244640817,CONTROL_STRUCTURE,-1,,,"for (const mr of mergedMRsSample) {
      // Check if title contai 
      const hasRevertInTitle = mr.title?.toLowerCase().includes('revert') || false;
      const hasRevertInDescription = mr.description?.toLowerCase().includes('revert') || false;
      
      // Check labels
      const hasRevertLabel = mr.labels?.some((label: string) => 
        label.toLowerCase().includes('revert')
      ) || false;

      if (hasRevertInTitle || hasRevertInDescription || hasRevertLabel) {
        revertedCount++;
      }
    }",4,WHILE,185,,,4,BabelNodeInfo
47244640818,CONTROL_STRUCTURE,-1,,,"if (hasRevertInTitle || hasRevertInDescription || hasRevertLabel) {
        revertedCount++;
      }",6,IF,195,,,4,BabelNodeInfo
47244640819,CONTROL_STRUCTURE,-1,,,"for (const mr of mergedMRsSample) {
      // Get reviewers count from the data we already fetched
      const reviewersCount = mr.reviewers?.length || 0;
      totalReviewers += reviewersCount;
    }",4,WHILE,214,,,4,BabelNodeInfo
47244640820,CONTROL_STRUCTURE,-1,,,"if (project.namespace?.id && project.namespace.kind === 'group') {
      return await gitlabGroupService.buildGroupPath(project.namespace.id);
    }",4,IF,40,,,1,BabelNodeInfo
47244640821,CONTROL_STRUCTURE,-1,,,"try {
      const issues = await gitLabIssueService.getProjectIssues(projectId);
      return issues.length;
    } catch (error: any) {
      console.warn(`⚠️ Failed to fetch issues for project ${projectId}:`, error.message);
      return 0;
    }",4,TRY,50,,,1,BabelNodeInfo
47244640822,CONTROL_STRUCTURE,2,,,"catch (error: any) {
      console.warn(`⚠️ Failed to fetch issues for project ${projectId}:`, error.message);
      return 0;
    }",6,CATCH,53,,,2,BabelNodeInfo
47244640823,CONTROL_STRUCTURE,-1,,,"try {
      const mrs = await gitLabMRService.getProjectMergeRequests(projectId);
      return mrs.length;
    } catch (error: any) {
      console.warn(`⚠️ Failed to fetch MRs for project ${projectId}:`, error.message);
      return 0;
    }",4,TRY,63,,,1,BabelNodeInfo
47244640824,CONTROL_STRUCTURE,2,,,"catch (error: any) {
      console.warn(`⚠️ Failed to fetch MRs for project ${projectId}:`, error.message);
      return 0;
    }",6,CATCH,66,,,2,BabelNodeInfo
47244640825,CONTROL_STRUCTURE,-1,,,"try {
      const milestones = await gitLabMilestoneService.getProjectMilestones(projectId);
      return milestones.length;
    } catch (error: any) {
      console.warn(`⚠️ Failed to fetch milestones for project ${projectId}:`, error.message);
      return 0;
    }",4,TRY,73,,,1,BabelNodeInfo
47244640826,CONTROL_STRUCTURE,2,,,"catch (error: any) {
      console.warn(`⚠️ Failed to fetch milestones for project ${projectId}:`, error.message);
      return 0;
    }",6,CATCH,76,,,2,BabelNodeInfo
47244640827,CONTROL_STRUCTURE,-1,,,"if (sonarProjectKey) {
      try {
        const sonarQubeService = new SonarQubeService();
        sonarMetrics = await sonarQubeService.fetchIssueCounts(sonarProjectKey);
        console.log(`✅ Fetched SonarQube metrics for ${project.name} (key: ${sonarProjectKey})`);
      } catch (e) {
        console.warn(`⚠️ Failed to fetch SonarQube metrics for ${sonarProjectKey}:`, (e as any).message);
      }
    } else {
      console.warn(`⚠️ No SonarCloud key mapped for project ${project.name} (ID: ${project.id})`);
    }",4,IF,104,,,4,BabelNodeInfo
47244640828,CONTROL_STRUCTURE,-1,,,"try {
        const sonarQubeService = new SonarQubeService();
        sonarMetrics = await sonarQubeService.fetchIssueCounts(sonarProjectKey);
        console.log(`✅ Fetched SonarQube metrics for ${project.name} (key: ${sonarProjectKey})`);
      } catch (e) {
        console.warn(`⚠️ Failed to fetch SonarQube metrics for ${sonarProjectKey}:`, (e as any).message);
      }",6,TRY,105,,,1,BabelNodeInfo
47244640829,CONTROL_STRUCTURE,2,,,"catch (e) {
        console.warn(`⚠️ Failed to fetch SonarQube metrics for ${sonarProjectKey}:`, (e as any).message);
      }",8,CATCH,109,,,2,BabelNodeInfo
47244640830,CONTROL_STRUCTURE,-1,,,"f (!dbProject) {
      return null;
    }",5,IF,35,,,2,BabelNodeInfo
47244640831,CONTROL_STRUCTURE,-1,,,"try {
      // Use header-based count instead of fetching all issues
      return await gitLabIssueService.getIssueCount(projectId, 'opened');
    } catch (error: any) {
      console.warn(`⚠️ Failed to fetch issues count for project ${projectId}:`, error.message);
      return 0;
    }",4,TRY,34,,,1,BabelNodeInfo
47244640832,CONTROL_STRUCTURE,2,,,"catch (error: any) {
      console.warn(`⚠️ Failed to fetch issues count for project ${projectId}:`, error.message);
      return 0;
    }",6,CATCH,37,,,2,BabelNodeInfo
47244640833,CONTROL_STRUCTURE,-1,,,"try {
      // Use header-based count instead of fetching all MRs
      return await gitLabMRService.getMRCount(projectId, 'opened');
    } catch (error: any) {
      console.warn(`⚠️ Failed to fetch MRs count for project ${projectId}:`, error.message);
      return 0;
    }",4,TRY,47,,,1,BabelNodeInfo
47244640834,CONTROL_STRUCTURE,2,,,"catch (error: any) {
      console.warn(`⚠️ Failed to fetch MRs count for project ${projectId}:`, error.message);
      return 0;
    }",6,CATCH,50,,,2,BabelNodeInfo
47244640835,CONTROL_STRUCTURE,-1,,,"try {
      const milestones = await gitLabMilestoneService.getProjectMilestones(projectId);
      // Filter only active milestones
      const openMilestones = milestones.filter(m => m.state === 'active');
      return openMilestones.length;
    } catch (error: any) {
      console.warn(`⚠️ Failed to fetch milestones for project ${projectId}:`, error.message);
      return 0;
    }",4,TRY,60,,,1,BabelNodeInfo
47244640836,CONTROL_STRUCTURE,2,,,"catch (error: any) {
      console.warn(`⚠️ Failed to fetch milestones for project ${projectId}:`, error.message);
      return 0;
    }",6,CATCH,65,,,2,BabelNodeInfo
47244640837,CONTROL_STRUCTURE,-1,,,"if (sonarProjectKey) {
      try {
        const sonarQubeService = new SonarQubeService();
        sonarMetrics = await sonarQubeService.fetchIssueCounts(sonarProjectKey);
      } catch (e) {
        console.warn(`⚠️ Failed to fetch SonarQube metrics for ${sonarProjectKey}:`, (e as any).message);
      }
    }",4,IF,93,,,4,BabelNodeInfo
47244640838,CONTROL_STRUCTURE,-1,,,"try {
        const sonarQubeService = new SonarQubeService();
        sonarMetrics = await sonarQubeService.fetchIssueCounts(sonarProjectKey);
      } catch (e) {
        console.warn(`⚠️ Failed to fetch SonarQube metrics for ${sonarProjectKey}:`, (e as any).message);
      }",6,TRY,94,,,1,BabelNodeInfo
47244640839,CONTROL_STRUCTURE,2,,,"catch (e) {
        console.warn(`⚠️ Failed to fetch SonarQube metrics for ${sonarProjectKey}:`, (e as any).message);
      }",8,CATCH,97,,,2,BabelNodeInfo
47244640840,CONTROL_STRUCTURE,-1,,,"if (this.isRefreshing) {
      console.log(`⚠️ Refresh already in progress, skipping duplicate request`);
      return;
    }",4,IF,139,,,1,BabelNodeInfo
47244640841,CONTROL_STRUCTURE,-1,,,"try {
      this.isRefreshing = true;
      
      // Step 1: Get all tracked project IDs
      const trackedProjectIds = await getTrackedProjectIds();
      console.log(`📊 Refreshing ${trackedProjectIds.length} tracked projects...`);
      
      // Step 2: Refresh each project
      for (const projectId of trackedProjectIds) {
        try {
          await this.refreshProject(projectId);
        } catch (error: any) {
          console.error(`❌ Failed to refresh project ${projectId}:`, error.message);
          // Continue with next project
        }
      }
      
      console.log(`✅ Completed refresh of tracked projects`);
    } finally {
      this.isRefreshing = false;
    }",4,TRY,144,,,2,BabelNodeInfo
47244640842,CONTROL_STRUCTURE,-1,,,"for (const projectId of trackedProjectIds) {
        try {
          await this.refreshProject(projectId);
        } catch (error: any) {
          console.error(`❌ Failed to refresh project ${projectId}:`, error.message);
          // Continue with next project
        }
      }",6,WHILE,152,,,4,BabelNodeInfo
47244640843,CONTROL_STRUCTURE,-1,,,"try {
          await this.refreshProject(projectId);
        } catch (error: any) {
          console.error(`❌ Failed to refresh project ${projectId}:`, error.message);
          // Continue with next project
        }",8,TRY,153,,,1,BabelNodeInfo
47244640844,CONTROL_STRUCTURE,2,,,"catch (error: any) {
          console.error(`❌ Failed to refresh project ${projectId}:`, error.message);
          // Continue with next project
        }",10,CATCH,155,,,2,BabelNodeInfo
47244640845,CONTROL_STRUCTURE,2,,,"{
      this.isRefreshing = false;
    }",14,FINALLY,162,,,2,BabelNodeInfo
47244640846,CONTROL_STRUCTURE,-1,,,"for (let i = 0; i < gitlabProjects.length; i++) {
      const project = gitlabProjects[i];

      // Fetch members for this project
      let members = [];
      try {
        members = await gitLabMemberService.getProjectMembers(project.id);
      } catch (error) {
        // Silently handle errors - members will be empty array
        members = [];
      }

      // Add to registry data
      registryData.push({
        id: project.id,
        name: project.name,
        full_path: project.path_with_namespace,
        group_path: project.namespace?.full_path,
        members_count: members.length,
        members: members,
        last_activity_at: project.last_activity_at,
        parent_id: project.namespace?.id,
        visibility: project.visibility,
      });

      // Progress indicator every 10 projects
      if ((i + 1) % 10 === 0) {
        console.log(`   Progress: ${i + 1}/${gitlabProjects.length} projects processed`);
      }

      // Add...",4,FOR,25,,,4,BabelNodeInfo
47244640847,CONTROL_STRUCTURE,-1,,,"try {
        members = await gitLabMemberService.getProjectMembers(project.id);
      } catch (error) {
        // Silently handle errors - members will be empty array
        members = [];
      }",6,TRY,30,,,3,BabelNodeInfo
47244640848,CONTROL_STRUCTURE,2,,,"catch (error) {
        // Silently handle errors - members will be empty array
        members = [];
      }",8,CATCH,32,,,2,BabelNodeInfo
47244640849,CONTROL_STRUCTURE,-1,,,"if ((i + 1) % 10 === 0) {
        console.log(`   Progress: ${i + 1}/${gitlabProjects.length} projects processed`);
      }",6,IF,51,,,5,BabelNodeInfo
47244640850,CONTROL_STRUCTURE,-1,,,"if (i < gitlabProjects.length - 1) {
        await new Promise(resolve => setTimeout(resolve, 200));
      }",6,IF,56,,,6,BabelNodeInfo
47244640851,CONTROL_STRUCTURE,-1,,,"try {
      await autoMapSonarProjectKeys();
      console.log('✅ Auto-mapped SonarCloud project keys');
    } catch (e) {
      console.warn('⚠️ Failed to auto-map SonarCloud keys:', (e as any).message);
    }",4,TRY,67,,,7,BabelNodeInfo
47244640852,CONTROL_STRUCTURE,2,,,"catch (e) {
      console.warn('⚠️ Failed to auto-map SonarCloud keys:', (e as any).message);
    }",6,CATCH,70,,,2,BabelNodeInfo
47244640853,CONTROL_STRUCTURE,-1,,,"try {
      await autoMapSonarProjectKeys();
    } catch (e) {
      console.warn('⚠️ Failed to auto-map SonarCloud keys:', (e as any).message);
    }",4,TRY,107,,,5,BabelNodeInfo
47244640854,CONTROL_STRUCTURE,2,,,"catch (e) {
      console.warn('⚠️ Failed to auto-map SonarCloud keys:', (e as any).message);
    }",6,CATCH,109,,,2,BabelNodeInfo
47244640855,CONTROL_STRUCTURE,-1,,,"if (!updatedProject) {
      throw new Error('Project not found after sync');
    }",4,IF,117,,,8,BabelNodeInfo
47244640856,CONTROL_STRUCTURE,-1,,,if (this.initialized) return;,4,IF,25,,,1,BabelNodeInfo
47244640857,CONTROL_STRUCTURE,-1,,,"if (!this.baseUrl || !/^https?:\\/\\//.test(this.baseUrl)) {
      throw new Error('Invalid or missing SONARQUBE_URL. Please set it in your .env file.');
    }",4,IF,27,,,2,BabelNodeInfo
47244640858,CONTROL_STRUCTURE,-1,,,"if (!this.token) {
      throw new Error('Missing SONARQUBE_TOKEN. Please set it in your .env file.');
    }",4,IF,30,,,3,BabelNodeInfo
47244640859,CONTROL_STRUCTURE,-1,,,"try {
      console.log(`📊 Fetching maintainability metrics for project: ${projectKey}`);
      console.log(`📍 URL: ${url}`);
      const response = await axios.get(url, { headers: this.getAuthHeader() });
      console.log(`✅ Received response with ${response.data.component?.measures?.length || 0} measures`);
      console.log('📦 Measures received:', JSON.stringify(response.data.component?.measures, null, 2));
      return response.data;
    } catch (err: any) {
      console.error(`[SonarMaintainabilityApiService] Error fetching metrics for ${projectKey}`);
      if (err.response) {
        console.error('Response status:', err.response.status);
        console.error('Response data:', err.response.data);
      } else {
        console.error('Error:', err.message);
      }
      throw err;
    }",4,TRY,64,,,4,BabelNodeInfo
47244640860,CONTROL_STRUCTURE,2,,,"catch (err: any) {
      console.error(`[SonarMaintainabilityApiService] Error fetching metrics for ${projectKey}`);
      if (err.response) {
        console.error('Response status:', err.response.status);
        console.error('Response data:', err.response.data);
      } else {
        console.error('Error:', err.message);
      }
      throw err;
    }",6,CATCH,71,,,2,BabelNodeInfo
47244640861,CONTROL_STRUCTURE,-1,,,"if (err.response) {
        console.error('Response status:', err.response.status);
        console.error('Response data:', err.response.data);
      } else {
        console.error('Error:', err.message);
      }",6,IF,73,,,3,BabelNodeInfo
47244640862,CONTROL_STRUCTURE,-1,,,"try {
      const response = await axios.get(url, { headers: this.getAuthHeader() });
      return response.data.total || 0;
    } catch (err: any) {
      console.error(`[SonarMaintainabilityApiService] Error fetching ${type}/${severity} for ${projectKey}`);
      if (err.response) {
        console.error('Response status:', err.response.status);
        console.error('Response data:', err.response.data);
      }
      throw err;
    }",4,TRY,91,,,3,BabelNodeInfo
47244640863,CONTROL_STRUCTURE,2,,,"catch (err: any) {
      console.error(`[SonarMaintainabilityApiService] Error fetching ${type}/${severity} for ${projectKey}`);
      if (err.response) {
        console.error('Response status:', err.response.status);
        console.error('Response data:', err.response.data);
      }
      throw err;
    }",6,CATCH,94,,,2,BabelNodeInfo
47244640864,CONTROL_STRUCTURE,-1,,,"if (err.response) {
        console.error('Response status:', err.response.status);
        console.error('Response data:', err.response.data);
      }",6,IF,96,,,3,BabelNodeInfo
47244640865,CONTROL_STRUCTURE,-1,,,"try {
      console.log(`📅 Fetching New Code Period definition for: ${projectKey}`);
      const response = await axios.get(url, { headers: this.getAuthHeader() });
      console.log('📅 New Code Period:', JSON.stringify(response.data, null, 2));
      return response.data;
    } catch (err: any) {
      console.error(`[SonarMaintainabilityApiService] Error fetching New Code Period for ${projectKey}`);
      if (err.response) {
        console.error('Response status:', err.response.status);
      }
      // Return null instead of throwing - this is optional information
      return null;
    }",4,TRY,112,,,3,BabelNodeInfo
47244640866,CONTROL_STRUCTURE,2,,,"catch (err: any) {
      console.error(`[SonarMaintainabilityApiService] Error fetching New Code Period for ${projectKey}`);
      if (err.response) {
        console.error('Response status:', err.response.status);
      }
      // Return null instead of throwing - this is optional information
      return null;
    }",6,CATCH,117,,,2,BabelNodeInfo
47244640867,CONTROL_STRUCTURE,-1,,,"if (err.response) {
        console.error('Response status:', err.response.status);
      }",6,IF,119,,,3,BabelNodeInfo
47244640868,CONTROL_STRUCTURE,-1,,,if (!measure) return 0;,6,IF,21,,,2,BabelNodeInfo
47244640869,CONTROL_STRUCTURE,-1,,,"if (measure.value !== undefined) {
        return parseFloat(measure.value) || 0;
      }",6,IF,24,,,3,BabelNodeInfo
47244640870,CONTROL_STRUCTURE,-1,,,"if (measure.period?.value !== undefined) {
        return parseFloat(measure.period.value) || 0;
      }",6,IF,29,,,4,BabelNodeInfo
47244640871,CONTROL_STRUCTURE,-1,,,if (rating <= 1) return 'A';,4,IF,62,,,1,BabelNodeInfo
47244640872,CONTROL_STRUCTURE,-1,,,if (rating <= 2) return 'B';,4,IF,63,,,2,BabelNodeInfo
47244640873,CONTROL_STRUCTURE,-1,,,if (rating <= 3) return 'C';,4,IF,64,,,3,BabelNodeInfo
47244640874,CONTROL_STRUCTURE,-1,,,if (rating <= 4) return 'D';,4,IF,65,,,4,BabelNodeInfo
47244640875,CONTROL_STRUCTURE,-1,,,"try {
      await pool.query(query, values);
      console.log(`✅ Saved maintainability metrics for project ${projectId}`);
    } catch (error: any) {
      console.error(`❌ Failed to save maintainability metrics for project ${projectId}:`, error.message);
      throw error;
    }",4,TRY,56,,,5,BabelNodeInfo
47244640876,CONTROL_STRUCTURE,2,,,"catch (error: any) {
      console.error(`❌ Failed to save maintainability metrics for project ${projectId}:`, error.message);
      throw error;
    }",6,CATCH,59,,,2,BabelNodeInfo
47244640877,CONTROL_STRUCTURE,-1,,,"try {
      await pool.query(query, values);
      console.log(`✅ Saved maintainability historical snapshot for project ${projectId} with health score: ${healthScore}`);
    } catch (error: any) {
      console.error(`❌ Failed to save maintainability historical snapshot for project ${projectId}:`, error.message);
      throw error;
    }",4,TRY,108,,,5,BabelNodeInfo
47244640878,CONTROL_STRUCTURE,2,,,"catch (error: any) {
      console.error(`❌ Failed to save maintainability historical snapshot for project ${projectId}:`, error.message);
      throw error;
    }",6,CATCH,111,,,2,BabelNodeInfo
47244640879,CONTROL_STRUCTURE,-1,,,"try {
      const result = await pool.query(query, [projectId]);
      return result.rows.length > 0 ? result.rows[0] : null;
    } catch (error: any) {
      console.error(`❌ Failed to get maintainability metrics for project ${projectId}:`, error.message);
      throw error;
    }",4,TRY,130,,,3,BabelNodeInfo
47244640880,CONTROL_STRUCTURE,2,,,"catch (error: any) {
      console.error(`❌ Failed to get maintainability metrics for project ${projectId}:`, error.message);
      throw error;
    }",6,CATCH,133,,,2,BabelNodeInfo
47244640881,CONTROL_STRUCTURE,-1,,,"try {
      const result = await pool.query(query, [projectId]);
      return result.rows;
    } catch (error: any) {
      console.error(`❌ Failed to get maintainability metrics history for project ${projectId}:`, error.message);
      throw error;
    }",4,TRY,152,,,4,BabelNodeInfo
47244640882,CONTROL_STRUCTURE,2,,,"catch (error: any) {
      console.error(`❌ Failed to get maintainability metrics history for project ${projectId}:`, error.message);
      throw error;
    }",6,CATCH,155,,,2,BabelNodeInfo
47244640883,CONTROL_STRUCTURE,-1,,,"try {
      const result = await pool.query(query, [projectId]);
      return result.rows;
    } catch (error: any) {
      console.error(`❌ Failed to get all maintainability metrics for project ${projectId}:`, error.message);
      throw error;
    }",4,TRY,173,,,3,BabelNodeInfo
47244640884,CONTROL_STRUCTURE,2,,,"catch (error: any) {
      console.error(`❌ Failed to get all maintainability metrics for project ${projectId}:`, error.message);
      throw error;
    }",6,CATCH,176,,,2,BabelNodeInfo
47244640885,CONTROL_STRUCTURE,-1,,,"try {
      await pool.query('DELETE FROM sonarqube_maintainability_metrics WHERE project_id = $1', [projectId]);
      await pool.query('DELETE FROM sonarqube_maintainability_history WHERE project_id = $1', [projectId]);
      console.log(`✅ Deleted all maintainability metrics for project ${projectId}`);
    } catch (error: any) {
      console.error(`❌ Failed to delete maintainability metrics for project ${projectId}:`, error.message);
      throw error;
    }",4,TRY,188,,,2,BabelNodeInfo
47244640886,CONTROL_STRUCTURE,2,,,"catch (error: any) {
      console.error(`❌ Failed to delete maintainability metrics for project ${projectId}:`, error.message);
      throw error;
    }",6,CATCH,192,,,2,BabelNodeInfo
47244640887,CONTROL_STRUCTURE,-1,,,"try {
      // Step 1: Get SonarQube project key
      const sonarProjectKey = await getSonarProjectKey(projectId);
      if (!sonarProjectKey) {
        throw new Error(`No SonarQube project key found for project ${projectId}`);
      }

      console.log(`📌 SonarQube project key: ${sonarProjectKey}`);

      // Step 1.5: Fetch New Code Period definition
      const newCodePeriod = await this.apiService.getNewCodePeriod(sonarProjectKey);

      // Step 2: Fetch data from SonarQube API
      const sonarData = await this.fetchSonarQubeData(sonarProjectKey);

      // Step 3: Calculate metrics
      const metrics = this.calculationService.calculateMetrics(
        sonarData.measures,
        sonarData.highCount,
        sonarData.blockerCount
      );

      console.log(`📊 Calculated metrics:`, {
        maintainability_high: metrics.maintainability_high,
        maintainability_blocker: metrics.maintainability_blocker,
        technical_debt_ratio: metrics....",4,TRY,23,,,2,BabelNodeInfo
47244640888,CONTROL_STRUCTURE,-1,,,"if (!sonarProjectKey) {
        throw new Error(`No SonarQube project key found for project ${projectId}`);
      }",6,IF,26,,,2,BabelNodeInfo
47244640889,CONTROL_STRUCTURE,2,,,"catch (error: any) {
      console.error(`❌ Failed to sync maintainability metrics for project ${projectId}:`, error.message);
      throw error;
    }",6,CATCH,61,,,2,BabelNodeInfo
47244640890,CONTROL_STRUCTURE,-1,,,if (this.initialized) return;,4,IF,15,,,1,BabelNodeInfo
47244640891,CONTROL_STRUCTURE,-1,,,"if (!this.baseUrl || !/^https?:\\/\\//.test(this.baseUrl)) {
      throw new Error('Invalid or missing SONARQUBE_URL. Please set it in your .env file.');
    }",4,IF,17,,,2,BabelNodeInfo
47244640892,CONTROL_STRUCTURE,-1,,,"if (!this.token) {
      throw new Error('Missing SONARQUBE_TOKEN. Please set it in your .env file.');
    }",4,IF,20,,,3,BabelNodeInfo
47244640893,CONTROL_STRUCTURE,-1,,,"try {
      console.log(`📊 Fetching reliability metrics for project: ${projectKey}`);
      const response = await axios.get(url, { headers: this.getAuthHeader() });
      console.log(`✅ Received response with ${response.data.component?.measures?.length || 0} measures`);
      return response.data;
    } catch (err: any) {
      console.error(`[SonarReliabilityApiService] Error fetching metrics for ${projectKey}`);
      if (err.response) {
        console.error('Response status:', err.response.status);
        console.error('Response data:', err.response.data);
      }
      throw err;
    }",4,TRY,49,,,4,BabelNodeInfo
47244640894,CONTROL_STRUCTURE,2,,,"catch (err: any) {
      console.error(`[SonarReliabilityApiService] Error fetching metrics for ${projectKey}`);
      if (err.response) {
        console.error('Response status:', err.response.status);
        console.error('Response data:', err.response.data);
      }
      throw err;
    }",6,CATCH,54,,,2,BabelNodeInfo
47244640895,CONTROL_STRUCTURE,-1,,,"if (err.response) {
        console.error('Response status:', err.response.status);
        console.error('Response data:', err.response.data);
      }",6,IF,56,,,3,BabelNodeInfo
47244640896,CONTROL_STRUCTURE,-1,,,"try {
      const response = await axios.get(url, { headers: this.getAuthHeader() });
      return response.data.total || 0;
    } catch (err: any) {
      console.error(`[SonarReliabilityApiService] Error fetching BUG/${severity} for ${projectKey}`);
      if (err.response) {
        console.error('Response status:', err.response.status);
      }
      throw err;
    }",4,TRY,72,,,3,BabelNodeInfo
47244640897,CONTROL_STRUCTURE,2,,,"catch (err: any) {
      console.error(`[SonarReliabilityApiService] Error fetching BUG/${severity} for ${projectKey}`);
      if (err.response) {
        console.error('Response status:', err.response.status);
      }
      throw err;
    }",6,CATCH,75,,,2,BabelNodeInfo
47244640898,CONTROL_STRUCTURE,-1,,,"if (err.response) {
        console.error('Response status:', err.response.status);
      }",6,IF,77,,,3,BabelNodeInfo
47244640899,CONTROL_STRUCTURE,-1,,,if (!measure) return 0;,6,IF,18,,,2,BabelNodeInfo
47244640900,CONTROL_STRUCTURE,-1,,,"if (measure.value !== undefined) {
        return parseFloat(measure.value) || 0;
      }",6,IF,21,,,3,BabelNodeInfo
47244640901,CONTROL_STRUCTURE,-1,,,"if (measure.period?.value !== undefined) {
        return parseFloat(measure.period.value) || 0;
      }",6,IF,26,,,4,BabelNodeInfo
47244640902,CONTROL_STRUCTURE,-1,,,if (rating <= 1) return 'A';,4,IF,55,,,1,BabelNodeInfo
47244640903,CONTROL_STRUCTURE,-1,,,if (rating <= 2) return 'B';,4,IF,56,,,2,BabelNodeInfo
47244640904,CONTROL_STRUCTURE,-1,,,if (rating <= 3) return 'C';,4,IF,57,,,3,BabelNodeInfo
47244640905,CONTROL_STRUCTURE,-1,,,if (rating <= 4) return 'D';,4,IF,58,,,4,BabelNodeInfo
47244640906,CONTROL_STRUCTURE,-1,,,"try {
      await pool.query(query, values);
      console.log(`✅ Saved reliability metrics for project ${projectId}`);
    } catch (error: any) {
      console.error(`❌ Failed to save reliability metrics for project ${projectId}:`, error.message);
      throw error;
    }",4,TRY,48,,,5,BabelNodeInfo
47244640907,CONTROL_STRUCTURE,2,,,"catch (error: any) {
      console.error(`❌ Failed to save reliability metrics for project ${projectId}:`, error.message);
      throw error;
    }",6,CATCH,51,,,2,BabelNodeInfo
47244640908,CONTROL_STRUCTURE,-1,,,"try {
      await pool.query(query, values);
      console.log(`✅ Saved reliability historical snapshot for project ${projectId} with health score: ${healthScore}`);
    } catch (error: any) {
      console.error(`❌ Failed to save reliability historical snapshot for project ${projectId}:`, error.message);
      throw error;
    }",4,TRY,90,,,5,BabelNodeInfo
47244640909,CONTROL_STRUCTURE,2,,,"catch (error: any) {
      console.error(`❌ Failed to save reliability historical snapshot for project ${projectId}:`, error.message);
      throw error;
    }",6,CATCH,93,,,2,BabelNodeInfo
47244640910,CONTROL_STRUCTURE,-1,,,"try {
      const result = await pool.query(query, [projectId]);
      return result.rows.length > 0 ? result.rows[0] : null;
    } catch (error: any) {
      console.error(`❌ Failed to get reliability metrics for project ${projectId}:`, error.message);
      throw error;
    }",4,TRY,112,,,3,BabelNodeInfo
47244640911,CONTROL_STRUCTURE,2,,,"catch (error: any) {
      console.error(`❌ Failed to get reliability metrics for project ${projectId}:`, error.message);
      throw error;
    }",6,CATCH,115,,,2,BabelNodeInfo
47244640912,CONTROL_STRUCTURE,-1,,,"try {
      const result = await pool.query(query, [projectId]);
      return result.rows;
    } catch (error: any) {
      console.error(`❌ Failed to get reliability metrics history for project ${projectId}:`, error.message);
      throw error;
    }",4,TRY,134,,,4,BabelNodeInfo
47244640913,CONTROL_STRUCTURE,2,,,"catch (error: any) {
      console.error(`❌ Failed to get reliability metrics history for project ${projectId}:`, error.message);
      throw error;
    }",6,CATCH,137,,,2,BabelNodeInfo
47244640914,CONTROL_STRUCTURE,-1,,,"try {
      await pool.query('DELETE FROM sonarqube_reliability_metrics WHERE project_id = $1', [projectId]);
      await pool.query('DELETE FROM sonarqube_reliability_history WHERE project_id = $1', [projectId]);
      console.log(`✅ Deleted all reliability metrics for project ${projectId}`);
    } catch (error: any) {
      console.error(`❌ Failed to delete reliability metrics for project ${projectId}:`, error.message);
      throw error;
    }",4,TRY,149,,,2,BabelNodeInfo
47244640915,CONTROL_STRUCTURE,2,,,"catch (error: any) {
      console.error(`❌ Failed to delete reliability metrics for project ${projectId}:`, error.message);
      throw error;
    }",6,CATCH,153,,,2,BabelNodeInfo
47244640916,CONTROL_STRUCTURE,-1,,,"try {
      // Step 1: Get SonarQube project key
      const sonarProjectKey = await getSonarProjectKey(projectId);
      if (!sonarProjectKey) {
        throw new Error(`No SonarQube project key found for project ${projectId}`);
      }

      console.log(`📌 SonarQube project key: ${sonarProjectKey}`);

      // Step 2: Fetch data from SonarQube API
      const sonarData = await this.fetchSonarQubeData(sonarProjectKey);

      // Step 3: Calculate metrics
      const metrics = this.calculationService.calculateMetrics(
        sonarData.measures,
        sonarData.criticalCount,
        sonarData.blockerCount
      );

      // Step 4: Save to database
      await this.dbService.saveMetrics(projectId, metrics);

      // Step 5: Save historical snapshot
      await this.dbService.saveHistoricalSnapshot(projectId, metrics);

      console.log(`✅ Successfully synced reliability metrics for project ${projectId}\\n`);
    } catch (error: any) {
      console.e...",4,TRY,23,,,2,BabelNodeInfo
47244640917,CONTROL_STRUCTURE,-1,,,"if (!sonarProjectKey) {
        throw new Error(`No SonarQube project key found for project ${projectId}`);
      }",6,IF,26,,,2,BabelNodeInfo
47244640918,CONTROL_STRUCTURE,2,,,"catch (error: any) {
      console.error(`❌ Failed to sync reliability metrics for project ${projectId}:`, error.message);
      throw error;
    }",6,CATCH,49,,,2,BabelNodeInfo
47244640919,CONTROL_STRUCTURE,-1,,,if (this.initialized) return;,4,IF,15,,,1,BabelNodeInfo
47244640920,CONTROL_STRUCTURE,-1,,,"if (!this.baseUrl || !/^https?:\\/\\//.test(this.baseUrl)) {
      throw new Error('Invalid or missing SONARQUBE_URL. Please set it in your .env file.');
    }",4,IF,17,,,2,BabelNodeInfo
47244640921,CONTROL_STRUCTURE,-1,,,"if (!this.token) {
      throw new Error('Missing SONARQUBE_TOKEN. Please set it in your .env file.');
    }",4,IF,20,,,3,BabelNodeInfo
47244640922,CONTROL_STRUCTURE,-1,,,"try {
      console.log(`📊 Fetching security metrics for project: ${projectKey}`);
      const response = await axios.get(url, { headers: this.getAuthHeader() });
      console.log(`✅ Received response with ${response.data.component?.measures?.length || 0} measures`);
      return response.data;
    } catch (err: any) {
      console.error(`[SonarSecurityApiService] Error fetching metrics for ${projectKey}`);
      if (err.response) {
        console.error('Response status:', err.response.status);
        console.error('Response data:', err.response.data);
      }
      throw err;
    }",4,TRY,52,,,4,BabelNodeInfo
47244640923,CONTROL_STRUCTURE,2,,,"catch (err: any) {
      console.error(`[SonarSecurityApiService] Error fetching metrics for ${projectKey}`);
      if (err.response) {
        console.error('Response status:', err.response.status);
        console.error('Response data:', err.response.data);
      }
      throw err;
    }",6,CATCH,57,,,2,BabelNodeInfo
47244640924,CONTROL_STRUCTURE,-1,,,"if (err.response) {
        console.error('Response status:', err.response.status);
        console.error('Response data:', err.response.data);
      }",6,IF,59,,,3,BabelNodeInfo
47244640925,CONTROL_STRUCTURE,-1,,,if (!measure) return 0;,6,IF,16,,,2,BabelNodeInfo
47244640926,CONTROL_STRUCTURE,-1,,,"if (measure.value !== undefined) {
        return parseFloat(measure.value) || 0;
      }",6,IF,19,,,3,BabelNodeInfo
47244640927,CONTROL_STRUCTURE,-1,,,"if (measure.period?.value !== undefined) {
        return parseFloat(measure.period.value) || 0;
      }",6,IF,24,,,4,BabelNodeInfo
47244640928,CONTROL_STRUCTURE,-1,,,if (rating <= 1) return 'A';,4,IF,58,,,1,BabelNodeInfo
47244640929,CONTROL_STRUCTURE,-1,,,if (rating <= 2) return 'B';,4,IF,59,,,2,BabelNodeInfo
47244640930,CONTROL_STRUCTURE,-1,,,if (rating <= 3) return 'C';,4,IF,60,,,3,BabelNodeInfo
47244640931,CONTROL_STRUCTURE,-1,,,if (rating <= 4) return 'D';,4,IF,61,,,4,BabelNodeInfo
47244640932,CONTROL_STRUCTURE,-1,,,"try {
      await pool.query(query, values);
      console.log(`✅ Saved security metrics for project ${projectId}`);
    } catch (error: any) {
      console.error(`❌ Failed to save security metrics for project ${projectId}:`, error.message);
      throw error;
    }",4,TRY,53,,,6,BabelNodeInfo
47244640933,CONTROL_STRUCTURE,2,,,"catch (error: any) {
      console.error(`❌ Failed to save security metrics for project ${projectId}:`, error.message);
      throw error;
    }",6,CATCH,56,,,2,BabelNodeInfo
47244640934,CONTROL_STRUCTURE,-1,,,"try {
      await pool.query(query, values);
      console.log(`✅ Saved security historical snapshot for project ${projectId} with health score: ${healthScore}`);
    } catch (error: any) {
      console.error(`❌ Failed to save security historical snapshot for project ${projectId}:`, error.message);
      throw error;
    }",4,TRY,98,,,5,BabelNodeInfo
47244640935,CONTROL_STRUCTURE,2,,,"catch (error: any) {
      console.error(`❌ Failed to save security historical snapshot for project ${projectId}:`, error.message);
      throw error;
    }",6,CATCH,101,,,2,BabelNodeInfo
47244640936,CONTROL_STRUCTURE,-1,,,"try {
      const result = await pool.query(query, [projectId]);
      return result.rows.length > 0 ? result.rows[0] : null;
    } catch (error: any) {
      console.error(`❌ Failed to get security metrics for project ${projectId}:`, error.message);
      throw error;
    }",4,TRY,120,,,3,BabelNodeInfo
47244640937,CONTROL_STRUCTURE,2,,,"catch (error: any) {
      console.error(`❌ Failed to get security metrics for project ${projectId}:`, error.message);
      throw error;
    }",6,CATCH,123,,,2,BabelNodeInfo
47244640938,CONTROL_STRUCTURE,-1,,,"try {
      const result = await pool.query(query, [projectId]);
      return result.rows;
    } catch (error: any) {
      console.error(`❌ Failed to get security metrics history for project ${projectId}:`, error.message);
      throw error;
    }",4,TRY,142,,,4,BabelNodeInfo
47244640939,CONTROL_STRUCTURE,2,,,"catch (error: any) {
      console.error(`❌ Failed to get security metrics history for project ${projectId}:`, error.message);
      throw error;
    }",6,CATCH,145,,,2,BabelNodeInfo
47244640940,CONTROL_STRUCTURE,-1,,,"try {
      await pool.query('DELETE FROM sonarqube_security_metrics WHERE project_id = $1', [projectId]);
      await pool.query('DELETE FROM sonarqube_security_history WHERE project_id = $1', [projectId]);
      console.log(`✅ Deleted all security metrics for project ${projectId}`);
    } catch (error: any) {
      console.error(`❌ Failed to delete security metrics for project ${projectId}:`, error.message);
      throw error;
    }",4,TRY,157,,,2,BabelNodeInfo
47244640941,CONTROL_STRUCTURE,2,,,"catch (error: any) {
      console.error(`❌ Failed to delete security metrics for project ${projectId}:`, error.message);
      throw error;
    }",6,CATCH,161,,,2,BabelNodeInfo
47244640942,CONTROL_STRUCTURE,-1,,,"switch (rating) {
      case 'A': return 1;
      case 'B': return 2;
      case 'C': return 3;
      case 'D': return 4;
      case 'E': return 5;
      default: return 5;
    }",4,SWITCH,171,,,1,BabelNodeInfo
47244640943,CONTROL_STRUCTURE,-1,,,"try {
      // Step 1: Get SonarQube project key
      const sonarProjectKey = await getSonarProjectKey(projectId);
      if (!sonarProjectKey) {
        throw new Error(`No SonarQube project key found for project ${projectId}`);
      }

      console.log(`📌 SonarQube project key: ${sonarProjectKey}`);

      // Step 2: Fetch data from SonarQube API
      const sonarData = await this.fetchSonarQubeData(sonarProjectKey);

      // Step 3: Calculate metrics
      const metrics = this.calculationService.calculateMetrics(sonarData.measures);

      // Step 4: Save to database
      await this.dbService.saveMetrics(projectId, metrics);

      // Step 5: Save historical snapshot
      await this.dbService.saveHistoricalSnapshot(projectId, metrics);

      console.log(`✅ Successfully synced security metrics for project ${projectId}\\n`);
    } catch (error: any) {
      console.error(`❌ Failed to sync security metrics for project ${projectId}:`, error.message);
   ...",4,TRY,23,,,2,BabelNodeInfo
47244640944,CONTROL_STRUCTURE,-1,,,"if (!sonarProjectKey) {
        throw new Error(`No SonarQube project key found for project ${projectId}`);
      }",6,IF,26,,,2,BabelNodeInfo
47244640945,CONTROL_STRUCTURE,2,,,"catch (error: any) {
      console.error(`❌ Failed to sync security metrics for project ${projectId}:`, error.message);
      throw error;
    }",6,CATCH,45,,,2,BabelNodeInfo
47244640946,CONTROL_STRUCTURE,-1,,,"if (!sonarUrl || !sonarToken) {
    console.error('❌ SONARQUBE_URL or SONARQUBE_TOKEN not configured');
    return;
  }",2,IF,18,,,11,BabelNodeInfo
47244640947,CONTROL_STRUCTURE,-1,,,"if (isSonarCloud && !sonarOrg) {
    console.warn('⚠️ SONARQUBE_ORGANIZATION is required for SonarCloud. Skipping auto-mapping.');
    return;
  }",2,IF,26,,,13,BabelNodeInfo
47244640948,CONTROL_STRUCTURE,-1,,,"try {
    do {
      // Build URL - only add organization parameter for SonarCloud
      let url = `${sonarUrl}/api/components/search?qualifiers=TRK&p=${page}&ps=${pageSize}`;
      if (sonarOrg) {
        url += `&organization=${sonarOrg}`;
      }
      
      // SonarCloud uses Bearer token auth; self-hosted SonarQube uses Basic auth
      const authHeader = isSonarCloud
        ? { Authorization: `Bearer ${sonarToken}` }
        : { Authorization: 'Basic ' + Buffer.from(sonarToken + ':').toString('base64') };
      
      const resp = await axios.get(url, {
        headers: authHeader,
      });
      const data = resp.data;
      
      // Check if we got HTML instead of JSON (authentication failure)
      if (typeof data === 'string' && data.includes('<!DOCTYPE html>')) {
        throw new Error('Authentication failed: Received HTML login page instead of JSON. Check your SONARQUBE_TOKEN.');
      }
      
      console.log('✅ Successfully fetched SonarQu...",2,TRY,36,,,18,BabelNodeInfo
47244640949,CONTROL_STRUCTURE,-1,,,"do {
      // Build URL - only add organization parameter for SonarCloud
      let url = `${sonarUrl}/api/components/search?qualifiers=TRK&p=${page}&ps=${pageSize}`;
      if (sonarOrg) {
        url += `&organization=${sonarOrg}`;
      }
      
      // SonarCloud uses Bearer token auth; self-hosted SonarQube uses Basic auth
      const authHeader = isSonarCloud
        ? { Authorization: `Bearer ${sonarToken}` }
        : { Authorization: 'Basic ' + Buffer.from(sonarToken + ':').toString('base64') };
      
      const resp = await axios.get(url, {
        headers: authHeader,
      });
      const data = resp.data;
      
      // Check if we got HTML instead of JSON (authentication failure)
      if (typeof data === 'string' && data.includes('<!DOCTYPE html>')) {
        throw new Error('Authentication failed: Received HTML login page instead of JSON. Check your SONARQUBE_TOKEN.');
      }
      
      console.log('✅ Successfully fetched SonarQube data');...",4,DO,37,,,1,BabelNodeInfo
47244640950,CONTROL_STRUCTURE,-1,,,"if (sonarOrg) {
        url += `&organization=${sonarOrg}`;
      }",6,IF,40,,,2,BabelNodeInfo
47244640951,CONTROL_STRUCTURE,-1,,,"if (typeof data === 'string' && data.includes('<!DOCTYPE html>')) {
        throw new Error('Authentication failed: Received HTML login page instead of JSON. Check your SONARQUBE_TOKEN.');
      }",6,IF,55,,,6,BabelNodeInfo
47244640952,CONTROL_STRUCTURE,-1,,,"if (data.components && Array.isArray(data.components)) {
        for (const c of data.components) {
          projects.push({ key: c.key, name: c.name });
        }
      }",6,IF,61,,,8,BabelNodeInfo
47244640953,CONTROL_STRUCTURE,-1,,,"for (const c of data.components) {
          projects.push({ key: c.key, name: c.name });
        }",8,WHILE,62,,,4,BabelNodeInfo
47244640954,CONTROL_STRUCTURE,2,,,"catch (error: any) {
    console.error('Failed to fetch SonarQube projects:', error.message);
    if (error.response) {
      console.error('Response status:', error.response.status);
      console.error('Response data:', error.response.data);
    }
    throw error;
  }",4,CATCH,69,,,2,BabelNodeInfo
47244640955,CONTROL_STRUCTURE,-1,,,"if (error.response) {
      console.error('Response status:', error.response.status);
      console.error('Response data:', error.response.data);
    }",4,IF,71,,,3,BabelNodeInfo
47244640956,CONTROL_STRUCTURE,-1,,,"for (const dbProject of dbProjects.rows) {
    const dbNorm = normalize(dbProject.name);
    
    // Try to find match by name or key
    let match = projects.find(
      p => normalize(p.name) === dbNorm || normalize(p.key) === dbNorm
    );
    
    // If no match, try to find if the SonarQube key ends with the DB project name
    if (!match) {
      match = projects.find(p => {
        const keyNorm = normalize(p.key);
        return keyNorm.endsWith(dbNorm) || keyNorm.includes(dbNorm);
      });
    }
    
    if (match) {
      await pool.query(
        'UPDATE projects SET sonar_project_key = $1 WHERE id = $2',
        [match.key, dbProject.id]
      );
      console.log(`✅ ""${dbProject.name}"" → ""${match.key}""`);
    } else {
      console.log(`❌ ""${dbProject.name}"" → No match`);
    }
  }",2,WHILE,89,,,4,BabelNodeInfo
47244640957,CONTROL_STRUCTURE,-1,,,"if (!match) {
      match = projects.find(p => {
        const keyNorm = normalize(p.key);
        return keyNorm.endsWith(dbNorm) || keyNorm.includes(dbNorm);
      });
    }",4,IF,98,,,3,BabelNodeInfo
47244640958,CONTROL_STRUCTURE,-1,,,"if (match) {
      await pool.query(
        'UPDATE projects SET sonar_project_key = $1 WHERE id = $2',
        [match.key, dbProject.id]
      );
      console.log(`✅ ""${dbProject.name}"" → ""${match.key}""`);
    } else {
      console.log(`❌ ""${dbProject.name}"" → No match`);
    }",4,IF,105,,,4,BabelNodeInfo
47244640959,CONTROL_STRUCTURE,-1,,,"if (result.rows.length > 0 && result.rows[0].sonar_project_key) {
    return result.rows[0].sonar_project_key;
  }",2,IF,124,,,3,BabelNodeInfo
47244640960,CONTROL_STRUCTURE,-1,,,"if (!this.baseUrl || !/^https?:\\/\\//.test(this.baseUrl)) {
      throw new Error('Invalid or missing SONARQUBE_URL. Please set it in your .env file.');
    }",4,IF,23,,,4,BabelNodeInfo
47244640961,CONTROL_STRUCTURE,-1,,,"if (!this.token) {
      throw new Error('Missing SONARQUBE_TOKEN. Please set it in your .env file.');
    }",4,IF,26,,,5,BabelNodeInfo
47244640962,CONTROL_STRUCTURE,-1,,,"if (this.isSonarCloud) {
      return {
        Authorization: `Bearer ${this.token}`,
      };
    }",4,IF,34,,,1,BabelNodeInfo
47244640963,CONTROL_STRUCTURE,-1,,,"try {
        const resp = await axios.get(url, { headers: this.getAuthHeader() });
        const count = resp.data.total || 0;
        console.log(`  ✓ ${type}/${severity}: ${count}`);
        return count;
      } catch (err: any) {
        // Print debug info for all errors
        console.error(`[SonarQubeService] Error for projectKey='${projectKey}' type='${type}' severity='${severity}'`);
        if (err.response) {
          console.error('Response status:', err.response.status);
          console.error('Response data:', typeof err.response.data === 'string' ? err.response.data.substring(0, 200) : err.response.data);
        } else {
          console.error('Error:', err.message);
        }
        throw err;
      }",6,TRY,50,,,2,BabelNodeInfo
47244640964,CONTROL_STRUCTURE,2,,,"catch (err: any) {
        // Print debug info for all errors
        console.error(`[SonarQubeService] Error for projectKey='${projectKey}' type='${type}' severity='${severity}'`);
        if (err.response) {
          console.error('Response status:', err.response.status);
          console.error('Response data:', typeof err.response.data === 'string' ? err.response.data.substring(0, 200) : err.response.data);
        } else {
          console.error('Error:', err.message);
        }
        throw err;
      }",8,CATCH,55,,,2,BabelNodeInfo
47244640965,CONTROL_STRUCTURE,-1,,,"if (err.response) {
          console.error('Response status:', err.response.status);
          console.error('Response data:', typeof err.response.data === 'string' ? err.response.data.substring(0, 200) : err.response.data);
        } else {
          console.error('Error:', err.message);
        }",8,IF,58,,,3,BabelNodeInfo
47244640966,CONTROL_STRUCTURE,-1,,,"if (metrics.avg_cycle_time_days < 1) cycleTimeScore = 5;
  else if (metrics.avg_cycle_time_days < 3) cycleTimeScore = 4;
  else if (metrics.avg_cycle_time_days < 7) cycleTimeScore = 3;
  else if (metrics.avg_cycle_time_days < 14) cycleTimeScore = 2;
  else if (metrics.avg_cycle_time_days < 30) cycleTimeScore = 1;
  else cycleTimeScore = 0;",2,IF,15,,,2,BabelNodeInfo
47244640967,CONTROL_STRUCTURE,-1,,,"if (metrics.avg_cycle_time_days < 3) cycleTimeScore = 4;
  else if (metrics.avg_cycle_time_days < 7) cycleTimeScore = 3;
  else if (metrics.avg_cycle_time_days < 14) cycleTimeScore = 2;
  else if (metrics.avg_cycle_time_days < 30) cycleTimeScore = 1;
  else cycleTimeScore = 0;",7,IF,16,,,3,BabelNodeInfo
47244640968,CONTROL_STRUCTURE,-1,,,"if (metrics.avg_cycle_time_days < 7) cycleTimeScore = 3;
  else if (metrics.avg_cycle_time_days < 14) cycleTimeScore = 2;
  else if (metrics.avg_cycle_time_days < 30) cycleTimeScore = 1;
  else cycleTimeScore = 0;",7,IF,17,,,3,BabelNodeInfo
47244640969,CONTROL_STRUCTURE,-1,,,"if (metrics.avg_cycle_time_days < 14) cycleTimeScore = 2;
  else if (metrics.avg_cycle_time_days < 30) cycleTimeScore = 1;
  else cycleTimeScore = 0;",7,IF,18,,,3,BabelNodeInfo
47244640970,CONTROL_STRUCTURE,-1,,,"if (metrics.avg_cycle_time_days < 30) cycleTimeScore = 1;
  else cycleTimeScore = 0;",7,IF,19,,,3,BabelNodeInfo
47244640971,CONTROL_STRUCTURE,-1,,,"if (metrics.reopen_rate_percent < 5) reopenRateScore = 5;
  else if (metrics.reopen_rate_percent < 10) reopenRateScore = 4;
  else if (metrics.reopen_rate_percent < 20) reopenRateScore = 3;
  else if (metrics.reopen_rate_percent < 30) reopenRateScore = 2;
  else if (metrics.reopen_rate_percent < 50) reopenRateScore = 1;
  else reopenRateScore = 0;",2,IF,24,,,4,BabelNodeInfo
47244640972,CONTROL_STRUCTURE,-1,,,"if (metrics.reopen_rate_percent < 10) reopenRateScore = 4;
  else if (metrics.reopen_rate_percent < 20) reopenRateScore = 3;
  else if (metrics.reopen_rate_percent < 30) reopenRateScore = 2;
  else if (metrics.reopen_rate_percent < 50) reopenRateScore = 1;
  else reopenRateScore = 0;",7,IF,25,,,3,BabelNodeInfo
47244640973,CONTROL_STRUCTURE,-1,,,"if (metrics.reopen_rate_percent < 20) reopenRateScore = 3;
  else if (metrics.reopen_rate_percent < 30) reopenRateScore = 2;
  else if (metrics.reopen_rate_percent < 50) reopenRateScore = 1;
  else reopenRateScore = 0;",7,IF,26,,,3,BabelNodeInfo
47244640974,CONTROL_STRUCTURE,-1,,,"if (metrics.reopen_rate_percent < 30) reopenRateScore = 2;
  else if (metrics.reopen_rate_percent < 50) reopenRateScore = 1;
  else reopenRateScore = 0;",7,IF,27,,,3,BabelNodeInfo
47244640975,CONTROL_STRUCTURE,-1,,,"if (metrics.reopen_rate_percent < 50) reopenRateScore = 1;
  else reopenRateScore = 0;",7,IF,28,,,3,BabelNodeInfo
47244640976,CONTROL_STRUCTURE,-1,,,"if (metrics.issues_closed_last_7d > 20) velocityScore = 5;
  else if (metrics.issues_closed_last_7d >= 10) velocityScore = 4;
  else if (metrics.issues_closed_last_7d >= 5) velocityScore = 3;
  else if (metrics.issues_closed_last_7d >= 2) velocityScore = 2;
  else if (metrics.issues_closed_last_7d >= 1) velocityScore = 1;
  else velocityScore = 0;",2,IF,33,,,6,BabelNodeInfo
47244640977,CONTROL_STRUCTURE,-1,,,"if (metrics.issues_closed_last_7d >= 10) velocityScore = 4;
  else if (metrics.issues_closed_last_7d >= 5) velocityScore = 3;
  else if (metrics.issues_closed_last_7d >= 2) velocityScore = 2;
  else if (metrics.issues_closed_last_7d >= 1) velocityScore = 1;
  else velocityScore = 0;",7,IF,34,,,3,BabelNodeInfo
47244640978,CONTROL_STRUCTURE,-1,,,"if (metrics.issues_closed_last_7d >= 5) velocityScore = 3;
  else if (metrics.issues_closed_last_7d >= 2) velocityScore = 2;
  else if (metrics.issues_closed_last_7d >= 1) velocityScore = 1;
  else velocityScore = 0;",7,IF,35,,,3,BabelNodeInfo
47244640979,CONTROL_STRUCTURE,-1,,,"if (metrics.issues_closed_last_7d >= 2) velocityScore = 2;
  else if (metrics.issues_closed_last_7d >= 1) velocityScore = 1;
  else velocityScore = 0;",7,IF,36,,,3,BabelNodeInfo
47244640980,CONTROL_STRUCTURE,-1,,,"if (metrics.issues_closed_last_7d >= 1) velocityScore = 1;
  else velocityScore = 0;",7,IF,37,,,3,BabelNodeInfo
47244640981,CONTROL_STRUCTURE,-1,,,"if (metrics.critical_issues_open === 0) criticalScore = 5;
  else if (metrics.critical_issues_open <= 2) criticalScore = 4;
  else if (metrics.critical_issues_open <= 5) criticalScore = 3;
  else if (metrics.critical_issues_open <= 10) criticalScore = 2;
  else if (metrics.critical_issues_open <= 20) criticalScore = 1;
  else criticalScore = 0;",2,IF,42,,,8,BabelNodeInfo
47244640982,CONTROL_STRUCTURE,-1,,,"if (metrics.critical_issues_open <= 2) criticalScore = 4;
  else if (metrics.critical_issues_open <= 5) criticalScore = 3;
  else if (metrics.critical_issues_open <= 10) criticalScore = 2;
  else if (metrics.critical_issues_open <= 20) criticalScore = 1;
  else criticalScore = 0;",7,IF,43,,,3,BabelNodeInfo
47244640983,CONTROL_STRUCTURE,-1,,,"if (metrics.critical_issues_open <= 5) criticalScore = 3;
  else if (metrics.critical_issues_open <= 10) criticalScore = 2;
  else if (metrics.critical_issues_open <= 20) criticalScore = 1;
  else criticalScore = 0;",7,IF,44,,,3,BabelNodeInfo
47244640984,CONTROL_STRUCTURE,-1,,,"if (metrics.critical_issues_open <= 10) criticalScore = 2;
  else if (metrics.critical_issues_open <= 20) criticalScore = 1;
  else criticalScore = 0;",7,IF,45,,,3,BabelNodeInfo
47244640985,CONTROL_STRUCTURE,-1,,,"if (metrics.critical_issues_open <= 20) criticalScore = 1;
  else criticalScore = 0;",7,IF,46,,,3,BabelNodeInfo
47244640986,CONTROL_STRUCTURE,-1,,,"if (metrics.avg_merge_time_days < 1) mergeTimeScore = 5;
  else if (metrics.avg_merge_time_days < 2) mergeTimeScore = 4;
  else if (metrics.avg_merge_time_days < 5) mergeTimeScore = 3;
  else if (metrics.avg_merge_time_days < 10) mergeTimeScore = 2;
  else if (metrics.avg_merge_time_days < 20) mergeTimeScore = 1;
  else mergeTimeScore = 0;",2,IF,69,,,2,BabelNodeInfo
47244640987,CONTROL_STRUCTURE,-1,,,"if (metrics.avg_merge_time_days < 2) mergeTimeScore = 4;
  else if (metrics.avg_merge_time_days < 5) mergeTimeScore = 3;
  else if (metrics.avg_merge_time_days < 10) mergeTimeScore = 2;
  else if (metrics.avg_merge_time_days < 20) mergeTimeScore = 1;
  else mergeTimeScore = 0;",7,IF,70,,,3,BabelNodeInfo
47244640988,CONTROL_STRUCTURE,-1,,,"if (metrics.avg_merge_time_days < 5) mergeTimeScore = 3;
  else if (metrics.avg_merge_time_days < 10) mergeTimeScore = 2;
  else if (metrics.avg_merge_time_days < 20) mergeTimeScore = 1;
  else mergeTimeScore = 0;",7,IF,71,,,3,BabelNodeInfo
47244640989,CONTROL_STRUCTURE,-1,,,"if (metrics.avg_merge_time_days < 10) mergeTimeScore = 2;
  else if (metrics.avg_merge_time_days < 20) mergeTimeScore = 1;
  else mergeTimeScore = 0;",7,IF,72,,,3,BabelNodeInfo
47244640990,CONTROL_STRUCTURE,-1,,,"if (metrics.avg_merge_time_days < 20) mergeTimeScore = 1;
  else mergeTimeScore = 0;",7,IF,73,,,3,BabelNodeInfo
47244640991,CONTROL_STRUCTURE,-1,,,"if (metrics.revert_rate_percent < 3) revertRateScore = 5;
  else if (metrics.revert_rate_percent < 5) revertRateScore = 4;
  else if (metrics.revert_rate_percent < 10) revertRateScore = 3;
  else if (metrics.revert_rate_percent < 20) revertRateScore = 2;
  else if (metrics.revert_rate_percent < 30) revertRateScore = 1;
  else revertRateScore = 0;",2,IF,78,,,4,BabelNodeInfo
47244640992,CONTROL_STRUCTURE,-1,,,"if (metrics.revert_rate_percent < 5) revertRateScore = 4;
  else if (metrics.revert_rate_percent < 10) revertRateScore = 3;
  else if (metrics.revert_rate_percent < 20) revertRateScore = 2;
  else if (metrics.revert_rate_percent < 30) revertRateScore = 1;
  else revertRateScore = 0;",7,IF,79,,,3,BabelNodeInfo
47244640993,CONTROL_STRUCTURE,-1,,,"if (metrics.revert_rate_percent < 10) revertRateScore = 3;
  else if (metrics.revert_rate_percent < 20) revertRateScore = 2;
  else if (metrics.revert_rate_percent < 30) revertRateScore = 1;
  else revertRateScore = 0;",7,IF,80,,,3,BabelNodeInfo
47244640994,CONTROL_STRUCTURE,-1,,,"if (metrics.revert_rate_percent < 20) revertRateScore = 2;
  else if (metrics.revert_rate_percent < 30) revertRateScore = 1;
  else revertRateScore = 0;",7,IF,81,,,3,BabelNodeInfo
47244640995,CONTROL_STRUCTURE,-1,,,"if (metrics.revert_rate_percent < 30) revertRateScore = 1;
  else revertRateScore = 0;",7,IF,82,,,3,BabelNodeInfo
47244640996,CONTROL_STRUCTURE,-1,,,"if (metrics.mrs_merged_last_7d > 15) velocityScore = 5;
  else if (metrics.mrs_merged_last_7d >= 8) velocityScore = 4;
  else if (metrics.mrs_merged_last_7d >= 4) velocityScore = 3;
  else if (metrics.mrs_merged_last_7d >= 2) velocityScore = 2;
  else if (metrics.mrs_merged_last_7d >= 1) velocityScore = 1;
  else velocityScore = 0;",2,IF,87,,,6,BabelNodeInfo
47244640997,CONTROL_STRUCTURE,-1,,,"if (metrics.mrs_merged_last_7d >= 8) velocityScore = 4;
  else if (metrics.mrs_merged_last_7d >= 4) velocityScore = 3;
  else if (metrics.mrs_merged_last_7d >= 2) velocityScore = 2;
  else if (metrics.mrs_merged_last_7d >= 1) velocityScore = 1;
  else velocityScore = 0;",7,IF,88,,,3,BabelNodeInfo
47244640998,CONTROL_STRUCTURE,-1,,,"if (metrics.mrs_merged_last_7d >= 4) velocityScore = 3;
  else if (metrics.mrs_merged_last_7d >= 2) velocityScore = 2;
  else if (metrics.mrs_merged_last_7d >= 1) velocityScore = 1;
  else velocityScore = 0;",7,IF,89,,,3,BabelNodeInfo
47244640999,CONTROL_STRUCTURE,-1,,,"if (metrics.mrs_merged_last_7d >= 2) velocityScore = 2;
  else if (metrics.mrs_merged_last_7d >= 1) velocityScore = 1;
  else velocityScore = 0;",7,IF,90,,,3,BabelNodeInfo
47244641000,CONTROL_STRUCTURE,-1,,,"if (metrics.mrs_merged_last_7d >= 1) velocityScore = 1;
  else velocityScore = 0;",7,IF,91,,,3,BabelNodeInfo
47244641001,CONTROL_STRUCTURE,-1,,,"if (metrics.avg_review_comments_per_mr > 10) reviewScore = 5;
  else if (metrics.avg_review_comments_per_mr >= 5) reviewScore = 4;
  else if (metrics.avg_review_comments_per_mr >= 3) reviewScore = 3;
  else if (metrics.avg_review_comments_per_mr >= 1) reviewScore = 2;
  else if (metrics.avg_review_comments_per_mr > 0) reviewScore = 1;
  else reviewScore = 0;",2,IF,96,,,8,BabelNodeInfo
47244641002,CONTROL_STRUCTURE,-1,,,"if (metrics.avg_review_comments_per_mr >= 5) reviewScore = 4;
  else if (metrics.avg_review_comments_per_mr >= 3) reviewScore = 3;
  else if (metrics.avg_review_comments_per_mr >= 1) reviewScore = 2;
  else if (metrics.avg_review_comments_per_mr > 0) reviewScore = 1;
  else reviewScore = 0;",7,IF,97,,,3,BabelNodeInfo
47244641003,CONTROL_STRUCTURE,-1,,,"if (metrics.avg_review_comments_per_mr >= 3) reviewScore = 3;
  else if (metrics.avg_review_comments_per_mr >= 1) reviewScore = 2;
  else if (metrics.avg_review_comments_per_mr > 0) reviewScore = 1;
  else reviewScore = 0;",7,IF,98,,,3,BabelNodeInfo
47244641004,CONTROL_STRUCTURE,-1,,,"if (metrics.avg_review_comments_per_mr >= 1) reviewScore = 2;
  else if (metrics.avg_review_comments_per_mr > 0) reviewScore = 1;
  else reviewScore = 0;",7,IF,99,,,3,BabelNodeInfo
47244641005,CONTROL_STRUCTURE,-1,,,"if (metrics.avg_review_comments_per_mr > 0) reviewScore = 1;
  else reviewScore = 0;",7,IF,100,,,3,BabelNodeInfo
47244641006,CONTROL_STRUCTURE,-1,,,"if (metrics.total_commits_last_7d > 50) commitFreqScore = 5;
  else if (metrics.total_commits_last_7d >= 25) commitFreqScore = 4;
  else if (metrics.total_commits_last_7d >= 10) commitFreqScore = 3;
  else if (metrics.total_commits_last_7d >= 5) commitFreqScore = 2;
  else if (metrics.total_commits_last_7d >= 1) commitFreqScore = 1;
  else commitFreqScore = 0;",2,IF,122,,,2,BabelNodeInfo
47244641007,CONTROL_STRUCTURE,-1,,,"if (metrics.total_commits_last_7d >= 25) commitFreqScore = 4;
  else if (metrics.total_commits_last_7d >= 10) commitFreqScore = 3;
  else if (metrics.total_commits_last_7d >= 5) commitFreqScore = 2;
  else if (metrics.total_commits_last_7d >= 1) commitFreqScore = 1;
  else commitFreqScore = 0;",7,IF,123,,,3,BabelNodeInfo
47244641008,CONTROL_STRUCTURE,-1,,,"if (metrics.total_commits_last_7d >= 10) commitFreqScore = 3;
  else if (metrics.total_commits_last_7d >= 5) commitFreqScore = 2;
  else if (metrics.total_commits_last_7d >= 1) commitFreqScore = 1;
  else commitFreqScore = 0;",7,IF,124,,,3,BabelNodeInfo
47244641009,CONTROL_STRUCTURE,-1,,,"if (metrics.total_commits_last_7d >= 5) commitFreqScore = 2;
  else if (metrics.total_commits_last_7d >= 1) commitFreqScore = 1;
  else commitFreqScore = 0;",7,IF,125,,,3,BabelNodeInfo
47244641010,CONTROL_STRUCTURE,-1,,,"if (metrics.total_commits_last_7d >= 1) commitFreqScore = 1;
  else commitFreqScore = 0;",7,IF,126,,,3,BabelNodeInfo
47244641011,CONTROL_STRUCTURE,-1,,,"if (metrics.avg_commit_size < 200) commitSizeScore = 5;
  else if (metrics.avg_commit_size < 500) commitSizeScore = 4;
  else if (metrics.avg_commit_size < 1000) commitSizeScore = 3;
  else if (metrics.avg_commit_size < 2000) commitSizeScore = 2;
  else if (metrics.avg_commit_size < 5000) commitSizeScore = 1;
  else commitSizeScore = 0.5;",2,IF,132,,,4,BabelNodeInfo
47244641012,CONTROL_STRUCTURE,-1,,,"if (metrics.avg_commit_size < 500) commitSizeScore = 4;
  else if (metrics.avg_commit_size < 1000) commitSizeScore = 3;
  else if (metrics.avg_commit_size < 2000) commitSizeScore = 2;
  else if (metrics.avg_commit_size < 5000) commitSizeScore = 1;
  else commitSizeScore = 0.5;",7,IF,133,,,3,BabelNodeInfo
47244641013,CONTROL_STRUCTURE,-1,,,"if (metrics.avg_commit_size < 1000) commitSizeScore = 3;
  else if (metrics.avg_commit_size < 2000) commitSizeScore = 2;
  else if (metrics.avg_commit_size < 5000) commitSizeScore = 1;
  else commitSizeScore = 0.5;",7,IF,134,,,3,BabelNodeInfo
47244641014,CONTROL_STRUCTURE,-1,,,"if (metrics.avg_commit_size < 2000) commitSizeScore = 2;
  else if (metrics.avg_commit_size < 5000) commitSizeScore = 1;
  else commitSizeScore = 0.5;",7,IF,135,,,3,BabelNodeInfo
47244641015,CONTROL_STRUCTURE,-1,,,"if (metrics.avg_commit_size < 5000) commitSizeScore = 1;
  else commitSizeScore = 0.5;",7,IF,136,,,3,BabelNodeInfo
47244641016,CONTROL_STRUCTURE,-1,,,"if (metrics.bus_factor >= 5) busFactorScore = 5;
  else if (metrics.bus_factor >= 4) busFactorScore = 4;
  else if (metrics.bus_factor >= 3) busFactorScore = 3.5;
  else if (metrics.bus_factor === 2) busFactorScore = 2.5;
  else if (metrics.bus_factor === 1) busFactorScore = 1.5;
  else busFactorScore = 0.5;",2,IF,142,,,6,BabelNodeInfo
47244641017,CONTROL_STRUCTURE,-1,,,"if (metrics.bus_factor >= 4) busFactorScore = 4;
  else if (metrics.bus_factor >= 3) busFactorScore = 3.5;
  else if (metrics.bus_factor === 2) busFactorScore = 2.5;
  else if (metrics.bus_factor === 1) busFactorScore = 1.5;
  else busFactorScore = 0.5;",7,IF,143,,,3,BabelNodeInfo
47244641018,CONTROL_STRUCTURE,-1,,,"if (metrics.bus_factor >= 3) busFactorScore = 3.5;
  else if (metrics.bus_factor === 2) busFactorScore = 2.5;
  else if (metrics.bus_factor === 1) busFactorScore = 1.5;
  else busFactorScore = 0.5;",7,IF,144,,,3,BabelNodeInfo
47244641019,CONTROL_STRUCTURE,-1,,,"if (metrics.bus_factor === 2) busFactorScore = 2.5;
  else if (metrics.bus_factor === 1) busFactorScore = 1.5;
  else busFactorScore = 0.5;",7,IF,145,,,3,BabelNodeInfo
47244641020,CONTROL_STRUCTURE,-1,,,"if (metrics.bus_factor === 1) busFactorScore = 1.5;
  else busFactorScore = 0.5;",7,IF,146,,,3,BabelNodeInfo
47244641021,CONTROL_STRUCTURE,-1,,,"if (metrics.reliability_rating === 'A') ratingScore = 5;
  else if (metrics.reliability_rating === 'B') ratingScore = 4;
  else if (metrics.reliability_rating === 'C') ratingScore = 3;
  else if (metrics.reliability_rating === 'D') ratingScore = 2;
  else if (metrics.reliability_rating === 'E') ratingScore = 1;
  else ratingScore = 0;",2,IF,166,,,2,BabelNodeInfo
47244641022,CONTROL_STRUCTURE,-1,,,"if (metrics.reliability_rating === 'B') ratingScore = 4;
  else if (metrics.reliability_rating === 'C') ratingScore = 3;
  else if (metrics.reliability_rating === 'D') ratingScore = 2;
  else if (metrics.reliability_rating === 'E') ratingScore = 1;
  else ratingScore = 0;",7,IF,167,,,3,BabelNodeInfo
47244641023,CONTROL_STRUCTURE,-1,,,"if (metrics.reliability_rating === 'C') ratingScore = 3;
  else if (metrics.reliability_rating === 'D') ratingScore = 2;
  else if (metrics.reliability_rating === 'E') ratingScore = 1;
  else ratingScore = 0;",7,IF,168,,,3,BabelNodeInfo
47244641024,CONTROL_STRUCTURE,-1,,,"if (metrics.reliability_rating === 'D') ratingScore = 2;
  else if (metrics.reliability_rating === 'E') ratingScore = 1;
  else ratingScore = 0;",7,IF,169,,,3,BabelNodeInfo
47244641025,CONTROL_STRUCTURE,-1,,,"if (metrics.reliability_rating === 'E') ratingScore = 1;
  else ratingScore = 0;",7,IF,170,,,3,BabelNodeInfo
47244641026,CONTROL_STRUCTURE,-1,,,"if (metrics.bugs_total === 0) bugsScore = 5;
  else if (metrics.bugs_total <= 5) bugsScore = 4;
  else if (metrics.bugs_total <= 15) bugsScore = 3;
  else if (metrics.bugs_total <= 30) bugsScore = 2;
  else if (metrics.bugs_total <= 50) bugsScore = 1;
  else bugsScore = 0;",2,IF,175,,,4,BabelNodeInfo
47244641027,CONTROL_STRUCTURE,-1,,,"if (metrics.bugs_total <= 5) bugsScore = 4;
  else if (metrics.bugs_total <= 15) bugsScore = 3;
  else if (metrics.bugs_total <= 30) bugsScore = 2;
  else if (metrics.bugs_total <= 50) bugsScore = 1;
  else bugsScore = 0;",7,IF,176,,,3,BabelNodeInfo
47244641028,CONTROL_STRUCTURE,-1,,,"if (metrics.bugs_total <= 15) bugsScore = 3;
  else if (metrics.bugs_total <= 30) bugsScore = 2;
  else if (metrics.bugs_total <= 50) bugsScore = 1;
  else bugsScore = 0;",7,IF,177,,,3,BabelNodeInfo
47244641029,CONTROL_STRUCTURE,-1,,,"if (metrics.bugs_total <= 30) bugsScore = 2;
  else if (metrics.bugs_total <= 50) bugsScore = 1;
  else bugsScore = 0;",7,IF,178,,,3,BabelNodeInfo
47244641030,CONTROL_STRUCTURE,-1,,,"if (metrics.bugs_total <= 50) bugsScore = 1;
  else bugsScore = 0;",7,IF,179,,,3,BabelNodeInfo
47244641031,CONTROL_STRUCTURE,-1,,,"if (metrics.maintainability_rating === 'A') ratingScore = 5;
  else if (metrics.maintainability_rating === 'B') ratingScore = 4;
  else if (metrics.maintainability_rating === 'C') ratingScore = 3;
  else if (metrics.maintainability_rating === 'D') ratingScore = 2;
  else if (metrics.maintainability_rating === 'E') ratingScore = 1;
  else ratingScore = 0;",2,IF,200,,,2,BabelNodeInfo
47244641032,CONTROL_STRUCTURE,-1,,,"if (metrics.maintainability_rating === 'B') ratingScore = 4;
  else if (metrics.maintainability_rating === 'C') ratingScore = 3;
  else if (metrics.maintainability_rating === 'D') ratingScore = 2;
  else if (metrics.maintainability_rating === 'E') ratingScore = 1;
  else ratingScore = 0;",7,IF,201,,,3,BabelNodeInfo
47244641033,CONTROL_STRUCTURE,-1,,,"if (metrics.maintainability_rating === 'C') ratingScore = 3;
  else if (metrics.maintainability_rating === 'D') ratingScore = 2;
  else if (metrics.maintainability_rating === 'E') ratingScore = 1;
  else ratingScore = 0;",7,IF,202,,,3,BabelNodeInfo
47244641034,CONTROL_STRUCTURE,-1,,,"if (metrics.maintainability_rating === 'D') ratingScore = 2;
  else if (metrics.maintainability_rating === 'E') ratingScore = 1;
  else ratingScore = 0;",7,IF,203,,,3,BabelNodeInfo
47244641035,CONTROL_STRUCTURE,-1,,,"if (metrics.maintainability_rating === 'E') ratingScore = 1;
  else ratingScore = 0;",7,IF,204,,,3,BabelNodeInfo
47244641036,CONTROL_STRUCTURE,-1,,,"if (metrics.technical_debt_ratio < 5) debtScore = 5;
  else if (metrics.technical_debt_ratio < 10) debtScore = 4;
  else if (metrics.technical_debt_ratio < 20) debtScore = 3;
  else if (metrics.technical_debt_ratio < 30) debtScore = 2;
  else if (metrics.technical_debt_ratio < 50) debtScore = 1;
  else debtScore = 0;",2,IF,209,,,4,BabelNodeInfo
47244641037,CONTROL_STRUCTURE,-1,,,"if (metrics.technical_debt_ratio < 10) debtScore = 4;
  else if (metrics.technical_debt_ratio < 20) debtScore = 3;
  else if (metrics.technical_debt_ratio < 30) debtScore = 2;
  else if (metrics.technical_debt_ratio < 50) debtScore = 1;
  else debtScore = 0;",7,IF,210,,,3,BabelNodeInfo
47244641038,CONTROL_STRUCTURE,-1,,,"if (metrics.technical_debt_ratio < 20) debtScore = 3;
  else if (metrics.technical_debt_ratio < 30) debtScore = 2;
  else if (metrics.technical_debt_ratio < 50) debtScore = 1;
  else debtScore = 0;",7,IF,211,,,3,BabelNodeInfo
47244641039,CONTROL_STRUCTURE,-1,,,"if (metrics.technical_debt_ratio < 30) debtScore = 2;
  else if (metrics.technical_debt_ratio < 50) debtScore = 1;
  else debtScore = 0;",7,IF,212,,,3,BabelNodeInfo
47244641040,CONTROL_STRUCTURE,-1,,,"if (metrics.technical_debt_ratio < 50) debtScore = 1;
  else debtScore = 0;",7,IF,213,,,3,BabelNodeInfo
47244641041,CONTROL_STRUCTURE,-1,,,"if (metrics.code_smells_total === 0) smellsScore = 5;
  else if (metrics.code_smells_total <= 10) smellsScore = 4;
  else if (metrics.code_smells_total <= 30) smellsScore = 3;
  else if (metrics.code_smells_total <= 50) smellsScore = 2;
  else if (metrics.code_smells_total <= 100) smellsScore = 1;
  else smellsScore = 0;",2,IF,218,,,6,BabelNodeInfo
47244641042,CONTROL_STRUCTURE,-1,,,"if (metrics.code_smells_total <= 10) smellsScore = 4;
  else if (metrics.code_smells_total <= 30) smellsScore = 3;
  else if (metrics.code_smells_total <= 50) smellsScore = 2;
  else if (metrics.code_smells_total <= 100) smellsScore = 1;
  else smellsScore = 0;",7,IF,219,,,3,BabelNodeInfo
47244641043,CONTROL_STRUCTURE,-1,,,"if (metrics.code_smells_total <= 30) smellsScore = 3;
  else if (metrics.code_smells_total <= 50) smellsScore = 2;
  else if (metrics.code_smells_total <= 100) smellsScore = 1;
  else smellsScore = 0;",7,IF,220,,,3,BabelNodeInfo
47244641044,CONTROL_STRUCTURE,-1,,,"if (metrics.code_smells_total <= 50) smellsScore = 2;
  else if (metrics.code_smells_total <= 100) smellsScore = 1;
  else smellsScore = 0;",7,IF,221,,,3,BabelNodeInfo
47244641045,CONTROL_STRUCTURE,-1,,,"if (metrics.code_smells_total <= 100) smellsScore = 1;
  else smellsScore = 0;",7,IF,222,,,3,BabelNodeInfo
47244641046,CONTROL_STRUCTURE,-1,,,"if (metrics.duplicated_code_percentage < 3) duplicationScore = 5;
  else if (metrics.duplicated_code_percentage < 5) duplicationScore = 4;
  else if (metrics.duplicated_code_percentage < 10) duplicationScore = 3;
  else if (metrics.duplicated_code_percentage < 20) duplicationScore = 2;
  else if (metrics.duplicated_code_percentage < 30) duplicationScore = 1;
  else duplicationScore = 0;",2,IF,227,,,8,BabelNodeInfo
47244641047,CONTROL_STRUCTURE,-1,,,"if (metrics.duplicated_code_percentage < 5) duplicationScore = 4;
  else if (metrics.duplicated_code_percentage < 10) duplicationScore = 3;
  else if (metrics.duplicated_code_percentage < 20) duplicationScore = 2;
  else if (metrics.duplicated_code_percentage < 30) duplicationScore = 1;
  else duplicationScore = 0;",7,IF,228,,,3,BabelNodeInfo
47244641048,CONTROL_STRUCTURE,-1,,,"if (metrics.duplicated_code_percentage < 10) duplicationScore = 3;
  else if (metrics.duplicated_code_percentage < 20) duplicationScore = 2;
  else if (metrics.duplicated_code_percentage < 30) duplicationScore = 1;
  else duplicationScore = 0;",7,IF,229,,,3,BabelNodeInfo
47244641049,CONTROL_STRUCTURE,-1,,,"if (metrics.duplicated_code_percentage < 20) duplicationScore = 2;
  else if (metrics.duplicated_code_percentage < 30) duplicationScore = 1;
  else duplicationScore = 0;",7,IF,230,,,3,BabelNodeInfo
47244641050,CONTROL_STRUCTURE,-1,,,"if (metrics.duplicated_code_percentage < 30) duplicationScore = 1;
  else duplicationScore = 0;",7,IF,231,,,3,BabelNodeInfo
47244641051,CONTROL_STRUCTURE,-1,,,"if (metrics.security_rating === 'A') ratingScore = 5;
  else if (metrics.security_rating === 'B') ratingScore = 4;
  else if (metrics.security_rating === 'C') ratingScore = 3;
  else if (metrics.security_rating === 'D') ratingScore = 2;
  else if (metrics.security_rating === 'E') ratingScore = 1;
  else ratingScore = 0;",2,IF,253,,,2,BabelNodeInfo
47244641052,CONTROL_STRUCTURE,-1,,,"if (metrics.security_rating === 'B') ratingScore = 4;
  else if (metrics.security_rating === 'C') ratingScore = 3;
  else if (metrics.security_rating === 'D') ratingScore = 2;
  else if (metrics.security_rating === 'E') ratingScore = 1;
  else ratingScore = 0;",7,IF,254,,,3,BabelNodeInfo
47244641053,CONTROL_STRUCTURE,-1,,,"if (metrics.security_rating === 'C') ratingScore = 3;
  else if (metrics.security_rating === 'D') ratingScore = 2;
  else if (metrics.security_rating === 'E') ratingScore = 1;
  else ratingScore = 0;",7,IF,255,,,3,BabelNodeInfo
47244641054,CONTROL_STRUCTURE,-1,,,"if (metrics.security_rating === 'D') ratingScore = 2;
  else if (metrics.security_rating === 'E') ratingScore = 1;
  else ratingScore = 0;",7,IF,256,,,3,BabelNodeInfo
47244641055,CONTROL_STRUCTURE,-1,,,"if (metrics.security_rating === 'E') ratingScore = 1;
  else ratingScore = 0;",7,IF,257,,,3,BabelNodeInfo
47244641056,CONTROL_STRUCTURE,-1,,,"if (metrics.vulnerabilities_total === 0) vulnsScore = 5;
  else if (metrics.vulnerabilities_total <= 3) vulnsScore = 4;
  else if (metrics.vulnerabilities_total <= 10) vulnsScore = 3;
  else if (metrics.vulnerabilities_total <= 20) vulnsScore = 2;
  else if (metrics.vulnerabilities_total <= 40) vulnsScore = 1;
  else vulnsScore = 0;",2,IF,262,,,4,BabelNodeInfo
47244641057,CONTROL_STRUCTURE,-1,,,"if (metrics.vulnerabilities_total <= 3) vulnsScore = 4;
  else if (metrics.vulnerabilities_total <= 10) vulnsScore = 3;
  else if (metrics.vulnerabilities_total <= 20) vulnsScore = 2;
  else if (metrics.vulnerabilities_total <= 40) vulnsScore = 1;
  else vulnsScore = 0;",7,IF,263,,,3,BabelNodeInfo
47244641058,CONTROL_STRUCTURE,-1,,,"if (metrics.vulnerabilities_total <= 10) vulnsScore = 3;
  else if (metrics.vulnerabilities_total <= 20) vulnsScore = 2;
  else if (metrics.vulnerabilities_total <= 40) vulnsScore = 1;
  else vulnsScore = 0;",7,IF,264,,,3,BabelNodeInfo
47244641059,CONTROL_STRUCTURE,-1,,,"if (metrics.vulnerabilities_total <= 20) vulnsScore = 2;
  else if (metrics.vulnerabilities_total <= 40) vulnsScore = 1;
  else vulnsScore = 0;",7,IF,265,,,3,BabelNodeInfo
47244641060,CONTROL_STRUCTURE,-1,,,"if (metrics.vulnerabilities_total <= 40) vulnsScore = 1;
  else vulnsScore = 0;",7,IF,266,,,3,BabelNodeInfo
47244641061,CONTROL_STRUCTURE,-1,,,"if (metrics.security_hotspots_total === 0) hotspotsScore = 5;
  else if (metrics.security_hotspots_total <= 5) hotspotsScore = 4;
  else if (metrics.security_hotspots_total <= 15) hotspotsScore = 3;
  else if (metrics.security_hotspots_total <= 30) hotspotsScore = 2;
  else if (metrics.security_hotspots_total <= 50) hotspotsScore = 1;
  else hotspotsScore = 0;",2,IF,271,,,6,BabelNodeInfo
47244641062,CONTROL_STRUCTURE,-1,,,"if (metrics.security_hotspots_total <= 5) hotspotsScore = 4;
  else if (metrics.security_hotspots_total <= 15) hotspotsScore = 3;
  else if (metrics.security_hotspots_total <= 30) hotspotsScore = 2;
  else if (metrics.security_hotspots_total <= 50) hotspotsScore = 1;
  else hotspotsScore = 0;",7,IF,272,,,3,BabelNodeInfo
47244641063,CONTROL_STRUCTURE,-1,,,"if (metrics.security_hotspots_total <= 15) hotspotsScore = 3;
  else if (metrics.security_hotspots_total <= 30) hotspotsScore = 2;
  else if (metrics.security_hotspots_total <= 50) hotspotsScore = 1;
  else hotspotsScore = 0;",7,IF,273,,,3,BabelNodeInfo
47244641064,CONTROL_STRUCTURE,-1,,,"if (metrics.security_hotspots_total <= 30) hotspotsScore = 2;
  else if (metrics.security_hotspots_total <= 50) hotspotsScore = 1;
  else hotspotsScore = 0;",7,IF,274,,,3,BabelNodeInfo
47244641065,CONTROL_STRUCTURE,-1,,,"if (metrics.security_hotspots_total <= 50) hotspotsScore = 1;
  else hotspotsScore = 0;",7,IF,275,,,3,BabelNodeInfo
