115964116992,METHOD_PARAMETER_OUT,this,19,BY_VALUE,0,false,12,this,,,0,ANY
115964116993,METHOD_PARAMETER_OUT,req: Request,26,BY_VALUE,1,false,12,req,,,1,ANY
115964116994,METHOD_PARAMETER_OUT,res: Response,40,BY_VALUE,2,false,12,res,,,2,ANY
115964116995,METHOD_PARAMETER_OUT,this,17,BY_VALUE,0,false,32,this,,,0,ANY
115964116996,METHOD_PARAMETER_OUT,req: Request,24,BY_VALUE,1,false,32,req,,,1,ANY
115964116997,METHOD_PARAMETER_OUT,res: Response,38,BY_VALUE,2,false,32,res,,,2,ANY
115964116998,METHOD_PARAMETER_OUT,this,20,BY_VALUE,0,false,50,this,,,0,ANY
115964116999,METHOD_PARAMETER_OUT,req: Request,27,BY_VALUE,1,false,50,req,,,1,ANY
115964117000,METHOD_PARAMETER_OUT,res: Response,41,BY_VALUE,2,false,50,res,,,2,ANY
115964117001,METHOD_PARAMETER_OUT,this,28,BY_VALUE,0,false,85,this,,,0,ANY
115964117002,METHOD_PARAMETER_OUT,req: Request,35,BY_VALUE,1,false,85,req,,,1,ANY
115964117003,METHOD_PARAMETER_OUT,res: Response,49,BY_VALUE,2,false,85,res,,,2,ANY
115964117004,METHOD_PARAMETER_OUT,this,23,BY_VALUE,0,false,123,this,,,0,ANY
115964117005,METHOD_PARAMETER_OUT,req: Request,30,BY_VALUE,1,false,123,req,,,1,ANY
115964117006,METHOD_PARAMETER_OUT,res: Response,44,BY_VALUE,2,false,123,res,,,2,ANY
115964117007,METHOD_PARAMETER_OUT,this,34,BY_VALUE,0,false,160,this,,,0,ANY
115964117008,METHOD_PARAMETER_OUT,req: Request,41,BY_VALUE,1,false,160,req,,,1,ANY
115964117009,METHOD_PARAMETER_OUT,res: Response,55,BY_VALUE,2,false,160,res,,,2,ANY
115964117010,METHOD_PARAMETER_OUT,this,46,BY_VALUE,0,false,210,this,,,0,ANY
115964117011,METHOD_PARAMETER_OUT,section: any,47,BY_VALUE,1,false,210,section,,,1,ANY
115964117012,METHOD_PARAMETER_OUT,this,48,BY_VALUE,0,false,204,this,,,0,ANY
115964117013,METHOD_PARAMETER_OUT,project: any,49,BY_VALUE,1,false,204,project,,,1,ANY
115964117014,METHOD_PARAMETER_OUT,this,26,BY_VALUE,0,false,191,this,,,0,ANY
115964117015,METHOD_PARAMETER_OUT,req: Request,33,BY_VALUE,1,false,191,req,,,1,ANY
115964117016,METHOD_PARAMETER_OUT,res: Response,47,BY_VALUE,2,false,191,res,,,2,ANY
115964117017,METHOD_PARAMETER_OUT,this,0,BY_VALUE,0,false,8,this,,,0,ANY
115964117018,METHOD_PARAMETER_OUT,this,0,BY_VALUE,0,false,1,this,,,0,ANY
115964117019,METHOD_PARAMETER_OUT,this,36,BY_VALUE,0,false,13,this,,,0,ANY
115964117020,METHOD_PARAMETER_OUT,req: Request,43,BY_VALUE,1,false,13,req,,,1,ANY
115964117021,METHOD_PARAMETER_OUT,res: Response,57,BY_VALUE,2,false,13,res,,,2,ANY
115964117022,METHOD_PARAMETER_OUT,this,32,BY_VALUE,0,false,43,this,,,0,ANY
115964117023,METHOD_PARAMETER_OUT,req: Request,39,BY_VALUE,1,false,43,req,,,1,ANY
115964117024,METHOD_PARAMETER_OUT,res: Response,53,BY_VALUE,2,false,43,res,,,2,ANY
115964117025,METHOD_PARAMETER_OUT,this,39,BY_VALUE,0,false,80,this,,,0,ANY
115964117026,METHOD_PARAMETER_OUT,req: Request,46,BY_VALUE,1,false,80,req,,,1,ANY
115964117027,METHOD_PARAMETER_OUT,res: Response,60,BY_VALUE,2,false,80,res,,,2,ANY
115964117028,METHOD_PARAMETER_OUT,this,0,BY_VALUE,0,false,1,this,,,0,ANY
115964117029,METHOD_PARAMETER_OUT,this,41,BY_VALUE,0,false,31,this,,,0,ANY
115964117030,METHOD_PARAMETER_OUT,req: Request,48,BY_VALUE,1,false,31,req,,,1,ANY
115964117031,METHOD_PARAMETER_OUT,res: Response,62,BY_VALUE,2,false,31,res,,,2,ANY
115964117032,METHOD_PARAMETER_OUT,this,36,BY_VALUE,0,false,72,this,,,0,ANY
115964117033,METHOD_PARAMETER_OUT,req: Request,43,BY_VALUE,1,false,72,req,,,1,ANY
115964117034,METHOD_PARAMETER_OUT,res: Response,57,BY_VALUE,2,false,72,res,,,2,ANY
115964117035,METHOD_PARAMETER_OUT,this,39,BY_VALUE,0,false,123,this,,,0,ANY
115964117036,METHOD_PARAMETER_OUT,req: Request,46,BY_VALUE,1,false,123,req,,,1,ANY
115964117037,METHOD_PARAMETER_OUT,res: Response,60,BY_VALUE,2,false,123,res,,,2,ANY
115964117038,METHOD_PARAMETER_OUT,this,42,BY_VALUE,0,false,164,this,,,0,ANY
115964117039,METHOD_PARAMETER_OUT,req: Request,49,BY_VALUE,1,false,164,req,,,1,ANY
115964117040,METHOD_PARAMETER_OUT,res: Response,63,BY_VALUE,2,false,164,res,,,2,ANY
115964117041,METHOD_PARAMETER_OUT,this,38,BY_VALUE,0,false,216,this,,,0,ANY
115964117042,METHOD_PARAMETER_OUT,req: Request,45,BY_VALUE,1,false,216,req,,,1,ANY
115964117043,METHOD_PARAMETER_OUT,res: Response,59,BY_VALUE,2,false,216,res,,,2,ANY
115964117044,METHOD_PARAMETER_OUT,this,34,BY_VALUE,0,false,240,this,,,0,ANY
115964117045,METHOD_PARAMETER_OUT,req: Request,41,BY_VALUE,1,false,240,req,,,1,ANY
115964117046,METHOD_PARAMETER_OUT,res: Response,55,BY_VALUE,2,false,240,res,,,2,ANY
115964117047,METHOD_PARAMETER_OUT,this,37,BY_VALUE,0,false,264,this,,,0,ANY
115964117048,METHOD_PARAMETER_OUT,req: Request,44,BY_VALUE,1,false,264,req,,,1,ANY
115964117049,METHOD_PARAMETER_OUT,res: Response,58,BY_VALUE,2,false,264,res,,,2,ANY
115964117050,METHOD_PARAMETER_OUT,this,40,BY_VALUE,0,false,288,this,,,0,ANY
115964117051,METHOD_PARAMETER_OUT,req: Request,47,BY_VALUE,1,false,288,req,,,1,ANY
115964117052,METHOD_PARAMETER_OUT,res: Response,61,BY_VALUE,2,false,288,res,,,2,ANY
115964117053,METHOD_PARAMETER_OUT,this,37,BY_VALUE,0,false,312,this,,,0,ANY
115964117054,METHOD_PARAMETER_OUT,req: Request,44,BY_VALUE,1,false,312,req,,,1,ANY
115964117055,METHOD_PARAMETER_OUT,res: Response,58,BY_VALUE,2,false,312,res,,,2,ANY
115964117056,METHOD_PARAMETER_OUT,this,33,BY_VALUE,0,false,338,this,,,0,ANY
115964117057,METHOD_PARAMETER_OUT,req: Request,40,BY_VALUE,1,false,338,req,,,1,ANY
115964117058,METHOD_PARAMETER_OUT,res: Response,54,BY_VALUE,2,false,338,res,,,2,ANY
115964117059,METHOD_PARAMETER_OUT,this,47,BY_VALUE,0,false,370,this,,,0,ANY
115964117060,METHOD_PARAMETER_OUT,req: Request,54,BY_VALUE,1,false,370,req,,,1,ANY
115964117061,METHOD_PARAMETER_OUT,res: Response,68,BY_VALUE,2,false,370,res,,,2,ANY
115964117062,METHOD_PARAMETER_OUT,this,42,BY_VALUE,0,false,399,this,,,0,ANY
115964117063,METHOD_PARAMETER_OUT,req: Request,49,BY_VALUE,1,false,399,req,,,1,ANY
115964117064,METHOD_PARAMETER_OUT,res: Response,63,BY_VALUE,2,false,399,res,,,2,ANY
115964117065,METHOD_PARAMETER_OUT,this,45,BY_VALUE,0,false,428,this,,,0,ANY
115964117066,METHOD_PARAMETER_OUT,req: Request,52,BY_VALUE,1,false,428,req,,,1,ANY
115964117067,METHOD_PARAMETER_OUT,res: Response,66,BY_VALUE,2,false,428,res,,,2,ANY
115964117068,METHOD_PARAMETER_OUT,this,48,BY_VALUE,0,false,457,this,,,0,ANY
115964117069,METHOD_PARAMETER_OUT,req: Request,55,BY_VALUE,1,false,457,req,,,1,ANY
115964117070,METHOD_PARAMETER_OUT,res: Response,69,BY_VALUE,2,false,457,res,,,2,ANY
115964117071,METHOD_PARAMETER_OUT,this,34,BY_VALUE,0,false,486,this,,,0,ANY
115964117072,METHOD_PARAMETER_OUT,req: Request,41,BY_VALUE,1,false,486,req,,,1,ANY
115964117073,METHOD_PARAMETER_OUT,res: Response,55,BY_VALUE,2,false,486,res,,,2,ANY
115964117074,METHOD_PARAMETER_OUT,this,37,BY_VALUE,0,false,510,this,,,0,ANY
115964117075,METHOD_PARAMETER_OUT,req: Request,44,BY_VALUE,1,false,510,req,,,1,ANY
115964117076,METHOD_PARAMETER_OUT,res: Response,58,BY_VALUE,2,false,510,res,,,2,ANY
115964117077,METHOD_PARAMETER_OUT,this,39,BY_VALUE,0,false,531,this,,,0,ANY
115964117078,METHOD_PARAMETER_OUT,req: Request,46,BY_VALUE,1,false,531,req,,,1,ANY
115964117079,METHOD_PARAMETER_OUT,res: Response,60,BY_VALUE,2,false,531,res,,,2,ANY
115964117080,METHOD_PARAMETER_OUT,this,0,BY_VALUE,0,false,1,this,,,0,ANY
115964117081,METHOD_PARAMETER_OUT,this,27,BY_VALUE,0,false,110,this,,,0,ANY
115964117082,METHOD_PARAMETER_OUT,row: any,28,BY_VALUE,1,false,110,row,,,1,ANY
115964117083,METHOD_PARAMETER_OUT,this,21,BY_VALUE,0,false,109,this,,,0,ANY
115964117084,METHOD_PARAMETER_OUT,history: { rows: any[] },22,BY_VALUE,1,false,109,history,,,1,controllers/healthScoreController.ts::program:<lambda>0:<lambda>1:<anon-class>0
115964117085,METHOD_PARAMETER_OUT,this,27,BY_VALUE,0,false,125,this,,,0,ANY
115964117086,METHOD_PARAMETER_OUT,row: any,28,BY_VALUE,1,false,125,row,,,1,ANY
115964117087,METHOD_PARAMETER_OUT,this,26,BY_VALUE,0,false,123,this,,,0,ANY
115964117088,METHOD_PARAMETER_OUT,history: { rows: any[] },27,BY_VALUE,1,false,123,history,,,1,controllers/healthScoreController.ts::program:<lambda>0:<lambda>3:<anon-class>2
115964117089,METHOD_PARAMETER_OUT,this,11,BY_VALUE,0,false,141,this,,,0,ANY
115964117090,METHOD_PARAMETER_OUT,date,11,BY_VALUE,1,false,141,date,,,1,__ecma.String
115964117091,METHOD_PARAMETER_OUT,this,37,BY_VALUE,0,false,11,this,,,0,ANY
115964117092,METHOD_PARAMETER_OUT,req: Request,44,BY_VALUE,1,false,11,req,,,1,ANY
115964117093,METHOD_PARAMETER_OUT,res: Response,58,BY_VALUE,2,false,11,res,,,2,ANY
115964117094,METHOD_PARAMETER_OUT,this,37,BY_VALUE,0,false,169,this,,,0,ANY
115964117095,METHOD_PARAMETER_OUT,req: Request,44,BY_VALUE,1,false,169,req,,,1,ANY
115964117096,METHOD_PARAMETER_OUT,res: Response,58,BY_VALUE,2,false,169,res,,,2,ANY
115964117097,METHOD_PARAMETER_OUT,this,0,BY_VALUE,0,false,1,this,,,0,ANY
115964117098,METHOD_PARAMETER_OUT,this,35,BY_VALUE,0,false,12,this,,,0,ANY
115964117099,METHOD_PARAMETER_OUT,req: Request,42,BY_VALUE,1,false,12,req,,,1,ANY
115964117100,METHOD_PARAMETER_OUT,res: Response,56,BY_VALUE,2,false,12,res,,,2,ANY
115964117101,METHOD_PARAMETER_OUT,this,31,BY_VALUE,0,false,48,this,,,0,ANY
115964117102,METHOD_PARAMETER_OUT,req: Request,38,BY_VALUE,1,false,48,req,,,1,ANY
115964117103,METHOD_PARAMETER_OUT,res: Response,52,BY_VALUE,2,false,48,res,,,2,ANY
115964117104,METHOD_PARAMETER_OUT,this,37,BY_VALUE,0,false,85,this,,,0,ANY
115964117105,METHOD_PARAMETER_OUT,req: Request,44,BY_VALUE,1,false,85,req,,,1,ANY
115964117106,METHOD_PARAMETER_OUT,res: Response,58,BY_VALUE,2,false,85,res,,,2,ANY
115964117107,METHOD_PARAMETER_OUT,this,38,BY_VALUE,0,false,133,this,,,0,ANY
115964117108,METHOD_PARAMETER_OUT,req: Request,45,BY_VALUE,1,false,133,req,,,1,ANY
115964117109,METHOD_PARAMETER_OUT,res: Response,59,BY_VALUE,2,false,133,res,,,2,ANY
115964117110,METHOD_PARAMETER_OUT,this,0,BY_VALUE,0,false,1,this,,,0,ANY
115964117111,METHOD_PARAMETER_OUT,this,39,BY_VALUE,0,false,12,this,,,0,ANY
115964117112,METHOD_PARAMETER_OUT,req: Request,46,BY_VALUE,1,false,12,req,,,1,ANY
115964117113,METHOD_PARAMETER_OUT,res: Response,60,BY_VALUE,2,false,12,res,,,2,ANY
115964117114,METHOD_PARAMETER_OUT,this,35,BY_VALUE,0,false,46,this,,,0,ANY
115964117115,METHOD_PARAMETER_OUT,req: Request,42,BY_VALUE,1,false,46,req,,,1,ANY
115964117116,METHOD_PARAMETER_OUT,res: Response,56,BY_VALUE,2,false,46,res,,,2,ANY
115964117117,METHOD_PARAMETER_OUT,this,0,BY_VALUE,0,false,1,this,,,0,ANY
115964117118,METHOD_PARAMETER_OUT,this,32,BY_VALUE,0,false,13,this,,,0,ANY
115964117119,METHOD_PARAMETER_OUT,req: Request,39,BY_VALUE,1,false,13,req,,,1,ANY
115964117120,METHOD_PARAMETER_OUT,res: Response,53,BY_VALUE,2,false,13,res,,,2,ANY
115964117121,METHOD_PARAMETER_OUT,this,28,BY_VALUE,0,false,48,this,,,0,ANY
115964117122,METHOD_PARAMETER_OUT,req: Request,35,BY_VALUE,1,false,48,req,,,1,ANY
115964117123,METHOD_PARAMETER_OUT,res: Response,49,BY_VALUE,2,false,48,res,,,2,ANY
115964117124,METHOD_PARAMETER_OUT,this,34,BY_VALUE,0,false,86,this,,,0,ANY
115964117125,METHOD_PARAMETER_OUT,req: Request,41,BY_VALUE,1,false,86,req,,,1,ANY
115964117126,METHOD_PARAMETER_OUT,res: Response,55,BY_VALUE,2,false,86,res,,,2,ANY
115964117127,METHOD_PARAMETER_OUT,this,35,BY_VALUE,0,false,124,this,,,0,ANY
115964117128,METHOD_PARAMETER_OUT,req: Request,42,BY_VALUE,1,false,124,req,,,1,ANY
115964117129,METHOD_PARAMETER_OUT,res: Response,56,BY_VALUE,2,false,124,res,,,2,ANY
115964117130,METHOD_PARAMETER_OUT,this,0,BY_VALUE,0,false,1,this,,,0,ANY
115964117131,METHOD_PARAMETER_OUT,this,22,BY_VALUE,0,false,16,this,,,0,ANY
115964117132,METHOD_PARAMETER_OUT,req: Request,29,BY_VALUE,1,false,16,req,,,1,ANY
115964117133,METHOD_PARAMETER_OUT,res: Response,43,BY_VALUE,2,false,16,res,,,2,ANY
115964117134,METHOD_PARAMETER_OUT,this,25,BY_VALUE,0,false,29,this,,,0,ANY
115964117135,METHOD_PARAMETER_OUT,req: Request,32,BY_VALUE,1,false,29,req,,,1,ANY
115964117136,METHOD_PARAMETER_OUT,res: Response,46,BY_VALUE,2,false,29,res,,,2,ANY
115964117137,METHOD_PARAMETER_OUT,this,29,BY_VALUE,0,false,54,this,,,0,ANY
115964117138,METHOD_PARAMETER_OUT,req: Request,36,BY_VALUE,1,false,54,req,,,1,ANY
115964117139,METHOD_PARAMETER_OUT,res: Response,50,BY_VALUE,2,false,54,res,,,2,ANY
115964117140,METHOD_PARAMETER_OUT,this,27,BY_VALUE,0,false,67,this,,,0,ANY
115964117141,METHOD_PARAMETER_OUT,req: Request,34,BY_VALUE,1,false,67,req,,,1,ANY
115964117142,METHOD_PARAMETER_OUT,res: Response,48,BY_VALUE,2,false,67,res,,,2,ANY
115964117143,METHOD_PARAMETER_OUT,this,22,BY_VALUE,0,false,80,this,,,0,ANY
115964117144,METHOD_PARAMETER_OUT,req: Request,29,BY_VALUE,1,false,80,req,,,1,ANY
115964117145,METHOD_PARAMETER_OUT,res: Response,43,BY_VALUE,2,false,80,res,,,2,ANY
115964117146,METHOD_PARAMETER_OUT,this,25,BY_VALUE,0,false,100,this,,,0,ANY
115964117147,METHOD_PARAMETER_OUT,req: Request,32,BY_VALUE,1,false,100,req,,,1,ANY
115964117148,METHOD_PARAMETER_OUT,res: Response,46,BY_VALUE,2,false,100,res,,,2,ANY
115964117149,METHOD_PARAMETER_OUT,this,30,BY_VALUE,0,false,120,this,,,0,ANY
115964117150,METHOD_PARAMETER_OUT,req: Request,37,BY_VALUE,1,false,120,req,,,1,ANY
115964117151,METHOD_PARAMETER_OUT,res: Response,51,BY_VALUE,2,false,120,res,,,2,ANY
115964117152,METHOD_PARAMETER_OUT,this,24,BY_VALUE,0,false,131,this,,,0,ANY
115964117153,METHOD_PARAMETER_OUT,req: Request,31,BY_VALUE,1,false,131,req,,,1,ANY
115964117154,METHOD_PARAMETER_OUT,res: Response,45,BY_VALUE,2,false,131,res,,,2,ANY
115964117155,METHOD_PARAMETER_OUT,this,26,BY_VALUE,0,false,151,this,,,0,ANY
115964117156,METHOD_PARAMETER_OUT,req: Request,33,BY_VALUE,1,false,151,req,,,1,ANY
115964117157,METHOD_PARAMETER_OUT,res: Response,47,BY_VALUE,2,false,151,res,,,2,ANY
115964117158,METHOD_PARAMETER_OUT,this,48,BY_VALUE,0,false,172,this,,,0,ANY
115964117159,METHOD_PARAMETER_OUT,group,48,BY_VALUE,1,false,172,group,,,1,ANY
115964117160,METHOD_PARAMETER_OUT,this,26,BY_VALUE,0,false,167,this,,,0,ANY
115964117161,METHOD_PARAMETER_OUT,req: Request,33,BY_VALUE,1,false,167,req,,,1,ANY
115964117162,METHOD_PARAMETER_OUT,res: Response,47,BY_VALUE,2,false,167,res,,,2,ANY
115964117163,METHOD_PARAMETER_OUT,this,29,BY_VALUE,0,false,187,this,,,0,ANY
115964117164,METHOD_PARAMETER_OUT,req: Request,36,BY_VALUE,1,false,187,req,,,1,ANY
115964117165,METHOD_PARAMETER_OUT,res: Response,50,BY_VALUE,2,false,187,res,,,2,ANY
115964117166,METHOD_PARAMETER_OUT,this,29,BY_VALUE,0,false,206,this,,,0,ANY
115964117167,METHOD_PARAMETER_OUT,req: Request,36,BY_VALUE,1,false,206,req,,,1,ANY
115964117168,METHOD_PARAMETER_OUT,res: Response,50,BY_VALUE,2,false,206,res,,,2,ANY
115964117169,METHOD_PARAMETER_OUT,this,36,BY_VALUE,0,false,219,this,,,0,ANY
115964117170,METHOD_PARAMETER_OUT,this,32,BY_VALUE,0,false,245,this,,,0,ANY
115964117171,METHOD_PARAMETER_OUT,acc,33,BY_VALUE,1,false,245,acc,,,1,ANY
115964117172,METHOD_PARAMETER_OUT,p,38,BY_VALUE,2,false,245,p,,,2,ANY
115964117173,METHOD_PARAMETER_OUT,this,36,BY_VALUE,0,false,242,this,,,0,ANY
115964117174,METHOD_PARAMETER_OUT,projects: any[],37,BY_VALUE,1,false,242,projects,,,1,__ecma.Array
115964117175,METHOD_PARAMETER_OUT,this,27,BY_VALUE,0,false,254,this,,,0,ANY
115964117176,METHOD_PARAMETER_OUT,p,27,BY_VALUE,1,false,254,p,,,1,ANY
115964117177,METHOD_PARAMETER_OUT,this,42,BY_VALUE,0,false,253,this,,,0,ANY
115964117178,METHOD_PARAMETER_OUT,projects: any[],43,BY_VALUE,1,false,253,projects,,,1,__ecma.Array
115964117179,METHOD_PARAMETER_OUT,this,32,BY_VALUE,0,false,262,this,,,0,ANY
115964117180,METHOD_PARAMETER_OUT,p,32,BY_VALUE,1,false,262,p,,,1,ANY
115964117181,METHOD_PARAMETER_OUT,this,31,BY_VALUE,0,false,263,this,,,0,ANY
115964117182,METHOD_PARAMETER_OUT,p,31,BY_VALUE,1,false,263,p,,,1,ANY
115964117183,METHOD_PARAMETER_OUT,this,28,BY_VALUE,0,false,264,this,,,0,ANY
115964117184,METHOD_PARAMETER_OUT,p,28,BY_VALUE,1,false,264,p,,,1,ANY
115964117185,METHOD_PARAMETER_OUT,this,33,BY_VALUE,0,false,265,this,,,0,ANY
115964117186,METHOD_PARAMETER_OUT,p,33,BY_VALUE,1,false,265,p,,,1,ANY
115964117187,METHOD_PARAMETER_OUT,this,41,BY_VALUE,0,false,260,this,,,0,ANY
115964117188,METHOD_PARAMETER_OUT,projects: any[],42,BY_VALUE,1,false,260,projects,,,1,__ecma.Array
115964117189,METHOD_PARAMETER_OUT,this,0,BY_VALUE,0,false,10,this,,,0,ANY
115964117190,METHOD_PARAMETER_OUT,this,0,BY_VALUE,0,false,1,this,,,0,ANY
115964117191,METHOD_PARAMETER_OUT,this,45,BY_VALUE,0,false,13,this,,,0,ANY
115964117192,METHOD_PARAMETER_OUT,req: Request,52,BY_VALUE,1,false,13,req,,,1,ANY
115964117193,METHOD_PARAMETER_OUT,res: Response,66,BY_VALUE,2,false,13,res,,,2,ANY
115964117194,METHOD_PARAMETER_OUT,this,41,BY_VALUE,0,false,50,this,,,0,ANY
115964117195,METHOD_PARAMETER_OUT,req: Request,48,BY_VALUE,1,false,50,req,,,1,ANY
115964117196,METHOD_PARAMETER_OUT,res: Response,62,BY_VALUE,2,false,50,res,,,2,ANY
115964117197,METHOD_PARAMETER_OUT,this,48,BY_VALUE,0,false,90,this,,,0,ANY
115964117198,METHOD_PARAMETER_OUT,req: Request,55,BY_VALUE,1,false,90,req,,,1,ANY
115964117199,METHOD_PARAMETER_OUT,res: Response,69,BY_VALUE,2,false,90,res,,,2,ANY
115964117200,METHOD_PARAMETER_OUT,this,0,BY_VALUE,0,false,1,this,,,0,ANY
115964117201,METHOD_PARAMETER_OUT,this,41,BY_VALUE,0,false,12,this,,,0,ANY
115964117202,METHOD_PARAMETER_OUT,req: Request,48,BY_VALUE,1,false,12,req,,,1,ANY
115964117203,METHOD_PARAMETER_OUT,res: Response,62,BY_VALUE,2,false,12,res,,,2,ANY
115964117204,METHOD_PARAMETER_OUT,this,37,BY_VALUE,0,false,48,this,,,0,ANY
115964117205,METHOD_PARAMETER_OUT,req: Request,44,BY_VALUE,1,false,48,req,,,1,ANY
115964117206,METHOD_PARAMETER_OUT,res: Response,58,BY_VALUE,2,false,48,res,,,2,ANY
115964117207,METHOD_PARAMETER_OUT,this,44,BY_VALUE,0,false,88,this,,,0,ANY
115964117208,METHOD_PARAMETER_OUT,req: Request,51,BY_VALUE,1,false,88,req,,,1,ANY
115964117209,METHOD_PARAMETER_OUT,res: Response,65,BY_VALUE,2,false,88,res,,,2,ANY
115964117210,METHOD_PARAMETER_OUT,this,0,BY_VALUE,0,false,1,this,,,0,ANY
115964117211,METHOD_PARAMETER_OUT,this,38,BY_VALUE,0,false,12,this,,,0,ANY
115964117212,METHOD_PARAMETER_OUT,req: Request,45,BY_VALUE,1,false,12,req,,,1,ANY
115964117213,METHOD_PARAMETER_OUT,res: Response,59,BY_VALUE,2,false,12,res,,,2,ANY
115964117214,METHOD_PARAMETER_OUT,this,34,BY_VALUE,0,false,48,this,,,0,ANY
115964117215,METHOD_PARAMETER_OUT,req: Request,41,BY_VALUE,1,false,48,req,,,1,ANY
115964117216,METHOD_PARAMETER_OUT,res: Response,55,BY_VALUE,2,false,48,res,,,2,ANY
115964117217,METHOD_PARAMETER_OUT,this,41,BY_VALUE,0,false,88,this,,,0,ANY
115964117218,METHOD_PARAMETER_OUT,req: Request,48,BY_VALUE,1,false,88,req,,,1,ANY
115964117219,METHOD_PARAMETER_OUT,res: Response,62,BY_VALUE,2,false,88,res,,,2,ANY
115964117220,METHOD_PARAMETER_OUT,this,0,BY_VALUE,0,false,1,this,,,0,ANY
115964117221,METHOD_PARAMETER_OUT,this,0,BY_VALUE,0,false,5,this,,,0,ANY
115964117222,METHOD_PARAMETER_OUT,this,0,BY_VALUE,0,false,1,this,,,0,ANY
115964117223,METHOD_PARAMETER_OUT,this,0,BY_VALUE,0,false,7,this,,,0,ANY
115964117224,METHOD_PARAMETER_OUT,this,0,BY_VALUE,0,false,1,this,,,0,ANY
115964117225,METHOD_PARAMETER_OUT,this,21,BY_VALUE,0,false,28,this,,,0,ANY
115964117226,METHOD_PARAMETER_OUT,err,22,BY_VALUE,1,false,28,err,,,1,ANY
115964117227,METHOD_PARAMETER_OUT,this,23,BY_VALUE,0,false,9,this,,,0,ANY
115964117228,METHOD_PARAMETER_OUT,this,25,BY_VALUE,0,false,41,this,,,0,ANY
115964117229,METHOD_PARAMETER_OUT,this,23,BY_VALUE,0,false,60,this,,,0,ANY
115964117230,METHOD_PARAMETER_OUT,this,0,BY_VALUE,0,false,1,this,,,0,ANY
115964117231,METHOD_PARAMETER_OUT,this,0,BY_VALUE,0,false,7,this,,,0,ANY
115964117232,METHOD_PARAMETER_OUT,this,0,BY_VALUE,0,false,1,this,,,0,ANY
115964117233,METHOD_PARAMETER_OUT,this,32,BY_VALUE,0,false,11,this,,,0,ANY
115964117234,METHOD_PARAMETER_OUT,this,37,BY_VALUE,0,false,35,this,,,0,ANY
115964117235,METHOD_PARAMETER_OUT,"projectData: {
  id: number;
  name: string;
  full_path?: string;
  group_path?: string;
  members_count?: number;
  members?: any[];
  last_activity_at?: string;
  parent_id?: number;
  visibility?: string;
}",44,BY_VALUE,1,false,35,projectData,,,1,db/queries.ts::program:<lambda>1:<anon-class>0
115964117236,METHOD_PARAMETER_OUT,this,38,BY_VALUE,0,false,92,this,,,0,ANY
115964117237,METHOD_PARAMETER_OUT,"projects: Array<{
  id: number;
  name: string;
  full_path?: string;
  group_path?: string;
  members_count?: number;
  members?: any[];
  last_activity_at?: string;
  parent_id?: number;
  visibility?: string;
}>",45,BY_VALUE,1,false,92,projects,,,1,ANY
115964117238,METHOD_PARAMETER_OUT,this,42,BY_VALUE,0,false,117,this,,,0,ANY
115964117239,METHOD_PARAMETER_OUT,this,30,BY_VALUE,0,false,141,this,,,0,ANY
115964117240,METHOD_PARAMETER_OUT,projectId: number,37,BY_VALUE,1,false,141,projectId,,,1,__ecma.Number
115964117241,METHOD_PARAMETER_OUT,this,30,BY_VALUE,0,false,165,this,,,0,ANY
115964117242,METHOD_PARAMETER_OUT,projectId: number,37,BY_VALUE,1,false,165,projectId,,,1,__ecma.Number
115964117243,METHOD_PARAMETER_OUT,this,33,BY_VALUE,0,false,183,this,,,0,ANY
115964117244,METHOD_PARAMETER_OUT,id: number,40,BY_VALUE,1,false,183,id,,,1,__ecma.Number
115964117245,METHOD_PARAMETER_OUT,tracked: boolean = true,52,BY_VALUE,2,false,183,tracked: boolean,,,2,ANY
115964117246,METHOD_PARAMETER_OUT,this,28,BY_VALUE,0,false,205,this,,,0,ANY
115964117247,METHOD_PARAMETER_OUT,id: number,35,BY_VALUE,1,false,205,id,,,1,__ecma.Number
115964117248,METHOD_PARAMETER_OUT,this,30,BY_VALUE,0,false,212,this,,,0,ANY
115964117249,METHOD_PARAMETER_OUT,id: number,37,BY_VALUE,1,false,212,id,,,1,__ecma.Number
115964117250,METHOD_PARAMETER_OUT,this,32,BY_VALUE,0,false,234,this,,,0,ANY
115964117251,METHOD_PARAMETER_OUT,id: number,39,BY_VALUE,1,false,234,id,,,1,__ecma.Number
115964117252,METHOD_PARAMETER_OUT,this,27,BY_VALUE,0,false,258,this,,,0,ANY
115964117253,METHOD_PARAMETER_OUT,row,27,BY_VALUE,1,false,258,row,,,1,ANY
115964117254,METHOD_PARAMETER_OUT,this,36,BY_VALUE,0,false,251,this,,,0,ANY
115964117255,METHOD_PARAMETER_OUT,this,37,BY_VALUE,0,false,273,this,,,0,ANY
115964117256,METHOD_PARAMETER_OUT,"snapshotData: {
  project_id: number;  // GitLab project ID
  description?: string;
  web_url?: string;
  open_issues?: number;
  open_mrs?: number;
  open_milestones_count?: number;
  sonar_project_key?: string;
  sonar_security_high?: number;
  sonar_security_blocker?: number;
  sonar_reliability_high?: number;
  sonar_reliability_blocker?: number;
  sonar_maintainability_high?: number;
  sonar_maintainability_blocker?: number;
}",44,BY_VALUE,1,false,273,snapshotData,,,1,db/queries.ts::program:<lambda>12:<anon-class>2
115964117257,METHOD_PARAMETER_OUT,this,52,BY_VALUE,0,false,336,this,,,0,ANY
115964117258,METHOD_PARAMETER_OUT,this,35,BY_VALUE,0,false,385,this,,,0,ANY
115964117259,METHOD_PARAMETER_OUT,projectId: number,42,BY_VALUE,1,false,385,projectId,,,1,__ecma.Number
115964117260,METHOD_PARAMETER_OUT,this,46,BY_VALUE,0,false,425,this,,,0,ANY
115964117261,METHOD_PARAMETER_OUT,projectName: string,53,BY_VALUE,1,false,425,projectName,,,1,__ecma.String
115964117262,METHOD_PARAMETER_OUT,this,35,BY_VALUE,0,false,493,this,,,0,ANY
115964117263,METHOD_PARAMETER_OUT,projectName: string,2,BY_VALUE,1,false,494,projectName,,,1,__ecma.String
115964117264,METHOD_PARAMETER_OUT,insightsData: any,2,BY_VALUE,2,false,495,insightsData,,,2,ANY
115964117265,METHOD_PARAMETER_OUT,this,40,BY_VALUE,0,false,536,this,,,0,ANY
115964117266,METHOD_PARAMETER_OUT,projectName: string,47,BY_VALUE,1,false,536,projectName,,,1,__ecma.String
115964117267,METHOD_PARAMETER_OUT,this,41,BY_VALUE,0,false,568,this,,,0,ANY
115964117268,METHOD_PARAMETER_OUT,projectName: string,48,BY_VALUE,1,false,568,projectName,,,1,__ecma.String
115964117269,METHOD_PARAMETER_OUT,this,45,BY_VALUE,0,false,598,this,,,0,ANY
115964117270,METHOD_PARAMETER_OUT,projectId: number,52,BY_VALUE,1,false,598,projectId,,,1,__ecma.Number
115964117271,METHOD_PARAMETER_OUT,this,42,BY_VALUE,0,false,628,this,,,0,ANY
115964117272,METHOD_PARAMETER_OUT,this,43,BY_VALUE,0,false,662,this,,,0,ANY
115964117273,METHOD_PARAMETER_OUT,this,37,BY_VALUE,0,false,699,this,,,0,ANY
115964117274,METHOD_PARAMETER_OUT,this,39,BY_VALUE,0,false,714,this,,,0,ANY
115964117275,METHOD_PARAMETER_OUT,this,39,BY_VALUE,0,false,729,this,,,0,ANY
115964117276,METHOD_PARAMETER_OUT,this,43,BY_VALUE,0,false,764,this,,,0,ANY
115964117277,METHOD_PARAMETER_OUT,limit: number = 6,50,BY_VALUE,1,false,764,limit: number,,,1,ANY
115964117278,METHOD_PARAMETER_OUT,this,0,BY_VALUE,0,false,1,this,,,0,ANY
115964117279,METHOD_PARAMETER_OUT,this,13,BY_VALUE,0,false,39,this,,,0,ANY
115964117280,METHOD_PARAMETER_OUT,req: Request,14,BY_VALUE,1,false,39,req,,,1,ANY
115964117281,METHOD_PARAMETER_OUT,res: Response,28,BY_VALUE,2,false,39,res,,,2,ANY
115964117282,METHOD_PARAMETER_OUT,this,8,BY_VALUE,0,false,48,this,,,0,ANY
115964117283,METHOD_PARAMETER_OUT,req: Request,9,BY_VALUE,1,false,48,req,,,1,ANY
115964117284,METHOD_PARAMETER_OUT,res: Response,23,BY_VALUE,2,false,48,res,,,2,ANY
115964117285,METHOD_PARAMETER_OUT,this,21,BY_VALUE,0,false,81,this,,,0,ANY
115964117286,METHOD_PARAMETER_OUT,this,20,BY_VALUE,0,false,60,this,,,0,ANY
115964117287,METHOD_PARAMETER_OUT,this,0,BY_VALUE,0,false,1,this,,,0,ANY
115964117288,METHOD_PARAMETER_OUT,this,28,BY_VALUE,0,false,4,this,,,0,ANY
115964117289,METHOD_PARAMETER_OUT,err: Error,29,BY_VALUE,1,false,4,err,,,1,ANY
115964117290,METHOD_PARAMETER_OUT,req: Request,41,BY_VALUE,2,false,4,req,,,2,ANY
115964117291,METHOD_PARAMETER_OUT,res: Response,55,BY_VALUE,3,false,4,res,,,3,ANY
115964117292,METHOD_PARAMETER_OUT,next: NextFunction,70,BY_VALUE,4,false,4,next,,,4,ANY
115964117293,METHOD_PARAMETER_OUT,this,0,BY_VALUE,0,false,1,this,,,0,ANY
115964117294,METHOD_PARAMETER_OUT,this,0,BY_VALUE,0,false,1,this,,,0,ANY
115964117295,METHOD_PARAMETER_OUT,this,22,BY_VALUE,0,false,19,this,,,0,ANY
115964117296,METHOD_PARAMETER_OUT,req,23,BY_VALUE,1,false,19,req,,,1,ANY
115964117297,METHOD_PARAMETER_OUT,res,28,BY_VALUE,2,false,19,res,,,2,ANY
115964117298,METHOD_PARAMETER_OUT,this,29,BY_VALUE,0,false,24,this,,,0,ANY
115964117299,METHOD_PARAMETER_OUT,req,36,BY_VALUE,1,false,24,req,,,1,ANY
115964117300,METHOD_PARAMETER_OUT,res,41,BY_VALUE,2,false,24,res,,,2,ANY
115964117301,METHOD_PARAMETER_OUT,this,0,BY_VALUE,0,false,1,this,,,0,ANY
115964117302,METHOD_PARAMETER_OUT,this,0,BY_VALUE,0,false,1,this,,,0,ANY
115964117303,METHOD_PARAMETER_OUT,this,31,BY_VALUE,0,false,20,this,,,0,ANY
115964117304,METHOD_PARAMETER_OUT,this,47,BY_VALUE,0,false,11,this,,,0,ANY
115964117305,METHOD_PARAMETER_OUT,this,0,BY_VALUE,0,false,1,this,,,0,ANY
115964117306,METHOD_PARAMETER_OUT,this,0,BY_VALUE,0,false,6,this,,,0,ANY
115964117307,METHOD_PARAMETER_OUT,this,2,BY_VALUE,0,false,13,this,,,0,ANY
115964117308,METHOD_PARAMETER_OUT,this,28,BY_VALUE,0,false,53,this,,,0,ANY
115964117309,METHOD_PARAMETER_OUT,resolve,28,BY_VALUE,1,false,53,resolve,,,1,ANY
115964117310,METHOD_PARAMETER_OUT,this,2,BY_VALUE,0,false,29,this,,,0,ANY
115964117311,METHOD_PARAMETER_OUT,prompt: string,29,BY_VALUE,1,false,29,prompt,,,1,__ecma.String
115964117312,METHOD_PARAMETER_OUT,maxRetries: number = 3,45,BY_VALUE,2,false,29,maxRetries: number,,,2,ANY
115964117313,METHOD_PARAMETER_OUT,this,2,BY_VALUE,0,false,70,this,,,0,ANY
115964117314,METHOD_PARAMETER_OUT,prompt: string,4,BY_VALUE,1,false,71,prompt,,,1,__ecma.String
115964117315,METHOD_PARAMETER_OUT,fileBase64: string,4,BY_VALUE,2,false,72,fileBase64,,,2,__ecma.String
115964117316,METHOD_PARAMETER_OUT,mimeType: string,4,BY_VALUE,3,false,73,mimeType,,,3,__ecma.String
115964117317,METHOD_PARAMETER_OUT,this,2,BY_VALUE,0,false,105,this,,,0,ANY
115964117318,METHOD_PARAMETER_OUT,sheets: { [key: string]: any[] },38,BY_VALUE,1,false,105,sheets,,,1,services/ai/geminiService.ts::program:GeminiService:extractProjectNameFromExcel:<anon-class>0
115964117319,METHOD_PARAMETER_OUT,this,2,BY_VALUE,0,false,127,this,,,0,ANY
115964117320,METHOD_PARAMETER_OUT,projectName: string,37,BY_VALUE,1,false,127,projectName,,,1,__ecma.String
115964117321,METHOD_PARAMETER_OUT,this,2,BY_VALUE,0,false,151,this,,,0,ANY
115964117322,METHOD_PARAMETER_OUT,userPrompt: string,4,BY_VALUE,1,false,152,userPrompt,,,1,__ecma.String
115964117323,METHOD_PARAMETER_OUT,sheets: { [key: string]: any[] },4,BY_VALUE,2,false,153,sheets,,,2,services/ai/geminiService.ts::program:GeminiService:buildEnhancedPrompt:<anon-class>2
115964117324,METHOD_PARAMETER_OUT,projectSnapshot: any | null,4,BY_VALUE,3,false,154,projectSnapshot,,,3,ANY
115964117325,METHOD_PARAMETER_OUT,this,34,BY_VALUE,0,false,216,this,,,0,ANY
115964117326,METHOD_PARAMETER_OUT,sheetName,35,BY_VALUE,1,false,216,sheetName,,,1,__ecma.String
115964117327,METHOD_PARAMETER_OUT,this,2,BY_VALUE,0,false,199,this,,,0,ANY
115964117328,METHOD_PARAMETER_OUT,prompt: string,4,BY_VALUE,1,false,200,prompt,,,1,__ecma.String
115964117329,METHOD_PARAMETER_OUT,excelBase64: string,4,BY_VALUE,2,false,201,excelBase64,,,2,__ecma.String
115964117330,METHOD_PARAMETER_OUT,this,2,BY_VALUE,0,false,250,this,,,0,ANY
115964117331,METHOD_PARAMETER_OUT,prompt: string,4,BY_VALUE,1,false,251,prompt,,,1,__ecma.String
115964117332,METHOD_PARAMETER_OUT,pdfBase64: string,4,BY_VALUE,2,false,252,pdfBase64,,,2,__ecma.String
115964117333,METHOD_PARAMETER_OUT,mimeType: string = 'application/pdf',4,BY_VALUE,3,false,253,mimeType: string,,,3,ANY
115964117334,METHOD_PARAMETER_OUT,this,2,BY_VALUE,0,false,261,this,,,0,ANY
115964117335,METHOD_PARAMETER_OUT,this,0,BY_VALUE,0,false,1,this,,,0,ANY
115964117336,METHOD_PARAMETER_OUT,this,0,BY_VALUE,0,false,4,this,,,0,ANY
115964117337,METHOD_PARAMETER_OUT,this,2,BY_VALUE,0,false,10,this,,,0,ANY
115964117338,METHOD_PARAMETER_OUT,url: string,23,BY_VALUE,1,false,10,url,,,1,__ecma.String
115964117339,METHOD_PARAMETER_OUT,this,2,BY_VALUE,0,false,23,this,,,0,ANY
115964117340,METHOD_PARAMETER_OUT,spreadsheetUrl: string,24,BY_VALUE,1,false,23,spreadsheetUrl,,,1,__ecma.String
115964117341,METHOD_PARAMETER_OUT,this,0,BY_VALUE,0,false,1,this,,,0,ANY
115964117342,METHOD_PARAMETER_OUT,this,28,BY_VALUE,0,false,6,this,,,0,ANY
115964117343,METHOD_PARAMETER_OUT,detailedCalc: string,29,BY_VALUE,1,false,6,detailedCalc,,,1,__ecma.String
115964117344,METHOD_PARAMETER_OUT,sectionName: string,51,BY_VALUE,2,false,6,sectionName,,,2,__ecma.String
115964117345,METHOD_PARAMETER_OUT,this,24,BY_VALUE,0,false,50,this,,,0,ANY
115964117346,METHOD_PARAMETER_OUT,jsonStr: string,25,BY_VALUE,1,false,50,jsonStr,,,1,__ecma.String
115964117347,METHOD_PARAMETER_OUT,this,56,BY_VALUE,0,false,110,this,,,0,ANY
115964117348,METHOD_PARAMETER_OUT,section: any,57,BY_VALUE,1,false,110,section,,,1,ANY
115964117349,METHOD_PARAMETER_OUT,this,39,BY_VALUE,0,false,63,this,,,0,ANY
115964117350,METHOD_PARAMETER_OUT,rawResponse: string,40,BY_VALUE,1,false,63,rawResponse,,,1,__ecma.String
115964117351,METHOD_PARAMETER_OUT,this,0,BY_VALUE,0,false,1,this,,,0,ANY
115964117352,METHOD_PARAMETER_OUT,this,0,BY_VALUE,0,false,9,this,,,0,ANY
115964117353,METHOD_PARAMETER_OUT,this,2,BY_VALUE,0,false,16,this,,,0,ANY
115964117354,METHOD_PARAMETER_OUT,this,2,BY_VALUE,0,false,32,this,,,0,ANY
115964117355,METHOD_PARAMETER_OUT,sheets: { [key: string]: any[] },4,BY_VALUE,1,false,33,sheets,,,1,services/ai/projectInsightsService.ts::program:ProjectInsightsService:extractProjectRow:<anon-class>0
115964117356,METHOD_PARAMETER_OUT,projectName: string,4,BY_VALUE,2,false,34,projectName,,,2,__ecma.String
115964117357,METHOD_PARAMETER_OUT,this,2,BY_VALUE,0,false,67,this,,,0,ANY
115964117358,METHOD_PARAMETER_OUT,basePrompt: string,4,BY_VALUE,1,false,68,basePrompt,,,1,__ecma.String
115964117359,METHOD_PARAMETER_OUT,projectName: string,4,BY_VALUE,2,false,69,projectName,,,2,__ecma.String
115964117360,METHOD_PARAMETER_OUT,projectRow: any,4,BY_VALUE,3,false,70,projectRow,,,3,ANY
115964117361,METHOD_PARAMETER_OUT,projectSnapshot: any,4,BY_VALUE,4,false,71,projectSnapshot,,,4,ANY
115964117362,METHOD_PARAMETER_OUT,this,34,BY_VALUE,0,false,133,this,,,0,ANY
115964117363,METHOD_PARAMETER_OUT,sheetName,35,BY_VALUE,1,false,133,sheetName,,,1,__ecma.String
115964117364,METHOD_PARAMETER_OUT,this,2,BY_VALUE,0,false,118,this,,,0,ANY
115964117365,METHOD_PARAMETER_OUT,projectName: string,25,BY_VALUE,1,false,118,projectName,,,1,__ecma.String
115964117366,METHOD_PARAMETER_OUT,this,0,BY_VALUE,0,false,1,this,,,0,ANY
115964117367,METHOD_PARAMETER_OUT,this,0,BY_VALUE,0,false,7,this,,,0,ANY
115964117368,METHOD_PARAMETER_OUT,this,59,BY_VALUE,0,false,34,this,,,0,ANY
115964117369,METHOD_PARAMETER_OUT,commit: any,60,BY_VALUE,1,false,34,commit,,,1,ANY
115964117370,METHOD_PARAMETER_OUT,this,2,BY_VALUE,0,false,12,this,,,0,ANY
115964117371,METHOD_PARAMETER_OUT,projectId: number,4,BY_VALUE,1,false,13,projectId,,,1,__ecma.Number
115964117372,METHOD_PARAMETER_OUT,commitsLast7d: GitLabCommit[],4,BY_VALUE,2,false,14,commitsLast7d,,,2,__ecma.Array
115964117373,METHOD_PARAMETER_OUT,totalCommitCount: number,4,BY_VALUE,3,false,15,totalCommitCount,,,3,__ecma.Number
115964117374,METHOD_PARAMETER_OUT,this,20,BY_VALUE,0,false,65,this,,,0,ANY
115964117375,METHOD_PARAMETER_OUT,commit: any,21,BY_VALUE,1,false,65,commit,,,1,ANY
115964117376,METHOD_PARAMETER_OUT,this,2,BY_VALUE,0,false,61,this,,,0,ANY
115964117377,METHOD_PARAMETER_OUT,commits: GitLabCommit[],33,BY_VALUE,1,false,61,commits,,,1,__ecma.Array
115964117378,METHOD_PARAMETER_OUT,this,20,BY_VALUE,0,false,94,this,,,0,ANY
115964117379,METHOD_PARAMETER_OUT,commit: any,21,BY_VALUE,1,false,94,commit,,,1,ANY
115964117380,METHOD_PARAMETER_OUT,this,2,BY_VALUE,0,false,90,this,,,0,ANY
115964117381,METHOD_PARAMETER_OUT,commits: GitLabCommit[],37,BY_VALUE,1,false,90,commits,,,1,__ecma.Array
115964117382,METHOD_PARAMETER_OUT,this,20,BY_VALUE,0,false,121,this,,,0,ANY
115964117383,METHOD_PARAMETER_OUT,commit,21,BY_VALUE,1,false,121,commit,,,1,ANY
115964117384,METHOD_PARAMETER_OUT,this,6,BY_VALUE,0,false,151,this,,,0,ANY
115964117385,METHOD_PARAMETER_OUT,c,6,BY_VALUE,1,false,151,c,,,1,ANY
115964117386,METHOD_PARAMETER_OUT,this,2,BY_VALUE,0,false,117,this,,,0,ANY
115964117387,METHOD_PARAMETER_OUT,commits: GitLabCommit[],29,BY_VALUE,1,false,117,commits,,,1,__ecma.Array
115964117388,METHOD_PARAMETER_OUT,this,0,BY_VALUE,0,false,1,this,,,0,ANY
115964117389,METHOD_PARAMETER_OUT,this,0,BY_VALUE,0,false,9,this,,,0,ANY
115964117390,METHOD_PARAMETER_OUT,this,2,BY_VALUE,0,false,14,this,,,0,ANY
115964117391,METHOD_PARAMETER_OUT,projectId: number,4,BY_VALUE,1,false,15,projectId,,,1,__ecma.Number
115964117392,METHOD_PARAMETER_OUT,metrics: CommitMetricsCalculationResult,4,BY_VALUE,2,false,16,metrics,,,2,ANY
115964117393,METHOD_PARAMETER_OUT,this,2,BY_VALUE,0,false,72,this,,,0,ANY
115964117394,METHOD_PARAMETER_OUT,projectId: number,31,BY_VALUE,1,false,72,projectId,,,1,__ecma.Number
115964117395,METHOD_PARAMETER_OUT,this,2,BY_VALUE,0,false,128,this,,,0,ANY
115964117396,METHOD_PARAMETER_OUT,projectId: number,19,BY_VALUE,1,false,128,projectId,,,1,__ecma.Number
115964117397,METHOD_PARAMETER_OUT,this,2,BY_VALUE,0,false,148,this,,,0,ANY
115964117398,METHOD_PARAMETER_OUT,projectId: number,22,BY_VALUE,1,false,148,projectId,,,1,__ecma.Number
115964117399,METHOD_PARAMETER_OUT,this,2,BY_VALUE,0,false,167,this,,,0,ANY
115964117400,METHOD_PARAMETER_OUT,projectId: number,4,BY_VALUE,1,false,168,projectId,,,1,__ecma.Number
115964117401,METHOD_PARAMETER_OUT,days: number = 30,4,BY_VALUE,2,false,169,days: number,,,2,ANY
115964117402,METHOD_PARAMETER_OUT,this,2,BY_VALUE,0,false,190,this,,,0,ANY
115964117403,METHOD_PARAMETER_OUT,projectId: number,22,BY_VALUE,1,false,190,projectId,,,1,__ecma.Number
115964117404,METHOD_PARAMETER_OUT,this,0,BY_VALUE,0,false,1,this,,,0,ANY
115964117405,METHOD_PARAMETER_OUT,this,0,BY_VALUE,0,false,10,this,,,0,ANY
115964117406,METHOD_PARAMETER_OUT,this,2,BY_VALUE,0,false,15,this,,,0,ANY
115964117407,METHOD_PARAMETER_OUT,projectId: number,26,BY_VALUE,1,false,15,projectId,,,1,__ecma.Number
115964117408,METHOD_PARAMETER_OUT,this,2,BY_VALUE,0,false,55,this,,,0,ANY
115964117409,METHOD_PARAMETER_OUT,projectId: number,32,BY_VALUE,1,false,55,projectId,,,1,__ecma.Number
115964117410,METHOD_PARAMETER_OUT,this,0,BY_VALUE,0,false,1,this,,,0,ANY
115964117411,METHOD_PARAMETER_OUT,this,43,BY_VALUE,0,false,12,this,,,0,ANY
115964117412,METHOD_PARAMETER_OUT,projectId: number,2,BY_VALUE,1,false,13,projectId,,,1,__ecma.Number
115964117413,METHOD_PARAMETER_OUT,days: number = 30,2,BY_VALUE,2,false,14,days: number,,,2,ANY
115964117414,METHOD_PARAMETER_OUT,this,0,BY_VALUE,0,false,1,this,,,0,ANY
115964117415,METHOD_PARAMETER_OUT,this,39,BY_VALUE,0,false,19,this,,,0,ANY
115964117416,METHOD_PARAMETER_OUT,data: DeploymentFrequencyInput,2,BY_VALUE,1,false,20,data,,,1,ANY
115964117417,METHOD_PARAMETER_OUT,this,34,BY_VALUE,0,false,51,this,,,0,ANY
115964117418,METHOD_PARAMETER_OUT,data: LeadTimeChangeInput,2,BY_VALUE,1,false,52,data,,,1,ANY
115964117419,METHOD_PARAMETER_OUT,this,37,BY_VALUE,0,false,87,this,,,0,ANY
115964117420,METHOD_PARAMETER_OUT,data: ChangeFailureRateInput,2,BY_VALUE,1,false,88,data,,,1,ANY
115964117421,METHOD_PARAMETER_OUT,this,40,BY_VALUE,0,false,119,this,,,0,ANY
115964117422,METHOD_PARAMETER_OUT,data: TimeToRestoreServiceInput,2,BY_VALUE,1,false,120,data,,,1,ANY
115964117423,METHOD_PARAMETER_OUT,this,47,BY_VALUE,0,false,157,this,,,0,ANY
115964117424,METHOD_PARAMETER_OUT,projectId: number,2,BY_VALUE,1,false,158,projectId,,,1,__ecma.Number
115964117425,METHOD_PARAMETER_OUT,days: number = 30,2,BY_VALUE,2,false,159,days: number,,,2,ANY
115964117426,METHOD_PARAMETER_OUT,this,43,BY_VALUE,0,false,177,this,,,0,ANY
115964117427,METHOD_PARAMETER_OUT,projectId: number,2,BY_VALUE,1,false,178,projectId,,,1,__ecma.Number
115964117428,METHOD_PARAMETER_OUT,days: number = 30,2,BY_VALUE,2,false,179,days: number,,,2,ANY
115964117429,METHOD_PARAMETER_OUT,this,45,BY_VALUE,0,false,197,this,,,0,ANY
115964117430,METHOD_PARAMETER_OUT,projectId: number,2,BY_VALUE,1,false,198,projectId,,,1,__ecma.Number
115964117431,METHOD_PARAMETER_OUT,days: number = 30,2,BY_VALUE,2,false,199,days: number,,,2,ANY
115964117432,METHOD_PARAMETER_OUT,this,48,BY_VALUE,0,false,217,this,,,0,ANY
115964117433,METHOD_PARAMETER_OUT,projectId: number,2,BY_VALUE,1,false,218,projectId,,,1,__ecma.Number
115964117434,METHOD_PARAMETER_OUT,days: number = 30,2,BY_VALUE,2,false,219,days: number,,,2,ANY
115964117435,METHOD_PARAMETER_OUT,this,43,BY_VALUE,0,false,237,this,,,0,ANY
115964117436,METHOD_PARAMETER_OUT,projectId: number,2,BY_VALUE,1,false,238,projectId,,,1,__ecma.Number
115964117437,METHOD_PARAMETER_OUT,searchTerm: string,2,BY_VALUE,2,false,239,searchTerm,,,2,__ecma.String
115964117438,METHOD_PARAMETER_OUT,limit: number = 10,2,BY_VALUE,3,false,240,limit: number,,,3,ANY
115964117439,METHOD_PARAMETER_OUT,this,41,BY_VALUE,0,false,259,this,,,0,ANY
115964117440,METHOD_PARAMETER_OUT,uuid: string,48,BY_VALUE,1,false,259,uuid,,,1,__ecma.String
115964117441,METHOD_PARAMETER_OUT,this,36,BY_VALUE,0,false,268,this,,,0,ANY
115964117442,METHOD_PARAMETER_OUT,uuid: string,43,BY_VALUE,1,false,268,uuid,,,1,__ecma.String
115964117443,METHOD_PARAMETER_OUT,this,39,BY_VALUE,0,false,277,this,,,0,ANY
115964117444,METHOD_PARAMETER_OUT,uuid: string,46,BY_VALUE,1,false,277,uuid,,,1,__ecma.String
115964117445,METHOD_PARAMETER_OUT,this,42,BY_VALUE,0,false,286,this,,,0,ANY
115964117446,METHOD_PARAMETER_OUT,uuid: string,49,BY_VALUE,1,false,286,uuid,,,1,__ecma.String
115964117447,METHOD_PARAMETER_OUT,this,0,BY_VALUE,0,false,1,this,,,0,ANY
115964117448,METHOD_PARAMETER_OUT,this,0,BY_VALUE,0,false,52,this,,,0,ANY
115964117449,METHOD_PARAMETER_OUT,current: number,24,BY_VALUE,1,false,52,current,,,1,__ecma.Number
115964117450,METHOD_PARAMETER_OUT,previous: number,41,BY_VALUE,2,false,52,previous,,,2,__ecma.Number
115964117451,METHOD_PARAMETER_OUT,lowerIsBetter: boolean = false,59,BY_VALUE,3,false,52,lowerIsBetter: boolean,,,3,ANY
115964117452,METHOD_PARAMETER_OUT,this,7,BY_VALUE,0,false,6,this,,,0,ANY
115964117453,METHOD_PARAMETER_OUT,this,7,BY_VALUE,0,false,18,this,,,0,ANY
115964117454,METHOD_PARAMETER_OUT,this,32,BY_VALUE,0,false,205,this,,,0,ANY
115964117455,METHOD_PARAMETER_OUT,row,32,BY_VALUE,1,false,205,row,,,1,ANY
115964117456,METHOD_PARAMETER_OUT,this,30,BY_VALUE,0,false,206,this,,,0,ANY
115964117457,METHOD_PARAMETER_OUT,row,30,BY_VALUE,1,false,206,row,,,1,ANY
115964117458,METHOD_PARAMETER_OUT,this,29,BY_VALUE,0,false,207,this,,,0,ANY
115964117459,METHOD_PARAMETER_OUT,row,29,BY_VALUE,1,false,207,row,,,1,ANY
115964117460,METHOD_PARAMETER_OUT,this,29,BY_VALUE,0,false,208,this,,,0,ANY
115964117461,METHOD_PARAMETER_OUT,row,29,BY_VALUE,1,false,208,row,,,1,ANY
115964117462,METHOD_PARAMETER_OUT,this,21,BY_VALUE,0,false,211,this,,,0,ANY
115964117463,METHOD_PARAMETER_OUT,period,21,BY_VALUE,1,false,211,period,,,1,__ecma.String
115964117464,METHOD_PARAMETER_OUT,this,32,BY_VALUE,0,false,226,this,,,0,ANY
115964117465,METHOD_PARAMETER_OUT,row,32,BY_VALUE,1,false,226,row,,,1,ANY
115964117466,METHOD_PARAMETER_OUT,this,30,BY_VALUE,0,false,235,this,,,0,ANY
115964117467,METHOD_PARAMETER_OUT,row,30,BY_VALUE,1,false,235,row,,,1,ANY
115964117468,METHOD_PARAMETER_OUT,this,29,BY_VALUE,0,false,244,this,,,0,ANY
115964117469,METHOD_PARAMETER_OUT,row,29,BY_VALUE,1,false,244,row,,,1,ANY
115964117470,METHOD_PARAMETER_OUT,this,29,BY_VALUE,0,false,253,this,,,0,ANY
115964117471,METHOD_PARAMETER_OUT,row,29,BY_VALUE,1,false,253,row,,,1,ANY
115964117472,METHOD_PARAMETER_OUT,this,51,BY_VALUE,0,false,261,this,,,0,ANY
115964117473,METHOD_PARAMETER_OUT,a,52,BY_VALUE,1,false,261,a,,,1,ANY
115964117474,METHOD_PARAMETER_OUT,b,55,BY_VALUE,2,false,261,b,,,2,ANY
115964117475,METHOD_PARAMETER_OUT,this,35,BY_VALUE,0,false,266,this,,,0,ANY
115964117476,METHOD_PARAMETER_OUT,d,35,BY_VALUE,1,false,266,d,,,1,ANY
115964117477,METHOD_PARAMETER_OUT,this,71,BY_VALUE,0,false,266,this,,,0,ANY
115964117478,METHOD_PARAMETER_OUT,d,71,BY_VALUE,1,false,266,d,,,1,__ecma.Number
115964117479,METHOD_PARAMETER_OUT,this,29,BY_VALUE,0,false,267,this,,,0,ANY
115964117480,METHOD_PARAMETER_OUT,d,29,BY_VALUE,1,false,267,d,,,1,ANY
115964117481,METHOD_PARAMETER_OUT,this,64,BY_VALUE,0,false,267,this,,,0,ANY
115964117482,METHOD_PARAMETER_OUT,d,64,BY_VALUE,1,false,267,d,,,1,__ecma.Number
115964117483,METHOD_PARAMETER_OUT,this,32,BY_VALUE,0,false,268,this,,,0,ANY
115964117484,METHOD_PARAMETER_OUT,d,32,BY_VALUE,1,false,268,d,,,1,ANY
115964117485,METHOD_PARAMETER_OUT,this,32,BY_VALUE,0,false,269,this,,,0,ANY
115964117486,METHOD_PARAMETER_OUT,d,32,BY_VALUE,1,false,269,d,,,1,ANY
115964117487,METHOD_PARAMETER_OUT,this,70,BY_VALUE,0,false,269,this,,,0,ANY
115964117488,METHOD_PARAMETER_OUT,d,70,BY_VALUE,1,false,269,d,,,1,__ecma.Number
115964117489,METHOD_PARAMETER_OUT,this,29,BY_VALUE,0,false,281,this,,,0,ANY
115964117490,METHOD_PARAMETER_OUT,a,30,BY_VALUE,1,false,281,a,,,1,__ecma.Number
115964117491,METHOD_PARAMETER_OUT,b,33,BY_VALUE,2,false,281,b,,,2,__ecma.Number
115964117492,METHOD_PARAMETER_OUT,this,23,BY_VALUE,0,false,284,this,,,0,ANY
115964117493,METHOD_PARAMETER_OUT,a,24,BY_VALUE,1,false,284,a,,,1,__ecma.Number
115964117494,METHOD_PARAMETER_OUT,b,27,BY_VALUE,2,false,284,b,,,2,__ecma.Number
115964117495,METHOD_PARAMETER_OUT,this,26,BY_VALUE,0,false,287,this,,,0,ANY
115964117496,METHOD_PARAMETER_OUT,a,27,BY_VALUE,1,false,287,a,,,1,__ecma.Number
115964117497,METHOD_PARAMETER_OUT,b,30,BY_VALUE,2,false,287,b,,,2,__ecma.Number
115964117498,METHOD_PARAMETER_OUT,this,26,BY_VALUE,0,false,290,this,,,0,ANY
115964117499,METHOD_PARAMETER_OUT,a,27,BY_VALUE,1,false,290,a,,,1,__ecma.Number
115964117500,METHOD_PARAMETER_OUT,b,30,BY_VALUE,2,false,290,b,,,2,__ecma.Number
115964117501,METHOD_PARAMETER_OUT,this,29,BY_VALUE,0,false,82,this,,,0,ANY
115964117502,METHOD_PARAMETER_OUT,projectId: number,2,BY_VALUE,1,false,83,projectId,,,1,__ecma.Number
115964117503,METHOD_PARAMETER_OUT,granularity: 'weekly' | 'monthly' | 'yearly' = 'monthly',2,BY_VALUE,2,false,84,granularity: 'weekly' | 'monthly' | 'yearly',,,2,ANY
115964117504,METHOD_PARAMETER_OUT,periods: number = 12,2,BY_VALUE,3,false,85,periods: number,,,3,ANY
115964117505,METHOD_PARAMETER_OUT,offset: number = 0,2,BY_VALUE,4,false,86,offset: number,,,4,ANY
115964117506,METHOD_PARAMETER_OUT,this,0,BY_VALUE,0,false,1,this,,,0,ANY
115964117507,METHOD_PARAMETER_OUT,this,0,BY_VALUE,0,false,6,this,,,0,ANY
115964117508,METHOD_PARAMETER_OUT,this,38,BY_VALUE,0,false,24,this,,,0,ANY
115964117509,METHOD_PARAMETER_OUT,projectId: number,2,BY_VALUE,1,false,25,projectId,,,1,__ecma.Number
115964117510,METHOD_PARAMETER_OUT,weekStartDate: Date,2,BY_VALUE,2,false,26,weekStartDate,,,2,ANY
115964117511,METHOD_PARAMETER_OUT,weekEndDate: Date,2,BY_VALUE,3,false,27,weekEndDate,,,3,ANY
115964117512,METHOD_PARAMETER_OUT,this,45,BY_VALUE,0,false,149,this,,,0,ANY
115964117513,METHOD_PARAMETER_OUT,row,45,BY_VALUE,1,false,149,row,,,1,ANY
115964117514,METHOD_PARAMETER_OUT,this,49,BY_VALUE,0,false,138,this,,,0,ANY
115964117515,METHOD_PARAMETER_OUT,weekStartDate: Date,2,BY_VALUE,1,false,139,weekStartDate,,,1,ANY
115964117516,METHOD_PARAMETER_OUT,weekEndDate: Date,2,BY_VALUE,2,false,140,weekEndDate,,,2,ANY
115964117517,METHOD_PARAMETER_OUT,this,36,BY_VALUE,0,false,168,this,,,0,ANY
115964117518,METHOD_PARAMETER_OUT,this,40,BY_VALUE,0,false,192,this,,,0,ANY
115964117519,METHOD_PARAMETER_OUT,this,44,BY_VALUE,0,false,203,this,,,0,ANY
115964117520,METHOD_PARAMETER_OUT,projectId: number,2,BY_VALUE,1,false,204,projectId,,,1,__ecma.Number
115964117521,METHOD_PARAMETER_OUT,limit: number = 12,2,BY_VALUE,2,false,205,limit: number,,,2,ANY
115964117522,METHOD_PARAMETER_OUT,this,0,BY_VALUE,0,false,1,this,,,0,ANY
115964117523,METHOD_PARAMETER_OUT,this,15,BY_VALUE,0,false,9,this,,,0,ANY
115964117524,METHOD_PARAMETER_OUT,projectId: number,4,BY_VALUE,1,false,10,projectId,,,1,__ecma.Number
115964117525,METHOD_PARAMETER_OUT,since?: string,4,BY_VALUE,2,false,11,since,,,2,__ecma.String
115964117526,METHOD_PARAMETER_OUT,perPage: number = 100,4,BY_VALUE,3,false,12,perPage: number,,,3,ANY
115964117527,METHOD_PARAMETER_OUT,this,14,BY_VALUE,0,false,39,this,,,0,ANY
115964117528,METHOD_PARAMETER_OUT,projectId: number,21,BY_VALUE,1,false,39,projectId,,,1,__ecma.Number
115964117529,METHOD_PARAMETER_OUT,sha: string,40,BY_VALUE,2,false,39,sha,,,2,__ecma.String
115964117530,METHOD_PARAMETER_OUT,this,19,BY_VALUE,0,false,61,this,,,0,ANY
115964117531,METHOD_PARAMETER_OUT,projectId: number,4,BY_VALUE,1,false,62,projectId,,,1,__ecma.Number
115964117532,METHOD_PARAMETER_OUT,since?: string,4,BY_VALUE,2,false,63,since,,,2,__ecma.String
115964117533,METHOD_PARAMETER_OUT,this,0,BY_VALUE,0,false,5,this,,,0,ANY
115964117534,METHOD_PARAMETER_OUT,this,0,BY_VALUE,0,false,1,this,,,0,ANY
115964117535,METHOD_PARAMETER_OUT,this,21,BY_VALUE,0,false,10,this,,,0,ANY
115964117536,METHOD_PARAMETER_OUT,projectId: number,28,BY_VALUE,1,false,10,projectId,,,1,__ecma.Number
115964117537,METHOD_PARAMETER_OUT,this,18,BY_VALUE,0,false,36,this,,,0,ANY
115964117538,METHOD_PARAMETER_OUT,projectId: number,25,BY_VALUE,1,false,36,projectId,,,1,__ecma.Number
115964117539,METHOD_PARAMETER_OUT,state: 'opened' | 'closed' | 'all',44,BY_VALUE,2,false,36,state,,,2,ANY
115964117540,METHOD_PARAMETER_OUT,this,20,BY_VALUE,0,false,58,this,,,0,ANY
115964117541,METHOD_PARAMETER_OUT,projectId: number,4,BY_VALUE,1,false,59,projectId,,,1,__ecma.Number
115964117542,METHOD_PARAMETER_OUT,closedAfter?: string,4,BY_VALUE,2,false,60,closedAfter,,,2,__ecma.String
115964117543,METHOD_PARAMETER_OUT,maxResults: number = 10000,4,BY_VALUE,3,false,61,maxResults: number,,,3,ANY
115964117544,METHOD_PARAMETER_OUT,this,20,BY_VALUE,0,false,131,this,,,0,ANY
115964117545,METHOD_PARAMETER_OUT,projectId: number,4,BY_VALUE,1,false,132,projectId,,,1,__ecma.Number
115964117546,METHOD_PARAMETER_OUT,createdAfter: string,4,BY_VALUE,2,false,133,createdAfter,,,2,__ecma.String
115964117547,METHOD_PARAMETER_OUT,maxResults: number = 10000,4,BY_VALUE,3,false,134,maxResults: number,,,3,ANY
115964117548,METHOD_PARAMETER_OUT,this,21,BY_VALUE,0,false,179,this,,,0,ANY
115964117549,METHOD_PARAMETER_OUT,projectId: number,4,BY_VALUE,1,false,180,projectId,,,1,__ecma.Number
115964117550,METHOD_PARAMETER_OUT,labels: string[],4,BY_VALUE,2,false,181,labels,,,2,__ecma.Array
115964117551,METHOD_PARAMETER_OUT,createdAfter?: string,4,BY_VALUE,3,false,182,createdAfter,,,3,__ecma.String
115964117552,METHOD_PARAMETER_OUT,state: 'opened' | 'closed' | 'all' = 'all',4,BY_VALUE,4,false,183,state: 'opened' | 'closed' | 'all',,,4,ANY
115964117553,METHOD_PARAMETER_OUT,this,18,BY_VALUE,0,false,209,this,,,0,ANY
115964117554,METHOD_PARAMETER_OUT,projectId: number,25,BY_VALUE,1,false,209,projectId,,,1,__ecma.Number
115964117555,METHOD_PARAMETER_OUT,maxResults: number = 10000,44,BY_VALUE,2,false,209,maxResults: number,,,2,ANY
115964117556,METHOD_PARAMETER_OUT,this,24,BY_VALUE,0,false,253,this,,,0,ANY
115964117557,METHOD_PARAMETER_OUT,projectId: number,31,BY_VALUE,1,false,253,projectId,,,1,__ecma.Number
115964117558,METHOD_PARAMETER_OUT,issueIid: number,50,BY_VALUE,2,false,253,issueIid,,,2,__ecma.Number
115964117559,METHOD_PARAMETER_OUT,this,21,BY_VALUE,0,false,270,this,,,0,ANY
115964117560,METHOD_PARAMETER_OUT,projectId: number,28,BY_VALUE,1,false,270,projectId,,,1,__ecma.Number
115964117561,METHOD_PARAMETER_OUT,issueIid: number,47,BY_VALUE,2,false,270,issueIid,,,2,__ecma.Number
115964117562,METHOD_PARAMETER_OUT,this,18,BY_VALUE,0,false,287,this,,,0,ANY
115964117563,METHOD_PARAMETER_OUT,projectId: number,25,BY_VALUE,1,false,287,projectId,,,1,__ecma.Number
115964117564,METHOD_PARAMETER_OUT,issueIid: number,44,BY_VALUE,2,false,287,issueIid,,,2,__ecma.Number
115964117565,METHOD_PARAMETER_OUT,this,0,BY_VALUE,0,false,6,this,,,0,ANY
115964117566,METHOD_PARAMETER_OUT,this,0,BY_VALUE,0,false,1,this,,,0,ANY
115964117567,METHOD_PARAMETER_OUT,this,28,BY_VALUE,0,false,9,this,,,0,ANY
115964117568,METHOD_PARAMETER_OUT,projectId: number,35,BY_VALUE,1,false,9,projectId,,,1,__ecma.Number
115964117569,METHOD_PARAMETER_OUT,this,15,BY_VALUE,0,false,31,this,,,0,ANY
115964117570,METHOD_PARAMETER_OUT,projectId: number,22,BY_VALUE,1,false,31,projectId,,,1,__ecma.Number
115964117571,METHOD_PARAMETER_OUT,state: 'opened' | 'closed' | 'merged' | 'all' = 'opened',41,BY_VALUE,2,false,31,state: 'opened' | 'closed' | 'merged' | 'all',,,2,ANY
115964117572,METHOD_PARAMETER_OUT,this,15,BY_VALUE,0,false,56,this,,,0,ANY
115964117573,METHOD_PARAMETER_OUT,projectId: number,22,BY_VALUE,1,false,56,projectId,,,1,__ecma.Number
115964117574,METHOD_PARAMETER_OUT,perPage: number = 500,41,BY_VALUE,2,false,56,perPage: number,,,2,ANY
115964117575,METHOD_PARAMETER_OUT,this,17,BY_VALUE,0,false,78,this,,,0,ANY
115964117576,METHOD_PARAMETER_OUT,projectId: number,4,BY_VALUE,1,false,79,projectId,,,1,__ecma.Number
115964117577,METHOD_PARAMETER_OUT,mergedAfter?: string,4,BY_VALUE,2,false,80,mergedAfter,,,2,__ecma.String
115964117578,METHOD_PARAMETER_OUT,perPage: number = 500,4,BY_VALUE,3,false,81,perPage: number,,,3,ANY
115964117579,METHOD_PARAMETER_OUT,this,17,BY_VALUE,0,false,110,this,,,0,ANY
115964117580,METHOD_PARAMETER_OUT,projectId: number,4,BY_VALUE,1,false,111,projectId,,,1,__ecma.Number
115964117581,METHOD_PARAMETER_OUT,createdAfter: string,4,BY_VALUE,2,false,112,createdAfter,,,2,__ecma.String
115964117582,METHOD_PARAMETER_OUT,perPage: number = 500,4,BY_VALUE,3,false,113,perPage: number,,,3,ANY
115964117583,METHOD_PARAMETER_OUT,this,15,BY_VALUE,0,false,136,this,,,0,ANY
115964117584,METHOD_PARAMETER_OUT,projectId: number,22,BY_VALUE,1,false,136,projectId,,,1,__ecma.Number
115964117585,METHOD_PARAMETER_OUT,mrIid: number,41,BY_VALUE,2,false,136,mrIid,,,2,__ecma.Number
115964117586,METHOD_PARAMETER_OUT,this,19,BY_VALUE,0,false,158,this,,,0,ANY
115964117587,METHOD_PARAMETER_OUT,projectId: number,26,BY_VALUE,1,false,158,projectId,,,1,__ecma.Number
115964117588,METHOD_PARAMETER_OUT,mrIid: number,45,BY_VALUE,2,false,158,mrIid,,,2,__ecma.Number
115964117589,METHOD_PARAMETER_OUT,this,38,BY_VALUE,0,false,201,this,,,0,ANY
115964117590,METHOD_PARAMETER_OUT,label: string,39,BY_VALUE,1,false,201,label,,,1,__ecma.String
115964117591,METHOD_PARAMETER_OUT,this,20,BY_VALUE,0,false,181,this,,,0,ANY
115964117592,METHOD_PARAMETER_OUT,projectId: number,27,BY_VALUE,1,false,181,projectId,,,1,__ecma.Number
115964117593,METHOD_PARAMETER_OUT,mrIid: number,46,BY_VALUE,2,false,181,mrIid,,,2,__ecma.Number
115964117594,METHOD_PARAMETER_OUT,this,0,BY_VALUE,0,false,5,this,,,0,ANY
115964117595,METHOD_PARAMETER_OUT,this,0,BY_VALUE,0,false,1,this,,,0,ANY
115964117596,METHOD_PARAMETER_OUT,this,26,BY_VALUE,0,false,10,this,,,0,ANY
115964117597,METHOD_PARAMETER_OUT,projectId: number | string,33,BY_VALUE,1,false,10,projectId,,,1,ANY
115964117598,METHOD_PARAMETER_OUT,this,25,BY_VALUE,0,false,61,this,,,0,ANY
115964117599,METHOD_PARAMETER_OUT,m: any,26,BY_VALUE,1,false,61,m,,,1,ANY
115964117600,METHOD_PARAMETER_OUT,this,22,BY_VALUE,0,false,39,this,,,0,ANY
115964117601,METHOD_PARAMETER_OUT,projectId: number | string,29,BY_VALUE,1,false,39,projectId,,,1,ANY
115964117602,METHOD_PARAMETER_OUT,this,0,BY_VALUE,0,false,4,this,,,0,ANY
115964117603,METHOD_PARAMETER_OUT,this,0,BY_VALUE,0,false,1,this,,,0,ANY
115964117604,METHOD_PARAMETER_OUT,this,21,BY_VALUE,0,false,8,this,,,0,ANY
115964117605,METHOD_PARAMETER_OUT,this,19,BY_VALUE,0,false,22,this,,,0,ANY
115964117606,METHOD_PARAMETER_OUT,this,0,BY_VALUE,0,false,4,this,,,0,ANY
115964117607,METHOD_PARAMETER_OUT,this,0,BY_VALUE,0,false,1,this,,,0,ANY
115964117608,METHOD_PARAMETER_OUT,this,29,BY_VALUE,0,false,14,this,,,0,ANY
115964117609,METHOD_PARAMETER_OUT,this,14,BY_VALUE,0,false,34,this,,,0,ANY
115964117610,METHOD_PARAMETER_OUT,this,2,BY_VALUE,0,false,9,this,,,0,ANY
115964117611,METHOD_PARAMETER_OUT,this,0,BY_VALUE,0,false,1,this,,,0,ANY
115964117612,METHOD_PARAMETER_OUT,this,17,BY_VALUE,0,false,9,this,,,0,ANY
115964117613,METHOD_PARAMETER_OUT,this,17,BY_VALUE,0,false,27,this,,,0,ANY
115964117614,METHOD_PARAMETER_OUT,groupId: number,24,BY_VALUE,1,false,27,groupId,,,1,__ecma.Number
115964117615,METHOD_PARAMETER_OUT,this,19,BY_VALUE,0,false,41,this,,,0,ANY
115964117616,METHOD_PARAMETER_OUT,groupId: number,26,BY_VALUE,1,false,41,groupId,,,1,__ecma.Number
115964117617,METHOD_PARAMETER_OUT,this,0,BY_VALUE,0,false,5,this,,,0,ANY
115964117618,METHOD_PARAMETER_OUT,this,0,BY_VALUE,0,false,1,this,,,0,ANY
115964117619,METHOD_PARAMETER_OUT,this,37,BY_VALUE,0,false,25,this,,,0,ANY
115964117620,METHOD_PARAMETER_OUT,milestone,37,BY_VALUE,1,false,25,milestone,,,1,ANY
115964117621,METHOD_PARAMETER_OUT,this,27,BY_VALUE,0,false,9,this,,,0,ANY
115964117622,METHOD_PARAMETER_OUT,projectId: number,34,BY_VALUE,1,false,9,projectId,,,1,__ecma.Number
115964117623,METHOD_PARAMETER_OUT,this,0,BY_VALUE,0,false,4,this,,,0,ANY
115964117624,METHOD_PARAMETER_OUT,this,0,BY_VALUE,0,false,1,this,,,0,ANY
115964117625,METHOD_PARAMETER_OUT,this,20,BY_VALUE,0,false,9,this,,,0,ANY
115964117626,METHOD_PARAMETER_OUT,this,19,BY_VALUE,0,false,59,this,,,0,ANY
115964117627,METHOD_PARAMETER_OUT,projectId: string | number,26,BY_VALUE,1,false,59,projectId,,,1,ANY
115964117628,METHOD_PARAMETER_OUT,this,0,BY_VALUE,0,false,5,this,,,0,ANY
115964117629,METHOD_PARAMETER_OUT,this,0,BY_VALUE,0,false,1,this,,,0,ANY
115964117630,METHOD_PARAMETER_OUT,this,0,BY_VALUE,0,false,1,this,,,0,ANY
115964117631,METHOD_PARAMETER_OUT,this,0,BY_VALUE,0,false,10,this,,,0,ANY
115964117632,METHOD_PARAMETER_OUT,this,2,BY_VALUE,0,false,15,this,,,0,ANY
115964117633,METHOD_PARAMETER_OUT,projectId: number,4,BY_VALUE,1,false,16,projectId,,,1,__ecma.Number
115964117634,METHOD_PARAMETER_OUT,openIssues: GitLabIssues[],4,BY_VALUE,2,false,17,openIssues,,,2,__ecma.Array
115964117635,METHOD_PARAMETER_OUT,closedIssuesLast7d: GitLabIssues[],4,BY_VALUE,3,false,18,closedIssuesLast7d,,,3,__ecma.Array
115964117636,METHOD_PARAMETER_OUT,closedIssuesLast30d: GitLabIssues[],4,BY_VALUE,4,false,19,closedIssuesLast30d,,,4,__ecma.Array
115964117637,METHOD_PARAMETER_OUT,openedIssuesLast7d: GitLabIssues[],4,BY_VALUE,5,false,20,openedIssuesLast7d,,,5,__ecma.Array
115964117638,METHOD_PARAMETER_OUT,openedIssuesLast30d: GitLabIssues[],4,BY_VALUE,6,false,21,openedIssuesLast30d,,,6,__ecma.Array
115964117639,METHOD_PARAMETER_OUT,bugIssues: GitLabIssues[],4,BY_VALUE,7,false,22,bugIssues,,,7,__ecma.Array
115964117640,METHOD_PARAMETER_OUT,featureIssues: GitLabIssues[],4,BY_VALUE,8,false,23,featureIssues,,,8,__ecma.Array
115964117641,METHOD_PARAMETER_OUT,criticalIssues: GitLabIssues[],4,BY_VALUE,9,false,24,criticalIssues,,,9,__ecma.Array
115964117642,METHOD_PARAMETER_OUT,blockerIssues: GitLabIssues[],4,BY_VALUE,10,false,25,blockerIssues,,,10,__ecma.Array
115964117643,METHOD_PARAMETER_OUT,totalOpenCount: number,4,BY_VALUE,11,false,26,totalOpenCount,,,11,__ecma.Number
115964117644,METHOD_PARAMETER_OUT,totalClosedCount: number,4,BY_VALUE,12,false,27,totalClosedCount,,,12,__ecma.Number
115964117645,METHOD_PARAMETER_OUT,reopenData: { reopened: number; checked: number },4,BY_VALUE,13,false,28,reopenData,,,13,services/issueMetrics/issueMetricsCalculationService.ts::program:IssueMetricsCalculationService:calculateMetrics:<anon-class>0
115964117646,METHOD_PARAMETER_OUT,mrLinkData: { withLinks: number; checked: number },4,BY_VALUE,14,false,29,mrLinkData,,,14,services/issueMetrics/issueMetricsCalculationService.ts::program:IssueMetricsCalculationService:calculateMetrics:<anon-class>2
115964117647,METHOD_PARAMETER_OUT,this,25,BY_VALUE,0,false,143,this,,,0,ANY
115964117648,METHOD_PARAMETER_OUT,issue,26,BY_VALUE,1,false,143,issue,,,1,ANY
115964117649,METHOD_PARAMETER_OUT,index,33,BY_VALUE,2,false,143,index,,,2,__ecma.Number
115964117650,METHOD_PARAMETER_OUT,this,2,BY_VALUE,0,false,137,this,,,0,ANY
115964117651,METHOD_PARAMETER_OUT,closedIssues: GitLabIssues[],29,BY_VALUE,1,false,137,closedIssues,,,1,__ecma.Array
115964117652,METHOD_PARAMETER_OUT,this,2,BY_VALUE,0,false,187,this,,,0,ANY
115964117653,METHOD_PARAMETER_OUT,reopenedCount: number,30,BY_VALUE,1,false,187,reopenedCount,,,1,__ecma.Number
115964117654,METHOD_PARAMETER_OUT,checkedCount: number,53,BY_VALUE,2,false,187,checkedCount,,,2,__ecma.Number
115964117655,METHOD_PARAMETER_OUT,this,2,BY_VALUE,0,false,201,this,,,0,ANY
115964117656,METHOD_PARAMETER_OUT,bugCount: number,28,BY_VALUE,1,false,201,bugCount,,,1,__ecma.Number
115964117657,METHOD_PARAMETER_OUT,featureCount: number,46,BY_VALUE,2,false,201,featureCount,,,2,__ecma.Number
115964117658,METHOD_PARAMETER_OUT,this,23,BY_VALUE,0,false,221,this,,,0,ANY
115964117659,METHOD_PARAMETER_OUT,issue,24,BY_VALUE,1,false,221,issue,,,1,ANY
115964117660,METHOD_PARAMETER_OUT,this,2,BY_VALUE,0,false,215,this,,,0,ANY
115964117661,METHOD_PARAMETER_OUT,openIssues: GitLabIssues[],31,BY_VALUE,1,false,215,openIssues,,,1,__ecma.Array
115964117662,METHOD_PARAMETER_OUT,this,6,BY_VALUE,0,false,247,this,,,0,ANY
115964117663,METHOD_PARAMETER_OUT,i,7,BY_VALUE,1,false,247,i,,,1,ANY
115964117664,METHOD_PARAMETER_OUT,this,6,BY_VALUE,0,false,250,this,,,0,ANY
115964117665,METHOD_PARAMETER_OUT,i,7,BY_VALUE,1,false,250,i,,,1,ANY
115964117666,METHOD_PARAMETER_OUT,this,49,BY_VALUE,0,false,254,this,,,0,ANY
115964117667,METHOD_PARAMETER_OUT,i,50,BY_VALUE,1,false,254,i,,,1,ANY
115964117668,METHOD_PARAMETER_OUT,this,27,BY_VALUE,0,false,258,this,,,0,ANY
115964117669,METHOD_PARAMETER_OUT,issue,28,BY_VALUE,1,false,258,issue,,,1,ANY
115964117670,METHOD_PARAMETER_OUT,this,2,BY_VALUE,0,false,242,this,,,0,ANY
115964117671,METHOD_PARAMETER_OUT,criticalIssues: GitLabIssues[],4,BY_VALUE,1,false,243,criticalIssues,,,1,__ecma.Array
115964117672,METHOD_PARAMETER_OUT,blockerIssues: GitLabIssues[],4,BY_VALUE,2,false,244,blockerIssues,,,2,__ecma.Array
115964117673,METHOD_PARAMETER_OUT,this,2,BY_VALUE,0,false,282,this,,,0,ANY
115964117674,METHOD_PARAMETER_OUT,withLinks: number,30,BY_VALUE,1,false,282,withLinks,,,1,__ecma.Number
115964117675,METHOD_PARAMETER_OUT,checked: number,49,BY_VALUE,2,false,282,checked,,,2,__ecma.Number
115964117676,METHOD_PARAMETER_OUT,this,2,BY_VALUE,0,false,297,this,,,0,ANY
115964117677,METHOD_PARAMETER_OUT,velocity: number,32,BY_VALUE,1,false,297,velocity,,,1,__ecma.Number
115964117678,METHOD_PARAMETER_OUT,this,2,BY_VALUE,0,false,304,this,,,0,ANY
115964117679,METHOD_PARAMETER_OUT,avgDays: number,33,BY_VALUE,1,false,304,avgDays,,,1,__ecma.Number
115964117680,METHOD_PARAMETER_OUT,this,2,BY_VALUE,0,false,310,this,,,0,ANY
115964117681,METHOD_PARAMETER_OUT,reopenRate: number,34,BY_VALUE,1,false,310,reopenRate,,,1,__ecma.Number
115964117682,METHOD_PARAMETER_OUT,this,2,BY_VALUE,0,false,316,this,,,0,ANY
115964117683,METHOD_PARAMETER_OUT,bugRatio: number,32,BY_VALUE,1,false,316,bugRatio,,,1,__ecma.Number
115964117684,METHOD_PARAMETER_OUT,this,2,BY_VALUE,0,false,325,this,,,0,ANY
115964117685,METHOD_PARAMETER_OUT,closedLast30d: number,31,BY_VALUE,1,false,325,closedLast30d,,,1,__ecma.Number
115964117686,METHOD_PARAMETER_OUT,openedLast30d: number,54,BY_VALUE,2,false,325,openedLast30d,,,2,__ecma.Number
115964117687,METHOD_PARAMETER_OUT,this,46,BY_VALUE,0,false,340,this,,,0,ANY
115964117688,METHOD_PARAMETER_OUT,event,47,BY_VALUE,1,false,340,event,,,1,ANY
115964117689,METHOD_PARAMETER_OUT,this,43,BY_VALUE,0,false,344,this,,,0,ANY
115964117690,METHOD_PARAMETER_OUT,e,44,BY_VALUE,1,false,344,e,,,1,ANY
115964117691,METHOD_PARAMETER_OUT,this,2,BY_VALUE,0,false,336,this,,,0,ANY
115964117692,METHOD_PARAMETER_OUT,stateEvents: GitLabIssueStateEvent[],18,BY_VALUE,1,false,336,stateEvents,,,1,__ecma.Array
115964117693,METHOD_PARAMETER_OUT,this,0,BY_VALUE,0,false,1,this,,,0,ANY
115964117694,METHOD_PARAMETER_OUT,this,0,BY_VALUE,0,false,12,this,,,0,ANY
115964117695,METHOD_PARAMETER_OUT,this,2,BY_VALUE,0,false,17,this,,,0,ANY
115964117696,METHOD_PARAMETER_OUT,projectId: number,4,BY_VALUE,1,false,18,projectId,,,1,__ecma.Number
115964117697,METHOD_PARAMETER_OUT,"metrics: Omit<IssueHealthMetrics, 'uuid' | 'row_id' | 'project_id' | 'calculated_at'>",4,BY_VALUE,2,false,19,metrics,,,2,ANY
115964117698,METHOD_PARAMETER_OUT,this,2,BY_VALUE,0,false,112,this,,,0,ANY
115964117699,METHOD_PARAMETER_OUT,projectId: number,31,BY_VALUE,1,false,112,projectId,,,1,__ecma.Number
115964117700,METHOD_PARAMETER_OUT,this,2,BY_VALUE,0,false,181,this,,,0,ANY
115964117701,METHOD_PARAMETER_OUT,projectId: number,19,BY_VALUE,1,false,181,projectId,,,1,__ecma.Number
115964117702,METHOD_PARAMETER_OUT,this,2,BY_VALUE,0,false,201,this,,,0,ANY
115964117703,METHOD_PARAMETER_OUT,projectId: number,4,BY_VALUE,1,false,202,projectId,,,1,__ecma.Number
115964117704,METHOD_PARAMETER_OUT,days: number = 30,4,BY_VALUE,2,false,203,days: number,,,2,ANY
115964117705,METHOD_PARAMETER_OUT,this,2,BY_VALUE,0,false,224,this,,,0,ANY
115964117706,METHOD_PARAMETER_OUT,projectId: number,30,BY_VALUE,1,false,224,projectId,,,1,__ecma.Number
115964117707,METHOD_PARAMETER_OUT,this,2,BY_VALUE,0,false,292,this,,,0,ANY
115964117708,METHOD_PARAMETER_OUT,current: number,26,BY_VALUE,1,false,292,current,,,1,__ecma.Number
115964117709,METHOD_PARAMETER_OUT,previous: number,43,BY_VALUE,2,false,292,previous,,,2,__ecma.Number
115964117710,METHOD_PARAMETER_OUT,this,2,BY_VALUE,0,false,300,this,,,0,ANY
115964117711,METHOD_PARAMETER_OUT,projectId: number,22,BY_VALUE,1,false,300,projectId,,,1,__ecma.Number
115964117712,METHOD_PARAMETER_OUT,this,2,BY_VALUE,0,false,319,this,,,0,ANY
115964117713,METHOD_PARAMETER_OUT,projectId: number,22,BY_VALUE,1,false,319,projectId,,,1,__ecma.Number
115964117714,METHOD_PARAMETER_OUT,this,0,BY_VALUE,0,false,1,this,,,0,ANY
115964117715,METHOD_PARAMETER_OUT,this,0,BY_VALUE,0,false,9,this,,,0,ANY
115964117716,METHOD_PARAMETER_OUT,this,2,BY_VALUE,0,false,14,this,,,0,ANY
115964117717,METHOD_PARAMETER_OUT,projectId: number,25,BY_VALUE,1,false,14,projectId,,,1,__ecma.Number
115964117718,METHOD_PARAMETER_OUT,this,2,BY_VALUE,0,false,65,this,,,0,ANY
115964117719,METHOD_PARAMETER_OUT,projectId: number,32,BY_VALUE,1,false,65,projectId,,,1,__ecma.Number
115964117720,METHOD_PARAMETER_OUT,this,26,BY_VALUE,0,false,207,this,,,0,ANY
115964117721,METHOD_PARAMETER_OUT,resolve,26,BY_VALUE,1,false,207,resolve,,,1,ANY
115964117722,METHOD_PARAMETER_OUT,this,2,BY_VALUE,0,false,190,this,,,0,ANY
115964117723,METHOD_PARAMETER_OUT,projectId: number,36,BY_VALUE,1,false,190,projectId,,,1,__ecma.Number
115964117724,METHOD_PARAMETER_OUT,closedIssuesSample: any[],55,BY_VALUE,2,false,190,closedIssuesSample,,,2,__ecma.Array
115964117725,METHOD_PARAMETER_OUT,this,26,BY_VALUE,0,false,244,this,,,0,ANY
115964117726,METHOD_PARAMETER_OUT,resolve,26,BY_VALUE,1,false,244,resolve,,,1,ANY
115964117727,METHOD_PARAMETER_OUT,this,2,BY_VALUE,0,false,223,this,,,0,ANY
115964117728,METHOD_PARAMETER_OUT,projectId: number,36,BY_VALUE,1,false,223,projectId,,,1,__ecma.Number
115964117729,METHOD_PARAMETER_OUT,closedIssuesSample: any[],55,BY_VALUE,2,false,223,closedIssuesSample,,,2,__ecma.Array
115964117730,METHOD_PARAMETER_OUT,this,0,BY_VALUE,0,false,1,this,,,0,ANY
115964117731,METHOD_PARAMETER_OUT,this,0,BY_VALUE,0,false,6,this,,,0,ANY
115964117732,METHOD_PARAMETER_OUT,this,53,BY_VALUE,0,false,28,this,,,0,ANY
115964117733,METHOD_PARAMETER_OUT,max,54,BY_VALUE,1,false,28,max,,,1,ANY
115964117734,METHOD_PARAMETER_OUT,current,59,BY_VALUE,2,false,28,current,,,2,ANY
115964117735,METHOD_PARAMETER_OUT,this,53,BY_VALUE,0,false,33,this,,,0,ANY
115964117736,METHOD_PARAMETER_OUT,min,54,BY_VALUE,1,false,33,min,,,1,ANY
115964117737,METHOD_PARAMETER_OUT,current,59,BY_VALUE,2,false,33,current,,,2,ANY
115964117738,METHOD_PARAMETER_OUT,this,6,BY_VALUE,0,false,39,this,,,0,ANY
115964117739,METHOD_PARAMETER_OUT,sum,7,BY_VALUE,1,false,39,sum,,,1,__ecma.Number
115964117740,METHOD_PARAMETER_OUT,milestone,12,BY_VALUE,2,false,39,milestone,,,2,ANY
115964117741,METHOD_PARAMETER_OUT,this,2,BY_VALUE,0,false,10,this,,,0,ANY
115964117742,METHOD_PARAMETER_OUT,milestonesWithCounts: MilestoneWithIssueCount[],19,BY_VALUE,1,false,10,milestonesWithCounts,,,1,__ecma.Array
115964117743,METHOD_PARAMETER_OUT,this,0,BY_VALUE,0,false,1,this,,,0,ANY
115964117744,METHOD_PARAMETER_OUT,this,0,BY_VALUE,0,false,7,this,,,0,ANY
115964117745,METHOD_PARAMETER_OUT,this,2,BY_VALUE,0,false,11,this,,,0,ANY
115964117746,METHOD_PARAMETER_OUT,projectId: number,20,BY_VALUE,1,false,11,projectId,,,1,__ecma.Number
115964117747,METHOD_PARAMETER_OUT,metrics: MilestoneMetrics,39,BY_VALUE,2,false,11,metrics,,,2,ANY
115964117748,METHOD_PARAMETER_OUT,this,2,BY_VALUE,0,false,48,this,,,0,ANY
115964117749,METHOD_PARAMETER_OUT,projectId: number,19,BY_VALUE,1,false,48,projectId,,,1,__ecma.Number
115964117750,METHOD_PARAMETER_OUT,this,0,BY_VALUE,0,false,1,this,,,0,ANY
115964117751,METHOD_PARAMETER_OUT,this,0,BY_VALUE,0,false,10,this,,,0,ANY
115964117752,METHOD_PARAMETER_OUT,this,0,BY_VALUE,0,false,22,this,,,0,ANY
115964117753,METHOD_PARAMETER_OUT,this,2,BY_VALUE,0,false,26,this,,,0,ANY
115964117754,METHOD_PARAMETER_OUT,projectId: number,29,BY_VALUE,1,false,26,projectId,,,1,__ecma.Number
115964117755,METHOD_PARAMETER_OUT,this,21,BY_VALUE,0,false,81,this,,,0,ANY
115964117756,METHOD_PARAMETER_OUT,milestone,28,BY_VALUE,1,false,81,milestone,,,1,ANY
115964117757,METHOD_PARAMETER_OUT,this,2,BY_VALUE,0,false,77,this,,,0,ANY
115964117758,METHOD_PARAMETER_OUT,projectId: number,33,BY_VALUE,1,false,77,projectId,,,1,__ecma.Number
115964117759,METHOD_PARAMETER_OUT,milestones: any[],52,BY_VALUE,2,false,77,milestones,,,2,__ecma.Array
115964117760,METHOD_PARAMETER_OUT,this,0,BY_VALUE,0,false,1,this,,,0,ANY
115964117761,METHOD_PARAMETER_OUT,this,0,BY_VALUE,0,false,8,this,,,0,ANY
115964117762,METHOD_PARAMETER_OUT,this,2,BY_VALUE,0,false,13,this,,,0,ANY
115964117763,METHOD_PARAMETER_OUT,projectId: number,4,BY_VALUE,1,false,14,projectId,,,1,__ecma.Number
115964117764,METHOD_PARAMETER_OUT,openMRs: GitLabMergeRequest[],4,BY_VALUE,2,false,15,openMRs,,,2,__ecma.Array
115964117765,METHOD_PARAMETER_OUT,mergedMRsLast7d: GitLabMergeRequest[],4,BY_VALUE,3,false,16,mergedMRsLast7d,,,3,__ecma.Array
115964117766,METHOD_PARAMETER_OUT,mergedMRsLast30d: GitLabMergeRequest[],4,BY_VALUE,4,false,17,mergedMRsLast30d,,,4,__ecma.Array
115964117767,METHOD_PARAMETER_OUT,allRecentMergedMRs: GitLabMergeRequest[],4,BY_VALUE,5,false,18,allRecentMergedMRs,,,5,__ecma.Array
115964117768,METHOD_PARAMETER_OUT,openedMRsLast7d: GitLabMergeRequest[],4,BY_VALUE,6,false,19,openedMRsLast7d,,,6,__ecma.Array
115964117769,METHOD_PARAMETER_OUT,openedMRsLast30d: GitLabMergeRequest[],4,BY_VALUE,7,false,20,openedMRsLast30d,,,7,__ecma.Array
115964117770,METHOD_PARAMETER_OUT,totalOpenCount: number,4,BY_VALUE,8,false,21,totalOpenCount,,,8,__ecma.Number
115964117771,METHOD_PARAMETER_OUT,totalMergedCount: number,4,BY_VALUE,9,false,22,totalMergedCount,,,9,__ecma.Number
115964117772,METHOD_PARAMETER_OUT,commentsData: { totalComments: number; checked: number },4,BY_VALUE,10,false,23,commentsData,,,10,services/mrMetrics/mrMetricsCalculationService.ts::program:MRMetricsCalculationService:calculateMetrics:<anon-class>0
115964117773,METHOD_PARAMETER_OUT,revertData: { reverted: number; checked: number },4,BY_VALUE,11,false,24,revertData,,,11,services/mrMetrics/mrMetricsCalculationService.ts::program:MRMetricsCalculationService:calculateMetrics:<anon-class>2
115964117774,METHOD_PARAMETER_OUT,reviewersData: { totalReviewers: number; checked: number },4,BY_VALUE,12,false,25,reviewersData,,,12,services/mrMetrics/mrMetricsCalculationService.ts::program:MRMetricsCalculationService:calculateMetrics:<anon-class>4
115964117775,METHOD_PARAMETER_OUT,this,22,BY_VALUE,0,false,129,this,,,0,ANY
115964117776,METHOD_PARAMETER_OUT,mr,23,BY_VALUE,1,false,129,mr,,,1,ANY
115964117777,METHOD_PARAMETER_OUT,this,2,BY_VALUE,0,false,125,this,,,0,ANY
115964117778,METHOD_PARAMETER_OUT,mergedMRs: GitLabMergeRequest[],29,BY_VALUE,1,false,125,mergedMRs,,,1,__ecma.Array
115964117779,METHOD_PARAMETER_OUT,this,2,BY_VALUE,0,false,153,this,,,0,ANY
115964117780,METHOD_PARAMETER_OUT,totalComments: number,31,BY_VALUE,1,false,153,totalComments,,,1,__ecma.Number
115964117781,METHOD_PARAMETER_OUT,checked: number,54,BY_VALUE,2,false,153,checked,,,2,__ecma.Number
115964117782,METHOD_PARAMETER_OUT,this,2,BY_VALUE,0,false,166,this,,,0,ANY
115964117783,METHOD_PARAMETER_OUT,reverted: number,30,BY_VALUE,1,false,166,reverted,,,1,__ecma.Number
115964117784,METHOD_PARAMETER_OUT,checked: number,48,BY_VALUE,2,false,166,checked,,,2,__ecma.Number
115964117785,METHOD_PARAMETER_OUT,this,20,BY_VALUE,0,false,185,this,,,0,ANY
115964117786,METHOD_PARAMETER_OUT,mr,21,BY_VALUE,1,false,185,mr,,,1,ANY
115964117787,METHOD_PARAMETER_OUT,this,2,BY_VALUE,0,false,179,this,,,0,ANY
115964117788,METHOD_PARAMETER_OUT,openMRs: GitLabMergeRequest[],28,BY_VALUE,1,false,179,openMRs,,,1,__ecma.Array
115964117789,METHOD_PARAMETER_OUT,this,2,BY_VALUE,0,false,206,this,,,0,ANY
115964117790,METHOD_PARAMETER_OUT,totalReviewers: number,32,BY_VALUE,1,false,206,totalReviewers,,,1,__ecma.Number
115964117791,METHOD_PARAMETER_OUT,checked: number,56,BY_VALUE,2,false,206,checked,,,2,__ecma.Number
115964117792,METHOD_PARAMETER_OUT,this,2,BY_VALUE,0,false,223,this,,,0,ANY
115964117793,METHOD_PARAMETER_OUT,mergedLast30d: number,37,BY_VALUE,1,false,223,mergedLast30d,,,1,__ecma.Number
115964117794,METHOD_PARAMETER_OUT,this,2,BY_VALUE,0,false,232,this,,,0,ANY
115964117795,METHOD_PARAMETER_OUT,avgMergeTimeDays: number,33,BY_VALUE,1,false,232,avgMergeTimeDays,,,1,__ecma.Number
115964117796,METHOD_PARAMETER_OUT,this,2,BY_VALUE,0,false,241,this,,,0,ANY
115964117797,METHOD_PARAMETER_OUT,revertRatePercent: number,34,BY_VALUE,1,false,241,revertRatePercent,,,1,__ecma.Number
115964117798,METHOD_PARAMETER_OUT,this,2,BY_VALUE,0,false,250,this,,,0,ANY
115964117799,METHOD_PARAMETER_OUT,mergedLast30d: number,31,BY_VALUE,1,false,250,mergedLast30d,,,1,__ecma.Number
115964117800,METHOD_PARAMETER_OUT,openedLast30d: number,54,BY_VALUE,2,false,250,openedLast30d,,,2,__ecma.Number
115964117801,METHOD_PARAMETER_OUT,this,2,BY_VALUE,0,false,261,this,,,0,ANY
115964117802,METHOD_PARAMETER_OUT,staleMRsCount: number,32,BY_VALUE,1,false,261,staleMRsCount,,,1,__ecma.Number
115964117803,METHOD_PARAMETER_OUT,this,0,BY_VALUE,0,false,1,this,,,0,ANY
115964117804,METHOD_PARAMETER_OUT,this,0,BY_VALUE,0,false,13,this,,,0,ANY
115964117805,METHOD_PARAMETER_OUT,this,2,BY_VALUE,0,false,18,this,,,0,ANY
115964117806,METHOD_PARAMETER_OUT,projectId: number,4,BY_VALUE,1,false,19,projectId,,,1,__ecma.Number
115964117807,METHOD_PARAMETER_OUT,"metrics: Omit<MRHealthMetrics, 'uuid' | 'row_id' | 'project_id' | 'calculated_at'>",4,BY_VALUE,2,false,20,metrics,,,2,ANY
115964117808,METHOD_PARAMETER_OUT,this,2,BY_VALUE,0,false,107,this,,,0,ANY
115964117809,METHOD_PARAMETER_OUT,projectId: number,31,BY_VALUE,1,false,107,projectId,,,1,__ecma.Number
115964117810,METHOD_PARAMETER_OUT,this,2,BY_VALUE,0,false,176,this,,,0,ANY
115964117811,METHOD_PARAMETER_OUT,projectId: number,19,BY_VALUE,1,false,176,projectId,,,1,__ecma.Number
115964117812,METHOD_PARAMETER_OUT,this,2,BY_VALUE,0,false,196,this,,,0,ANY
115964117813,METHOD_PARAMETER_OUT,projectId: number,4,BY_VALUE,1,false,197,projectId,,,1,__ecma.Number
115964117814,METHOD_PARAMETER_OUT,days: number = 30,4,BY_VALUE,2,false,198,days: number,,,2,ANY
115964117815,METHOD_PARAMETER_OUT,this,2,BY_VALUE,0,false,219,this,,,0,ANY
115964117816,METHOD_PARAMETER_OUT,projectId: number,30,BY_VALUE,1,false,219,projectId,,,1,__ecma.Number
115964117817,METHOD_PARAMETER_OUT,this,2,BY_VALUE,0,false,277,this,,,0,ANY
115964117818,METHOD_PARAMETER_OUT,current: number,26,BY_VALUE,1,false,277,current,,,1,__ecma.Number
115964117819,METHOD_PARAMETER_OUT,previous: number,43,BY_VALUE,2,false,277,previous,,,2,__ecma.Number
115964117820,METHOD_PARAMETER_OUT,this,2,BY_VALUE,0,false,285,this,,,0,ANY
115964117821,METHOD_PARAMETER_OUT,projectId: number,22,BY_VALUE,1,false,285,projectId,,,1,__ecma.Number
115964117822,METHOD_PARAMETER_OUT,this,2,BY_VALUE,0,false,304,this,,,0,ANY
115964117823,METHOD_PARAMETER_OUT,projectId: number,22,BY_VALUE,1,false,304,projectId,,,1,__ecma.Number
115964117824,METHOD_PARAMETER_OUT,this,0,BY_VALUE,0,false,1,this,,,0,ANY
115964117825,METHOD_PARAMETER_OUT,this,0,BY_VALUE,0,false,10,this,,,0,ANY
115964117826,METHOD_PARAMETER_OUT,this,2,BY_VALUE,0,false,15,this,,,0,ANY
115964117827,METHOD_PARAMETER_OUT,projectId: number,22,BY_VALUE,1,false,15,projectId,,,1,__ecma.Number
115964117828,METHOD_PARAMETER_OUT,this,2,BY_VALUE,0,false,64,this,,,0,ANY
115964117829,METHOD_PARAMETER_OUT,projectId: number,32,BY_VALUE,1,false,64,projectId,,,1,__ecma.Number
115964117830,METHOD_PARAMETER_OUT,this,44,BY_VALUE,0,false,160,this,,,0,ANY
115964117831,METHOD_PARAMETER_OUT,note: any,45,BY_VALUE,1,false,160,note,,,1,ANY
115964117832,METHOD_PARAMETER_OUT,this,26,BY_VALUE,0,false,164,this,,,0,ANY
115964117833,METHOD_PARAMETER_OUT,resolve,26,BY_VALUE,1,false,164,resolve,,,1,ANY
115964117834,METHOD_PARAMETER_OUT,this,2,BY_VALUE,0,false,150,this,,,0,ANY
115964117835,METHOD_PARAMETER_OUT,projectId: number,40,BY_VALUE,1,false,150,projectId,,,1,__ecma.Number
115964117836,METHOD_PARAMETER_OUT,mergedMRsSample: any[],59,BY_VALUE,2,false,150,mergedMRsSample,,,2,__ecma.Array
115964117837,METHOD_PARAMETER_OUT,this,45,BY_VALUE,0,false,191,this,,,0,ANY
115964117838,METHOD_PARAMETER_OUT,label: string,46,BY_VALUE,1,false,191,label,,,1,__ecma.String
115964117839,METHOD_PARAMETER_OUT,this,2,BY_VALUE,0,false,180,this,,,0,ANY
115964117840,METHOD_PARAMETER_OUT,mergedMRsSample: any[],38,BY_VALUE,1,false,180,mergedMRsSample,,,1,__ecma.Array
115964117841,METHOD_PARAMETER_OUT,this,2,BY_VALUE,0,false,209,this,,,0,ANY
115964117842,METHOD_PARAMETER_OUT,mergedMRsSample: any[],40,BY_VALUE,1,false,209,mergedMRsSample,,,1,__ecma.Array
115964117843,METHOD_PARAMETER_OUT,this,0,BY_VALUE,0,false,1,this,,,0,ANY
115964117844,METHOD_PARAMETER_OUT,this,0,BY_VALUE,0,false,1,this,,,0,ANY
115964117845,METHOD_PARAMETER_OUT,this,0,BY_VALUE,0,false,10,this,,,0,ANY
115964117846,METHOD_PARAMETER_OUT,this,25,BY_VALUE,0,false,39,this,,,0,ANY
115964117847,METHOD_PARAMETER_OUT,project: GitLabProject,32,BY_VALUE,1,false,39,project,,,1,ANY
115964117848,METHOD_PARAMETER_OUT,this,27,BY_VALUE,0,false,49,this,,,0,ANY
115964117849,METHOD_PARAMETER_OUT,projectId: number,34,BY_VALUE,1,false,49,projectId,,,1,__ecma.Number
115964117850,METHOD_PARAMETER_OUT,this,24,BY_VALUE,0,false,62,this,,,0,ANY
115964117851,METHOD_PARAMETER_OUT,projectId: number,31,BY_VALUE,1,false,62,projectId,,,1,__ecma.Number
115964117852,METHOD_PARAMETER_OUT,this,31,BY_VALUE,0,false,72,this,,,0,ANY
115964117853,METHOD_PARAMETER_OUT,projectId: number,38,BY_VALUE,1,false,72,projectId,,,1,__ecma.Number
115964117854,METHOD_PARAMETER_OUT,this,18,BY_VALUE,0,false,85,this,,,0,ANY
115964117855,METHOD_PARAMETER_OUT,project: GitLabProject,25,BY_VALUE,1,false,85,project,,,1,ANY
115964117856,METHOD_PARAMETER_OUT,this,42,BY_VALUE,0,false,145,this,,,0,ANY
115964117857,METHOD_PARAMETER_OUT,p,42,BY_VALUE,1,false,145,p,,,1,ANY
115964117858,METHOD_PARAMETER_OUT,this,19,BY_VALUE,0,false,144,this,,,0,ANY
115964117859,METHOD_PARAMETER_OUT,projects: GitLabProject[],26,BY_VALUE,1,false,144,projects,,,1,__ecma.Array
115964117860,METHOD_PARAMETER_OUT,this,0,BY_VALUE,0,false,35,this,,,0,ANY
115964117861,METHOD_PARAMETER_OUT,this,0,BY_VALUE,0,false,1,this,,,0,ANY
115964117862,METHOD_PARAMETER_OUT,this,26,BY_VALUE,0,false,12,this,,,0,ANY
115964117863,METHOD_PARAMETER_OUT,this,30,BY_VALUE,0,false,23,this,,,0,ANY
115964117864,METHOD_PARAMETER_OUT,this,26,BY_VALUE,0,false,33,this,,,0,ANY
115964117865,METHOD_PARAMETER_OUT,rojectId: number),33,BY_VALUE,1,false,33,projectId,,,1,__ecma.Number
115964117866,METHOD_PARAMETER_OUT,this,1,BY_VALUE,0,false,6,this,,,0,ANY
115964117867,METHOD_PARAMETER_OUT,this,0,BY_VALUE,0,false,1,this,,,0,ANY
115964117868,METHOD_PARAMETER_OUT,this,0,BY_VALUE,0,false,11,this,,,0,ANY
115964117869,METHOD_PARAMETER_OUT,this,31,BY_VALUE,0,false,33,this,,,0,ANY
115964117870,METHOD_PARAMETER_OUT,projectId: number,38,BY_VALUE,1,false,33,projectId,,,1,__ecma.Number
115964117871,METHOD_PARAMETER_OUT,this,28,BY_VALUE,0,false,46,this,,,0,ANY
115964117872,METHOD_PARAMETER_OUT,projectId: number,35,BY_VALUE,1,false,46,projectId,,,1,__ecma.Number
115964117873,METHOD_PARAMETER_OUT,this,47,BY_VALUE,0,false,63,this,,,0,ANY
115964117874,METHOD_PARAMETER_OUT,m,47,BY_VALUE,1,false,63,m,,,1,ANY
115964117875,METHOD_PARAMETER_OUT,this,35,BY_VALUE,0,false,59,this,,,0,ANY
115964117876,METHOD_PARAMETER_OUT,projectId: number,42,BY_VALUE,1,false,59,projectId,,,1,__ecma.Number
115964117877,METHOD_PARAMETER_OUT,this,31,BY_VALUE,0,false,74,this,,,0,ANY
115964117878,METHOD_PARAMETER_OUT,project: GitLabProject,38,BY_VALUE,1,false,74,project,,,1,ANY
115964117879,METHOD_PARAMETER_OUT,this,19,BY_VALUE,0,false,122,this,,,0,ANY
115964117880,METHOD_PARAMETER_OUT,projectId: number,26,BY_VALUE,1,false,122,projectId,,,1,__ecma.Number
115964117881,METHOD_PARAMETER_OUT,this,30,BY_VALUE,0,false,137,this,,,0,ANY
115964117882,METHOD_PARAMETER_OUT,this,0,BY_VALUE,0,false,27,this,,,0,ANY
115964117883,METHOD_PARAMETER_OUT,this,0,BY_VALUE,0,false,1,this,,,0,ANY
115964117884,METHOD_PARAMETER_OUT,this,26,BY_VALUE,0,false,57,this,,,0,ANY
115964117885,METHOD_PARAMETER_OUT,resolve,26,BY_VALUE,1,false,57,resolve,,,1,ANY
115964117886,METHOD_PARAMETER_OUT,this,20,BY_VALUE,0,false,15,this,,,0,ANY
115964117887,METHOD_PARAMETER_OUT,this,88,BY_VALUE,0,false,89,this,,,0,ANY
115964117888,METHOD_PARAMETER_OUT,this,43,BY_VALUE,0,false,115,this,,,0,ANY
115964117889,METHOD_PARAMETER_OUT,p,43,BY_VALUE,1,false,115,p,,,1,ANY
115964117890,METHOD_PARAMETER_OUT,this,16,BY_VALUE,0,false,84,this,,,0,ANY
115964117891,METHOD_PARAMETER_OUT,projectId: number,23,BY_VALUE,1,false,84,projectId,,,1,__ecma.Number
115964117892,METHOD_PARAMETER_OUT,this,0,BY_VALUE,0,false,9,this,,,0,ANY
115964117893,METHOD_PARAMETER_OUT,this,0,BY_VALUE,0,false,1,this,,,0,ANY
115964117894,METHOD_PARAMETER_OUT,this,0,BY_VALUE,0,false,2,this,,,0,ANY
115964117895,METHOD_PARAMETER_OUT,this,18,BY_VALUE,0,false,38,this,,,0,ANY
115964117896,METHOD_PARAMETER_OUT,dbProject: DbProject,19,BY_VALUE,1,false,38,dbProject,,,1,ANY
115964117897,METHOD_PARAMETER_OUT,this,26,BY_VALUE,0,false,75,this,,,0,ANY
115964117898,METHOD_PARAMETER_OUT,p,26,BY_VALUE,1,false,75,p,,,1,ANY
115964117899,METHOD_PARAMETER_OUT,this,22,BY_VALUE,0,false,74,this,,,0,ANY
115964117900,METHOD_PARAMETER_OUT,dbProjects: DbProject[],23,BY_VALUE,1,false,74,dbProjects,,,1,__ecma.Array
115964117901,METHOD_PARAMETER_OUT,this,0,BY_VALUE,0,false,34,this,,,0,ANY
115964117902,METHOD_PARAMETER_OUT,this,0,BY_VALUE,0,false,1,this,,,0,ANY
115964117903,METHOD_PARAMETER_OUT,this,2,BY_VALUE,0,false,9,this,,,0,ANY
115964117904,METHOD_PARAMETER_OUT,baseUrl?: string,14,BY_VALUE,1,false,9,baseUrl,,,1,__ecma.String
115964117905,METHOD_PARAMETER_OUT,token?: string,32,BY_VALUE,2,false,9,token,,,2,__ecma.String
115964117906,METHOD_PARAMETER_OUT,this,2,BY_VALUE,0,false,24,this,,,0,ANY
115964117907,METHOD_PARAMETER_OUT,this,2,BY_VALUE,0,false,38,this,,,0,ANY
115964117908,METHOD_PARAMETER_OUT,this,2,BY_VALUE,0,false,47,this,,,0,ANY
115964117909,METHOD_PARAMETER_OUT,projectKey: string,34,BY_VALUE,1,false,47,projectKey,,,1,__ecma.String
115964117910,METHOD_PARAMETER_OUT,this,2,BY_VALUE,0,false,86,this,,,0,ANY
115964117911,METHOD_PARAMETER_OUT,projectKey: string,22,BY_VALUE,1,false,86,projectKey,,,1,__ecma.String
115964117912,METHOD_PARAMETER_OUT,type: string,42,BY_VALUE,2,false,86,type,,,2,__ecma.String
115964117913,METHOD_PARAMETER_OUT,severity: string,56,BY_VALUE,3,false,86,severity,,,3,__ecma.String
115964117914,METHOD_PARAMETER_OUT,this,2,BY_VALUE,0,false,107,this,,,0,ANY
115964117915,METHOD_PARAMETER_OUT,projectKey: string,25,BY_VALUE,1,false,107,projectKey,,,1,__ecma.String
115964117916,METHOD_PARAMETER_OUT,this,0,BY_VALUE,0,false,1,this,,,0,ANY
115964117917,METHOD_PARAMETER_OUT,this,7,BY_VALUE,0,false,6,this,,,0,ANY
115964117918,METHOD_PARAMETER_OUT,this,36,BY_VALUE,0,false,20,this,,,0,ANY
115964117919,METHOD_PARAMETER_OUT,m,36,BY_VALUE,1,false,20,m,,,1,ANY
115964117920,METHOD_PARAMETER_OUT,this,23,BY_VALUE,0,false,19,this,,,0,ANY
115964117921,METHOD_PARAMETER_OUT,key: string,24,BY_VALUE,1,false,19,key,,,1,__ecma.String
115964117922,METHOD_PARAMETER_OUT,this,2,BY_VALUE,0,false,11,this,,,0,ANY
115964117923,METHOD_PARAMETER_OUT,component: { key: string; name: string; qualifier: string; measures: any[] },4,BY_VALUE,1,false,12,component,,,1,services/sonarMaintainability/sonarMaintainabilityCalculationService.ts::program:SonarMaintainabilityCalculationService:calculateMetrics:<anon-class>0
115964117924,METHOD_PARAMETER_OUT,highCount: number,4,BY_VALUE,2,false,13,highCount,,,2,__ecma.Number
115964117925,METHOD_PARAMETER_OUT,blockerCount: number,4,BY_VALUE,3,false,14,blockerCount,,,3,__ecma.Number
115964117926,METHOD_PARAMETER_OUT,this,2,BY_VALUE,0,false,61,this,,,0,ANY
115964117927,METHOD_PARAMETER_OUT,rating: number,26,BY_VALUE,1,false,61,rating,,,1,__ecma.Number
115964117928,METHOD_PARAMETER_OUT,this,0,BY_VALUE,0,false,1,this,,,0,ANY
115964117929,METHOD_PARAMETER_OUT,this,7,BY_VALUE,0,false,9,this,,,0,ANY
115964117930,METHOD_PARAMETER_OUT,this,2,BY_VALUE,0,false,14,this,,,0,ANY
115964117931,METHOD_PARAMETER_OUT,projectId: number,4,BY_VALUE,1,false,15,projectId,,,1,__ecma.Number
115964117932,METHOD_PARAMETER_OUT,metrics: SonarQubeMaintainabilityCalculationResult,4,BY_VALUE,2,false,16,metrics,,,2,ANY
115964117933,METHOD_PARAMETER_OUT,this,2,BY_VALUE,0,false,68,this,,,0,ANY
115964117934,METHOD_PARAMETER_OUT,projectId: number,4,BY_VALUE,1,false,69,projectId,,,1,__ecma.Number
115964117935,METHOD_PARAMETER_OUT,metrics: SonarQubeMaintainabilityCalculationResult,4,BY_VALUE,2,false,70,metrics,,,2,ANY
115964117936,METHOD_PARAMETER_OUT,this,2,BY_VALUE,0,false,120,this,,,0,ANY
115964117937,METHOD_PARAMETER_OUT,projectId: number,19,BY_VALUE,1,false,120,projectId,,,1,__ecma.Number
115964117938,METHOD_PARAMETER_OUT,this,2,BY_VALUE,0,false,142,this,,,0,ANY
115964117939,METHOD_PARAMETER_OUT,projectId: number,26,BY_VALUE,1,false,142,projectId,,,1,__ecma.Number
115964117940,METHOD_PARAMETER_OUT,days: number = 30,45,BY_VALUE,2,false,142,days: number,,,2,ANY
115964117941,METHOD_PARAMETER_OUT,this,2,BY_VALUE,0,false,164,this,,,0,ANY
115964117942,METHOD_PARAMETER_OUT,projectId: number,22,BY_VALUE,1,false,164,projectId,,,1,__ecma.Number
115964117943,METHOD_PARAMETER_OUT,this,2,BY_VALUE,0,false,185,this,,,0,ANY
115964117944,METHOD_PARAMETER_OUT,projectId: number,22,BY_VALUE,1,false,185,projectId,,,1,__ecma.Number
115964117945,METHOD_PARAMETER_OUT,this,2,BY_VALUE,0,false,201,this,,,0,ANY
115964117946,METHOD_PARAMETER_OUT,rating: string,25,BY_VALUE,1,false,201,rating,,,1,__ecma.String
115964117947,METHOD_PARAMETER_OUT,this,0,BY_VALUE,0,false,1,this,,,0,ANY
115964117948,METHOD_PARAMETER_OUT,this,2,BY_VALUE,0,false,11,this,,,0,ANY
115964117949,METHOD_PARAMETER_OUT,this,2,BY_VALUE,0,false,20,this,,,0,ANY
115964117950,METHOD_PARAMETER_OUT,projectId: number,35,BY_VALUE,1,false,20,projectId,,,1,__ecma.Number
115964117951,METHOD_PARAMETER_OUT,this,2,BY_VALUE,0,false,70,this,,,0,ANY
115964117952,METHOD_PARAMETER_OUT,projectKey: string,35,BY_VALUE,1,false,70,projectKey,,,1,__ecma.String
115964117953,METHOD_PARAMETER_OUT,this,0,BY_VALUE,0,false,1,this,,,0,ANY
115964117954,METHOD_PARAMETER_OUT,this,2,BY_VALUE,0,false,9,this,,,0,ANY
115964117955,METHOD_PARAMETER_OUT,baseUrl?: string,14,BY_VALUE,1,false,9,baseUrl,,,1,__ecma.String
115964117956,METHOD_PARAMETER_OUT,token?: string,32,BY_VALUE,2,false,9,token,,,2,__ecma.String
115964117957,METHOD_PARAMETER_OUT,this,2,BY_VALUE,0,false,14,this,,,0,ANY
115964117958,METHOD_PARAMETER_OUT,this,2,BY_VALUE,0,false,28,this,,,0,ANY
115964117959,METHOD_PARAMETER_OUT,this,2,BY_VALUE,0,false,37,this,,,0,ANY
115964117960,METHOD_PARAMETER_OUT,projectKey: string,30,BY_VALUE,1,false,37,projectKey,,,1,__ecma.String
115964117961,METHOD_PARAMETER_OUT,this,2,BY_VALUE,0,false,67,this,,,0,ANY
115964117962,METHOD_PARAMETER_OUT,projectKey: string,20,BY_VALUE,1,false,67,projectKey,,,1,__ecma.String
115964117963,METHOD_PARAMETER_OUT,severity: string,40,BY_VALUE,2,false,67,severity,,,2,__ecma.String
115964117964,METHOD_PARAMETER_OUT,this,0,BY_VALUE,0,false,1,this,,,0,ANY
115964117965,METHOD_PARAMETER_OUT,this,7,BY_VALUE,0,false,3,this,,,0,ANY
115964117966,METHOD_PARAMETER_OUT,this,36,BY_VALUE,0,false,17,this,,,0,ANY
115964117967,METHOD_PARAMETER_OUT,m,36,BY_VALUE,1,false,17,m,,,1,ANY
115964117968,METHOD_PARAMETER_OUT,this,23,BY_VALUE,0,false,16,this,,,0,ANY
115964117969,METHOD_PARAMETER_OUT,key: string,24,BY_VALUE,1,false,16,key,,,1,__ecma.String
115964117970,METHOD_PARAMETER_OUT,this,2,BY_VALUE,0,false,8,this,,,0,ANY
115964117971,METHOD_PARAMETER_OUT,component: { key: string; name: string; qualifier: string; measures: any[] },4,BY_VALUE,1,false,9,component,,,1,services/sonarReliability/sonarReliabilityCalculationService.ts::program:SonarReliabilityCalculationService:calculateMetrics:<anon-class>0
115964117972,METHOD_PARAMETER_OUT,criticalCount: number,4,BY_VALUE,2,false,10,criticalCount,,,2,__ecma.Number
115964117973,METHOD_PARAMETER_OUT,blockerCount: number,4,BY_VALUE,3,false,11,blockerCount,,,3,__ecma.Number
115964117974,METHOD_PARAMETER_OUT,this,2,BY_VALUE,0,false,54,this,,,0,ANY
115964117975,METHOD_PARAMETER_OUT,rating: number,26,BY_VALUE,1,false,54,rating,,,1,__ecma.Number
115964117976,METHOD_PARAMETER_OUT,this,0,BY_VALUE,0,false,1,this,,,0,ANY
115964117977,METHOD_PARAMETER_OUT,this,7,BY_VALUE,0,false,9,this,,,0,ANY
115964117978,METHOD_PARAMETER_OUT,this,2,BY_VALUE,0,false,14,this,,,0,ANY
115964117979,METHOD_PARAMETER_OUT,projectId: number,4,BY_VALUE,1,false,15,projectId,,,1,__ecma.Number
115964117980,METHOD_PARAMETER_OUT,metrics: SonarQubeReliabilityCalculationResult,4,BY_VALUE,2,false,16,metrics,,,2,ANY
115964117981,METHOD_PARAMETER_OUT,this,2,BY_VALUE,0,false,60,this,,,0,ANY
115964117982,METHOD_PARAMETER_OUT,projectId: number,4,BY_VALUE,1,false,61,projectId,,,1,__ecma.Number
115964117983,METHOD_PARAMETER_OUT,metrics: SonarQubeReliabilityCalculationResult,4,BY_VALUE,2,false,62,metrics,,,2,ANY
115964117984,METHOD_PARAMETER_OUT,this,2,BY_VALUE,0,false,102,this,,,0,ANY
115964117985,METHOD_PARAMETER_OUT,projectId: number,19,BY_VALUE,1,false,102,projectId,,,1,__ecma.Number
115964117986,METHOD_PARAMETER_OUT,this,2,BY_VALUE,0,false,124,this,,,0,ANY
115964117987,METHOD_PARAMETER_OUT,projectId: number,26,BY_VALUE,1,false,124,projectId,,,1,__ecma.Number
115964117988,METHOD_PARAMETER_OUT,days: number = 30,45,BY_VALUE,2,false,124,days: number,,,2,ANY
115964117989,METHOD_PARAMETER_OUT,this,2,BY_VALUE,0,false,146,this,,,0,ANY
115964117990,METHOD_PARAMETER_OUT,projectId: number,22,BY_VALUE,1,false,146,projectId,,,1,__ecma.Number
115964117991,METHOD_PARAMETER_OUT,this,2,BY_VALUE,0,false,162,this,,,0,ANY
115964117992,METHOD_PARAMETER_OUT,rating: string,25,BY_VALUE,1,false,162,rating,,,1,__ecma.String
115964117993,METHOD_PARAMETER_OUT,this,0,BY_VALUE,0,false,1,this,,,0,ANY
115964117994,METHOD_PARAMETER_OUT,this,2,BY_VALUE,0,false,11,this,,,0,ANY
115964117995,METHOD_PARAMETER_OUT,this,2,BY_VALUE,0,false,20,this,,,0,ANY
115964117996,METHOD_PARAMETER_OUT,projectId: number,31,BY_VALUE,1,false,20,projectId,,,1,__ecma.Number
115964117997,METHOD_PARAMETER_OUT,this,2,BY_VALUE,0,false,58,this,,,0,ANY
115964117998,METHOD_PARAMETER_OUT,projectKey: string,35,BY_VALUE,1,false,58,projectKey,,,1,__ecma.String
115964117999,METHOD_PARAMETER_OUT,this,0,BY_VALUE,0,false,1,this,,,0,ANY
115964118000,METHOD_PARAMETER_OUT,this,2,BY_VALUE,0,false,9,this,,,0,ANY
115964118001,METHOD_PARAMETER_OUT,baseUrl?: string,14,BY_VALUE,1,false,9,baseUrl,,,1,__ecma.String
115964118002,METHOD_PARAMETER_OUT,token?: string,32,BY_VALUE,2,false,9,token,,,2,__ecma.String
115964118003,METHOD_PARAMETER_OUT,this,2,BY_VALUE,0,false,14,this,,,0,ANY
115964118004,METHOD_PARAMETER_OUT,this,2,BY_VALUE,0,false,28,this,,,0,ANY
115964118005,METHOD_PARAMETER_OUT,this,2,BY_VALUE,0,false,37,this,,,0,ANY
115964118006,METHOD_PARAMETER_OUT,projectKey: string,27,BY_VALUE,1,false,37,projectKey,,,1,__ecma.String
115964118007,METHOD_PARAMETER_OUT,this,0,BY_VALUE,0,false,1,this,,,0,ANY
115964118008,METHOD_PARAMETER_OUT,this,7,BY_VALUE,0,false,3,this,,,0,ANY
115964118009,METHOD_PARAMETER_OUT,this,36,BY_VALUE,0,false,15,this,,,0,ANY
115964118010,METHOD_PARAMETER_OUT,m,36,BY_VALUE,1,false,15,m,,,1,ANY
115964118011,METHOD_PARAMETER_OUT,this,23,BY_VALUE,0,false,14,this,,,0,ANY
115964118012,METHOD_PARAMETER_OUT,key: string,24,BY_VALUE,1,false,14,key,,,1,__ecma.String
115964118013,METHOD_PARAMETER_OUT,this,2,BY_VALUE,0,false,8,this,,,0,ANY
115964118014,METHOD_PARAMETER_OUT,component: { key: string; name: string; qualifier: string; measures: any[] },4,BY_VALUE,1,false,9,component,,,1,services/sonarSecurity/sonarSecurityCalculationService.ts::program:SonarSecurityCalculationService:calculateMetrics:<anon-class>0
115964118015,METHOD_PARAMETER_OUT,this,2,BY_VALUE,0,false,57,this,,,0,ANY
115964118016,METHOD_PARAMETER_OUT,rating: number,26,BY_VALUE,1,false,57,rating,,,1,__ecma.Number
115964118017,METHOD_PARAMETER_OUT,this,0,BY_VALUE,0,false,1,this,,,0,ANY
115964118018,METHOD_PARAMETER_OUT,this,7,BY_VALUE,0,false,9,this,,,0,ANY
115964118019,METHOD_PARAMETER_OUT,this,2,BY_VALUE,0,false,14,this,,,0,ANY
115964118020,METHOD_PARAMETER_OUT,projectId: number,4,BY_VALUE,1,false,15,projectId,,,1,__ecma.Number
115964118021,METHOD_PARAMETER_OUT,metrics: SonarQubeSecurityCalculationResult,4,BY_VALUE,2,false,16,metrics,,,2,ANY
115964118022,METHOD_PARAMETER_OUT,this,2,BY_VALUE,0,false,65,this,,,0,ANY
115964118023,METHOD_PARAMETER_OUT,projectId: number,4,BY_VALUE,1,false,66,projectId,,,1,__ecma.Number
115964118024,METHOD_PARAMETER_OUT,metrics: SonarQubeSecurityCalculationResult,4,BY_VALUE,2,false,67,metrics,,,2,ANY
115964118025,METHOD_PARAMETER_OUT,this,2,BY_VALUE,0,false,110,this,,,0,ANY
115964118026,METHOD_PARAMETER_OUT,projectId: number,19,BY_VALUE,1,false,110,projectId,,,1,__ecma.Number
115964118027,METHOD_PARAMETER_OUT,this,2,BY_VALUE,0,false,132,this,,,0,ANY
115964118028,METHOD_PARAMETER_OUT,projectId: number,26,BY_VALUE,1,false,132,projectId,,,1,__ecma.Number
115964118029,METHOD_PARAMETER_OUT,days: number = 30,45,BY_VALUE,2,false,132,days: number,,,2,ANY
115964118030,METHOD_PARAMETER_OUT,this,2,BY_VALUE,0,false,154,this,,,0,ANY
115964118031,METHOD_PARAMETER_OUT,projectId: number,22,BY_VALUE,1,false,154,projectId,,,1,__ecma.Number
115964118032,METHOD_PARAMETER_OUT,this,2,BY_VALUE,0,false,170,this,,,0,ANY
115964118033,METHOD_PARAMETER_OUT,rating: string,25,BY_VALUE,1,false,170,rating,,,1,__ecma.String
115964118034,METHOD_PARAMETER_OUT,this,0,BY_VALUE,0,false,1,this,,,0,ANY
115964118035,METHOD_PARAMETER_OUT,this,2,BY_VALUE,0,false,11,this,,,0,ANY
115964118036,METHOD_PARAMETER_OUT,this,2,BY_VALUE,0,false,20,this,,,0,ANY
115964118037,METHOD_PARAMETER_OUT,projectId: number,28,BY_VALUE,1,false,20,projectId,,,1,__ecma.Number
115964118038,METHOD_PARAMETER_OUT,this,2,BY_VALUE,0,false,54,this,,,0,ANY
115964118039,METHOD_PARAMETER_OUT,projectKey: string,35,BY_VALUE,1,false,54,projectKey,,,1,__ecma.String
115964118040,METHOD_PARAMETER_OUT,this,0,BY_VALUE,0,false,1,this,,,0,ANY
115964118041,METHOD_PARAMETER_OUT,this,2,BY_VALUE,0,false,83,this,,,0,ANY
115964118042,METHOD_PARAMETER_OUT,str: string,21,BY_VALUE,1,false,83,str,,,1,__ecma.String
115964118043,METHOD_PARAMETER_OUT,this,6,BY_VALUE,0,false,94,this,,,0,ANY
115964118044,METHOD_PARAMETER_OUT,p,6,BY_VALUE,1,false,94,p,,,1,ANY
115964118045,METHOD_PARAMETER_OUT,this,28,BY_VALUE,0,false,99,this,,,0,ANY
115964118046,METHOD_PARAMETER_OUT,p,28,BY_VALUE,1,false,99,p,,,1,ANY
115964118047,METHOD_PARAMETER_OUT,this,7,BY_VALUE,0,false,4,this,,,0,ANY
115964118048,METHOD_PARAMETER_OUT,this,7,BY_VALUE,0,false,118,this,,,0,ANY
115964118049,METHOD_PARAMETER_OUT,projectId: number,41,BY_VALUE,1,false,118,projectId,,,1,__ecma.Number
115964118050,METHOD_PARAMETER_OUT,this,0,BY_VALUE,0,false,1,this,,,0,ANY
115964118051,METHOD_PARAMETER_OUT,this,7,BY_VALUE,0,false,3,this,,,0,ANY
115964118052,METHOD_PARAMETER_OUT,this,2,BY_VALUE,0,false,17,this,,,0,ANY
115964118053,METHOD_PARAMETER_OUT,baseUrl?: string,14,BY_VALUE,1,false,17,baseUrl,,,1,__ecma.String
115964118054,METHOD_PARAMETER_OUT,token?: string,32,BY_VALUE,2,false,17,token,,,2,__ecma.String
115964118055,METHOD_PARAMETER_OUT,this,2,BY_VALUE,0,false,33,this,,,0,ANY
115964118056,METHOD_PARAMETER_OUT,this,23,BY_VALUE,0,false,48,this,,,0,ANY
115964118057,METHOD_PARAMETER_OUT,type: string,30,BY_VALUE,1,false,48,type,,,1,__ecma.String
115964118058,METHOD_PARAMETER_OUT,severity: string,44,BY_VALUE,2,false,48,severity,,,2,__ecma.String
115964118059,METHOD_PARAMETER_OUT,this,2,BY_VALUE,0,false,44,this,,,0,ANY
115964118060,METHOD_PARAMETER_OUT,projectKey: string,25,BY_VALUE,1,false,44,projectKey,,,1,__ecma.String
115964118061,METHOD_PARAMETER_OUT,this,0,BY_VALUE,0,false,1,this,,,0,ANY
115964118062,METHOD_PARAMETER_OUT,this,7,BY_VALUE,0,false,10,this,,,0,ANY
115964118063,METHOD_PARAMETER_OUT,this,7,BY_VALUE,0,false,47,this,,,0,ANY
115964118064,METHOD_PARAMETER_OUT,this,7,BY_VALUE,0,false,65,this,,,0,ANY
115964118065,METHOD_PARAMETER_OUT,this,7,BY_VALUE,0,false,83,this,,,0,ANY
115964118066,METHOD_PARAMETER_OUT,this,7,BY_VALUE,0,false,94,this,,,0,ANY
115964118067,METHOD_PARAMETER_OUT,this,0,BY_VALUE,0,false,1,this,,,0,ANY
115964118068,METHOD_PARAMETER_OUT,this,7,BY_VALUE,0,false,3,this,,,0,ANY
115964118069,METHOD_PARAMETER_OUT,this,7,BY_VALUE,0,false,15,this,,,0,ANY
115964118070,METHOD_PARAMETER_OUT,this,7,BY_VALUE,0,false,23,this,,,0,ANY
115964118071,METHOD_PARAMETER_OUT,this,7,BY_VALUE,0,false,35,this,,,0,ANY
115964118072,METHOD_PARAMETER_OUT,this,7,BY_VALUE,0,false,42,this,,,0,ANY
115964118073,METHOD_PARAMETER_OUT,this,7,BY_VALUE,0,false,55,this,,,0,ANY
115964118074,METHOD_PARAMETER_OUT,this,7,BY_VALUE,0,false,63,this,,,0,ANY
115964118075,METHOD_PARAMETER_OUT,this,7,BY_VALUE,0,false,76,this,,,0,ANY
115964118076,METHOD_PARAMETER_OUT,this,7,BY_VALUE,0,false,85,this,,,0,ANY
115964118077,METHOD_PARAMETER_OUT,this,0,BY_VALUE,0,false,1,this,,,0,ANY
115964118078,METHOD_PARAMETER_OUT,this,7,BY_VALUE,0,false,2,this,,,0,ANY
115964118079,METHOD_PARAMETER_OUT,this,7,BY_VALUE,0,false,23,this,,,0,ANY
115964118080,METHOD_PARAMETER_OUT,this,7,BY_VALUE,0,false,32,this,,,0,ANY
115964118081,METHOD_PARAMETER_OUT,this,7,BY_VALUE,0,false,41,this,,,0,ANY
115964118082,METHOD_PARAMETER_OUT,this,7,BY_VALUE,0,false,55,this,,,0,ANY
115964118083,METHOD_PARAMETER_OUT,this,7,BY_VALUE,0,false,67,this,,,0,ANY
115964118084,METHOD_PARAMETER_OUT,this,7,BY_VALUE,0,false,80,this,,,0,ANY
115964118085,METHOD_PARAMETER_OUT,this,7,BY_VALUE,0,false,96,this,,,0,ANY
115964118086,METHOD_PARAMETER_OUT,this,7,BY_VALUE,0,false,115,this,,,0,ANY
115964118087,METHOD_PARAMETER_OUT,this,0,BY_VALUE,0,false,1,this,,,0,ANY
115964118088,METHOD_PARAMETER_OUT,this,0,BY_VALUE,0,false,1,this,,,0,ANY
115964118089,METHOD_PARAMETER_OUT,this,7,BY_VALUE,0,false,3,this,,,0,ANY
115964118090,METHOD_PARAMETER_OUT,this,7,BY_VALUE,0,false,52,this,,,0,ANY
115964118091,METHOD_PARAMETER_OUT,this,7,BY_VALUE,0,false,72,this,,,0,ANY
115964118092,METHOD_PARAMETER_OUT,this,7,BY_VALUE,0,false,85,this,,,0,ANY
115964118093,METHOD_PARAMETER_OUT,this,7,BY_VALUE,0,false,97,this,,,0,ANY
115964118094,METHOD_PARAMETER_OUT,this,7,BY_VALUE,0,false,108,this,,,0,ANY
115964118095,METHOD_PARAMETER_OUT,this,7,BY_VALUE,0,false,121,this,,,0,ANY
115964118096,METHOD_PARAMETER_OUT,this,7,BY_VALUE,0,false,163,this,,,0,ANY
115964118097,METHOD_PARAMETER_OUT,this,7,BY_VALUE,0,false,173,this,,,0,ANY
115964118098,METHOD_PARAMETER_OUT,this,0,BY_VALUE,0,false,1,this,,,0,ANY
115964118099,METHOD_PARAMETER_OUT,this,7,BY_VALUE,0,false,4,this,,,0,ANY
115964118100,METHOD_PARAMETER_OUT,this,7,BY_VALUE,0,false,14,this,,,0,ANY
115964118101,METHOD_PARAMETER_OUT,this,0,BY_VALUE,0,false,1,this,,,0,ANY
115964118102,METHOD_PARAMETER_OUT,this,7,BY_VALUE,0,false,10,this,,,0,ANY
115964118103,METHOD_PARAMETER_OUT,this,7,BY_VALUE,0,false,74,this,,,0,ANY
115964118104,METHOD_PARAMETER_OUT,this,7,BY_VALUE,0,false,97,this,,,0,ANY
115964118105,METHOD_PARAMETER_OUT,this,7,BY_VALUE,0,false,108,this,,,0,ANY
115964118106,METHOD_PARAMETER_OUT,this,7,BY_VALUE,0,false,127,this,,,0,ANY
115964118107,METHOD_PARAMETER_OUT,this,7,BY_VALUE,0,false,138,this,,,0,ANY
115964118108,METHOD_PARAMETER_OUT,this,0,BY_VALUE,0,false,1,this,,,0,ANY
115964118109,METHOD_PARAMETER_OUT,this,7,BY_VALUE,0,false,2,this,,,0,ANY
115964118110,METHOD_PARAMETER_OUT,this,7,BY_VALUE,0,false,18,this,,,0,ANY
115964118111,METHOD_PARAMETER_OUT,this,7,BY_VALUE,0,false,26,this,,,0,ANY
115964118112,METHOD_PARAMETER_OUT,this,7,BY_VALUE,0,false,38,this,,,0,ANY
115964118113,METHOD_PARAMETER_OUT,this,0,BY_VALUE,0,false,1,this,,,0,ANY
115964118114,METHOD_PARAMETER_OUT,this,7,BY_VALUE,0,false,1,this,,,0,ANY
115964118115,METHOD_PARAMETER_OUT,this,7,BY_VALUE,0,false,16,this,,,0,ANY
115964118116,METHOD_PARAMETER_OUT,this,7,BY_VALUE,0,false,27,this,,,0,ANY
115964118117,METHOD_PARAMETER_OUT,this,7,BY_VALUE,0,false,41,this,,,0,ANY
115964118118,METHOD_PARAMETER_OUT,this,7,BY_VALUE,0,false,52,this,,,0,ANY
115964118119,METHOD_PARAMETER_OUT,this,7,BY_VALUE,0,false,62,this,,,0,ANY
115964118120,METHOD_PARAMETER_OUT,this,7,BY_VALUE,0,false,73,this,,,0,ANY
115964118121,METHOD_PARAMETER_OUT,this,7,BY_VALUE,0,false,80,this,,,0,ANY
115964118122,METHOD_PARAMETER_OUT,this,7,BY_VALUE,0,false,90,this,,,0,ANY
115964118123,METHOD_PARAMETER_OUT,this,7,BY_VALUE,0,false,102,this,,,0,ANY
115964118124,METHOD_PARAMETER_OUT,this,7,BY_VALUE,0,false,110,this,,,0,ANY
115964118125,METHOD_PARAMETER_OUT,this,0,BY_VALUE,0,false,1,this,,,0,ANY
115964118126,METHOD_PARAMETER_OUT,this,7,BY_VALUE,0,false,7,this,,,0,ANY
115964118127,METHOD_PARAMETER_OUT,"metrics: {
  avg_cycle_time_days: number;
  reopen_rate_percent: number;
  issues_closed_last_7d: number;
  critical_issues_open: number;
}",42,BY_VALUE,1,false,7,metrics,,,1,utils/healthScoreCalculator.ts::program:calculateIssueHealthScore:<anon-class>0
115964118128,METHOD_PARAMETER_OUT,this,7,BY_VALUE,0,false,61,this,,,0,ANY
115964118129,METHOD_PARAMETER_OUT,"metrics: {
  avg_merge_time_days: number;
  revert_rate_percent: number;
  mrs_merged_last_7d: number;
  avg_review_comments_per_mr: number;
}",39,BY_VALUE,1,false,61,metrics,,,1,utils/healthScoreCalculator.ts::program:calculateMRHealthScore:<anon-class>2
115964118130,METHOD_PARAMETER_OUT,this,7,BY_VALUE,0,false,115,this,,,0,ANY
115964118131,METHOD_PARAMETER_OUT,"metrics: {
  total_commits_last_7d: number;
  avg_commit_size: number;
  bus_factor: number;
}",43,BY_VALUE,1,false,115,metrics,,,1,utils/healthScoreCalculator.ts::program:calculateCommitHealthScore:<anon-class>4
115964118132,METHOD_PARAMETER_OUT,this,7,BY_VALUE,0,false,160,this,,,0,ANY
115964118133,METHOD_PARAMETER_OUT,"metrics: {
  reliability_rating: string;
  bugs_total: number;
}",48,BY_VALUE,1,false,160,metrics,,,1,utils/healthScoreCalculator.ts::program:calculateReliabilityHealthScore:<anon-class>6
115964118134,METHOD_PARAMETER_OUT,this,7,BY_VALUE,0,false,192,this,,,0,ANY
115964118135,METHOD_PARAMETER_OUT,"metrics: {
  maintainability_rating: string;
  technical_debt_ratio: number;
  code_smells_total: number;
  duplicated_code_percentage: number;
}",52,BY_VALUE,1,false,192,metrics,,,1,utils/healthScoreCalculator.ts::program:calculateMaintainabilityHealthScore:<anon-class>8
115964118136,METHOD_PARAMETER_OUT,this,7,BY_VALUE,0,false,246,this,,,0,ANY
115964118137,METHOD_PARAMETER_OUT,"metrics: {
  security_rating: string;
  vulnerabilities_total: number;
  security_hotspots_total: number;
}",45,BY_VALUE,1,false,246,metrics,,,1,utils/healthScoreCalculator.ts::program:calculateSecurityHealthScore:<anon-class>10
115964118138,METHOD_PARAMETER_OUT,this,0,BY_VALUE,0,false,1,this,,,0,ANY
115964118139,METHOD_PARAMETER_OUT,p1,,BY_VALUE,1,false,,p1,,,1,ANY
115964118140,METHOD_PARAMETER_OUT,p1,,BY_VALUE,1,false,,p1,,,1,ANY
115964118141,METHOD_PARAMETER_OUT,p2,,BY_VALUE,2,false,,p2,,,2,ANY
115964118142,METHOD_PARAMETER_OUT,p1,,BY_VALUE,1,false,,p1,,,1,ANY
115964118143,METHOD_PARAMETER_OUT,p1,,BY_VALUE,1,false,,p1,,,1,ANY
115964118144,METHOD_PARAMETER_OUT,p2,,BY_VALUE,2,false,,p2,,,2,ANY
115964118145,METHOD_PARAMETER_OUT,p1,,BY_VALUE,1,false,,p1,,,1,ANY
115964118146,METHOD_PARAMETER_OUT,p2,,BY_VALUE,2,false,,p2,,,2,ANY
115964118147,METHOD_PARAMETER_OUT,p3,,BY_VALUE,3,false,,p3,,,3,ANY
115964118148,METHOD_PARAMETER_OUT,p0,,BY_VALUE,0,false,,p0,,,0,ANY
115964118149,METHOD_PARAMETER_OUT,p1,,BY_VALUE,1,false,,p1,,,1,ANY
115964118150,METHOD_PARAMETER_OUT,p1,,BY_VALUE,1,false,,p1,,,1,ANY
115964118151,METHOD_PARAMETER_OUT,p1,,BY_VALUE,1,false,,p1,,,1,ANY
115964118152,METHOD_PARAMETER_OUT,p2,,BY_VALUE,2,false,,p2,,,2,ANY
115964118153,METHOD_PARAMETER_OUT,p1,,BY_VALUE,1,false,,p1,,,1,ANY
115964118154,METHOD_PARAMETER_OUT,p2,,BY_VALUE,2,false,,p2,,,2,ANY
115964118155,METHOD_PARAMETER_OUT,p1,,BY_VALUE,1,false,,p1,,,1,ANY
115964118156,METHOD_PARAMETER_OUT,p1,,BY_VALUE,1,false,,p1,,,1,ANY
115964118157,METHOD_PARAMETER_OUT,p2,,BY_VALUE,2,false,,p2,,,2,ANY
115964118158,METHOD_PARAMETER_OUT,p1,,BY_VALUE,1,false,,p1,,,1,ANY
115964118159,METHOD_PARAMETER_OUT,p2,,BY_VALUE,2,false,,p2,,,2,ANY
115964118160,METHOD_PARAMETER_OUT,p1,,BY_VALUE,1,false,,p1,,,1,ANY
115964118161,METHOD_PARAMETER_OUT,p2,,BY_VALUE,2,false,,p2,,,2,ANY
115964118162,METHOD_PARAMETER_OUT,p1,,BY_VALUE,1,false,,p1,,,1,ANY
115964118163,METHOD_PARAMETER_OUT,p1,,BY_VALUE,1,false,,p1,,,1,ANY
115964118164,METHOD_PARAMETER_OUT,p2,,BY_VALUE,2,false,,p2,,,2,ANY
115964118165,METHOD_PARAMETER_OUT,p1,,BY_VALUE,1,false,,p1,,,1,ANY
115964118166,METHOD_PARAMETER_OUT,p2,,BY_VALUE,2,false,,p2,,,2,ANY
115964118167,METHOD_PARAMETER_OUT,p1,,BY_VALUE,1,false,,p1,,,1,ANY
115964118168,METHOD_PARAMETER_OUT,p2,,BY_VALUE,2,false,,p2,,,2,ANY
115964118169,METHOD_PARAMETER_OUT,p1,,BY_VALUE,1,false,,p1,,,1,ANY
115964118170,METHOD_PARAMETER_OUT,p2,,BY_VALUE,2,false,,p2,,,2,ANY
115964118171,METHOD_PARAMETER_OUT,p1,,BY_VALUE,1,false,,p1,,,1,ANY
115964118172,METHOD_PARAMETER_OUT,p2,,BY_VALUE,2,false,,p2,,,2,ANY
115964118173,METHOD_PARAMETER_OUT,p1,,BY_VALUE,1,false,,p1,,,1,ANY
115964118174,METHOD_PARAMETER_OUT,p2,,BY_VALUE,2,false,,p2,,,2,ANY
115964118175,METHOD_PARAMETER_OUT,p3,,BY_VALUE,3,false,,p3,,,3,ANY
115964118176,METHOD_PARAMETER_OUT,p1,,BY_VALUE,1,false,,p1,,,1,ANY
115964118177,METHOD_PARAMETER_OUT,p1,,BY_VALUE,1,false,,p1,,,1,ANY
115964118178,METHOD_PARAMETER_OUT,p2,,BY_VALUE,2,false,,p2,,,2,ANY
115964118179,METHOD_PARAMETER_OUT,p1,,BY_VALUE,1,false,,p1,,,1,ANY
115964118180,METHOD_PARAMETER_OUT,p0,,BY_VALUE,0,false,,p0,,,0,ANY
115964118181,METHOD_PARAMETER_OUT,p1,,BY_VALUE,1,false,,p1,,,1,ANY
115964118182,METHOD_PARAMETER_OUT,p2,,BY_VALUE,2,false,,p2,,,2,ANY
115964118183,METHOD_PARAMETER_OUT,p1,,BY_VALUE,1,false,,p1,,,1,ANY
115964118184,METHOD_PARAMETER_OUT,p2,,BY_VALUE,2,false,,p2,,,2,ANY
115964118185,METHOD_PARAMETER_OUT,p1,,BY_VALUE,1,false,,p1,,,1,ANY
115964118186,METHOD_PARAMETER_OUT,p2,,BY_VALUE,2,false,,p2,,,2,ANY
115964118187,METHOD_PARAMETER_OUT,p1,,BY_VALUE,1,false,,p1,,,1,ANY
115964118188,METHOD_PARAMETER_OUT,p2,,BY_VALUE,2,false,,p2,,,2,ANY
115964118189,METHOD_PARAMETER_OUT,p1,,BY_VALUE,1,false,,p1,,,1,ANY
115964118190,METHOD_PARAMETER_OUT,p1,,BY_VALUE,1,false,,p1,,,1,ANY
115964118191,METHOD_PARAMETER_OUT,p1,,BY_VALUE,1,false,,p1,,,1,ANY
115964118192,METHOD_PARAMETER_OUT,p2,,BY_VALUE,2,false,,p2,,,2,ANY
115964118193,METHOD_PARAMETER_OUT,p3,,BY_VALUE,3,false,,p3,,,3,ANY
115964118194,METHOD_PARAMETER_OUT,p4,,BY_VALUE,4,false,,p4,,,4,ANY
115964118195,METHOD_PARAMETER_OUT,p5,,BY_VALUE,5,false,,p5,,,5,ANY
115964118196,METHOD_PARAMETER_OUT,p6,,BY_VALUE,6,false,,p6,,,6,ANY
115964118197,METHOD_PARAMETER_OUT,p7,,BY_VALUE,7,false,,p7,,,7,ANY
115964118198,METHOD_PARAMETER_OUT,p8,,BY_VALUE,8,false,,p8,,,8,ANY
115964118199,METHOD_PARAMETER_OUT,p9,,BY_VALUE,9,false,,p9,,,9,ANY
115964118200,METHOD_PARAMETER_OUT,p10,,BY_VALUE,10,false,,p10,,,10,ANY
115964118201,METHOD_PARAMETER_OUT,p11,,BY_VALUE,11,false,,p11,,,11,ANY
115964118202,METHOD_PARAMETER_OUT,p1,,BY_VALUE,1,false,,p1,,,1,ANY
115964118203,METHOD_PARAMETER_OUT,p1,,BY_VALUE,1,false,,p1,,,1,ANY
115964118204,METHOD_PARAMETER_OUT,p1,,BY_VALUE,1,false,,p1,,,1,ANY
115964118205,METHOD_PARAMETER_OUT,p2,,BY_VALUE,2,false,,p2,,,2,ANY
115964118206,METHOD_PARAMETER_OUT,p1,,BY_VALUE,1,false,,p1,,,1,ANY
115964118207,METHOD_PARAMETER_OUT,p2,,BY_VALUE,2,false,,p2,,,2,ANY
115964118208,METHOD_PARAMETER_OUT,p1,,BY_VALUE,1,false,,p1,,,1,ANY
115964118209,METHOD_PARAMETER_OUT,p1,,BY_VALUE,1,false,,p1,,,1,ANY
115964118210,METHOD_PARAMETER_OUT,p2,,BY_VALUE,2,false,,p2,,,2,ANY
115964118211,METHOD_PARAMETER_OUT,p1,,BY_VALUE,1,false,,p1,,,1,ANY
115964118212,METHOD_PARAMETER_OUT,p2,,BY_VALUE,2,false,,p2,,,2,ANY
115964118213,METHOD_PARAMETER_OUT,p0,,BY_VALUE,0,false,,p0,,,0,ANY
115964118214,METHOD_PARAMETER_OUT,p1,,BY_VALUE,1,false,,p1,,,1,ANY
115964118215,METHOD_PARAMETER_OUT,p2,,BY_VALUE,2,false,,p2,,,2,ANY
115964118216,METHOD_PARAMETER_OUT,p1,,BY_VALUE,1,false,,p1,,,1,ANY
