167503724544,TYPE_DECL,,controllers/aiController.ts::program,METHOD,class AIController,0,controllers/aiController.ts,controllers/aiController.ts::program:AIController,<empty>,,false,8,AIController,,,-1
167503724545,TYPE_DECL,,controllers/aiController.ts::program:AIController:<init>,METHOD,<lambda>0,19,controllers/aiController.ts,controllers/aiController.ts::program:AIController:<init>:<lambda>0,<empty>,ANY,false,12,<lambda>0,,,1
167503724546,TYPE_DECL,,controllers/aiController.ts::program:AIController:<init>,METHOD,<lambda>1,17,controllers/aiController.ts,controllers/aiController.ts::program:AIController:<init>:<lambda>1,<empty>,ANY,false,32,<lambda>1,,,1
167503724547,TYPE_DECL,,controllers/aiController.ts::program:AIController:<init>,METHOD,<lambda>2,20,controllers/aiController.ts,controllers/aiController.ts::program:AIController:<init>:<lambda>2,<empty>,ANY,false,50,<lambda>2,,,1
167503724548,TYPE_DECL,,controllers/aiController.ts::program:AIController:<init>,METHOD,<lambda>3,28,controllers/aiController.ts,controllers/aiController.ts::program:AIController:<init>:<lambda>3,<empty>,ANY,false,85,<lambda>3,,,1
167503724549,TYPE_DECL,,controllers/aiController.ts::program:AIController:<init>,METHOD,<lambda>4,23,controllers/aiController.ts,controllers/aiController.ts::program:AIController:<init>:<lambda>4,<empty>,ANY,false,123,<lambda>4,,,1
167503724550,TYPE_DECL,,controllers/aiController.ts::program:AIController:<init>,METHOD,<lambda>5,34,controllers/aiController.ts,controllers/aiController.ts::program:AIController:<init>:<lambda>5,<empty>,ANY,false,160,<lambda>5,,,1
167503724551,TYPE_DECL,,controllers/aiController.ts::program:AIController:<init>:<lambda>6:<lambda>7,METHOD,<lambda>8,46,controllers/aiController.ts,controllers/aiController.ts::program:AIController:<init>:<lambda>6:<lambda>7:<lambda>8,<empty>,ANY,false,210,<lambda>8,,,1
167503724552,TYPE_DECL,,controllers/aiController.ts::program:AIController:<init>:<lambda>6,METHOD,<lambda>7,48,controllers/aiController.ts,controllers/aiController.ts::program:AIController:<init>:<lambda>6:<lambda>7,<empty>,ANY,false,204,<lambda>7,,,1
167503724553,TYPE_DECL,,controllers/aiController.ts::program:AIController:<init>,METHOD,<lambda>6,26,controllers/aiController.ts,controllers/aiController.ts::program:AIController:<init>:<lambda>6,<empty>,ANY,false,191,<lambda>6,,,1
167503724554,TYPE_DECL,,controllers/aiController.ts::program:AIController,TYPE_DECL,<init>,0,controllers/aiController.ts,controllers/aiController.ts::program:AIController:<init>,<empty>,ANY,false,8,<init>,,,1
167503724555,TYPE_DECL,,controllers/aiController.ts:<global>,NAMESPACE_BLOCK,:program,0,controllers/aiController.ts,controllers/aiController.ts::program,<empty>,ANY,false,1,:program,,,1
167503724556,TYPE_DECL,,controllers/commitMetricsController.ts::program,METHOD,<lambda>0,36,controllers/commitMetricsController.ts,controllers/commitMetricsController.ts::program:<lambda>0,<empty>,ANY,false,13,<lambda>0,,,1
167503724557,TYPE_DECL,,controllers/commitMetricsController.ts::program,METHOD,<lambda>1,32,controllers/commitMetricsController.ts,controllers/commitMetricsController.ts::program:<lambda>1,<empty>,ANY,false,43,<lambda>1,,,1
167503724558,TYPE_DECL,,controllers/commitMetricsController.ts::program,METHOD,<lambda>2,39,controllers/commitMetricsController.ts,controllers/commitMetricsController.ts::program:<lambda>2,<empty>,ANY,false,80,<lambda>2,,,1
167503724559,TYPE_DECL,,controllers/commitMetricsController.ts:<global>,NAMESPACE_BLOCK,:program,0,controllers/commitMetricsController.ts,controllers/commitMetricsController.ts::program,<empty>,ANY,false,1,:program,,,1
167503724560,TYPE_DECL,,controllers/doraMetricsController.ts::program,METHOD,<lambda>0,41,controllers/doraMetricsController.ts,controllers/doraMetricsController.ts::program:<lambda>0,<empty>,ANY,false,31,<lambda>0,,,1
167503724561,TYPE_DECL,,controllers/doraMetricsController.ts::program,METHOD,<lambda>1,36,controllers/doraMetricsController.ts,controllers/doraMetricsController.ts::program:<lambda>1,<empty>,ANY,false,72,<lambda>1,,,1
167503724562,TYPE_DECL,,controllers/doraMetricsController.ts::program,METHOD,<lambda>2,39,controllers/doraMetricsController.ts,controllers/doraMetricsController.ts::program:<lambda>2,<empty>,ANY,false,123,<lambda>2,,,1
167503724563,TYPE_DECL,,controllers/doraMetricsController.ts::program,METHOD,<lambda>3,42,controllers/doraMetricsController.ts,controllers/doraMetricsController.ts::program:<lambda>3,<empty>,ANY,false,164,<lambda>3,,,1
167503724564,TYPE_DECL,,controllers/doraMetricsController.ts::program,METHOD,<lambda>4,38,controllers/doraMetricsController.ts,controllers/doraMetricsController.ts::program:<lambda>4,<empty>,ANY,false,216,<lambda>4,,,1
167503724565,TYPE_DECL,,controllers/doraMetricsController.ts::program,METHOD,<lambda>5,34,controllers/doraMetricsController.ts,controllers/doraMetricsController.ts::program:<lambda>5,<empty>,ANY,false,240,<lambda>5,,,1
167503724566,TYPE_DECL,,controllers/doraMetricsController.ts::program,METHOD,<lambda>6,37,controllers/doraMetricsController.ts,controllers/doraMetricsController.ts::program:<lambda>6,<empty>,ANY,false,264,<lambda>6,,,1
167503724567,TYPE_DECL,,controllers/doraMetricsController.ts::program,METHOD,<lambda>7,40,controllers/doraMetricsController.ts,controllers/doraMetricsController.ts::program:<lambda>7,<empty>,ANY,false,288,<lambda>7,,,1
167503724568,TYPE_DECL,,controllers/doraMetricsController.ts::program,METHOD,<lambda>8,37,controllers/doraMetricsController.ts,controllers/doraMetricsController.ts::program:<lambda>8,<empty>,ANY,false,312,<lambda>8,,,1
167503724569,TYPE_DECL,,controllers/doraMetricsController.ts::program,METHOD,<lambda>9,33,controllers/doraMetricsController.ts,controllers/doraMetricsController.ts::program:<lambda>9,<empty>,ANY,false,338,<lambda>9,,,1
167503724570,TYPE_DECL,,controllers/doraMetricsController.ts::program,METHOD,<lambda>10,47,controllers/doraMetricsController.ts,controllers/doraMetricsController.ts::program:<lambda>10,<empty>,ANY,false,370,<lambda>10,,,1
167503724571,TYPE_DECL,,controllers/doraMetricsController.ts::program,METHOD,<lambda>11,42,controllers/doraMetricsController.ts,controllers/doraMetricsController.ts::program:<lambda>11,<empty>,ANY,false,399,<lambda>11,,,1
167503724572,TYPE_DECL,,controllers/doraMetricsController.ts::program,METHOD,<lambda>12,45,controllers/doraMetricsController.ts,controllers/doraMetricsController.ts::program:<lambda>12,<empty>,ANY,false,428,<lambda>12,,,1
167503724573,TYPE_DECL,,controllers/doraMetricsController.ts::program,METHOD,<lambda>13,48,controllers/doraMetricsController.ts,controllers/doraMetricsController.ts::program:<lambda>13,<empty>,ANY,false,457,<lambda>13,,,1
167503724574,TYPE_DECL,,controllers/doraMetricsController.ts::program,METHOD,<lambda>14,34,controllers/doraMetricsController.ts,controllers/doraMetricsController.ts::program:<lambda>14,<empty>,ANY,false,486,<lambda>14,,,1
167503724575,TYPE_DECL,,controllers/doraMetricsController.ts::program,METHOD,<lambda>15,37,controllers/doraMetricsController.ts,controllers/doraMetricsController.ts::program:<lambda>15,<empty>,ANY,false,510,<lambda>15,,,1
167503724576,TYPE_DECL,,controllers/doraMetricsController.ts::program,METHOD,<lambda>16,39,controllers/doraMetricsController.ts,controllers/doraMetricsController.ts::program:<lambda>16,<empty>,ANY,false,531,<lambda>16,,,1
167503724577,TYPE_DECL,,controllers/doraMetricsController.ts:<global>,NAMESPACE_BLOCK,:program,0,controllers/doraMetricsController.ts,controllers/doraMetricsController.ts::program,<empty>,ANY,false,1,:program,,,1
167503724578,TYPE_DECL,controllers/healthScoreController.ts::program:<lambda>0:<lambda>1:<anon-class>0,controllers/healthScoreController.ts::program:<lambda>0:<lambda>1,METHOD,{ rows: any[] },31,controllers/healthScoreController.ts,controllers/healthScoreController.ts::program:<lambda>0:<lambda>1:<anon-class>1,<empty>,,false,109,<anon-class>1,,,-1
167503724579,TYPE_DECL,,controllers/healthScoreController.ts::program:<lambda>0:<lambda>1,METHOD,{ rows: any[] },31,controllers/healthScoreController.ts,controllers/healthScoreController.ts::program:<lambda>0:<lambda>1:<anon-class>0,<empty>,,false,109,<anon-class>0,,,1
167503724580,TYPE_DECL,,controllers/healthScoreController.ts::program:<lambda>0:<lambda>1,METHOD,<lambda>2,27,controllers/healthScoreController.ts,controllers/healthScoreController.ts::program:<lambda>0:<lambda>1:<lambda>2,<empty>,ANY,false,110,<lambda>2,,,1
167503724581,TYPE_DECL,,controllers/healthScoreController.ts::program:<lambda>0,METHOD,<lambda>1,21,controllers/healthScoreController.ts,controllers/healthScoreController.ts::program:<lambda>0:<lambda>1,<empty>,ANY,false,109,<lambda>1,,,1
167503724582,TYPE_DECL,controllers/healthScoreController.ts::program:<lambda>0:<lambda>3:<anon-class>2,controllers/healthScoreController.ts::program:<lambda>0:<lambda>3,METHOD,{ rows: any[] },36,controllers/healthScoreController.ts,controllers/healthScoreController.ts::program:<lambda>0:<lambda>3:<anon-class>3,<empty>,,false,123,<anon-class>3,,,-1
167503724583,TYPE_DECL,,controllers/healthScoreController.ts::program:<lambda>0:<lambda>3,METHOD,{ rows: any[] },36,controllers/healthScoreController.ts,controllers/healthScoreController.ts::program:<lambda>0:<lambda>3:<anon-class>2,<empty>,,false,123,<anon-class>2,,,1
167503724584,TYPE_DECL,,controllers/healthScoreController.ts::program:<lambda>0:<lambda>3,METHOD,<lambda>4,27,controllers/healthScoreController.ts,controllers/healthScoreController.ts::program:<lambda>0:<lambda>3:<lambda>4,<empty>,ANY,false,125,<lambda>4,,,1
167503724585,TYPE_DECL,,controllers/healthScoreController.ts::program:<lambda>0,METHOD,<lambda>3,26,controllers/healthScoreController.ts,controllers/healthScoreController.ts::program:<lambda>0:<lambda>3,<empty>,ANY,false,123,<lambda>3,,,1
167503724586,TYPE_DECL,,controllers/healthScoreController.ts::program:<lambda>0,METHOD,<lambda>5,11,controllers/healthScoreController.ts,controllers/healthScoreController.ts::program:<lambda>0:<lambda>5,<empty>,ANY,false,141,<lambda>5,,,1
167503724587,TYPE_DECL,,controllers/healthScoreController.ts::program,METHOD,<lambda>0,37,controllers/healthScoreController.ts,controllers/healthScoreController.ts::program:<lambda>0,<empty>,ANY,false,11,<lambda>0,,,1
167503724588,TYPE_DECL,,controllers/healthScoreController.ts::program,METHOD,<lambda>6,37,controllers/healthScoreController.ts,controllers/healthScoreController.ts::program:<lambda>6,<empty>,ANY,false,169,<lambda>6,,,1
167503724589,TYPE_DECL,,controllers/healthScoreController.ts:<global>,NAMESPACE_BLOCK,:program,0,controllers/healthScoreController.ts,controllers/healthScoreController.ts::program,<empty>,ANY,false,1,:program,,,1
167503724590,TYPE_DECL,,controllers/issueMetricsController.ts::program,METHOD,<lambda>0,35,controllers/issueMetricsController.ts,controllers/issueMetricsController.ts::program:<lambda>0,<empty>,ANY,false,12,<lambda>0,,,1
167503724591,TYPE_DECL,,controllers/issueMetricsController.ts::program,METHOD,<lambda>1,31,controllers/issueMetricsController.ts,controllers/issueMetricsController.ts::program:<lambda>1,<empty>,ANY,false,48,<lambda>1,,,1
167503724592,TYPE_DECL,,controllers/issueMetricsController.ts::program,METHOD,<lambda>2,37,controllers/issueMetricsController.ts,controllers/issueMetricsController.ts::program:<lambda>2,<empty>,ANY,false,85,<lambda>2,,,1
167503724593,TYPE_DECL,,controllers/issueMetricsController.ts::program,METHOD,<lambda>3,38,controllers/issueMetricsController.ts,controllers/issueMetricsController.ts::program:<lambda>3,<empty>,ANY,false,133,<lambda>3,,,1
167503724594,TYPE_DECL,,controllers/issueMetricsController.ts:<global>,NAMESPACE_BLOCK,:program,0,controllers/issueMetricsController.ts,controllers/issueMetricsController.ts::program,<empty>,ANY,false,1,:program,,,1
167503724595,TYPE_DECL,,controllers/milestoneMetricsController.ts::program,METHOD,<lambda>0,39,controllers/milestoneMetricsController.ts,controllers/milestoneMetricsController.ts::program:<lambda>0,<empty>,ANY,false,12,<lambda>0,,,1
167503724596,TYPE_DECL,,controllers/milestoneMetricsController.ts::program,METHOD,<lambda>1,35,controllers/milestoneMetricsController.ts,controllers/milestoneMetricsController.ts::program:<lambda>1,<empty>,ANY,false,46,<lambda>1,,,1
167503724597,TYPE_DECL,,controllers/milestoneMetricsController.ts:<global>,NAMESPACE_BLOCK,:program,0,controllers/milestoneMetricsController.ts,controllers/milestoneMetricsController.ts::program,<empty>,ANY,false,1,:program,,,1
167503724598,TYPE_DECL,,controllers/mrMetricsController.ts::program,METHOD,<lambda>0,32,controllers/mrMetricsController.ts,controllers/mrMetricsController.ts::program:<lambda>0,<empty>,ANY,false,13,<lambda>0,,,1
167503724599,TYPE_DECL,,controllers/mrMetricsController.ts::program,METHOD,<lambda>1,28,controllers/mrMetricsController.ts,controllers/mrMetricsController.ts::program:<lambda>1,<empty>,ANY,false,48,<lambda>1,,,1
167503724600,TYPE_DECL,,controllers/mrMetricsController.ts::program,METHOD,<lambda>2,34,controllers/mrMetricsController.ts,controllers/mrMetricsController.ts::program:<lambda>2,<empty>,ANY,false,86,<lambda>2,,,1
167503724601,TYPE_DECL,,controllers/mrMetricsController.ts::program,METHOD,<lambda>3,35,controllers/mrMetricsController.ts,controllers/mrMetricsController.ts::program:<lambda>3,<empty>,ANY,false,124,<lambda>3,,,1
167503724602,TYPE_DECL,,controllers/mrMetricsController.ts:<global>,NAMESPACE_BLOCK,:program,0,controllers/mrMetricsController.ts,controllers/mrMetricsController.ts::program,<empty>,ANY,false,1,:program,,,1
167503724603,TYPE_DECL,,controllers/projectController.ts::program,METHOD,class ProjectController,0,controllers/projectController.ts,controllers/projectController.ts::program:ProjectController,<empty>,,false,10,ProjectController,,,-1
167503724604,TYPE_DECL,,controllers/projectController.ts::program:ProjectController:<init>,METHOD,<lambda>0,22,controllers/projectController.ts,controllers/projectController.ts::program:ProjectController:<init>:<lambda>0,<empty>,ANY,false,16,<lambda>0,,,1
167503724605,TYPE_DECL,,controllers/projectController.ts::program:ProjectController:<init>,METHOD,<lambda>1,25,controllers/projectController.ts,controllers/projectController.ts::program:ProjectController:<init>:<lambda>1,<empty>,ANY,false,29,<lambda>1,,,1
167503724606,TYPE_DECL,,controllers/projectController.ts::program:ProjectController:<init>,METHOD,<lambda>2,29,controllers/projectController.ts,controllers/projectController.ts::program:ProjectController:<init>:<lambda>2,<empty>,ANY,false,54,<lambda>2,,,1
167503724607,TYPE_DECL,,controllers/projectController.ts::program:ProjectController:<init>,METHOD,<lambda>3,27,controllers/projectController.ts,controllers/projectController.ts::program:ProjectController:<init>:<lambda>3,<empty>,ANY,false,67,<lambda>3,,,1
167503724608,TYPE_DECL,,controllers/projectController.ts::program:ProjectController:<init>,METHOD,<lambda>4,22,controllers/projectController.ts,controllers/projectController.ts::program:ProjectController:<init>:<lambda>4,<empty>,ANY,false,80,<lambda>4,,,1
167503724609,TYPE_DECL,,controllers/projectController.ts::program:ProjectController:<init>,METHOD,<lambda>5,25,controllers/projectController.ts,controllers/projectController.ts::program:ProjectController:<init>:<lambda>5,<empty>,ANY,false,100,<lambda>5,,,1
167503724610,TYPE_DECL,,controllers/projectController.ts::program:ProjectController:<init>,METHOD,<lambda>6,30,controllers/projectController.ts,controllers/projectController.ts::program:ProjectController:<init>:<lambda>6,<empty>,ANY,false,120,<lambda>6,,,1
167503724611,TYPE_DECL,,controllers/projectController.ts::program:ProjectController:<init>,METHOD,<lambda>7,24,controllers/projectController.ts,controllers/projectController.ts::program:ProjectController:<init>:<lambda>7,<empty>,ANY,false,131,<lambda>7,,,1
167503724612,TYPE_DECL,,controllers/projectController.ts::program:ProjectController:<init>,METHOD,<lambda>8,26,controllers/projectController.ts,controllers/projectController.ts::program:ProjectController:<init>:<lambda>8,<empty>,ANY,false,151,<lambda>8,,,1
167503724613,TYPE_DECL,,controllers/projectController.ts::program:ProjectController:<init>:<lambda>9,METHOD,<lambda>10,48,controllers/projectController.ts,controllers/projectController.ts::program:ProjectController:<init>:<lambda>9:<lambda>10,<empty>,ANY,false,172,<lambda>10,,,1
167503724614,TYPE_DECL,,controllers/projectController.ts::program:ProjectController:<init>,METHOD,<lambda>9,26,controllers/projectController.ts,controllers/projectController.ts::program:ProjectController:<init>:<lambda>9,<empty>,ANY,false,167,<lambda>9,,,1
167503724615,TYPE_DECL,,controllers/projectController.ts::program:ProjectController:<init>,METHOD,<lambda>11,29,controllers/projectController.ts,controllers/projectController.ts::program:ProjectController:<init>:<lambda>11,<empty>,ANY,false,187,<lambda>11,,,1
167503724616,TYPE_DECL,,controllers/projectController.ts::program:ProjectController:<init>,METHOD,<lambda>12,29,controllers/projectController.ts,controllers/projectController.ts::program:ProjectController:<init>:<lambda>12,<empty>,ANY,false,206,<lambda>12,,,1
167503724617,TYPE_DECL,,controllers/projectController.ts::program:ProjectController:<init>,METHOD,<lambda>13,36,controllers/projectController.ts,controllers/projectController.ts::program:ProjectController:<init>:<lambda>13,<empty>,ANY,false,219,<lambda>13,,,1
167503724618,TYPE_DECL,,controllers/projectController.ts::program:ProjectController:<init>:<lambda>14,METHOD,<lambda>15,32,controllers/projectController.ts,controllers/projectController.ts::program:ProjectController:<init>:<lambda>14:<lambda>15,<empty>,ANY,false,245,<lambda>15,,,1
167503724619,TYPE_DECL,,controllers/projectController.ts::program:ProjectController:<init>,METHOD,<lambda>14,36,controllers/projectController.ts,controllers/projectController.ts::program:ProjectController:<init>:<lambda>14,<empty>,ANY,false,242,<lambda>14,,,1
167503724620,TYPE_DECL,,controllers/projectController.ts::program:ProjectController:<init>:<lambda>16,METHOD,<lambda>17,27,controllers/projectController.ts,controllers/projectController.ts::program:ProjectController:<init>:<lambda>16:<lambda>17,<empty>,ANY,false,254,<lambda>17,,,1
167503724621,TYPE_DECL,,controllers/projectController.ts::program:ProjectController:<init>,METHOD,<lambda>16,42,controllers/projectController.ts,controllers/projectController.ts::program:ProjectController:<init>:<lambda>16,<empty>,ANY,false,253,<lambda>16,,,1
167503724622,TYPE_DECL,,controllers/projectController.ts::program:ProjectController:<init>:<lambda>18,METHOD,<lambda>19,32,controllers/projectController.ts,controllers/projectController.ts::program:ProjectController:<init>:<lambda>18:<lambda>19,<empty>,ANY,false,262,<lambda>19,,,1
167503724623,TYPE_DECL,,controllers/projectController.ts::program:ProjectController:<init>:<lambda>18,METHOD,<lambda>20,31,controllers/projectController.ts,controllers/projectController.ts::program:ProjectController:<init>:<lambda>18:<lambda>20,<empty>,ANY,false,263,<lambda>20,,,1
167503724624,TYPE_DECL,,controllers/projectController.ts::program:ProjectController:<init>:<lambda>18,METHOD,<lambda>21,28,controllers/projectController.ts,controllers/projectController.ts::program:ProjectController:<init>:<lambda>18:<lambda>21,<empty>,ANY,false,264,<lambda>21,,,1
167503724625,TYPE_DECL,,controllers/projectController.ts::program:ProjectController:<init>:<lambda>18,METHOD,<lambda>22,33,controllers/projectController.ts,controllers/projectController.ts::program:ProjectController:<init>:<lambda>18:<lambda>22,<empty>,ANY,false,265,<lambda>22,,,1
167503724626,TYPE_DECL,,controllers/projectController.ts::program:ProjectController:<init>,METHOD,<lambda>18,41,controllers/projectController.ts,controllers/projectController.ts::program:ProjectController:<init>:<lambda>18,<empty>,ANY,false,260,<lambda>18,,,1
167503724627,TYPE_DECL,,controllers/projectController.ts::program:ProjectController,TYPE_DECL,<init>,0,controllers/projectController.ts,controllers/projectController.ts::program:ProjectController:<init>,<empty>,ANY,false,10,<init>,,,1
167503724628,TYPE_DECL,,controllers/projectController.ts:<global>,NAMESPACE_BLOCK,:program,0,controllers/projectController.ts,controllers/projectController.ts::program,<empty>,ANY,false,1,:program,,,1
167503724629,TYPE_DECL,,controllers/sonarQubeMaintainabilityController.ts::program,METHOD,<lambda>0,45,controllers/sonarQubeMaintainabilityController.ts,controllers/sonarQubeMaintainabilityController.ts::program:<lambda>0,<empty>,ANY,false,13,<lambda>0,,,1
167503724630,TYPE_DECL,,controllers/sonarQubeMaintainabilityController.ts::program,METHOD,<lambda>1,41,controllers/sonarQubeMaintainabilityController.ts,controllers/sonarQubeMaintainabilityController.ts::program:<lambda>1,<empty>,ANY,false,50,<lambda>1,,,1
167503724631,TYPE_DECL,,controllers/sonarQubeMaintainabilityController.ts::program,METHOD,<lambda>2,48,controllers/sonarQubeMaintainabilityController.ts,controllers/sonarQubeMaintainabilityController.ts::program:<lambda>2,<empty>,ANY,false,90,<lambda>2,,,1
167503724632,TYPE_DECL,,controllers/sonarQubeMaintainabilityController.ts:<global>,NAMESPACE_BLOCK,:program,0,controllers/sonarQubeMaintainabilityController.ts,controllers/sonarQubeMaintainabilityController.ts::program,<empty>,ANY,false,1,:program,,,1
167503724633,TYPE_DECL,,controllers/sonarQubeReliabilityController.ts::program,METHOD,<lambda>0,41,controllers/sonarQubeReliabilityController.ts,controllers/sonarQubeReliabilityController.ts::program:<lambda>0,<empty>,ANY,false,12,<lambda>0,,,1
167503724634,TYPE_DECL,,controllers/sonarQubeReliabilityController.ts::program,METHOD,<lambda>1,37,controllers/sonarQubeReliabilityController.ts,controllers/sonarQubeReliabilityController.ts::program:<lambda>1,<empty>,ANY,false,48,<lambda>1,,,1
167503724635,TYPE_DECL,,controllers/sonarQubeReliabilityController.ts::program,METHOD,<lambda>2,44,controllers/sonarQubeReliabilityController.ts,controllers/sonarQubeReliabilityController.ts::program:<lambda>2,<empty>,ANY,false,88,<lambda>2,,,1
167503724636,TYPE_DECL,,controllers/sonarQubeReliabilityController.ts:<global>,NAMESPACE_BLOCK,:program,0,controllers/sonarQubeReliabilityController.ts,controllers/sonarQubeReliabilityController.ts::program,<empty>,ANY,false,1,:program,,,1
167503724637,TYPE_DECL,,controllers/sonarQubeSecurityController.ts::program,METHOD,<lambda>0,38,controllers/sonarQubeSecurityController.ts,controllers/sonarQubeSecurityController.ts::program:<lambda>0,<empty>,ANY,false,12,<lambda>0,,,1
167503724638,TYPE_DECL,,controllers/sonarQubeSecurityController.ts::program,METHOD,<lambda>1,34,controllers/sonarQubeSecurityController.ts,controllers/sonarQubeSecurityController.ts::program:<lambda>1,<empty>,ANY,false,48,<lambda>1,,,1
167503724639,TYPE_DECL,,controllers/sonarQubeSecurityController.ts::program,METHOD,<lambda>2,41,controllers/sonarQubeSecurityController.ts,controllers/sonarQubeSecurityController.ts::program:<lambda>2,<empty>,ANY,false,88,<lambda>2,,,1
167503724640,TYPE_DECL,,controllers/sonarQubeSecurityController.ts:<global>,NAMESPACE_BLOCK,:program,0,controllers/sonarQubeSecurityController.ts,controllers/sonarQubeSecurityController.ts::program,<empty>,ANY,false,1,:program,,,1
167503724641,TYPE_DECL,,db/check-monthly-data.ts::program,METHOD,checkMonthlyData,0,db/check-monthly-data.ts,db/check-monthly-data.ts::program:checkMonthlyData,<empty>,ANY,false,5,checkMonthlyData,,,1
167503724642,TYPE_DECL,,db/check-monthly-data.ts:<global>,NAMESPACE_BLOCK,:program,0,db/check-monthly-data.ts,db/check-monthly-data.ts::program,<empty>,ANY,false,1,:program,,,1
167503724643,TYPE_DECL,,db/clear-and-repopulate-dora.ts::program,METHOD,clearAndRepopulateDoraMetrics,0,db/clear-and-repopulate-dora.ts,db/clear-and-repopulate-dora.ts::program:clearAndRepopulateDoraMetrics,<empty>,ANY,false,7,clearAndRepopulateDoraMetrics,,,1
167503724644,TYPE_DECL,,db/clear-and-repopulate-dora.ts:<global>,NAMESPACE_BLOCK,:program,0,db/clear-and-repopulate-dora.ts,db/clear-and-repopulate-dora.ts::program,<empty>,ANY,false,1,:program,,,1
167503724645,TYPE_DECL,,db/connection.ts::program:<lambda>0,METHOD,<lambda>1,21,db/connection.ts,db/connection.ts::program:<lambda>0:<lambda>1,<empty>,ANY,false,28,<lambda>1,,,1
167503724646,TYPE_DECL,,db/connection.ts::program,METHOD,<lambda>0,23,db/connection.ts,db/connection.ts::program:<lambda>0,<empty>,ANY,false,9,<lambda>0,,,1
167503724647,TYPE_DECL,,db/connection.ts::program,METHOD,<lambda>2,25,db/connection.ts,db/connection.ts::program:<lambda>2,<empty>,ANY,false,41,<lambda>2,,,1
167503724648,TYPE_DECL,,db/connection.ts::program,METHOD,<lambda>3,23,db/connection.ts,db/connection.ts::program:<lambda>3,<empty>,ANY,false,60,<lambda>3,,,1
167503724649,TYPE_DECL,,db/connection.ts:<global>,NAMESPACE_BLOCK,:program,0,db/connection.ts,db/connection.ts::program,<empty>,ANY,false,1,:program,,,1
167503724650,TYPE_DECL,,db/populate-dora-metrics.ts::program,METHOD,populateDoraMetrics,0,db/populate-dora-metrics.ts,db/populate-dora-metrics.ts::program:populateDoraMetrics,<empty>,ANY,false,7,populateDoraMetrics,,,1
167503724651,TYPE_DECL,,db/populate-dora-metrics.ts:<global>,NAMESPACE_BLOCK,:program,0,db/populate-dora-metrics.ts,db/populate-dora-metrics.ts::program,<empty>,ANY,false,1,:program,,,1
167503724652,TYPE_DECL,,db/queries.ts::program,METHOD,<lambda>0,32,db/queries.ts,db/queries.ts::program:<lambda>0,<empty>,ANY,false,11,<lambda>0,,,1
167503724653,TYPE_DECL,db/queries.ts::program:<lambda>1:<anon-class>0,db/queries.ts::program:<lambda>1,METHOD,"{
  id: number;
  name: string;
  full_path?: string;
  group_path?: string;
  members_count?: number;
  members?: any[];
  last_activity_at?: string;
  parent_id?: number;
  visibility?: string;
}",57,db/queries.ts,db/queries.ts::program:<lambda>1:<anon-class>1,<empty>,,false,35,<anon-class>1,,,-1
167503724654,TYPE_DECL,,db/queries.ts::program:<lambda>1,METHOD,"{
  id: number;
  name: string;
  full_path?: string;
  group_path?: string;
  members_count?: number;
  members?: any[];
  last_activity_at?: string;
  parent_id?: number;
  visibility?: string;
}",57,db/queries.ts,db/queries.ts::program:<lambda>1:<anon-class>0,<empty>,,false,35,<anon-class>0,,,1
167503724655,TYPE_DECL,,db/queries.ts::program,METHOD,<lambda>1,37,db/queries.ts,db/queries.ts::program:<lambda>1,<empty>,ANY,false,35,<lambda>1,,,1
167503724656,TYPE_DECL,,db/queries.ts::program,METHOD,<lambda>2,38,db/queries.ts,db/queries.ts::program:<lambda>2,<empty>,ANY,false,92,<lambda>2,,,1
167503724657,TYPE_DECL,,db/queries.ts::program,METHOD,<lambda>3,42,db/queries.ts,db/queries.ts::program:<lambda>3,<empty>,ANY,false,117,<lambda>3,,,1
167503724658,TYPE_DECL,,db/queries.ts::program,METHOD,<lambda>4,30,db/queries.ts,db/queries.ts::program:<lambda>4,<empty>,ANY,false,141,<lambda>4,,,1
167503724659,TYPE_DECL,,db/queries.ts::program,METHOD,<lambda>5,30,db/queries.ts,db/queries.ts::program:<lambda>5,<empty>,ANY,false,165,<lambda>5,,,1
167503724660,TYPE_DECL,,db/queries.ts::program,METHOD,<lambda>6,33,db/queries.ts,db/queries.ts::program:<lambda>6,<empty>,ANY,false,183,<lambda>6,,,1
167503724661,TYPE_DECL,,db/queries.ts::program,METHOD,<lambda>7,28,db/queries.ts,db/queries.ts::program:<lambda>7,<empty>,ANY,false,205,<lambda>7,,,1
167503724662,TYPE_DECL,,db/queries.ts::program,METHOD,<lambda>8,30,db/queries.ts,db/queries.ts::program:<lambda>8,<empty>,ANY,false,212,<lambda>8,,,1
167503724663,TYPE_DECL,,db/queries.ts::program,METHOD,<lambda>9,32,db/queries.ts,db/queries.ts::program:<lambda>9,<empty>,ANY,false,234,<lambda>9,,,1
167503724664,TYPE_DECL,,db/queries.ts::program:<lambda>10,METHOD,<lambda>11,27,db/queries.ts,db/queries.ts::program:<lambda>10:<lambda>11,<empty>,ANY,false,258,<lambda>11,,,1
167503724665,TYPE_DECL,,db/queries.ts::program,METHOD,<lambda>10,36,db/queries.ts,db/queries.ts::program:<lambda>10,<empty>,ANY,false,251,<lambda>10,,,1
167503724666,TYPE_DECL,db/queries.ts::program:<lambda>12:<anon-class>2,db/queries.ts::program:<lambda>12,METHOD,"{
  project_id: number;  // GitLab project ID
  description?: string;
  web_url?: string;
  open_issues?: number;
  open_mrs?: number;
  open_milestones_count?: number;
  sonar_project_key?: string;
  sonar_security_high?: number;
  sonar_security_blocker?: number;
  sonar_reliability_high?: number;
  sonar_reliability_blocker?: number;
  sonar_maintainability_high?: number;
  sonar_maintainability_blocker?: number;
}",58,db/queries.ts,db/queries.ts::program:<lambda>12:<anon-class>3,<empty>,,false,273,<anon-class>3,,,-1
167503724667,TYPE_DECL,,db/queries.ts::program:<lambda>12,METHOD,"{
  project_id: number;  // GitLab project ID
  description?: string;
  web_url?: string;
  open_issues?: number;
  open_mrs?: number;
  open_milestones_count?: number;
  sonar_project_key?: string;
  sonar_security_high?: number;
  sonar_security_blocker?: number;
  sonar_reliability_high?: number;
  sonar_reliability_blocker?: number;
  sonar_maintainability_high?: number;
  sonar_maintainability_blocker?: number;
}",58,db/queries.ts,db/queries.ts::program:<lambda>12:<anon-class>2,<empty>,,false,273,<anon-class>2,,,1
167503724668,TYPE_DECL,,db/queries.ts::program,METHOD,<lambda>12,37,db/queries.ts,db/queries.ts::program:<lambda>12,<empty>,ANY,false,273,<lambda>12,,,1
167503724669,TYPE_DECL,,db/queries.ts::program,METHOD,<lambda>13,52,db/queries.ts,db/queries.ts::program:<lambda>13,<empty>,ANY,false,336,<lambda>13,,,1
167503724670,TYPE_DECL,,db/queries.ts::program,METHOD,<lambda>14,35,db/queries.ts,db/queries.ts::program:<lambda>14,<empty>,ANY,false,385,<lambda>14,,,1
167503724671,TYPE_DECL,,db/queries.ts::program,METHOD,<lambda>15,46,db/queries.ts,db/queries.ts::program:<lambda>15,<empty>,ANY,false,425,<lambda>15,,,1
167503724672,TYPE_DECL,,db/queries.ts::program,METHOD,<lambda>16,35,db/queries.ts,db/queries.ts::program:<lambda>16,<empty>,ANY,false,493,<lambda>16,,,1
167503724673,TYPE_DECL,,db/queries.ts::program,METHOD,<lambda>17,40,db/queries.ts,db/queries.ts::program:<lambda>17,<empty>,ANY,false,536,<lambda>17,,,1
167503724674,TYPE_DECL,,db/queries.ts::program,METHOD,<lambda>18,41,db/queries.ts,db/queries.ts::program:<lambda>18,<empty>,ANY,false,568,<lambda>18,,,1
167503724675,TYPE_DECL,,db/queries.ts::program,METHOD,<lambda>19,45,db/queries.ts,db/queries.ts::program:<lambda>19,<empty>,ANY,false,598,<lambda>19,,,1
167503724676,TYPE_DECL,,db/queries.ts::program,METHOD,<lambda>20,42,db/queries.ts,db/queries.ts::program:<lambda>20,<empty>,ANY,false,628,<lambda>20,,,1
167503724677,TYPE_DECL,,db/queries.ts::program,METHOD,<lambda>21,43,db/queries.ts,db/queries.ts::program:<lambda>21,<empty>,ANY,false,662,<lambda>21,,,1
167503724678,TYPE_DECL,,db/queries.ts::program,METHOD,<lambda>22,37,db/queries.ts,db/queries.ts::program:<lambda>22,<empty>,ANY,false,699,<lambda>22,,,1
167503724679,TYPE_DECL,,db/queries.ts::program,METHOD,<lambda>23,39,db/queries.ts,db/queries.ts::program:<lambda>23,<empty>,ANY,false,714,<lambda>23,,,1
167503724680,TYPE_DECL,,db/queries.ts::program,METHOD,<lambda>24,39,db/queries.ts,db/queries.ts::program:<lambda>24,<empty>,ANY,false,729,<lambda>24,,,1
167503724681,TYPE_DECL,,db/queries.ts::program,METHOD,<lambda>25,43,db/queries.ts,db/queries.ts::program:<lambda>25,<empty>,ANY,false,764,<lambda>25,,,1
167503724682,TYPE_DECL,,db/queries.ts:<global>,NAMESPACE_BLOCK,:program,0,db/queries.ts,db/queries.ts::program,<empty>,ANY,false,1,:program,,,1
167503724683,TYPE_DECL,,index.ts::program,METHOD,<lambda>0,13,index.ts,index.ts::program:<lambda>0,<empty>,ANY,false,39,<lambda>0,,,1
167503724684,TYPE_DECL,,index.ts::program,METHOD,<lambda>1,8,index.ts,index.ts::program:<lambda>1,<empty>,ANY,false,48,<lambda>1,,,1
167503724685,TYPE_DECL,,index.ts::program:<lambda>2,METHOD,<lambda>3,21,index.ts,index.ts::program:<lambda>2:<lambda>3,<empty>,ANY,false,81,<lambda>3,,,1
167503724686,TYPE_DECL,,index.ts::program,METHOD,<lambda>2,20,index.ts,index.ts::program:<lambda>2,<empty>,ANY,false,60,<lambda>2,,,1
167503724687,TYPE_DECL,,index.ts:<global>,NAMESPACE_BLOCK,:program,0,index.ts,index.ts::program,<empty>,ANY,false,1,:program,,,1
167503724688,TYPE_DECL,,middleware/errorHandler.ts::program,METHOD,<lambda>0,28,middleware/errorHandler.ts,middleware/errorHandler.ts::program:<lambda>0,<empty>,ANY,false,4,<lambda>0,,,1
167503724689,TYPE_DECL,,middleware/errorHandler.ts:<global>,NAMESPACE_BLOCK,:program,0,middleware/errorHandler.ts,middleware/errorHandler.ts::program,<empty>,ANY,false,1,:program,,,1
167503724690,TYPE_DECL,,routes/doraMetricsRoutes.ts:<global>,NAMESPACE_BLOCK,:program,0,routes/doraMetricsRoutes.ts,routes/doraMetricsRoutes.ts::program,<empty>,ANY,false,1,:program,,,1
167503724691,TYPE_DECL,,routes/index.ts::program,METHOD,<lambda>0,22,routes/index.ts,routes/index.ts::program:<lambda>0,<empty>,ANY,false,19,<lambda>0,,,1
167503724692,TYPE_DECL,,routes/index.ts::program,METHOD,<lambda>1,29,routes/index.ts,routes/index.ts::program:<lambda>1,<empty>,ANY,false,24,<lambda>1,,,1
167503724693,TYPE_DECL,,routes/index.ts:<global>,NAMESPACE_BLOCK,:program,0,routes/index.ts,routes/index.ts::program,<empty>,ANY,false,1,:program,,,1
167503724694,TYPE_DECL,,routes/trackingRoutes.ts:<global>,NAMESPACE_BLOCK,:program,0,routes/trackingRoutes.ts,routes/trackingRoutes.ts::program,<empty>,ANY,false,1,:program,,,1
167503724695,TYPE_DECL,,schedulers/weeklyDoraSnapshotScheduler.ts::program:<lambda>0,METHOD,<lambda>1,31,schedulers/weeklyDoraSnapshotScheduler.ts,schedulers/weeklyDoraSnapshotScheduler.ts::program:<lambda>0:<lambda>1,<empty>,ANY,false,20,<lambda>1,,,1
167503724696,TYPE_DECL,,schedulers/weeklyDoraSnapshotScheduler.ts::program,METHOD,<lambda>0,47,schedulers/weeklyDoraSnapshotScheduler.ts,schedulers/weeklyDoraSnapshotScheduler.ts::program:<lambda>0,<empty>,ANY,false,11,<lambda>0,,,1
167503724697,TYPE_DECL,,schedulers/weeklyDoraSnapshotScheduler.ts:<global>,NAMESPACE_BLOCK,:program,0,schedulers/weeklyDoraSnapshotScheduler.ts,schedulers/weeklyDoraSnapshotScheduler.ts::program,<empty>,ANY,false,1,:program,,,1
167503724698,TYPE_DECL,,services/ai/geminiService.ts::program,METHOD,class GeminiService,0,services/ai/geminiService.ts,services/ai/geminiService.ts::program:GeminiService,<empty>,,false,6,GeminiService,,,-1
167503724699,TYPE_DECL,,services/ai/geminiService.ts::program:GeminiService,TYPE_DECL,<init>,0,services/ai/geminiService.ts,services/ai/geminiService.ts::program:GeminiService:<init>,<empty>,ANY,false,6,<init>,,,1
167503724700,TYPE_DECL,,services/ai/geminiService.ts::program:GeminiService,TYPE_DECL,initialize,2,services/ai/geminiService.ts,services/ai/geminiService.ts::program:GeminiService:initialize,<empty>,ANY,false,13,initialize,,,1
167503724701,TYPE_DECL,,services/ai/geminiService.ts::program:GeminiService:generateTextResponse,METHOD,<lambda>0,28,services/ai/geminiService.ts,services/ai/geminiService.ts::program:GeminiService:generateTextResponse:<lambda>0,<empty>,ANY,false,53,<lambda>0,,,1
167503724702,TYPE_DECL,,services/ai/geminiService.ts::program:GeminiService,TYPE_DECL,generateTextResponse,2,services/ai/geminiService.ts,services/ai/geminiService.ts::program:GeminiService:generateTextResponse,<empty>,ANY,false,29,generateTextResponse,,,1
167503724703,TYPE_DECL,,services/ai/geminiService.ts::program:GeminiService,TYPE_DECL,generateResponseWithFile,2,services/ai/geminiService.ts,services/ai/geminiService.ts::program:GeminiService:generateResponseWithFile,<empty>,ANY,false,70,generateResponseWithFile,,,1
167503724704,TYPE_DECL,services/ai/geminiService.ts::program:GeminiService:extractProjectNameFromExcel:<anon-class>0,services/ai/geminiService.ts::program:GeminiService:extractProjectNameFromExcel,METHOD,{ [key: string]: any[] },46,services/ai/geminiService.ts,services/ai/geminiService.ts::program:GeminiService:extractProjectNameFromExcel:<anon-class>1,<empty>,,false,105,<anon-class>1,,,-1
167503724705,TYPE_DECL,,services/ai/geminiService.ts::program:GeminiService:extractProjectNameFromExcel,METHOD,{ [key: string]: any[] },46,services/ai/geminiService.ts,services/ai/geminiService.ts::program:GeminiService:extractProjectNameFromExcel:<anon-class>0,<empty>,,false,105,<anon-class>0,,,1
167503724706,TYPE_DECL,,services/ai/geminiService.ts::program:GeminiService,TYPE_DECL,extractProjectNameFromExcel,2,services/ai/geminiService.ts,services/ai/geminiService.ts::program:GeminiService:extractProjectNameFromExcel,<empty>,ANY,false,105,extractProjectNameFromExcel,,,1
167503724707,TYPE_DECL,,services/ai/geminiService.ts::program:GeminiService,TYPE_DECL,fetchProjectSnapshot,2,services/ai/geminiService.ts,services/ai/geminiService.ts::program:GeminiService:fetchProjectSnapshot,<empty>,ANY,false,127,fetchProjectSnapshot,,,1
167503724708,TYPE_DECL,services/ai/geminiService.ts::program:GeminiService:buildEnhancedPrompt:<anon-class>2,services/ai/geminiService.ts::program:GeminiService:buildEnhancedPrompt,METHOD,{ [key: string]: any[] },12,services/ai/geminiService.ts,services/ai/geminiService.ts::program:GeminiService:buildEnhancedPrompt:<anon-class>3,<empty>,,false,153,<anon-class>3,,,-1
167503724709,TYPE_DECL,,services/ai/geminiService.ts::program:GeminiService:buildEnhancedPrompt,METHOD,{ [key: string]: any[] },12,services/ai/geminiService.ts,services/ai/geminiService.ts::program:GeminiService:buildEnhancedPrompt:<anon-class>2,<empty>,,false,153,<anon-class>2,,,1
167503724710,TYPE_DECL,,services/ai/geminiService.ts::program:GeminiService,TYPE_DECL,buildEnhancedPrompt,2,services/ai/geminiService.ts,services/ai/geminiService.ts::program:GeminiService:buildEnhancedPrompt,<empty>,ANY,false,151,buildEnhancedPrompt,,,1
167503724711,TYPE_DECL,,services/ai/geminiService.ts::program:GeminiService:generateResponseWithExcel,METHOD,<lambda>1,34,services/ai/geminiService.ts,services/ai/geminiService.ts::program:GeminiService:generateResponseWithExcel:<lambda>1,<empty>,ANY,false,216,<lambda>1,,,1
167503724712,TYPE_DECL,,services/ai/geminiService.ts::program:GeminiService,TYPE_DECL,generateResponseWithExcel,2,services/ai/geminiService.ts,services/ai/geminiService.ts::program:GeminiService:generateResponseWithExcel,<empty>,ANY,false,199,generateResponseWithExcel,,,1
167503724713,TYPE_DECL,,services/ai/geminiService.ts::program:GeminiService,TYPE_DECL,generateResponseWithPDF,2,services/ai/geminiService.ts,services/ai/geminiService.ts::program:GeminiService:generateResponseWithPDF,<empty>,ANY,false,250,generateResponseWithPDF,,,1
167503724714,TYPE_DECL,,services/ai/geminiService.ts::program:GeminiService,TYPE_DECL,isConfigured,2,services/ai/geminiService.ts,services/ai/geminiService.ts::program:GeminiService:isConfigured,<empty>,ANY,false,261,isConfigured,,,1
167503724715,TYPE_DECL,,services/ai/geminiService.ts:<global>,NAMESPACE_BLOCK,:program,0,services/ai/geminiService.ts,services/ai/geminiService.ts::program,<empty>,ANY,false,1,:program,,,1
167503724716,TYPE_DECL,,services/ai/googleSheetsService.ts::program,METHOD,class GoogleSheetsService,0,services/ai/googleSheetsService.ts,services/ai/googleSheetsService.ts::program:GoogleSheetsService,<empty>,,false,4,GoogleSheetsService,,,-1
167503724717,TYPE_DECL,,services/ai/googleSheetsService.ts::program:GoogleSheetsService,TYPE_DECL,<init>,0,services/ai/googleSheetsService.ts,services/ai/googleSheetsService.ts::program:GoogleSheetsService:<init>,<empty>,ANY,false,4,<init>,,,1
167503724718,TYPE_DECL,,services/ai/googleSheetsService.ts::program:GoogleSheetsService,TYPE_DECL,extractSpreadsheetId,2,services/ai/googleSheetsService.ts,services/ai/googleSheetsService.ts::program:GoogleSheetsService:extractSpreadsheetId,<empty>,ANY,false,10,extractSpreadsheetId,,,1
167503724719,TYPE_DECL,,services/ai/googleSheetsService.ts::program:GoogleSheetsService,TYPE_DECL,downloadAsExcel,2,services/ai/googleSheetsService.ts,services/ai/googleSheetsService.ts::program:GoogleSheetsService:downloadAsExcel,<empty>,ANY,false,23,downloadAsExcel,,,1
167503724720,TYPE_DECL,,services/ai/googleSheetsService.ts:<global>,NAMESPACE_BLOCK,:program,0,services/ai/googleSheetsService.ts,services/ai/googleSheetsService.ts::program,<empty>,ANY,false,1,:program,,,1
167503724721,TYPE_DECL,,services/ai/insightsParser.ts::program,METHOD,<lambda>0,28,services/ai/insightsParser.ts,services/ai/insightsParser.ts::program:<lambda>0,<empty>,ANY,false,6,<lambda>0,,,1
167503724722,TYPE_DECL,,services/ai/insightsParser.ts::program,METHOD,<lambda>1,24,services/ai/insightsParser.ts,services/ai/insightsParser.ts::program:<lambda>1,<empty>,ANY,false,50,<lambda>1,,,1
167503724723,TYPE_DECL,,services/ai/insightsParser.ts::program:<lambda>2,METHOD,<lambda>3,56,services/ai/insightsParser.ts,services/ai/insightsParser.ts::program:<lambda>2:<lambda>3,<empty>,ANY,false,110,<lambda>3,,,1
167503724724,TYPE_DECL,,services/ai/insightsParser.ts::program,METHOD,<lambda>2,39,services/ai/insightsParser.ts,services/ai/insightsParser.ts::program:<lambda>2,<empty>,ANY,false,63,<lambda>2,,,1
167503724725,TYPE_DECL,,services/ai/insightsParser.ts:<global>,NAMESPACE_BLOCK,:program,0,services/ai/insightsParser.ts,services/ai/insightsParser.ts::program,<empty>,ANY,false,1,:program,,,1
167503724726,TYPE_DECL,,services/ai/projectInsightsService.ts::program,METHOD,class ProjectInsightsService,0,services/ai/projectInsightsService.ts,services/ai/projectInsightsService.ts::program:ProjectInsightsService,<empty>,,false,9,ProjectInsightsService,,,-1
167503724727,TYPE_DECL,,services/ai/projectInsightsService.ts::program:ProjectInsightsService,TYPE_DECL,<init>,0,services/ai/projectInsightsService.ts,services/ai/projectInsightsService.ts::program:ProjectInsightsService:<init>,<empty>,ANY,false,9,<init>,,,1
167503724728,TYPE_DECL,,services/ai/projectInsightsService.ts::program:ProjectInsightsService,TYPE_DECL,loadPrompt,2,services/ai/projectInsightsService.ts,services/ai/projectInsightsService.ts::program:ProjectInsightsService:loadPrompt,<empty>,ANY,false,16,loadPrompt,,,1
167503724729,TYPE_DECL,services/ai/projectInsightsService.ts::program:ProjectInsightsService:extractProjectRow:<anon-class>0,services/ai/projectInsightsService.ts::program:ProjectInsightsService:extractProjectRow,METHOD,{ [key: string]: any[] },12,services/ai/projectInsightsService.ts,services/ai/projectInsightsService.ts::program:ProjectInsightsService:extractProjectRow:<anon-class>1,<empty>,,false,33,<anon-class>1,,,-1
167503724730,TYPE_DECL,,services/ai/projectInsightsService.ts::program:ProjectInsightsService:extractProjectRow,METHOD,{ [key: string]: any[] },12,services/ai/projectInsightsService.ts,services/ai/projectInsightsService.ts::program:ProjectInsightsService:extractProjectRow:<anon-class>0,<empty>,,false,33,<anon-class>0,,,1
167503724731,TYPE_DECL,,services/ai/projectInsightsService.ts::program:ProjectInsightsService,TYPE_DECL,extractProjectRow,2,services/ai/projectInsightsService.ts,services/ai/projectInsightsService.ts::program:ProjectInsightsService:extractProjectRow,<empty>,ANY,false,32,extractProjectRow,,,1
167503724732,TYPE_DECL,,services/ai/projectInsightsService.ts::program:ProjectInsightsService,TYPE_DECL,buildInsightsPrompt,2,services/ai/projectInsightsService.ts,services/ai/projectInsightsService.ts::program:ProjectInsightsService:buildInsightsPrompt,<empty>,ANY,false,67,buildInsightsPrompt,,,1
167503724733,TYPE_DECL,,services/ai/projectInsightsService.ts::program:ProjectInsightsService:generateInsights,METHOD,<lambda>0,34,services/ai/projectInsightsService.ts,services/ai/projectInsightsService.ts::program:ProjectInsightsService:generateInsights:<lambda>0,<empty>,ANY,false,133,<lambda>0,,,1
167503724734,TYPE_DECL,,services/ai/projectInsightsService.ts::program:ProjectInsightsService,TYPE_DECL,generateInsights,2,services/ai/projectInsightsService.ts,services/ai/projectInsightsService.ts::program:ProjectInsightsService:generateInsights,<empty>,ANY,false,118,generateInsights,,,1
167503724735,TYPE_DECL,,services/ai/projectInsightsService.ts:<global>,NAMESPACE_BLOCK,:program,0,services/ai/projectInsightsService.ts,services/ai/projectInsightsService.ts::program,<empty>,ANY,false,1,:program,,,1
167503724736,TYPE_DECL,,services/commitMetrics/commitMetricsCalculationService.ts::program,METHOD,class CommitMetricsCalculationService,0,services/commitMetrics/commitMetricsCalculationService.ts,services/commitMetrics/commitMetricsCalculationService.ts::program:CommitMetricsCalculationService,<empty>,,false,7,CommitMetricsCalculationService,,,-1
167503724737,TYPE_DECL,,services/commitMetrics/commitMetricsCalculationService.ts::program:CommitMetricsCalculationService,TYPE_DECL,<init>,0,services/commitMetrics/commitMetricsCalculationService.ts,services/commitMetrics/commitMetricsCalculationService.ts::program:CommitMetricsCalculationService:<init>,<empty>,ANY,false,7,<init>,,,1
167503724738,TYPE_DECL,,services/commitMetrics/commitMetricsCalculationService.ts::program:CommitMetricsCalculationService:calculateMetrics,METHOD,<lambda>0,59,services/commitMetrics/commitMetricsCalculationService.ts,services/commitMetrics/commitMetricsCalculationService.ts::program:CommitMetricsCalculationService:calculateMetrics:<lambda>0,<empty>,ANY,false,34,<lambda>0,,,1
167503724739,TYPE_DECL,,services/commitMetrics/commitMetricsCalculationService.ts::program:CommitMetricsCalculationService,TYPE_DECL,calculateMetrics,2,services/commitMetrics/commitMetricsCalculationService.ts,services/commitMetrics/commitMetricsCalculationService.ts::program:CommitMetricsCalculationService:calculateMetrics,<empty>,ANY,false,12,calculateMetrics,,,1
167503724740,TYPE_DECL,,services/commitMetrics/commitMetricsCalculationService.ts::program:CommitMetricsCalculationService:calculateAvgCommitSize,METHOD,<lambda>1,20,services/commitMetrics/commitMetricsCalculationService.ts,services/commitMetrics/commitMetricsCalculationService.ts::program:CommitMetricsCalculationService:calculateAvgCommitSize:<lambda>1,<empty>,ANY,false,65,<lambda>1,,,1
167503724741,TYPE_DECL,,services/commitMetrics/commitMetricsCalculationService.ts::program:CommitMetricsCalculationService,TYPE_DECL,calculateAvgCommitSize,2,services/commitMetrics/commitMetricsCalculationService.ts,services/commitMetrics/commitMetricsCalculationService.ts::program:CommitMetricsCalculationService:calculateAvgCommitSize,<empty>,ANY,false,61,calculateAvgCommitSize,,,1
167503724742,TYPE_DECL,,services/commitMetrics/commitMetricsCalculationService.ts::program:CommitMetricsCalculationService:calculateLinesAddedDeleted,METHOD,<lambda>2,20,services/commitMetrics/commitMetricsCalculationService.ts,services/commitMetrics/commitMetricsCalculationService.ts::program:CommitMetricsCalculationService:calculateLinesAddedDeleted:<lambda>2,<empty>,ANY,false,94,<lambda>2,,,1
167503724743,TYPE_DECL,,services/commitMetrics/commitMetricsCalculationService.ts::program:CommitMetricsCalculationService,TYPE_DECL,calculateLinesAddedDeleted,2,services/commitMetrics/commitMetricsCalculationService.ts,services/commitMetrics/commitMetricsCalculationService.ts::program:CommitMetricsCalculationService:calculateLinesAddedDeleted,<empty>,ANY,false,90,calculateLinesAddedDeleted,,,1
167503724744,TYPE_DECL,,services/commitMetrics/commitMetricsCalculationService.ts::program:CommitMetricsCalculationService:calculateBusFactor,METHOD,<lambda>3,20,services/commitMetrics/commitMetricsCalculationService.ts,services/commitMetrics/commitMetricsCalculationService.ts::program:CommitMetricsCalculationService:calculateBusFactor:<lambda>3,<empty>,ANY,false,121,<lambda>3,,,1
167503724745,TYPE_DECL,,services/commitMetrics/commitMetricsCalculationService.ts::program:CommitMetricsCalculationService:calculateBusFactor,METHOD,<lambda>4,6,services/commitMetrics/commitMetricsCalculationService.ts,services/commitMetrics/commitMetricsCalculationService.ts::program:CommitMetricsCalculationService:calculateBusFactor:<lambda>4,<empty>,ANY,false,151,<lambda>4,,,1
167503724746,TYPE_DECL,,services/commitMetrics/commitMetricsCalculationService.ts::program:CommitMetricsCalculationService,TYPE_DECL,calculateBusFactor,2,services/commitMetrics/commitMetricsCalculationService.ts,services/commitMetrics/commitMetricsCalculationService.ts::program:CommitMetricsCalculationService:calculateBusFactor,<empty>,ANY,false,117,calculateBusFactor,,,1
167503724747,TYPE_DECL,,services/commitMetrics/commitMetricsCalculationService.ts:<global>,NAMESPACE_BLOCK,:program,0,services/commitMetrics/commitMetricsCalculationService.ts,services/commitMetrics/commitMetricsCalculationService.ts::program,<empty>,ANY,false,1,:program,,,1
167503724748,TYPE_DECL,,services/commitMetrics/commitMetricsDbService.ts::program,METHOD,class CommitMetricsDbService,0,services/commitMetrics/commitMetricsDbService.ts,services/commitMetrics/commitMetricsDbService.ts::program:CommitMetricsDbService,<empty>,,false,9,CommitMetricsDbService,,,-1
167503724749,TYPE_DECL,,services/commitMetrics/commitMetricsDbService.ts::program:CommitMetricsDbService,TYPE_DECL,<init>,0,services/commitMetrics/commitMetricsDbService.ts,services/commitMetrics/commitMetricsDbService.ts::program:CommitMetricsDbService:<init>,<empty>,ANY,false,9,<init>,,,1
167503724750,TYPE_DECL,,services/commitMetrics/commitMetricsDbService.ts::program:CommitMetricsDbService,TYPE_DECL,saveMetrics,2,services/commitMetrics/commitMetricsDbService.ts,services/commitMetrics/commitMetricsDbService.ts::program:CommitMetricsDbService:saveMetrics,<empty>,ANY,false,14,saveMetrics,,,1
167503724751,TYPE_DECL,,services/commitMetrics/commitMetricsDbService.ts::program:CommitMetricsDbService,TYPE_DECL,saveHistoricalSnapshot,2,services/commitMetrics/commitMetricsDbService.ts,services/commitMetrics/commitMetricsDbService.ts::program:CommitMetricsDbService:saveHistoricalSnapshot,<empty>,ANY,false,72,saveHistoricalSnapshot,,,1
167503724752,TYPE_DECL,,services/commitMetrics/commitMetricsDbService.ts::program:CommitMetricsDbService,TYPE_DECL,getMetrics,2,services/commitMetrics/commitMetricsDbService.ts,services/commitMetrics/commitMetricsDbService.ts::program:CommitMetricsDbService:getMetrics,<empty>,ANY,false,128,getMetrics,,,1
167503724753,TYPE_DECL,,services/commitMetrics/commitMetricsDbService.ts::program:CommitMetricsDbService,TYPE_DECL,getAllMetrics,2,services/commitMetrics/commitMetricsDbService.ts,services/commitMetrics/commitMetricsDbService.ts::program:CommitMetricsDbService:getAllMetrics,<empty>,ANY,false,148,getAllMetrics,,,1
167503724754,TYPE_DECL,,services/commitMetrics/commitMetricsDbService.ts::program:CommitMetricsDbService,TYPE_DECL,getMetricsHistory,2,services/commitMetrics/commitMetricsDbService.ts,services/commitMetrics/commitMetricsDbService.ts::program:CommitMetricsDbService:getMetricsHistory,<empty>,ANY,false,167,getMetricsHistory,,,1
167503724755,TYPE_DECL,,services/commitMetrics/commitMetricsDbService.ts::program:CommitMetricsDbService,TYPE_DECL,deleteMetrics,2,services/commitMetrics/commitMetricsDbService.ts,services/commitMetrics/commitMetricsDbService.ts::program:CommitMetricsDbService:deleteMetrics,<empty>,ANY,false,190,deleteMetrics,,,1
167503724756,TYPE_DECL,,services/commitMetrics/commitMetricsDbService.ts:<global>,NAMESPACE_BLOCK,:program,0,services/commitMetrics/commitMetricsDbService.ts,services/commitMetrics/commitMetricsDbService.ts::program,<empty>,ANY,false,1,:program,,,1
167503724757,TYPE_DECL,,services/commitMetrics/commitMetricsSyncService.ts::program,METHOD,class CommitMetricsSyncService,0,services/commitMetrics/commitMetricsSyncService.ts,services/commitMetrics/commitMetricsSyncService.ts::program:CommitMetricsSyncService,<empty>,,false,10,CommitMetricsSyncService,,,-1
167503724758,TYPE_DECL,,services/commitMetrics/commitMetricsSyncService.ts::program:CommitMetricsSyncService,TYPE_DECL,<init>,0,services/commitMetrics/commitMetricsSyncService.ts,services/commitMetrics/commitMetricsSyncService.ts::program:CommitMetricsSyncService:<init>,<empty>,ANY,false,10,<init>,,,1
167503724759,TYPE_DECL,,services/commitMetrics/commitMetricsSyncService.ts::program:CommitMetricsSyncService,TYPE_DECL,syncCommitMetrics,2,services/commitMetrics/commitMetricsSyncService.ts,services/commitMetrics/commitMetricsSyncService.ts::program:CommitMetricsSyncService:syncCommitMetrics,<empty>,ANY,false,15,syncCommitMetrics,,,1
167503724760,TYPE_DECL,,services/commitMetrics/commitMetricsSyncService.ts::program:CommitMetricsSyncService,TYPE_DECL,fetchGitLabData,2,services/commitMetrics/commitMetricsSyncService.ts,services/commitMetrics/commitMetricsSyncService.ts::program:CommitMetricsSyncService:fetchGitLabData,<empty>,ANY,false,55,fetchGitLabData,,,1
167503724761,TYPE_DECL,,services/commitMetrics/commitMetricsSyncService.ts:<global>,NAMESPACE_BLOCK,:program,0,services/commitMetrics/commitMetricsSyncService.ts,services/commitMetrics/commitMetricsSyncService.ts::program,<empty>,ANY,false,1,:program,,,1
167503724762,TYPE_DECL,,services/doraMetrics/doraMetricsCalculationService.ts::program,METHOD,<lambda>0,43,services/doraMetrics/doraMetricsCalculationService.ts,services/doraMetrics/doraMetricsCalculationService.ts::program:<lambda>0,<empty>,ANY,false,12,<lambda>0,,,1
167503724763,TYPE_DECL,,services/doraMetrics/doraMetricsCalculationService.ts:<global>,NAMESPACE_BLOCK,:program,0,services/doraMetrics/doraMetricsCalculationService.ts,services/doraMetrics/doraMetricsCalculationService.ts::program,<empty>,ANY,false,1,:program,,,1
167503724764,TYPE_DECL,,services/doraMetrics/doraMetricsDbService.ts::program,METHOD,<lambda>0,39,services/doraMetrics/doraMetricsDbService.ts,services/doraMetrics/doraMetricsDbService.ts::program:<lambda>0,<empty>,ANY,false,19,<lambda>0,,,1
167503724765,TYPE_DECL,,services/doraMetrics/doraMetricsDbService.ts::program,METHOD,<lambda>1,34,services/doraMetrics/doraMetricsDbService.ts,services/doraMetrics/doraMetricsDbService.ts::program:<lambda>1,<empty>,ANY,false,51,<lambda>1,,,1
167503724766,TYPE_DECL,,services/doraMetrics/doraMetricsDbService.ts::program,METHOD,<lambda>2,37,services/doraMetrics/doraMetricsDbService.ts,services/doraMetrics/doraMetricsDbService.ts::program:<lambda>2,<empty>,ANY,false,87,<lambda>2,,,1
167503724767,TYPE_DECL,,services/doraMetrics/doraMetricsDbService.ts::program,METHOD,<lambda>3,40,services/doraMetrics/doraMetricsDbService.ts,services/doraMetrics/doraMetricsDbService.ts::program:<lambda>3,<empty>,ANY,false,119,<lambda>3,,,1
167503724768,TYPE_DECL,,services/doraMetrics/doraMetricsDbService.ts::program,METHOD,<lambda>4,47,services/doraMetrics/doraMetricsDbService.ts,services/doraMetrics/doraMetricsDbService.ts::program:<lambda>4,<empty>,ANY,false,157,<lambda>4,,,1
167503724769,TYPE_DECL,,services/doraMetrics/doraMetricsDbService.ts::program,METHOD,<lambda>5,43,services/doraMetrics/doraMetricsDbService.ts,services/doraMetrics/doraMetricsDbService.ts::program:<lambda>5,<empty>,ANY,false,177,<lambda>5,,,1
167503724770,TYPE_DECL,,services/doraMetrics/doraMetricsDbService.ts::program,METHOD,<lambda>6,45,services/doraMetrics/doraMetricsDbService.ts,services/doraMetrics/doraMetricsDbService.ts::program:<lambda>6,<empty>,ANY,false,197,<lambda>6,,,1
167503724771,TYPE_DECL,,services/doraMetrics/doraMetricsDbService.ts::program,METHOD,<lambda>7,48,services/doraMetrics/doraMetricsDbService.ts,services/doraMetrics/doraMetricsDbService.ts::program:<lambda>7,<empty>,ANY,false,217,<lambda>7,,,1
167503724772,TYPE_DECL,,services/doraMetrics/doraMetricsDbService.ts::program,METHOD,<lambda>8,43,services/doraMetrics/doraMetricsDbService.ts,services/doraMetrics/doraMetricsDbService.ts::program:<lambda>8,<empty>,ANY,false,237,<lambda>8,,,1
167503724773,TYPE_DECL,,services/doraMetrics/doraMetricsDbService.ts::program,METHOD,<lambda>9,41,services/doraMetrics/doraMetricsDbService.ts,services/doraMetrics/doraMetricsDbService.ts::program:<lambda>9,<empty>,ANY,false,259,<lambda>9,,,1
167503724774,TYPE_DECL,,services/doraMetrics/doraMetricsDbService.ts::program,METHOD,<lambda>10,36,services/doraMetrics/doraMetricsDbService.ts,services/doraMetrics/doraMetricsDbService.ts::program:<lambda>10,<empty>,ANY,false,268,<lambda>10,,,1
167503724775,TYPE_DECL,,services/doraMetrics/doraMetricsDbService.ts::program,METHOD,<lambda>11,39,services/doraMetrics/doraMetricsDbService.ts,services/doraMetrics/doraMetricsDbService.ts::program:<lambda>11,<empty>,ANY,false,277,<lambda>11,,,1
167503724776,TYPE_DECL,,services/doraMetrics/doraMetricsDbService.ts::program,METHOD,<lambda>12,42,services/doraMetrics/doraMetricsDbService.ts,services/doraMetrics/doraMetricsDbService.ts::program:<lambda>12,<empty>,ANY,false,286,<lambda>12,,,1
167503724777,TYPE_DECL,,services/doraMetrics/doraMetricsDbService.ts:<global>,NAMESPACE_BLOCK,:program,0,services/doraMetrics/doraMetricsDbService.ts,services/doraMetrics/doraMetricsDbService.ts::program,<empty>,ANY,false,1,:program,,,1
167503724778,TYPE_DECL,,services/doraMetrics/doraTrendsService.ts::program,METHOD,calculateTrend,0,services/doraMetrics/doraTrendsService.ts,services/doraMetrics/doraTrendsService.ts::program:calculateTrend,<empty>,ANY,false,52,calculateTrend,,,1
167503724779,TYPE_DECL,,services/doraMetrics/doraTrendsService.ts::program:DoraTrendDataPoint,TYPE_DECL,<init>,7,services/doraMetrics/doraTrendsService.ts,services/doraMetrics/doraTrendsService.ts::program:DoraTrendDataPoint:<init>,<empty>,ANY,false,6,<init>,,,1
167503724780,TYPE_DECL,,services/doraMetrics/doraTrendsService.ts::program,METHOD,interface DoraTrendDataPoint,7,services/doraMetrics/doraTrendsService.ts,services/doraMetrics/doraTrendsService.ts::program:DoraTrendDataPoint,<empty>,,false,6,DoraTrendDataPoint,,,1
167503724781,TYPE_DECL,,services/doraMetrics/doraTrendsService.ts::program:DoraTrendResponse,TYPE_DECL,<init>,7,services/doraMetrics/doraTrendsService.ts,services/doraMetrics/doraTrendsService.ts::program:DoraTrendResponse:<init>,<empty>,ANY,false,18,<init>,,,1
167503724782,TYPE_DECL,,services/doraMetrics/doraTrendsService.ts::program,METHOD,interface DoraTrendResponse,7,services/doraMetrics/doraTrendsService.ts,services/doraMetrics/doraTrendsService.ts::program:DoraTrendResponse,<empty>,,false,18,DoraTrendResponse,,,1
167503724783,TYPE_DECL,,services/doraMetrics/doraTrendsService.ts::program:<lambda>0,METHOD,<lambda>1,32,services/doraMetrics/doraTrendsService.ts,services/doraMetrics/doraTrendsService.ts::program:<lambda>0:<lambda>1,<empty>,ANY,false,205,<lambda>1,,,1
167503724784,TYPE_DECL,,services/doraMetrics/doraTrendsService.ts::program:<lambda>0,METHOD,<lambda>2,30,services/doraMetrics/doraTrendsService.ts,services/doraMetrics/doraTrendsService.ts::program:<lambda>0:<lambda>2,<empty>,ANY,false,206,<lambda>2,,,1
167503724785,TYPE_DECL,,services/doraMetrics/doraTrendsService.ts::program:<lambda>0,METHOD,<lambda>3,29,services/doraMetrics/doraTrendsService.ts,services/doraMetrics/doraTrendsService.ts::program:<lambda>0:<lambda>3,<empty>,ANY,false,207,<lambda>3,,,1
167503724786,TYPE_DECL,,services/doraMetrics/doraTrendsService.ts::program:<lambda>0,METHOD,<lambda>4,29,services/doraMetrics/doraTrendsService.ts,services/doraMetrics/doraTrendsService.ts::program:<lambda>0:<lambda>4,<empty>,ANY,false,208,<lambda>4,,,1
167503724787,TYPE_DECL,,services/doraMetrics/doraTrendsService.ts::program:<lambda>0,METHOD,<lambda>5,21,services/doraMetrics/doraTrendsService.ts,services/doraMetrics/doraTrendsService.ts::program:<lambda>0:<lambda>5,<empty>,ANY,false,211,<lambda>5,,,1
167503724788,TYPE_DECL,,services/doraMetrics/doraTrendsService.ts::program:<lambda>0,METHOD,<lambda>6,32,services/doraMetrics/doraTrendsService.ts,services/doraMetrics/doraTrendsService.ts::program:<lambda>0:<lambda>6,<empty>,ANY,false,226,<lambda>6,,,1
167503724789,TYPE_DECL,,services/doraMetrics/doraTrendsService.ts::program:<lambda>0,METHOD,<lambda>7,30,services/doraMetrics/doraTrendsService.ts,services/doraMetrics/doraTrendsService.ts::program:<lambda>0:<lambda>7,<empty>,ANY,false,235,<lambda>7,,,1
167503724790,TYPE_DECL,,services/doraMetrics/doraTrendsService.ts::program:<lambda>0,METHOD,<lambda>8,29,services/doraMetrics/doraTrendsService.ts,services/doraMetrics/doraTrendsService.ts::program:<lambda>0:<lambda>8,<empty>,ANY,false,244,<lambda>8,,,1
167503724791,TYPE_DECL,,services/doraMetrics/doraTrendsService.ts::program:<lambda>0,METHOD,<lambda>9,29,services/doraMetrics/doraTrendsService.ts,services/doraMetrics/doraTrendsService.ts::program:<lambda>0:<lambda>9,<empty>,ANY,false,253,<lambda>9,,,1
167503724792,TYPE_DECL,,services/doraMetrics/doraTrendsService.ts::program:<lambda>0,METHOD,<lambda>10,51,services/doraMetrics/doraTrendsService.ts,services/doraMetrics/doraTrendsService.ts::program:<lambda>0:<lambda>10,<empty>,ANY,false,261,<lambda>10,,,1
167503724793,TYPE_DECL,,services/doraMetrics/doraTrendsService.ts::program:<lambda>0,METHOD,<lambda>11,35,services/doraMetrics/doraTrendsService.ts,services/doraMetrics/doraTrendsService.ts::program:<lambda>0:<lambda>11,<empty>,ANY,false,266,<lambda>11,,,1
167503724794,TYPE_DECL,,services/doraMetrics/doraTrendsService.ts::program:<lambda>0,METHOD,<lambda>12,71,services/doraMetrics/doraTrendsService.ts,services/doraMetrics/doraTrendsService.ts::program:<lambda>0:<lambda>12,<empty>,ANY,false,266,<lambda>12,,,1
167503724795,TYPE_DECL,,services/doraMetrics/doraTrendsService.ts::program:<lambda>0,METHOD,<lambda>13,29,services/doraMetrics/doraTrendsService.ts,services/doraMetrics/doraTrendsService.ts::program:<lambda>0:<lambda>13,<empty>,ANY,false,267,<lambda>13,,,1
167503724796,TYPE_DECL,,services/doraMetrics/doraTrendsService.ts::program:<lambda>0,METHOD,<lambda>14,64,services/doraMetrics/doraTrendsService.ts,services/doraMetrics/doraTrendsService.ts::program:<lambda>0:<lambda>14,<empty>,ANY,false,267,<lambda>14,,,1
167503724797,TYPE_DECL,,services/doraMetrics/doraTrendsService.ts::program:<lambda>0,METHOD,<lambda>15,32,services/doraMetrics/doraTrendsService.ts,services/doraMetrics/doraTrendsService.ts::program:<lambda>0:<lambda>15,<empty>,ANY,false,268,<lambda>15,,,1
167503724798,TYPE_DECL,,services/doraMetrics/doraTrendsService.ts::program:<lambda>0,METHOD,<lambda>16,32,services/doraMetrics/doraTrendsService.ts,services/doraMetrics/doraTrendsService.ts::program:<lambda>0:<lambda>16,<empty>,ANY,false,269,<lambda>16,,,1
167503724799,TYPE_DECL,,services/doraMetrics/doraTrendsService.ts::program:<lambda>0,METHOD,<lambda>17,70,services/doraMetrics/doraTrendsService.ts,services/doraMetrics/doraTrendsService.ts::program:<lambda>0:<lambda>17,<empty>,ANY,false,269,<lambda>17,,,1
167503724800,TYPE_DECL,,services/doraMetrics/doraTrendsService.ts::program:<lambda>0,METHOD,<lambda>18,29,services/doraMetrics/doraTrendsService.ts,services/doraMetrics/doraTrendsService.ts::program:<lambda>0:<lambda>18,<empty>,ANY,false,281,<lambda>18,,,1
167503724801,TYPE_DECL,,services/doraMetrics/doraTrendsService.ts::program:<lambda>0,METHOD,<lambda>19,23,services/doraMetrics/doraTrendsService.ts,services/doraMetrics/doraTrendsService.ts::program:<lambda>0:<lambda>19,<empty>,ANY,false,284,<lambda>19,,,1
167503724802,TYPE_DECL,,services/doraMetrics/doraTrendsService.ts::program:<lambda>0,METHOD,<lambda>20,26,services/doraMetrics/doraTrendsService.ts,services/doraMetrics/doraTrendsService.ts::program:<lambda>0:<lambda>20,<empty>,ANY,false,287,<lambda>20,,,1
167503724803,TYPE_DECL,,services/doraMetrics/doraTrendsService.ts::program:<lambda>0,METHOD,<lambda>21,26,services/doraMetrics/doraTrendsService.ts,services/doraMetrics/doraTrendsService.ts::program:<lambda>0:<lambda>21,<empty>,ANY,false,290,<lambda>21,,,1
167503724804,TYPE_DECL,,services/doraMetrics/doraTrendsService.ts::program,METHOD,<lambda>0,29,services/doraMetrics/doraTrendsService.ts,services/doraMetrics/doraTrendsService.ts::program:<lambda>0,<empty>,ANY,false,82,<lambda>0,,,1
167503724805,TYPE_DECL,,services/doraMetrics/doraTrendsService.ts:<global>,NAMESPACE_BLOCK,:program,0,services/doraMetrics/doraTrendsService.ts,services/doraMetrics/doraTrendsService.ts::program,<empty>,ANY,false,1,:program,,,1
167503724806,TYPE_DECL,,services/doraMetrics/weeklyDoraSnapshotService.ts::program:WeeklyDoraSnapshot,TYPE_DECL,<init>,0,services/doraMetrics/weeklyDoraSnapshotService.ts,services/doraMetrics/weeklyDoraSnapshotService.ts::program:WeeklyDoraSnapshot:<init>,<empty>,ANY,false,6,<init>,,,1
167503724807,TYPE_DECL,,services/doraMetrics/weeklyDoraSnapshotService.ts::program,METHOD,interface WeeklyDoraSnapshot,0,services/doraMetrics/weeklyDoraSnapshotService.ts,services/doraMetrics/weeklyDoraSnapshotService.ts::program:WeeklyDoraSnapshot,<empty>,,false,6,WeeklyDoraSnapshot,,,2
167503724808,TYPE_DECL,,services/doraMetrics/weeklyDoraSnapshotService.ts::program,METHOD,<lambda>0,38,services/doraMetrics/weeklyDoraSnapshotService.ts,services/doraMetrics/weeklyDoraSnapshotService.ts::program:<lambda>0,<empty>,ANY,false,24,<lambda>0,,,1
167503724809,TYPE_DECL,,services/doraMetrics/weeklyDoraSnapshotService.ts::program:<lambda>1,METHOD,<lambda>2,45,services/doraMetrics/weeklyDoraSnapshotService.ts,services/doraMetrics/weeklyDoraSnapshotService.ts::program:<lambda>1:<lambda>2,<empty>,ANY,false,149,<lambda>2,,,1
167503724810,TYPE_DECL,,services/doraMetrics/weeklyDoraSnapshotService.ts::program,METHOD,<lambda>1,49,services/doraMetrics/weeklyDoraSnapshotService.ts,services/doraMetrics/weeklyDoraSnapshotService.ts::program:<lambda>1,<empty>,ANY,false,138,<lambda>1,,,1
167503724811,TYPE_DECL,,services/doraMetrics/weeklyDoraSnapshotService.ts::program,METHOD,<lambda>3,36,services/doraMetrics/weeklyDoraSnapshotService.ts,services/doraMetrics/weeklyDoraSnapshotService.ts::program:<lambda>3,<empty>,ANY,false,168,<lambda>3,,,1
167503724812,TYPE_DECL,,services/doraMetrics/weeklyDoraSnapshotService.ts::program,METHOD,<lambda>4,40,services/doraMetrics/weeklyDoraSnapshotService.ts,services/doraMetrics/weeklyDoraSnapshotService.ts::program:<lambda>4,<empty>,ANY,false,192,<lambda>4,,,1
167503724813,TYPE_DECL,,services/doraMetrics/weeklyDoraSnapshotService.ts::program,METHOD,<lambda>5,44,services/doraMetrics/weeklyDoraSnapshotService.ts,services/doraMetrics/weeklyDoraSnapshotService.ts::program:<lambda>5,<empty>,ANY,false,203,<lambda>5,,,1
167503724814,TYPE_DECL,,services/doraMetrics/weeklyDoraSnapshotService.ts:<global>,NAMESPACE_BLOCK,:program,0,services/doraMetrics/weeklyDoraSnapshotService.ts,services/doraMetrics/weeklyDoraSnapshotService.ts::program,<empty>,ANY,false,1,:program,,,1
167503724815,TYPE_DECL,,services/gitlab/gitLabCommitService.ts::program,METHOD,class GitLabCommitService,0,services/gitlab/gitLabCommitService.ts,services/gitlab/gitLabCommitService.ts::program:GitLabCommitService,<empty>,,false,5,GitLabCommitService,,,-1
167503724816,TYPE_DECL,,services/gitlab/gitLabCommitService.ts::program:GitLabCommitService:<init>,METHOD,<lambda>0,15,services/gitlab/gitLabCommitService.ts,services/gitlab/gitLabCommitService.ts::program:GitLabCommitService:<init>:<lambda>0,<empty>,ANY,false,9,<lambda>0,,,1
167503724817,TYPE_DECL,,services/gitlab/gitLabCommitService.ts::program:GitLabCommitService:<init>,METHOD,<lambda>1,14,services/gitlab/gitLabCommitService.ts,services/gitlab/gitLabCommitService.ts::program:GitLabCommitService:<init>:<lambda>1,<empty>,ANY,false,39,<lambda>1,,,1
167503724818,TYPE_DECL,,services/gitlab/gitLabCommitService.ts::program:GitLabCommitService:<init>,METHOD,<lambda>2,19,services/gitlab/gitLabCommitService.ts,services/gitlab/gitLabCommitService.ts::program:GitLabCommitService:<init>:<lambda>2,<empty>,ANY,false,61,<lambda>2,,,1
167503724819,TYPE_DECL,,services/gitlab/gitLabCommitService.ts::program:GitLabCommitService,TYPE_DECL,<init>,0,services/gitlab/gitLabCommitService.ts,services/gitlab/gitLabCommitService.ts::program:GitLabCommitService:<init>,<empty>,ANY,false,5,<init>,,,1
167503724820,TYPE_DECL,,services/gitlab/gitLabCommitService.ts:<global>,NAMESPACE_BLOCK,:program,0,services/gitlab/gitLabCommitService.ts,services/gitlab/gitLabCommitService.ts::program,<empty>,ANY,false,1,:program,,,1
167503724821,TYPE_DECL,,services/gitlab/gitLabIssueService.ts::program,METHOD,class GitLabIssueService,0,services/gitlab/gitLabIssueService.ts,services/gitlab/gitLabIssueService.ts::program:GitLabIssueService,<empty>,,false,6,GitLabIssueService,,,-1
167503724822,TYPE_DECL,,services/gitlab/gitLabIssueService.ts::program:GitLabIssueService:<init>,METHOD,<lambda>0,21,services/gitlab/gitLabIssueService.ts,services/gitlab/gitLabIssueService.ts::program:GitLabIssueService:<init>:<lambda>0,<empty>,ANY,false,10,<lambda>0,,,1
167503724823,TYPE_DECL,,services/gitlab/gitLabIssueService.ts::program:GitLabIssueService:<init>,METHOD,<lambda>1,18,services/gitlab/gitLabIssueService.ts,services/gitlab/gitLabIssueService.ts::program:GitLabIssueService:<init>:<lambda>1,<empty>,ANY,false,36,<lambda>1,,,1
167503724824,TYPE_DECL,,services/gitlab/gitLabIssueService.ts::program:GitLabIssueService:<init>,METHOD,<lambda>2,20,services/gitlab/gitLabIssueService.ts,services/gitlab/gitLabIssueService.ts::program:GitLabIssueService:<init>:<lambda>2,<empty>,ANY,false,58,<lambda>2,,,1
167503724825,TYPE_DECL,,services/gitlab/gitLabIssueService.ts::program:GitLabIssueService:<init>,METHOD,<lambda>3,20,services/gitlab/gitLabIssueService.ts,services/gitlab/gitLabIssueService.ts::program:GitLabIssueService:<init>:<lambda>3,<empty>,ANY,false,131,<lambda>3,,,1
167503724826,TYPE_DECL,,services/gitlab/gitLabIssueService.ts::program:GitLabIssueService:<init>,METHOD,<lambda>4,21,services/gitlab/gitLabIssueService.ts,services/gitlab/gitLabIssueService.ts::program:GitLabIssueService:<init>:<lambda>4,<empty>,ANY,false,179,<lambda>4,,,1
167503724827,TYPE_DECL,,services/gitlab/gitLabIssueService.ts::program:GitLabIssueService:<init>,METHOD,<lambda>5,18,services/gitlab/gitLabIssueService.ts,services/gitlab/gitLabIssueService.ts::program:GitLabIssueService:<init>:<lambda>5,<empty>,ANY,false,209,<lambda>5,,,1
167503724828,TYPE_DECL,,services/gitlab/gitLabIssueService.ts::program:GitLabIssueService:<init>,METHOD,<lambda>6,24,services/gitlab/gitLabIssueService.ts,services/gitlab/gitLabIssueService.ts::program:GitLabIssueService:<init>:<lambda>6,<empty>,ANY,false,253,<lambda>6,,,1
167503724829,TYPE_DECL,,services/gitlab/gitLabIssueService.ts::program:GitLabIssueService:<init>,METHOD,<lambda>7,21,services/gitlab/gitLabIssueService.ts,services/gitlab/gitLabIssueService.ts::program:GitLabIssueService:<init>:<lambda>7,<empty>,ANY,false,270,<lambda>7,,,1
167503724830,TYPE_DECL,,services/gitlab/gitLabIssueService.ts::program:GitLabIssueService:<init>,METHOD,<lambda>8,18,services/gitlab/gitLabIssueService.ts,services/gitlab/gitLabIssueService.ts::program:GitLabIssueService:<init>:<lambda>8,<empty>,ANY,false,287,<lambda>8,,,1
167503724831,TYPE_DECL,,services/gitlab/gitLabIssueService.ts::program:GitLabIssueService,TYPE_DECL,<init>,0,services/gitlab/gitLabIssueService.ts,services/gitlab/gitLabIssueService.ts::program:GitLabIssueService:<init>,<empty>,ANY,false,6,<init>,,,1
167503724832,TYPE_DECL,,services/gitlab/gitLabIssueService.ts:<global>,NAMESPACE_BLOCK,:program,0,services/gitlab/gitLabIssueService.ts,services/gitlab/gitLabIssueService.ts::program,<empty>,ANY,false,1,:program,,,1
167503724833,TYPE_DECL,,services/gitlab/gitLabMRService.ts::program,METHOD,class GitLabMRService,0,services/gitlab/gitLabMRService.ts,services/gitlab/gitLabMRService.ts::program:GitLabMRService,<empty>,,false,5,GitLabMRService,,,-1
167503724834,TYPE_DECL,,services/gitlab/gitLabMRService.ts::program:GitLabMRService:<init>,METHOD,<lambda>0,28,services/gitlab/gitLabMRService.ts,services/gitlab/gitLabMRService.ts::program:GitLabMRService:<init>:<lambda>0,<empty>,ANY,false,9,<lambda>0,,,1
167503724835,TYPE_DECL,,services/gitlab/gitLabMRService.ts::program:GitLabMRService:<init>,METHOD,<lambda>1,15,services/gitlab/gitLabMRService.ts,services/gitlab/gitLabMRService.ts::program:GitLabMRService:<init>:<lambda>1,<empty>,ANY,false,31,<lambda>1,,,1
167503724836,TYPE_DECL,,services/gitlab/gitLabMRService.ts::program:GitLabMRService:<init>,METHOD,<lambda>2,15,services/gitlab/gitLabMRService.ts,services/gitlab/gitLabMRService.ts::program:GitLabMRService:<init>:<lambda>2,<empty>,ANY,false,56,<lambda>2,,,1
167503724837,TYPE_DECL,,services/gitlab/gitLabMRService.ts::program:GitLabMRService:<init>,METHOD,<lambda>3,17,services/gitlab/gitLabMRService.ts,services/gitlab/gitLabMRService.ts::program:GitLabMRService:<init>:<lambda>3,<empty>,ANY,false,78,<lambda>3,,,1
167503724838,TYPE_DECL,,services/gitlab/gitLabMRService.ts::program:GitLabMRService:<init>,METHOD,<lambda>4,17,services/gitlab/gitLabMRService.ts,services/gitlab/gitLabMRService.ts::program:GitLabMRService:<init>:<lambda>4,<empty>,ANY,false,110,<lambda>4,,,1
167503724839,TYPE_DECL,,services/gitlab/gitLabMRService.ts::program:GitLabMRService:<init>,METHOD,<lambda>5,15,services/gitlab/gitLabMRService.ts,services/gitlab/gitLabMRService.ts::program:GitLabMRService:<init>:<lambda>5,<empty>,ANY,false,136,<lambda>5,,,1
167503724840,TYPE_DECL,,services/gitlab/gitLabMRService.ts::program:GitLabMRService:<init>,METHOD,<lambda>6,19,services/gitlab/gitLabMRService.ts,services/gitlab/gitLabMRService.ts::program:GitLabMRService:<init>:<lambda>6,<empty>,ANY,false,158,<lambda>6,,,1
167503724841,TYPE_DECL,,services/gitlab/gitLabMRService.ts::program:GitLabMRService:<init>:<lambda>7,METHOD,<lambda>8,38,services/gitlab/gitLabMRService.ts,services/gitlab/gitLabMRService.ts::program:GitLabMRService:<init>:<lambda>7:<lambda>8,<empty>,ANY,false,201,<lambda>8,,,1
167503724842,TYPE_DECL,,services/gitlab/gitLabMRService.ts::program:GitLabMRService:<init>,METHOD,<lambda>7,20,services/gitlab/gitLabMRService.ts,services/gitlab/gitLabMRService.ts::program:GitLabMRService:<init>:<lambda>7,<empty>,ANY,false,181,<lambda>7,,,1
167503724843,TYPE_DECL,,services/gitlab/gitLabMRService.ts::program:GitLabMRService,TYPE_DECL,<init>,0,services/gitlab/gitLabMRService.ts,services/gitlab/gitLabMRService.ts::program:GitLabMRService:<init>,<empty>,ANY,false,5,<init>,,,1
167503724844,TYPE_DECL,,services/gitlab/gitLabMRService.ts:<global>,NAMESPACE_BLOCK,:program,0,services/gitlab/gitLabMRService.ts,services/gitlab/gitLabMRService.ts::program,<empty>,ANY,false,1,:program,,,1
167503724845,TYPE_DECL,,services/gitlab/gitLabMemberService.ts::program,METHOD,class GitLabMemberService,0,services/gitlab/gitLabMemberService.ts,services/gitlab/gitLabMemberService.ts::program:GitLabMemberService,<empty>,,false,4,GitLabMemberService,,,-1
167503724846,TYPE_DECL,,services/gitlab/gitLabMemberService.ts::program:GitLabMemberService:<init>,METHOD,<lambda>0,26,services/gitlab/gitLabMemberService.ts,services/gitlab/gitLabMemberService.ts::program:GitLabMemberService:<init>:<lambda>0,<empty>,ANY,false,10,<lambda>0,,,1
167503724847,TYPE_DECL,,services/gitlab/gitLabMemberService.ts::program:GitLabMemberService:<init>:<lambda>1,METHOD,<lambda>2,25,services/gitlab/gitLabMemberService.ts,services/gitlab/gitLabMemberService.ts::program:GitLabMemberService:<init>:<lambda>1:<lambda>2,<empty>,ANY,false,61,<lambda>2,,,1
167503724848,TYPE_DECL,,services/gitlab/gitLabMemberService.ts::program:GitLabMemberService:<init>,METHOD,<lambda>1,22,services/gitlab/gitLabMemberService.ts,services/gitlab/gitLabMemberService.ts::program:GitLabMemberService:<init>:<lambda>1,<empty>,ANY,false,39,<lambda>1,,,1
167503724849,TYPE_DECL,,services/gitlab/gitLabMemberService.ts::program:GitLabMemberService,TYPE_DECL,<init>,0,services/gitlab/gitLabMemberService.ts,services/gitlab/gitLabMemberService.ts::program:GitLabMemberService:<init>,<empty>,ANY,false,4,<init>,,,1
167503724850,TYPE_DECL,,services/gitlab/gitLabMemberService.ts:<global>,NAMESPACE_BLOCK,:program,0,services/gitlab/gitLabMemberService.ts,services/gitlab/gitLabMemberService.ts::program,<empty>,ANY,false,1,:program,,,1
167503724851,TYPE_DECL,,services/gitlab/gitlabAuthService.ts::program,METHOD,class GitLabAuthService,0,services/gitlab/gitlabAuthService.ts,services/gitlab/gitlabAuthService.ts::program:GitLabAuthService,<empty>,,false,4,GitLabAuthService,,,-1
167503724852,TYPE_DECL,,services/gitlab/gitlabAuthService.ts::program:GitLabAuthService:<init>,METHOD,<lambda>0,21,services/gitlab/gitlabAuthService.ts,services/gitlab/gitlabAuthService.ts::program:GitLabAuthService:<init>:<lambda>0,<empty>,ANY,false,8,<lambda>0,,,1
167503724853,TYPE_DECL,,services/gitlab/gitlabAuthService.ts::program:GitLabAuthService:<init>,METHOD,<lambda>1,19,services/gitlab/gitlabAuthService.ts,services/gitlab/gitlabAuthService.ts::program:GitLabAuthService:<init>:<lambda>1,<empty>,ANY,false,22,<lambda>1,,,1
167503724854,TYPE_DECL,,services/gitlab/gitlabAuthService.ts::program:GitLabAuthService,TYPE_DECL,<init>,0,services/gitlab/gitlabAuthService.ts,services/gitlab/gitlabAuthService.ts::program:GitLabAuthService:<init>,<empty>,ANY,false,4,<init>,,,1
167503724855,TYPE_DECL,,services/gitlab/gitlabAuthService.ts:<global>,NAMESPACE_BLOCK,:program,0,services/gitlab/gitlabAuthService.ts,services/gitlab/gitlabAuthService.ts::program,<empty>,ANY,false,1,:program,,,1
167503724856,TYPE_DECL,,services/gitlab/gitlabClient.ts::program,METHOD,class GitLabClient,0,services/gitlab/gitlabClient.ts,services/gitlab/gitlabClient.ts::program:GitLabClient,<empty>,,false,4,GitLabClient,,,-1
167503724857,TYPE_DECL,,services/gitlab/gitlabClient.ts::program:GitLabClient:<init>,METHOD,<lambda>0,29,services/gitlab/gitlabClient.ts,services/gitlab/gitlabClient.ts::program:GitLabClient:<init>:<lambda>0,<empty>,ANY,false,14,<lambda>0,,,1
167503724858,TYPE_DECL,,services/gitlab/gitlabClient.ts::program:GitLabClient:<init>,METHOD,<lambda>1,14,services/gitlab/gitlabClient.ts,services/gitlab/gitlabClient.ts::program:GitLabClient:<init>:<lambda>1,<empty>,ANY,false,34,<lambda>1,,,1
167503724859,TYPE_DECL,,services/gitlab/gitlabClient.ts::program:GitLabClient,TYPE_DECL,<init>,2,services/gitlab/gitlabClient.ts,services/gitlab/gitlabClient.ts::program:GitLabClient:<init>,<empty>,ANY,false,9,<init>,,,1
167503724860,TYPE_DECL,,services/gitlab/gitlabClient.ts:<global>,NAMESPACE_BLOCK,:program,0,services/gitlab/gitlabClient.ts,services/gitlab/gitlabClient.ts::program,<empty>,ANY,false,1,:program,,,1
167503724861,TYPE_DECL,,services/gitlab/gitlabGroupService.ts::program,METHOD,class GitLabGroupService,0,services/gitlab/gitlabGroupService.ts,services/gitlab/gitlabGroupService.ts::program:GitLabGroupService,<empty>,,false,5,GitLabGroupService,,,-1
167503724862,TYPE_DECL,,services/gitlab/gitlabGroupService.ts::program:GitLabGroupService:<init>,METHOD,<lambda>0,17,services/gitlab/gitlabGroupService.ts,services/gitlab/gitlabGroupService.ts::program:GitLabGroupService:<init>:<lambda>0,<empty>,ANY,false,9,<lambda>0,,,1
167503724863,TYPE_DECL,,services/gitlab/gitlabGroupService.ts::program:GitLabGroupService:<init>,METHOD,<lambda>1,17,services/gitlab/gitlabGroupService.ts,services/gitlab/gitlabGroupService.ts::program:GitLabGroupService:<init>:<lambda>1,<empty>,ANY,false,27,<lambda>1,,,1
167503724864,TYPE_DECL,,services/gitlab/gitlabGroupService.ts::program:GitLabGroupService:<init>,METHOD,<lambda>2,19,services/gitlab/gitlabGroupService.ts,services/gitlab/gitlabGroupService.ts::program:GitLabGroupService:<init>:<lambda>2,<empty>,ANY,false,41,<lambda>2,,,1
167503724865,TYPE_DECL,,services/gitlab/gitlabGroupService.ts::program:GitLabGroupService,TYPE_DECL,<init>,0,services/gitlab/gitlabGroupService.ts,services/gitlab/gitlabGroupService.ts::program:GitLabGroupService:<init>,<empty>,ANY,false,5,<init>,,,1
167503724866,TYPE_DECL,,services/gitlab/gitlabGroupService.ts:<global>,NAMESPACE_BLOCK,:program,0,services/gitlab/gitlabGroupService.ts,services/gitlab/gitlabGroupService.ts::program,<empty>,ANY,false,1,:program,,,1
167503724867,TYPE_DECL,,services/gitlab/gitlabMilestoneService.ts::program,METHOD,class GitLabMilestoneService,0,services/gitlab/gitlabMilestoneService.ts,services/gitlab/gitlabMilestoneService.ts::program:GitLabMilestoneService,<empty>,,false,4,GitLabMilestoneService,,,-1
167503724868,TYPE_DECL,,services/gitlab/gitlabMilestoneService.ts::program:GitLabMilestoneService:<init>:<lambda>0,METHOD,<lambda>1,37,services/gitlab/gitlabMilestoneService.ts,services/gitlab/gitlabMilestoneService.ts::program:GitLabMilestoneService:<init>:<lambda>0:<lambda>1,<empty>,ANY,false,25,<lambda>1,,,1
167503724869,TYPE_DECL,,services/gitlab/gitlabMilestoneService.ts::program:GitLabMilestoneService:<init>,METHOD,<lambda>0,27,services/gitlab/gitlabMilestoneService.ts,services/gitlab/gitlabMilestoneService.ts::program:GitLabMilestoneService:<init>:<lambda>0,<empty>,ANY,false,9,<lambda>0,,,1
167503724870,TYPE_DECL,,services/gitlab/gitlabMilestoneService.ts::program:GitLabMilestoneService,TYPE_DECL,<init>,0,services/gitlab/gitlabMilestoneService.ts,services/gitlab/gitlabMilestoneService.ts::program:GitLabMilestoneService:<init>,<empty>,ANY,false,4,<init>,,,1
167503724871,TYPE_DECL,,services/gitlab/gitlabMilestoneService.ts:<global>,NAMESPACE_BLOCK,:program,0,services/gitlab/gitlabMilestoneService.ts,services/gitlab/gitlabMilestoneService.ts::program,<empty>,ANY,false,1,:program,,,1
167503724872,TYPE_DECL,,services/gitlab/gitlabProjectService.ts::program,METHOD,class GitLabProjectService,0,services/gitlab/gitlabProjectService.ts,services/gitlab/gitlabProjectService.ts::program:GitLabProjectService,<empty>,,false,5,GitLabProjectService,,,-1
167503724873,TYPE_DECL,,services/gitlab/gitlabProjectService.ts::program:GitLabProjectService:<init>,METHOD,<lambda>0,20,services/gitlab/gitlabProjectService.ts,services/gitlab/gitlabProjectService.ts::program:GitLabProjectService:<init>:<lambda>0,<empty>,ANY,false,9,<lambda>0,,,1
167503724874,TYPE_DECL,,services/gitlab/gitlabProjectService.ts::program:GitLabProjectService:<init>,METHOD,<lambda>1,19,services/gitlab/gitlabProjectService.ts,services/gitlab/gitlabProjectService.ts::program:GitLabProjectService:<init>:<lambda>1,<empty>,ANY,false,59,<lambda>1,,,1
167503724875,TYPE_DECL,,services/gitlab/gitlabProjectService.ts::program:GitLabProjectService,TYPE_DECL,<init>,0,services/gitlab/gitlabProjectService.ts,services/gitlab/gitlabProjectService.ts::program:GitLabProjectService:<init>,<empty>,ANY,false,5,<init>,,,1
167503724876,TYPE_DECL,,services/gitlab/gitlabProjectService.ts:<global>,NAMESPACE_BLOCK,:program,0,services/gitlab/gitlabProjectService.ts,services/gitlab/gitlabProjectService.ts::program,<empty>,ANY,false,1,:program,,,1
167503724877,TYPE_DECL,,services/gitlab/index.ts:<global>,NAMESPACE_BLOCK,:program,0,services/gitlab/index.ts,services/gitlab/index.ts::program,<empty>,ANY,false,1,:program,,,1
167503724878,TYPE_DECL,,services/issueMetrics/issueMetricsCalculationService.ts::program,METHOD,class IssueMetricsCalculationService,0,services/issueMetrics/issueMetricsCalculationService.ts,services/issueMetrics/issueMetricsCalculationService.ts::program:IssueMetricsCalculationService,<empty>,,false,10,IssueMetricsCalculationService,,,-1
167503724879,TYPE_DECL,,services/issueMetrics/issueMetricsCalculationService.ts::program:IssueMetricsCalculationService,TYPE_DECL,<init>,0,services/issueMetrics/issueMetricsCalculationService.ts,services/issueMetrics/issueMetricsCalculationService.ts::program:IssueMetricsCalculationService:<init>,<empty>,ANY,false,10,<init>,,,1
167503724880,TYPE_DECL,services/issueMetrics/issueMetricsCalculationService.ts::program:IssueMetricsCalculationService:calculateMetrics:<anon-class>0,services/issueMetrics/issueMetricsCalculationService.ts::program:IssueMetricsCalculationService:calculateMetrics,METHOD,{ reopened: number; checked: number },16,services/issueMetrics/issueMetricsCalculationService.ts,services/issueMetrics/issueMetricsCalculationService.ts::program:IssueMetricsCalculationService:calculateMetrics:<anon-class>1,<empty>,,false,28,<anon-class>1,,,-1
167503724881,TYPE_DECL,,services/issueMetrics/issueMetricsCalculationService.ts::program:IssueMetricsCalculationService:calculateMetrics,METHOD,{ reopened: number; checked: number },16,services/issueMetrics/issueMetricsCalculationService.ts,services/issueMetrics/issueMetricsCalculationService.ts::program:IssueMetricsCalculationService:calculateMetrics:<anon-class>0,<empty>,,false,28,<anon-class>0,,,1
167503724882,TYPE_DECL,services/issueMetrics/issueMetricsCalculationService.ts::program:IssueMetricsCalculationService:calculateMetrics:<anon-class>2,services/issueMetrics/issueMetricsCalculationService.ts::program:IssueMetricsCalculationService:calculateMetrics,METHOD,{ withLinks: number; checked: number },16,services/issueMetrics/issueMetricsCalculationService.ts,services/issueMetrics/issueMetricsCalculationService.ts::program:IssueMetricsCalculationService:calculateMetrics:<anon-class>3,<empty>,,false,29,<anon-class>3,,,-1
167503724883,TYPE_DECL,,services/issueMetrics/issueMetricsCalculationService.ts::program:IssueMetricsCalculationService:calculateMetrics,METHOD,{ withLinks: number; checked: number },16,services/issueMetrics/issueMetricsCalculationService.ts,services/issueMetrics/issueMetricsCalculationService.ts::program:IssueMetricsCalculationService:calculateMetrics:<anon-class>2,<empty>,,false,29,<anon-class>2,,,1
167503724884,TYPE_DECL,,services/issueMetrics/issueMetricsCalculationService.ts::program:IssueMetricsCalculationService,TYPE_DECL,calculateMetrics,2,services/issueMetrics/issueMetricsCalculationService.ts,services/issueMetrics/issueMetricsCalculationService.ts::program:IssueMetricsCalculationService:calculateMetrics,<empty>,ANY,false,15,calculateMetrics,,,1
167503724885,TYPE_DECL,,services/issueMetrics/issueMetricsCalculationService.ts::program:IssueMetricsCalculationService:calculateCycleTime,METHOD,<lambda>0,25,services/issueMetrics/issueMetricsCalculationService.ts,services/issueMetrics/issueMetricsCalculationService.ts::program:IssueMetricsCalculationService:calculateCycleTime:<lambda>0,<empty>,ANY,false,143,<lambda>0,,,1
167503724886,TYPE_DECL,,services/issueMetrics/issueMetricsCalculationService.ts::program:IssueMetricsCalculationService,TYPE_DECL,calculateCycleTime,2,services/issueMetrics/issueMetricsCalculationService.ts,services/issueMetrics/issueMetricsCalculationService.ts::program:IssueMetricsCalculationService:calculateCycleTime,<empty>,ANY,false,137,calculateCycleTime,,,1
167503724887,TYPE_DECL,,services/issueMetrics/issueMetricsCalculationService.ts::program:IssueMetricsCalculationService,TYPE_DECL,calculateReopenRate,2,services/issueMetrics/issueMetricsCalculationService.ts,services/issueMetrics/issueMetricsCalculationService.ts::program:IssueMetricsCalculationService:calculateReopenRate,<empty>,ANY,false,187,calculateReopenRate,,,1
167503724888,TYPE_DECL,,services/issueMetrics/issueMetricsCalculationService.ts::program:IssueMetricsCalculationService,TYPE_DECL,calculateBugRatio,2,services/issueMetrics/issueMetricsCalculationService.ts,services/issueMetrics/issueMetricsCalculationService.ts::program:IssueMetricsCalculationService:calculateBugRatio,<empty>,ANY,false,201,calculateBugRatio,,,1
167503724889,TYPE_DECL,,services/issueMetrics/issueMetricsCalculationService.ts::program:IssueMetricsCalculationService:calculateStaleIssues,METHOD,<lambda>1,23,services/issueMetrics/issueMetricsCalculationService.ts,services/issueMetrics/issueMetricsCalculationService.ts::program:IssueMetricsCalculationService:calculateStaleIssues:<lambda>1,<empty>,ANY,false,221,<lambda>1,,,1
167503724890,TYPE_DECL,,services/issueMetrics/issueMetricsCalculationService.ts::program:IssueMetricsCalculationService,TYPE_DECL,calculateStaleIssues,2,services/issueMetrics/issueMetricsCalculationService.ts,services/issueMetrics/issueMetricsCalculationService.ts::program:IssueMetricsCalculationService:calculateStaleIssues,<empty>,ANY,false,215,calculateStaleIssues,,,1
167503724891,TYPE_DECL,,services/issueMetrics/issueMetricsCalculationService.ts::program:IssueMetricsCalculationService:calculateCriticalMetrics,METHOD,<lambda>2,6,services/issueMetrics/issueMetricsCalculationService.ts,services/issueMetrics/issueMetricsCalculationService.ts::program:IssueMetricsCalculationService:calculateCriticalMetrics:<lambda>2,<empty>,ANY,false,247,<lambda>2,,,1
167503724892,TYPE_DECL,,services/issueMetrics/issueMetricsCalculationService.ts::program:IssueMetricsCalculationService:calculateCriticalMetrics,METHOD,<lambda>3,6,services/issueMetrics/issueMetricsCalculationService.ts,services/issueMetrics/issueMetricsCalculationService.ts::program:IssueMetricsCalculationService:calculateCriticalMetrics:<lambda>3,<empty>,ANY,false,250,<lambda>3,,,1
167503724893,TYPE_DECL,,services/issueMetrics/issueMetricsCalculationService.ts::program:IssueMetricsCalculationService:calculateCriticalMetrics,METHOD,<lambda>4,49,services/issueMetrics/issueMetricsCalculationService.ts,services/issueMetrics/issueMetricsCalculationService.ts::program:IssueMetricsCalculationService:calculateCriticalMetrics:<lambda>4,<empty>,ANY,false,254,<lambda>4,,,1
167503724894,TYPE_DECL,,services/issueMetrics/issueMetricsCalculationService.ts::program:IssueMetricsCalculationService:calculateCriticalMetrics,METHOD,<lambda>5,27,services/issueMetrics/issueMetricsCalculationService.ts,services/issueMetrics/issueMetricsCalculationService.ts::program:IssueMetricsCalculationService:calculateCriticalMetrics:<lambda>5,<empty>,ANY,false,258,<lambda>5,,,1
167503724895,TYPE_DECL,,services/issueMetrics/issueMetricsCalculationService.ts::program:IssueMetricsCalculationService,TYPE_DECL,calculateCriticalMetrics,2,services/issueMetrics/issueMetricsCalculationService.ts,services/issueMetrics/issueMetricsCalculationService.ts::program:IssueMetricsCalculationService:calculateCriticalMetrics,<empty>,ANY,false,242,calculateCriticalMetrics,,,1
167503724896,TYPE_DECL,,services/issueMetrics/issueMetricsCalculationService.ts::program:IssueMetricsCalculationService,TYPE_DECL,calculateMRLinkRate,2,services/issueMetrics/issueMetricsCalculationService.ts,services/issueMetrics/issueMetricsCalculationService.ts::program:IssueMetricsCalculationService:calculateMRLinkRate,<empty>,ANY,false,282,calculateMRLinkRate,,,1
167503724897,TYPE_DECL,,services/issueMetrics/issueMetricsCalculationService.ts::program:IssueMetricsCalculationService,TYPE_DECL,getVelocityAlertLevel,2,services/issueMetrics/issueMetricsCalculationService.ts,services/issueMetrics/issueMetricsCalculationService.ts::program:IssueMetricsCalculationService:getVelocityAlertLevel,<empty>,ANY,false,297,getVelocityAlertLevel,,,1
167503724898,TYPE_DECL,,services/issueMetrics/issueMetricsCalculationService.ts::program:IssueMetricsCalculationService,TYPE_DECL,getCycleTimeAlertLevel,2,services/issueMetrics/issueMetricsCalculationService.ts,services/issueMetrics/issueMetricsCalculationService.ts::program:IssueMetricsCalculationService:getCycleTimeAlertLevel,<empty>,ANY,false,304,getCycleTimeAlertLevel,,,1
167503724899,TYPE_DECL,,services/issueMetrics/issueMetricsCalculationService.ts::program:IssueMetricsCalculationService,TYPE_DECL,getReopenRateAlertLevel,2,services/issueMetrics/issueMetricsCalculationService.ts,services/issueMetrics/issueMetricsCalculationService.ts::program:IssueMetricsCalculationService:getReopenRateAlertLevel,<empty>,ANY,false,310,getReopenRateAlertLevel,,,1
167503724900,TYPE_DECL,,services/issueMetrics/issueMetricsCalculationService.ts::program:IssueMetricsCalculationService,TYPE_DECL,getBugRatioAlertLevel,2,services/issueMetrics/issueMetricsCalculationService.ts,services/issueMetrics/issueMetricsCalculationService.ts::program:IssueMetricsCalculationService:getBugRatioAlertLevel,<empty>,ANY,false,316,getBugRatioAlertLevel,,,1
167503724901,TYPE_DECL,,services/issueMetrics/issueMetricsCalculationService.ts::program:IssueMetricsCalculationService,TYPE_DECL,calculateClosureRate,2,services/issueMetrics/issueMetricsCalculationService.ts,services/issueMetrics/issueMetricsCalculationService.ts::program:IssueMetricsCalculationService:calculateClosureRate,<empty>,ANY,false,325,calculateClosureRate,,,1
167503724902,TYPE_DECL,,services/issueMetrics/issueMetricsCalculationService.ts::program:IssueMetricsCalculationService:isIssueReopened,METHOD,<lambda>6,46,services/issueMetrics/issueMetricsCalculationService.ts,services/issueMetrics/issueMetricsCalculationService.ts::program:IssueMetricsCalculationService:isIssueReopened:<lambda>6,<empty>,ANY,false,340,<lambda>6,,,1
167503724903,TYPE_DECL,,services/issueMetrics/issueMetricsCalculationService.ts::program:IssueMetricsCalculationService:isIssueReopened,METHOD,<lambda>7,43,services/issueMetrics/issueMetricsCalculationService.ts,services/issueMetrics/issueMetricsCalculationService.ts::program:IssueMetricsCalculationService:isIssueReopened:<lambda>7,<empty>,ANY,false,344,<lambda>7,,,1
167503724904,TYPE_DECL,,services/issueMetrics/issueMetricsCalculationService.ts::program:IssueMetricsCalculationService,TYPE_DECL,isIssueReopened,2,services/issueMetrics/issueMetricsCalculationService.ts,services/issueMetrics/issueMetricsCalculationService.ts::program:IssueMetricsCalculationService:isIssueReopened,<empty>,ANY,false,336,isIssueReopened,,,1
167503724905,TYPE_DECL,,services/issueMetrics/issueMetricsCalculationService.ts:<global>,NAMESPACE_BLOCK,:program,0,services/issueMetrics/issueMetricsCalculationService.ts,services/issueMetrics/issueMetricsCalculationService.ts::program,<empty>,ANY,false,1,:program,,,1
167503724906,TYPE_DECL,,services/issueMetrics/issueMetricsDbService.ts::program,METHOD,class IssueMetricsDbService,0,services/issueMetrics/issueMetricsDbService.ts,services/issueMetrics/issueMetricsDbService.ts::program:IssueMetricsDbService,<empty>,,false,12,IssueMetricsDbService,,,-1
167503724907,TYPE_DECL,,services/issueMetrics/issueMetricsDbService.ts::program:IssueMetricsDbService,TYPE_DECL,<init>,0,services/issueMetrics/issueMetricsDbService.ts,services/issueMetrics/issueMetricsDbService.ts::program:IssueMetricsDbService:<init>,<empty>,ANY,false,12,<init>,,,1
167503724908,TYPE_DECL,,services/issueMetrics/issueMetricsDbService.ts::program:IssueMetricsDbService,TYPE_DECL,saveMetrics,2,services/issueMetrics/issueMetricsDbService.ts,services/issueMetrics/issueMetricsDbService.ts::program:IssueMetricsDbService:saveMetrics,<empty>,ANY,false,17,saveMetrics,,,1
167503724909,TYPE_DECL,,services/issueMetrics/issueMetricsDbService.ts::program:IssueMetricsDbService,TYPE_DECL,saveHistoricalSnapshot,2,services/issueMetrics/issueMetricsDbService.ts,services/issueMetrics/issueMetricsDbService.ts::program:IssueMetricsDbService:saveHistoricalSnapshot,<empty>,ANY,false,112,saveHistoricalSnapshot,,,1
167503724910,TYPE_DECL,,services/issueMetrics/issueMetricsDbService.ts::program:IssueMetricsDbService,TYPE_DECL,getMetrics,2,services/issueMetrics/issueMetricsDbService.ts,services/issueMetrics/issueMetricsDbService.ts::program:IssueMetricsDbService:getMetrics,<empty>,ANY,false,181,getMetrics,,,1
167503724911,TYPE_DECL,,services/issueMetrics/issueMetricsDbService.ts::program:IssueMetricsDbService,TYPE_DECL,getMetricsHistory,2,services/issueMetrics/issueMetricsDbService.ts,services/issueMetrics/issueMetricsDbService.ts::program:IssueMetricsDbService:getMetricsHistory,<empty>,ANY,false,201,getMetricsHistory,,,1
167503724912,TYPE_DECL,,services/issueMetrics/issueMetricsDbService.ts::program:IssueMetricsDbService,TYPE_DECL,getWeekOverWeekTrends,2,services/issueMetrics/issueMetricsDbService.ts,services/issueMetrics/issueMetricsDbService.ts::program:IssueMetricsDbService:getWeekOverWeekTrends,<empty>,ANY,false,224,getWeekOverWeekTrends,,,1
167503724913,TYPE_DECL,,services/issueMetrics/issueMetricsDbService.ts::program:IssueMetricsDbService,TYPE_DECL,calculateChange,2,services/issueMetrics/issueMetricsDbService.ts,services/issueMetrics/issueMetricsDbService.ts::program:IssueMetricsDbService:calculateChange,<empty>,ANY,false,292,calculateChange,,,1
167503724914,TYPE_DECL,,services/issueMetrics/issueMetricsDbService.ts::program:IssueMetricsDbService,TYPE_DECL,getAllMetrics,2,services/issueMetrics/issueMetricsDbService.ts,services/issueMetrics/issueMetricsDbService.ts::program:IssueMetricsDbService:getAllMetrics,<empty>,ANY,false,300,getAllMetrics,,,1
167503724915,TYPE_DECL,,services/issueMetrics/issueMetricsDbService.ts::program:IssueMetricsDbService,TYPE_DECL,deleteMetrics,2,services/issueMetrics/issueMetricsDbService.ts,services/issueMetrics/issueMetricsDbService.ts::program:IssueMetricsDbService:deleteMetrics,<empty>,ANY,false,319,deleteMetrics,,,1
167503724916,TYPE_DECL,,services/issueMetrics/issueMetricsDbService.ts:<global>,NAMESPACE_BLOCK,:program,0,services/issueMetrics/issueMetricsDbService.ts,services/issueMetrics/issueMetricsDbService.ts::program,<empty>,ANY,false,1,:program,,,1
167503724917,TYPE_DECL,,services/issueMetrics/issueMetricsSyncService.ts::program,METHOD,class IssueMetricsSyncService,0,services/issueMetrics/issueMetricsSyncService.ts,services/issueMetrics/issueMetricsSyncService.ts::program:IssueMetricsSyncService,<empty>,,false,9,IssueMetricsSyncService,,,-1
167503724918,TYPE_DECL,,services/issueMetrics/issueMetricsSyncService.ts::program:IssueMetricsSyncService,TYPE_DECL,<init>,0,services/issueMetrics/issueMetricsSyncService.ts,services/issueMetrics/issueMetricsSyncService.ts::program:IssueMetricsSyncService:<init>,<empty>,ANY,false,9,<init>,,,1
167503724919,TYPE_DECL,,services/issueMetrics/issueMetricsSyncService.ts::program:IssueMetricsSyncService,TYPE_DECL,syncIssueMetrics,2,services/issueMetrics/issueMetricsSyncService.ts,services/issueMetrics/issueMetricsSyncService.ts::program:IssueMetricsSyncService:syncIssueMetrics,<empty>,ANY,false,14,syncIssueMetrics,,,1
167503724920,TYPE_DECL,,services/issueMetrics/issueMetricsSyncService.ts::program:IssueMetricsSyncService,TYPE_DECL,fetchGitLabData,2,services/issueMetrics/issueMetricsSyncService.ts,services/issueMetrics/issueMetricsSyncService.ts::program:IssueMetricsSyncService:fetchGitLabData,<empty>,ANY,false,65,fetchGitLabData,,,1
167503724921,TYPE_DECL,,services/issueMetrics/issueMetricsSyncService.ts::program:IssueMetricsSyncService:calculateReopenRate,METHOD,<lambda>0,26,services/issueMetrics/issueMetricsSyncService.ts,services/issueMetrics/issueMetricsSyncService.ts::program:IssueMetricsSyncService:calculateReopenRate:<lambda>0,<empty>,ANY,false,207,<lambda>0,,,1
167503724922,TYPE_DECL,,services/issueMetrics/issueMetricsSyncService.ts::program:IssueMetricsSyncService,TYPE_DECL,calculateReopenRate,2,services/issueMetrics/issueMetricsSyncService.ts,services/issueMetrics/issueMetricsSyncService.ts::program:IssueMetricsSyncService:calculateReopenRate,<empty>,ANY,false,190,calculateReopenRate,,,1
167503724923,TYPE_DECL,,services/issueMetrics/issueMetricsSyncService.ts::program:IssueMetricsSyncService:calculateMRLinkRate,METHOD,<lambda>1,26,services/issueMetrics/issueMetricsSyncService.ts,services/issueMetrics/issueMetricsSyncService.ts::program:IssueMetricsSyncService:calculateMRLinkRate:<lambda>1,<empty>,ANY,false,244,<lambda>1,,,1
167503724924,TYPE_DECL,,services/issueMetrics/issueMetricsSyncService.ts::program:IssueMetricsSyncService,TYPE_DECL,calculateMRLinkRate,2,services/issueMetrics/issueMetricsSyncService.ts,services/issueMetrics/issueMetricsSyncService.ts::program:IssueMetricsSyncService:calculateMRLinkRate,<empty>,ANY,false,223,calculateMRLinkRate,,,1
167503724925,TYPE_DECL,,services/issueMetrics/issueMetricsSyncService.ts:<global>,NAMESPACE_BLOCK,:program,0,services/issueMetrics/issueMetricsSyncService.ts,services/issueMetrics/issueMetricsSyncService.ts::program,<empty>,ANY,false,1,:program,,,1
167503724926,TYPE_DECL,,services/milestoneMetrics/milestoneMetricsCalculationService.ts::program,METHOD,class MilestoneMetricsCalculationService,0,services/milestoneMetrics/milestoneMetricsCalculationService.ts,services/milestoneMetrics/milestoneMetricsCalculationService.ts::program:MilestoneMetricsCalculationService,<empty>,,false,6,MilestoneMetricsCalculationService,,,-1
167503724927,TYPE_DECL,,services/milestoneMetrics/milestoneMetricsCalculationService.ts::program:MilestoneMetricsCalculationService,TYPE_DECL,<init>,0,services/milestoneMetrics/milestoneMetricsCalculationService.ts,services/milestoneMetrics/milestoneMetricsCalculationService.ts::program:MilestoneMetricsCalculationService:<init>,<empty>,ANY,false,6,<init>,,,1
167503724928,TYPE_DECL,,services/milestoneMetrics/milestoneMetricsCalculationService.ts::program:MilestoneMetricsCalculationService:calculateMetrics,METHOD,<lambda>0,53,services/milestoneMetrics/milestoneMetricsCalculationService.ts,services/milestoneMetrics/milestoneMetricsCalculationService.ts::program:MilestoneMetricsCalculationService:calculateMetrics:<lambda>0,<empty>,ANY,false,28,<lambda>0,,,1
167503724929,TYPE_DECL,,services/milestoneMetrics/milestoneMetricsCalculationService.ts::program:MilestoneMetricsCalculationService:calculateMetrics,METHOD,<lambda>1,53,services/milestoneMetrics/milestoneMetricsCalculationService.ts,services/milestoneMetrics/milestoneMetricsCalculationService.ts::program:MilestoneMetricsCalculationService:calculateMetrics:<lambda>1,<empty>,ANY,false,33,<lambda>1,,,1
167503724930,TYPE_DECL,,services/milestoneMetrics/milestoneMetricsCalculationService.ts::program:MilestoneMetricsCalculationService:calculateMetrics,METHOD,<lambda>2,6,services/milestoneMetrics/milestoneMetricsCalculationService.ts,services/milestoneMetrics/milestoneMetricsCalculationService.ts::program:MilestoneMetricsCalculationService:calculateMetrics:<lambda>2,<empty>,ANY,false,39,<lambda>2,,,1
167503724931,TYPE_DECL,,services/milestoneMetrics/milestoneMetricsCalculationService.ts::program:MilestoneMetricsCalculationService,TYPE_DECL,calculateMetrics,2,services/milestoneMetrics/milestoneMetricsCalculationService.ts,services/milestoneMetrics/milestoneMetricsCalculationService.ts::program:MilestoneMetricsCalculationService:calculateMetrics,<empty>,ANY,false,10,calculateMetrics,,,1
167503724932,TYPE_DECL,,services/milestoneMetrics/milestoneMetricsCalculationService.ts:<global>,NAMESPACE_BLOCK,:program,0,services/milestoneMetrics/milestoneMetricsCalculationService.ts,services/milestoneMetrics/milestoneMetricsCalculationService.ts::program,<empty>,ANY,false,1,:program,,,1
167503724933,TYPE_DECL,,services/milestoneMetrics/milestoneMetricsDbService.ts::program,METHOD,class MilestoneMetricsDbService,0,services/milestoneMetrics/milestoneMetricsDbService.ts,services/milestoneMetrics/milestoneMetricsDbService.ts::program:MilestoneMetricsDbService,<empty>,,false,7,MilestoneMetricsDbService,,,-1
167503724934,TYPE_DECL,,services/milestoneMetrics/milestoneMetricsDbService.ts::program:MilestoneMetricsDbService,TYPE_DECL,<init>,0,services/milestoneMetrics/milestoneMetricsDbService.ts,services/milestoneMetrics/milestoneMetricsDbService.ts::program:MilestoneMetricsDbService:<init>,<empty>,ANY,false,7,<init>,,,1
167503724935,TYPE_DECL,,services/milestoneMetrics/milestoneMetricsDbService.ts::program:MilestoneMetricsDbService,TYPE_DECL,saveMetrics,2,services/milestoneMetrics/milestoneMetricsDbService.ts,services/milestoneMetrics/milestoneMetricsDbService.ts::program:MilestoneMetricsDbService:saveMetrics,<empty>,ANY,false,11,saveMetrics,,,1
167503724936,TYPE_DECL,,services/milestoneMetrics/milestoneMetricsDbService.ts::program:MilestoneMetricsDbService,TYPE_DECL,getMetrics,2,services/milestoneMetrics/milestoneMetricsDbService.ts,services/milestoneMetrics/milestoneMetricsDbService.ts::program:MilestoneMetricsDbService:getMetrics,<empty>,ANY,false,48,getMetrics,,,1
167503724937,TYPE_DECL,,services/milestoneMetrics/milestoneMetricsDbService.ts:<global>,NAMESPACE_BLOCK,:program,0,services/milestoneMetrics/milestoneMetricsDbService.ts,services/milestoneMetrics/milestoneMetricsDbService.ts::program,<empty>,ANY,false,1,:program,,,1
167503724938,TYPE_DECL,,services/milestoneMetrics/milestoneMetricsSyncService.ts::program:GitLabMilestone,TYPE_DECL,<init>,0,services/milestoneMetrics/milestoneMetricsSyncService.ts,services/milestoneMetrics/milestoneMetricsSyncService.ts::program:GitLabMilestone:<init>,<empty>,ANY,false,10,<init>,,,1
167503724939,TYPE_DECL,,services/milestoneMetrics/milestoneMetricsSyncService.ts::program,METHOD,interface GitLabMilestone,0,services/milestoneMetrics/milestoneMetricsSyncService.ts,services/milestoneMetrics/milestoneMetricsSyncService.ts::program:GitLabMilestone,<empty>,,false,10,GitLabMilestone,,,6
167503724940,TYPE_DECL,,services/milestoneMetrics/milestoneMetricsSyncService.ts::program,METHOD,class MilestoneMetricsSyncService,0,services/milestoneMetrics/milestoneMetricsSyncService.ts,services/milestoneMetrics/milestoneMetricsSyncService.ts::program:MilestoneMetricsSyncService,<empty>,,false,22,MilestoneMetricsSyncService,,,-1
167503724941,TYPE_DECL,,services/milestoneMetrics/milestoneMetricsSyncService.ts::program:MilestoneMetricsSyncService,TYPE_DECL,<init>,0,services/milestoneMetrics/milestoneMetricsSyncService.ts,services/milestoneMetrics/milestoneMetricsSyncService.ts::program:MilestoneMetricsSyncService:<init>,<empty>,ANY,false,22,<init>,,,1
167503724942,TYPE_DECL,,services/milestoneMetrics/milestoneMetricsSyncService.ts::program:MilestoneMetricsSyncService,TYPE_DECL,syncMilestoneMetrics,2,services/milestoneMetrics/milestoneMetricsSyncService.ts,services/milestoneMetrics/milestoneMetricsSyncService.ts::program:MilestoneMetricsSyncService:syncMilestoneMetrics,<empty>,ANY,false,26,syncMilestoneMetrics,,,1
167503724943,TYPE_DECL,,services/milestoneMetrics/milestoneMetricsSyncService.ts::program:MilestoneMetricsSyncService:fetchIssueCounts,METHOD,<lambda>0,21,services/milestoneMetrics/milestoneMetricsSyncService.ts,services/milestoneMetrics/milestoneMetricsSyncService.ts::program:MilestoneMetricsSyncService:fetchIssueCounts:<lambda>0,<empty>,ANY,false,81,<lambda>0,,,1
167503724944,TYPE_DECL,,services/milestoneMetrics/milestoneMetricsSyncService.ts::program:MilestoneMetricsSyncService,TYPE_DECL,fetchIssueCounts,2,services/milestoneMetrics/milestoneMetricsSyncService.ts,services/milestoneMetrics/milestoneMetricsSyncService.ts::program:MilestoneMetricsSyncService:fetchIssueCounts,<empty>,ANY,false,77,fetchIssueCounts,,,1
167503724945,TYPE_DECL,,services/milestoneMetrics/milestoneMetricsSyncService.ts:<global>,NAMESPACE_BLOCK,:program,0,services/milestoneMetrics/milestoneMetricsSyncService.ts,services/milestoneMetrics/milestoneMetricsSyncService.ts::program,<empty>,ANY,false,1,:program,,,1
167503724946,TYPE_DECL,,services/mrMetrics/mrMetricsCalculationService.ts::program,METHOD,class MRMetricsCalculationService,0,services/mrMetrics/mrMetricsCalculationService.ts,services/mrMetrics/mrMetricsCalculationService.ts::program:MRMetricsCalculationService,<empty>,,false,8,MRMetricsCalculationService,,,-1
167503724947,TYPE_DECL,,services/mrMetrics/mrMetricsCalculationService.ts::program:MRMetricsCalculationService,TYPE_DECL,<init>,0,services/mrMetrics/mrMetricsCalculationService.ts,services/mrMetrics/mrMetricsCalculationService.ts::program:MRMetricsCalculationService:<init>,<empty>,ANY,false,8,<init>,,,1
167503724948,TYPE_DECL,services/mrMetrics/mrMetricsCalculationService.ts::program:MRMetricsCalculationService:calculateMetrics:<anon-class>0,services/mrMetrics/mrMetricsCalculationService.ts::program:MRMetricsCalculationService:calculateMetrics,METHOD,{ totalComments: number; checked: number },18,services/mrMetrics/mrMetricsCalculationService.ts,services/mrMetrics/mrMetricsCalculationService.ts::program:MRMetricsCalculationService:calculateMetrics:<anon-class>1,<empty>,,false,23,<anon-class>1,,,-1
167503724949,TYPE_DECL,,services/mrMetrics/mrMetricsCalculationService.ts::program:MRMetricsCalculationService:calculateMetrics,METHOD,{ totalComments: number; checked: number },18,services/mrMetrics/mrMetricsCalculationService.ts,services/mrMetrics/mrMetricsCalculationService.ts::program:MRMetricsCalculationService:calculateMetrics:<anon-class>0,<empty>,,false,23,<anon-class>0,,,1
167503724950,TYPE_DECL,services/mrMetrics/mrMetricsCalculationService.ts::program:MRMetricsCalculationService:calculateMetrics:<anon-class>2,services/mrMetrics/mrMetricsCalculationService.ts::program:MRMetricsCalculationService:calculateMetrics,METHOD,{ reverted: number; checked: number },16,services/mrMetrics/mrMetricsCalculationService.ts,services/mrMetrics/mrMetricsCalculationService.ts::program:MRMetricsCalculationService:calculateMetrics:<anon-class>3,<empty>,,false,24,<anon-class>3,,,-1
167503724951,TYPE_DECL,,services/mrMetrics/mrMetricsCalculationService.ts::program:MRMetricsCalculationService:calculateMetrics,METHOD,{ reverted: number; checked: number },16,services/mrMetrics/mrMetricsCalculationService.ts,services/mrMetrics/mrMetricsCalculationService.ts::program:MRMetricsCalculationService:calculateMetrics:<anon-class>2,<empty>,,false,24,<anon-class>2,,,1
167503724952,TYPE_DECL,services/mrMetrics/mrMetricsCalculationService.ts::program:MRMetricsCalculationService:calculateMetrics:<anon-class>4,services/mrMetrics/mrMetricsCalculationService.ts::program:MRMetricsCalculationService:calculateMetrics,METHOD,{ totalReviewers: number; checked: number },19,services/mrMetrics/mrMetricsCalculationService.ts,services/mrMetrics/mrMetricsCalculationService.ts::program:MRMetricsCalculationService:calculateMetrics:<anon-class>5,<empty>,,false,25,<anon-class>5,,,-1
167503724953,TYPE_DECL,,services/mrMetrics/mrMetricsCalculationService.ts::program:MRMetricsCalculationService:calculateMetrics,METHOD,{ totalReviewers: number; checked: number },19,services/mrMetrics/mrMetricsCalculationService.ts,services/mrMetrics/mrMetricsCalculationService.ts::program:MRMetricsCalculationService:calculateMetrics:<anon-class>4,<empty>,,false,25,<anon-class>4,,,1
167503724954,TYPE_DECL,,services/mrMetrics/mrMetricsCalculationService.ts::program:MRMetricsCalculationService,TYPE_DECL,calculateMetrics,2,services/mrMetrics/mrMetricsCalculationService.ts,services/mrMetrics/mrMetricsCalculationService.ts::program:MRMetricsCalculationService:calculateMetrics,<empty>,ANY,false,13,calculateMetrics,,,1
167503724955,TYPE_DECL,,services/mrMetrics/mrMetricsCalculationService.ts::program:MRMetricsCalculationService:calculateMergeTime,METHOD,<lambda>0,22,services/mrMetrics/mrMetricsCalculationService.ts,services/mrMetrics/mrMetricsCalculationService.ts::program:MRMetricsCalculationService:calculateMergeTime:<lambda>0,<empty>,ANY,false,129,<lambda>0,,,1
167503724956,TYPE_DECL,,services/mrMetrics/mrMetricsCalculationService.ts::program:MRMetricsCalculationService,TYPE_DECL,calculateMergeTime,2,services/mrMetrics/mrMetricsCalculationService.ts,services/mrMetrics/mrMetricsCalculationService.ts::program:MRMetricsCalculationService:calculateMergeTime,<empty>,ANY,false,125,calculateMergeTime,,,1
167503724957,TYPE_DECL,,services/mrMetrics/mrMetricsCalculationService.ts::program:MRMetricsCalculationService,TYPE_DECL,calculateAvgComments,2,services/mrMetrics/mrMetricsCalculationService.ts,services/mrMetrics/mrMetricsCalculationService.ts::program:MRMetricsCalculationService:calculateAvgComments,<empty>,ANY,false,153,calculateAvgComments,,,1
167503724958,TYPE_DECL,,services/mrMetrics/mrMetricsCalculationService.ts::program:MRMetricsCalculationService,TYPE_DECL,calculateRevertRate,2,services/mrMetrics/mrMetricsCalculationService.ts,services/mrMetrics/mrMetricsCalculationService.ts::program:MRMetricsCalculationService:calculateRevertRate,<empty>,ANY,false,166,calculateRevertRate,,,1
167503724959,TYPE_DECL,,services/mrMetrics/mrMetricsCalculationService.ts::program:MRMetricsCalculationService:calculateStaleMRs,METHOD,<lambda>1,20,services/mrMetrics/mrMetricsCalculationService.ts,services/mrMetrics/mrMetricsCalculationService.ts::program:MRMetricsCalculationService:calculateStaleMRs:<lambda>1,<empty>,ANY,false,185,<lambda>1,,,1
167503724960,TYPE_DECL,,services/mrMetrics/mrMetricsCalculationService.ts::program:MRMetricsCalculationService,TYPE_DECL,calculateStaleMRs,2,services/mrMetrics/mrMetricsCalculationService.ts,services/mrMetrics/mrMetricsCalculationService.ts::program:MRMetricsCalculationService:calculateStaleMRs,<empty>,ANY,false,179,calculateStaleMRs,,,1
167503724961,TYPE_DECL,,services/mrMetrics/mrMetricsCalculationService.ts::program:MRMetricsCalculationService,TYPE_DECL,calculateAvgReviewers,2,services/mrMetrics/mrMetricsCalculationService.ts,services/mrMetrics/mrMetricsCalculationService.ts::program:MRMetricsCalculationService:calculateAvgReviewers,<empty>,ANY,false,206,calculateAvgReviewers,,,1
167503724962,TYPE_DECL,,services/mrMetrics/mrMetricsCalculationService.ts::program:MRMetricsCalculationService,TYPE_DECL,getMergeVelocityAlertLevel,2,services/mrMetrics/mrMetricsCalculationService.ts,services/mrMetrics/mrMetricsCalculationService.ts::program:MRMetricsCalculationService:getMergeVelocityAlertLevel,<empty>,ANY,false,223,getMergeVelocityAlertLevel,,,1
167503724963,TYPE_DECL,,services/mrMetrics/mrMetricsCalculationService.ts::program:MRMetricsCalculationService,TYPE_DECL,getMergeTimeAlertLevel,2,services/mrMetrics/mrMetricsCalculationService.ts,services/mrMetrics/mrMetricsCalculationService.ts::program:MRMetricsCalculationService:getMergeTimeAlertLevel,<empty>,ANY,false,232,getMergeTimeAlertLevel,,,1
167503724964,TYPE_DECL,,services/mrMetrics/mrMetricsCalculationService.ts::program:MRMetricsCalculationService,TYPE_DECL,getRevertRateAlertLevel,2,services/mrMetrics/mrMetricsCalculationService.ts,services/mrMetrics/mrMetricsCalculationService.ts::program:MRMetricsCalculationService:getRevertRateAlertLevel,<empty>,ANY,false,241,getRevertRateAlertLevel,,,1
167503724965,TYPE_DECL,,services/mrMetrics/mrMetricsCalculationService.ts::program:MRMetricsCalculationService,TYPE_DECL,calculateClosureRate,2,services/mrMetrics/mrMetricsCalculationService.ts,services/mrMetrics/mrMetricsCalculationService.ts::program:MRMetricsCalculationService:calculateClosureRate,<empty>,ANY,false,250,calculateClosureRate,,,1
167503724966,TYPE_DECL,,services/mrMetrics/mrMetricsCalculationService.ts::program:MRMetricsCalculationService,TYPE_DECL,getStaleMRsAlertLevel,2,services/mrMetrics/mrMetricsCalculationService.ts,services/mrMetrics/mrMetricsCalculationService.ts::program:MRMetricsCalculationService:getStaleMRsAlertLevel,<empty>,ANY,false,261,getStaleMRsAlertLevel,,,1
167503724967,TYPE_DECL,,services/mrMetrics/mrMetricsCalculationService.ts:<global>,NAMESPACE_BLOCK,:program,0,services/mrMetrics/mrMetricsCalculationService.ts,services/mrMetrics/mrMetricsCalculationService.ts::program,<empty>,ANY,false,1,:program,,,1
167503724968,TYPE_DECL,,services/mrMetrics/mrMetricsDbService.ts::program,METHOD,class MRMetricsDbService,0,services/mrMetrics/mrMetricsDbService.ts,services/mrMetrics/mrMetricsDbService.ts::program:MRMetricsDbService,<empty>,,false,13,MRMetricsDbService,,,-1
167503724969,TYPE_DECL,,services/mrMetrics/mrMetricsDbService.ts::program:MRMetricsDbService,TYPE_DECL,<init>,0,services/mrMetrics/mrMetricsDbService.ts,services/mrMetrics/mrMetricsDbService.ts::program:MRMetricsDbService:<init>,<empty>,ANY,false,13,<init>,,,1
167503724970,TYPE_DECL,,services/mrMetrics/mrMetricsDbService.ts::program:MRMetricsDbService,TYPE_DECL,saveMetrics,2,services/mrMetrics/mrMetricsDbService.ts,services/mrMetrics/mrMetricsDbService.ts::program:MRMetricsDbService:saveMetrics,<empty>,ANY,false,18,saveMetrics,,,1
167503724971,TYPE_DECL,,services/mrMetrics/mrMetricsDbService.ts::program:MRMetricsDbService,TYPE_DECL,saveHistoricalSnapshot,2,services/mrMetrics/mrMetricsDbService.ts,services/mrMetrics/mrMetricsDbService.ts::program:MRMetricsDbService:saveHistoricalSnapshot,<empty>,ANY,false,107,saveHistoricalSnapshot,,,1
167503724972,TYPE_DECL,,services/mrMetrics/mrMetricsDbService.ts::program:MRMetricsDbService,TYPE_DECL,getMetrics,2,services/mrMetrics/mrMetricsDbService.ts,services/mrMetrics/mrMetricsDbService.ts::program:MRMetricsDbService:getMetrics,<empty>,ANY,false,176,getMetrics,,,1
167503724973,TYPE_DECL,,services/mrMetrics/mrMetricsDbService.ts::program:MRMetricsDbService,TYPE_DECL,getMetricsHistory,2,services/mrMetrics/mrMetricsDbService.ts,services/mrMetrics/mrMetricsDbService.ts::program:MRMetricsDbService:getMetricsHistory,<empty>,ANY,false,196,getMetricsHistory,,,1
167503724974,TYPE_DECL,,services/mrMetrics/mrMetricsDbService.ts::program:MRMetricsDbService,TYPE_DECL,getWeekOverWeekTrends,2,services/mrMetrics/mrMetricsDbService.ts,services/mrMetrics/mrMetricsDbService.ts::program:MRMetricsDbService:getWeekOverWeekTrends,<empty>,ANY,false,219,getWeekOverWeekTrends,,,1
167503724975,TYPE_DECL,,services/mrMetrics/mrMetricsDbService.ts::program:MRMetricsDbService,TYPE_DECL,calculateChange,2,services/mrMetrics/mrMetricsDbService.ts,services/mrMetrics/mrMetricsDbService.ts::program:MRMetricsDbService:calculateChange,<empty>,ANY,false,277,calculateChange,,,1
167503724976,TYPE_DECL,,services/mrMetrics/mrMetricsDbService.ts::program:MRMetricsDbService,TYPE_DECL,getAllMetrics,2,services/mrMetrics/mrMetricsDbService.ts,services/mrMetrics/mrMetricsDbService.ts::program:MRMetricsDbService:getAllMetrics,<empty>,ANY,false,285,getAllMetrics,,,1
167503724977,TYPE_DECL,,services/mrMetrics/mrMetricsDbService.ts::program:MRMetricsDbService,TYPE_DECL,deleteMetrics,2,services/mrMetrics/mrMetricsDbService.ts,services/mrMetrics/mrMetricsDbService.ts::program:MRMetricsDbService:deleteMetrics,<empty>,ANY,false,304,deleteMetrics,,,1
167503724978,TYPE_DECL,,services/mrMetrics/mrMetricsDbService.ts:<global>,NAMESPACE_BLOCK,:program,0,services/mrMetrics/mrMetricsDbService.ts,services/mrMetrics/mrMetricsDbService.ts::program,<empty>,ANY,false,1,:program,,,1
167503724979,TYPE_DECL,,services/mrMetrics/mrMetricsSyncService.ts::program,METHOD,class MRMetricsSyncService,0,services/mrMetrics/mrMetricsSyncService.ts,services/mrMetrics/mrMetricsSyncService.ts::program:MRMetricsSyncService,<empty>,,false,10,MRMetricsSyncService,,,-1
167503724980,TYPE_DECL,,services/mrMetrics/mrMetricsSyncService.ts::program:MRMetricsSyncService,TYPE_DECL,<init>,0,services/mrMetrics/mrMetricsSyncService.ts,services/mrMetrics/mrMetricsSyncService.ts::program:MRMetricsSyncService:<init>,<empty>,ANY,false,10,<init>,,,1
167503724981,TYPE_DECL,,services/mrMetrics/mrMetricsSyncService.ts::program:MRMetricsSyncService,TYPE_DECL,syncMRMetrics,2,services/mrMetrics/mrMetricsSyncService.ts,services/mrMetrics/mrMetricsSyncService.ts::program:MRMetricsSyncService:syncMRMetrics,<empty>,ANY,false,15,syncMRMetrics,,,1
167503724982,TYPE_DECL,,services/mrMetrics/mrMetricsSyncService.ts::program:MRMetricsSyncService,TYPE_DECL,fetchGitLabData,2,services/mrMetrics/mrMetricsSyncService.ts,services/mrMetrics/mrMetricsSyncService.ts::program:MRMetricsSyncService:fetchGitLabData,<empty>,ANY,false,64,fetchGitLabData,,,1
167503724983,TYPE_DECL,,services/mrMetrics/mrMetricsSyncService.ts::program:MRMetricsSyncService:calculateReviewComments,METHOD,<lambda>0,44,services/mrMetrics/mrMetricsSyncService.ts,services/mrMetrics/mrMetricsSyncService.ts::program:MRMetricsSyncService:calculateReviewComments:<lambda>0,<empty>,ANY,false,160,<lambda>0,,,1
167503724984,TYPE_DECL,,services/mrMetrics/mrMetricsSyncService.ts::program:MRMetricsSyncService:calculateReviewComments,METHOD,<lambda>1,26,services/mrMetrics/mrMetricsSyncService.ts,services/mrMetrics/mrMetricsSyncService.ts::program:MRMetricsSyncService:calculateReviewComments:<lambda>1,<empty>,ANY,false,164,<lambda>1,,,1
167503724985,TYPE_DECL,,services/mrMetrics/mrMetricsSyncService.ts::program:MRMetricsSyncService,TYPE_DECL,calculateReviewComments,2,services/mrMetrics/mrMetricsSyncService.ts,services/mrMetrics/mrMetricsSyncService.ts::program:MRMetricsSyncService:calculateReviewComments,<empty>,ANY,false,150,calculateReviewComments,,,1
167503724986,TYPE_DECL,,services/mrMetrics/mrMetricsSyncService.ts::program:MRMetricsSyncService:calculateRevertRateFromData,METHOD,<lambda>2,45,services/mrMetrics/mrMetricsSyncService.ts,services/mrMetrics/mrMetricsSyncService.ts::program:MRMetricsSyncService:calculateRevertRateFromData:<lambda>2,<empty>,ANY,false,191,<lambda>2,,,1
167503724987,TYPE_DECL,,services/mrMetrics/mrMetricsSyncService.ts::program:MRMetricsSyncService,TYPE_DECL,calculateRevertRateFromData,2,services/mrMetrics/mrMetricsSyncService.ts,services/mrMetrics/mrMetricsSyncService.ts::program:MRMetricsSyncService:calculateRevertRateFromData,<empty>,ANY,false,180,calculateRevertRateFromData,,,1
167503724988,TYPE_DECL,,services/mrMetrics/mrMetricsSyncService.ts::program:MRMetricsSyncService,TYPE_DECL,calculateAvgReviewersFromData,2,services/mrMetrics/mrMetricsSyncService.ts,services/mrMetrics/mrMetricsSyncService.ts::program:MRMetricsSyncService:calculateAvgReviewersFromData,<empty>,ANY,false,209,calculateAvgReviewersFromData,,,1
167503724989,TYPE_DECL,,services/mrMetrics/mrMetricsSyncService.ts:<global>,NAMESPACE_BLOCK,:program,0,services/mrMetrics/mrMetricsSyncService.ts,services/mrMetrics/mrMetricsSyncService.ts::program,<empty>,ANY,false,1,:program,,,1
167503724990,TYPE_DECL,,services/project/index.ts:<global>,NAMESPACE_BLOCK,:program,0,services/project/index.ts,services/project/index.ts::program,<empty>,ANY,false,1,:program,,,1
167503724991,TYPE_DECL,,services/project/projectEnrichmentService.ts::program:EnrichedProject,TYPE_DECL,<init>,0,services/project/projectEnrichmentService.ts,services/project/projectEnrichmentService.ts::program:EnrichedProject:<init>,<empty>,ANY,false,10,<init>,,,1
167503724992,TYPE_DECL,,services/project/projectEnrichmentService.ts::program,METHOD,interface EnrichedProject,0,services/project/projectEnrichmentService.ts,services/project/projectEnrichmentService.ts::program:EnrichedProject,<empty>,,false,10,EnrichedProject,,,8
167503724993,TYPE_DECL,,services/project/projectEnrichmentService.ts::program,METHOD,class ProjectEnrichmentService,0,services/project/projectEnrichmentService.ts,services/project/projectEnrichmentService.ts::program:ProjectEnrichmentService,<empty>,,false,35,ProjectEnrichmentService,,,-1
167503724994,TYPE_DECL,,services/project/projectEnrichmentService.ts::program:ProjectEnrichmentService:<init>,METHOD,<lambda>0,25,services/project/projectEnrichmentService.ts,services/project/projectEnrichmentService.ts::program:ProjectEnrichmentService:<init>:<lambda>0,<empty>,ANY,false,39,<lambda>0,,,1
167503724995,TYPE_DECL,,services/project/projectEnrichmentService.ts::program:ProjectEnrichmentService:<init>,METHOD,<lambda>1,27,services/project/projectEnrichmentService.ts,services/project/projectEnrichmentService.ts::program:ProjectEnrichmentService:<init>:<lambda>1,<empty>,ANY,false,49,<lambda>1,,,1
167503724996,TYPE_DECL,,services/project/projectEnrichmentService.ts::program:ProjectEnrichmentService:<init>,METHOD,<lambda>2,24,services/project/projectEnrichmentService.ts,services/project/projectEnrichmentService.ts::program:ProjectEnrichmentService:<init>:<lambda>2,<empty>,ANY,false,62,<lambda>2,,,1
167503724997,TYPE_DECL,,services/project/projectEnrichmentService.ts::program:ProjectEnrichmentService:<init>,METHOD,<lambda>3,31,services/project/projectEnrichmentService.ts,services/project/projectEnrichmentService.ts::program:ProjectEnrichmentService:<init>:<lambda>3,<empty>,ANY,false,72,<lambda>3,,,1
167503724998,TYPE_DECL,,services/project/projectEnrichmentService.ts::program:ProjectEnrichmentService:<init>,METHOD,<lambda>4,18,services/project/projectEnrichmentService.ts,services/project/projectEnrichmentService.ts::program:ProjectEnrichmentService:<init>:<lambda>4,<empty>,ANY,false,85,<lambda>4,,,1
167503724999,TYPE_DECL,,services/project/projectEnrichmentService.ts::program:ProjectEnrichmentService:<init>:<lambda>5,METHOD,<lambda>6,42,services/project/projectEnrichmentService.ts,services/project/projectEnrichmentService.ts::program:ProjectEnrichmentService:<init>:<lambda>5:<lambda>6,<empty>,ANY,false,145,<lambda>6,,,1
167503725000,TYPE_DECL,,services/project/projectEnrichmentService.ts::program:ProjectEnrichmentService:<init>,METHOD,<lambda>5,19,services/project/projectEnrichmentService.ts,services/project/projectEnrichmentService.ts::program:ProjectEnrichmentService:<init>:<lambda>5,<empty>,ANY,false,144,<lambda>5,,,1
167503725001,TYPE_DECL,,services/project/projectEnrichmentService.ts::program:ProjectEnrichmentService,TYPE_DECL,<init>,0,services/project/projectEnrichmentService.ts,services/project/projectEnrichmentService.ts::program:ProjectEnrichmentService:<init>,<empty>,ANY,false,35,<init>,,,1
167503725002,TYPE_DECL,,services/project/projectEnrichmentService.ts:<global>,NAMESPACE_BLOCK,:program,0,services/project/projectEnrichmentService.ts,services/project/projectEnrichmentService.ts::program,<empty>,ANY,false,1,:program,,,1
167503725003,TYPE_DECL,,services/project/projectFetchService.ts::program,METHOD,class rojectFetchService,1,services/project/projectFetchService.ts,services/project/projectFetchService.ts::program:rojectFetchService,<empty>,,false,6,rojectFetchService,,,-1
167503725004,TYPE_DECL,,services/project/projectFetchService.ts::program:rojectFetchService:<init>,METHOD,<lambda>0,26,services/project/projectFetchService.ts,services/project/projectFetchService.ts::program:rojectFetchService:<init>:<lambda>0,<empty>,ANY,false,12,<lambda>0,,,1
167503725005,TYPE_DECL,,services/project/projectFetchService.ts::program:rojectFetchService:<init>,METHOD,<lambda>1,30,services/project/projectFetchService.ts,services/project/projectFetchService.ts::program:rojectFetchService:<init>:<lambda>1,<empty>,ANY,false,23,<lambda>1,,,1
167503725006,TYPE_DECL,,services/project/projectFetchService.ts::program:rojectFetchService:<init>,METHOD,<lambda>2,26,services/project/projectFetchService.ts,services/project/projectFetchService.ts::program:rojectFetchService:<init>:<lambda>2,<empty>,ANY,false,33,<lambda>2,,,1
167503725007,TYPE_DECL,,services/project/projectFetchService.ts::program:rojectFetchService,TYPE_DECL,<init>,1,services/project/projectFetchService.ts,services/project/projectFetchService.ts::program:rojectFetchService:<init>,<empty>,ANY,false,6,<init>,,,1
167503725008,TYPE_DECL,,services/project/projectFetchService.ts:<global>,NAMESPACE_BLOCK,:program,0,services/project/projectFetchService.ts,services/project/projectFetchService.ts::program,<empty>,ANY,false,1,:program,,,1
167503725009,TYPE_DECL,,services/project/projectRefreshService.ts::program:SnapshotData,TYPE_DECL,<init>,0,services/project/projectRefreshService.ts,services/project/projectRefreshService.ts::program:SnapshotData:<init>,<empty>,ANY,false,11,<init>,,,1
167503725010,TYPE_DECL,,services/project/projectRefreshService.ts::program,METHOD,interface SnapshotData,0,services/project/projectRefreshService.ts,services/project/projectRefreshService.ts::program:SnapshotData,<empty>,,false,11,SnapshotData,,,9
167503725011,TYPE_DECL,,services/project/projectRefreshService.ts::program,METHOD,class ProjectRefreshService,0,services/project/projectRefreshService.ts,services/project/projectRefreshService.ts::program:ProjectRefreshService,<empty>,,false,27,ProjectRefreshService,,,-1
167503725012,TYPE_DECL,,services/project/projectRefreshService.ts::program:ProjectRefreshService:<init>,METHOD,<lambda>0,31,services/project/projectRefreshService.ts,services/project/projectRefreshService.ts::program:ProjectRefreshService:<init>:<lambda>0,<empty>,ANY,false,33,<lambda>0,,,1
167503725013,TYPE_DECL,,services/project/projectRefreshService.ts::program:ProjectRefreshService:<init>,METHOD,<lambda>1,28,services/project/projectRefreshService.ts,services/project/projectRefreshService.ts::program:ProjectRefreshService:<init>:<lambda>1,<empty>,ANY,false,46,<lambda>1,,,1
167503725014,TYPE_DECL,,services/project/projectRefreshService.ts::program:ProjectRefreshService:<init>:<lambda>2,METHOD,<lambda>3,47,services/project/projectRefreshService.ts,services/project/projectRefreshService.ts::program:ProjectRefreshService:<init>:<lambda>2:<lambda>3,<empty>,ANY,false,63,<lambda>3,,,1
167503725015,TYPE_DECL,,services/project/projectRefreshService.ts::program:ProjectRefreshService:<init>,METHOD,<lambda>2,35,services/project/projectRefreshService.ts,services/project/projectRefreshService.ts::program:ProjectRefreshService:<init>:<lambda>2,<empty>,ANY,false,59,<lambda>2,,,1
167503725016,TYPE_DECL,,services/project/projectRefreshService.ts::program:ProjectRefreshService:<init>,METHOD,<lambda>4,31,services/project/projectRefreshService.ts,services/project/projectRefreshService.ts::program:ProjectRefreshService:<init>:<lambda>4,<empty>,ANY,false,74,<lambda>4,,,1
167503725017,TYPE_DECL,,services/project/projectRefreshService.ts::program:ProjectRefreshService:<init>,METHOD,<lambda>5,19,services/project/projectRefreshService.ts,services/project/projectRefreshService.ts::program:ProjectRefreshService:<init>:<lambda>5,<empty>,ANY,false,122,<lambda>5,,,1
167503725018,TYPE_DECL,,services/project/projectRefreshService.ts::program:ProjectRefreshService:<init>,METHOD,<lambda>6,30,services/project/projectRefreshService.ts,services/project/projectRefreshService.ts::program:ProjectRefreshService:<init>:<lambda>6,<empty>,ANY,false,137,<lambda>6,,,1
167503725019,TYPE_DECL,,services/project/projectRefreshService.ts::program:ProjectRefreshService,TYPE_DECL,<init>,0,services/project/projectRefreshService.ts,services/project/projectRefreshService.ts::program:ProjectRefreshService:<init>,<empty>,ANY,false,27,<init>,,,1
167503725020,TYPE_DECL,,services/project/projectRefreshService.ts:<global>,NAMESPACE_BLOCK,:program,0,services/project/projectRefreshService.ts,services/project/projectRefreshService.ts::program,<empty>,ANY,false,1,:program,,,1
167503725021,TYPE_DECL,,services/project/projectSyncService.ts::program,METHOD,class ProjectSyncService,0,services/project/projectSyncService.ts,services/project/projectSyncService.ts::program:ProjectSyncService,<empty>,,false,9,ProjectSyncService,,,-1
167503725022,TYPE_DECL,,services/project/projectSyncService.ts::program:ProjectSyncService:<init>:<lambda>0,METHOD,<lambda>1,26,services/project/projectSyncService.ts,services/project/projectSyncService.ts::program:ProjectSyncService:<init>:<lambda>0:<lambda>1,<empty>,ANY,false,57,<lambda>1,,,1
167503725023,TYPE_DECL,,services/project/projectSyncService.ts::program:ProjectSyncService:<init>,METHOD,<lambda>0,20,services/project/projectSyncService.ts,services/project/projectSyncService.ts::program:ProjectSyncService:<init>:<lambda>0,<empty>,ANY,false,15,<lambda>0,,,1
167503725024,TYPE_DECL,,services/project/projectSyncService.ts::program:ProjectSyncService:<init>:<lambda>2,METHOD,<lambda>3,88,services/project/projectSyncService.ts,services/project/projectSyncService.ts::program:ProjectSyncService:<init>:<lambda>2:<lambda>3,<empty>,ANY,false,89,<lambda>3,,,1
167503725025,TYPE_DECL,,services/project/projectSyncService.ts::program:ProjectSyncService:<init>:<lambda>2,METHOD,<lambda>4,43,services/project/projectSyncService.ts,services/project/projectSyncService.ts::program:ProjectSyncService:<init>:<lambda>2:<lambda>4,<empty>,ANY,false,115,<lambda>4,,,1
167503725026,TYPE_DECL,,services/project/projectSyncService.ts::program:ProjectSyncService:<init>,METHOD,<lambda>2,16,services/project/projectSyncService.ts,services/project/projectSyncService.ts::program:ProjectSyncService:<init>:<lambda>2,<empty>,ANY,false,84,<lambda>2,,,1
167503725027,TYPE_DECL,,services/project/projectSyncService.ts::program:ProjectSyncService,TYPE_DECL,<init>,0,services/project/projectSyncService.ts,services/project/projectSyncService.ts::program:ProjectSyncService:<init>,<empty>,ANY,false,9,<init>,,,1
167503725028,TYPE_DECL,,services/project/projectSyncService.ts:<global>,NAMESPACE_BLOCK,:program,0,services/project/projectSyncService.ts,services/project/projectSyncService.ts::program,<empty>,ANY,false,1,:program,,,1
167503725029,TYPE_DECL,,services/project/projectTransformService.ts::program:DbProject,TYPE_DECL,<init>,0,services/project/projectTransformService.ts,services/project/projectTransformService.ts::program:DbProject:<init>,<empty>,ANY,false,2,<init>,,,1
167503725030,TYPE_DECL,,services/project/projectTransformService.ts::program,METHOD,interface DbProject,0,services/project/projectTransformService.ts,services/project/projectTransformService.ts::program:DbProject,<empty>,,false,2,DbProject,,,1
167503725031,TYPE_DECL,,services/project/projectTransformService.ts::program,METHOD,class ProjectTransformService,0,services/project/projectTransformService.ts,services/project/projectTransformService.ts::program:ProjectTransformService,<empty>,,false,34,ProjectTransformService,,,-1
167503725032,TYPE_DECL,,services/project/projectTransformService.ts::program:ProjectTransformService:<init>,METHOD,<lambda>0,18,services/project/projectTransformService.ts,services/project/projectTransformService.ts::program:ProjectTransformService:<init>:<lambda>0,<empty>,ANY,false,38,<lambda>0,,,1
167503725033,TYPE_DECL,,services/project/projectTransformService.ts::program:ProjectTransformService:<init>:<lambda>1,METHOD,<lambda>2,26,services/project/projectTransformService.ts,services/project/projectTransformService.ts::program:ProjectTransformService:<init>:<lambda>1:<lambda>2,<empty>,ANY,false,75,<lambda>2,,,1
167503725034,TYPE_DECL,,services/project/projectTransformService.ts::program:ProjectTransformService:<init>,METHOD,<lambda>1,22,services/project/projectTransformService.ts,services/project/projectTransformService.ts::program:ProjectTransformService:<init>:<lambda>1,<empty>,ANY,false,74,<lambda>1,,,1
167503725035,TYPE_DECL,,services/project/projectTransformService.ts::program:ProjectTransformService,TYPE_DECL,<init>,0,services/project/projectTransformService.ts,services/project/projectTransformService.ts::program:ProjectTransformService:<init>,<empty>,ANY,false,34,<init>,,,1
167503725036,TYPE_DECL,,services/project/projectTransformService.ts:<global>,NAMESPACE_BLOCK,:program,0,services/project/projectTransformService.ts,services/project/projectTransformService.ts::program,<empty>,ANY,false,1,:program,,,1
167503725037,TYPE_DECL,,services/sonarMaintainability/sonarMaintainabilityApiService.ts::program,METHOD,class SonarMaintainabilityApiService,7,services/sonarMaintainability/sonarMaintainabilityApiService.ts,services/sonarMaintainability/sonarMaintainabilityApiService.ts::program:SonarMaintainabilityApiService,<empty>,,false,4,SonarMaintainabilityApiService,,,-1
167503725038,TYPE_DECL,,services/sonarMaintainability/sonarMaintainabilityApiService.ts::program:SonarMaintainabilityApiService,TYPE_DECL,<init>,2,services/sonarMaintainability/sonarMaintainabilityApiService.ts,services/sonarMaintainability/sonarMaintainabilityApiService.ts::program:SonarMaintainabilityApiService:<init>,<empty>,ANY,false,9,<init>,,,1
167503725039,TYPE_DECL,,services/sonarMaintainability/sonarMaintainabilityApiService.ts::program:SonarMaintainabilityApiService,TYPE_DECL,ensureInitialized,2,services/sonarMaintainability/sonarMaintainabilityApiService.ts,services/sonarMaintainability/sonarMaintainabilityApiService.ts::program:SonarMaintainabilityApiService:ensureInitialized,<empty>,ANY,false,24,ensureInitialized,,,1
167503725040,TYPE_DECL,,services/sonarMaintainability/sonarMaintainabilityApiService.ts::program:SonarMaintainabilityApiService,TYPE_DECL,getAuthHeader,2,services/sonarMaintainability/sonarMaintainabilityApiService.ts,services/sonarMaintainability/sonarMaintainabilityApiService.ts::program:SonarMaintainabilityApiService:getAuthHeader,<empty>,ANY,false,38,getAuthHeader,,,1
167503725041,TYPE_DECL,,services/sonarMaintainability/sonarMaintainabilityApiService.ts::program:SonarMaintainabilityApiService,TYPE_DECL,getMaintainabilityMetrics,2,services/sonarMaintainability/sonarMaintainabilityApiService.ts,services/sonarMaintainability/sonarMaintainabilityApiService.ts::program:SonarMaintainabilityApiService:getMaintainabilityMetrics,<empty>,ANY,false,47,getMaintainabilityMetrics,,,1
167503725042,TYPE_DECL,,services/sonarMaintainability/sonarMaintainabilityApiService.ts::program:SonarMaintainabilityApiService,TYPE_DECL,getIssueCount,2,services/sonarMaintainability/sonarMaintainabilityApiService.ts,services/sonarMaintainability/sonarMaintainabilityApiService.ts::program:SonarMaintainabilityApiService:getIssueCount,<empty>,ANY,false,86,getIssueCount,,,1
167503725043,TYPE_DECL,,services/sonarMaintainability/sonarMaintainabilityApiService.ts::program:SonarMaintainabilityApiService,TYPE_DECL,getNewCodePeriod,2,services/sonarMaintainability/sonarMaintainabilityApiService.ts,services/sonarMaintainability/sonarMaintainabilityApiService.ts::program:SonarMaintainabilityApiService:getNewCodePeriod,<empty>,ANY,false,107,getNewCodePeriod,,,1
167503725044,TYPE_DECL,,services/sonarMaintainability/sonarMaintainabilityApiService.ts:<global>,NAMESPACE_BLOCK,:program,0,services/sonarMaintainability/sonarMaintainabilityApiService.ts,services/sonarMaintainability/sonarMaintainabilityApiService.ts::program,<empty>,ANY,false,1,:program,,,1
167503725045,TYPE_DECL,,services/sonarMaintainability/sonarMaintainabilityCalculationService.ts::program,METHOD,class SonarMaintainabilityCalculationService,7,services/sonarMaintainability/sonarMaintainabilityCalculationService.ts,services/sonarMaintainability/sonarMaintainabilityCalculationService.ts::program:SonarMaintainabilityCalculationService,<empty>,,false,6,SonarMaintainabilityCalculationService,,,-1
167503725046,TYPE_DECL,,services/sonarMaintainability/sonarMaintainabilityCalculationService.ts::program:SonarMaintainabilityCalculationService,TYPE_DECL,<init>,7,services/sonarMaintainability/sonarMaintainabilityCalculationService.ts,services/sonarMaintainability/sonarMaintainabilityCalculationService.ts::program:SonarMaintainabilityCalculationService:<init>,<empty>,ANY,false,6,<init>,,,1
167503725047,TYPE_DECL,services/sonarMaintainability/sonarMaintainabilityCalculationService.ts::program:SonarMaintainabilityCalculationService:calculateMetrics:<anon-class>0,services/sonarMaintainability/sonarMaintainabilityCalculationService.ts::program:SonarMaintainabilityCalculationService:calculateMetrics,METHOD,{ key: string; name: string; qualifier: string; measures: any[] },15,services/sonarMaintainability/sonarMaintainabilityCalculationService.ts,services/sonarMaintainability/sonarMaintainabilityCalculationService.ts::program:SonarMaintainabilityCalculationService:calculateMetrics:<anon-class>1,<empty>,,false,12,<anon-class>1,,,-1
167503725048,TYPE_DECL,,services/sonarMaintainability/sonarMaintainabilityCalculationService.ts::program:SonarMaintainabilityCalculationService:calculateMetrics,METHOD,{ key: string; name: string; qualifier: string; measures: any[] },15,services/sonarMaintainability/sonarMaintainabilityCalculationService.ts,services/sonarMaintainability/sonarMaintainabilityCalculationService.ts::program:SonarMaintainabilityCalculationService:calculateMetrics:<anon-class>0,<empty>,,false,12,<anon-class>0,,,1
167503725049,TYPE_DECL,,services/sonarMaintainability/sonarMaintainabilityCalculationService.ts::program:SonarMaintainabilityCalculationService:calculateMetrics:<lambda>0,METHOD,<lambda>1,36,services/sonarMaintainability/sonarMaintainabilityCalculationService.ts,services/sonarMaintainability/sonarMaintainabilityCalculationService.ts::program:SonarMaintainabilityCalculationService:calculateMetrics:<lambda>0:<lambda>1,<empty>,ANY,false,20,<lambda>1,,,1
167503725050,TYPE_DECL,,services/sonarMaintainability/sonarMaintainabilityCalculationService.ts::program:SonarMaintainabilityCalculationService:calculateMetrics,METHOD,<lambda>0,23,services/sonarMaintainability/sonarMaintainabilityCalculationService.ts,services/sonarMaintainability/sonarMaintainabilityCalculationService.ts::program:SonarMaintainabilityCalculationService:calculateMetrics:<lambda>0,<empty>,ANY,false,19,<lambda>0,,,1
167503725051,TYPE_DECL,,services/sonarMaintainability/sonarMaintainabilityCalculationService.ts::program:SonarMaintainabilityCalculationService,TYPE_DECL,calculateMetrics,2,services/sonarMaintainability/sonarMaintainabilityCalculationService.ts,services/sonarMaintainability/sonarMaintainabilityCalculationService.ts::program:SonarMaintainabilityCalculationService:calculateMetrics,<empty>,ANY,false,11,calculateMetrics,,,1
167503725052,TYPE_DECL,,services/sonarMaintainability/sonarMaintainabilityCalculationService.ts::program:SonarMaintainabilityCalculationService,TYPE_DECL,getRatingLetter,2,services/sonarMaintainability/sonarMaintainabilityCalculationService.ts,services/sonarMaintainability/sonarMaintainabilityCalculationService.ts::program:SonarMaintainabilityCalculationService:getRatingLetter,<empty>,ANY,false,61,getRatingLetter,,,1
167503725053,TYPE_DECL,,services/sonarMaintainability/sonarMaintainabilityCalculationService.ts:<global>,NAMESPACE_BLOCK,:program,0,services/sonarMaintainability/sonarMaintainabilityCalculationService.ts,services/sonarMaintainability/sonarMaintainabilityCalculationService.ts::program,<empty>,ANY,false,1,:program,,,1
167503725054,TYPE_DECL,,services/sonarMaintainability/sonarMaintainabilityDbService.ts::program,METHOD,class SonarMaintainabilityDbService,7,services/sonarMaintainability/sonarMaintainabilityDbService.ts,services/sonarMaintainability/sonarMaintainabilityDbService.ts::program:SonarMaintainabilityDbService,<empty>,,false,9,SonarMaintainabilityDbService,,,-1
167503725055,TYPE_DECL,,services/sonarMaintainability/sonarMaintainabilityDbService.ts::program:SonarMaintainabilityDbService,TYPE_DECL,<init>,7,services/sonarMaintainability/sonarMaintainabilityDbService.ts,services/sonarMaintainability/sonarMaintainabilityDbService.ts::program:SonarMaintainabilityDbService:<init>,<empty>,ANY,false,9,<init>,,,1
167503725056,TYPE_DECL,,services/sonarMaintainability/sonarMaintainabilityDbService.ts::program:SonarMaintainabilityDbService,TYPE_DECL,saveMetrics,2,services/sonarMaintainability/sonarMaintainabilityDbService.ts,services/sonarMaintainability/sonarMaintainabilityDbService.ts::program:SonarMaintainabilityDbService:saveMetrics,<empty>,ANY,false,14,saveMetrics,,,1
167503725057,TYPE_DECL,,services/sonarMaintainability/sonarMaintainabilityDbService.ts::program:SonarMaintainabilityDbService,TYPE_DECL,saveHistoricalSnapshot,2,services/sonarMaintainability/sonarMaintainabilityDbService.ts,services/sonarMaintainability/sonarMaintainabilityDbService.ts::program:SonarMaintainabilityDbService:saveHistoricalSnapshot,<empty>,ANY,false,68,saveHistoricalSnapshot,,,1
167503725058,TYPE_DECL,,services/sonarMaintainability/sonarMaintainabilityDbService.ts::program:SonarMaintainabilityDbService,TYPE_DECL,getMetrics,2,services/sonarMaintainability/sonarMaintainabilityDbService.ts,services/sonarMaintainability/sonarMaintainabilityDbService.ts::program:SonarMaintainabilityDbService:getMetrics,<empty>,ANY,false,120,getMetrics,,,1
167503725059,TYPE_DECL,,services/sonarMaintainability/sonarMaintainabilityDbService.ts::program:SonarMaintainabilityDbService,TYPE_DECL,getMetricsHistory,2,services/sonarMaintainability/sonarMaintainabilityDbService.ts,services/sonarMaintainability/sonarMaintainabilityDbService.ts::program:SonarMaintainabilityDbService:getMetricsHistory,<empty>,ANY,false,142,getMetricsHistory,,,1
167503725060,TYPE_DECL,,services/sonarMaintainability/sonarMaintainabilityDbService.ts::program:SonarMaintainabilityDbService,TYPE_DECL,getAllMetrics,2,services/sonarMaintainability/sonarMaintainabilityDbService.ts,services/sonarMaintainability/sonarMaintainabilityDbService.ts::program:SonarMaintainabilityDbService:getAllMetrics,<empty>,ANY,false,164,getAllMetrics,,,1
167503725061,TYPE_DECL,,services/sonarMaintainability/sonarMaintainabilityDbService.ts::program:SonarMaintainabilityDbService,TYPE_DECL,deleteMetrics,2,services/sonarMaintainability/sonarMaintainabilityDbService.ts,services/sonarMaintainability/sonarMaintainabilityDbService.ts::program:SonarMaintainabilityDbService:deleteMetrics,<empty>,ANY,false,185,deleteMetrics,,,1
167503725062,TYPE_DECL,,services/sonarMaintainability/sonarMaintainabilityDbService.ts::program:SonarMaintainabilityDbService,TYPE_DECL,getRatingValue,2,services/sonarMaintainability/sonarMaintainabilityDbService.ts,services/sonarMaintainability/sonarMaintainabilityDbService.ts::program:SonarMaintainabilityDbService:getRatingValue,<empty>,ANY,false,201,getRatingValue,,,1
167503725063,TYPE_DECL,,services/sonarMaintainability/sonarMaintainabilityDbService.ts:<global>,NAMESPACE_BLOCK,:program,0,services/sonarMaintainability/sonarMaintainabilityDbService.ts,services/sonarMaintainability/sonarMaintainabilityDbService.ts::program,<empty>,ANY,false,1,:program,,,1
167503725064,TYPE_DECL,,services/sonarMaintainability/sonarMaintainabilitySyncService.ts::program,METHOD,class SonarMaintainabilitySyncService,7,services/sonarMaintainability/sonarMaintainabilitySyncService.ts,services/sonarMaintainability/sonarMaintainabilitySyncService.ts::program:SonarMaintainabilitySyncService,<empty>,,false,6,SonarMaintainabilitySyncService,,,-1
167503725065,TYPE_DECL,,services/sonarMaintainability/sonarMaintainabilitySyncService.ts::program:SonarMaintainabilitySyncService,TYPE_DECL,<init>,2,services/sonarMaintainability/sonarMaintainabilitySyncService.ts,services/sonarMaintainability/sonarMaintainabilitySyncService.ts::program:SonarMaintainabilitySyncService:<init>,<empty>,ANY,false,11,<init>,,,1
167503725066,TYPE_DECL,,services/sonarMaintainability/sonarMaintainabilitySyncService.ts::program:SonarMaintainabilitySyncService,TYPE_DECL,syncMaintainabilityMetrics,2,services/sonarMaintainability/sonarMaintainabilitySyncService.ts,services/sonarMaintainability/sonarMaintainabilitySyncService.ts::program:SonarMaintainabilitySyncService:syncMaintainabilityMetrics,<empty>,ANY,false,20,syncMaintainabilityMetrics,,,1
167503725067,TYPE_DECL,,services/sonarMaintainability/sonarMaintainabilitySyncService.ts::program:SonarMaintainabilitySyncService,TYPE_DECL,fetchSonarQubeData,2,services/sonarMaintainability/sonarMaintainabilitySyncService.ts,services/sonarMaintainability/sonarMaintainabilitySyncService.ts::program:SonarMaintainabilitySyncService:fetchSonarQubeData,<empty>,ANY,false,70,fetchSonarQubeData,,,1
167503725068,TYPE_DECL,,services/sonarMaintainability/sonarMaintainabilitySyncService.ts:<global>,NAMESPACE_BLOCK,:program,0,services/sonarMaintainability/sonarMaintainabilitySyncService.ts,services/sonarMaintainability/sonarMaintainabilitySyncService.ts::program,<empty>,ANY,false,1,:program,,,1
167503725069,TYPE_DECL,,services/sonarReliability/sonarReliabilityApiService.ts::program,METHOD,class SonarReliabilityApiService,7,services/sonarReliability/sonarReliabilityApiService.ts,services/sonarReliability/sonarReliabilityApiService.ts::program:SonarReliabilityApiService,<empty>,,false,4,SonarReliabilityApiService,,,-1
167503725070,TYPE_DECL,,services/sonarReliability/sonarReliabilityApiService.ts::program:SonarReliabilityApiService,TYPE_DECL,<init>,2,services/sonarReliability/sonarReliabilityApiService.ts,services/sonarReliability/sonarReliabilityApiService.ts::program:SonarReliabilityApiService:<init>,<empty>,ANY,false,9,<init>,,,1
167503725071,TYPE_DECL,,services/sonarReliability/sonarReliabilityApiService.ts::program:SonarReliabilityApiService,TYPE_DECL,ensureInitialized,2,services/sonarReliability/sonarReliabilityApiService.ts,services/sonarReliability/sonarReliabilityApiService.ts::program:SonarReliabilityApiService:ensureInitialized,<empty>,ANY,false,14,ensureInitialized,,,1
167503725072,TYPE_DECL,,services/sonarReliability/sonarReliabilityApiService.ts::program:SonarReliabilityApiService,TYPE_DECL,getAuthHeader,2,services/sonarReliability/sonarReliabilityApiService.ts,services/sonarReliability/sonarReliabilityApiService.ts::program:SonarReliabilityApiService:getAuthHeader,<empty>,ANY,false,28,getAuthHeader,,,1
167503725073,TYPE_DECL,,services/sonarReliability/sonarReliabilityApiService.ts::program:SonarReliabilityApiService,TYPE_DECL,getReliabilityMetrics,2,services/sonarReliability/sonarReliabilityApiService.ts,services/sonarReliability/sonarReliabilityApiService.ts::program:SonarReliabilityApiService:getReliabilityMetrics,<empty>,ANY,false,37,getReliabilityMetrics,,,1
167503725074,TYPE_DECL,,services/sonarReliability/sonarReliabilityApiService.ts::program:SonarReliabilityApiService,TYPE_DECL,getBugCount,2,services/sonarReliability/sonarReliabilityApiService.ts,services/sonarReliability/sonarReliabilityApiService.ts::program:SonarReliabilityApiService:getBugCount,<empty>,ANY,false,67,getBugCount,,,1
167503725075,TYPE_DECL,,services/sonarReliability/sonarReliabilityApiService.ts:<global>,NAMESPACE_BLOCK,:program,0,services/sonarReliability/sonarReliabilityApiService.ts,services/sonarReliability/sonarReliabilityApiService.ts::program,<empty>,ANY,false,1,:program,,,1
167503725076,TYPE_DECL,,services/sonarReliability/sonarReliabilityCalculationService.ts::program,METHOD,class SonarReliabilityCalculationService,7,services/sonarReliability/sonarReliabilityCalculationService.ts,services/sonarReliability/sonarReliabilityCalculationService.ts::program:SonarReliabilityCalculationService,<empty>,,false,3,SonarReliabilityCalculationService,,,-1
167503725077,TYPE_DECL,,services/sonarReliability/sonarReliabilityCalculationService.ts::program:SonarReliabilityCalculationService,TYPE_DECL,<init>,7,services/sonarReliability/sonarReliabilityCalculationService.ts,services/sonarReliability/sonarReliabilityCalculationService.ts::program:SonarReliabilityCalculationService:<init>,<empty>,ANY,false,3,<init>,,,1
167503725078,TYPE_DECL,services/sonarReliability/sonarReliabilityCalculationService.ts::program:SonarReliabilityCalculationService:calculateMetrics:<anon-class>0,services/sonarReliability/sonarReliabilityCalculationService.ts::program:SonarReliabilityCalculationService:calculateMetrics,METHOD,{ key: string; name: string; qualifier: string; measures: any[] },15,services/sonarReliability/sonarReliabilityCalculationService.ts,services/sonarReliability/sonarReliabilityCalculationService.ts::program:SonarReliabilityCalculationService:calculateMetrics:<anon-class>1,<empty>,,false,9,<anon-class>1,,,-1
167503725079,TYPE_DECL,,services/sonarReliability/sonarReliabilityCalculationService.ts::program:SonarReliabilityCalculationService:calculateMetrics,METHOD,{ key: string; name: string; qualifier: string; measures: any[] },15,services/sonarReliability/sonarReliabilityCalculationService.ts,services/sonarReliability/sonarReliabilityCalculationService.ts::program:SonarReliabilityCalculationService:calculateMetrics:<anon-class>0,<empty>,,false,9,<anon-class>0,,,1
167503725080,TYPE_DECL,,services/sonarReliability/sonarReliabilityCalculationService.ts::program:SonarReliabilityCalculationService:calculateMetrics:<lambda>0,METHOD,<lambda>1,36,services/sonarReliability/sonarReliabilityCalculationService.ts,services/sonarReliability/sonarReliabilityCalculationService.ts::program:SonarReliabilityCalculationService:calculateMetrics:<lambda>0:<lambda>1,<empty>,ANY,false,17,<lambda>1,,,1
167503725081,TYPE_DECL,,services/sonarReliability/sonarReliabilityCalculationService.ts::program:SonarReliabilityCalculationService:calculateMetrics,METHOD,<lambda>0,23,services/sonarReliability/sonarReliabilityCalculationService.ts,services/sonarReliability/sonarReliabilityCalculationService.ts::program:SonarReliabilityCalculationService:calculateMetrics:<lambda>0,<empty>,ANY,false,16,<lambda>0,,,1
167503725082,TYPE_DECL,,services/sonarReliability/sonarReliabilityCalculationService.ts::program:SonarReliabilityCalculationService,TYPE_DECL,calculateMetrics,2,services/sonarReliability/sonarReliabilityCalculationService.ts,services/sonarReliability/sonarReliabilityCalculationService.ts::program:SonarReliabilityCalculationService:calculateMetrics,<empty>,ANY,false,8,calculateMetrics,,,1
167503725083,TYPE_DECL,,services/sonarReliability/sonarReliabilityCalculationService.ts::program:SonarReliabilityCalculationService,TYPE_DECL,getRatingLetter,2,services/sonarReliability/sonarReliabilityCalculationService.ts,services/sonarReliability/sonarReliabilityCalculationService.ts::program:SonarReliabilityCalculationService:getRatingLetter,<empty>,ANY,false,54,getRatingLetter,,,1
167503725084,TYPE_DECL,,services/sonarReliability/sonarReliabilityCalculationService.ts:<global>,NAMESPACE_BLOCK,:program,0,services/sonarReliability/sonarReliabilityCalculationService.ts,services/sonarReliability/sonarReliabilityCalculationService.ts::program,<empty>,ANY,false,1,:program,,,1
167503725085,TYPE_DECL,,services/sonarReliability/sonarReliabilityDbService.ts::program,METHOD,class SonarReliabilityDbService,7,services/sonarReliability/sonarReliabilityDbService.ts,services/sonarReliability/sonarReliabilityDbService.ts::program:SonarReliabilityDbService,<empty>,,false,9,SonarReliabilityDbService,,,-1
167503725086,TYPE_DECL,,services/sonarReliability/sonarReliabilityDbService.ts::program:SonarReliabilityDbService,TYPE_DECL,<init>,7,services/sonarReliability/sonarReliabilityDbService.ts,services/sonarReliability/sonarReliabilityDbService.ts::program:SonarReliabilityDbService:<init>,<empty>,ANY,false,9,<init>,,,1
167503725087,TYPE_DECL,,services/sonarReliability/sonarReliabilityDbService.ts::program:SonarReliabilityDbService,TYPE_DECL,saveMetrics,2,services/sonarReliability/sonarReliabilityDbService.ts,services/sonarReliability/sonarReliabilityDbService.ts::program:SonarReliabilityDbService:saveMetrics,<empty>,ANY,false,14,saveMetrics,,,1
167503725088,TYPE_DECL,,services/sonarReliability/sonarReliabilityDbService.ts::program:SonarReliabilityDbService,TYPE_DECL,saveHistoricalSnapshot,2,services/sonarReliability/sonarReliabilityDbService.ts,services/sonarReliability/sonarReliabilityDbService.ts::program:SonarReliabilityDbService:saveHistoricalSnapshot,<empty>,ANY,false,60,saveHistoricalSnapshot,,,1
167503725089,TYPE_DECL,,services/sonarReliability/sonarReliabilityDbService.ts::program:SonarReliabilityDbService,TYPE_DECL,getMetrics,2,services/sonarReliability/sonarReliabilityDbService.ts,services/sonarReliability/sonarReliabilityDbService.ts::program:SonarReliabilityDbService:getMetrics,<empty>,ANY,false,102,getMetrics,,,1
167503725090,TYPE_DECL,,services/sonarReliability/sonarReliabilityDbService.ts::program:SonarReliabilityDbService,TYPE_DECL,getMetricsHistory,2,services/sonarReliability/sonarReliabilityDbService.ts,services/sonarReliability/sonarReliabilityDbService.ts::program:SonarReliabilityDbService:getMetricsHistory,<empty>,ANY,false,124,getMetricsHistory,,,1
167503725091,TYPE_DECL,,services/sonarReliability/sonarReliabilityDbService.ts::program:SonarReliabilityDbService,TYPE_DECL,deleteMetrics,2,services/sonarReliability/sonarReliabilityDbService.ts,services/sonarReliability/sonarReliabilityDbService.ts::program:SonarReliabilityDbService:deleteMetrics,<empty>,ANY,false,146,deleteMetrics,,,1
167503725092,TYPE_DECL,,services/sonarReliability/sonarReliabilityDbService.ts::program:SonarReliabilityDbService,TYPE_DECL,getRatingValue,2,services/sonarReliability/sonarReliabilityDbService.ts,services/sonarReliability/sonarReliabilityDbService.ts::program:SonarReliabilityDbService:getRatingValue,<empty>,ANY,false,162,getRatingValue,,,1
167503725093,TYPE_DECL,,services/sonarReliability/sonarReliabilityDbService.ts:<global>,NAMESPACE_BLOCK,:program,0,services/sonarReliability/sonarReliabilityDbService.ts,services/sonarReliability/sonarReliabilityDbService.ts::program,<empty>,ANY,false,1,:program,,,1
167503725094,TYPE_DECL,,services/sonarReliability/sonarReliabilitySyncService.ts::program,METHOD,class SonarReliabilitySyncService,7,services/sonarReliability/sonarReliabilitySyncService.ts,services/sonarReliability/sonarReliabilitySyncService.ts::program:SonarReliabilitySyncService,<empty>,,false,6,SonarReliabilitySyncService,,,-1
167503725095,TYPE_DECL,,services/sonarReliability/sonarReliabilitySyncService.ts::program:SonarReliabilitySyncService,TYPE_DECL,<init>,2,services/sonarReliability/sonarReliabilitySyncService.ts,services/sonarReliability/sonarReliabilitySyncService.ts::program:SonarReliabilitySyncService:<init>,<empty>,ANY,false,11,<init>,,,1
167503725096,TYPE_DECL,,services/sonarReliability/sonarReliabilitySyncService.ts::program:SonarReliabilitySyncService,TYPE_DECL,syncReliabilityMetrics,2,services/sonarReliability/sonarReliabilitySyncService.ts,services/sonarReliability/sonarReliabilitySyncService.ts::program:SonarReliabilitySyncService:syncReliabilityMetrics,<empty>,ANY,false,20,syncReliabilityMetrics,,,1
167503725097,TYPE_DECL,,services/sonarReliability/sonarReliabilitySyncService.ts::program:SonarReliabilitySyncService,TYPE_DECL,fetchSonarQubeData,2,services/sonarReliability/sonarReliabilitySyncService.ts,services/sonarReliability/sonarReliabilitySyncService.ts::program:SonarReliabilitySyncService:fetchSonarQubeData,<empty>,ANY,false,58,fetchSonarQubeData,,,1
167503725098,TYPE_DECL,,services/sonarReliability/sonarReliabilitySyncService.ts:<global>,NAMESPACE_BLOCK,:program,0,services/sonarReliability/sonarReliabilitySyncService.ts,services/sonarReliability/sonarReliabilitySyncService.ts::program,<empty>,ANY,false,1,:program,,,1
167503725099,TYPE_DECL,,services/sonarSecurity/sonarSecurityApiService.ts::program,METHOD,class SonarSecurityApiService,7,services/sonarSecurity/sonarSecurityApiService.ts,services/sonarSecurity/sonarSecurityApiService.ts::program:SonarSecurityApiService,<empty>,,false,4,SonarSecurityApiService,,,-1
167503725100,TYPE_DECL,,services/sonarSecurity/sonarSecurityApiService.ts::program:SonarSecurityApiService,TYPE_DECL,<init>,2,services/sonarSecurity/sonarSecurityApiService.ts,services/sonarSecurity/sonarSecurityApiService.ts::program:SonarSecurityApiService:<init>,<empty>,ANY,false,9,<init>,,,1
167503725101,TYPE_DECL,,services/sonarSecurity/sonarSecurityApiService.ts::program:SonarSecurityApiService,TYPE_DECL,ensureInitialized,2,services/sonarSecurity/sonarSecurityApiService.ts,services/sonarSecurity/sonarSecurityApiService.ts::program:SonarSecurityApiService:ensureInitialized,<empty>,ANY,false,14,ensureInitialized,,,1
167503725102,TYPE_DECL,,services/sonarSecurity/sonarSecurityApiService.ts::program:SonarSecurityApiService,TYPE_DECL,getAuthHeader,2,services/sonarSecurity/sonarSecurityApiService.ts,services/sonarSecurity/sonarSecurityApiService.ts::program:SonarSecurityApiService:getAuthHeader,<empty>,ANY,false,28,getAuthHeader,,,1
167503725103,TYPE_DECL,,services/sonarSecurity/sonarSecurityApiService.ts::program:SonarSecurityApiService,TYPE_DECL,getSecurityMetrics,2,services/sonarSecurity/sonarSecurityApiService.ts,services/sonarSecurity/sonarSecurityApiService.ts::program:SonarSecurityApiService:getSecurityMetrics,<empty>,ANY,false,37,getSecurityMetrics,,,1
167503725104,TYPE_DECL,,services/sonarSecurity/sonarSecurityApiService.ts:<global>,NAMESPACE_BLOCK,:program,0,services/sonarSecurity/sonarSecurityApiService.ts,services/sonarSecurity/sonarSecurityApiService.ts::program,<empty>,ANY,false,1,:program,,,1
167503725105,TYPE_DECL,,services/sonarSecurity/sonarSecurityCalculationService.ts::program,METHOD,class SonarSecurityCalculationService,7,services/sonarSecurity/sonarSecurityCalculationService.ts,services/sonarSecurity/sonarSecurityCalculationService.ts::program:SonarSecurityCalculationService,<empty>,,false,3,SonarSecurityCalculationService,,,-1
167503725106,TYPE_DECL,,services/sonarSecurity/sonarSecurityCalculationService.ts::program:SonarSecurityCalculationService,TYPE_DECL,<init>,7,services/sonarSecurity/sonarSecurityCalculationService.ts,services/sonarSecurity/sonarSecurityCalculationService.ts::program:SonarSecurityCalculationService:<init>,<empty>,ANY,false,3,<init>,,,1
167503725107,TYPE_DECL,services/sonarSecurity/sonarSecurityCalculationService.ts::program:SonarSecurityCalculationService:calculateMetrics:<anon-class>0,services/sonarSecurity/sonarSecurityCalculationService.ts::program:SonarSecurityCalculationService:calculateMetrics,METHOD,{ key: string; name: string; qualifier: string; measures: any[] },15,services/sonarSecurity/sonarSecurityCalculationService.ts,services/sonarSecurity/sonarSecurityCalculationService.ts::program:SonarSecurityCalculationService:calculateMetrics:<anon-class>1,<empty>,,false,9,<anon-class>1,,,-1
167503725108,TYPE_DECL,,services/sonarSecurity/sonarSecurityCalculationService.ts::program:SonarSecurityCalculationService:calculateMetrics,METHOD,{ key: string; name: string; qualifier: string; measures: any[] },15,services/sonarSecurity/sonarSecurityCalculationService.ts,services/sonarSecurity/sonarSecurityCalculationService.ts::program:SonarSecurityCalculationService:calculateMetrics:<anon-class>0,<empty>,,false,9,<anon-class>0,,,1
167503725109,TYPE_DECL,,services/sonarSecurity/sonarSecurityCalculationService.ts::program:SonarSecurityCalculationService:calculateMetrics:<lambda>0,METHOD,<lambda>1,36,services/sonarSecurity/sonarSecurityCalculationService.ts,services/sonarSecurity/sonarSecurityCalculationService.ts::program:SonarSecurityCalculationService:calculateMetrics:<lambda>0:<lambda>1,<empty>,ANY,false,15,<lambda>1,,,1
167503725110,TYPE_DECL,,services/sonarSecurity/sonarSecurityCalculationService.ts::program:SonarSecurityCalculationService:calculateMetrics,METHOD,<lambda>0,23,services/sonarSecurity/sonarSecurityCalculationService.ts,services/sonarSecurity/sonarSecurityCalculationService.ts::program:SonarSecurityCalculationService:calculateMetrics:<lambda>0,<empty>,ANY,false,14,<lambda>0,,,1
167503725111,TYPE_DECL,,services/sonarSecurity/sonarSecurityCalculationService.ts::program:SonarSecurityCalculationService,TYPE_DECL,calculateMetrics,2,services/sonarSecurity/sonarSecurityCalculationService.ts,services/sonarSecurity/sonarSecurityCalculationService.ts::program:SonarSecurityCalculationService:calculateMetrics,<empty>,ANY,false,8,calculateMetrics,,,1
167503725112,TYPE_DECL,,services/sonarSecurity/sonarSecurityCalculationService.ts::program:SonarSecurityCalculationService,TYPE_DECL,getRatingLetter,2,services/sonarSecurity/sonarSecurityCalculationService.ts,services/sonarSecurity/sonarSecurityCalculationService.ts::program:SonarSecurityCalculationService:getRatingLetter,<empty>,ANY,false,57,getRatingLetter,,,1
167503725113,TYPE_DECL,,services/sonarSecurity/sonarSecurityCalculationService.ts:<global>,NAMESPACE_BLOCK,:program,0,services/sonarSecurity/sonarSecurityCalculationService.ts,services/sonarSecurity/sonarSecurityCalculationService.ts::program,<empty>,ANY,false,1,:program,,,1
167503725114,TYPE_DECL,,services/sonarSecurity/sonarSecurityDbService.ts::program,METHOD,class SonarSecurityDbService,7,services/sonarSecurity/sonarSecurityDbService.ts,services/sonarSecurity/sonarSecurityDbService.ts::program:SonarSecurityDbService,<empty>,,false,9,SonarSecurityDbService,,,-1
167503725115,TYPE_DECL,,services/sonarSecurity/sonarSecurityDbService.ts::program:SonarSecurityDbService,TYPE_DECL,<init>,7,services/sonarSecurity/sonarSecurityDbService.ts,services/sonarSecurity/sonarSecurityDbService.ts::program:SonarSecurityDbService:<init>,<empty>,ANY,false,9,<init>,,,1
167503725116,TYPE_DECL,,services/sonarSecurity/sonarSecurityDbService.ts::program:SonarSecurityDbService,TYPE_DECL,saveMetrics,2,services/sonarSecurity/sonarSecurityDbService.ts,services/sonarSecurity/sonarSecurityDbService.ts::program:SonarSecurityDbService:saveMetrics,<empty>,ANY,false,14,saveMetrics,,,1
167503725117,TYPE_DECL,,services/sonarSecurity/sonarSecurityDbService.ts::program:SonarSecurityDbService,TYPE_DECL,saveHistoricalSnapshot,2,services/sonarSecurity/sonarSecurityDbService.ts,services/sonarSecurity/sonarSecurityDbService.ts::program:SonarSecurityDbService:saveHistoricalSnapshot,<empty>,ANY,false,65,saveHistoricalSnapshot,,,1
167503725118,TYPE_DECL,,services/sonarSecurity/sonarSecurityDbService.ts::program:SonarSecurityDbService,TYPE_DECL,getMetrics,2,services/sonarSecurity/sonarSecurityDbService.ts,services/sonarSecurity/sonarSecurityDbService.ts::program:SonarSecurityDbService:getMetrics,<empty>,ANY,false,110,getMetrics,,,1
167503725119,TYPE_DECL,,services/sonarSecurity/sonarSecurityDbService.ts::program:SonarSecurityDbService,TYPE_DECL,getMetricsHistory,2,services/sonarSecurity/sonarSecurityDbService.ts,services/sonarSecurity/sonarSecurityDbService.ts::program:SonarSecurityDbService:getMetricsHistory,<empty>,ANY,false,132,getMetricsHistory,,,1
167503725120,TYPE_DECL,,services/sonarSecurity/sonarSecurityDbService.ts::program:SonarSecurityDbService,TYPE_DECL,deleteMetrics,2,services/sonarSecurity/sonarSecurityDbService.ts,services/sonarSecurity/sonarSecurityDbService.ts::program:SonarSecurityDbService:deleteMetrics,<empty>,ANY,false,154,deleteMetrics,,,1
167503725121,TYPE_DECL,,services/sonarSecurity/sonarSecurityDbService.ts::program:SonarSecurityDbService,TYPE_DECL,getRatingValue,2,services/sonarSecurity/sonarSecurityDbService.ts,services/sonarSecurity/sonarSecurityDbService.ts::program:SonarSecurityDbService:getRatingValue,<empty>,ANY,false,170,getRatingValue,,,1
167503725122,TYPE_DECL,,services/sonarSecurity/sonarSecurityDbService.ts:<global>,NAMESPACE_BLOCK,:program,0,services/sonarSecurity/sonarSecurityDbService.ts,services/sonarSecurity/sonarSecurityDbService.ts::program,<empty>,ANY,false,1,:program,,,1
167503725123,TYPE_DECL,,services/sonarSecurity/sonarSecuritySyncService.ts::program,METHOD,class SonarSecuritySyncService,7,services/sonarSecurity/sonarSecuritySyncService.ts,services/sonarSecurity/sonarSecuritySyncService.ts::program:SonarSecuritySyncService,<empty>,,false,6,SonarSecuritySyncService,,,-1
167503725124,TYPE_DECL,,services/sonarSecurity/sonarSecuritySyncService.ts::program:SonarSecuritySyncService,TYPE_DECL,<init>,2,services/sonarSecurity/sonarSecuritySyncService.ts,services/sonarSecurity/sonarSecuritySyncService.ts::program:SonarSecuritySyncService:<init>,<empty>,ANY,false,11,<init>,,,1
167503725125,TYPE_DECL,,services/sonarSecurity/sonarSecuritySyncService.ts::program:SonarSecuritySyncService,TYPE_DECL,syncSecurityMetrics,2,services/sonarSecurity/sonarSecuritySyncService.ts,services/sonarSecurity/sonarSecuritySyncService.ts::program:SonarSecuritySyncService:syncSecurityMetrics,<empty>,ANY,false,20,syncSecurityMetrics,,,1
167503725126,TYPE_DECL,,services/sonarSecurity/sonarSecuritySyncService.ts::program:SonarSecuritySyncService,TYPE_DECL,fetchSonarQubeData,2,services/sonarSecurity/sonarSecuritySyncService.ts,services/sonarSecurity/sonarSecuritySyncService.ts::program:SonarSecuritySyncService:fetchSonarQubeData,<empty>,ANY,false,54,fetchSonarQubeData,,,1
167503725127,TYPE_DECL,,services/sonarSecurity/sonarSecuritySyncService.ts:<global>,NAMESPACE_BLOCK,:program,0,services/sonarSecurity/sonarSecuritySyncService.ts,services/sonarSecurity/sonarSecuritySyncService.ts::program,<empty>,ANY,false,1,:program,,,1
167503725128,TYPE_DECL,,services/sonarqube/autoMapSonarProjectKeys.ts::program:autoMapSonarProjectKeys,METHOD,normalize,2,services/sonarqube/autoMapSonarProjectKeys.ts,services/sonarqube/autoMapSonarProjectKeys.ts::program:autoMapSonarProjectKeys:normalize,<empty>,ANY,false,83,normalize,,,1
167503725129,TYPE_DECL,,services/sonarqube/autoMapSonarProjectKeys.ts::program:autoMapSonarProjectKeys,METHOD,<lambda>0,6,services/sonarqube/autoMapSonarProjectKeys.ts,services/sonarqube/autoMapSonarProjectKeys.ts::program:autoMapSonarProjectKeys:<lambda>0,<empty>,ANY,false,94,<lambda>0,,,1
167503725130,TYPE_DECL,,services/sonarqube/autoMapSonarProjectKeys.ts::program:autoMapSonarProjectKeys,METHOD,<lambda>1,28,services/sonarqube/autoMapSonarProjectKeys.ts,services/sonarqube/autoMapSonarProjectKeys.ts::program:autoMapSonarProjectKeys:<lambda>1,<empty>,ANY,false,99,<lambda>1,,,1
167503725131,TYPE_DECL,,services/sonarqube/autoMapSonarProjectKeys.ts::program,METHOD,autoMapSonarProjectKeys,7,services/sonarqube/autoMapSonarProjectKeys.ts,services/sonarqube/autoMapSonarProjectKeys.ts::program:autoMapSonarProjectKeys,<empty>,ANY,false,4,autoMapSonarProjectKeys,,,1
167503725132,TYPE_DECL,,services/sonarqube/autoMapSonarProjectKeys.ts::program,METHOD,getSonarProjectKey,7,services/sonarqube/autoMapSonarProjectKeys.ts,services/sonarqube/autoMapSonarProjectKeys.ts::program:getSonarProjectKey,<empty>,ANY,false,118,getSonarProjectKey,,,1
167503725133,TYPE_DECL,,services/sonarqube/autoMapSonarProjectKeys.ts:<global>,NAMESPACE_BLOCK,:program,0,services/sonarqube/autoMapSonarProjectKeys.ts,services/sonarqube/autoMapSonarProjectKeys.ts::program,<empty>,ANY,false,1,:program,,,1
167503725134,TYPE_DECL,,services/sonarqube/sonarQubeService.ts::program:SonarIssueCounts,TYPE_DECL,<init>,7,services/sonarqube/sonarQubeService.ts,services/sonarqube/sonarQubeService.ts::program:SonarIssueCounts:<init>,<empty>,ANY,false,3,<init>,,,1
167503725135,TYPE_DECL,,services/sonarqube/sonarQubeService.ts::program,METHOD,interface SonarIssueCounts,7,services/sonarqube/sonarQubeService.ts,services/sonarqube/sonarQubeService.ts::program:SonarIssueCounts,<empty>,,false,3,SonarIssueCounts,,,1
167503725136,TYPE_DECL,,services/sonarqube/sonarQubeService.ts::program,METHOD,class SonarQubeService,7,services/sonarqube/sonarQubeService.ts,services/sonarqube/sonarQubeService.ts::program:SonarQubeService,<empty>,,false,12,SonarQubeService,,,-1
167503725137,TYPE_DECL,,services/sonarqube/sonarQubeService.ts::program:SonarQubeService,TYPE_DECL,<init>,2,services/sonarqube/sonarQubeService.ts,services/sonarqube/sonarQubeService.ts::program:SonarQubeService:<init>,<empty>,ANY,false,17,<init>,,,1
167503725138,TYPE_DECL,,services/sonarqube/sonarQubeService.ts::program:SonarQubeService,TYPE_DECL,getAuthHeader,2,services/sonarqube/sonarQubeService.ts,services/sonarqube/sonarQubeService.ts::program:SonarQubeService:getAuthHeader,<empty>,ANY,false,33,getAuthHeader,,,1
167503725139,TYPE_DECL,,services/sonarqube/sonarQubeService.ts::program:SonarQubeService:fetchIssueCounts,METHOD,<lambda>0,23,services/sonarqube/sonarQubeService.ts,services/sonarqube/sonarQubeService.ts::program:SonarQubeService:fetchIssueCounts:<lambda>0,<empty>,ANY,false,48,<lambda>0,,,1
167503725140,TYPE_DECL,,services/sonarqube/sonarQubeService.ts::program:SonarQubeService,TYPE_DECL,fetchIssueCounts,2,services/sonarqube/sonarQubeService.ts,services/sonarqube/sonarQubeService.ts::program:SonarQubeService:fetchIssueCounts,<empty>,ANY,false,44,fetchIssueCounts,,,1
167503725141,TYPE_DECL,,services/sonarqube/sonarQubeService.ts:<global>,NAMESPACE_BLOCK,:program,0,services/sonarqube/sonarQubeService.ts,services/sonarqube/sonarQubeService.ts::program,<empty>,ANY,false,1,:program,,,1
167503725142,TYPE_DECL,,types/commitMetrics.types.ts::program:CommitHealthMetrics,TYPE_DECL,<init>,7,types/commitMetrics.types.ts,types/commitMetrics.types.ts::program:CommitHealthMetrics:<init>,<empty>,ANY,false,10,<init>,,,1
167503725143,TYPE_DECL,,types/commitMetrics.types.ts::program,METHOD,interface CommitHealthMetrics,7,types/commitMetrics.types.ts,types/commitMetrics.types.ts::program:CommitHealthMetrics,<empty>,,false,10,CommitHealthMetrics,,,1
167503725144,TYPE_DECL,,types/commitMetrics.types.ts::program:CommitMetricsHistory,TYPE_DECL,<init>,7,types/commitMetrics.types.ts,types/commitMetrics.types.ts::program:CommitMetricsHistory:<init>,<empty>,ANY,false,47,<init>,,,1
167503725145,TYPE_DECL,,types/commitMetrics.types.ts::program,METHOD,interface CommitMetricsHistory,7,types/commitMetrics.types.ts,types/commitMetrics.types.ts::program:CommitMetricsHistory,<empty>,,false,47,CommitMetricsHistory,,,1
167503725146,TYPE_DECL,,types/commitMetrics.types.ts::program:CommitMetricsCalculationResult,TYPE_DECL,<init>,7,types/commitMetrics.types.ts,types/commitMetrics.types.ts::program:CommitMetricsCalculationResult:<init>,<empty>,ANY,false,65,<init>,,,1
167503725147,TYPE_DECL,,types/commitMetrics.types.ts::program,METHOD,interface CommitMetricsCalculationResult,7,types/commitMetrics.types.ts,types/commitMetrics.types.ts::program:CommitMetricsCalculationResult,<empty>,,false,65,CommitMetricsCalculationResult,,,1
167503725148,TYPE_DECL,,types/commitMetrics.types.ts::program:GitLabCommitWithStats,TYPE_DECL,<init>,7,types/commitMetrics.types.ts,types/commitMetrics.types.ts::program:GitLabCommitWithStats:<init>,<empty>,ANY,false,83,<init>,,,1
167503725149,TYPE_DECL,,types/commitMetrics.types.ts::program,METHOD,interface GitLabCommitWithStats,7,types/commitMetrics.types.ts,types/commitMetrics.types.ts::program:GitLabCommitWithStats,<empty>,types/gitlab.types.ts::program:GitLabCommit;GitLabCommit,false,83,GitLabCommitWithStats,,,1
167503725150,TYPE_DECL,,types/commitMetrics.types.ts::program:ContributorCommitData,TYPE_DECL,<init>,7,types/commitMetrics.types.ts,types/commitMetrics.types.ts::program:ContributorCommitData:<init>,<empty>,ANY,false,94,<init>,,,1
167503725151,TYPE_DECL,,types/commitMetrics.types.ts::program,METHOD,interface ContributorCommitData,7,types/commitMetrics.types.ts,types/commitMetrics.types.ts::program:ContributorCommitData,<empty>,,false,94,ContributorCommitData,,,1
167503725152,TYPE_DECL,,types/commitMetrics.types.ts:<global>,NAMESPACE_BLOCK,:program,0,types/commitMetrics.types.ts,types/commitMetrics.types.ts::program,<empty>,ANY,false,1,:program,,,1
167503725153,TYPE_DECL,,types/doraMetrics.types.ts::program:DeploymentFrequency,TYPE_DECL,<init>,7,types/doraMetrics.types.ts,types/doraMetrics.types.ts::program:DeploymentFrequency:<init>,<empty>,ANY,false,3,<init>,,,1
167503725154,TYPE_DECL,,types/doraMetrics.types.ts::program,METHOD,interface DeploymentFrequency,7,types/doraMetrics.types.ts,types/doraMetrics.types.ts::program:DeploymentFrequency,<empty>,,false,3,DeploymentFrequency,,,1
167503725155,TYPE_DECL,,types/doraMetrics.types.ts::program:DeploymentFrequencyInput,TYPE_DECL,<init>,7,types/doraMetrics.types.ts,types/doraMetrics.types.ts::program:DeploymentFrequencyInput:<init>,<empty>,ANY,false,15,<init>,,,1
167503725156,TYPE_DECL,,types/doraMetrics.types.ts::program,METHOD,interface DeploymentFrequencyInput,7,types/doraMetrics.types.ts,types/doraMetrics.types.ts::program:DeploymentFrequencyInput,<empty>,,false,15,DeploymentFrequencyInput,,,1
167503725157,TYPE_DECL,,types/doraMetrics.types.ts::program:LeadTimeChange,TYPE_DECL,<init>,7,types/doraMetrics.types.ts,types/doraMetrics.types.ts::program:LeadTimeChange:<init>,<empty>,ANY,false,23,<init>,,,1
167503725158,TYPE_DECL,,types/doraMetrics.types.ts::program,METHOD,interface LeadTimeChange,7,types/doraMetrics.types.ts,types/doraMetrics.types.ts::program:LeadTimeChange,<empty>,,false,23,LeadTimeChange,,,1
167503725159,TYPE_DECL,,types/doraMetrics.types.ts::program:LeadTimeChangeInput,TYPE_DECL,<init>,7,types/doraMetrics.types.ts,types/doraMetrics.types.ts::program:LeadTimeChangeInput:<init>,<empty>,ANY,false,35,<init>,,,1
167503725160,TYPE_DECL,,types/doraMetrics.types.ts::program,METHOD,interface LeadTimeChangeInput,7,types/doraMetrics.types.ts,types/doraMetrics.types.ts::program:LeadTimeChangeInput,<empty>,,false,35,LeadTimeChangeInput,,,1
167503725161,TYPE_DECL,,types/doraMetrics.types.ts::program:ChangeFailureRate,TYPE_DECL,<init>,7,types/doraMetrics.types.ts,types/doraMetrics.types.ts::program:ChangeFailureRate:<init>,<empty>,ANY,false,42,<init>,,,1
167503725162,TYPE_DECL,,types/doraMetrics.types.ts::program,METHOD,interface ChangeFailureRate,7,types/doraMetrics.types.ts,types/doraMetrics.types.ts::program:ChangeFailureRate,<empty>,,false,42,ChangeFailureRate,,,1
167503725163,TYPE_DECL,,types/doraMetrics.types.ts::program:ChangeFailureRateInput,TYPE_DECL,<init>,7,types/doraMetrics.types.ts,types/doraMetrics.types.ts::program:ChangeFailureRateInput:<init>,<empty>,ANY,false,55,<init>,,,1
167503725164,TYPE_DECL,,types/doraMetrics.types.ts::program,METHOD,interface ChangeFailureRateInput,7,types/doraMetrics.types.ts,types/doraMetrics.types.ts::program:ChangeFailureRateInput,<empty>,,false,55,ChangeFailureRateInput,,,1
167503725165,TYPE_DECL,,types/doraMetrics.types.ts::program:TimeToRestoreService,TYPE_DECL,<init>,7,types/doraMetrics.types.ts,types/doraMetrics.types.ts::program:TimeToRestoreService:<init>,<empty>,ANY,false,63,<init>,,,1
167503725166,TYPE_DECL,,types/doraMetrics.types.ts::program,METHOD,interface TimeToRestoreService,7,types/doraMetrics.types.ts,types/doraMetrics.types.ts::program:TimeToRestoreService,<empty>,,false,63,TimeToRestoreService,,,1
167503725167,TYPE_DECL,,types/doraMetrics.types.ts::program:TimeToRestoreServiceInput,TYPE_DECL,<init>,7,types/doraMetrics.types.ts,types/doraMetrics.types.ts::program:TimeToRestoreServiceInput:<init>,<empty>,ANY,false,76,<init>,,,1
167503725168,TYPE_DECL,,types/doraMetrics.types.ts::program,METHOD,interface TimeToRestoreServiceInput,7,types/doraMetrics.types.ts,types/doraMetrics.types.ts::program:TimeToRestoreServiceInput,<empty>,,false,76,TimeToRestoreServiceInput,,,1
167503725169,TYPE_DECL,,types/doraMetrics.types.ts::program:DoraMetricsSummary,TYPE_DECL,<init>,7,types/doraMetrics.types.ts,types/doraMetrics.types.ts::program:DoraMetricsSummary:<init>,<empty>,ANY,false,85,<init>,,,1
167503725170,TYPE_DECL,,types/doraMetrics.types.ts::program,METHOD,interface DoraMetricsSummary,7,types/doraMetrics.types.ts,types/doraMetrics.types.ts::program:DoraMetricsSummary,<empty>,,false,85,DoraMetricsSummary,,,1
167503725171,TYPE_DECL,,types/doraMetrics.types.ts:<global>,NAMESPACE_BLOCK,:program,0,types/doraMetrics.types.ts,types/doraMetrics.types.ts::program,<empty>,ANY,false,1,:program,,,1
167503725172,TYPE_DECL,,types/gitlab.types.ts::program:GitLabProject,TYPE_DECL,<init>,7,types/gitlab.types.ts,types/gitlab.types.ts::program:GitLabProject:<init>,<empty>,ANY,false,2,<init>,,,1
167503725173,TYPE_DECL,,types/gitlab.types.ts::program,METHOD,interface GitLabProject,7,types/gitlab.types.ts,types/gitlab.types.ts::program:GitLabProject,<empty>,,false,2,GitLabProject,,,1
167503725174,TYPE_DECL,,types/gitlab.types.ts::program:GitLabNamespace,TYPE_DECL,<init>,7,types/gitlab.types.ts,types/gitlab.types.ts::program:GitLabNamespace:<init>,<empty>,ANY,false,23,<init>,,,1
167503725175,TYPE_DECL,,types/gitlab.types.ts::program,METHOD,interface GitLabNamespace,7,types/gitlab.types.ts,types/gitlab.types.ts::program:GitLabNamespace,<empty>,,false,23,GitLabNamespace,,,1
167503725176,TYPE_DECL,,types/gitlab.types.ts::program:GitLabUser,TYPE_DECL,<init>,7,types/gitlab.types.ts,types/gitlab.types.ts::program:GitLabUser:<init>,<empty>,ANY,false,32,<init>,,,1
167503725177,TYPE_DECL,,types/gitlab.types.ts::program,METHOD,interface GitLabUser,7,types/gitlab.types.ts,types/gitlab.types.ts::program:GitLabUser,<empty>,,false,32,GitLabUser,,,1
167503725178,TYPE_DECL,,types/gitlab.types.ts::program:GitLabCommit,TYPE_DECL,<init>,7,types/gitlab.types.ts,types/gitlab.types.ts::program:GitLabCommit:<init>,<empty>,ANY,false,41,<init>,,,1
167503725179,TYPE_DECL,,types/gitlab.types.ts::program,METHOD,interface GitLabCommit,7,types/gitlab.types.ts,types/gitlab.types.ts::program:GitLabCommit,<empty>,,false,41,GitLabCommit,,,1
167503725180,TYPE_DECL,,types/gitlab.types.ts::program:GitLabBranch,TYPE_DECL,<init>,7,types/gitlab.types.ts,types/gitlab.types.ts::program:GitLabBranch:<init>,<empty>,ANY,false,55,<init>,,,1
167503725181,TYPE_DECL,,types/gitlab.types.ts::program,METHOD,interface GitLabBranch,7,types/gitlab.types.ts,types/gitlab.types.ts::program:GitLabBranch,<empty>,,false,55,GitLabBranch,,,1
167503725182,TYPE_DECL,,types/gitlab.types.ts::program:GitLabGroup,TYPE_DECL,<init>,7,types/gitlab.types.ts,types/gitlab.types.ts::program:GitLabGroup:<init>,<empty>,ANY,false,67,<init>,,,1
167503725183,TYPE_DECL,,types/gitlab.types.ts::program,METHOD,interface GitLabGroup,7,types/gitlab.types.ts,types/gitlab.types.ts::program:GitLabGroup,<empty>,,false,67,GitLabGroup,,,1
167503725184,TYPE_DECL,,types/gitlab.types.ts::program:GitLabIssues,TYPE_DECL,<init>,7,types/gitlab.types.ts,types/gitlab.types.ts::program:GitLabIssues:<init>,<empty>,ANY,false,80,<init>,,,1
167503725185,TYPE_DECL,,types/gitlab.types.ts::program,METHOD,interface GitLabIssues,7,types/gitlab.types.ts,types/gitlab.types.ts::program:GitLabIssues,<empty>,,false,80,GitLabIssues,,,1
167503725186,TYPE_DECL,,types/gitlab.types.ts::program:GitLabMergeRequest,TYPE_DECL,<init>,7,types/gitlab.types.ts,types/gitlab.types.ts::program:GitLabMergeRequest:<init>,<empty>,ANY,false,96,<init>,,,1
167503725187,TYPE_DECL,,types/gitlab.types.ts::program,METHOD,interface GitLabMergeRequest,7,types/gitlab.types.ts,types/gitlab.types.ts::program:GitLabMergeRequest,<empty>,,false,96,GitLabMergeRequest,,,1
167503725188,TYPE_DECL,,types/gitlab.types.ts::program:GitLabMilestone,TYPE_DECL,<init>,7,types/gitlab.types.ts,types/gitlab.types.ts::program:GitLabMilestone:<init>,<empty>,ANY,false,115,<init>,,,1
167503725189,TYPE_DECL,,types/gitlab.types.ts::program,METHOD,interface GitLabMilestone,7,types/gitlab.types.ts,types/gitlab.types.ts::program:GitLabMilestone,<empty>,,false,115,GitLabMilestone,,,1
167503725190,TYPE_DECL,,types/gitlab.types.ts:<global>,NAMESPACE_BLOCK,:program,0,types/gitlab.types.ts,types/gitlab.types.ts::program,<empty>,ANY,false,1,:program,,,1
167503725191,TYPE_DECL,,types/index.ts:<global>,NAMESPACE_BLOCK,:program,0,types/index.ts,types/index.ts::program,<empty>,ANY,false,1,:program,,,1
167503725192,TYPE_DECL,,types/issueMetrics.types.ts::program:IssueHealthMetrics,TYPE_DECL,<init>,7,types/issueMetrics.types.ts,types/issueMetrics.types.ts::program:IssueHealthMetrics:<init>,<empty>,ANY,false,3,<init>,,,1
167503725193,TYPE_DECL,,types/issueMetrics.types.ts::program,METHOD,interface IssueHealthMetrics,7,types/issueMetrics.types.ts,types/issueMetrics.types.ts::program:IssueHealthMetrics,<empty>,,false,3,IssueHealthMetrics,,,1
167503725194,TYPE_DECL,,types/issueMetrics.types.ts::program:IssueMetricsHistory,TYPE_DECL,<init>,7,types/issueMetrics.types.ts,types/issueMetrics.types.ts::program:IssueMetricsHistory:<init>,<empty>,ANY,false,52,<init>,,,1
167503725195,TYPE_DECL,,types/issueMetrics.types.ts::program,METHOD,interface IssueMetricsHistory,7,types/issueMetrics.types.ts,types/issueMetrics.types.ts::program:IssueMetricsHistory,<empty>,,false,52,IssueMetricsHistory,,,1
167503725196,TYPE_DECL,,types/issueMetrics.types.ts::program:GitLabIssueStateEvent,TYPE_DECL,<init>,7,types/issueMetrics.types.ts,types/issueMetrics.types.ts::program:GitLabIssueStateEvent:<init>,<empty>,ANY,false,72,<init>,,,1
167503725197,TYPE_DECL,,types/issueMetrics.types.ts::program,METHOD,interface GitLabIssueStateEvent,7,types/issueMetrics.types.ts,types/issueMetrics.types.ts::program:GitLabIssueStateEvent,<empty>,,false,72,GitLabIssueStateEvent,,,1
167503725198,TYPE_DECL,,types/issueMetrics.types.ts::program:GitLabIssueLink,TYPE_DECL,<init>,7,types/issueMetrics.types.ts,types/issueMetrics.types.ts::program:GitLabIssueLink:<init>,<empty>,ANY,false,85,<init>,,,1
167503725199,TYPE_DECL,,types/issueMetrics.types.ts::program,METHOD,interface GitLabIssueLink,7,types/issueMetrics.types.ts,types/issueMetrics.types.ts::program:GitLabIssueLink,<empty>,,false,85,GitLabIssueLink,,,1
167503725200,TYPE_DECL,,types/issueMetrics.types.ts::program:GitLabIssueMRReference,TYPE_DECL,<init>,7,types/issueMetrics.types.ts,types/issueMetrics.types.ts::program:GitLabIssueMRReference:<init>,<empty>,ANY,false,97,<init>,,,1
167503725201,TYPE_DECL,,types/issueMetrics.types.ts::program,METHOD,interface GitLabIssueMRReference,7,types/issueMetrics.types.ts,types/issueMetrics.types.ts::program:GitLabIssueMRReference,<empty>,,false,97,GitLabIssueMRReference,,,1
167503725202,TYPE_DECL,,types/issueMetrics.types.ts::program:IssueMetricsCalculationInput,TYPE_DECL,<init>,7,types/issueMetrics.types.ts,types/issueMetrics.types.ts::program:IssueMetricsCalculationInput:<init>,<empty>,ANY,false,108,<init>,,,1
167503725203,TYPE_DECL,,types/issueMetrics.types.ts::program,METHOD,interface IssueMetricsCalculationInput,7,types/issueMetrics.types.ts,types/issueMetrics.types.ts::program:IssueMetricsCalculationInput,<empty>,,false,108,IssueMetricsCalculationInput,,,1
167503725204,TYPE_DECL,,types/issueMetrics.types.ts::program:IssueMetricsCalculationResult,TYPE_DECL,<init>,7,types/issueMetrics.types.ts,types/issueMetrics.types.ts::program:IssueMetricsCalculationResult:<init>,<empty>,ANY,false,121,<init>,,,1
167503725205,TYPE_DECL,,types/issueMetrics.types.ts::program,METHOD,interface IssueMetricsCalculationResult,7,types/issueMetrics.types.ts,types/issueMetrics.types.ts::program:IssueMetricsCalculationResult,<empty>,,false,121,IssueMetricsCalculationResult,,,1
167503725206,TYPE_DECL,,types/issueMetrics.types.ts::program:WeekOverWeekComparison,TYPE_DECL,<init>,7,types/issueMetrics.types.ts,types/issueMetrics.types.ts::program:WeekOverWeekComparison:<init>,<empty>,ANY,false,163,<init>,,,1
167503725207,TYPE_DECL,,types/issueMetrics.types.ts::program,METHOD,interface WeekOverWeekComparison,7,types/issueMetrics.types.ts,types/issueMetrics.types.ts::program:WeekOverWeekComparison,<empty>,,false,163,WeekOverWeekComparison,,,1
167503725208,TYPE_DECL,,types/issueMetrics.types.ts::program:IssueMetricsTrends,TYPE_DECL,<init>,7,types/issueMetrics.types.ts,types/issueMetrics.types.ts::program:IssueMetricsTrends:<init>,<empty>,ANY,false,173,<init>,,,1
167503725209,TYPE_DECL,,types/issueMetrics.types.ts::program,METHOD,interface IssueMetricsTrends,7,types/issueMetrics.types.ts,types/issueMetrics.types.ts::program:IssueMetricsTrends,<empty>,,false,173,IssueMetricsTrends,,,1
167503725210,TYPE_DECL,,types/issueMetrics.types.ts:<global>,NAMESPACE_BLOCK,:program,0,types/issueMetrics.types.ts,types/issueMetrics.types.ts::program,<empty>,ANY,false,1,:program,,,1
167503725211,TYPE_DECL,,types/milestoneMetrics.types.ts::program:MilestoneMetrics,TYPE_DECL,<init>,7,types/milestoneMetrics.types.ts,types/milestoneMetrics.types.ts::program:MilestoneMetrics:<init>,<empty>,ANY,false,4,<init>,,,1
167503725212,TYPE_DECL,,types/milestoneMetrics.types.ts::program,METHOD,interface MilestoneMetrics,7,types/milestoneMetrics.types.ts,types/milestoneMetrics.types.ts::program:MilestoneMetrics,<empty>,,false,4,MilestoneMetrics,,,1
167503725213,TYPE_DECL,,types/milestoneMetrics.types.ts::program:MilestoneWithIssueCount,TYPE_DECL,<init>,7,types/milestoneMetrics.types.ts,types/milestoneMetrics.types.ts::program:MilestoneWithIssueCount:<init>,<empty>,ANY,false,14,<init>,,,1
167503725214,TYPE_DECL,,types/milestoneMetrics.types.ts::program,METHOD,interface MilestoneWithIssueCount,7,types/milestoneMetrics.types.ts,types/milestoneMetrics.types.ts::program:MilestoneWithIssueCount,<empty>,,false,14,MilestoneWithIssueCount,,,1
167503725215,TYPE_DECL,,types/milestoneMetrics.types.ts:<global>,NAMESPACE_BLOCK,:program,0,types/milestoneMetrics.types.ts,types/milestoneMetrics.types.ts::program,<empty>,ANY,false,1,:program,,,1
167503725216,TYPE_DECL,,types/mrMetrics.types.ts::program:MRHealthMetrics,TYPE_DECL,<init>,7,types/mrMetrics.types.ts,types/mrMetrics.types.ts::program:MRHealthMetrics:<init>,<empty>,ANY,false,10,<init>,,,1
167503725217,TYPE_DECL,,types/mrMetrics.types.ts::program,METHOD,interface MRHealthMetrics,7,types/mrMetrics.types.ts,types/mrMetrics.types.ts::program:MRHealthMetrics,<empty>,,false,10,MRHealthMetrics,,,1
167503725218,TYPE_DECL,,types/mrMetrics.types.ts::program:MRMetricsHistory,TYPE_DECL,<init>,7,types/mrMetrics.types.ts,types/mrMetrics.types.ts::program:MRMetricsHistory:<init>,<empty>,ANY,false,74,<init>,,,1
167503725219,TYPE_DECL,,types/mrMetrics.types.ts::program,METHOD,interface MRMetricsHistory,7,types/mrMetrics.types.ts,types/mrMetrics.types.ts::program:MRMetricsHistory,<empty>,,false,74,MRMetricsHistory,,,1
167503725220,TYPE_DECL,,types/mrMetrics.types.ts::program:MRWeekOverWeekComparison,TYPE_DECL,<init>,7,types/mrMetrics.types.ts,types/mrMetrics.types.ts::program:MRWeekOverWeekComparison:<init>,<empty>,ANY,false,97,<init>,,,1
167503725221,TYPE_DECL,,types/mrMetrics.types.ts::program,METHOD,interface MRWeekOverWeekComparison,7,types/mrMetrics.types.ts,types/mrMetrics.types.ts::program:MRWeekOverWeekComparison,<empty>,,false,97,MRWeekOverWeekComparison,,,1
167503725222,TYPE_DECL,,types/mrMetrics.types.ts::program:GitLabMRNote,TYPE_DECL,<init>,7,types/mrMetrics.types.ts,types/mrMetrics.types.ts::program:GitLabMRNote:<init>,<empty>,ANY,false,108,<init>,,,1
167503725223,TYPE_DECL,,types/mrMetrics.types.ts::program,METHOD,interface GitLabMRNote,7,types/mrMetrics.types.ts,types/mrMetrics.types.ts::program:GitLabMRNote,<empty>,,false,108,GitLabMRNote,,,1
167503725224,TYPE_DECL,,types/mrMetrics.types.ts::program:GitLabMRReviewer,TYPE_DECL,<init>,7,types/mrMetrics.types.ts,types/mrMetrics.types.ts::program:GitLabMRReviewer:<init>,<empty>,ANY,false,127,<init>,,,1
167503725225,TYPE_DECL,,types/mrMetrics.types.ts::program,METHOD,interface GitLabMRReviewer,7,types/mrMetrics.types.ts,types/mrMetrics.types.ts::program:GitLabMRReviewer,<empty>,,false,127,GitLabMRReviewer,,,1
167503725226,TYPE_DECL,,types/mrMetrics.types.ts::program:MRFetchData,TYPE_DECL,<init>,7,types/mrMetrics.types.ts,types/mrMetrics.types.ts::program:MRFetchData:<init>,<empty>,ANY,false,138,<init>,,,1
167503725227,TYPE_DECL,,types/mrMetrics.types.ts::program,METHOD,interface MRFetchData,7,types/mrMetrics.types.ts,types/mrMetrics.types.ts::program:MRFetchData,<empty>,,false,138,MRFetchData,,,1
167503725228,TYPE_DECL,,types/mrMetrics.types.ts:<global>,NAMESPACE_BLOCK,:program,0,types/mrMetrics.types.ts,types/mrMetrics.types.ts::program,<empty>,ANY,false,1,:program,,,1
167503725229,TYPE_DECL,,types/project.types.ts::program:Project,TYPE_DECL,<init>,7,types/project.types.ts,types/project.types.ts::program:Project:<init>,<empty>,ANY,false,2,<init>,,,1
167503725230,TYPE_DECL,,types/project.types.ts::program,METHOD,interface Project,7,types/project.types.ts,types/project.types.ts::program:Project,<empty>,,false,2,Project,,,1
167503725231,TYPE_DECL,,types/project.types.ts::program:ProjectNamespace,TYPE_DECL,<init>,7,types/project.types.ts,types/project.types.ts::program:ProjectNamespace:<init>,<empty>,ANY,false,18,<init>,,,1
167503725232,TYPE_DECL,,types/project.types.ts::program,METHOD,interface ProjectNamespace,7,types/project.types.ts,types/project.types.ts::program:ProjectNamespace,<empty>,,false,18,ProjectNamespace,,,1
167503725233,TYPE_DECL,,types/project.types.ts::program:ProjectStatistics,TYPE_DECL,<init>,7,types/project.types.ts,types/project.types.ts::program:ProjectStatistics:<init>,<empty>,ANY,false,26,<init>,,,1
167503725234,TYPE_DECL,,types/project.types.ts::program,METHOD,interface ProjectStatistics,7,types/project.types.ts,types/project.types.ts::program:ProjectStatistics,<empty>,,false,26,ProjectStatistics,,,1
167503725235,TYPE_DECL,,types/project.types.ts::program:ProjectWithStats,TYPE_DECL,<init>,7,types/project.types.ts,types/project.types.ts::program:ProjectWithStats:<init>,<empty>,ANY,false,38,<init>,,,1
167503725236,TYPE_DECL,,types/project.types.ts::program,METHOD,interface ProjectWithStats,7,types/project.types.ts,types/project.types.ts::program:ProjectWithStats,<empty>,types/project.types.ts::program:Project,false,38,ProjectWithStats,,,1
167503725237,TYPE_DECL,,types/project.types.ts:<global>,NAMESPACE_BLOCK,:program,0,types/project.types.ts,types/project.types.ts::program,<empty>,ANY,false,1,:program,,,1
167503725238,TYPE_DECL,,types/sonarQubeMetrics.types.ts::program:SonarQubeMaintainabilityMetrics,TYPE_DECL,<init>,7,types/sonarQubeMetrics.types.ts,types/sonarQubeMetrics.types.ts::program:SonarQubeMaintainabilityMetrics:<init>,<empty>,ANY,false,1,<init>,,,1
167503725239,TYPE_DECL,,types/sonarQubeMetrics.types.ts::program,METHOD,interface SonarQubeMaintainabilityMetrics,7,types/sonarQubeMetrics.types.ts,types/sonarQubeMetrics.types.ts::program:SonarQubeMaintainabilityMetrics,<empty>,,false,1,SonarQubeMaintainabilityMetrics,,,1
167503725240,TYPE_DECL,,types/sonarQubeMetrics.types.ts::program:SonarQubeMaintainabilityHistory,TYPE_DECL,<init>,7,types/sonarQubeMetrics.types.ts,types/sonarQubeMetrics.types.ts::program:SonarQubeMaintainabilityHistory:<init>,<empty>,ANY,false,16,<init>,,,1
167503725241,TYPE_DECL,,types/sonarQubeMetrics.types.ts::program,METHOD,interface SonarQubeMaintainabilityHistory,7,types/sonarQubeMetrics.types.ts,types/sonarQubeMetrics.types.ts::program:SonarQubeMaintainabilityHistory,<empty>,,false,16,SonarQubeMaintainabilityHistory,,,1
167503725242,TYPE_DECL,,types/sonarQubeMetrics.types.ts::program:SonarQubeMaintainabilityCalculationResult,TYPE_DECL,<init>,7,types/sonarQubeMetrics.types.ts,types/sonarQubeMetrics.types.ts::program:SonarQubeMaintainabilityCalculationResult:<init>,<empty>,ANY,false,27,<init>,,,1
167503725243,TYPE_DECL,,types/sonarQubeMetrics.types.ts::program,METHOD,interface SonarQubeMaintainabilityCalculationResult,7,types/sonarQubeMetrics.types.ts,types/sonarQubeMetrics.types.ts::program:SonarQubeMaintainabilityCalculationResult,<empty>,,false,27,SonarQubeMaintainabilityCalculationResult,,,1
167503725244,TYPE_DECL,,types/sonarQubeMetrics.types.ts::program:SonarQubeMeasure,TYPE_DECL,<init>,7,types/sonarQubeMetrics.types.ts,types/sonarQubeMetrics.types.ts::program:SonarQubeMeasure:<init>,<empty>,ANY,false,41,<init>,,,1
167503725245,TYPE_DECL,,types/sonarQubeMetrics.types.ts::program,METHOD,interface SonarQubeMeasure,7,types/sonarQubeMetrics.types.ts,types/sonarQubeMetrics.types.ts::program:SonarQubeMeasure,<empty>,,false,41,SonarQubeMeasure,,,1
167503725246,TYPE_DECL,,types/sonarQubeMetrics.types.ts::program:SonarQubeComponentMeasures,TYPE_DECL,<init>,7,types/sonarQubeMetrics.types.ts,types/sonarQubeMetrics.types.ts::program:SonarQubeComponentMeasures:<init>,<empty>,ANY,false,52,<init>,,,1
167503725247,TYPE_DECL,,types/sonarQubeMetrics.types.ts::program,METHOD,interface SonarQubeComponentMeasures,7,types/sonarQubeMetrics.types.ts,types/sonarQubeMetrics.types.ts::program:SonarQubeComponentMeasures,<empty>,,false,52,SonarQubeComponentMeasures,,,1
167503725248,TYPE_DECL,,types/sonarQubeMetrics.types.ts::program:SonarQubeReliabilityMetrics,TYPE_DECL,<init>,7,types/sonarQubeMetrics.types.ts,types/sonarQubeMetrics.types.ts::program:SonarQubeReliabilityMetrics:<init>,<empty>,ANY,false,62,<init>,,,1
167503725249,TYPE_DECL,,types/sonarQubeMetrics.types.ts::program,METHOD,interface SonarQubeReliabilityMetrics,7,types/sonarQubeMetrics.types.ts,types/sonarQubeMetrics.types.ts::program:SonarQubeReliabilityMetrics,<empty>,,false,62,SonarQubeReliabilityMetrics,,,1
167503725250,TYPE_DECL,,types/sonarQubeMetrics.types.ts::program:SonarQubeReliabilityHistory,TYPE_DECL,<init>,7,types/sonarQubeMetrics.types.ts,types/sonarQubeMetrics.types.ts::program:SonarQubeReliabilityHistory:<init>,<empty>,ANY,false,73,<init>,,,1
167503725251,TYPE_DECL,,types/sonarQubeMetrics.types.ts::program,METHOD,interface SonarQubeReliabilityHistory,7,types/sonarQubeMetrics.types.ts,types/sonarQubeMetrics.types.ts::program:SonarQubeReliabilityHistory,<empty>,,false,73,SonarQubeReliabilityHistory,,,1
167503725252,TYPE_DECL,,types/sonarQubeMetrics.types.ts::program:SonarQubeReliabilityCalculationResult,TYPE_DECL,<init>,7,types/sonarQubeMetrics.types.ts,types/sonarQubeMetrics.types.ts::program:SonarQubeReliabilityCalculationResult:<init>,<empty>,ANY,false,80,<init>,,,1
167503725253,TYPE_DECL,,types/sonarQubeMetrics.types.ts::program,METHOD,interface SonarQubeReliabilityCalculationResult,7,types/sonarQubeMetrics.types.ts,types/sonarQubeMetrics.types.ts::program:SonarQubeReliabilityCalculationResult,<empty>,,false,80,SonarQubeReliabilityCalculationResult,,,1
167503725254,TYPE_DECL,,types/sonarQubeMetrics.types.ts::program:SonarQubeSecurityMetrics,TYPE_DECL,<init>,7,types/sonarQubeMetrics.types.ts,types/sonarQubeMetrics.types.ts::program:SonarQubeSecurityMetrics:<init>,<empty>,ANY,false,90,<init>,,,1
167503725255,TYPE_DECL,,types/sonarQubeMetrics.types.ts::program,METHOD,interface SonarQubeSecurityMetrics,7,types/sonarQubeMetrics.types.ts,types/sonarQubeMetrics.types.ts::program:SonarQubeSecurityMetrics,<empty>,,false,90,SonarQubeSecurityMetrics,,,1
167503725256,TYPE_DECL,,types/sonarQubeMetrics.types.ts::program:SonarQubeSecurityHistory,TYPE_DECL,<init>,7,types/sonarQubeMetrics.types.ts,types/sonarQubeMetrics.types.ts::program:SonarQubeSecurityHistory:<init>,<empty>,ANY,false,102,<init>,,,1
167503725257,TYPE_DECL,,types/sonarQubeMetrics.types.ts::program,METHOD,interface SonarQubeSecurityHistory,7,types/sonarQubeMetrics.types.ts,types/sonarQubeMetrics.types.ts::program:SonarQubeSecurityHistory,<empty>,,false,102,SonarQubeSecurityHistory,,,1
167503725258,TYPE_DECL,,types/sonarQubeMetrics.types.ts::program:SonarQubeSecurityCalculationResult,TYPE_DECL,<init>,7,types/sonarQubeMetrics.types.ts,types/sonarQubeMetrics.types.ts::program:SonarQubeSecurityCalculationResult:<init>,<empty>,ANY,false,110,<init>,,,1
167503725259,TYPE_DECL,,types/sonarQubeMetrics.types.ts::program,METHOD,interface SonarQubeSecurityCalculationResult,7,types/sonarQubeMetrics.types.ts,types/sonarQubeMetrics.types.ts::program:SonarQubeSecurityCalculationResult,<empty>,,false,110,SonarQubeSecurityCalculationResult,,,1
167503725260,TYPE_DECL,,types/sonarQubeMetrics.types.ts:<global>,NAMESPACE_BLOCK,:program,0,types/sonarQubeMetrics.types.ts,types/sonarQubeMetrics.types.ts::program,<empty>,ANY,false,1,:program,,,1
167503725261,TYPE_DECL,utils/healthScoreCalculator.ts::program:calculateIssueHealthScore:<anon-class>0,utils/healthScoreCalculator.ts::program:calculateIssueHealthScore,METHOD,"{
  avg_cycle_time_days: number;
  reopen_rate_percent: number;
  issues_closed_last_7d: number;
  critical_issues_open: number;
}",51,utils/healthScoreCalculator.ts,utils/healthScoreCalculator.ts::program:calculateIssueHealthScore:<anon-class>1,<empty>,,false,7,<anon-class>1,,,-1
167503725262,TYPE_DECL,,utils/healthScoreCalculator.ts::program:calculateIssueHealthScore,METHOD,"{
  avg_cycle_time_days: number;
  reopen_rate_percent: number;
  issues_closed_last_7d: number;
  critical_issues_open: number;
}",51,utils/healthScoreCalculator.ts,utils/healthScoreCalculator.ts::program:calculateIssueHealthScore:<anon-class>0,<empty>,,false,7,<anon-class>0,,,1
167503725263,TYPE_DECL,,utils/healthScoreCalculator.ts::program,METHOD,calculateIssueHealthScore,7,utils/healthScoreCalculator.ts,utils/healthScoreCalculator.ts::program:calculateIssueHealthScore,<empty>,ANY,false,7,calculateIssueHealthScore,,,1
167503725264,TYPE_DECL,utils/healthScoreCalculator.ts::program:calculateMRHealthScore:<anon-class>2,utils/healthScoreCalculator.ts::program:calculateMRHealthScore,METHOD,"{
  avg_merge_time_days: number;
  revert_rate_percent: number;
  mrs_merged_last_7d: number;
  avg_review_comments_per_mr: number;
}",48,utils/healthScoreCalculator.ts,utils/healthScoreCalculator.ts::program:calculateMRHealthScore:<anon-class>3,<empty>,,false,61,<anon-class>3,,,-1
167503725265,TYPE_DECL,,utils/healthScoreCalculator.ts::program:calculateMRHealthScore,METHOD,"{
  avg_merge_time_days: number;
  revert_rate_percent: number;
  mrs_merged_last_7d: number;
  avg_review_comments_per_mr: number;
}",48,utils/healthScoreCalculator.ts,utils/healthScoreCalculator.ts::program:calculateMRHealthScore:<anon-class>2,<empty>,,false,61,<anon-class>2,,,1
167503725266,TYPE_DECL,,utils/healthScoreCalculator.ts::program,METHOD,calculateMRHealthScore,7,utils/healthScoreCalculator.ts,utils/healthScoreCalculator.ts::program:calculateMRHealthScore,<empty>,ANY,false,61,calculateMRHealthScore,,,1
167503725267,TYPE_DECL,utils/healthScoreCalculator.ts::program:calculateCommitHealthScore:<anon-class>4,utils/healthScoreCalculator.ts::program:calculateCommitHealthScore,METHOD,"{
  total_commits_last_7d: number;
  avg_commit_size: number;
  bus_factor: number;
}",52,utils/healthScoreCalculator.ts,utils/healthScoreCalculator.ts::program:calculateCommitHealthScore:<anon-class>5,<empty>,,false,115,<anon-class>5,,,-1
167503725268,TYPE_DECL,,utils/healthScoreCalculator.ts::program:calculateCommitHealthScore,METHOD,"{
  total_commits_last_7d: number;
  avg_commit_size: number;
  bus_factor: number;
}",52,utils/healthScoreCalculator.ts,utils/healthScoreCalculator.ts::program:calculateCommitHealthScore:<anon-class>4,<empty>,,false,115,<anon-class>4,,,1
167503725269,TYPE_DECL,,utils/healthScoreCalculator.ts::program,METHOD,calculateCommitHealthScore,7,utils/healthScoreCalculator.ts,utils/healthScoreCalculator.ts::program:calculateCommitHealthScore,<empty>,ANY,false,115,calculateCommitHealthScore,,,1
167503725270,TYPE_DECL,utils/healthScoreCalculator.ts::program:calculateReliabilityHealthScore:<anon-class>6,utils/healthScoreCalculator.ts::program:calculateReliabilityHealthScore,METHOD,"{
  reliability_rating: string;
  bugs_total: number;
}",57,utils/healthScoreCalculator.ts,utils/healthScoreCalculator.ts::program:calculateReliabilityHealthScore:<anon-class>7,<empty>,,false,160,<anon-class>7,,,-1
167503725271,TYPE_DECL,,utils/healthScoreCalculator.ts::program:calculateReliabilityHealthScore,METHOD,"{
  reliability_rating: string;
  bugs_total: number;
}",57,utils/healthScoreCalculator.ts,utils/healthScoreCalculator.ts::program:calculateReliabilityHealthScore:<anon-class>6,<empty>,,false,160,<anon-class>6,,,1
167503725272,TYPE_DECL,,utils/healthScoreCalculator.ts::program,METHOD,calculateReliabilityHealthScore,7,utils/healthScoreCalculator.ts,utils/healthScoreCalculator.ts::program:calculateReliabilityHealthScore,<empty>,ANY,false,160,calculateReliabilityHealthScore,,,1
167503725273,TYPE_DECL,utils/healthScoreCalculator.ts::program:calculateMaintainabilityHealthScore:<anon-class>8,utils/healthScoreCalculator.ts::program:calculateMaintainabilityHealthScore,METHOD,"{
  maintainability_rating: string;
  technical_debt_ratio: number;
  code_smells_total: number;
  duplicated_code_percentage: number;
}",61,utils/healthScoreCalculator.ts,utils/healthScoreCalculator.ts::program:calculateMaintainabilityHealthScore:<anon-class>9,<empty>,,false,192,<anon-class>9,,,-1
167503725274,TYPE_DECL,,utils/healthScoreCalculator.ts::program:calculateMaintainabilityHealthScore,METHOD,"{
  maintainability_rating: string;
  technical_debt_ratio: number;
  code_smells_total: number;
  duplicated_code_percentage: number;
}",61,utils/healthScoreCalculator.ts,utils/healthScoreCalculator.ts::program:calculateMaintainabilityHealthScore:<anon-class>8,<empty>,,false,192,<anon-class>8,,,1
167503725275,TYPE_DECL,,utils/healthScoreCalculator.ts::program,METHOD,calculateMaintainabilityHealthScore,7,utils/healthScoreCalculator.ts,utils/healthScoreCalculator.ts::program:calculateMaintainabilityHealthScore,<empty>,ANY,false,192,calculateMaintainabilityHealthScore,,,1
167503725276,TYPE_DECL,utils/healthScoreCalculator.ts::program:calculateSecurityHealthScore:<anon-class>10,utils/healthScoreCalculator.ts::program:calculateSecurityHealthScore,METHOD,"{
  security_rating: string;
  vulnerabilities_total: number;
  security_hotspots_total: number;
}",54,utils/healthScoreCalculator.ts,utils/healthScoreCalculator.ts::program:calculateSecurityHealthScore:<anon-class>11,<empty>,,false,246,<anon-class>11,,,-1
167503725277,TYPE_DECL,,utils/healthScoreCalculator.ts::program:calculateSecurityHealthScore,METHOD,"{
  security_rating: string;
  vulnerabilities_total: number;
  security_hotspots_total: number;
}",54,utils/healthScoreCalculator.ts,utils/healthScoreCalculator.ts::program:calculateSecurityHealthScore:<anon-class>10,<empty>,,false,246,<anon-class>10,,,1
167503725278,TYPE_DECL,,utils/healthScoreCalculator.ts::program,METHOD,calculateSecurityHealthScore,7,utils/healthScoreCalculator.ts,utils/healthScoreCalculator.ts::program:calculateSecurityHealthScore,<empty>,ANY,false,246,calculateSecurityHealthScore,,,1
167503725279,TYPE_DECL,,utils/healthScoreCalculator.ts:<global>,NAMESPACE_BLOCK,:program,0,utils/healthScoreCalculator.ts,utils/healthScoreCalculator.ts::program,<empty>,ANY,false,1,:program,,,1
167503725280,TYPE_DECL,,<global>,NAMESPACE_BLOCK,<empty>,,<unknown>,"""\\n    SELECT \\n      p.id as project_id,\\n      p.name as project_name,\\n      p.full_path,\\n      p.last_activity_at,\\n      s.open_issues,\\n      s.open_mrs,\\n      s.open_milestones_count,\\n      s.sonar_security_high,\\n      s.sonar_security_blocker,\\n      s.sonar_reliability_high,\\n      s.sonar_reliability_b...",<empty>,,true,,sonar_reliability_b,,,-1
167503725281,TYPE_DECL,,<global>,NAMESPACE_BLOCK,<empty>,,<unknown>,"""\\n    SELECT \\n      s.uuid,\\n      s.row_id,\\n      s.description,\\n      s.web_url,\\n      s.open_issues,\\n      s.open_mrs,\\n      s.open_milestones_count,\\n      s.sonar_project_key,\\n      s.sonar_security_high,\\n      s.sonar_security_blocker,\\n      s.sonar_reliability_high,\\n      s.sonar_reliability_blocke...",<empty>,,true,,sonar_reliability_blocke,,,-1
167503725282,TYPE_DECL,,<global>,NAMESPACE_BLOCK,<empty>,,<unknown>,AIController,<empty>,,true,,AIController,,,-1
167503725283,TYPE_DECL,,<global>,NAMESPACE_BLOCK,<empty>,,<unknown>,ANY,<empty>,,true,,ANY,,,-1
167503725284,TYPE_DECL,,<global>,NAMESPACE_BLOCK,<empty>,,<unknown>,Application,<empty>,,true,,Application,,,-1
167503725285,TYPE_DECL,,<global>,NAMESPACE_BLOCK,<empty>,,<unknown>,ArrayConstructor,<empty>,,true,,ArrayConstructor,,,-1
167503725286,TYPE_DECL,,<global>,NAMESPACE_BLOCK,<empty>,,<unknown>,AxiosInstance,<empty>,,true,,AxiosInstance,,,-1
167503725287,TYPE_DECL,,<global>,NAMESPACE_BLOCK,<empty>,,<unknown>,AxiosInstance | __ecma.Null,<empty>,,true,,Null,,,-1
167503725288,TYPE_DECL,,<global>,NAMESPACE_BLOCK,<empty>,,<unknown>,"AxiosResponse<any, ANY, __ecma.Object>",<empty>,,true,,Object>,,,-1
167503725289,TYPE_DECL,,<global>,NAMESPACE_BLOCK,<empty>,,<unknown>,AxiosStatic,<empty>,,true,,AxiosStatic,,,-1
167503725290,TYPE_DECL,,<global>,NAMESPACE_BLOCK,<empty>,,<unknown>,BooleanConstructor,<empty>,,true,,BooleanConstructor,,,-1
167503725291,TYPE_DECL,,<global>,NAMESPACE_BLOCK,<empty>,,<unknown>,Buffer<ArrayBuffer>,<empty>,,true,,Buffer<ArrayBuffer>,,,-1
167503725292,TYPE_DECL,,<global>,NAMESPACE_BLOCK,<empty>,,<unknown>,ChangeFailureRate,<empty>,,true,,ChangeFailureRate,,,-1
167503725293,TYPE_DECL,,<global>,NAMESPACE_BLOCK,<empty>,,<unknown>,ChangeFailureRateInput,<empty>,,true,,ChangeFailureRateInput,,,-1
167503725294,TYPE_DECL,,<global>,NAMESPACE_BLOCK,<empty>,,<unknown>,CommitHealthMetrics,<empty>,,true,,CommitHealthMetrics,,,-1
167503725295,TYPE_DECL,,<global>,NAMESPACE_BLOCK,<empty>,,<unknown>,CommitHealthMetrics | __ecma.Null,<empty>,,true,,Null,,,-1
167503725296,TYPE_DECL,,<global>,NAMESPACE_BLOCK,<empty>,,<unknown>,CommitMetricsCalculationResult,<empty>,,true,,CommitMetricsCalculationResult,,,-1
167503725297,TYPE_DECL,,<global>,NAMESPACE_BLOCK,<empty>,,<unknown>,CommitMetricsCalculationService,<empty>,,true,,CommitMetricsCalculationService,,,-1
167503725298,TYPE_DECL,,<global>,NAMESPACE_BLOCK,<empty>,,<unknown>,CommitMetricsDbService,<empty>,,true,,CommitMetricsDbService,,,-1
167503725299,TYPE_DECL,,<global>,NAMESPACE_BLOCK,<empty>,,<unknown>,CommitMetricsSyncService,<empty>,,true,,CommitMetricsSyncService,,,-1
167503725300,TYPE_DECL,,<global>,NAMESPACE_BLOCK,<empty>,,<unknown>,Console,<empty>,,true,,Console,,,-1
167503725301,TYPE_DECL,,<global>,NAMESPACE_BLOCK,<empty>,,<unknown>,ContributorCommitData,<empty>,,true,,ContributorCommitData,,,-1
167503725302,TYPE_DECL,,<global>,NAMESPACE_BLOCK,<empty>,,<unknown>,Date,<empty>,,true,,Date,,,-1
167503725303,TYPE_DECL,,<global>,NAMESPACE_BLOCK,<empty>,,<unknown>,Date | __ecma.Null,<empty>,,true,,Null,,,-1
167503725304,TYPE_DECL,,<global>,NAMESPACE_BLOCK,<empty>,,<unknown>,DateConstructor,<empty>,,true,,DateConstructor,,,-1
167503725305,TYPE_DECL,,<global>,NAMESPACE_BLOCK,<empty>,,<unknown>,DbProject,<empty>,,true,,DbProject,,,-1
167503725306,TYPE_DECL,,<global>,NAMESPACE_BLOCK,<empty>,,<unknown>,DeploymentFrequency,<empty>,,true,,DeploymentFrequency,,,-1
167503725307,TYPE_DECL,,<global>,NAMESPACE_BLOCK,<empty>,,<unknown>,DeploymentFrequencyInput,<empty>,,true,,DeploymentFrequencyInput,,,-1
167503725308,TYPE_DECL,,<global>,NAMESPACE_BLOCK,<empty>,,<unknown>,DoraMetricsSummary,<empty>,,true,,DoraMetricsSummary,,,-1
167503725309,TYPE_DECL,,<global>,NAMESPACE_BLOCK,<empty>,,<unknown>,DoraTrendDataPoint,<empty>,,true,,DoraTrendDataPoint,,,-1
167503725310,TYPE_DECL,,<global>,NAMESPACE_BLOCK,<empty>,,<unknown>,DoraTrendDataPoint | ANY,<empty>,,true,,DoraTrendDataPoint | ANY,,,-1
167503725311,TYPE_DECL,,<global>,NAMESPACE_BLOCK,<empty>,,<unknown>,DoraTrendResponse,<empty>,,true,,DoraTrendResponse,,,-1
167503725312,TYPE_DECL,,<global>,NAMESPACE_BLOCK,<empty>,,<unknown>,EnhancedGenerateContentResponse,<empty>,,true,,EnhancedGenerateContentResponse,,,-1
167503725313,TYPE_DECL,,<global>,NAMESPACE_BLOCK,<empty>,,<unknown>,EnrichedProject,<empty>,,true,,EnrichedProject,,,-1
167503725314,TYPE_DECL,,<global>,NAMESPACE_BLOCK,<empty>,,<unknown>,Error,<empty>,,true,,Error,,,-1
167503725315,TYPE_DECL,,<global>,NAMESPACE_BLOCK,<empty>,,<unknown>,ErrorConstructor,<empty>,,true,,ErrorConstructor,,,-1
167503725316,TYPE_DECL,,<global>,NAMESPACE_BLOCK,<empty>,,<unknown>,GeminiService,<empty>,,true,,GeminiService,,,-1
167503725317,TYPE_DECL,,<global>,NAMESPACE_BLOCK,<empty>,,<unknown>,GenerateContentResult,<empty>,,true,,GenerateContentResult,,,-1
167503725318,TYPE_DECL,,<global>,NAMESPACE_BLOCK,<empty>,,<unknown>,GenerativeModel,<empty>,,true,,GenerativeModel,,,-1
167503725319,TYPE_DECL,,<global>,NAMESPACE_BLOCK,<empty>,,<unknown>,GitLabAuthService,<empty>,,true,,GitLabAuthService,,,-1
167503725320,TYPE_DECL,,<global>,NAMESPACE_BLOCK,<empty>,,<unknown>,GitLabClient,<empty>,,true,,GitLabClient,,,-1
167503725321,TYPE_DECL,,<global>,NAMESPACE_BLOCK,<empty>,,<unknown>,GitLabCommit,<empty>,,true,,GitLabCommit,,,-1
167503725322,TYPE_DECL,,<global>,NAMESPACE_BLOCK,<empty>,,<unknown>,GitLabCommitService,<empty>,,true,,GitLabCommitService,,,-1
167503725323,TYPE_DECL,,<global>,NAMESPACE_BLOCK,<empty>,,<unknown>,GitLabGroup,<empty>,,true,,GitLabGroup,,,-1
167503725324,TYPE_DECL,,<global>,NAMESPACE_BLOCK,<empty>,,<unknown>,GitLabGroupService,<empty>,,true,,GitLabGroupService,,,-1
167503725325,TYPE_DECL,,<global>,NAMESPACE_BLOCK,<empty>,,<unknown>,GitLabIssueService,<empty>,,true,,GitLabIssueService,,,-1
167503725326,TYPE_DECL,,<global>,NAMESPACE_BLOCK,<empty>,,<unknown>,GitLabIssueStateEvent,<empty>,,true,,GitLabIssueStateEvent,,,-1
167503725327,TYPE_DECL,,<global>,NAMESPACE_BLOCK,<empty>,,<unknown>,GitLabIssues,<empty>,,true,,GitLabIssues,,,-1
167503725328,TYPE_DECL,,<global>,NAMESPACE_BLOCK,<empty>,,<unknown>,GitLabMRService,<empty>,,true,,GitLabMRService,,,-1
167503725329,TYPE_DECL,,<global>,NAMESPACE_BLOCK,<empty>,,<unknown>,GitLabMemberService,<empty>,,true,,GitLabMemberService,,,-1
167503725330,TYPE_DECL,,<global>,NAMESPACE_BLOCK,<empty>,,<unknown>,GitLabMergeRequest,<empty>,,true,,GitLabMergeRequest,,,-1
167503725331,TYPE_DECL,,<global>,NAMESPACE_BLOCK,<empty>,,<unknown>,GitLabMilestone,<empty>,,true,,GitLabMilestone,,,-1
167503725332,TYPE_DECL,,<global>,NAMESPACE_BLOCK,<empty>,,<unknown>,GitLabMilestoneService,<empty>,,true,,GitLabMilestoneService,,,-1
167503725333,TYPE_DECL,,<global>,NAMESPACE_BLOCK,<empty>,,<unknown>,GitLabNamespace,<empty>,,true,,GitLabNamespace,,,-1
167503725334,TYPE_DECL,,<global>,NAMESPACE_BLOCK,<empty>,,<unknown>,GitLabProject,<empty>,,true,,GitLabProject,,,-1
167503725335,TYPE_DECL,,<global>,NAMESPACE_BLOCK,<empty>,,<unknown>,GitLabProjectService,<empty>,,true,,GitLabProjectService,,,-1
167503725336,TYPE_DECL,,<global>,NAMESPACE_BLOCK,<empty>,,<unknown>,GoogleGenerativeAI,<empty>,,true,,GoogleGenerativeAI,,,-1
167503725337,TYPE_DECL,,<global>,NAMESPACE_BLOCK,<empty>,,<unknown>,GoogleGenerativeAI | __ecma.Null,<empty>,,true,,Null,,,-1
167503725338,TYPE_DECL,,<global>,NAMESPACE_BLOCK,<empty>,,<unknown>,GoogleSheetsService,<empty>,,true,,GoogleSheetsService,,,-1
167503725339,TYPE_DECL,,<global>,NAMESPACE_BLOCK,<empty>,,<unknown>,IssueHealthMetrics,<empty>,,true,,IssueHealthMetrics,,,-1
167503725340,TYPE_DECL,,<global>,NAMESPACE_BLOCK,<empty>,,<unknown>,IssueHealthMetrics | __ecma.Null,<empty>,,true,,Null,,,-1
167503725341,TYPE_DECL,,<global>,NAMESPACE_BLOCK,<empty>,,<unknown>,IssueMetricsCalculationResult,<empty>,,true,,IssueMetricsCalculationResult,,,-1
167503725342,TYPE_DECL,,<global>,NAMESPACE_BLOCK,<empty>,,<unknown>,IssueMetricsCalculationService,<empty>,,true,,IssueMetricsCalculationService,,,-1
167503725343,TYPE_DECL,,<global>,NAMESPACE_BLOCK,<empty>,,<unknown>,IssueMetricsDbService,<empty>,,true,,IssueMetricsDbService,,,-1
167503725344,TYPE_DECL,,<global>,NAMESPACE_BLOCK,<empty>,,<unknown>,IssueMetricsSyncService,<empty>,,true,,IssueMetricsSyncService,,,-1
167503725345,TYPE_DECL,,<global>,NAMESPACE_BLOCK,<empty>,,<unknown>,LeadTimeChange,<empty>,,true,,LeadTimeChange,,,-1
167503725346,TYPE_DECL,,<global>,NAMESPACE_BLOCK,<empty>,,<unknown>,LeadTimeChangeInput,<empty>,,true,,LeadTimeChangeInput,,,-1
167503725347,TYPE_DECL,,<global>,NAMESPACE_BLOCK,<empty>,,<unknown>,MRHealthMetrics,<empty>,,true,,MRHealthMetrics,,,-1
167503725348,TYPE_DECL,,<global>,NAMESPACE_BLOCK,<empty>,,<unknown>,MRHealthMetrics | __ecma.Null,<empty>,,true,,Null,,,-1
167503725349,TYPE_DECL,,<global>,NAMESPACE_BLOCK,<empty>,,<unknown>,MRMetricsCalculationService,<empty>,,true,,MRMetricsCalculationService,,,-1
167503725350,TYPE_DECL,,<global>,NAMESPACE_BLOCK,<empty>,,<unknown>,MRMetricsDbService,<empty>,,true,,MRMetricsDbService,,,-1
167503725351,TYPE_DECL,,<global>,NAMESPACE_BLOCK,<empty>,,<unknown>,MRMetricsSyncService,<empty>,,true,,MRMetricsSyncService,,,-1
167503725352,TYPE_DECL,,<global>,NAMESPACE_BLOCK,<empty>,,<unknown>,MRWeekOverWeekComparison,<empty>,,true,,MRWeekOverWeekComparison,,,-1
167503725353,TYPE_DECL,,<global>,NAMESPACE_BLOCK,<empty>,,<unknown>,MRWeekOverWeekComparison | __ecma.Null,<empty>,,true,,Null,,,-1
167503725354,TYPE_DECL,,<global>,NAMESPACE_BLOCK,<empty>,,<unknown>,"Map<string, ContributorCommitData>",<empty>,,true,,"Map<string, ContributorCommitData>",,,-1
167503725355,TYPE_DECL,,<global>,NAMESPACE_BLOCK,<empty>,,<unknown>,"Map<string, DoraTrendDataPoint>",<empty>,,true,,"Map<string, DoraTrendDataPoint>",,,-1
167503725356,TYPE_DECL,,<global>,NAMESPACE_BLOCK,<empty>,,<unknown>,"Map<string, __ecma.Number>",<empty>,,true,,Number>,,,-1
167503725357,TYPE_DECL,,<global>,NAMESPACE_BLOCK,<empty>,,<unknown>,MapConstructor,<empty>,,true,,MapConstructor,,,-1
167503725358,TYPE_DECL,,<global>,NAMESPACE_BLOCK,<empty>,,<unknown>,Math,<empty>,,true,,Math,,,-1
167503725359,TYPE_DECL,,<global>,NAMESPACE_BLOCK,<empty>,,<unknown>,MilestoneMetrics,<empty>,,true,,MilestoneMetrics,,,-1
167503725360,TYPE_DECL,,<global>,NAMESPACE_BLOCK,<empty>,,<unknown>,MilestoneMetrics | __ecma.Null,<empty>,,true,,Null,,,-1
167503725361,TYPE_DECL,,<global>,NAMESPACE_BLOCK,<empty>,,<unknown>,MilestoneMetricsCalculationService,<empty>,,true,,MilestoneMetricsCalculationService,,,-1
167503725362,TYPE_DECL,,<global>,NAMESPACE_BLOCK,<empty>,,<unknown>,MilestoneMetricsDbService,<empty>,,true,,MilestoneMetricsDbService,,,-1
167503725363,TYPE_DECL,,<global>,NAMESPACE_BLOCK,<empty>,,<unknown>,MilestoneMetricsSyncService,<empty>,,true,,MilestoneMetricsSyncService,,,-1
167503725364,TYPE_DECL,,<global>,NAMESPACE_BLOCK,<empty>,,<unknown>,MilestoneWithIssueCount,<empty>,,true,,MilestoneWithIssueCount,,,-1
167503725365,TYPE_DECL,,<global>,NAMESPACE_BLOCK,<empty>,,<unknown>,NextFunction,<empty>,,true,,NextFunction,,,-1
167503725366,TYPE_DECL,,<global>,NAMESPACE_BLOCK,<empty>,,<unknown>,"Omit<IssueHealthMetrics, 'uuid' | 'row_id' | 'project_id' | 'calculated_at'>",<empty>,,true,,"Omit<IssueHealthMetrics, 'uuid' | 'row_id' | 'project_id' | 'calculated_at'>",,,-1
167503725367,TYPE_DECL,,<global>,NAMESPACE_BLOCK,<empty>,,<unknown>,"Omit<MRHealthMetrics, 'uuid' | 'row_id' | 'project_id' | 'calculated_at'>",<empty>,,true,,"Omit<MRHealthMetrics, 'uuid' | 'row_id' | 'project_id' | 'calculated_at'>",,,-1
167503725368,TYPE_DECL,,<global>,NAMESPACE_BLOCK,<empty>,,<unknown>,PlatformPath,<empty>,,true,,PlatformPath,,,-1
167503725369,TYPE_DECL,,<global>,NAMESPACE_BLOCK,<empty>,,<unknown>,Pool,<empty>,,true,,Pool,,,-1
167503725370,TYPE_DECL,,<global>,NAMESPACE_BLOCK,<empty>,,<unknown>,Pool | __ecma.Null,<empty>,,true,,Null,,,-1
167503725371,TYPE_DECL,,<global>,NAMESPACE_BLOCK,<empty>,,<unknown>,PoolClient,<empty>,,true,,PoolClient,,,-1
167503725372,TYPE_DECL,,<global>,NAMESPACE_BLOCK,<empty>,,<unknown>,Process,<empty>,,true,,Process,,,-1
167503725373,TYPE_DECL,,<global>,NAMESPACE_BLOCK,<empty>,,<unknown>,ProjectController,<empty>,,true,,ProjectController,,,-1
167503725374,TYPE_DECL,,<global>,NAMESPACE_BLOCK,<empty>,,<unknown>,ProjectEnrichmentService,<empty>,,true,,ProjectEnrichmentService,,,-1
167503725375,TYPE_DECL,,<global>,NAMESPACE_BLOCK,<empty>,,<unknown>,ProjectFetchService,<empty>,,true,,ProjectFetchService,,,-1
167503725376,TYPE_DECL,,<global>,NAMESPACE_BLOCK,<empty>,,<unknown>,ProjectInsightsService,<empty>,,true,,ProjectInsightsService,,,-1
167503725377,TYPE_DECL,,<global>,NAMESPACE_BLOCK,<empty>,,<unknown>,ProjectNamespace,<empty>,,true,,ProjectNamespace,,,-1
167503725378,TYPE_DECL,,<global>,NAMESPACE_BLOCK,<empty>,,<unknown>,ProjectRefreshService,<empty>,,true,,ProjectRefreshService,,,-1
167503725379,TYPE_DECL,,<global>,NAMESPACE_BLOCK,<empty>,,<unknown>,ProjectStatistics,<empty>,,true,,ProjectStatistics,,,-1
167503725380,TYPE_DECL,,<global>,NAMESPACE_BLOCK,<empty>,,<unknown>,ProjectSyncService,<empty>,,true,,ProjectSyncService,,,-1
167503725381,TYPE_DECL,,<global>,NAMESPACE_BLOCK,<empty>,,<unknown>,ProjectTransformService,<empty>,,true,,ProjectTransformService,,,-1
167503725382,TYPE_DECL,,<global>,NAMESPACE_BLOCK,<empty>,,<unknown>,Promise<ChangeFailureRate>,<empty>,,true,,Promise<ChangeFailureRate>,,,-1
167503725383,TYPE_DECL,,<global>,NAMESPACE_BLOCK,<empty>,,<unknown>,Promise<ChangeFailureRate[]>,<empty>,,true,,Promise<ChangeFailureRate[]>,,,-1
167503725384,TYPE_DECL,,<global>,NAMESPACE_BLOCK,<empty>,,<unknown>,Promise<CommitHealthMetrics | __ecma.Null>,<empty>,,true,,Null>,,,-1
167503725385,TYPE_DECL,,<global>,NAMESPACE_BLOCK,<empty>,,<unknown>,Promise<CommitHealthMetrics>,<empty>,,true,,Promise<CommitHealthMetrics>,,,-1
167503725386,TYPE_DECL,,<global>,NAMESPACE_BLOCK,<empty>,,<unknown>,Promise<CommitHealthMetrics[]>,<empty>,,true,,Promise<CommitHealthMetrics[]>,,,-1
167503725387,TYPE_DECL,,<global>,NAMESPACE_BLOCK,<empty>,,<unknown>,Promise<CommitMetricsHistory>,<empty>,,true,,Promise<CommitMetricsHistory>,,,-1
167503725388,TYPE_DECL,,<global>,NAMESPACE_BLOCK,<empty>,,<unknown>,Promise<CommitMetricsHistory[]>,<empty>,,true,,Promise<CommitMetricsHistory[]>,,,-1
167503725389,TYPE_DECL,,<global>,NAMESPACE_BLOCK,<empty>,,<unknown>,Promise<DeploymentFrequency>,<empty>,,true,,Promise<DeploymentFrequency>,,,-1
167503725390,TYPE_DECL,,<global>,NAMESPACE_BLOCK,<empty>,,<unknown>,Promise<DeploymentFrequency[]>,<empty>,,true,,Promise<DeploymentFrequency[]>,,,-1
167503725391,TYPE_DECL,,<global>,NAMESPACE_BLOCK,<empty>,,<unknown>,Promise<DoraMetricsSummary>,<empty>,,true,,Promise<DoraMetricsSummary>,,,-1
167503725392,TYPE_DECL,,<global>,NAMESPACE_BLOCK,<empty>,,<unknown>,Promise<DoraTrendResponse>,<empty>,,true,,Promise<DoraTrendResponse>,,,-1
167503725393,TYPE_DECL,,<global>,NAMESPACE_BLOCK,<empty>,,<unknown>,Promise<EnrichedProject>,<empty>,,true,,Promise<EnrichedProject>,,,-1
167503725394,TYPE_DECL,,<global>,NAMESPACE_BLOCK,<empty>,,<unknown>,Promise<EnrichedProject[]>,<empty>,,true,,Promise<EnrichedProject[]>,,,-1
167503725395,TYPE_DECL,,<global>,NAMESPACE_BLOCK,<empty>,,<unknown>,Promise<GitLabCommit[]>,<empty>,,true,,Promise<GitLabCommit[]>,,,-1
167503725396,TYPE_DECL,,<global>,NAMESPACE_BLOCK,<empty>,,<unknown>,Promise<GitLabGroup>,<empty>,,true,,Promise<GitLabGroup>,,,-1
167503725397,TYPE_DECL,,<global>,NAMESPACE_BLOCK,<empty>,,<unknown>,Promise<GitLabGroup[]>,<empty>,,true,,Promise<GitLabGroup[]>,,,-1
167503725398,TYPE_DECL,,<global>,NAMESPACE_BLOCK,<empty>,,<unknown>,Promise<GitLabIssueMRReference[]>,<empty>,,true,,Promise<GitLabIssueMRReference[]>,,,-1
167503725399,TYPE_DECL,,<global>,NAMESPACE_BLOCK,<empty>,,<unknown>,Promise<GitLabIssueStateEvent[]>,<empty>,,true,,Promise<GitLabIssueStateEvent[]>,,,-1
167503725400,TYPE_DECL,,<global>,NAMESPACE_BLOCK,<empty>,,<unknown>,Promise<GitLabIssues[]>,<empty>,,true,,Promise<GitLabIssues[]>,,,-1
167503725401,TYPE_DECL,,<global>,NAMESPACE_BLOCK,<empty>,,<unknown>,Promise<GitLabMergeRequest[]>,<empty>,,true,,Promise<GitLabMergeRequest[]>,,,-1
167503725402,TYPE_DECL,,<global>,NAMESPACE_BLOCK,<empty>,,<unknown>,Promise<GitLabMilestone[]>,<empty>,,true,,Promise<GitLabMilestone[]>,,,-1
167503725403,TYPE_DECL,,<global>,NAMESPACE_BLOCK,<empty>,,<unknown>,Promise<GitLabProject>,<empty>,,true,,Promise<GitLabProject>,,,-1
167503725404,TYPE_DECL,,<global>,NAMESPACE_BLOCK,<empty>,,<unknown>,Promise<GitLabProject[]>,<empty>,,true,,Promise<GitLabProject[]>,,,-1
167503725405,TYPE_DECL,,<global>,NAMESPACE_BLOCK,<empty>,,<unknown>,Promise<IssueHealthMetrics | __ecma.Null>,<empty>,,true,,Null>,,,-1
167503725406,TYPE_DECL,,<global>,NAMESPACE_BLOCK,<empty>,,<unknown>,Promise<IssueHealthMetrics>,<empty>,,true,,Promise<IssueHealthMetrics>,,,-1
167503725407,TYPE_DECL,,<global>,NAMESPACE_BLOCK,<empty>,,<unknown>,Promise<IssueHealthMetrics[]>,<empty>,,true,,Promise<IssueHealthMetrics[]>,,,-1
167503725408,TYPE_DECL,,<global>,NAMESPACE_BLOCK,<empty>,,<unknown>,Promise<IssueMetricsHistory>,<empty>,,true,,Promise<IssueMetricsHistory>,,,-1
167503725409,TYPE_DECL,,<global>,NAMESPACE_BLOCK,<empty>,,<unknown>,Promise<IssueMetricsHistory[]>,<empty>,,true,,Promise<IssueMetricsHistory[]>,,,-1
167503725410,TYPE_DECL,,<global>,NAMESPACE_BLOCK,<empty>,,<unknown>,Promise<LeadTimeChange>,<empty>,,true,,Promise<LeadTimeChange>,,,-1
167503725411,TYPE_DECL,,<global>,NAMESPACE_BLOCK,<empty>,,<unknown>,Promise<LeadTimeChange[]>,<empty>,,true,,Promise<LeadTimeChange[]>,,,-1
167503725412,TYPE_DECL,,<global>,NAMESPACE_BLOCK,<empty>,,<unknown>,Promise<MRHealthMetrics | __ecma.Null>,<empty>,,true,,Null>,,,-1
167503725413,TYPE_DECL,,<global>,NAMESPACE_BLOCK,<empty>,,<unknown>,Promise<MRHealthMetrics>,<empty>,,true,,Promise<MRHealthMetrics>,,,-1
167503725414,TYPE_DECL,,<global>,NAMESPACE_BLOCK,<empty>,,<unknown>,Promise<MRHealthMetrics[]>,<empty>,,true,,Promise<MRHealthMetrics[]>,,,-1
167503725415,TYPE_DECL,,<global>,NAMESPACE_BLOCK,<empty>,,<unknown>,Promise<MRMetricsHistory>,<empty>,,true,,Promise<MRMetricsHistory>,,,-1
167503725416,TYPE_DECL,,<global>,NAMESPACE_BLOCK,<empty>,,<unknown>,Promise<MRMetricsHistory[]>,<empty>,,true,,Promise<MRMetricsHistory[]>,,,-1
167503725417,TYPE_DECL,,<global>,NAMESPACE_BLOCK,<empty>,,<unknown>,Promise<MRWeekOverWeekComparison | __ecma.Null>,<empty>,,true,,Null>,,,-1
167503725418,TYPE_DECL,,<global>,NAMESPACE_BLOCK,<empty>,,<unknown>,Promise<MilestoneMetrics | __ecma.Null>,<empty>,,true,,Null>,,,-1
167503725419,TYPE_DECL,,<global>,NAMESPACE_BLOCK,<empty>,,<unknown>,Promise<MilestoneMetrics>,<empty>,,true,,Promise<MilestoneMetrics>,,,-1
167503725420,TYPE_DECL,,<global>,NAMESPACE_BLOCK,<empty>,,<unknown>,"Promise<Response<any, Record<string, ANY>> | ANY>",<empty>,,true,,"Promise<Response<any, Record<string, ANY>> | ANY>",,,-1
167503725421,TYPE_DECL,,<global>,NAMESPACE_BLOCK,<empty>,,<unknown>,Promise<SnapshotData>,<empty>,,true,,Promise<SnapshotData>,,,-1
167503725422,TYPE_DECL,,<global>,NAMESPACE_BLOCK,<empty>,,<unknown>,Promise<SonarIssueCounts>,<empty>,,true,,Promise<SonarIssueCounts>,,,-1
167503725423,TYPE_DECL,,<global>,NAMESPACE_BLOCK,<empty>,,<unknown>,Promise<SonarQubeComponentMeasures>,<empty>,,true,,Promise<SonarQubeComponentMeasures>,,,-1
167503725424,TYPE_DECL,,<global>,NAMESPACE_BLOCK,<empty>,,<unknown>,Promise<SonarQubeMaintainabilityHistory[]>,<empty>,,true,,Promise<SonarQubeMaintainabilityHistory[]>,,,-1
167503725425,TYPE_DECL,,<global>,NAMESPACE_BLOCK,<empty>,,<unknown>,Promise<SonarQubeMaintainabilityMetrics | __ecma.Null>,<empty>,,true,,Null>,,,-1
167503725426,TYPE_DECL,,<global>,NAMESPACE_BLOCK,<empty>,,<unknown>,Promise<SonarQubeMaintainabilityMetrics[]>,<empty>,,true,,Promise<SonarQubeMaintainabilityMetrics[]>,,,-1
167503725427,TYPE_DECL,,<global>,NAMESPACE_BLOCK,<empty>,,<unknown>,Promise<SonarQubeReliabilityHistory[]>,<empty>,,true,,Promise<SonarQubeReliabilityHistory[]>,,,-1
167503725428,TYPE_DECL,,<global>,NAMESPACE_BLOCK,<empty>,,<unknown>,Promise<SonarQubeReliabilityMetrics | __ecma.Null>,<empty>,,true,,Null>,,,-1
167503725429,TYPE_DECL,,<global>,NAMESPACE_BLOCK,<empty>,,<unknown>,Promise<SonarQubeSecurityHistory[]>,<empty>,,true,,Promise<SonarQubeSecurityHistory[]>,,,-1
167503725430,TYPE_DECL,,<global>,NAMESPACE_BLOCK,<empty>,,<unknown>,Promise<SonarQubeSecurityMetrics | __ecma.Null>,<empty>,,true,,Null>,,,-1
167503725431,TYPE_DECL,,<global>,NAMESPACE_BLOCK,<empty>,,<unknown>,Promise<TimeToRestoreService>,<empty>,,true,,Promise<TimeToRestoreService>,,,-1
167503725432,TYPE_DECL,,<global>,NAMESPACE_BLOCK,<empty>,,<unknown>,Promise<TimeToRestoreService[]>,<empty>,,true,,Promise<TimeToRestoreService[]>,,,-1
167503725433,TYPE_DECL,,<global>,NAMESPACE_BLOCK,<empty>,,<unknown>,Promise<WeekOverWeekComparison | __ecma.Null>,<empty>,,true,,Null>,,,-1
167503725434,TYPE_DECL,,<global>,NAMESPACE_BLOCK,<empty>,,<unknown>,Promise<WeeklyDoraSnapshot>,<empty>,,true,,Promise<WeeklyDoraSnapshot>,,,-1
167503725435,TYPE_DECL,,<global>,NAMESPACE_BLOCK,<empty>,,<unknown>,Promise<WeeklyDoraSnapshot[]>,<empty>,,true,,Promise<WeeklyDoraSnapshot[]>,,,-1
167503725436,TYPE_DECL,,<global>,NAMESPACE_BLOCK,<empty>,,<unknown>,Promise<any | __ecma.Null>,<empty>,,true,,Null>,,,-1
167503725437,TYPE_DECL,,<global>,NAMESPACE_BLOCK,<empty>,,<unknown>,Promise<any>,<empty>,,true,,Promise<any>,,,-1
167503725438,TYPE_DECL,,<global>,NAMESPACE_BLOCK,<empty>,,<unknown>,Promise<any[]>,<empty>,,true,,Promise<any[]>,,,-1
167503725439,TYPE_DECL,,<global>,NAMESPACE_BLOCK,<empty>,,<unknown>,Promise<boolean>,<empty>,,true,,Promise<boolean>,,,-1
167503725440,TYPE_DECL,,<global>,NAMESPACE_BLOCK,<empty>,,<unknown>,Promise<number>,<empty>,,true,,Promise<number>,,,-1
167503725441,TYPE_DECL,,<global>,NAMESPACE_BLOCK,<empty>,,<unknown>,Promise<number[]>,<empty>,,true,,Promise<number[]>,,,-1
167503725442,TYPE_DECL,,<global>,NAMESPACE_BLOCK,<empty>,,<unknown>,Promise<string | __ecma.Null>,<empty>,,true,,Null>,,,-1
167503725443,TYPE_DECL,,<global>,NAMESPACE_BLOCK,<empty>,,<unknown>,Promise<string>,<empty>,,true,,Promise<string>,,,-1
167503725444,TYPE_DECL,,<global>,NAMESPACE_BLOCK,<empty>,,<unknown>,Promise<void>,<empty>,,true,,Promise<void>,,,-1
167503725445,TYPE_DECL,,<global>,NAMESPACE_BLOCK,<empty>,,<unknown>,PromiseConstructor,<empty>,,true,,PromiseConstructor,,,-1
167503725446,TYPE_DECL,,<global>,NAMESPACE_BLOCK,<empty>,,<unknown>,QueryResult<any>,<empty>,,true,,QueryResult<any>,,,-1
167503725447,TYPE_DECL,,<global>,NAMESPACE_BLOCK,<empty>,,<unknown>,RegExp,<empty>,,true,,RegExp,,,-1
167503725448,TYPE_DECL,,<global>,NAMESPACE_BLOCK,<empty>,,<unknown>,RegExpConstructor,<empty>,,true,,RegExpConstructor,,,-1
167503725449,TYPE_DECL,,<global>,NAMESPACE_BLOCK,<empty>,,<unknown>,RegExpMatchArray,<empty>,,true,,RegExpMatchArray,,,-1
167503725450,TYPE_DECL,,<global>,NAMESPACE_BLOCK,<empty>,,<unknown>,RegExpMatchArray | __ecma.Null,<empty>,,true,,Null,,,-1
167503725451,TYPE_DECL,,<global>,NAMESPACE_BLOCK,<empty>,,<unknown>,Request,<empty>,,true,,Request,,,-1
167503725452,TYPE_DECL,,<global>,NAMESPACE_BLOCK,<empty>,,<unknown>,"Request<ParamsDictionary, ANY, ANY, ParsedQs, Record<string, ANY>>",<empty>,,true,,"Request<ParamsDictionary, ANY, ANY, ParsedQs, Record<string, ANY>>",,,-1
167503725453,TYPE_DECL,,<global>,NAMESPACE_BLOCK,<empty>,,<unknown>,"Request<__ecma.Object, ANY, ANY, ParsedQs, Record<string, ANY>>",<empty>,,true,,"Object, ANY, ANY, ParsedQs, Record<string, ANY>>",,,-1
167503725454,TYPE_DECL,,<global>,NAMESPACE_BLOCK,<empty>,,<unknown>,Response,<empty>,,true,,Response,,,-1
167503725455,TYPE_DECL,,<global>,NAMESPACE_BLOCK,<empty>,,<unknown>,"Response<any, Record<string, ANY>, __ecma.Number>",<empty>,,true,,Number>,,,-1
167503725456,TYPE_DECL,,<global>,NAMESPACE_BLOCK,<empty>,,<unknown>,"Response<any, Record<string, ANY>>",<empty>,,true,,"Response<any, Record<string, ANY>>",,,-1
167503725457,TYPE_DECL,,<global>,NAMESPACE_BLOCK,<empty>,,<unknown>,Router,<empty>,,true,,Router,,,-1
167503725458,TYPE_DECL,,<global>,NAMESPACE_BLOCK,<empty>,,<unknown>,Set<string>,<empty>,,true,,Set<string>,,,-1
167503725459,TYPE_DECL,,<global>,NAMESPACE_BLOCK,<empty>,,<unknown>,SetConstructor,<empty>,,true,,SetConstructor,,,-1
167503725460,TYPE_DECL,,<global>,NAMESPACE_BLOCK,<empty>,,<unknown>,SnapshotData,<empty>,,true,,SnapshotData,,,-1
167503725461,TYPE_DECL,,<global>,NAMESPACE_BLOCK,<empty>,,<unknown>,SonarMaintainabilityApiService,<empty>,,true,,SonarMaintainabilityApiService,,,-1
167503725462,TYPE_DECL,,<global>,NAMESPACE_BLOCK,<empty>,,<unknown>,SonarMaintainabilityCalculationService,<empty>,,true,,SonarMaintainabilityCalculationService,,,-1
167503725463,TYPE_DECL,,<global>,NAMESPACE_BLOCK,<empty>,,<unknown>,SonarMaintainabilityDbService,<empty>,,true,,SonarMaintainabilityDbService,,,-1
167503725464,TYPE_DECL,,<global>,NAMESPACE_BLOCK,<empty>,,<unknown>,SonarMaintainabilitySyncService,<empty>,,true,,SonarMaintainabilitySyncService,,,-1
167503725465,TYPE_DECL,,<global>,NAMESPACE_BLOCK,<empty>,,<unknown>,SonarQubeComponentMeasures,<empty>,,true,,SonarQubeComponentMeasures,,,-1
167503725466,TYPE_DECL,,<global>,NAMESPACE_BLOCK,<empty>,,<unknown>,SonarQubeMaintainabilityCalculationResult,<empty>,,true,,SonarQubeMaintainabilityCalculationResult,,,-1
167503725467,TYPE_DECL,,<global>,NAMESPACE_BLOCK,<empty>,,<unknown>,SonarQubeMaintainabilityMetrics,<empty>,,true,,SonarQubeMaintainabilityMetrics,,,-1
167503725468,TYPE_DECL,,<global>,NAMESPACE_BLOCK,<empty>,,<unknown>,SonarQubeMaintainabilityMetrics | __ecma.Null,<empty>,,true,,Null,,,-1
167503725469,TYPE_DECL,,<global>,NAMESPACE_BLOCK,<empty>,,<unknown>,SonarQubeReliabilityCalculationResult,<empty>,,true,,SonarQubeReliabilityCalculationResult,,,-1
167503725470,TYPE_DECL,,<global>,NAMESPACE_BLOCK,<empty>,,<unknown>,SonarQubeReliabilityMetrics,<empty>,,true,,SonarQubeReliabilityMetrics,,,-1
167503725471,TYPE_DECL,,<global>,NAMESPACE_BLOCK,<empty>,,<unknown>,SonarQubeReliabilityMetrics | __ecma.Null,<empty>,,true,,Null,,,-1
167503725472,TYPE_DECL,,<global>,NAMESPACE_BLOCK,<empty>,,<unknown>,SonarQubeSecurityCalculationResult,<empty>,,true,,SonarQubeSecurityCalculationResult,,,-1
167503725473,TYPE_DECL,,<global>,NAMESPACE_BLOCK,<empty>,,<unknown>,SonarQubeSecurityMetrics,<empty>,,true,,SonarQubeSecurityMetrics,,,-1
167503725474,TYPE_DECL,,<global>,NAMESPACE_BLOCK,<empty>,,<unknown>,SonarQubeSecurityMetrics | __ecma.Null,<empty>,,true,,Null,,,-1
167503725475,TYPE_DECL,,<global>,NAMESPACE_BLOCK,<empty>,,<unknown>,SonarQubeService,<empty>,,true,,SonarQubeService,,,-1
167503725476,TYPE_DECL,,<global>,NAMESPACE_BLOCK,<empty>,,<unknown>,SonarReliabilityApiService,<empty>,,true,,SonarReliabilityApiService,,,-1
167503725477,TYPE_DECL,,<global>,NAMESPACE_BLOCK,<empty>,,<unknown>,SonarReliabilityCalculationService,<empty>,,true,,SonarReliabilityCalculationService,,,-1
167503725478,TYPE_DECL,,<global>,NAMESPACE_BLOCK,<empty>,,<unknown>,SonarReliabilityDbService,<empty>,,true,,SonarReliabilityDbService,,,-1
167503725479,TYPE_DECL,,<global>,NAMESPACE_BLOCK,<empty>,,<unknown>,SonarReliabilitySyncService,<empty>,,true,,SonarReliabilitySyncService,,,-1
167503725480,TYPE_DECL,,<global>,NAMESPACE_BLOCK,<empty>,,<unknown>,SonarSecurityApiService,<empty>,,true,,SonarSecurityApiService,,,-1
167503725481,TYPE_DECL,,<global>,NAMESPACE_BLOCK,<empty>,,<unknown>,SonarSecurityCalculationService,<empty>,,true,,SonarSecurityCalculationService,,,-1
167503725482,TYPE_DECL,,<global>,NAMESPACE_BLOCK,<empty>,,<unknown>,SonarSecurityDbService,<empty>,,true,,SonarSecurityDbService,,,-1
167503725483,TYPE_DECL,,<global>,NAMESPACE_BLOCK,<empty>,,<unknown>,SonarSecuritySyncService,<empty>,,true,,SonarSecuritySyncService,,,-1
167503725484,TYPE_DECL,,<global>,NAMESPACE_BLOCK,<empty>,,<unknown>,TimeToRestoreService,<empty>,,true,,TimeToRestoreService,,,-1
167503725485,TYPE_DECL,,<global>,NAMESPACE_BLOCK,<empty>,,<unknown>,TimeToRestoreServiceInput,<empty>,,true,,TimeToRestoreServiceInput,,,-1
167503725486,TYPE_DECL,,<global>,NAMESPACE_BLOCK,<empty>,,<unknown>,Timeout,<empty>,,true,,Timeout,,,-1
167503725487,TYPE_DECL,,<global>,NAMESPACE_BLOCK,<empty>,,<unknown>,WeekOverWeekComparison,<empty>,,true,,WeekOverWeekComparison,,,-1
167503725488,TYPE_DECL,,<global>,NAMESPACE_BLOCK,<empty>,,<unknown>,WeekOverWeekComparison | __ecma.Null,<empty>,,true,,Null,,,-1
167503725489,TYPE_DECL,,<global>,NAMESPACE_BLOCK,<empty>,,<unknown>,WeeklyDoraSnapshot,<empty>,,true,,WeeklyDoraSnapshot,,,-1
167503725490,TYPE_DECL,,<global>,NAMESPACE_BLOCK,<empty>,,<unknown>,WorkBook,<empty>,,true,,WorkBook,,,-1
167503725491,TYPE_DECL,,<global>,NAMESPACE_BLOCK,<empty>,,<unknown>,WorkSheet,<empty>,,true,,WorkSheet,,,-1
167503725492,TYPE_DECL,,<global>,NAMESPACE_BLOCK,<empty>,,<unknown>,__ecma.Array,<empty>,,true,,Array,,,-1
167503725493,TYPE_DECL,,<global>,NAMESPACE_BLOCK,<empty>,,<unknown>,__ecma.Boolean,<empty>,,true,,Boolean,,,-1
167503725494,TYPE_DECL,,<global>,NAMESPACE_BLOCK,<empty>,,<unknown>,__ecma.Number,<empty>,,true,,Number,,,-1
167503725495,TYPE_DECL,,<global>,NAMESPACE_BLOCK,<empty>,,<unknown>,__ecma.String,<empty>,,true,,String,,,-1
167503725496,TYPE_DECL,,<global>,NAMESPACE_BLOCK,<empty>,,<unknown>,e,<empty>,,true,,e,,,-1
167503725497,TYPE_DECL,,<global>,NAMESPACE_BLOCK,<empty>,,<unknown>,number | ANY,<empty>,,true,,number | ANY,,,-1
167503725498,TYPE_DECL,,<global>,NAMESPACE_BLOCK,<empty>,,<unknown>,setTimeout,<empty>,,true,,setTimeout,,,-1
167503725499,TYPE_DECL,,<global>,NAMESPACE_BLOCK,<empty>,,<unknown>,string | 5000,<empty>,,true,,string | 5000,,,-1
167503725500,TYPE_DECL,,<global>,NAMESPACE_BLOCK,<empty>,,<unknown>,string | ANY,<empty>,,true,,string | ANY,,,-1
167503725501,TYPE_DECL,,<global>,NAMESPACE_BLOCK,<empty>,,<unknown>,string | __ecma.Null,<empty>,,true,,Null,,,-1
167503725502,TYPE_DECL,,<global>,NAMESPACE_BLOCK,<empty>,,<unknown>,string | __ecma.Number,<empty>,,true,,Number,,,-1
167503725503,TYPE_DECL,,<global>,NAMESPACE_BLOCK,<empty>,,<unknown>,undefined,<empty>,,true,,undefined,,,-1
167503725504,TYPE_DECL,,<global>,NAMESPACE_BLOCK,<empty>,,<unknown>,void,<empty>,,true,,void,,,-1
